Nº,Código,Rota,Polo,Tipo,Alimentador,Data,Hora,Espécie,Poste,Área,Altura (m),DAP (cm),Acesso,Dist. BT (cm),Dist. MT (cm),Dist. AT (cm),Latitude,Longitude,Fotos,Foto 1 (link),Foto 2 (link),Foto 3 (link),Foto 4 (link),ID completo
1,V0001,Porto Nacional,CENTRO,AL,AL06072001,01/07/2026,08:21,Mangueira,428311,URBANO,12,120,Sim,200,50,0,-10.7255155,-48.3938539,1,https://raw.githubusercontent.com/LGRSV/vera-vegetacao/main/fotos/Enecol-Centro/VER0001F1.jpg,,,,V0001
2,V0002,Porto Nacional,CENTRO,AL,AL06072001,01/07/2026,08:27,Pequi,432467,URBANO,7,120,Sim,50,200,0,-10.7274788,-48.3866436,1,https://raw.githubusercontent.com/LGRSV/vera-vegetacao/main/fotos/Enecol-Centro/VER0002F1.jpg,,,,V0002
3,V0003,Porto Nacional,CENTRO,AL,AL06072001,01/07/2026,08:33,Mangueira,1603202,URBANO,9,100,Sim,300,100,0,-10.725426,-48.3858752,1,https://raw.githubusercontent.com/LGRSV/vera-vegetacao/main/fotos/Enecol-Centro/VER0003F1.jpg,,,,V0003
4,V0004,Porto Nacional,CENTRO,AL,AL06072001,01/07/2026,08:44,Mangueira,473665,URBANO,6.5,80,Sim,0,50,0,-10.7234754,-48.3875068,1,https://raw.githubusercontent.com/LGRSV/vera-vegetacao/main/fotos/Enecol-Centro/VER0004F1.jpg,,,,V0004
5,V0005,Porto Nacional,CENTRO,AL,AL06072001,01/07/2026,08:46,Mangueira,1603092,URBANO,10.5,130,Sim,0,0,0,-10.7232953,-48.388379,1,https://raw.githubusercontent.com/LGRSV/vera-vegetacao/main/fotos/Enecol-Centro/VER0005F1.jpg,,,,V0005
6,V0006,Porto Nacional,CENTRO,AL,AL06072001,01/07/2026,08:48,Outros,474716,URBANO,7,50,Sim,0,0,0,-10.7229354,-48.3888592,1,https://raw.githubusercontent.com/LGRSV/vera-vegetacao/main/fotos/Enecol-Centro/VER0006F1.jpg,,,,V0006
7,V0007,Porto Nacional,CENTRO,AL,AL06072001,01/07/2026,08:56,Cajueiro,476166,URBANO,5,60,Sim,0,200,0,-10.7209085,-48.3826411,1,https://raw.githubusercontent.com/LGRSV/vera-vegetacao/main/fotos/Enecol-Centro/VER0007F1.jpg,,,,V0007
8,V0008,Porto Nacional,CENTRO,AL,AL04072001,01/07/2026,09:05,Cajueiro,474814,URBANO,8,70,Sim,0,50,0,-10.7149579,-48.3900313,1,https://raw.githubusercontent.com/LGRSV/vera-vegetacao/main/fotos/Enecol-Centro/VER0008F1.jpg,,,,V0008
9,V0009,Porto Nacional,CENTRO,AL,AL04072001,01/07/2026,09:27,Pequi,475097,URBANO,6,50,Sim,0,150,0,-10.7163046,-48.3915026,1,https://raw.githubusercontent.com/LGRSV/vera-vegetacao/main/fotos/Enecol-Centro/VER0009F1.jpg,,,,V0009
10,V0010,Porto Nacional,CENTRO,AL,AL04072001,01/07/2026,09:56,Babaçu,1579694,URBANO,7,60,Sim,300,100,0,-10.7240082,-48.3937906,1,https://raw.githubusercontent.com/LGRSV/vera-vegetacao/main/fotos/Enecol-Centro/VER0010F1.jpg,,,,V0010
11,V0011,Porto Nacional,CENTRO,AL,AL04072001,01/07/2026,10:02,Cajueiro,430431,URBANO,11,115,Sim,50,50,0,-10.7243182,-48.3976492,1,https://raw.githubusercontent.com/LGRSV/vera-vegetacao/main/fotos/Enecol-Centro/VER0011F1.jpg,,,,V0011
12,V0012,Porto Nacional,CENTRO,AL,AL04072001,01/07/2026,10:04,Cajueiro,47998469,URBANO,11.5,90,Sim,100,0,0,-10.7240386,-48.3961164,1,https://raw.githubusercontent.com/LGRSV/vera-vegetacao/main/fotos/Enecol-Centro/VER0012F1.jpg,,,,V0012
13,V0013,Porto Nacional,CENTRO,AL,AL04072001,01/07/2026,10:07,Mangueira,432487,URBANO,10,100,Sim,300,50,0,-10.7234298,-48.3940253,1,https://raw.githubusercontent.com/LGRSV/vera-vegetacao/main/fotos/Enecol-Centro/VER0013F1.jpg,,,,V0013
14,V0014,Porto Nacional,CENTRO,AL,AL04072001,01/07/2026,10:08,Cajueiro,430170,URBANO,10,80,Sim,300,50,0,-10.7234194,-48.3940435,1,https://raw.githubusercontent.com/LGRSV/vera-vegetacao/main/fotos/Enecol-Centro/VER0014F1.jpg,,,,V0014
15,V0015,Porto Nacional,CENTRO,AL,AL06072001,01/07/2026,10:13,Outros,430023,URBANO,,20,Sim,50,250,0,-10.72829,-48.3982183,1,https://raw.githubusercontent.com/LGRSV/vera-vegetacao/main/fotos/Enecol-Centro/VER0015F1.jpg,,,,V0015
16,V0016,Porto Nacional,CENTRO,AL,AL06072001,01/07/2026,10:17,Mangueira,430025,URBANO,7,60,Sim,0,50,0,-10.7286854,-48.3982702,1,https://raw.githubusercontent.com/LGRSV/vera-vegetacao/main/fotos/Enecol-Centro/VER0016F1.jpg,,,,V0016
17,V0017,Porto Nacional,CENTRO,AL,AL06072001,01/07/2026,10:26,Outros,141662,URBANO,7,110,Sim,100,100,0,-10.7304246,-48.4008038,1,https://raw.githubusercontent.com/LGRSV/vera-vegetacao/main/fotos/Enecol-Centro/VER0017F1.jpg,,,,V0017
18,V0018,Porto Nacional,CENTRO,AL,AL04072001,01/07/2026,10:46,Outros,1870991,URBANO,6,50,Sim,0,200,0,-10.723987,-48.3997098,1,https://raw.githubusercontent.com/LGRSV/vera-vegetacao/main/fotos/Enecol-Centro/VER0018F1.jpg,,,,V0018
19,V0019,Porto Nacional,CENTRO,AL,AL01072001,01/07/2026,10:55,Mangueira,474671,URBANO,4.5,100,Sim,300,150,0,-10.7232623,-48.4110262,1,https://raw.githubusercontent.com/LGRSV/vera-vegetacao/main/fotos/Enecol-Centro/VER0019F1.jpg,,,,V0019
20,V0020,Porto Nacional,CENTRO,AL,AL01072001,01/07/2026,11:01,Mangueira,1603912,URBANO,10,120,Sim,300,50,0,-10.7234411,-48.411756,1,https://raw.githubusercontent.com/LGRSV/vera-vegetacao/main/fotos/Enecol-Centro/VER0020F1.jpg,,,,V0020
21,V0021,Porto Nacional,CENTRO,AL,AL06072001,01/07/2026,11:07,Babaçu,431276,URBANO,5,50,Sim,0,100,0,-10.7253598,-48.4114064,1,https://raw.githubusercontent.com/LGRSV/vera-vegetacao/main/fotos/Enecol-Centro/VER0021F1.jpg,,,,V0021
22,V0022,Porto Nacional,CENTRO,AL,AL06072001,01/07/2026,11:12,Outros,430530,URBANO,5,45,Sim,0,250,0,-10.7295438,-48.4097472,1,https://raw.githubusercontent.com/LGRSV/vera-vegetacao/main/fotos/Enecol-Centro/VER0022F1.jpg,,,,V0022
23,V0023,Porto Nacional,CENTRO,AL,AL01072001,01/07/2026,14:27,Mangueira,47745192,URBANO,10,80,Sim,200,100,0,-10.7222488,-48.4126897,1,https://raw.githubusercontent.com/LGRSV/vera-vegetacao/main/fotos/Enecol-Centro/VER0023F1.jpg,,,,V0023
24,V0024,Porto Nacional,CENTRO,AL,AL01072001,01/07/2026,14:31,Outros,472920,URBANO,6.5,40,Sim,0,0,0,-10.7191434,-48.4131418,1,https://raw.githubusercontent.com/LGRSV/vera-vegetacao/main/fotos/Enecol-Centro/VER0024F1.jpg,,,,V0024
25,V0025,Porto Nacional,CENTRO,AL,AL01072001,01/07/2026,14:38,Outros,475725,URBANO,12,50,Sim,50,50,0,-10.7146289,-48.4134537,1,https://raw.githubusercontent.com/LGRSV/vera-vegetacao/main/fotos/Enecol-Centro/VER0025F1.jpg,,,,V0025
26,V0026,Porto Nacional,CENTRO,AL,AL02072001,01/07/2026,14:51,Outros,450542,URBANO,10,70,Sim,100,100,0,-10.7151195,-48.4086393,1,https://raw.githubusercontent.com/LGRSV/vera-vegetacao/main/fotos/Enecol-Centro/VER0026F1.jpg,,,,V0026
27,V0027,Porto Nacional,CENTRO,AL,AL02072001,01/07/2026,14:55,Mogno,39363136,URBANO,10,70,Sim,300,50,0,-10.7167558,-48.4063536,1,https://raw.githubusercontent.com/LGRSV/vera-vegetacao/main/fotos/Enecol-Centro/VER0027F1.jpg,,,,V0027
28,V0028,Porto Nacional,CENTRO,AL,AL01072001,01/07/2026,15:20,Outros,91904,URBANO,12,120,Sim,50,50,0,-10.7085072,-48.412593,1,https://raw.githubusercontent.com/LGRSV/vera-vegetacao/main/fotos/Enecol-Centro/VER0028F1.jpg,,,,V0028
29,V0029,Porto Nacional,CENTRO,AL,AL01072001,01/07/2026,15:37,Outros,138142,URBANO,9,70,Sim,0,0,0,-10.7050235,-48.4139426,1,https://raw.githubusercontent.com/LGRSV/vera-vegetacao/main/fotos/Enecol-Centro/VER0029F1.jpg,,,,V0029
30,V0030,Porto Nacional,CENTRO,AL,AL02072001,01/07/2026,15:53,Outros,432474,URBANO,7,50,Sim,50,100,0,-10.7022501,-48.4065504,1,https://raw.githubusercontent.com/LGRSV/vera-vegetacao/main/fotos/Enecol-Centro/VER0030F1.jpg,,,,V0030
31,V0031,Porto Nacional,CENTRO,AL,AL02072001,01/07/2026,15:55,Mangueira,432473,URBANO,7,70,Sim,0,200,0,-10.7019718,-48.4061685,1,https://raw.githubusercontent.com/LGRSV/vera-vegetacao/main/fotos/Enecol-Centro/VER0031F1.jpg,,,,V0031
32,V0032,Porto Nacional,CENTRO,AL,AL01072001,01/07/2026,16:12,Outros,91677,URBANO,7,50,Sim,200,50,0,-10.7073059,-48.4080281,1,https://raw.githubusercontent.com/LGRSV/vera-vegetacao/main/fotos/Enecol-Centro/VER0032F1.jpg,,,,V0032
33,V0033,Porto Nacional,CENTRO,AL,AL02072001,01/07/2026,16:25,Outros,39105514,URBANO,6,70,Sim,50,50,0,-10.7093853,-48.410995,1,https://raw.githubusercontent.com/LGRSV/vera-vegetacao/main/fotos/Enecol-Centro/VER0033F1.jpg,,,,V0033
34,V0034,Porto Nacional,CENTRO,AL,AL02072001,01/07/2026,16:27,Pequi,91906,URBANO,8,90,Sim,50,100,0,-10.7096031,-48.4108105,1,https://raw.githubusercontent.com/LGRSV/vera-vegetacao/main/fotos/Enecol-Centro/VER0034F1.jpg,,,,V0034
35,V0035,Porto Nacional,CENTRO,AL,AL02072001,01/07/2026,16:33,Cajueiro,207199,URBANO,7,130,Sim,0,150,0,-10.7114397,-48.4078869,1,https://raw.githubusercontent.com/LGRSV/vera-vegetacao/main/fotos/Enecol-Centro/VER0035F1.jpg,,,,V0035
36,V0036,Porto Nacional,CENTRO,AL,AL02072001,01/07/2026,16:36,Mangueira,448993,URBANO,13,130,Sim,100,50,0,-10.7112715,-48.4081794,1,https://raw.githubusercontent.com/LGRSV/vera-vegetacao/main/fotos/Enecol-Centro/VER0036F1.jpg,,,,V0036
37,V0037,Porto Nacional,CENTRO,AL,AL02072001,01/07/2026,16:47,Outros,445956,URBANO,6,40,Sim,300,100,0,-10.7146335,-48.4095684,1,https://raw.githubusercontent.com/LGRSV/vera-vegetacao/main/fotos/Enecol-Centro/VER0037F1.jpg,,,,V0037
38,V0038,Porto Nacional,CENTRO,AL,AL02072001,01/07/2026,16:49,Mogno,451988,URBANO,6,100,Sim,300,50,0,-10.714823,-48.4098558,1,https://raw.githubusercontent.com/LGRSV/vera-vegetacao/main/fotos/Enecol-Centro/VER0038F1.jpg,,,,V0038
39,V0039,Porto Nacional,CENTRO,AL,AL02072001,01/07/2026,16:54,Outros,450762,URBANO,9,70,Sim,150,0,0,-10.7109774,-48.4070785,1,https://raw.githubusercontent.com/LGRSV/vera-vegetacao/main/fotos/Enecol-Centro/VER0039F1.jpg,,,,V0039
40,V0040,Porto Nacional,CENTRO,AL,AL02072001,01/07/2026,16:56,Outros,450763,URBANO,11,50,Sim,50,0,0,-10.710717,-48.4068434,1,https://raw.githubusercontent.com/LGRSV/vera-vegetacao/main/fotos/Enecol-Centro/VER0040F1.jpg,,,,V0040
41,V0041,Porto Nacional,CENTRO,AL,AL02072001,01/07/2026,17:05,Outros,1149928,URBANO,12,80,Sim,0,50,0,-10.7081732,-48.4043456,1,https://raw.githubusercontent.com/LGRSV/vera-vegetacao/main/fotos/Enecol-Centro/VER0041F1.jpg,,,,V0041
42,V0042,Porto Nacional,CENTRO,AL,AL02072001,01/07/2026,17:14,Mangueira,1604307,URBANO,12,70,Sim,300,0,0,-10.7058839,-48.4034988,1,https://raw.githubusercontent.com/LGRSV/vera-vegetacao/main/fotos/Enecol-Centro/VER0042F1.jpg,,,,V0042
43,V0043,Porto Nacional,CENTRO,AL,AL02072001,01/07/2026,17:22,Outros,475453,URBANO,20,190,Sim,300,100,0,-10.7099716,-48.401266,1,https://raw.githubusercontent.com/LGRSV/vera-vegetacao/main/fotos/Enecol-Centro/VER0043F1.jpg,,,,V0043
44,V0044,Porto Nacional,CENTRO,AL,AL06072001,01/07/2026,17:31,Mangueira,451202,URBANO,12,100,Sim,0,0,0,-10.7113328,-48.4049169,1,https://raw.githubusercontent.com/LGRSV/vera-vegetacao/main/fotos/Enecol-Centro/VER0044F1.jpg,,,,V0044
45,V0045,Porto Nacional,CENTRO,AL,AL02072001,01/07/2026,17:43,Babaçu,473244,URBANO,12.5,50,Sim,200,100,0,-10.7064781,-48.4013856,1,https://raw.githubusercontent.com/LGRSV/vera-vegetacao/main/fotos/Enecol-Centro/VER0045F1.jpg,,,,V0045
46,V0046,Porto Nacional,CENTRO,AL,AL02072001,01/07/2026,17:47,Outros,91886,URBANO,6,40,Sim,50,250,0,-10.7055147,-48.4013716,1,https://raw.githubusercontent.com/LGRSV/vera-vegetacao/main/fotos/Enecol-Centro/VER0046F1.jpg,,,,V0046
47,V0047,Porto Nacional,CENTRO,AL,AL02072001,01/07/2026,17:51,Outros,472973,URBANO,11,60,Sim,0,0,0,-10.7051986,-48.400486,1,https://raw.githubusercontent.com/LGRSV/vera-vegetacao/main/fotos/Enecol-Centro/VER0047F1.jpg,,,,V0047
48,V0048,Porto Nacional,CENTRO,AL,AL02072001,01/07/2026,17:56,Outros,475674,URBANO,11,60,Sim,100,50,0,-10.7050518,-48.3996688,1,https://raw.githubusercontent.com/LGRSV/vera-vegetacao/main/fotos/Enecol-Centro/VER0048F1.jpg,,,,V0048
49,V0001,Porto Nacional,CENTRO,AL,AL04072001,02/07/2026,08:00,Mangueira,140790,URBANO,11,100,Sim,100,50,0,-10.6891243,-48.3804724,1,https://raw.githubusercontent.com/LGRSV/vera-vegetacao/main/fotos/Enecol-Centro/VER20260703232704965317474F1.jpg,,,,V20260703232704965317474
50,V0001,Porto Nacional,CENTRO,AL,AL04072001,02/07/2026,08:00,Mangueira,140790,URBANO,11,100,Sim,100,50,0,-10.6891243,-48.3804724,1,https://raw.githubusercontent.com/LGRSV/vera-vegetacao/main/fotos/Enecol-Centro/VER20260702080057105985892F1.jpg,,,,V20260702080057105985892
51,V0002,Porto Nacional,CENTRO,AL,AL04072001,02/07/2026,08:08,Babaçu,473153,URBANO,12,120,Sim,100,100,0,-10.6926414,-48.3818367,1,https://raw.githubusercontent.com/LGRSV/vera-vegetacao/main/fotos/Enecol-Centro/VER20260702080834181737127F1.jpg,,,,V20260702080834181737127
52,V0002,Porto Nacional,CENTRO,AL,AL04072001,02/07/2026,08:08,Babaçu,473153,URBANO,12,120,Sim,100,100,0,-10.6926414,-48.3818367,1,https://raw.githubusercontent.com/LGRSV/vera-vegetacao/main/fotos/Enecol-Centro/VER20260703232711868201985F1.jpg,,,,V20260703232711868201985
53,V0003,Porto Nacional,CENTRO,AL,AL04072001,02/07/2026,08:14,Outros,449311,URBANO,11,80,Sim,300,50,0,-10.6942844,-48.3867504,1,https://raw.githubusercontent.com/LGRSV/vera-vegetacao/main/fotos/Enecol-Centro/VER20260703232718315320471F1.jpg,,,,V20260703232718315320471
54,V0003,Porto Nacional,CENTRO,AL,AL04072001,02/07/2026,08:14,Outros,449311,URBANO,11,80,Sim,300,50,0,-10.6942844,-48.3867504,1,https://raw.githubusercontent.com/LGRSV/vera-vegetacao/main/fotos/Enecol-Centro/VER20260702081437952576112F1.jpg,,,,V20260702081437952576112
55,V0004,Porto Nacional,CENTRO,AL,AL04072001,02/07/2026,08:19,Outros,475867,URBANO,8,100,Sim,0,50,0,-10.6903997,-48.389632,1,https://raw.githubusercontent.com/LGRSV/vera-vegetacao/main/fotos/Enecol-Centro/VER20260703232724972042667F1.jpg,,,,V20260703232724972042667
56,V0004,Porto Nacional,CENTRO,AL,AL04072001,02/07/2026,08:19,Outros,475867,URBANO,8,100,Sim,0,50,0,-10.6903997,-48.389632,1,https://raw.githubusercontent.com/LGRSV/vera-vegetacao/main/fotos/Enecol-Centro/VER20260702081920153451669F1.jpg,,,,V20260702081920153451669
57,V0005,Porto Nacional,CENTRO,AL,AL05072001,02/07/2026,09:37,Outros,1068230,URBANO,3,30,Sim,300,300,0,-10.6806973,-48.3926039,1,https://raw.githubusercontent.com/LGRSV/vera-vegetacao/main/fotos/Enecol-Centro/VER20260702093738902428650F1.jpg,,,,V20260702093738902428650
58,V0005,Porto Nacional,CENTRO,AL,AL05072001,02/07/2026,09:37,Outros,1068230,URBANO,3,30,Sim,300,300,0,-10.6806973,-48.3926039,1,https://raw.githubusercontent.com/LGRSV/vera-vegetacao/main/fotos/Enecol-Centro/VER20260703232731637081059F1.jpg,,,,V20260703232731637081059
59,V0006,Porto Nacional,CENTRO,AL,AL05072001,02/07/2026,09:45,Mangueira,449264,URBANO,12,120,Sim,300,50,0,-10.6827902,-48.3928017,1,https://raw.githubusercontent.com/LGRSV/vera-vegetacao/main/fotos/Enecol-Centro/VER20260702094555263431488F1.jpg,,,,V20260702094555263431488
60,V0006,Porto Nacional,CENTRO,AL,AL05072001,02/07/2026,09:45,Mangueira,449264,URBANO,12,120,Sim,300,50,0,-10.6827902,-48.3928017,1,https://raw.githubusercontent.com/LGRSV/vera-vegetacao/main/fotos/Enecol-Centro/VER20260703232737812546916F1.jpg,,,,V20260703232737812546916
61,V0007,Porto Nacional,CENTRO,AL,AL05072001,02/07/2026,09:54,Mangueira,1087603,URBANO,6,45,Sim,100,300,0,-10.6814032,-48.3944199,1,https://raw.githubusercontent.com/LGRSV/vera-vegetacao/main/fotos/Enecol-Centro/VER20260703232744089823864F1.jpg,,,,V20260703232744089823864
62,V0007,Porto Nacional,CENTRO,AL,AL05072001,02/07/2026,09:54,Mangueira,1087603,URBANO,6,45,Sim,100,300,0,-10.6814032,-48.3944199,1,https://raw.githubusercontent.com/LGRSV/vera-vegetacao/main/fotos/Enecol-Centro/VER20260702095434148096677F1.jpg,,,,V20260702095434148096677
63,V0008,Porto Nacional,CENTRO,AL,AL05072001,02/07/2026,09:56,Mangueira,1367732,URBANO,5,40,Sim,150,300,0,-10.6808806,-48.3943861,1,https://raw.githubusercontent.com/LGRSV/vera-vegetacao/main/fotos/Enecol-Centro/VER20260703232750484446626F1.jpg,,,,V20260703232750484446626
64,V0008,Porto Nacional,CENTRO,AL,AL05072001,02/07/2026,09:56,Mangueira,1367732,URBANO,5,40,Sim,150,300,0,-10.6808806,-48.3943861,1,https://raw.githubusercontent.com/LGRSV/vera-vegetacao/main/fotos/Enecol-Centro/VER20260702095605770448071F1.jpg,,,,V20260702095605770448071
65,V0009,Porto Nacional,CENTRO,AL,AL05072001,02/07/2026,09:59,Pequi,452002,URBANO,6,90,Sim,0,200,0,-10.6808334,-48.3940369,1,https://raw.githubusercontent.com/LGRSV/vera-vegetacao/main/fotos/Enecol-Centro/VER20260702095901566810209F1.jpg,,,,V20260702095901566810209
66,V0009,Porto Nacional,CENTRO,AL,AL05072001,02/07/2026,09:59,Pequi,452002,URBANO,6,90,Sim,0,200,0,-10.6808334,-48.3940369,1,https://raw.githubusercontent.com/LGRSV/vera-vegetacao/main/fotos/Enecol-Centro/VER20260703232757121942118F1.jpg,,,,V20260703232757121942118
67,V0010,Porto Nacional,CENTRO,AL,AL05072001,02/07/2026,10:01,Mangueira,474276,URBANO,7,90,Sim,0,150,0,-10.6791876,-48.3945404,1,https://raw.githubusercontent.com/LGRSV/vera-vegetacao/main/fotos/Enecol-Centro/VER20260702100149676611975F1.jpg,,,,V20260702100149676611975
68,V0010,Porto Nacional,CENTRO,AL,AL05072001,02/07/2026,10:01,Mangueira,474276,URBANO,7,90,Sim,0,150,0,-10.6791876,-48.3945404,1,https://raw.githubusercontent.com/LGRSV/vera-vegetacao/main/fotos/Enecol-Centro/VER20260703232810084109783F1.jpg,,,,V20260703232810084109783
69,V0011,Porto Nacional,CENTRO,AL,AL05072001,02/07/2026,10:03,Pequi,474276,URBANO,6,70,Sim,50,250,0,-10.679187,-48.3947464,1,https://raw.githubusercontent.com/LGRSV/vera-vegetacao/main/fotos/Enecol-Centro/VER20260703232818318569898F1.jpg,,,,V20260703232818318569898
70,V0011,Porto Nacional,CENTRO,AL,AL05072001,02/07/2026,10:03,Pequi,474276,URBANO,6,70,Sim,50,250,0,-10.679187,-48.3947464,1,https://raw.githubusercontent.com/LGRSV/vera-vegetacao/main/fotos/Enecol-Centro/VER20260702100302379734870F1.jpg,,,,V20260702100302379734870
71,V0012,Porto Nacional,CENTRO,AL,AL05072001,02/07/2026,10:04,Mangueira,474275,URBANO,11,120,Sim,0,50,0,-10.679369,-48.3949807,1,https://raw.githubusercontent.com/LGRSV/vera-vegetacao/main/fotos/Enecol-Centro/VER20260702100420230494936F1.jpg,,,,V20260702100420230494936
72,V0012,Porto Nacional,CENTRO,AL,AL05072001,02/07/2026,10:04,Mangueira,474275,URBANO,11,120,Sim,0,50,0,-10.679369,-48.3949807,1,https://raw.githubusercontent.com/LGRSV/vera-vegetacao/main/fotos/Enecol-Centro/VER20260703232827767273312F1.jpg,,,,V20260703232827767273312
73,V0013,Porto Nacional,CENTRO,AL,AL05072001,02/07/2026,10:20,Oiti,474272,URBANO,5,50,Sim,150,300,0,-10.6797456,-48.3962232,1,https://raw.githubusercontent.com/LGRSV/vera-vegetacao/main/fotos/Enecol-Centro/VER20260703232837240424326F1.jpg,,,,V20260703232837240424326
74,V0013,Porto Nacional,CENTRO,AL,AL05072001,02/07/2026,10:20,Oiti,474272,URBANO,5,50,Sim,150,300,0,-10.6797456,-48.3962232,1,https://raw.githubusercontent.com/LGRSV/vera-vegetacao/main/fotos/Enecol-Centro/VER20260702102046452062847F1.jpg,,,,V20260702102046452062847
75,V0014,Porto Nacional,CENTRO,AL,AL05072001,02/07/2026,10:22,Oiti,474272,URBANO,3.5,40,Sim,300,300,0,-10.6799147,-48.3962471,1,https://raw.githubusercontent.com/LGRSV/vera-vegetacao/main/fotos/Enecol-Centro/VER20260703232840025542502F1.jpg,,,,V20260703232840025542502
76,V0014,Porto Nacional,CENTRO,AL,AL05072001,02/07/2026,10:22,Oiti,474272,URBANO,3.5,40,Sim,300,300,0,-10.6799147,-48.3962471,1,https://raw.githubusercontent.com/LGRSV/vera-vegetacao/main/fotos/Enecol-Centro/VER20260702102204057637590F1.jpg,,,,V20260702102204057637590
77,V0015,Porto Nacional,CENTRO,AL,AL05072001,02/07/2026,10:25,Cajueiro,475264,URBANO,10,80,Sim,100,250,0,-10.6803398,-48.3979318,1,https://raw.githubusercontent.com/LGRSV/vera-vegetacao/main/fotos/Enecol-Centro/VER20260703232846623283755F1.jpg,,,,V20260703232846623283755
78,V0015,Porto Nacional,CENTRO,AL,AL05072001,02/07/2026,10:25,Cajueiro,475264,URBANO,10,80,Sim,100,250,0,-10.6803398,-48.3979318,1,https://raw.githubusercontent.com/LGRSV/vera-vegetacao/main/fotos/Enecol-Centro/VER20260702102528893459555F1.jpg,,,,V20260702102528893459555
79,V0016,Porto Nacional,CENTRO,AL,AL05072001,02/07/2026,10:55,Outros,1604449,URBANO,3,30,Sim,300,300,0,-10.6807605,-48.3993199,1,https://raw.githubusercontent.com/LGRSV/vera-vegetacao/main/fotos/Enecol-Centro/VER20260702105510133889942F1.jpg,,,,V20260702105510133889942
80,V0016,Porto Nacional,CENTRO,AL,AL05072001,02/07/2026,10:55,Outros,1604449,URBANO,3,30,Sim,300,300,0,-10.6807605,-48.3993199,1,https://raw.githubusercontent.com/LGRSV/vera-vegetacao/main/fotos/Enecol-Centro/VER20260703232855762663672F1.jpg,,,,V20260703232855762663672
81,V0017,Porto Nacional,CENTRO,AL,AL05072001,02/07/2026,10:58,Babaçu,475259,URBANO,7,60,Sim,50,100,0,-10.6804255,-48.3998551,1,https://raw.githubusercontent.com/LGRSV/vera-vegetacao/main/fotos/Enecol-Centro/VER20260703232858312236448F1.jpg,,,,V20260703232858312236448
82,V0017,Porto Nacional,CENTRO,AL,AL05072001,02/07/2026,10:58,Babaçu,475259,URBANO,7,60,Sim,50,100,0,-10.6804255,-48.3998551,1,https://raw.githubusercontent.com/LGRSV/vera-vegetacao/main/fotos/Enecol-Centro/VER20260702105841508381845F1.jpg,,,,V20260702105841508381845
83,V0018,Porto Nacional,CENTRO,AL,AL05072001,02/07/2026,10:59,Outros,1604456,URBANO,7,50,Sim,50,100,0,-10.6805995,-48.3998673,1,https://raw.githubusercontent.com/LGRSV/vera-vegetacao/main/fotos/Enecol-Centro/VER20260702105942399188744F1.jpg,,,,V20260702105942399188744
84,V0018,Porto Nacional,CENTRO,AL,AL05072001,02/07/2026,10:59,Outros,1604456,URBANO,7,50,Sim,50,100,0,-10.6805995,-48.3998673,1,https://raw.githubusercontent.com/LGRSV/vera-vegetacao/main/fotos/Enecol-Centro/VER20260703232905318377205F1.jpg,,,,V20260703232905318377205
85,V0019,Porto Nacional,CENTRO,AL,AL05072001,02/07/2026,11:05,Outros,473736,URBANO,10,60,Sim,200,250,0,-10.6793567,-48.4017583,1,https://raw.githubusercontent.com/LGRSV/vera-vegetacao/main/fotos/Enecol-Centro/VER20260703232911916735834F1.jpg,,,,V20260703232911916735834
86,V0019,Porto Nacional,CENTRO,AL,AL05072001,02/07/2026,11:05,Outros,473736,URBANO,10,60,Sim,200,250,0,-10.6793567,-48.4017583,1,https://raw.githubusercontent.com/LGRSV/vera-vegetacao/main/fotos/Enecol-Centro/VER20260702110507995061079F1.jpg,,,,V20260702110507995061079
87,V0020,Porto Nacional,CENTRO,AL,AL05072001,02/07/2026,11:08,Oiti,475267,URBANO,5,80,Sim,50,300,0,-10.6785951,-48.4015677,1,https://raw.githubusercontent.com/LGRSV/vera-vegetacao/main/fotos/Enecol-Centro/VER20260702110844125351722F1.jpg,,,,V20260702110844125351722
88,V0020,Porto Nacional,CENTRO,AL,AL05072001,02/07/2026,11:08,Oiti,475267,URBANO,5,80,Sim,50,300,0,-10.6785951,-48.4015677,1,https://raw.githubusercontent.com/LGRSV/vera-vegetacao/main/fotos/Enecol-Centro/VER20260703232918843922950F1.jpg,,,,V20260703232918843922950
89,V0021,Porto Nacional,CENTRO,AL,AL05072001,02/07/2026,11:10,Oiti,91633,URBANO,5,40,Sim,0,300,0,-10.6783927,-48.4008655,1,https://raw.githubusercontent.com/LGRSV/vera-vegetacao/main/fotos/Enecol-Centro/VER20260703232928052705648F1.jpg,,,,V20260703232928052705648
90,V0021,Porto Nacional,CENTRO,AL,AL05072001,02/07/2026,11:10,Oiti,91633,URBANO,5,40,Sim,0,300,0,-10.6783927,-48.4008655,1,https://raw.githubusercontent.com/LGRSV/vera-vegetacao/main/fotos/Enecol-Centro/VER20260702111047052370574F1.jpg,,,,V20260702111047052370574
91,V0022,Porto Nacional,CENTRO,AL,AL05072001,02/07/2026,11:15,Pequi,473739,URBANO,6,75,Sim,0,200,0,-10.6800587,-48.4018996,1,https://raw.githubusercontent.com/LGRSV/vera-vegetacao/main/fotos/Enecol-Centro/VER20260702111519332791200F1.jpg,,,,V20260702111519332791200
92,V0022,Porto Nacional,CENTRO,AL,AL05072001,02/07/2026,11:15,Pequi,473739,URBANO,6,75,Sim,0,200,0,-10.6800587,-48.4018996,1,https://raw.githubusercontent.com/LGRSV/vera-vegetacao/main/fotos/Enecol-Centro/VER20260703232937518379800F1.jpg,,,,V20260703232937518379800
93,V0023,Porto Nacional,CENTRO,AL,AL05072001,02/07/2026,11:17,Outros,473740,URBANO,7,70,Sim,0,50,0,-10.6800811,-48.4021776,1,https://raw.githubusercontent.com/LGRSV/vera-vegetacao/main/fotos/Enecol-Centro/VER20260703232944099945214F1.jpg,,,,V20260703232944099945214
94,V0023,Porto Nacional,CENTRO,AL,AL05072001,02/07/2026,11:17,Outros,473740,URBANO,7,70,Sim,0,50,0,-10.6800811,-48.4021776,1,https://raw.githubusercontent.com/LGRSV/vera-vegetacao/main/fotos/Enecol-Centro/VER20260702111703912126362F1.jpg,,,,V20260702111703912126362
95,V0024,Porto Nacional,CENTRO,AL,AL05072001,02/07/2026,11:22,Outros,832934,URBANO,10,100,Sim,0,150,0,-10.6802855,-48.4028128,1,https://raw.githubusercontent.com/LGRSV/vera-vegetacao/main/fotos/Enecol-Centro/VER20260703232950603560402F1.jpg,,,,V20260703232950603560402
96,V0024,Porto Nacional,CENTRO,AL,AL05072001,02/07/2026,11:22,Outros,832934,URBANO,10,100,Sim,0,150,0,-10.6802855,-48.4028128,1,https://raw.githubusercontent.com/LGRSV/vera-vegetacao/main/fotos/Enecol-Centro/VER20260702112249934848177F1.jpg,,,,V20260702112249934848177
97,V0025,Porto Nacional,CENTRO,AL,AL05072001,02/07/2026,14:24,Oiti,471927,URBANO,5,60,Sim,100,300,0,-10.680846,-48.4008001,1,https://raw.githubusercontent.com/LGRSV/vera-vegetacao/main/fotos/Enecol-Centro/VER20260703232957538738242F1.jpg,,,,V20260703232957538738242
98,V0025,Porto Nacional,CENTRO,AL,AL05072001,02/07/2026,14:24,Oiti,471927,URBANO,5,60,Sim,100,300,0,-10.680846,-48.4008001,1,https://raw.githubusercontent.com/LGRSV/vera-vegetacao/main/fotos/Enecol-Centro/VER20260702142420414969636F1.jpg,,,,V20260702142420414969636
99,V0026,Porto Nacional,CENTRO,AL,AL05072001,02/07/2026,14:25,Mangueira,471927,URBANO,10,120,Sim,0,150,0,-10.6809718,-48.4006953,1,https://raw.githubusercontent.com/LGRSV/vera-vegetacao/main/fotos/Enecol-Centro/VER20260702142529669883885F1.jpg,,,,V20260702142529669883885
100,V0026,Porto Nacional,CENTRO,AL,AL05072001,02/07/2026,14:25,Mangueira,471927,URBANO,10,120,Sim,0,150,0,-10.6809718,-48.4006953,1,https://raw.githubusercontent.com/LGRSV/vera-vegetacao/main/fotos/Enecol-Centro/VER20260703233004357062326F1.jpg,,,,V20260703233004357062326
101,V0027,Porto Nacional,CENTRO,AL,AL05072001,02/07/2026,14:28,Oiti,48496636,URBANO,6.5,60,Sim,50,300,0,-10.6818824,-48.4013475,1,https://raw.githubusercontent.com/LGRSV/vera-vegetacao/main/fotos/Enecol-Centro/VER20260703233011413355365F1.jpg,,,,V20260703233011413355365
102,V0027,Porto Nacional,CENTRO,AL,AL05072001,02/07/2026,14:28,Oiti,48496636,URBANO,6.5,60,Sim,50,300,0,-10.6818824,-48.4013475,1,https://raw.githubusercontent.com/LGRSV/vera-vegetacao/main/fotos/Enecol-Centro/VER20260702142810597720197F1.jpg,,,,V20260702142810597720197
103,V0028,Porto Nacional,CENTRO,AL,AL05072001,02/07/2026,14:31,Mangueira,58561597,URBANO,6,130,Sim,150,300,0,-10.682506,-48.4007384,1,https://raw.githubusercontent.com/LGRSV/vera-vegetacao/main/fotos/Enecol-Centro/VER20260703233017815908123F1.jpg,,,,V20260703233017815908123
104,V0028,Porto Nacional,CENTRO,AL,AL05072001,02/07/2026,14:31,Mangueira,58561597,URBANO,6,130,Sim,150,300,0,-10.682506,-48.4007384,1,https://raw.githubusercontent.com/LGRSV/vera-vegetacao/main/fotos/Enecol-Centro/VER20260702143128403831031F1.jpg,,,,V20260702143128403831031
105,V0029,Porto Nacional,CENTRO,AL,AL05072001,02/07/2026,14:32,Outros,58561597,URBANO,10,130,Sim,0,300,0,-10.6825351,-48.4005572,1,https://raw.githubusercontent.com/LGRSV/vera-vegetacao/main/fotos/Enecol-Centro/VER20260703233026854896152F1.jpg,,,,V20260703233026854896152
106,V0029,Porto Nacional,CENTRO,AL,AL05072001,02/07/2026,14:32,Outros,58561597,URBANO,10,130,Sim,0,300,0,-10.6825351,-48.4005572,1,https://raw.githubusercontent.com/LGRSV/vera-vegetacao/main/fotos/Enecol-Centro/VER20260702143244562112779F1.jpg,,,,V20260702143244562112779
107,V0030,Porto Nacional,CENTRO,AL,AL05072001,02/07/2026,14:35,Cajueiro,451709,URBANO,5,60,Sim,50,300,0,-10.6842783,-48.400513,1,https://raw.githubusercontent.com/LGRSV/vera-vegetacao/main/fotos/Enecol-Centro/VER20260702143534856659635F1.jpg,,,,V20260702143534856659635
108,V0030,Porto Nacional,CENTRO,AL,AL05072001,02/07/2026,14:35,Cajueiro,451709,URBANO,5,60,Sim,50,300,0,-10.6842783,-48.400513,1,https://raw.githubusercontent.com/LGRSV/vera-vegetacao/main/fotos/Enecol-Centro/VER20260703233035198571658F1.jpg,,,,V20260703233035198571658
109,V0031,Porto Nacional,CENTRO,AL,AL05072001,02/07/2026,14:42,Oiti,446495,URBANO,3.5,50,Sim,300,300,0,-10.6850139,-48.4006495,1,https://raw.githubusercontent.com/LGRSV/vera-vegetacao/main/fotos/Enecol-Centro/VER20260702144227613581714F1.jpg,,,,V20260702144227613581714
110,V0031,Porto Nacional,CENTRO,AL,AL05072001,02/07/2026,14:42,Oiti,446495,URBANO,3.5,50,Sim,300,300,0,-10.6850139,-48.4006495,1,https://raw.githubusercontent.com/LGRSV/vera-vegetacao/main/fotos/Enecol-Centro/VER20260703233044313162490F1.jpg,,,,V20260703233044313162490
111,V0032,Porto Nacional,CENTRO,AL,AL05072001,02/07/2026,14:46,Oiti,446496,URBANO,6.5,60,Sim,0,300,0,-10.6851609,-48.4009102,1,https://raw.githubusercontent.com/LGRSV/vera-vegetacao/main/fotos/Enecol-Centro/VER20260703233052067795039F1.jpg,,,,V20260703233052067795039
112,V0032,Porto Nacional,CENTRO,AL,AL05072001,02/07/2026,14:46,Oiti,446496,URBANO,6.5,60,Sim,0,300,0,-10.6851609,-48.4009102,1,https://raw.githubusercontent.com/LGRSV/vera-vegetacao/main/fotos/Enecol-Centro/VER20260702144628657922604F1.jpg,,,,V20260702144628657922604
113,V0033,Porto Nacional,CENTRO,AL,AL05072001,02/07/2026,14:47,Oiti,451699,URBANO,6,100,Sim,50,300,0,-10.685114,-48.4010433,1,https://raw.githubusercontent.com/LGRSV/vera-vegetacao/main/fotos/Enecol-Centro/VER20260702144755120422032F1.jpg,,,,V20260702144755120422032
114,V0033,Porto Nacional,CENTRO,AL,AL05072001,02/07/2026,14:47,Oiti,451699,URBANO,6,100,Sim,50,300,0,-10.685114,-48.4010433,1,https://raw.githubusercontent.com/LGRSV/vera-vegetacao/main/fotos/Enecol-Centro/VER20260703233103858187607F1.jpg,,,,V20260703233103858187607
115,V0034,Porto Nacional,CENTRO,AL,AL05072001,02/07/2026,14:53,Oiti,450756,URBANO,5,90,Sim,200,300,0,-10.6870263,-48.4020107,1,https://raw.githubusercontent.com/LGRSV/vera-vegetacao/main/fotos/Enecol-Centro/VER20260703233113739756660F1.jpg,,,,V20260703233113739756660
116,V0034,Porto Nacional,CENTRO,AL,AL05072001,02/07/2026,14:53,Oiti,450756,URBANO,5,90,Sim,200,300,0,-10.6870263,-48.4020107,1,https://raw.githubusercontent.com/LGRSV/vera-vegetacao/main/fotos/Enecol-Centro/VER20260702145349444764363F1.jpg,,,,V20260702145349444764363
117,V0035,Porto Nacional,CENTRO,AL,AL05072001,02/07/2026,14:56,Outros,91928,URBANO,4,50,Sim,300,300,0,-10.6868536,-48.4017925,1,https://raw.githubusercontent.com/LGRSV/vera-vegetacao/main/fotos/Enecol-Centro/VER20260702145602948700610F1.jpg,,,,V20260702145602948700610
118,V0035,Porto Nacional,CENTRO,AL,AL05072001,02/07/2026,14:56,Outros,91928,URBANO,4,50,Sim,300,300,0,-10.6868536,-48.4017925,1,https://raw.githubusercontent.com/LGRSV/vera-vegetacao/main/fotos/Enecol-Centro/VER20260703233121373609026F1.jpg,,,,V20260703233121373609026
119,V0036,Porto Nacional,CENTRO,AL,AL05072001,02/07/2026,15:01,Oiti,1187371,URBANO,4,50,Sim,300,300,0,-10.6874241,-48.4036798,1,https://raw.githubusercontent.com/LGRSV/vera-vegetacao/main/fotos/Enecol-Centro/VER20260702150123600948666F1.jpg,,,,V20260702150123600948666
120,V0036,Porto Nacional,CENTRO,AL,AL05072001,02/07/2026,15:01,Oiti,1187371,URBANO,4,50,Sim,300,300,0,-10.6874241,-48.4036798,1,https://raw.githubusercontent.com/LGRSV/vera-vegetacao/main/fotos/Enecol-Centro/VER20260703233128522184099F1.jpg,,,,V20260703233128522184099
121,V0037,Porto Nacional,CENTRO,AL,AL05072001,02/07/2026,15:02,Mangueira,446206,URBANO,7,120,Sim,0,300,0,-10.6877121,-48.4038485,1,https://raw.githubusercontent.com/LGRSV/vera-vegetacao/main/fotos/Enecol-Centro/VER20260702150242266938193F1.jpg,,,,V20260702150242266938193
122,V0037,Porto Nacional,CENTRO,AL,AL05072001,02/07/2026,15:02,Mangueira,446206,URBANO,7,120,Sim,0,300,0,-10.6877121,-48.4038485,1,https://raw.githubusercontent.com/LGRSV/vera-vegetacao/main/fotos/Enecol-Centro/VER20260703233135052219046F1.jpg,,,,V20260703233135052219046
123,V0038,Porto Nacional,CENTRO,AL,AL05072001,02/07/2026,15:03,Mangueira,1187371,URBANO,8,120,Sim,0,300,0,-10.6877527,-48.4038964,1,https://raw.githubusercontent.com/LGRSV/vera-vegetacao/main/fotos/Enecol-Centro/VER20260702150359964673049F1.jpg,,,,V20260702150359964673049
124,V0038,Porto Nacional,CENTRO,AL,AL05072001,02/07/2026,15:03,Mangueira,1187371,URBANO,8,120,Sim,0,300,0,-10.6877527,-48.4038964,1,https://raw.githubusercontent.com/LGRSV/vera-vegetacao/main/fotos/Enecol-Centro/VER20260703233141282919058F1.jpg,,,,V20260703233141282919058
125,V0039,Porto Nacional,CENTRO,AL,AL05072001,02/07/2026,15:06,Babaçu,446205,URBANO,7,80,Sim,0,300,0,-10.6879332,-48.4040352,1,https://raw.githubusercontent.com/LGRSV/vera-vegetacao/main/fotos/Enecol-Centro/VER20260702150601554287518F1.jpg,,,,V20260702150601554287518
126,V0039,Porto Nacional,CENTRO,AL,AL05072001,02/07/2026,15:06,Babaçu,446205,URBANO,7,80,Sim,0,300,0,-10.6879332,-48.4040352,1,https://raw.githubusercontent.com/LGRSV/vera-vegetacao/main/fotos/Enecol-Centro/VER20260703233150539517167F1.jpg,,,,V20260703233150539517167
127,V0040,Porto Nacional,CENTRO,AL,AL05072001,02/07/2026,15:07,Babaçu,446205,URBANO,7,,Sim,0,200,0,-10.6878966,-48.4040403,1,https://raw.githubusercontent.com/LGRSV/vera-vegetacao/main/fotos/Enecol-Centro/VER20260702150721746629710F1.jpg,,,,V20260702150721746629710
128,V0040,Porto Nacional,CENTRO,AL,AL05072001,02/07/2026,15:07,Babaçu,446205,URBANO,7,,Sim,0,200,0,-10.6878966,-48.4040403,1,https://raw.githubusercontent.com/LGRSV/vera-vegetacao/main/fotos/Enecol-Centro/VER20260703233157133234542F1.jpg,,,,V20260703233157133234542
129,V0041,Porto Nacional,CENTRO,AL,AL05072001,02/07/2026,15:08,Mangueira,446204,URBANO,12,150,Sim,0,0,0,-10.6879992,-48.4040698,1,https://raw.githubusercontent.com/LGRSV/vera-vegetacao/main/fotos/Enecol-Centro/VER20260703233206175332700F1.jpg,,,,V20260703233206175332700
130,V0041,Porto Nacional,CENTRO,AL,AL05072001,02/07/2026,15:08,Mangueira,446204,URBANO,12,150,Sim,0,0,0,-10.6879992,-48.4040698,1,https://raw.githubusercontent.com/LGRSV/vera-vegetacao/main/fotos/Enecol-Centro/VER20260702150828354550855F1.jpg,,,,V20260702150828354550855
131,V0042,Porto Nacional,CENTRO,AL,AL05072001,02/07/2026,15:09,Oiti,446204,URBANO,6,100,Sim,50,300,0,-10.6881909,-48.4040254,1,https://raw.githubusercontent.com/LGRSV/vera-vegetacao/main/fotos/Enecol-Centro/VER20260703233212139456951F1.jpg,,,,V20260703233212139456951
132,V0042,Porto Nacional,CENTRO,AL,AL05072001,02/07/2026,15:09,Oiti,446204,URBANO,6,100,Sim,50,300,0,-10.6881909,-48.4040254,1,https://raw.githubusercontent.com/LGRSV/vera-vegetacao/main/fotos/Enecol-Centro/VER20260702150946887456948F1.jpg,,,,V20260702150946887456948
133,V0043,Porto Nacional,CENTRO,AL,AL05072001,02/07/2026,15:16,Cajueiro,45898600,URBANO,7,70,Sim,50,300,0,-10.6893875,-48.4024024,1,https://raw.githubusercontent.com/LGRSV/vera-vegetacao/main/fotos/Enecol-Centro/VER20260702151613716987665F1.jpg,,,,V20260702151613716987665
134,V0043,Porto Nacional,CENTRO,AL,AL05072001,02/07/2026,15:16,Cajueiro,45898600,URBANO,7,70,Sim,50,300,0,-10.6893875,-48.4024024,1,https://raw.githubusercontent.com/LGRSV/vera-vegetacao/main/fotos/Enecol-Centro/VER20260703233224412249032F1.jpg,,,,V20260703233224412249032
135,V0044,Porto Nacional,CENTRO,AL,AL05072001,02/07/2026,15:18,Pequi,45898620,URBANO,10,110,Sim,0,50,0,-10.6892705,-48.4019871,1,https://raw.githubusercontent.com/LGRSV/vera-vegetacao/main/fotos/Enecol-Centro/VER20260703233231082598006F1.jpg,,,,V20260703233231082598006
136,V0044,Porto Nacional,CENTRO,AL,AL05072001,02/07/2026,15:18,Pequi,45898620,URBANO,10,110,Sim,0,50,0,-10.6892705,-48.4019871,1,https://raw.githubusercontent.com/LGRSV/vera-vegetacao/main/fotos/Enecol-Centro/VER20260702151803771118740F1.jpg,,,,V20260702151803771118740
137,V0045,Porto Nacional,CENTRO,AL,AL05072001,02/07/2026,15:19,Pequi,45898630,URBANO,11,130,Sim,50,50,0,-10.689219,-48.4017181,1,https://raw.githubusercontent.com/LGRSV/vera-vegetacao/main/fotos/Enecol-Centro/VER20260703235907697357033F1.jpg,,,,V20260703235907697357033
138,V0045,Porto Nacional,CENTRO,AL,AL05072001,02/07/2026,15:19,Pequi,45898630,URBANO,11,130,Sim,50,50,0,-10.689219,-48.4017181,1,https://raw.githubusercontent.com/LGRSV/vera-vegetacao/main/fotos/Enecol-Centro/VER20260702151945773542921F1.jpg,,,,V20260702151945773542921
139,V0046,Porto Nacional,CENTRO,AL,AL05072001,02/07/2026,15:24,Mangueira,361350,URBANO,14,150,Sim,150,100,0,-10.6905788,-48.4039227,1,https://raw.githubusercontent.com/LGRSV/vera-vegetacao/main/fotos/Enecol-Centro/VER20260702152458471607258F1.jpg,,,,V20260702152458471607258
140,V0046,Porto Nacional,CENTRO,AL,AL05072001,02/07/2026,15:24,Mangueira,361350,URBANO,14,150,Sim,150,100,0,-10.6905788,-48.4039227,1,https://raw.githubusercontent.com/LGRSV/vera-vegetacao/main/fotos/Enecol-Centro/VER20260703235915930890771F1.jpg,,,,V20260703235915930890771
141,V0047,Porto Nacional,CENTRO,AL,AL05072001,02/07/2026,15:26,Jatobá,1603302,URBANO,20,200,Sim,200,150,0,-10.6906708,-48.4039799,1,https://raw.githubusercontent.com/LGRSV/vera-vegetacao/main/fotos/Enecol-Centro/VER20260703235923630010009F1.jpg,,,,V20260703235923630010009
142,V0047,Porto Nacional,CENTRO,AL,AL05072001,02/07/2026,15:26,Jatobá,1603302,URBANO,20,200,Sim,200,150,0,-10.6906708,-48.4039799,1,https://raw.githubusercontent.com/LGRSV/vera-vegetacao/main/fotos/Enecol-Centro/VER20260702152636379365364F1.jpg,,,,V20260702152636379365364
143,V0048,Porto Nacional,CENTRO,AL,AL05072001,02/07/2026,15:29,Outros,48337785,URBANO,8,100,Sim,50,150,0,-10.6908518,-48.4039879,1,https://raw.githubusercontent.com/LGRSV/vera-vegetacao/main/fotos/Enecol-Centro/VER20260702152904437700107F1.jpg,,,,V20260702152904437700107
144,V0048,Porto Nacional,CENTRO,AL,AL05072001,02/07/2026,15:29,Outros,48337785,URBANO,8,100,Sim,50,150,0,-10.6908518,-48.4039879,1,https://raw.githubusercontent.com/LGRSV/vera-vegetacao/main/fotos/Enecol-Centro/VER20260703235934428039136F1.jpg,,,,V20260703235934428039136
145,V0049,Porto Nacional,CENTRO,AL,AL05072001,02/07/2026,15:30,Outros,361350,URBANO,10,100,Sim,0,150,0,-10.6905752,-48.4038795,1,https://raw.githubusercontent.com/LGRSV/vera-vegetacao/main/fotos/Enecol-Centro/VER20260703235942090299482F1.jpg,,,,V20260703235942090299482
146,V0049,Porto Nacional,CENTRO,AL,AL05072001,02/07/2026,15:30,Outros,361350,URBANO,10,100,Sim,0,150,0,-10.6905752,-48.4038795,1,https://raw.githubusercontent.com/LGRSV/vera-vegetacao/main/fotos/Enecol-Centro/VER20260702153029537135651F1.jpg,,,,V20260702153029537135651
147,V0050,Porto Nacional,CENTRO,LD,LD02072001,02/07/2026,15:39,Outros,1066772,URBANO,7,80,Sim,50,50,0,-10.6924117,-48.4037679,1,https://raw.githubusercontent.com/LGRSV/vera-vegetacao/main/fotos/Enecol-Centro/VER20260702153914273513045F1.jpg,,,,V20260702153914273513045
148,V0050,Porto Nacional,CENTRO,LD,LD02072001,02/07/2026,15:39,Outros,1066772,URBANO,7,80,Sim,50,50,0,-10.6924117,-48.4037679,1,https://raw.githubusercontent.com/LGRSV/vera-vegetacao/main/fotos/Enecol-Centro/VER20260703235954725079351F1.jpg,,,,V20260703235954725079351
149,V0051,Porto Nacional,CENTRO,LD,LD03072001,02/07/2026,16:09,Outros,526714,URBANO,10,130,Sim,300,300,0,-10.6915066,-48.4064878,1,https://raw.githubusercontent.com/LGRSV/vera-vegetacao/main/fotos/Enecol-Centro/VER20260702160949764637521F1.jpg,,,,V20260702160949764637521
150,V0051,Porto Nacional,CENTRO,LD,LD03072001,02/07/2026,16:09,Outros,526714,URBANO,10,130,Sim,300,300,0,-10.6915066,-48.4064878,1,https://raw.githubusercontent.com/LGRSV/vera-vegetacao/main/fotos/Enecol-Centro/VER20260703235957726660503F1.jpg,,,,V20260703235957726660503
151,V0052,Porto Nacional,CENTRO,LD,LD03072001,02/07/2026,16:11,Outros,526714,URBANO,10,120,Sim,300,300,0,-10.6914432,-48.4065402,1,https://raw.githubusercontent.com/LGRSV/vera-vegetacao/main/fotos/Enecol-Centro/VER20260702161117112659514F1.jpg,,,,V20260702161117112659514
152,V0052,Porto Nacional,CENTRO,LD,LD03072001,02/07/2026,16:11,Outros,526714,URBANO,10,120,Sim,300,300,0,-10.6914432,-48.4065402,1,https://raw.githubusercontent.com/LGRSV/vera-vegetacao/main/fotos/Enecol-Centro/VER20260704001746622211000F1.jpg,,,,V20260704001746622211000
153,V0053,Porto Nacional,CENTRO,LD,LD03072001,02/07/2026,16:14,Mangueira,526718,URBANO,14,150,Sim,300,300,0,-10.6905602,-48.4070067,1,https://raw.githubusercontent.com/LGRSV/vera-vegetacao/main/fotos/Enecol-Centro/VER20260702161443979485783F1.jpg,,,,V20260702161443979485783
154,V0053,Porto Nacional,CENTRO,LD,LD03072001,02/07/2026,16:14,Mangueira,526718,URBANO,14,150,Sim,300,300,0,-10.6905602,-48.4070067,1,https://raw.githubusercontent.com/LGRSV/vera-vegetacao/main/fotos/Enecol-Centro/VER20260704001755659277368F1.jpg,,,,V20260704001755659277368
155,V0054,Porto Nacional,CENTRO,AL,AL01072001,02/07/2026,16:28,Outros,446554,URBANO,7,50,Sim,50,200,0,-10.6982108,-48.4114448,1,https://raw.githubusercontent.com/LGRSV/vera-vegetacao/main/fotos/Enecol-Centro/VER20260702162807262146362F1.jpg,,,,V20260702162807262146362
156,V0054,Porto Nacional,CENTRO,AL,AL01072001,02/07/2026,16:28,Outros,446554,URBANO,7,50,Sim,50,200,0,-10.6982108,-48.4114448,1,https://raw.githubusercontent.com/LGRSV/vera-vegetacao/main/fotos/Enecol-Centro/VER20260704001808038185690F1.jpg,,,,V20260704001808038185690
157,V0055,Porto Nacional,CENTRO,AL,AL01072001,02/07/2026,16:32,Mangueira,474160,URBANO,14,130,Sim,250,50,0,-10.696387,-48.4104363,1,https://raw.githubusercontent.com/LGRSV/vera-vegetacao/main/fotos/Enecol-Centro/VER20260704001816302217244F1.jpg,,,,V20260704001816302217244
158,V0055,Porto Nacional,CENTRO,AL,AL01072001,02/07/2026,16:32,Mangueira,474160,URBANO,14,130,Sim,250,50,0,-10.696387,-48.4104363,1,https://raw.githubusercontent.com/LGRSV/vera-vegetacao/main/fotos/Enecol-Centro/VER20260702163222307247190F1.jpg,,,,V20260702163222307247190
159,V0056,Porto Nacional,CENTRO,AL,AL01072001,02/07/2026,16:51,Outros,473884,URBANO,13,110,Sim,0,50,0,-10.6951056,-48.4100982,1,https://raw.githubusercontent.com/LGRSV/vera-vegetacao/main/fotos/Enecol-Centro/VER20260704001818182385742F1.jpg,,,,V20260704001818182385742
160,V0056,Porto Nacional,CENTRO,AL,AL01072001,02/07/2026,16:51,Outros,473884,URBANO,13,110,Sim,0,50,0,-10.6951056,-48.4100982,1,https://raw.githubusercontent.com/LGRSV/vera-vegetacao/main/fotos/Enecol-Centro/VER20260702165116651925568F1.jpg,,,,V20260702165116651925568
161,V0057,Porto Nacional,CENTRO,AL,AL01072001,02/07/2026,16:54,Oiti,473929,URBANO,8,70,Sim,50,200,0,-10.6943098,-48.4099213,1,https://raw.githubusercontent.com/LGRSV/vera-vegetacao/main/fotos/Enecol-Centro/VER20260704001900818873734F1.jpg,,,,V20260704001900818873734
162,V0057,Porto Nacional,CENTRO,AL,AL01072001,02/07/2026,16:54,Oiti,473929,URBANO,8,70,Sim,50,200,0,-10.6943098,-48.4099213,1,https://raw.githubusercontent.com/LGRSV/vera-vegetacao/main/fotos/Enecol-Centro/VER20260702165415927621887F1.jpg,,,,V20260702165415927621887
163,V0058,Porto Nacional,CENTRO,AL,AL01072001,02/07/2026,16:55,Oiti,473929,URBANO,6,60,Sim,50,200,0,-10.6943801,-48.4098398,1,https://raw.githubusercontent.com/LGRSV/vera-vegetacao/main/fotos/Enecol-Centro/VER20260702165535238578559F1.jpg,,,,V20260702165535238578559
164,V0058,Porto Nacional,CENTRO,AL,AL01072001,02/07/2026,16:55,Oiti,473929,URBANO,6,60,Sim,50,200,0,-10.6943801,-48.4098398,1,https://raw.githubusercontent.com/LGRSV/vera-vegetacao/main/fotos/Enecol-Centro/VER20260704001910814866710F1.jpg,,,,V20260704001910814866710
165,V0059,Porto Nacional,CENTRO,AL,AL01072001,02/07/2026,16:58,Oiti,473661,URBANO,7,70,Sim,50,300,0,-10.6940786,-48.4098058,1,https://raw.githubusercontent.com/LGRSV/vera-vegetacao/main/fotos/Enecol-Centro/VER20260704001912765085901F1.jpg,,,,V20260704001912765085901
166,V0059,Porto Nacional,CENTRO,AL,AL01072001,02/07/2026,16:58,Oiti,473661,URBANO,7,70,Sim,50,300,0,-10.6940786,-48.4098058,1,https://raw.githubusercontent.com/LGRSV/vera-vegetacao/main/fotos/Enecol-Centro/VER20260702165837564315488F1.jpg,,,,V20260702165837564315488
167,V0060,Porto Nacional,CENTRO,AL,AL01072001,02/07/2026,16:59,Oiti,473661,URBANO,7,50,Sim,50,300,0,-10.6940033,-48.4097305,1,https://raw.githubusercontent.com/LGRSV/vera-vegetacao/main/fotos/Enecol-Centro/VER20260702165951068811541F1.jpg,,,,V20260702165951068811541
168,V0060,Porto Nacional,CENTRO,AL,AL01072001,02/07/2026,16:59,Oiti,473661,URBANO,7,50,Sim,50,300,0,-10.6940033,-48.4097305,1,https://raw.githubusercontent.com/LGRSV/vera-vegetacao/main/fotos/Enecol-Centro/VER20260704001920205975231F1.jpg,,,,V20260704001920205975231
169,V0061,Porto Nacional,CENTRO,AL,AL02072001,02/07/2026,17:05,Oiti,47604190,URBANO,7,50,Sim,50,250,0,-10.6939646,-48.4083668,1,https://raw.githubusercontent.com/LGRSV/vera-vegetacao/main/fotos/Enecol-Centro/VER20260704001929444386573F1.jpg,,,,V20260704001929444386573
170,V0061,Porto Nacional,CENTRO,AL,AL02072001,02/07/2026,17:05,Oiti,47604190,URBANO,7,50,Sim,50,250,0,-10.6939646,-48.4083668,1,https://raw.githubusercontent.com/LGRSV/vera-vegetacao/main/fotos/Enecol-Centro/VER20260702170516219003094F1.jpg,,,,V20260702170516219003094
171,V0062,Porto Nacional,CENTRO,AL,AL02072001,02/07/2026,17:06,Outros,475630,URBANO,7,80,Sim,0,250,0,-10.6939246,-48.4084015,1,https://raw.githubusercontent.com/LGRSV/vera-vegetacao/main/fotos/Enecol-Centro/VER20260702170617907486636F1.jpg,,,,V20260702170617907486636
172,V0062,Porto Nacional,CENTRO,AL,AL02072001,02/07/2026,17:06,Outros,475630,URBANO,7,80,Sim,0,250,0,-10.6939246,-48.4084015,1,https://raw.githubusercontent.com/LGRSV/vera-vegetacao/main/fotos/Enecol-Centro/VER20260704001938557878217F1.jpg,,,,V20260704001938557878217
173,V0063,Porto Nacional,CENTRO,AL,AL02072001,02/07/2026,17:07,Oiti,473188,URBANO,6,60,Sim,,300,0,-10.6943222,-48.4084813,1,https://raw.githubusercontent.com/LGRSV/vera-vegetacao/main/fotos/Enecol-Centro/VER20260702170759412676425F1.jpg,,,,V20260702170759412676425
174,V0063,Porto Nacional,CENTRO,AL,AL02072001,02/07/2026,17:07,Oiti,473188,URBANO,6,60,Sim,,300,0,-10.6943222,-48.4084813,1,https://raw.githubusercontent.com/LGRSV/vera-vegetacao/main/fotos/Enecol-Centro/VER20260704001941273944027F1.jpg,,,,V20260704001941273944027
175,V0064,Porto Nacional,CENTRO,AL,AL02072001,02/07/2026,17:13,Outros,431192,URBANO,9,90,Sim,0,50,0,-10.6956606,-48.4081344,1,https://raw.githubusercontent.com/LGRSV/vera-vegetacao/main/fotos/Enecol-Centro/VER20260704001947980870501F1.jpg,,,,V20260704001947980870501
176,V0064,Porto Nacional,CENTRO,AL,AL02072001,02/07/2026,17:13,Outros,431192,URBANO,9,90,Sim,0,50,0,-10.6956606,-48.4081344,1,https://raw.githubusercontent.com/LGRSV/vera-vegetacao/main/fotos/Enecol-Centro/VER20260702171336009878884F1.jpg,,,,V20260702171336009878884
177,V0065,Porto Nacional,CENTRO,AL,AL02072001,02/07/2026,17:15,Oiti,431659,URBANO,5.5,50,Sim,150,300,0,-10.6957294,-48.408039,1,https://raw.githubusercontent.com/LGRSV/vera-vegetacao/main/fotos/Enecol-Centro/VER20260704001958001533593F1.jpg,,,,V20260704001958001533593
178,V0065,Porto Nacional,CENTRO,AL,AL02072001,02/07/2026,17:15,Oiti,431659,URBANO,5.5,50,Sim,150,300,0,-10.6957294,-48.408039,1,https://raw.githubusercontent.com/LGRSV/vera-vegetacao/main/fotos/Enecol-Centro/VER20260702171532212214889F1.jpg,,,,V20260702171532212214889
179,V0066,Porto Nacional,CENTRO,AL,AL02072001,02/07/2026,17:22,Oiti,1580117,URBANO,7.5,60,Sim,50,300,0,-10.6969703,-48.4073181,1,https://raw.githubusercontent.com/LGRSV/vera-vegetacao/main/fotos/Enecol-Centro/VER20260702172202191399158F1.jpg,,,,V20260702172202191399158
180,V0066,Porto Nacional,CENTRO,AL,AL02072001,02/07/2026,17:22,Oiti,1580117,URBANO,7.5,60,Sim,50,300,0,-10.6969703,-48.4073181,1,https://raw.githubusercontent.com/LGRSV/vera-vegetacao/main/fotos/Enecol-Centro/VER20260704002004715292601F1.jpg,,,,V20260704002004715292601
181,V0067,Porto Nacional,CENTRO,AL,AL02072001,02/07/2026,17:24,Oiti,430651,URBANO,4,60,Sim,300,300,0,-10.6973509,-48.4073355,1,https://raw.githubusercontent.com/LGRSV/vera-vegetacao/main/fotos/Enecol-Centro/VER20260702172404827606487F1.jpg,,,,V20260702172404827606487
182,V0067,Porto Nacional,CENTRO,AL,AL02072001,02/07/2026,17:24,Oiti,430651,URBANO,4,60,Sim,300,300,0,-10.6973509,-48.4073355,1,https://raw.githubusercontent.com/LGRSV/vera-vegetacao/main/fotos/Enecol-Centro/VER20260704002011800132495F1.jpg,,,,V20260704002011800132495
183,V0068,Porto Nacional,CENTRO,AL,AL02072001,02/07/2026,17:30,Oiti,431972,URBANO,8,50,Sim,0,200,0,-10.6987616,-48.40769,1,https://raw.githubusercontent.com/LGRSV/vera-vegetacao/main/fotos/Enecol-Centro/VER20260702173055810516205F1.jpg,,,,V20260702173055810516205
184,V0068,Porto Nacional,CENTRO,AL,AL02072001,02/07/2026,17:30,Oiti,431972,URBANO,8,50,Sim,0,200,0,-10.6987616,-48.40769,1,https://raw.githubusercontent.com/LGRSV/vera-vegetacao/main/fotos/Enecol-Centro/VER20260704002018247646815F1.jpg,,,,V20260704002018247646815
185,V0069,Porto Nacional,CENTRO,AL,AL06072001,02/07/2026,17:33,Oiti,430657,URBANO,12,130,Sim,300,50,0,-10.6993136,-48.4077376,1,https://raw.githubusercontent.com/LGRSV/vera-vegetacao/main/fotos/Enecol-Centro/VER20260704002024600118802F1.jpg,,,,V20260704002024600118802
186,V0069,Porto Nacional,CENTRO,AL,AL06072001,02/07/2026,17:33,Oiti,430657,URBANO,12,130,Sim,300,50,0,-10.6993136,-48.4077376,1,https://raw.githubusercontent.com/LGRSV/vera-vegetacao/main/fotos/Enecol-Centro/VER20260702173313409027758F1.jpg,,,,V20260702173313409027758
187,V0070,Porto Nacional,CENTRO,AL,AL06072001,02/07/2026,17:35,Outros,1275296,URBANO,11,70,Sim,300,50,0,-10.6999243,-48.4078858,1,https://raw.githubusercontent.com/LGRSV/vera-vegetacao/main/fotos/Enecol-Centro/VER20260702173538175787115F1.jpg,,,,V20260702173538175787115
188,V0070,Porto Nacional,CENTRO,AL,AL06072001,02/07/2026,17:35,Outros,1275296,URBANO,11,70,Sim,300,50,0,-10.6999243,-48.4078858,1,https://raw.githubusercontent.com/LGRSV/vera-vegetacao/main/fotos/Enecol-Centro/VER20260704002031338470341F1.jpg,,,,V20260704002031338470341
189,V0071,Porto Nacional,CENTRO,AL,AL06072001,02/07/2026,17:43,Oiti,1290023,URBANO,6,70,Sim,300,300,0,-10.6989146,-48.4071684,1,https://raw.githubusercontent.com/LGRSV/vera-vegetacao/main/fotos/Enecol-Centro/VER20260704002043554195254F1.jpg,,,,V20260704002043554195254
190,V0071,Porto Nacional,CENTRO,AL,AL06072001,02/07/2026,17:43,Oiti,1290023,URBANO,6,70,Sim,300,300,0,-10.6989146,-48.4071684,1,https://raw.githubusercontent.com/LGRSV/vera-vegetacao/main/fotos/Enecol-Centro/VER20260702174301576700383F1.jpg,,,,V20260702174301576700383
191,V0072,Porto Nacional,CENTRO,AL,AL06072001,02/07/2026,17:44,Oiti,1275295,URBANO,5,50,Sim,300,300,0,-10.6989442,-48.4074875,1,https://raw.githubusercontent.com/LGRSV/vera-vegetacao/main/fotos/Enecol-Centro/VER20260704002052672298470F1.jpg,,,,V20260704002052672298470
192,V0072,Porto Nacional,CENTRO,AL,AL06072001,02/07/2026,17:44,Oiti,1275295,URBANO,5,50,Sim,300,300,0,-10.6989442,-48.4074875,1,https://raw.githubusercontent.com/LGRSV/vera-vegetacao/main/fotos/Enecol-Centro/VER20260702174426141592539F1.jpg,,,,V20260702174426141592539
193,V0073,Porto Nacional,CENTRO,AL,AL06072001,02/07/2026,17:47,Mangueira,429056,URBANO,10,120,Sim,300,300,0,-10.6990859,-48.4062676,1,https://raw.githubusercontent.com/LGRSV/vera-vegetacao/main/fotos/Enecol-Centro/VER20260702174721545095111F1.jpg,,,,V20260702174721545095111
194,V0073,Porto Nacional,CENTRO,AL,AL06072001,02/07/2026,17:47,Mangueira,429056,URBANO,10,120,Sim,300,300,0,-10.6990859,-48.4062676,1,https://raw.githubusercontent.com/LGRSV/vera-vegetacao/main/fotos/Enecol-Centro/VER20260704002059087403104F1.jpg,,,,V20260704002059087403104
195,V0074,Porto Nacional,CENTRO,AL,AL02072001,02/07/2026,18:03,Oiti,1585341,URBANO,5,50,Sim,300,200,0,-10.6976125,-48.4057881,1,https://raw.githubusercontent.com/LGRSV/vera-vegetacao/main/fotos/Enecol-Centro/VER20260702180307334085517F1.jpg,,,,V20260702180307334085517
196,V0074,Porto Nacional,CENTRO,AL,AL02072001,02/07/2026,18:03,Oiti,1585341,URBANO,5,50,Sim,300,200,0,-10.6976125,-48.4057881,1,https://raw.githubusercontent.com/LGRSV/vera-vegetacao/main/fotos/Enecol-Centro/VER20260704002109946197155F1.jpg,,,,V20260704002109946197155
197,V0075,Porto Nacional,CENTRO,AL,AL06072001,02/07/2026,18:07,Outros,42233414,URBANO,10,70,Sim,0,50,0,-10.696758,-48.4041425,1,https://raw.githubusercontent.com/LGRSV/vera-vegetacao/main/fotos/Enecol-Centro/VER20260704002116123741638F1.jpg,,,,V20260704002116123741638
198,V0075,Porto Nacional,CENTRO,AL,AL06072001,02/07/2026,18:07,Outros,42233414,URBANO,10,70,Sim,0,50,0,-10.696758,-48.4041425,1,https://raw.githubusercontent.com/LGRSV/vera-vegetacao/main/fotos/Enecol-Centro/VER20260702180751393066699F1.jpg,,,,V20260702180751393066699
199,V0001,Porto Nacional,CENTRO,AL,AL06072001,03/07/2026,08:07,Oiti,1275299,URBANO,5,60,Sim,300,300,0,-10.6965657,-48.4035891,1,https://raw.githubusercontent.com/LGRSV/vera-vegetacao/main/fotos/Enecol-Centro/VER20260703080743427835507F1.jpg,,,,V20260703080743427835507
200,V0002,Porto Nacional,CENTRO,AL,AL06072001,03/07/2026,08:09,Oiti,1275299,URBANO,5,60,Sim,300,300,0,-10.6965872,-48.4034894,1,https://raw.githubusercontent.com/LGRSV/vera-vegetacao/main/fotos/Enecol-Centro/VER20260703080914710178676F1.jpg,,,,V20260703080914710178676
201,V0003,Porto Nacional,CENTRO,AL,AL06072001,03/07/2026,08:12,Oiti,1275301,URBANO,7,65,Sim,0,50,0,-10.6962795,-48.4024043,1,https://raw.githubusercontent.com/LGRSV/vera-vegetacao/main/fotos/Enecol-Centro/VER20260703081257538954987F1.jpg,,,,V20260703081257538954987
202,V0004,Porto Nacional,CENTRO,AL,AL06072001,03/07/2026,08:14,Oiti,430415,URBANO,7,60,Sim,0,50,0,-10.6961901,-48.4023937,1,https://raw.githubusercontent.com/LGRSV/vera-vegetacao/main/fotos/Enecol-Centro/VER20260703081422203444851F1.jpg,,,,V20260703081422203444851
203,V0005,Porto Nacional,CENTRO,AL,AL06072001,03/07/2026,08:16,Outros,430413,URBANO,7,100,Sim,0,100,0,-10.6955967,-48.4026,1,https://raw.githubusercontent.com/LGRSV/vera-vegetacao/main/fotos/Enecol-Centro/VER20260703081648838936091F1.jpg,,,,V20260703081648838936091
204,V0006,Porto Nacional,CENTRO,AL,AL06072001,03/07/2026,08:18,Oiti,430413,URBANO,4,60,Sim,300,300,0,-10.6955144,-48.4026458,1,https://raw.githubusercontent.com/LGRSV/vera-vegetacao/main/fotos/Enecol-Centro/VER20260703081806359795744F1.jpg,,,,V20260703081806359795744
205,V0007,Porto Nacional,CENTRO,AL,AL06072001,03/07/2026,08:22,Outros,140762,URBANO,8,120,Sim,300,300,0,-10.6947715,-48.4030252,1,https://raw.githubusercontent.com/LGRSV/vera-vegetacao/main/fotos/Enecol-Centro/VER20260703082253729135659F1.jpg,,,,V20260703082253729135659
206,V0008,Porto Nacional,CENTRO,AL,AL06072001,03/07/2026,08:24,Oiti,140762,URBANO,7,60,Sim,0,200,0,-10.6946753,-48.4030516,1,https://raw.githubusercontent.com/LGRSV/vera-vegetacao/main/fotos/Enecol-Centro/VER20260703082405290525680F1.jpg,,,,V20260703082405290525680
207,V0009,Porto Nacional,CENTRO,AL,AL06072001,03/07/2026,08:25,Oiti,37332159,URBANO,7,50,Sim,0,200,0,-10.6945408,-48.4030437,1,https://raw.githubusercontent.com/LGRSV/vera-vegetacao/main/fotos/Enecol-Centro/VER20260703082512679832711F1.jpg,,,,V20260703082512679832711
208,V0010,Porto Nacional,CENTRO,AL,AL01072001,03/07/2026,08:27,Outros,43043493,URBANO,13,130,Sim,50,50,0,-10.6940941,-48.4032738,1,https://raw.githubusercontent.com/LGRSV/vera-vegetacao/main/fotos/Enecol-Centro/VER20260703082737820053543F1.jpg,,,,V20260703082737820053543
209,V0011,Porto Nacional,CENTRO,AL,AL05072001,03/07/2026,09:01,Oiti,473447,URBANO,5,60,Sim,300,300,0,-10.6922327,-48.4093264,1,https://raw.githubusercontent.com/LGRSV/vera-vegetacao/main/fotos/Enecol-Centro/VER20260703090134030139828F1.jpg,,,,V20260703090134030139828
210,V0012,Porto Nacional,CENTRO,AL,AL05072001,03/07/2026,09:02,Oiti,473447,URBANO,5,60,Sim,300,300,0,-10.692163,-48.4093403,1,https://raw.githubusercontent.com/LGRSV/vera-vegetacao/main/fotos/Enecol-Centro/VER20260703090242557347152F1.jpg,,,,V20260703090242557347152
211,V0013,Porto Nacional,CENTRO,AL,AL05072001,03/07/2026,09:04,Oiti,473447,URBANO,5,60,Sim,300,300,0,-10.6920876,-48.4092466,1,https://raw.githubusercontent.com/LGRSV/vera-vegetacao/main/fotos/Enecol-Centro/VER20260703090414281560417F1.jpg,,,,V20260703090414281560417
212,V0014,Porto Nacional,CENTRO,AL,AL05072001,03/07/2026,09:05,Oiti,473206,URBANO,5,60,Sim,300,300,0,-10.6917838,-48.4091721,1,https://raw.githubusercontent.com/LGRSV/vera-vegetacao/main/fotos/Enecol-Centro/VER20260703090555925630130F1.jpg,,,,V20260703090555925630130
213,V0015,Porto Nacional,CENTRO,AL,AL05072001,03/07/2026,09:07,Oiti,473206,URBANO,5,50,Sim,300,300,0,-10.691715,-48.4091362,1,https://raw.githubusercontent.com/LGRSV/vera-vegetacao/main/fotos/Enecol-Centro/VER20260703090729506139401F1.jpg,,,,V20260703090729506139401
214,V0016,Porto Nacional,CENTRO,AL,AL05072001,03/07/2026,09:09,Oiti,432252,URBANO,5,60,Sim,300,300,0,-10.6917056,-48.409184,1,https://raw.githubusercontent.com/LGRSV/vera-vegetacao/main/fotos/Enecol-Centro/VER20260703090905502017143F1.jpg,,,,V20260703090905502017143
215,V0017,Porto Nacional,CENTRO,AL,AL05072001,03/07/2026,09:10,Outros,432252,URBANO,6,50,Sim,200,300,0,-10.6915402,-48.4091193,1,https://raw.githubusercontent.com/LGRSV/vera-vegetacao/main/fotos/Enecol-Centro/VER20260703091043053987557F1.jpg,,,,V20260703091043053987557
216,V0018,Porto Nacional,CENTRO,AL,AL05072001,03/07/2026,09:12,Outros,432252,URBANO,6,70,Sim,50,300,0,-10.6914361,-48.4090977,1,https://raw.githubusercontent.com/LGRSV/vera-vegetacao/main/fotos/Enecol-Centro/VER20260703091239433539678F1.jpg,,,,V20260703091239433539678
217,V0019,Porto Nacional,CENTRO,AL,AL05072001,03/07/2026,09:15,Outros,432252,URBANO,6,60,Sim,100,300,0,-10.6915292,-48.4091456,1,https://raw.githubusercontent.com/LGRSV/vera-vegetacao/main/fotos/Enecol-Centro/VER20260703091504035755581F1.jpg,,,,V20260703091504035755581
218,V0020,Porto Nacional,CENTRO,AL,AL05072001,03/07/2026,09:33,Outros,472961,URBANO,8,130,Sim,300,300,0,-10.689973,-48.4086715,1,https://raw.githubusercontent.com/LGRSV/vera-vegetacao/main/fotos/Enecol-Centro/VER20260703093339304000331F1.jpg,,,,V20260703093339304000331
219,V0021,Porto Nacional,CENTRO,AL,AL05072001,03/07/2026,09:35,Oiti,472961,URBANO,6,80,Sim,150,300,0,-10.6898,-48.4085727,1,https://raw.githubusercontent.com/LGRSV/vera-vegetacao/main/fotos/Enecol-Centro/VER20260703093524800541586F1.jpg,,,,V20260703093524800541586
220,V0022,Porto Nacional,CENTRO,AL,AL05072001,03/07/2026,09:40,Outros,472959,URBANO,8,70,Sim,250,300,0,-10.6892083,-48.40842,1,https://raw.githubusercontent.com/LGRSV/vera-vegetacao/main/fotos/Enecol-Centro/VER20260703094016609086574F1.jpg,,,,V20260703094016609086574
221,V0023,Porto Nacional,CENTRO,AL,AL05072001,03/07/2026,09:42,Outros,472959,URBANO,7,120,Sim,300,300,0,-10.6891414,-48.408415,1,https://raw.githubusercontent.com/LGRSV/vera-vegetacao/main/fotos/Enecol-Centro/VER20260703094233019633560F1.jpg,,,,V20260703094233019633560
222,V0024,Porto Nacional,CENTRO,AL,AL05072001,03/07/2026,09:49,Oiti,472958,URBANO,5,90,Sim,300,300,0,-10.6887151,-48.4082897,1,https://raw.githubusercontent.com/LGRSV/vera-vegetacao/main/fotos/Enecol-Centro/VER20260703094941576985304F1.jpg,,,,V20260703094941576985304
223,V0025,Porto Nacional,CENTRO,AL,AL05072001,03/07/2026,09:51,Outros,91759,URBANO,10,140,Sim,0,200,0,-10.6885317,-48.4082317,1,https://raw.githubusercontent.com/LGRSV/vera-vegetacao/main/fotos/Enecol-Centro/VER20260703095140590770048F1.jpg,,,,V20260703095140590770048
224,V0026,Porto Nacional,CENTRO,AL,AL05072001,03/07/2026,10:01,Oiti,472711,URBANO,5,50,Sim,300,300,0,-10.6878683,-48.40805,1,https://raw.githubusercontent.com/LGRSV/vera-vegetacao/main/fotos/Enecol-Centro/VER20260703100138168273366F1.jpg,,,,V20260703100138168273366
225,V0027,Porto Nacional,CENTRO,AL,AL05072001,03/07/2026,10:03,Outros,472711,URBANO,4,40,Sim,300,300,0,-10.6876599,-48.4080338,1,https://raw.githubusercontent.com/LGRSV/vera-vegetacao/main/fotos/Enecol-Centro/VER20260703100312731556043F1.jpg,,,,V20260703100312731556043
226,V0028,Porto Nacional,CENTRO,AL,AL05072001,03/07/2026,10:05,Oiti,472111,URBANO,6,70,Sim,250,300,0,-10.6876051,-48.4080071,1,https://raw.githubusercontent.com/LGRSV/vera-vegetacao/main/fotos/Enecol-Centro/VER20260703100514366538409F1.jpg,,,,V20260703100514366538409
227,V0029,Porto Nacional,CENTRO,AL,AL05072001,03/07/2026,10:16,Oiti,472981,URBANO,4,60,Sim,300,300,0,-10.68727,-48.4079883,1,https://raw.githubusercontent.com/LGRSV/vera-vegetacao/main/fotos/Enecol-Centro/VER20260703101606575951890F1.jpg,,,,V20260703101606575951890
228,V0030,Porto Nacional,CENTRO,AL,AL05072001,03/07/2026,10:24,Oiti,472981,URBANO,5.5,60,Sim,50,300,0,-10.6871967,-48.4079717,1,https://raw.githubusercontent.com/LGRSV/vera-vegetacao/main/fotos/Enecol-Centro/VER20260703102500169244617F1.jpg,,,,V20260703102500169244617
229,V0031,Porto Nacional,CENTRO,AL,AL05072001,03/07/2026,10:27,Oiti,472981,URBANO,5,50,Sim,50,300,0,-10.6871417,-48.4079217,1,https://raw.githubusercontent.com/LGRSV/vera-vegetacao/main/fotos/Enecol-Centro/VER20260703102750669494917F1.jpg,,,,V20260703102750669494917
230,V0032,Porto Nacional,CENTRO,AL,AL05072001,03/07/2026,10:29,Oiti,472981,URBANO,5,50,Sim,50,300,0,-10.687085,-48.407915,1,https://raw.githubusercontent.com/LGRSV/vera-vegetacao/main/fotos/Enecol-Centro/VER20260703102930679252653F1.jpg,,,,V20260703102930679252653
231,V0033,Porto Nacional,CENTRO,AL,AL05072001,03/07/2026,10:30,Oiti,472981,URBANO,5,50,Sim,50,300,0,-10.6870533,-48.4078767,1,https://raw.githubusercontent.com/LGRSV/vera-vegetacao/main/fotos/Enecol-Centro/VER20260703103043148011036F1.jpg,,,,V20260703103043148011036
232,V0034,Porto Nacional,CENTRO,AL,AL05072001,03/07/2026,10:31,Oiti,472981,URBANO,5,50,Sim,50,300,0,-10.687015,-48.4079033,1,https://raw.githubusercontent.com/LGRSV/vera-vegetacao/main/fotos/Enecol-Centro/VER20260703103158066012490F1.jpg,,,,V20260703103158066012490
233,V0035,Porto Nacional,CENTRO,AL,AL05072001,03/07/2026,10:33,Cajueiro,472110,URBANO,11,110,Sim,50,200,0,-10.6867867,-48.4078033,1,https://raw.githubusercontent.com/LGRSV/vera-vegetacao/main/fotos/Enecol-Centro/VER20260703103344377949944F1.jpg,,,,V20260703103344377949944
234,V0036,Porto Nacional,CENTRO,AL,AL05072001,03/07/2026,11:00,Coqueiro,91760,URBANO,13,80,Sim,100,0,0,-10.6855817,-48.40746,1,https://raw.githubusercontent.com/LGRSV/vera-vegetacao/main/fotos/Enecol-Centro/VER20260703110038487640452F1.jpg,,,,V20260703110038487640452
235,V0037,Porto Nacional,CENTRO,AL,AL05072001,03/07/2026,11:02,Cajueiro,475365,URBANO,11,130,Sim,100,100,0,-10.6852825,-48.4074417,1,https://raw.githubusercontent.com/LGRSV/vera-vegetacao/main/fotos/Enecol-Centro/VER20260703110215147448857F1.jpg,,,,V20260703110215147448857
236,V0038,Porto Nacional,CENTRO,AL,AL05072001,03/07/2026,11:03,Outros,475365,URBANO,12,110,Sim,150,0,0,-10.6851435,-48.4073466,1,https://raw.githubusercontent.com/LGRSV/vera-vegetacao/main/fotos/Enecol-Centro/VER20260703110338485916162F1.jpg,,,,V20260703110338485916162
237,V0039,Porto Nacional,CENTRO,AL,AL05072001,03/07/2026,11:04,Outros,475800,URBANO,9,90,Sim,250,300,0,-10.6851042,-48.4073663,1,https://raw.githubusercontent.com/LGRSV/vera-vegetacao/main/fotos/Enecol-Centro/VER20260703110455986659026F1.jpg,,,,V20260703110455986659026
238,V0040,Porto Nacional,CENTRO,AL,AL05072001,03/07/2026,11:06,Pequi,475800,URBANO,6,80,Sim,300,300,0,-10.6850054,-48.4073215,1,https://raw.githubusercontent.com/LGRSV/vera-vegetacao/main/fotos/Enecol-Centro/VER20260703110613992271143F1.jpg,,,,V20260703110613992271143
239,V0041,Porto Nacional,CENTRO,AL,AL05072001,03/07/2026,11:08,Pequi,475801,URBANO,10,100,Sim,250,300,0,-10.6845571,-48.4071917,1,https://raw.githubusercontent.com/LGRSV/vera-vegetacao/main/fotos/Enecol-Centro/VER20260703110811689554187F1.jpg,,,,V20260703110811689554187
240,V0042,Porto Nacional,CENTRO,AL,AL05072001,03/07/2026,11:09,Outros,475802,URBANO,12,120,Sim,200,50,0,-10.6844302,-48.4071538,1,https://raw.githubusercontent.com/LGRSV/vera-vegetacao/main/fotos/Enecol-Centro/VER20260703110942815238085F1.jpg,,,,V20260703110942815238085
241,V0043,Porto Nacional,CENTRO,AL,AL05072001,03/07/2026,11:11,Outros,475803,URBANO,11,100,Sim,150,50,0,-10.6838476,-48.4070157,1,https://raw.githubusercontent.com/LGRSV/vera-vegetacao/main/fotos/Enecol-Centro/VER20260703111158039191024F1.jpg,,,,V20260703111158039191024
242,V0044,Porto Nacional,CENTRO,AL,AL05072001,03/07/2026,11:13,Outros,473594,URBANO,10,60,Sim,150,50,0,-10.683779,-48.4069619,1,https://raw.githubusercontent.com/LGRSV/vera-vegetacao/main/fotos/Enecol-Centro/VER20260703111329007697178F1.jpg,,,,V20260703111329007697178
243,V0045,Porto Nacional,CENTRO,AL,AL05072001,03/07/2026,11:15,Cajueiro,473594,URBANO,10,110,Sim,200,300,0,-10.6835567,-48.4068697,1,https://raw.githubusercontent.com/LGRSV/vera-vegetacao/main/fotos/Enecol-Centro/VER20260703111524688123792F1.jpg,,,,V20260703111524688123792
244,V0046,Porto Nacional,CENTRO,AL,AL05072001,03/07/2026,11:16,Oiti,91761,URBANO,4,70,Sim,300,300,0,-10.683363,-48.406853,1,https://raw.githubusercontent.com/LGRSV/vera-vegetacao/main/fotos/Enecol-Centro/VER20260703111652103775271F1.jpg,,,,V20260703111652103775271
245,V0047,Porto Nacional,CENTRO,AL,AL05072001,03/07/2026,11:35,Oiti,942774,URBANO,5,50,Sim,300,300,0,-10.68297,-48.40674,1,https://raw.githubusercontent.com/LGRSV/vera-vegetacao/main/fotos/Enecol-Centro/VER20260703113521498518251F1.jpg,,,,V20260703113521498518251
246,V0048,Porto Nacional,CENTRO,AL,AL05072001,03/07/2026,11:36,Oiti,942774,URBANO,5,50,Sim,300,300,0,-10.6829233,-48.4067183,1,https://raw.githubusercontent.com/LGRSV/vera-vegetacao/main/fotos/Enecol-Centro/VER20260703113635261429640F1.jpg,,,,V20260703113635261429640
247,V0049,Porto Nacional,CENTRO,AL,AL05072001,03/07/2026,11:38,Oiti,473366,URBANO,6,60,Sim,300,300,0,-10.682815,-48.406705,1,https://raw.githubusercontent.com/LGRSV/vera-vegetacao/main/fotos/Enecol-Centro/VER20260703113809609208836F1.jpg,,,,V20260703113809609208836
248,V0050,Porto Nacional,CENTRO,AL,AL05072001,03/07/2026,11:40,Oiti,473366,URBANO,5,50,Sim,300,300,0,-10.6827417,-48.4066817,1,https://raw.githubusercontent.com/LGRSV/vera-vegetacao/main/fotos/Enecol-Centro/VER20260703114007623183561F1.jpg,,,,V20260703114007623183561
249,V0051,Porto Nacional,CENTRO,AL,AL05072001,03/07/2026,11:41,Oiti,473366,URBANO,4,40,Sim,300,300,0,-10.6827017,-48.406635,1,https://raw.githubusercontent.com/LGRSV/vera-vegetacao/main/fotos/Enecol-Centro/VER20260703114150318488765F1.jpg,,,,V20260703114150318488765
250,V0052,Porto Nacional,CENTRO,AL,AL05072001,03/07/2026,11:43,Oiti,1604064,URBANO,4,50,Sim,300,300,0,-10.6826783,-48.4066833,1,https://raw.githubusercontent.com/LGRSV/vera-vegetacao/main/fotos/Enecol-Centro/VER20260703114317244200304F1.jpg,,,,V20260703114317244200304
251,V0053,Porto Nacional,CENTRO,AL,AL05072001,03/07/2026,11:44,Oiti,1604064,URBANO,4,50,Sim,300,300,0,-10.68267,-48.4066483,1,https://raw.githubusercontent.com/LGRSV/vera-vegetacao/main/fotos/Enecol-Centro/VER20260703114457740478480F1.jpg,,,,V20260703114457740478480
252,V0054,Porto Nacional,CENTRO,AL,AL05072001,03/07/2026,14:16,Outros,1603768,URBANO,9,110,Sim,100,250,0,-10.6818176,-48.4064162,1,https://raw.githubusercontent.com/LGRSV/vera-vegetacao/main/fotos/Enecol-Centro/VER20260703141653761040711F1.jpg,,,,V20260703141653761040711
253,V0055,Porto Nacional,CENTRO,AL,AL05072001,03/07/2026,14:19,Outros,1603774,URBANO,9,110,Sim,0,100,0,-10.6809915,-48.4061625,1,https://raw.githubusercontent.com/LGRSV/vera-vegetacao/main/fotos/Enecol-Centro/VER20260703141948141120036F1.jpg,,,,V20260703141948141120036
254,V0056,Porto Nacional,CENTRO,AL,AL05072001,03/07/2026,14:21,Outros,942777,URBANO,7,,Sim,50,200,0,-10.6808783,-48.4061539,1,https://raw.githubusercontent.com/LGRSV/vera-vegetacao/main/fotos/Enecol-Centro/VER20260703142141865897887F1.jpg,,,,V20260703142141865897887
255,V0057,Porto Nacional,CENTRO,AL,AL05072001,03/07/2026,14:23,Cajueiro,942777,URBANO,5,40,Sim,200,300,0,-10.6807503,-48.4061178,1,https://raw.githubusercontent.com/LGRSV/vera-vegetacao/main/fotos/Enecol-Centro/VER20260703142325078542789F1.jpg,,,,V20260703142325078542789
256,V0058,Porto Nacional,CENTRO,AL,AL05072001,03/07/2026,14:26,Outros,942777,URBANO,10,60,Sim,300,150,0,-10.6804878,-48.4060609,1,https://raw.githubusercontent.com/LGRSV/vera-vegetacao/main/fotos/Enecol-Centro/VER20260703142620312907576F1.jpg,,,,V20260703142620312907576
257,V0076,Porto Nacional,CENTRO,AL,AL05072001,03/07/2026,15:13,Pequi,1603505,URBANO,11,130,Sim,300,50,0,-10.6735206,-48.4041721,1,https://raw.githubusercontent.com/LGRSV/vera-vegetacao/main/fotos/Enecol-Centro/VER20260704002122060561710F1.jpg,,,,V20260704002122060561710
258,V0076,Porto Nacional,CENTRO,AL,AL05072001,03/07/2026,15:13,Pequi,1603505,URBANO,11,130,Sim,300,50,0,-10.6735206,-48.4041721,1,https://raw.githubusercontent.com/LGRSV/vera-vegetacao/main/fotos/Enecol-Centro/VER20260703151343733372189F1.jpg,,,,V20260703151343733372189
259,V0077,Porto Nacional,CENTRO,AL,AL05072001,03/07/2026,15:21,Outros,475122,URBANO,14,160,Sim,300,100,0,-10.6708083,-48.403495,1,https://raw.githubusercontent.com/LGRSV/vera-vegetacao/main/fotos/Enecol-Centro/VER20260704002128286321427F1.jpg,,,,V20260704002128286321427
260,V0077,Porto Nacional,CENTRO,AL,AL05072001,03/07/2026,15:21,Outros,475122,URBANO,14,160,Sim,300,100,0,-10.6708083,-48.403495,1,https://raw.githubusercontent.com/LGRSV/vera-vegetacao/main/fotos/Enecol-Centro/VER20260703152122843958068F1.jpg,,,,V20260703152122843958068
261,V0078,Porto Nacional,CENTRO,AL,AL05072001,03/07/2026,15:22,Mangueira,475122,URBANO,20,190,Sim,300,200,0,-10.6710575,-48.4038306,1,https://raw.githubusercontent.com/LGRSV/vera-vegetacao/main/fotos/Enecol-Centro/VER20260704002135083071557F1.jpg,,,,V20260704002135083071557
262,V0078,Porto Nacional,CENTRO,AL,AL05072001,03/07/2026,15:22,Mangueira,475122,URBANO,20,190,Sim,300,200,0,-10.6710575,-48.4038306,1,https://raw.githubusercontent.com/LGRSV/vera-vegetacao/main/fotos/Enecol-Centro/VER20260703152301558670718F1.jpg,,,,V20260703152301558670718
263,V0079,Porto Nacional,CENTRO,AL,AL05072001,03/07/2026,15:24,Cajueiro,475122,URBANO,20,160,Sim,300,200,0,-10.6710603,-48.4038216,1,https://raw.githubusercontent.com/LGRSV/vera-vegetacao/main/fotos/Enecol-Centro/VER20260704002142294409402F1.jpg,,,,V20260704002142294409402
264,V0079,Porto Nacional,CENTRO,AL,AL05072001,03/07/2026,15:24,Cajueiro,475122,URBANO,20,160,Sim,300,200,0,-10.6710603,-48.4038216,1,https://raw.githubusercontent.com/LGRSV/vera-vegetacao/main/fotos/Enecol-Centro/VER20260703152420547317749F1.jpg,,,,V20260703152420547317749
265,V0080,Porto Nacional,CENTRO,AL,AL05072001,03/07/2026,15:25,Mangueira,475122,URBANO,20,180,Sim,300,200,0,-10.6710577,-48.4038234,1,https://raw.githubusercontent.com/LGRSV/vera-vegetacao/main/fotos/Enecol-Centro/VER20260704002157285075470F1.jpg,,,,V20260704002157285075470
266,V0080,Porto Nacional,CENTRO,AL,AL05072001,03/07/2026,15:25,Mangueira,475122,URBANO,20,180,Sim,300,200,0,-10.6710577,-48.4038234,1,https://raw.githubusercontent.com/LGRSV/vera-vegetacao/main/fotos/Enecol-Centro/VER20260703152536893732703F1.jpg,,,,V20260703152536893732703
267,V0081,Porto Nacional,CENTRO,AL,AL05072001,03/07/2026,15:27,Cajueiro,475123,URBANO,15,160,Sim,300,200,0,-10.6714599,-48.4034734,1,https://raw.githubusercontent.com/LGRSV/vera-vegetacao/main/fotos/Enecol-Centro/VER20260704002204499887885F1.jpg,,,,V20260704002204499887885
268,V0081,Porto Nacional,CENTRO,AL,AL05072001,03/07/2026,15:27,Cajueiro,475123,URBANO,15,160,Sim,300,200,0,-10.6714599,-48.4034734,1,https://raw.githubusercontent.com/LGRSV/vera-vegetacao/main/fotos/Enecol-Centro/VER20260703152734767204768F1.jpg,,,,V20260703152734767204768
269,V0082,Porto Nacional,CENTRO,AL,AL05072001,03/07/2026,15:28,Outros,475123,URBANO,5,50,Sim,300,300,0,-10.6716373,-48.4032964,1,https://raw.githubusercontent.com/LGRSV/vera-vegetacao/main/fotos/Enecol-Centro/VER20260703152847066766201F1.jpg,,,,V20260703152847066766201
270,V0082,Porto Nacional,CENTRO,AL,AL05072001,03/07/2026,15:28,Outros,475123,URBANO,5,50,Sim,300,300,0,-10.6716373,-48.4032964,1,https://raw.githubusercontent.com/LGRSV/vera-vegetacao/main/fotos/Enecol-Centro/VER20260704002211541319055F1.jpg,,,,V20260704002211541319055
271,V0083,Porto Nacional,CENTRO,AL,AL05072001,03/07/2026,15:47,Cajueiro,1861711,URBANO,5,50,Não,300,300,0,-10.6582244,-48.3981421,1,https://raw.githubusercontent.com/LGRSV/vera-vegetacao/main/fotos/Enecol-Centro/VER20260704002218587870397F1.jpg,,,,V20260704002218587870397
272,V0083,Porto Nacional,CENTRO,AL,AL05072001,03/07/2026,15:47,Cajueiro,1861711,URBANO,5,50,Não,300,300,0,-10.6582244,-48.3981421,1,https://raw.githubusercontent.com/LGRSV/vera-vegetacao/main/fotos/Enecol-Centro/VER20260703154709599403164F1.jpg,,,,V20260703154709599403164
273,V0084,Porto Nacional,CENTRO,AL,AL05072001,03/07/2026,16:03,Outros,832937,URBANO,15,145,Sim,200,50,0,-10.6791799,-48.4054863,1,https://raw.githubusercontent.com/LGRSV/vera-vegetacao/main/fotos/Enecol-Centro/VER20260704002225411527379F1.jpg,,,,V20260704002225411527379
274,V0084,Porto Nacional,CENTRO,AL,AL05072001,03/07/2026,16:03,Outros,832937,URBANO,15,145,Sim,200,50,0,-10.6791799,-48.4054863,1,https://raw.githubusercontent.com/LGRSV/vera-vegetacao/main/fotos/Enecol-Centro/VER20260703160307978489247F1.jpg,,,,V20260703160307978489247
275,V0085,Porto Nacional,CENTRO,AL,AL05072001,03/07/2026,16:05,Pequi,1165316,URBANO,12,130,Sim,100,200,0,-10.6796907,-48.404096,1,https://raw.githubusercontent.com/LGRSV/vera-vegetacao/main/fotos/Enecol-Centro/VER20260704002233799134308F1.jpg,,,,V20260704002233799134308
276,V0085,Porto Nacional,CENTRO,AL,AL05072001,03/07/2026,16:05,Pequi,1165316,URBANO,12,130,Sim,100,200,0,-10.6796907,-48.404096,1,https://raw.githubusercontent.com/LGRSV/vera-vegetacao/main/fotos/Enecol-Centro/VER20260703160555619486373F1.jpg,,,,V20260703160555619486373
277,V0086,Porto Nacional,CENTRO,AL,AL05072001,03/07/2026,16:07,Oiti,474115,URBANO,7,50,Sim,0,200,0,-10.6798654,-48.4039449,1,https://raw.githubusercontent.com/LGRSV/vera-vegetacao/main/fotos/Enecol-Centro/VER20260704002240186404805F1.jpg,,,,V20260704002240186404805
278,V0086,Porto Nacional,CENTRO,AL,AL05072001,03/07/2026,16:07,Oiti,474115,URBANO,7,50,Sim,0,200,0,-10.6798654,-48.4039449,1,https://raw.githubusercontent.com/LGRSV/vera-vegetacao/main/fotos/Enecol-Centro/VER20260703160703977604620F1.jpg,,,,V20260703160703977604620
279,V0087,Porto Nacional,CENTRO,LD,LD01072001,03/07/2026,16:12,Oiti,527587,URBANO,4,30,Sim,,,0,-10.6716548,-48.4000889,1,https://raw.githubusercontent.com/LGRSV/vera-vegetacao/main/fotos/Enecol-Centro/VER20260704002249281658071F1.jpg,,,,V20260704002249281658071
280,V0087,Porto Nacional,CENTRO,LD,LD01072001,03/07/2026,16:12,Oiti,527587,URBANO,4,30,Sim,,,0,-10.6716548,-48.4000889,1,https://raw.githubusercontent.com/LGRSV/vera-vegetacao/main/fotos/Enecol-Centro/VER20260703161208300442587F1.jpg,,,,V20260703161208300442587
281,V0088,Porto Nacional,CENTRO,LD,LD01072001,03/07/2026,16:14,Outros,476064,URBANO,2,20,Sim,,,0,-10.6744386,-48.4012924,1,https://raw.githubusercontent.com/LGRSV/vera-vegetacao/main/fotos/Enecol-Centro/VER20260704002258703861710F1.jpg,,,,V20260704002258703861710
282,V0088,Porto Nacional,CENTRO,LD,LD01072001,03/07/2026,16:14,Outros,476064,URBANO,2,20,Sim,,,0,-10.6744386,-48.4012924,1,https://raw.githubusercontent.com/LGRSV/vera-vegetacao/main/fotos/Enecol-Centro/VER20260703161453017265188F1.jpg,,,,V20260703161453017265188
283,V0089,Porto Nacional,CENTRO,LD,LD01072001,03/07/2026,16:16,Outros,476064,URBANO,2,20,Sim,,,0,-10.6748477,-48.4013022,1,https://raw.githubusercontent.com/LGRSV/vera-vegetacao/main/fotos/Enecol-Centro/VER20260703161659414659292F1.jpg,,,,V20260703161659414659292
284,V0089,Porto Nacional,CENTRO,LD,LD01072001,03/07/2026,16:16,Outros,476064,URBANO,2,20,Sim,,,0,-10.6748477,-48.4013022,1,https://raw.githubusercontent.com/LGRSV/vera-vegetacao/main/fotos/Enecol-Centro/VER20260704002305432823233F1.jpg,,,,V20260704002305432823233
285,V0090,Porto Nacional,CENTRO,LD,LD03072001,03/07/2026,16:18,Outros,1888080,URBANO,2,20,Sim,,,0,-10.6747529,-48.4011653,1,https://raw.githubusercontent.com/LGRSV/vera-vegetacao/main/fotos/Enecol-Centro/VER20260704002312258387398F1.jpg,,,,V20260704002312258387398
286,V0090,Porto Nacional,CENTRO,LD,LD03072001,03/07/2026,16:18,Outros,1888080,URBANO,2,20,Sim,,,0,-10.6747529,-48.4011653,1,https://raw.githubusercontent.com/LGRSV/vera-vegetacao/main/fotos/Enecol-Centro/VER20260703161826328103887F1.jpg,,,,V20260703161826328103887
287,V0091,Porto Nacional,CENTRO,LD,LD03072001,03/07/2026,16:19,Oiti,476065,URBANO,2,20,Sim,,,0,-10.6754554,-48.4014682,1,https://raw.githubusercontent.com/LGRSV/vera-vegetacao/main/fotos/Enecol-Centro/VER20260704002319027604936F1.jpg,,,,V20260704002319027604936
288,V0091,Porto Nacional,CENTRO,LD,LD03072001,03/07/2026,16:19,Oiti,476065,URBANO,2,20,Sim,,,0,-10.6754554,-48.4014682,1,https://raw.githubusercontent.com/LGRSV/vera-vegetacao/main/fotos/Enecol-Centro/VER20260703161956369722412F1.jpg,,,,V20260703161956369722412
289,V0092,Porto Nacional,CENTRO,LD,LD03072001,03/07/2026,16:23,Oiti,527042,URBANO,2,20,Sim,,,0,-10.6759163,-48.401696,1,https://raw.githubusercontent.com/LGRSV/vera-vegetacao/main/fotos/Enecol-Centro/VER20260704002328684574281F1.jpg,,,,V20260704002328684574281
290,V0092,Porto Nacional,CENTRO,LD,LD03072001,03/07/2026,16:23,Oiti,527042,URBANO,2,20,Sim,,,0,-10.6759163,-48.401696,1,https://raw.githubusercontent.com/LGRSV/vera-vegetacao/main/fotos/Enecol-Centro/VER20260703162311162893598F1.jpg,,,,V20260703162311162893598
291,V0093,Porto Nacional,CENTRO,LD,LD01072001,03/07/2026,16:24,Oiti,476066,URBANO,2,20,,,,0,-10.6760654,-48.4017493,1,https://raw.githubusercontent.com/LGRSV/vera-vegetacao/main/fotos/Enecol-Centro/VER20260704002337558773696F1.jpg,,,,V20260704002337558773696
292,V0093,Porto Nacional,CENTRO,LD,LD01072001,03/07/2026,16:24,Oiti,476066,URBANO,2,20,,,,0,-10.6760654,-48.4017493,1,https://raw.githubusercontent.com/LGRSV/vera-vegetacao/main/fotos/Enecol-Centro/VER20260703162425100934957F1.jpg,,,,V20260703162425100934957
293,V0094,Porto Nacional,CENTRO,LD,LD03072001,03/07/2026,16:25,Oiti,52928120,URBANO,2,20,Sim,,,0,-10.6766946,-48.401648,1,https://raw.githubusercontent.com/LGRSV/vera-vegetacao/main/fotos/Enecol-Centro/VER20260704002343603880328F1.jpg,,,,V20260704002343603880328
294,V0094,Porto Nacional,CENTRO,LD,LD03072001,03/07/2026,16:25,Oiti,52928120,URBANO,2,20,Sim,,,0,-10.6766946,-48.401648,1,https://raw.githubusercontent.com/LGRSV/vera-vegetacao/main/fotos/Enecol-Centro/VER20260703162555701926098F1.jpg,,,,V20260703162555701926098
295,V0095,Porto Nacional,CENTRO,LD,LD03072001,03/07/2026,16:58,Oiti,527304,URBANO,2,20,Sim,,,0,-10.6767444,-48.4019671,1,https://raw.githubusercontent.com/LGRSV/vera-vegetacao/main/fotos/Enecol-Centro/VER20260703165812095792584F1.jpg,,,,V20260703165812095792584
296,V0095,Porto Nacional,CENTRO,LD,LD03072001,03/07/2026,16:58,Oiti,527304,URBANO,2,20,Sim,,,0,-10.6767444,-48.4019671,1,https://raw.githubusercontent.com/LGRSV/vera-vegetacao/main/fotos/Enecol-Centro/VER20260704002350277066078F1.jpg,,,,V20260704002350277066078
297,V0096,Porto Nacional,CENTRO,LD,LD03072001,03/07/2026,16:59,Oiti,476067,URBANO,2,20,Sim,,,0,-10.6770214,-48.4021749,1,https://raw.githubusercontent.com/LGRSV/vera-vegetacao/main/fotos/Enecol-Centro/VER20260704002658515296340F1.jpg,,,,V20260704002658515296340
298,V0096,Porto Nacional,CENTRO,LD,LD03072001,03/07/2026,16:59,Oiti,476067,URBANO,2,20,Sim,,,0,-10.6770214,-48.4021749,1,https://raw.githubusercontent.com/LGRSV/vera-vegetacao/main/fotos/Enecol-Centro/VER20260703165932477234057F1.jpg,,,,V20260703165932477234057
299,V0097,Porto Nacional,CENTRO,LD,LD03072001,03/07/2026,17:00,Oiti,476067,URBANO,2,20,Sim,,,0,-10.676995,-48.4021166,1,https://raw.githubusercontent.com/LGRSV/vera-vegetacao/main/fotos/Enecol-Centro/VER20260704014207156519989F1.jpg,,,,V20260704014207156519989
300,V0097,Porto Nacional,CENTRO,LD,LD03072001,03/07/2026,17:00,Oiti,476067,URBANO,2,20,Sim,,,0,-10.676995,-48.4021166,1,https://raw.githubusercontent.com/LGRSV/vera-vegetacao/main/fotos/Enecol-Centro/VER20260703170047766846978F1.jpg,,,,V20260703170047766846978
301,V0098,Porto Nacional,CENTRO,LD,LD01072001,03/07/2026,17:07,Oiti,527305,URBANO,2,20,Sim,,,0,-10.6776698,-48.402325,1,https://raw.githubusercontent.com/LGRSV/vera-vegetacao/main/fotos/Enecol-Centro/VER20260704014213574379386F1.jpg,,,,V20260704014213574379386
302,V0098,Porto Nacional,CENTRO,LD,LD01072001,03/07/2026,17:07,Oiti,527305,URBANO,2,20,Sim,,,0,-10.6776698,-48.402325,1,https://raw.githubusercontent.com/LGRSV/vera-vegetacao/main/fotos/Enecol-Centro/VER20260703170718315324536F1.jpg,,,,V20260703170718315324536
303,V0099,Porto Nacional,CENTRO,LD,LD01072001,03/07/2026,17:09,Oiti,476068,URBANO,2,20,Sim,,,0,-10.6778993,-48.4024414,1,https://raw.githubusercontent.com/LGRSV/vera-vegetacao/main/fotos/Enecol-Centro/VER20260704014222735601210F1.jpg,,,,V20260704014222735601210
304,V0099,Porto Nacional,CENTRO,LD,LD01072001,03/07/2026,17:09,Oiti,476068,URBANO,2,20,Sim,,,0,-10.6778993,-48.4024414,1,https://raw.githubusercontent.com/LGRSV/vera-vegetacao/main/fotos/Enecol-Centro/VER20260703170921204349122F1.jpg,,,,V20260703170921204349122
305,V0100,Porto Nacional,CENTRO,LD,LD03072001,03/07/2026,17:12,Mangueira,476069,URBANO,3,30,Sim,,,0,-10.678469,-48.4027055,1,https://raw.githubusercontent.com/LGRSV/vera-vegetacao/main/fotos/Enecol-Centro/VER20260704014229363914713F1.jpg,,,,V20260704014229363914713
306,V0100,Porto Nacional,CENTRO,LD,LD03072001,03/07/2026,17:12,Mangueira,476069,URBANO,3,30,Sim,,,0,-10.678469,-48.4027055,1,https://raw.githubusercontent.com/LGRSV/vera-vegetacao/main/fotos/Enecol-Centro/VER20260703171206614284433F1.jpg,,,,V20260703171206614284433
307,V0101,Porto Nacional,CENTRO,LD,LD03072001,03/07/2026,17:13,Cajueiro,476069,URBANO,3.5,30,Sim,,,0,-10.6786575,-48.4028015,1,https://raw.githubusercontent.com/LGRSV/vera-vegetacao/main/fotos/Enecol-Centro/VER20260703171317877337347F1.jpg,,,,V20260703171317877337347
308,V0101,Porto Nacional,CENTRO,LD,LD03072001,03/07/2026,17:13,Cajueiro,476069,URBANO,3.5,30,Sim,,,0,-10.6786575,-48.4028015,1,https://raw.githubusercontent.com/LGRSV/vera-vegetacao/main/fotos/Enecol-Centro/VER20260704014239443781797F1.jpg,,,,V20260704014239443781797
309,V0102,Porto Nacional,CENTRO,LD,LD03072001,03/07/2026,17:19,Oiti,527300,URBANO,2,20,Sim,,,0,-10.6790005,-48.4028871,1,https://raw.githubusercontent.com/LGRSV/vera-vegetacao/main/fotos/Enecol-Centro/VER20260704014249307673011F1.jpg,,,,V20260704014249307673011
310,V0102,Porto Nacional,CENTRO,LD,LD03072001,03/07/2026,17:19,Oiti,527300,URBANO,2,20,Sim,,,0,-10.6790005,-48.4028871,1,https://raw.githubusercontent.com/LGRSV/vera-vegetacao/main/fotos/Enecol-Centro/VER20260703171919748140372F1.jpg,,,,V20260703171919748140372
311,V0103,Porto Nacional,CENTRO,LD,LD03072001,03/07/2026,17:20,Oiti,527302,URBANO,2,20,Sim,,,0,-10.6791669,-48.4029225,1,https://raw.githubusercontent.com/LGRSV/vera-vegetacao/main/fotos/Enecol-Centro/VER20260703172029059286193F1.jpg,,,,V20260703172029059286193
312,V0103,Porto Nacional,CENTRO,LD,LD03072001,03/07/2026,17:20,Oiti,527302,URBANO,2,20,Sim,,,0,-10.6791669,-48.4029225,1,https://raw.githubusercontent.com/LGRSV/vera-vegetacao/main/fotos/Enecol-Centro/VER20260704014256716900433F1.jpg,,,,V20260704014256716900433
313,V0104,Porto Nacional,CENTRO,AL,AL05072001,06/07/2026,14:45,Outros,1262744,URBANO,3.5,20,Sim,300,300,0,-10.6647805,-48.3998393,1,https://raw.githubusercontent.com/LGRSV/vera-vegetacao/main/fotos/Enecol-Centro/VER20260706144601751503794F1.jpg,,,,V20260706144601751503794
314,V0105,Porto Nacional,CENTRO,AL,AL05072001,06/07/2026,14:47,Outros,1262744,URBANO,4,20,Sim,300,300,0,-10.6649818,-48.3995363,1,https://raw.githubusercontent.com/LGRSV/vera-vegetacao/main/fotos/Enecol-Centro/VER20260706144731894677558F1.jpg,,,,V20260706144731894677558
315,V0106,Porto Nacional,CENTRO,LD,LD01072001,06/07/2026,14:52,Cajueiro,1446610,URBANO,7,50,Sim,100,300,0,-10.6694759,-48.3992148,1,https://raw.githubusercontent.com/LGRSV/vera-vegetacao/main/fotos/Enecol-Centro/VER20260706145222623368251F1.jpg,,,,V20260706145222623368251
316,V0107,Porto Nacional,CENTRO,LD,LD01072001,06/07/2026,14:54,Eucalipto,1446610,URBANO,,70,,300,300,0,-10.6695988,-48.3992211,1,https://raw.githubusercontent.com/LGRSV/vera-vegetacao/main/fotos/Enecol-Centro/VER20260706145405000609421F1.jpg,,,,V20260706145405000609421
317,V0108,Porto Nacional,CENTRO,LD,LD01072001,06/07/2026,14:56,Outros,527318,URBANO,17,140,Sim,300,300,0,-10.6702485,-48.3995309,1,https://raw.githubusercontent.com/LGRSV/vera-vegetacao/main/fotos/Enecol-Centro/VER20260706145607342034813F1.jpg,,,,V20260706145607342034813
318,V0109,Porto Nacional,CENTRO,LD,LD01072001,06/07/2026,15:03,Oiti,527031,URBANO,2,25,Sim,300,300,0,-10.6804883,-48.403275,1,https://raw.githubusercontent.com/LGRSV/vera-vegetacao/main/fotos/Enecol-Centro/VER20260706150347292227426F1.jpg,,,,V20260706150347292227426
319,V0110,Porto Nacional,CENTRO,LD,LD01072001,06/07/2026,15:04,Oiti,527031,URBANO,2,25,Sim,300,300,0,-10.6804575,-48.4034653,1,https://raw.githubusercontent.com/LGRSV/vera-vegetacao/main/fotos/Enecol-Centro/VER20260706150442006992807F1.jpg,,,,V20260706150442006992807
320,V0111,Porto Nacional,CENTRO,LD,LD01072001,06/07/2026,15:10,Oiti,476070,URBANO,3.5,40,Sim,300,300,0,-10.6815559,-48.403861,1,https://raw.githubusercontent.com/LGRSV/vera-vegetacao/main/fotos/Enecol-Centro/VER20260706151036773389226F1.jpg,,,,V20260706151036773389226
321,V0112,Porto Nacional,CENTRO,LD,LD01072001,06/07/2026,15:12,Oiti,476070,URBANO,4,40,Sim,300,300,0,-10.6815328,-48.4037954,1,https://raw.githubusercontent.com/LGRSV/vera-vegetacao/main/fotos/Enecol-Centro/VER20260706151235200248833F1.jpg,,,,V20260706151235200248833
322,V0113,Porto Nacional,CENTRO,LD,LD01072001,06/07/2026,15:13,Oiti,476070,URBANO,4.5,40,Sim,300,300,0,-10.681579,-48.4040269,1,https://raw.githubusercontent.com/LGRSV/vera-vegetacao/main/fotos/Enecol-Centro/VER20260706151401715172471F1.jpg,,,,V20260706151401715172471
323,V0114,Porto Nacional,CENTRO,LD,LD01072001,06/07/2026,15:15,Outros,476070,URBANO,4.5,40,Sim,300,300,0,-10.6815272,-48.4036467,1,https://raw.githubusercontent.com/LGRSV/vera-vegetacao/main/fotos/Enecol-Centro/VER20260706151506947104566F1.jpg,,,,V20260706151506947104566
324,V0115,Porto Nacional,CENTRO,LD,LD01072001,06/07/2026,15:16,Oiti,476070,URBANO,4.5,40,Sim,300,300,0,-10.6816689,-48.4037697,1,https://raw.githubusercontent.com/LGRSV/vera-vegetacao/main/fotos/Enecol-Centro/VER20260706151627116809996F1.jpg,,,,V20260706151627116809996
325,V0116,Porto Nacional,CENTRO,LD,LD01072001,06/07/2026,15:17,Oiti,527036,URBANO,4,60,Sim,300,300,0,-10.6816318,-48.4037963,1,https://raw.githubusercontent.com/LGRSV/vera-vegetacao/main/fotos/Enecol-Centro/VER20260706151718367769795F1.jpg,,,,V20260706151718367769795
326,V0117,Porto Nacional,CENTRO,LD,LD01072001,06/07/2026,15:18,Oiti,527036,URBANO,3.5,40,Sim,300,300,0,-10.6816843,-48.4037955,1,https://raw.githubusercontent.com/LGRSV/vera-vegetacao/main/fotos/Enecol-Centro/VER20260706151829461897776F1.jpg,,,,V20260706151829461897776
327,V0118,Porto Nacional,CENTRO,LD,LD01072001,06/07/2026,15:19,Oiti,527036,URBANO,4,40,Sim,300,300,0,-10.681846,-48.4038043,1,https://raw.githubusercontent.com/LGRSV/vera-vegetacao/main/fotos/Enecol-Centro/VER20260706151928872948465F1.jpg,,,,V20260706151928872948465
328,V0119,Porto Nacional,CENTRO,LD,LD01072001,06/07/2026,15:20,Oiti,527029,URBANO,5,40,Sim,100,300,0,-10.6821023,-48.4040578,1,https://raw.githubusercontent.com/LGRSV/vera-vegetacao/main/fotos/Enecol-Centro/VER20260706152044299465639F1.jpg,,,,V20260706152044299465639
329,V0120,Porto Nacional,CENTRO,AL,AL05072001,06/07/2026,15:21,Oiti,1784390,URBANO,6,50,Sim,50,300,0,-10.6822125,-48.4042276,1,https://raw.githubusercontent.com/LGRSV/vera-vegetacao/main/fotos/Enecol-Centro/VER20260706152145706576628F1.jpg,,,,V20260706152145706576628
330,V0121,Porto Nacional,CENTRO,LD,LD01072001,06/07/2026,15:22,Oiti,476071,URBANO,6,40,Sim,300,300,0,-10.6822856,-48.4040787,1,https://raw.githubusercontent.com/LGRSV/vera-vegetacao/main/fotos/Enecol-Centro/VER20260706152258370229298F1.jpg,,,,V20260706152258370229298
331,V0122,Porto Nacional,CENTRO,AL,AL05072001,06/07/2026,15:24,Oiti,1784395,URBANO,5,50,Sim,150,300,0,-10.6824144,-48.4042945,1,https://raw.githubusercontent.com/LGRSV/vera-vegetacao/main/fotos/Enecol-Centro/VER20260706152404569752020F1.jpg,,,,V20260706152404569752020
332,V0123,Porto Nacional,CENTRO,LD,LD01072001,06/07/2026,15:25,Oiti,527040,URBANO,5,40,Sim,150,300,0,-10.6832325,-48.4046128,1,https://raw.githubusercontent.com/LGRSV/vera-vegetacao/main/fotos/Enecol-Centro/VER20260706152539410179171F1.jpg,,,,V20260706152539410179171
333,V0124,Porto Nacional,CENTRO,AL,AL05072001,06/07/2026,15:26,Oiti,1597343,URBANO,5.5,40,Sim,100,300,0,-10.6830263,-48.4044539,1,https://raw.githubusercontent.com/LGRSV/vera-vegetacao/main/fotos/Enecol-Centro/VER20260706152658922825932F1.jpg,,,,V20260706152658922825932
334,V0125,Porto Nacional,CENTRO,LD,LD01072001,06/07/2026,15:28,Outros,527039,URBANO,7.5,60,Sim,0,200,0,-10.6830726,-48.4044063,1,https://raw.githubusercontent.com/LGRSV/vera-vegetacao/main/fotos/Enecol-Centro/VER20260706152823980146581F1.jpg,,,,V20260706152823980146581
335,V0126,Porto Nacional,CENTRO,LD,LD01072001,06/07/2026,15:46,Oiti,527038,URBANO,7,50,Sim,50,300,0,-10.6845298,-48.4050094,1,https://raw.githubusercontent.com/LGRSV/vera-vegetacao/main/fotos/Enecol-Centro/VER20260706154646983807770F1.jpg,,,,V20260706154646983807770
336,V0127,Porto Nacional,CENTRO,LD,LD01072001,06/07/2026,15:47,Oiti,527038,URBANO,7,70,Sim,50,300,0,-10.6847525,-48.4050018,1,https://raw.githubusercontent.com/LGRSV/vera-vegetacao/main/fotos/Enecol-Centro/VER20260706154751928285315F1.jpg,,,,V20260706154751928285315
337,V0128,Porto Nacional,CENTRO,LD,LD01072001,06/07/2026,15:48,Oiti,471977,URBANO,7,60,Sim,0,300,0,-10.6848788,-48.4050126,1,https://raw.githubusercontent.com/LGRSV/vera-vegetacao/main/fotos/Enecol-Centro/VER20260706154859169399029F1.jpg,,,,V20260706154859169399029
338,V0129,Porto Nacional,CENTRO,AL,AL05072001,06/07/2026,15:49,Oiti,1603473,URBANO,7,60,Sim,50,300,0,-10.6849053,-48.4047337,1,https://raw.githubusercontent.com/LGRSV/vera-vegetacao/main/fotos/Enecol-Centro/VER20260706155000227600147F1.jpg,,,,V20260706155000227600147
339,V0130,Porto Nacional,CENTRO,AL,AL05072001,06/07/2026,15:51,Oiti,1603473,URBANO,4,40,Sim,300,300,0,-10.6849338,-48.4050179,1,https://raw.githubusercontent.com/LGRSV/vera-vegetacao/main/fotos/Enecol-Centro/VER20260706155120453673487F1.jpg,,,,V20260706155120453673487
340,V0131,Porto Nacional,CENTRO,AL,AL05072001,06/07/2026,15:52,Oiti,1603473,URBANO,8,90,Sim,0,150,0,-10.6849643,-48.4050337,1,https://raw.githubusercontent.com/LGRSV/vera-vegetacao/main/fotos/Enecol-Centro/VER20260706155228310298494F1.jpg,,,,V20260706155228310298494
341,V0132,Porto Nacional,CENTRO,AL,AL05072001,06/07/2026,15:53,Oiti,1603472,URBANO,8,80,Sim,0,100,0,-10.6851607,-48.4052563,1,https://raw.githubusercontent.com/LGRSV/vera-vegetacao/main/fotos/Enecol-Centro/VER20260706155339642075759F1.jpg,,,,V20260706155339642075759
342,V0133,Porto Nacional,CENTRO,AL,AL05072001,06/07/2026,15:54,Mangueira,1603472,URBANO,3.5,30,Sim,300,300,0,-10.6851272,-48.4050985,1,https://raw.githubusercontent.com/LGRSV/vera-vegetacao/main/fotos/Enecol-Centro/VER20260706155442688910067F1.jpg,,,,V20260706155442688910067
343,V0134,Porto Nacional,CENTRO,AL,AL05072001,06/07/2026,15:55,Cajueiro,1603472,URBANO,3,20,Sim,300,300,0,-10.6852556,-48.4052254,1,https://raw.githubusercontent.com/LGRSV/vera-vegetacao/main/fotos/Enecol-Centro/VER20260706155552412005861F1.jpg,,,,V20260706155552412005861
344,V0135,Porto Nacional,CENTRO,LD,LD01072001,06/07/2026,15:57,Cajueiro,527032,URBANO,5.5,30,Sim,300,300,0,-10.6852085,-48.405253,1,https://raw.githubusercontent.com/LGRSV/vera-vegetacao/main/fotos/Enecol-Centro/VER20260706155714035958362F1.jpg,,,,V20260706155714035958362
345,V0136,Porto Nacional,CENTRO,LD,LD01072001,06/07/2026,15:58,Cajueiro,527032,URBANO,7,50,Sim,50,300,0,-10.6851754,-48.4051178,1,https://raw.githubusercontent.com/LGRSV/vera-vegetacao/main/fotos/Enecol-Centro/VER20260706155818587855662F1.jpg,,,,V20260706155818587855662
346,V0137,Porto Nacional,CENTRO,LD,LD01072001,06/07/2026,15:59,Cajueiro,527032,URBANO,7,50,Sim,50,300,0,-10.6852354,-48.4052758,1,https://raw.githubusercontent.com/LGRSV/vera-vegetacao/main/fotos/Enecol-Centro/VER20260706160027008774049F1.jpg,,,,V20260706160027008774049
347,V0138,Porto Nacional,CENTRO,LD,LD01072001,06/07/2026,16:02,Oiti,527032,URBANO,7.5,80,Sim,0,300,0,-10.6852312,-48.4052563,1,https://raw.githubusercontent.com/LGRSV/vera-vegetacao/main/fotos/Enecol-Centro/VER20260706160229589885245F1.jpg,,,,V20260706160229589885245
348,V0139,Porto Nacional,CENTRO,LD,LD01072001,06/07/2026,16:03,Oiti,527032,URBANO,7.5,60,Sim,50,300,0,-10.6852989,-48.4052255,1,https://raw.githubusercontent.com/LGRSV/vera-vegetacao/main/fotos/Enecol-Centro/VER20260706160355718843090F1.jpg,,,,V20260706160355718843090
349,V0140,Porto Nacional,CENTRO,LD,LD01072001,06/07/2026,16:05,Oiti,527032,URBANO,6,60,Sim,50,300,0,-10.6854255,-48.4054117,1,https://raw.githubusercontent.com/LGRSV/vera-vegetacao/main/fotos/Enecol-Centro/VER20260706160507865033857F1.jpg,,,,V20260706160507865033857
350,V0141,Porto Nacional,CENTRO,LD,LD01072001,06/07/2026,16:06,Oiti,527026,URBANO,6,50,Sim,50,300,0,-10.6855182,-48.4054177,1,https://raw.githubusercontent.com/LGRSV/vera-vegetacao/main/fotos/Enecol-Centro/VER20260706160619969503606F1.jpg,,,,V20260706160619969503606
351,V0142,Porto Nacional,CENTRO,LD,LD01072001,06/07/2026,16:07,Oiti,527026,URBANO,7,50,Sim,0,300,0,-10.6855472,-48.4052933,1,https://raw.githubusercontent.com/LGRSV/vera-vegetacao/main/fotos/Enecol-Centro/VER20260706160725084818546F1.jpg,,,,V20260706160725084818546
352,V0143,Porto Nacional,CENTRO,LD,LD01072001,06/07/2026,16:08,Oiti,527032,URBANO,7.5,60,Sim,50,300,0,-10.685598,-48.40549,1,https://raw.githubusercontent.com/LGRSV/vera-vegetacao/main/fotos/Enecol-Centro/VER20260706160829640785945F1.jpg,,,,V20260706160829640785945
353,V0144,Porto Nacional,CENTRO,LD,LD01072001,06/07/2026,16:09,Oiti,471978,URBANO,5.5,45,Sim,100,300,0,-10.6860101,-48.4055517,1,https://raw.githubusercontent.com/LGRSV/vera-vegetacao/main/fotos/Enecol-Centro/VER20260706160949048688286F1.jpg,,,,V20260706160949048688286
354,V0145,Porto Nacional,CENTRO,AL,AL05072001,06/07/2026,16:11,Oiti,1603468,URBANO,5,50,Sim,250,300,0,-10.6862966,-48.4055365,1,https://raw.githubusercontent.com/LGRSV/vera-vegetacao/main/fotos/Enecol-Centro/VER20260706161135943999017F1.jpg,,,,V20260706161135943999017
355,V0146,Porto Nacional,CENTRO,AL,AL05072001,06/07/2026,16:12,Oiti,1603308,URBANO,7,55,Sim,100,300,0,-10.6862063,-48.4056326,1,https://raw.githubusercontent.com/LGRSV/vera-vegetacao/main/fotos/Enecol-Centro/VER20260706161244073639469F1.jpg,,,,V20260706161244073639469
356,V0147,Porto Nacional,CENTRO,LD,LD01072001,06/07/2026,16:14,Oiti,527025,URBANO,7,50,Sim,50,300,0,-10.6865388,-48.4058664,1,https://raw.githubusercontent.com/LGRSV/vera-vegetacao/main/fotos/Enecol-Centro/VER20260706161420596268437F1.jpg,,,,V20260706161420596268437
357,V0148,Porto Nacional,CENTRO,AL,AL05072001,06/07/2026,16:15,Oiti,1784389,URBANO,6,60,Sim,100,300,0,-10.6863573,-48.4057674,1,https://raw.githubusercontent.com/LGRSV/vera-vegetacao/main/fotos/Enecol-Centro/VER20260706161544252774966F1.jpg,,,,V20260706161544252774966
358,V0149,Porto Nacional,CENTRO,AL,AL05072001,06/07/2026,16:17,Oiti,1603468,URBANO,7,60,Sim,50,300,0,-10.686449,-48.4055993,1,https://raw.githubusercontent.com/LGRSV/vera-vegetacao/main/fotos/Enecol-Centro/VER20260706161721451907456F1.jpg,,,,V20260706161721451907456
359,V0150,Porto Nacional,CENTRO,AL,AL05072001,06/07/2026,16:18,Oiti,1784389,URBANO,6.5,60,Sim,100,300,0,-10.6863133,-48.4059217,1,https://raw.githubusercontent.com/LGRSV/vera-vegetacao/main/fotos/Enecol-Centro/VER20260706161853068234143F1.jpg,,,,V20260706161853068234143
360,V0151,Porto Nacional,CENTRO,AL,AL05072001,06/07/2026,16:39,Outros,1604807,URBANO,6.5,40,Sim,100,300,0,-10.6865209,-48.4059108,1,https://raw.githubusercontent.com/LGRSV/vera-vegetacao/main/fotos/Enecol-Centro/VER20260706163915448410905F1.jpg,,,,V20260706163915448410905
361,V0152,Porto Nacional,CENTRO,AL,AL05072001,06/07/2026,16:40,Outros,1604807,URBANO,6,40,Sim,300,300,0,-10.6866298,-48.4058438,1,https://raw.githubusercontent.com/LGRSV/vera-vegetacao/main/fotos/Enecol-Centro/VER20260706164028828184481F1.jpg,,,,V20260706164028828184481
362,V0153,Porto Nacional,CENTRO,LD,LD01072001,06/07/2026,16:41,Outros,527035,URBANO,6,50,Sim,300,300,0,-10.686626,-48.4058437,1,https://raw.githubusercontent.com/LGRSV/vera-vegetacao/main/fotos/Enecol-Centro/VER20260706164137470930394F1.jpg,,,,V20260706164137470930394
363,V0154,Porto Nacional,CENTRO,AL,AL05072001,06/07/2026,16:42,Outros,1604807,URBANO,6,50,Sim,100,300,0,-10.6866854,-48.4058129,1,https://raw.githubusercontent.com/LGRSV/vera-vegetacao/main/fotos/Enecol-Centro/VER20260706164247049871101F1.jpg,,,,V20260706164247049871101
364,V0155,Porto Nacional,CENTRO,AL,AL05072001,06/07/2026,16:44,Outros,1604807,URBANO,5,50,Sim,200,300,0,-10.6866671,-48.4058738,1,https://raw.githubusercontent.com/LGRSV/vera-vegetacao/main/fotos/Enecol-Centro/VER20260706164426657913166F1.jpg,,,,V20260706164426657913166
365,V0156,Porto Nacional,CENTRO,AL,AL05072001,06/07/2026,16:45,Outros,1604807,URBANO,5,50,Sim,300,300,0,-10.6867319,-48.405965,1,https://raw.githubusercontent.com/LGRSV/vera-vegetacao/main/fotos/Enecol-Centro/VER20260706164552029692694F1.jpg,,,,V20260706164552029692694
366,V0157,Porto Nacional,CENTRO,AL,AL05072001,06/07/2026,16:47,Outros,1604807,URBANO,6.5,70,Sim,0,250,0,-10.6867257,-48.4059089,1,https://raw.githubusercontent.com/LGRSV/vera-vegetacao/main/fotos/Enecol-Centro/VER20260706164726249329068F1.jpg,,,,V20260706164726249329068
367,V0158,Porto Nacional,CENTRO,AL,AL05072001,06/07/2026,16:48,Outros,1604807,URBANO,6,40,Sim,0,300,0,-10.6867879,-48.4058951,1,https://raw.githubusercontent.com/LGRSV/vera-vegetacao/main/fotos/Enecol-Centro/VER20260706164824121157033F1.jpg,,,,V20260706164824121157033
368,V0159,Porto Nacional,CENTRO,LD,LD01072001,06/07/2026,16:50,Outros,473983,URBANO,6,50,Sim,50,300,0,-10.6868057,-48.4058995,1,https://raw.githubusercontent.com/LGRSV/vera-vegetacao/main/fotos/Enecol-Centro/VER20260706165019470802598F1.jpg,,,,V20260706165019470802598
369,V0160,Porto Nacional,CENTRO,LD,LD01072001,07/07/2026,08:48,Outros,473981,URBANO,7,50,Sim,50,300,0,-10.6875995,-48.4061255,1,https://raw.githubusercontent.com/LGRSV/vera-vegetacao/main/fotos/Enecol-Centro/VER20260707084830122903982F1.jpg,,,,V20260707084830122903982
370,V0161,Porto Nacional,CENTRO,LD,LD01072001,07/07/2026,08:49,Oiti,473981,URBANO,6,45,Sim,300,300,0,-10.6875423,-48.4060801,1,https://raw.githubusercontent.com/LGRSV/vera-vegetacao/main/fotos/Enecol-Centro/VER20260707084940775658251F1.jpg,,,,V20260707084940775658251
371,V0162,Porto Nacional,CENTRO,LD,LD01072001,07/07/2026,08:50,Outros,473981,URBANO,6,75,Sim,300,300,0,-10.6875916,-48.4061341,1,https://raw.githubusercontent.com/LGRSV/vera-vegetacao/main/fotos/Enecol-Centro/VER20260707085053553958977F1.jpg,,,,V20260707085053553958977
372,V0163,Porto Nacional,CENTRO,LD,LD01072001,07/07/2026,08:52,Outros,473981,URBANO,6,50,Sim,300,300,0,-10.6875754,-48.4061672,1,https://raw.githubusercontent.com/LGRSV/vera-vegetacao/main/fotos/Enecol-Centro/VER20260707085202823330347F1.jpg,,,,V20260707085202823330347
373,V0164,Porto Nacional,CENTRO,LD,LD01072001,07/07/2026,08:53,Oiti,473981,URBANO,5,50,Sim,300,300,0,-10.6875676,-48.406049,1,https://raw.githubusercontent.com/LGRSV/vera-vegetacao/main/fotos/Enecol-Centro/VER20260707085320351617061F1.jpg,,,,V20260707085320351617061
374,V0165,Porto Nacional,CENTRO,LD,LD01072001,07/07/2026,08:54,Outros,473981,URBANO,6.5,50,Sim,300,300,0,-10.6875456,-48.4060507,1,https://raw.githubusercontent.com/LGRSV/vera-vegetacao/main/fotos/Enecol-Centro/VER20260707085431897314428F1.jpg,,,,V20260707085431897314428
375,V0166,Porto Nacional,CENTRO,LD,LD01072001,07/07/2026,08:55,Oiti,473981,URBANO,5,50,Sim,300,300,0,-10.6876115,-48.4061407,1,https://raw.githubusercontent.com/LGRSV/vera-vegetacao/main/fotos/Enecol-Centro/VER20260707085531843313174F1.jpg,,,,V20260707085531843313174
376,V0167,Porto Nacional,CENTRO,AL,AL05072001,07/07/2026,08:57,Outros,91758,URBANO,7.5,50,Sim,100,300,0,-10.6878774,-48.4060331,1,https://raw.githubusercontent.com/LGRSV/vera-vegetacao/main/fotos/Enecol-Centro/VER20260707085704577683372F1.jpg,,,,V20260707085704577683372
377,V0168,Porto Nacional,CENTRO,AL,AL05072001,07/07/2026,08:58,Oiti,91758,URBANO,7,70,Sim,0,300,0,-10.6877641,-48.4060503,1,https://raw.githubusercontent.com/LGRSV/vera-vegetacao/main/fotos/Enecol-Centro/VER20260707085809423795173F1.jpg,,,,V20260707085809423795173
378,V0169,Porto Nacional,CENTRO,LD,LD01072001,07/07/2026,09:00,Outros,473981,URBANO,7,50,Sim,250,300,0,-10.687666,-48.4062024,1,https://raw.githubusercontent.com/LGRSV/vera-vegetacao/main/fotos/Enecol-Centro/VER20260707090035634986789F1.jpg,,,,V20260707090035634986789
379,V0170,Porto Nacional,CENTRO,AL,AL05072001,07/07/2026,09:02,Outros,91758,URBANO,8,60,Sim,50,300,0,-10.6879037,-48.4061235,1,https://raw.githubusercontent.com/LGRSV/vera-vegetacao/main/fotos/Enecol-Centro/VER20260707090225784100714F1.jpg,,,,V20260707090225784100714
380,V0171,Porto Nacional,CENTRO,AL,AL05072001,07/07/2026,09:03,Oiti,91758,URBANO,5,50,Sim,100,300,0,-10.6878556,-48.406097,1,https://raw.githubusercontent.com/LGRSV/vera-vegetacao/main/fotos/Enecol-Centro/VER20260707090341634226592F1.jpg,,,,V20260707090341634226592
381,V0172,Porto Nacional,CENTRO,AL,AL05072001,07/07/2026,09:05,Outros,91758,URBANO,6,50,Sim,50,300,0,-10.6878483,-48.4061467,1,https://raw.githubusercontent.com/LGRSV/vera-vegetacao/main/fotos/Enecol-Centro/VER20260707090553966432190F1.jpg,,,,V20260707090553966432190
382,V0173,Porto Nacional,CENTRO,AL,AL05072001,07/07/2026,09:07,Outros,1604271,URBANO,7,50,Sim,150,300,0,-10.6877371,-48.4062299,1,https://raw.githubusercontent.com/LGRSV/vera-vegetacao/main/fotos/Enecol-Centro/VER20260707090726252576192F1.jpg,,,,V20260707090726252576192
383,V0174,Porto Nacional,CENTRO,LD,LD01072001,07/07/2026,09:08,Outros,527028,URBANO,5,50,Sim,50,300,0,-10.6877491,-48.4063599,1,https://raw.githubusercontent.com/LGRSV/vera-vegetacao/main/fotos/Enecol-Centro/VER20260707090859812848045F1.jpg,,,,V20260707090859812848045
384,V0175,Porto Nacional,CENTRO,LD,LD01072001,07/07/2026,09:10,Oiti,527028,URBANO,7,70,Sim,0,300,0,-10.6878458,-48.4061528,1,https://raw.githubusercontent.com/LGRSV/vera-vegetacao/main/fotos/Enecol-Centro/VER20260707091032386930984F1.jpg,,,,V20260707091032386930984
385,V0176,Porto Nacional,CENTRO,LD,LD01072001,07/07/2026,09:11,Outros,527028,URBANO,8.5,65,Sim,100,300,0,-10.6878881,-48.4062159,1,https://raw.githubusercontent.com/LGRSV/vera-vegetacao/main/fotos/Enecol-Centro/VER20260707091154366490372F1.jpg,,,,V20260707091154366490372
386,V0177,Porto Nacional,CENTRO,LD,LD01072001,07/07/2026,09:12,Outros,527028,URBANO,7.5,60,Sim,100,300,0,-10.6879657,-48.4063,1,https://raw.githubusercontent.com/LGRSV/vera-vegetacao/main/fotos/Enecol-Centro/VER20260707091259311067492F1.jpg,,,,V20260707091259311067492
387,V0178,Porto Nacional,CENTRO,LD,LD01072001,07/07/2026,09:14,Oiti,527028,URBANO,5,50,Sim,50,300,0,-10.6879626,-48.4061888,1,https://raw.githubusercontent.com/LGRSV/vera-vegetacao/main/fotos/Enecol-Centro/VER20260707091440945712850F1.jpg,,,,V20260707091440945712850
388,V0179,Porto Nacional,CENTRO,AL,AL05072001,07/07/2026,09:18,Outros,473980,URBANO,8,70,Sim,0,100,0,-10.6880987,-48.4062634,1,https://raw.githubusercontent.com/LGRSV/vera-vegetacao/main/fotos/Enecol-Centro/VER20260707091850048036231F1.jpg,,,,V20260707091850048036231
389,V0180,Porto Nacional,CENTRO,LD,LD01072001,07/07/2026,09:20,Oiti,527028,URBANO,6.5,70,Sim,50,300,0,-10.6878754,-48.4061903,1,https://raw.githubusercontent.com/LGRSV/vera-vegetacao/main/fotos/Enecol-Centro/VER20260707092030396497890F1.jpg,,,,V20260707092030396497890
390,V0181,Porto Nacional,CENTRO,AL,AL05072001,07/07/2026,09:22,Oiti,1604269,URBANO,6,50,Sim,50,300,0,-10.6882074,-48.4064913,1,https://raw.githubusercontent.com/LGRSV/vera-vegetacao/main/fotos/Enecol-Centro/VER20260707092211089543516F1.jpg,,,,V20260707092211089543516
391,V0182,Porto Nacional,CENTRO,AL,AL05072001,07/07/2026,09:23,Oiti,1604269,URBANO,6.5,70,Sim,0,300,0,-10.6882783,-48.4064626,1,https://raw.githubusercontent.com/LGRSV/vera-vegetacao/main/fotos/Enecol-Centro/VER20260707092328246583283F1.jpg,,,,V20260707092328246583283
392,V0183,Porto Nacional,CENTRO,AL,AL05072001,07/07/2026,09:24,Oiti,473977,URBANO,6,60,Sim,50,300,0,-10.6883842,-48.406483,1,https://raw.githubusercontent.com/LGRSV/vera-vegetacao/main/fotos/Enecol-Centro/VER20260707092459330370386F1.jpg,,,,V20260707092459330370386
393,V0184,Porto Nacional,CENTRO,AL,AL05072001,07/07/2026,09:26,Oiti,473977,URBANO,6,60,Sim,50,300,0,-10.6884435,-48.4064712,1,https://raw.githubusercontent.com/LGRSV/vera-vegetacao/main/fotos/Enecol-Centro/VER20260707092650569540928F1.jpg,,,,V20260707092650569540928
394,V0185,Porto Nacional,CENTRO,LD,LD01072001,07/07/2026,09:28,Oiti,474715,URBANO,6.5,60,Sim,50,300,0,-10.688605,-48.4064815,1,https://raw.githubusercontent.com/LGRSV/vera-vegetacao/main/fotos/Enecol-Centro/VER20260707092816731861836F1.jpg,,,,V20260707092816731861836
395,V0186,Porto Nacional,CENTRO,AL,AL05072001,07/07/2026,10:11,Oiti,1603711,URBANO,6,50,Sim,50,300,0,-10.6892278,-48.406743,1,https://raw.githubusercontent.com/LGRSV/vera-vegetacao/main/fotos/Enecol-Centro/VER20260707101149078499564F1.jpg,,,,V20260707101149078499564
396,V0187,Porto Nacional,CENTRO,AL,AL05072001,07/07/2026,10:12,Oiti,,URBANO,,,,,,0,-10.6893451,-48.4067665,1,https://raw.githubusercontent.com/LGRSV/vera-vegetacao/main/fotos/Enecol-Centro/VER20260707101251444211309F1.jpg,,,,V20260707101251444211309
397,V0188,Porto Nacional,CENTRO,LD,LD01072001,07/07/2026,10:13,Oiti,474697,URBANO,7,50,Sim,50,300,0,-10.6893894,-48.4067809,1,https://raw.githubusercontent.com/LGRSV/vera-vegetacao/main/fotos/Enecol-Centro/VER20260707101356536325557F1.jpg,,,,V20260707101356536325557
398,V0189,Porto Nacional,CENTRO,LD,LD01072001,07/07/2026,10:15,Oiti,474697,URBANO,6,50,Sim,50,300,0,-10.6894279,-48.4067961,1,https://raw.githubusercontent.com/LGRSV/vera-vegetacao/main/fotos/Enecol-Centro/VER20260707101506551840104F1.jpg,,,,V20260707101506551840104
399,V0190,Porto Nacional,CENTRO,LD,LD01072001,07/07/2026,10:16,Oiti,474697,URBANO,5,45,Sim,250,300,0,-10.6895027,-48.4068047,1,https://raw.githubusercontent.com/LGRSV/vera-vegetacao/main/fotos/Enecol-Centro/VER20260707101607092077361F1.jpg,,,,V20260707101607092077361
400,V0191,Porto Nacional,CENTRO,LD,LD01072001,07/07/2026,10:17,Oiti,474697,URBANO,7,50,Sim,0,300,0,-10.6895321,-48.4068366,1,https://raw.githubusercontent.com/LGRSV/vera-vegetacao/main/fotos/Enecol-Centro/VER20260707101733427541867F1.jpg,,,,V20260707101733427541867
401,V0192,Porto Nacional,CENTRO,LD,LD01072001,07/07/2026,10:18,Oiti,474697,URBANO,6,60,Sim,100,300,0,-10.6896105,-48.4068477,1,https://raw.githubusercontent.com/LGRSV/vera-vegetacao/main/fotos/Enecol-Centro/VER20260707101839707092409F1.jpg,,,,V20260707101839707092409
402,V0193,Porto Nacional,CENTRO,AL,AL05072001,07/07/2026,10:19,Oiti,,URBANO,,,,,,0,-10.6896572,-48.4068653,1,https://raw.githubusercontent.com/LGRSV/vera-vegetacao/main/fotos/Enecol-Centro/VER20260707101934925422971F1.jpg,,,,V20260707101934925422971
403,V0194,Porto Nacional,CENTRO,AL,AL05072001,07/07/2026,10:21,Oiti,1604133,URBANO,7,50,Sim,150,300,0,-10.6896325,-48.4069429,1,https://raw.githubusercontent.com/LGRSV/vera-vegetacao/main/fotos/Enecol-Centro/VER20260707102106314981146F1.jpg,,,,V20260707102106314981146
404,V0195,Porto Nacional,CENTRO,LD,LD01072001,07/07/2026,14:38,Oiti,473715,URBANO,5,40,Sim,300,300,0,-10.6898479,-48.4069302,3,https://raw.githubusercontent.com/LGRSV/vera-vegetacao/main/fotos/Enecol-Centro/VER20260707143839430173227F1.jpg,https://raw.githubusercontent.com/LGRSV/vera-vegetacao/main/fotos/Enecol-Centro/VER20260707143839430173227F2.jpg,https://raw.githubusercontent.com/LGRSV/vera-vegetacao/main/fotos/Enecol-Centro/VER20260707143839430173227F3.jpg,,V20260707143839430173227
405,V0196,Porto Nacional,CENTRO,AL,AL05072001,07/07/2026,14:39,Oiti,1603580,URBANO,6,50,Sim,150,300,0,-10.6898022,-48.4071345,3,https://raw.githubusercontent.com/LGRSV/vera-vegetacao/main/fotos/Enecol-Centro/VER20260707143941829120392F1.jpg,https://raw.githubusercontent.com/LGRSV/vera-vegetacao/main/fotos/Enecol-Centro/VER20260707143941829120392F2.jpg,https://raw.githubusercontent.com/LGRSV/vera-vegetacao/main/fotos/Enecol-Centro/VER20260707143941829120392F3.jpg,,V20260707143941829120392
406,V0197,Porto Nacional,CENTRO,AL,AL05072001,07/07/2026,14:41,Oiti,1603580,URBANO,6,40,Sim,300,300,0,-10.6899805,-48.4070477,3,https://raw.githubusercontent.com/LGRSV/vera-vegetacao/main/fotos/Enecol-Centro/VER20260707144141352097301F1.jpg,https://raw.githubusercontent.com/LGRSV/vera-vegetacao/main/fotos/Enecol-Centro/VER20260707144141352097301F2.jpg,https://raw.githubusercontent.com/LGRSV/vera-vegetacao/main/fotos/Enecol-Centro/VER20260707144141352097301F3.jpg,,V20260707144141352097301
407,V0198,Porto Nacional,CENTRO,AL,AL05072001,07/07/2026,14:44,Oiti,1603580,URBANO,5,40,Sim,300,300,0,-10.689972,-48.4070723,3,https://raw.githubusercontent.com/LGRSV/vera-vegetacao/main/fotos/Enecol-Centro/VER20260707144434521869429F1.jpg,https://raw.githubusercontent.com/LGRSV/vera-vegetacao/main/fotos/Enecol-Centro/VER20260707144434521869429F2.jpg,https://raw.githubusercontent.com/LGRSV/vera-vegetacao/main/fotos/Enecol-Centro/VER20260707144434521869429F3.jpg,,V20260707144434521869429
408,V0199,Porto Nacional,CENTRO,LD,LD01072001,07/07/2026,14:45,Oiti,526710,URBANO,5,40,Sim,200,300,0,-10.6900539,-48.4071055,3,https://raw.githubusercontent.com/LGRSV/vera-vegetacao/main/fotos/Enecol-Centro/VER20260707144552985742828F1.jpg,https://raw.githubusercontent.com/LGRSV/vera-vegetacao/main/fotos/Enecol-Centro/VER20260707144552985742828F2.jpg,https://raw.githubusercontent.com/LGRSV/vera-vegetacao/main/fotos/Enecol-Centro/VER20260707144552985742828F3.jpg,,V20260707144552985742828
409,V0200,Porto Nacional,CENTRO,LD,LD01072001,07/07/2026,14:46,Oiti,526710,URBANO,3,30,Sim,300,300,0,-10.6901388,-48.4072255,3,https://raw.githubusercontent.com/LGRSV/vera-vegetacao/main/fotos/Enecol-Centro/VER20260707144700779243549F1.jpg,https://raw.githubusercontent.com/LGRSV/vera-vegetacao/main/fotos/Enecol-Centro/VER20260707144700779243549F2.jpg,https://raw.githubusercontent.com/LGRSV/vera-vegetacao/main/fotos/Enecol-Centro/VER20260707144700779243549F3.jpg,,V20260707144700779243549
410,V0201,Porto Nacional,CENTRO,AL,AL05072001,07/07/2026,14:48,Oiti,1603579,URBANO,6,60,Sim,200,300,0,-10.6900846,-48.4073101,3,https://raw.githubusercontent.com/LGRSV/vera-vegetacao/main/fotos/Enecol-Centro/VER20260707144825777046766F1.jpg,https://raw.githubusercontent.com/LGRSV/vera-vegetacao/main/fotos/Enecol-Centro/VER20260707144825777046766F2.jpg,https://raw.githubusercontent.com/LGRSV/vera-vegetacao/main/fotos/Enecol-Centro/VER20260707144825777046766F3.jpg,,V20260707144825777046766
411,V0202,Porto Nacional,CENTRO,AL,AL05072001,07/07/2026,14:55,Oiti,1603579,URBANO,6,55,Sim,50,300,0,-10.6904883,-48.4073333,3,https://raw.githubusercontent.com/LGRSV/vera-vegetacao/main/fotos/Enecol-Centro/VER20260707145538881697385F1.jpg,https://raw.githubusercontent.com/LGRSV/vera-vegetacao/main/fotos/Enecol-Centro/VER20260707145538881697385F2.jpg,https://raw.githubusercontent.com/LGRSV/vera-vegetacao/main/fotos/Enecol-Centro/VER20260707145538881697385F3.jpg,,V20260707145538881697385
412,V0203,Porto Nacional,CENTRO,LD,LD01072001,07/07/2026,14:57,Oiti,471954,URBANO,7,70,Sim,50,300,0,-10.6906551,-48.4073245,3,https://raw.githubusercontent.com/LGRSV/vera-vegetacao/main/fotos/Enecol-Centro/VER20260707145713428554662F1.jpg,https://raw.githubusercontent.com/LGRSV/vera-vegetacao/main/fotos/Enecol-Centro/VER20260707145713428554662F2.jpg,https://raw.githubusercontent.com/LGRSV/vera-vegetacao/main/fotos/Enecol-Centro/VER20260707145713428554662F3.jpg,,V20260707145713428554662
413,V0204,Porto Nacional,CENTRO,AL,AL05072001,07/07/2026,15:02,Outros,1604663,URBANO,9,80,Sim,,50,0,-10.6908348,-48.4073614,3,https://raw.githubusercontent.com/LGRSV/vera-vegetacao/main/fotos/Enecol-Centro/VER20260707150251049266939F1.jpg,https://raw.githubusercontent.com/LGRSV/vera-vegetacao/main/fotos/Enecol-Centro/VER20260707150251049266939F2.jpg,https://raw.githubusercontent.com/LGRSV/vera-vegetacao/main/fotos/Enecol-Centro/VER20260707150251049266939F3.jpg,,V20260707150251049266939
414,V0205,Porto Nacional,CENTRO,AL,AL05072001,07/07/2026,15:18,Outros,1604664,URBANO,9,80,Sim,,100,0,-10.6909741,-48.4074112,3,https://raw.githubusercontent.com/LGRSV/vera-vegetacao/main/fotos/Enecol-Centro/VER20260707151837227319567F1.jpg,https://raw.githubusercontent.com/LGRSV/vera-vegetacao/main/fotos/Enecol-Centro/VER20260707151837227319567F2.jpg,https://raw.githubusercontent.com/LGRSV/vera-vegetacao/main/fotos/Enecol-Centro/VER20260707151837227319567F3.jpg,,V20260707151837227319567
415,V0206,Porto Nacional,CENTRO,AL,AL05072001,07/07/2026,15:20,Outros,1604664,URBANO,8,80,Sim,,100,0,-10.6911569,-48.4075498,3,https://raw.githubusercontent.com/LGRSV/vera-vegetacao/main/fotos/Enecol-Centro/VER20260707152022186268936F1.jpg,https://raw.githubusercontent.com/LGRSV/vera-vegetacao/main/fotos/Enecol-Centro/VER20260707152022186268936F2.jpg,https://raw.githubusercontent.com/LGRSV/vera-vegetacao/main/fotos/Enecol-Centro/VER20260707152022186268936F3.jpg,,V20260707152022186268936
416,V0207,Porto Nacional,CENTRO,LD,LD01072001,07/07/2026,15:23,Outros,,URBANO,8,75,Sim,,150,0,-10.6912878,-48.4075608,3,https://raw.githubusercontent.com/LGRSV/vera-vegetacao/main/fotos/Enecol-Centro/VER20260707152311732323481F1.jpg,https://raw.githubusercontent.com/LGRSV/vera-vegetacao/main/fotos/Enecol-Centro/VER20260707152311732323481F2.jpg,https://raw.githubusercontent.com/LGRSV/vera-vegetacao/main/fotos/Enecol-Centro/VER20260707152311732323481F3.jpg,,V20260707152311732323481
417,V0208,Porto Nacional,CENTRO,LD,LD01072001,07/07/2026,15:24,Outros,471955,URBANO,7,70,Sim,,300,0,-10.6913978,-48.4075767,3,https://raw.githubusercontent.com/LGRSV/vera-vegetacao/main/fotos/Enecol-Centro/VER20260707152456173788761F1.jpg,https://raw.githubusercontent.com/LGRSV/vera-vegetacao/main/fotos/Enecol-Centro/VER20260707152456173788761F2.jpg,https://raw.githubusercontent.com/LGRSV/vera-vegetacao/main/fotos/Enecol-Centro/VER20260707152456173788761F3.jpg,,V20260707152456173788761
418,V0209,Porto Nacional,CENTRO,AL,AL05072001,07/07/2026,15:26,Outros,1604666,URBANO,7,120,Sim,,200,0,-10.6914741,-48.4076761,3,https://raw.githubusercontent.com/LGRSV/vera-vegetacao/main/fotos/Enecol-Centro/VER20260707152703734407910F1.jpg,https://raw.githubusercontent.com/LGRSV/vera-vegetacao/main/fotos/Enecol-Centro/VER20260707152703734407910F2.jpg,https://raw.githubusercontent.com/LGRSV/vera-vegetacao/main/fotos/Enecol-Centro/VER20260707152703734407910F3.jpg,,V20260707152703734407910
419,V0210,Porto Nacional,CENTRO,LD,LD01072001,07/07/2026,15:32,Pequi,475764,URBANO,12,120,Sim,,150,0,-10.6919567,-48.4077884,3,https://raw.githubusercontent.com/LGRSV/vera-vegetacao/main/fotos/Enecol-Centro/VER20260707153209925756460F1.jpg,https://raw.githubusercontent.com/LGRSV/vera-vegetacao/main/fotos/Enecol-Centro/VER20260707153209925756460F2.jpg,https://raw.githubusercontent.com/LGRSV/vera-vegetacao/main/fotos/Enecol-Centro/VER20260707153209925756460F3.jpg,,V20260707153209925756460
420,V0211,Porto Nacional,CENTRO,LD,LD01072001,07/07/2026,15:33,Outros,475764,URBANO,11,120,Sim,,200,0,-10.6919049,-48.4077792,3,https://raw.githubusercontent.com/LGRSV/vera-vegetacao/main/fotos/Enecol-Centro/VER20260707153339313195423F1.jpg,https://raw.githubusercontent.com/LGRSV/vera-vegetacao/main/fotos/Enecol-Centro/VER20260707153339313195423F2.jpg,https://raw.githubusercontent.com/LGRSV/vera-vegetacao/main/fotos/Enecol-Centro/VER20260707153339313195423F3.jpg,,V20260707153339313195423
421,V0212,Porto Nacional,CENTRO,LD,LD01072001,07/07/2026,15:36,Jatobá,475765,URBANO,7.5,80,Sim,,300,0,-10.6923983,-48.4079179,3,https://raw.githubusercontent.com/LGRSV/vera-vegetacao/main/fotos/Enecol-Centro/VER20260707153620536315700F1.jpg,https://raw.githubusercontent.com/LGRSV/vera-vegetacao/main/fotos/Enecol-Centro/VER20260707153620536315700F2.jpg,https://raw.githubusercontent.com/LGRSV/vera-vegetacao/main/fotos/Enecol-Centro/VER20260707153620536315700F3.jpg,,V20260707153620536315700
422,V0213,Porto Nacional,CENTRO,LD,LD03072001,07/07/2026,16:32,Coqueiro,526717,URBANO,4,20,Sim,,,0,-10.6926385,-48.4067642,3,https://raw.githubusercontent.com/LGRSV/vera-vegetacao/main/fotos/Enecol-Centro/VER20260707163245962113314F1.jpg,https://raw.githubusercontent.com/LGRSV/vera-vegetacao/main/fotos/Enecol-Centro/VER20260707163245962113314F2.jpg,https://raw.githubusercontent.com/LGRSV/vera-vegetacao/main/fotos/Enecol-Centro/VER20260707163245962113314F3.jpg,,V20260707163245962113314
423,V0214,Porto Nacional,CENTRO,LD,LD03072001,07/07/2026,16:35,Oiti,526706,URBANO,3,20,Sim,,,0,-10.6926873,-48.4062312,3,https://raw.githubusercontent.com/LGRSV/vera-vegetacao/main/fotos/Enecol-Centro/VER20260707163604045025178F1.jpg,https://raw.githubusercontent.com/LGRSV/vera-vegetacao/main/fotos/Enecol-Centro/VER20260707163604045025178F2.jpg,https://raw.githubusercontent.com/LGRSV/vera-vegetacao/main/fotos/Enecol-Centro/VER20260707163604045025178F3.jpg,,V20260707163604045025178
424,V0215,Porto Nacional,CENTRO,LD,LD03072001,07/07/2026,16:37,Outros,526706,URBANO,,20,Sim,,,0,-10.6927825,-48.4060194,3,https://raw.githubusercontent.com/LGRSV/vera-vegetacao/main/fotos/Enecol-Centro/VER20260707163738891232711F1.jpg,https://raw.githubusercontent.com/LGRSV/vera-vegetacao/main/fotos/Enecol-Centro/VER20260707163738891232711F2.jpg,https://raw.githubusercontent.com/LGRSV/vera-vegetacao/main/fotos/Enecol-Centro/VER20260707163738891232711F3.jpg,,V20260707163738891232711
425,V0216,Porto Nacional,CENTRO,LD,LD03072001,07/07/2026,16:39,Oiti,526713,URBANO,6,70,Sim,300,300,0,-10.6927219,-48.4056761,3,https://raw.githubusercontent.com/LGRSV/vera-vegetacao/main/fotos/Enecol-Centro/VER20260707163928064973856F1.jpg,https://raw.githubusercontent.com/LGRSV/vera-vegetacao/main/fotos/Enecol-Centro/VER20260707163928064973856F2.jpg,https://raw.githubusercontent.com/LGRSV/vera-vegetacao/main/fotos/Enecol-Centro/VER20260707163928064973856F3.jpg,,V20260707163928064973856
426,V0217,Porto Nacional,CENTRO,LD,LD01072001,07/07/2026,16:40,Oiti,473333,URBANO,6,50,Sim,50,300,0,-10.6927829,-48.4054288,3,https://raw.githubusercontent.com/LGRSV/vera-vegetacao/main/fotos/Enecol-Centro/VER20260707164051967653800F1.jpg,https://raw.githubusercontent.com/LGRSV/vera-vegetacao/main/fotos/Enecol-Centro/VER20260707164051967653800F2.jpg,https://raw.githubusercontent.com/LGRSV/vera-vegetacao/main/fotos/Enecol-Centro/VER20260707164051967653800F3.jpg,,V20260707164051967653800
427,V0218,Porto Nacional,CENTRO,LD,LD03072001,07/07/2026,16:42,Oiti,526715,URBANO,6,50,Sim,50,300,0,-10.6927915,-48.4054581,3,https://raw.githubusercontent.com/LGRSV/vera-vegetacao/main/fotos/Enecol-Centro/VER20260707164209653417553F1.jpg,https://raw.githubusercontent.com/LGRSV/vera-vegetacao/main/fotos/Enecol-Centro/VER20260707164209653417553F2.jpg,https://raw.githubusercontent.com/LGRSV/vera-vegetacao/main/fotos/Enecol-Centro/VER20260707164209653417553F3.jpg,,V20260707164209653417553
428,V0219,Porto Nacional,CENTRO,LD,LD02072001,07/07/2026,16:59,Mangueira,1066770,URBANO,7,60,Sim,,300,0,-10.6927286,-48.4042779,3,https://raw.githubusercontent.com/LGRSV/vera-vegetacao/main/fotos/Enecol-Centro/VER20260707165938966536937F1.jpg,https://raw.githubusercontent.com/LGRSV/vera-vegetacao/main/fotos/Enecol-Centro/VER20260707165938966536937F2.jpg,https://raw.githubusercontent.com/LGRSV/vera-vegetacao/main/fotos/Enecol-Centro/VER20260707165938966536937F3.jpg,,V20260707165938966536937
429,V0220,Porto Nacional,CENTRO,AL,AL05072001,07/07/2026,17:03,Pequi,473338,URBANO,9,130,Sim,300,300,0,-10.6928072,-48.4047061,3,https://raw.githubusercontent.com/LGRSV/vera-vegetacao/main/fotos/Enecol-Centro/VER20260707170306845485741F1.jpg,https://raw.githubusercontent.com/LGRSV/vera-vegetacao/main/fotos/Enecol-Centro/VER20260707170306845485741F2.jpg,https://raw.githubusercontent.com/LGRSV/vera-vegetacao/main/fotos/Enecol-Centro/VER20260707170306845485741F3.jpg,,V20260707170306845485741
430,V0221,Porto Nacional,CENTRO,AL,AL03072001,07/07/2026,17:21,Oiti,31360347,URBANO,6,60,Sim,300,300,0,-10.6923673,-48.4035889,3,https://raw.githubusercontent.com/LGRSV/vera-vegetacao/main/fotos/Enecol-Centro/VER20260707172105157450999F1.jpg,https://raw.githubusercontent.com/LGRSV/vera-vegetacao/main/fotos/Enecol-Centro/VER20260707172105157450999F2.jpg,https://raw.githubusercontent.com/LGRSV/vera-vegetacao/main/fotos/Enecol-Centro/VER20260707172105157450999F3.jpg,,V20260707172105157450999
431,V0001,Porto Nacional,CENTRO,AL,AL03072001,08/07/2026,08:44,Cajueiro,31360549,URBANO,5,35,Sim,,300,0,-10.6876022,-48.3913693,3,https://raw.githubusercontent.com/LGRSV/vera-vegetacao/main/fotos/Enecol-Centro/VER20260708084438216040514F1.jpg,https://raw.githubusercontent.com/LGRSV/vera-vegetacao/main/fotos/Enecol-Centro/VER20260708084438216040514F2.jpg,https://raw.githubusercontent.com/LGRSV/vera-vegetacao/main/fotos/Enecol-Centro/VER20260708084438216040514F3.jpg,,V20260708084438216040514
432,V0002,Porto Nacional,CENTRO,AL,AL03072001,08/07/2026,08:49,Mangueira,449539,URBANO,11,130,Sim,,50,0,-10.6876335,-48.3913118,3,https://raw.githubusercontent.com/LGRSV/vera-vegetacao/main/fotos/Enecol-Centro/VER20260708084910231719433F1.jpg,https://raw.githubusercontent.com/LGRSV/vera-vegetacao/main/fotos/Enecol-Centro/VER20260708084910231719433F2.jpg,https://raw.githubusercontent.com/LGRSV/vera-vegetacao/main/fotos/Enecol-Centro/VER20260708084910231719433F3.jpg,,V20260708084910231719433
433,V0003,Porto Nacional,CENTRO,AL,AL03072001,08/07/2026,08:50,Cajueiro,449540,URBANO,8,120,Sim,50,300,0,-10.6877852,-48.3918093,3,https://raw.githubusercontent.com/LGRSV/vera-vegetacao/main/fotos/Enecol-Centro/VER20260708085049857557239F1.jpg,https://raw.githubusercontent.com/LGRSV/vera-vegetacao/main/fotos/Enecol-Centro/VER20260708085049857557239F2.jpg,https://raw.githubusercontent.com/LGRSV/vera-vegetacao/main/fotos/Enecol-Centro/VER20260708085049857557239F3.jpg,,V20260708085049857557239
434,V0004,Porto Nacional,CENTRO,AL,AL03072001,08/07/2026,08:52,Outros,1106558,URBANO,13,120,Sim,50,100,0,-10.6879381,-48.3919724,3,https://raw.githubusercontent.com/LGRSV/vera-vegetacao/main/fotos/Enecol-Centro/VER20260708085239383592642F1.jpg,https://raw.githubusercontent.com/LGRSV/vera-vegetacao/main/fotos/Enecol-Centro/VER20260708085239383592642F2.jpg,https://raw.githubusercontent.com/LGRSV/vera-vegetacao/main/fotos/Enecol-Centro/VER20260708085239383592642F3.jpg,,V20260708085239383592642
435,V0005,Porto Nacional,CENTRO,AL,AL03072001,08/07/2026,08:56,Coqueiro,31360545,URBANO,3.5,30,Sim,,300,0,-10.6881034,-48.392713,3,https://raw.githubusercontent.com/LGRSV/vera-vegetacao/main/fotos/Enecol-Centro/VER20260708085633206328842F1.jpg,https://raw.githubusercontent.com/LGRSV/vera-vegetacao/main/fotos/Enecol-Centro/VER20260708085633206328842F2.jpg,https://raw.githubusercontent.com/LGRSV/vera-vegetacao/main/fotos/Enecol-Centro/VER20260708085633206328842F3.jpg,,V20260708085633206328842
436,V0006,Porto Nacional,CENTRO,AL,AL03072001,08/07/2026,08:58,Cajueiro,541976,URBANO,,50,Sim,50,300,0,-10.6882179,-48.3923789,3,https://raw.githubusercontent.com/LGRSV/vera-vegetacao/main/fotos/Enecol-Centro/VER20260708085832874244357F1.jpg,https://raw.githubusercontent.com/LGRSV/vera-vegetacao/main/fotos/Enecol-Centro/VER20260708085832874244357F2.jpg,https://raw.githubusercontent.com/LGRSV/vera-vegetacao/main/fotos/Enecol-Centro/VER20260708085832874244357F3.jpg,,V20260708085832874244357
437,V0007,Porto Nacional,CENTRO,AL,AL03072001,08/07/2026,09:00,Cajueiro,1106557,URBANO,7,100,Sim,50,300,0,-10.6881657,-48.3928263,3,https://raw.githubusercontent.com/LGRSV/vera-vegetacao/main/fotos/Enecol-Centro/VER20260708090009490998717F1.jpg,https://raw.githubusercontent.com/LGRSV/vera-vegetacao/main/fotos/Enecol-Centro/VER20260708090009490998717F2.jpg,https://raw.githubusercontent.com/LGRSV/vera-vegetacao/main/fotos/Enecol-Centro/VER20260708090009490998717F3.jpg,,V20260708090009490998717
438,V0008,Porto Nacional,CENTRO,AL,AL03072001,08/07/2026,09:01,Cajueiro,31360545,URBANO,6,80,Sim,50,300,0,-10.6881807,-48.392669,3,https://raw.githubusercontent.com/LGRSV/vera-vegetacao/main/fotos/Enecol-Centro/VER20260708090115829199856F1.jpg,https://raw.githubusercontent.com/LGRSV/vera-vegetacao/main/fotos/Enecol-Centro/VER20260708090115829199856F2.jpg,https://raw.githubusercontent.com/LGRSV/vera-vegetacao/main/fotos/Enecol-Centro/VER20260708090115829199856F3.jpg,,V20260708090115829199856
439,V0009,Porto Nacional,CENTRO,AL,AL03072001,08/07/2026,09:03,Cajueiro,449542,URBANO,6.5,80,Sim,50,300,0,-10.6882373,-48.392906,3,https://raw.githubusercontent.com/LGRSV/vera-vegetacao/main/fotos/Enecol-Centro/VER20260708090311456114820F1.jpg,https://raw.githubusercontent.com/LGRSV/vera-vegetacao/main/fotos/Enecol-Centro/VER20260708090311456114820F2.jpg,https://raw.githubusercontent.com/LGRSV/vera-vegetacao/main/fotos/Enecol-Centro/VER20260708090311456114820F3.jpg,,V20260708090311456114820
440,V0010,Porto Nacional,CENTRO,AL,AL03072001,08/07/2026,09:05,Cajueiro,449542,URBANO,7.5,90,Sim,150,300,0,-10.6883425,-48.3930059,3,https://raw.githubusercontent.com/LGRSV/vera-vegetacao/main/fotos/Enecol-Centro/VER20260708090528724442483F1.jpg,https://raw.githubusercontent.com/LGRSV/vera-vegetacao/main/fotos/Enecol-Centro/VER20260708090528724442483F2.jpg,https://raw.githubusercontent.com/LGRSV/vera-vegetacao/main/fotos/Enecol-Centro/VER20260708090528724442483F3.jpg,,V20260708090528724442483
441,V0011,Porto Nacional,CENTRO,AL,AL03072001,08/07/2026,09:07,Cajueiro,449542,URBANO,7,85,Sim,,300,0,-10.6884115,-48.3930419,3,https://raw.githubusercontent.com/LGRSV/vera-vegetacao/main/fotos/Enecol-Centro/VER20260708090755103230683F1.jpg,https://raw.githubusercontent.com/LGRSV/vera-vegetacao/main/fotos/Enecol-Centro/VER20260708090755103230683F2.jpg,https://raw.githubusercontent.com/LGRSV/vera-vegetacao/main/fotos/Enecol-Centro/VER20260708090755103230683F3.jpg,,V20260708090755103230683
442,V0012,Porto Nacional,CENTRO,AL,AL05072001,08/07/2026,09:11,Cajueiro,1836191,URBANO,3,25,Sim,,300,0,-10.6889701,-48.392944,3,https://raw.githubusercontent.com/LGRSV/vera-vegetacao/main/fotos/Enecol-Centro/VER20260708091149996719543F1.jpg,https://raw.githubusercontent.com/LGRSV/vera-vegetacao/main/fotos/Enecol-Centro/VER20260708091149996719543F2.jpg,https://raw.githubusercontent.com/LGRSV/vera-vegetacao/main/fotos/Enecol-Centro/VER20260708091149996719543F3.jpg,,V20260708091149996719543
443,V0013,Porto Nacional,CENTRO,AL,AL03072001,08/07/2026,09:18,Cajueiro,449543,URBANO,6,40,Sim,,300,0,-10.6887956,-48.3928332,3,https://raw.githubusercontent.com/LGRSV/vera-vegetacao/main/fotos/Enecol-Centro/VER20260708091819730156531F1.jpg,https://raw.githubusercontent.com/LGRSV/vera-vegetacao/main/fotos/Enecol-Centro/VER20260708091819730156531F2.jpg,https://raw.githubusercontent.com/LGRSV/vera-vegetacao/main/fotos/Enecol-Centro/VER20260708091819730156531F3.jpg,,V20260708091819730156531
444,V0014,Porto Nacional,CENTRO,AL,AL03072001,08/07/2026,09:19,Cajueiro,449543,URBANO,6,40,Sim,,300,0,-10.6889329,-48.3929144,3,https://raw.githubusercontent.com/LGRSV/vera-vegetacao/main/fotos/Enecol-Centro/VER20260708091918964317825F1.jpg,https://raw.githubusercontent.com/LGRSV/vera-vegetacao/main/fotos/Enecol-Centro/VER20260708091918964317825F2.jpg,https://raw.githubusercontent.com/LGRSV/vera-vegetacao/main/fotos/Enecol-Centro/VER20260708091918964317825F3.jpg,,V20260708091918964317825
445,V0015,Porto Nacional,CENTRO,AL,AL03072001,08/07/2026,09:21,Cajueiro,449543,URBANO,5,50,Sim,,300,0,-10.6887501,-48.3928257,3,https://raw.githubusercontent.com/LGRSV/vera-vegetacao/main/fotos/Enecol-Centro/VER20260708092110500458631F1.jpg,https://raw.githubusercontent.com/LGRSV/vera-vegetacao/main/fotos/Enecol-Centro/VER20260708092110500458631F2.jpg,https://raw.githubusercontent.com/LGRSV/vera-vegetacao/main/fotos/Enecol-Centro/VER20260708092110500458631F3.jpg,,V20260708092110500458631
446,V0016,Porto Nacional,CENTRO,AL,AL03072001,08/07/2026,09:22,Cajueiro,449543,URBANO,7,90,Sim,,300,0,-10.688678,-48.3928809,3,https://raw.githubusercontent.com/LGRSV/vera-vegetacao/main/fotos/Enecol-Centro/VER20260708092204887003191F1.jpg,https://raw.githubusercontent.com/LGRSV/vera-vegetacao/main/fotos/Enecol-Centro/VER20260708092204887003191F2.jpg,https://raw.githubusercontent.com/LGRSV/vera-vegetacao/main/fotos/Enecol-Centro/VER20260708092204887003191F3.jpg,,V20260708092204887003191
447,V0017,Porto Nacional,CENTRO,AL,AL03072001,08/07/2026,09:23,Cajueiro,449543,URBANO,7,50,Sim,,300,0,-10.6887643,-48.3928142,3,https://raw.githubusercontent.com/LGRSV/vera-vegetacao/main/fotos/Enecol-Centro/VER20260708092307838046061F1.jpg,https://raw.githubusercontent.com/LGRSV/vera-vegetacao/main/fotos/Enecol-Centro/VER20260708092307838046061F2.jpg,https://raw.githubusercontent.com/LGRSV/vera-vegetacao/main/fotos/Enecol-Centro/VER20260708092307838046061F3.jpg,,V20260708092307838046061
448,V0018,Porto Nacional,CENTRO,AL,AL03072001,08/07/2026,09:24,Cajueiro,449543,URBANO,8,100,Sim,,50,0,-10.688576,-48.3929368,3,https://raw.githubusercontent.com/LGRSV/vera-vegetacao/main/fotos/Enecol-Centro/VER20260708092423274255372F1.jpg,https://raw.githubusercontent.com/LGRSV/vera-vegetacao/main/fotos/Enecol-Centro/VER20260708092423274255372F2.jpg,https://raw.githubusercontent.com/LGRSV/vera-vegetacao/main/fotos/Enecol-Centro/VER20260708092423274255372F3.jpg,,V20260708092423274255372
449,V0019,Porto Nacional,CENTRO,AL,AL03072001,08/07/2026,09:26,Cajueiro,449543,URBANO,8,100,Sim,,50,0,-10.6881686,-48.3931227,3,https://raw.githubusercontent.com/LGRSV/vera-vegetacao/main/fotos/Enecol-Centro/VER20260708092610007685831F1.jpg,https://raw.githubusercontent.com/LGRSV/vera-vegetacao/main/fotos/Enecol-Centro/VER20260708092610007685831F2.jpg,https://raw.githubusercontent.com/LGRSV/vera-vegetacao/main/fotos/Enecol-Centro/VER20260708092610007685831F3.jpg,,V20260708092610007685831
450,V0020,Porto Nacional,CENTRO,AL,AL03072001,08/07/2026,09:30,Oiti,31360543,URBANO,12,120,Sim,0,300,0,-10.6881534,-48.3932622,3,https://raw.githubusercontent.com/LGRSV/vera-vegetacao/main/fotos/Enecol-Centro/VER20260708093016179549282F1.jpg,https://raw.githubusercontent.com/LGRSV/vera-vegetacao/main/fotos/Enecol-Centro/VER20260708093016179549282F2.jpg,https://raw.githubusercontent.com/LGRSV/vera-vegetacao/main/fotos/Enecol-Centro/VER20260708093016179549282F3.jpg,,V20260708093016179549282
451,V0021,Porto Nacional,CENTRO,AL,AL03072001,08/07/2026,09:31,Oiti,31360543,URBANO,10,110,Sim,0,100,0,-10.6881817,-48.3932844,3,https://raw.githubusercontent.com/LGRSV/vera-vegetacao/main/fotos/Enecol-Centro/VER20260708093123675642157F1.jpg,https://raw.githubusercontent.com/LGRSV/vera-vegetacao/main/fotos/Enecol-Centro/VER20260708093123675642157F2.jpg,https://raw.githubusercontent.com/LGRSV/vera-vegetacao/main/fotos/Enecol-Centro/VER20260708093123675642157F3.jpg,,V20260708093123675642157
452,V0022,Porto Nacional,CENTRO,AL,AL03072001,08/07/2026,09:32,Oiti,31360543,URBANO,11,130,Sim,0,50,0,-10.6882668,-48.3933015,4,https://raw.githubusercontent.com/LGRSV/vera-vegetacao/main/fotos/Enecol-Centro/VER20260708093242668088917F1.jpg,https://raw.githubusercontent.com/LGRSV/vera-vegetacao/main/fotos/Enecol-Centro/VER20260708093242668088917F2.jpg,https://raw.githubusercontent.com/LGRSV/vera-vegetacao/main/fotos/Enecol-Centro/VER20260708093242668088917F3.jpg,https://raw.githubusercontent.com/LGRSV/vera-vegetacao/main/fotos/Enecol-Centro/VER20260708093242668088917F4.jpg,V20260708093242668088917
453,V0023,Porto Nacional,CENTRO,AL,AL03072001,08/07/2026,09:34,Mangueira,31360543,URBANO,10,110,Sim,50,300,0,-10.6882837,-48.3933463,3,https://raw.githubusercontent.com/LGRSV/vera-vegetacao/main/fotos/Enecol-Centro/VER20260708093457232759426F1.jpg,https://raw.githubusercontent.com/LGRSV/vera-vegetacao/main/fotos/Enecol-Centro/VER20260708093457232759426F2.jpg,https://raw.githubusercontent.com/LGRSV/vera-vegetacao/main/fotos/Enecol-Centro/VER20260708093457232759426F3.jpg,,V20260708093457232759426
454,V0024,Porto Nacional,CENTRO,AL,AL03072001,08/07/2026,10:20,Outros,31360526,URBANO,8,100,Sim,50,300,0,-10.6896513,-48.3970161,3,https://raw.githubusercontent.com/LGRSV/vera-vegetacao/main/fotos/Enecol-Centro/VER20260708102019161732875F1.jpg,https://raw.githubusercontent.com/LGRSV/vera-vegetacao/main/fotos/Enecol-Centro/VER20260708102019161732875F2.jpg,https://raw.githubusercontent.com/LGRSV/vera-vegetacao/main/fotos/Enecol-Centro/VER20260708102019161732875F3.jpg,,V20260708102019161732875
455,V0025,Porto Nacional,CENTRO,AL,AL03072001,08/07/2026,10:21,Outros,31360521,URBANO,11,90,Sim,0,50,0,-10.6896429,-48.3973144,3,https://raw.githubusercontent.com/LGRSV/vera-vegetacao/main/fotos/Enecol-Centro/VER20260708102135199125151F1.jpg,https://raw.githubusercontent.com/LGRSV/vera-vegetacao/main/fotos/Enecol-Centro/VER20260708102135199125151F2.jpg,https://raw.githubusercontent.com/LGRSV/vera-vegetacao/main/fotos/Enecol-Centro/VER20260708102135199125151F3.jpg,,V20260708102135199125151
456,V0026,Porto Nacional,CENTRO,AL,AL03072001,08/07/2026,10:33,Pequi,31360471,URBANO,10,120,Sim,300,300,0,-10.6903516,-48.3987399,3,https://raw.githubusercontent.com/LGRSV/vera-vegetacao/main/fotos/Enecol-Centro/VER20260708103339531070875F1.jpg,https://raw.githubusercontent.com/LGRSV/vera-vegetacao/main/fotos/Enecol-Centro/VER20260708103339531070875F2.jpg,https://raw.githubusercontent.com/LGRSV/vera-vegetacao/main/fotos/Enecol-Centro/VER20260708103339531070875F3.jpg,,V20260708103339531070875
457,V0027,Porto Nacional,CENTRO,AL,AL03072001,08/07/2026,10:44,Pequi,31360456,URBANO,10,110,Sim,,50,0,-10.6908944,-48.4004562,3,https://raw.githubusercontent.com/LGRSV/vera-vegetacao/main/fotos/Enecol-Centro/VER20260708104407982231620F1.jpg,https://raw.githubusercontent.com/LGRSV/vera-vegetacao/main/fotos/Enecol-Centro/VER20260708104407982231620F2.jpg,https://raw.githubusercontent.com/LGRSV/vera-vegetacao/main/fotos/Enecol-Centro/VER20260708104407982231620F3.jpg,,V20260708104407982231620
458,V0028,Porto Nacional,CENTRO,LD,LD02072001,08/07/2026,10:45,Oiti,445748,URBANO,9,110,Sim,0,200,0,-10.6909136,-48.4002492,3,https://raw.githubusercontent.com/LGRSV/vera-vegetacao/main/fotos/Enecol-Centro/VER20260708104551277778500F1.jpg,https://raw.githubusercontent.com/LGRSV/vera-vegetacao/main/fotos/Enecol-Centro/VER20260708104551277778500F2.jpg,https://raw.githubusercontent.com/LGRSV/vera-vegetacao/main/fotos/Enecol-Centro/VER20260708104551277778500F3.jpg,,V20260708104551277778500
459,V0029,Porto Nacional,CENTRO,LD,LD02072001,08/07/2026,10:47,Cajueiro,445748,URBANO,10,80,Sim,,150,0,-10.6912138,-48.400164,3,https://raw.githubusercontent.com/LGRSV/vera-vegetacao/main/fotos/Enecol-Centro/VER20260708104713231131640F1.jpg,https://raw.githubusercontent.com/LGRSV/vera-vegetacao/main/fotos/Enecol-Centro/VER20260708104713231131640F2.jpg,https://raw.githubusercontent.com/LGRSV/vera-vegetacao/main/fotos/Enecol-Centro/VER20260708104713231131640F3.jpg,,V20260708104713231131640
460,V0030,Porto Nacional,CENTRO,AL,AL03072001,08/07/2026,10:49,Cajueiro,31360454,URBANO,7,40,Sim,,300,0,-10.6912603,-48.4011589,3,https://raw.githubusercontent.com/LGRSV/vera-vegetacao/main/fotos/Enecol-Centro/VER20260708104950974403987F1.jpg,https://raw.githubusercontent.com/LGRSV/vera-vegetacao/main/fotos/Enecol-Centro/VER20260708104950974403987F2.jpg,https://raw.githubusercontent.com/LGRSV/vera-vegetacao/main/fotos/Enecol-Centro/VER20260708104950974403987F3.jpg,,V20260708104950974403987
461,V0031,Porto Nacional,CENTRO,AL,AL04072001,08/07/2026,10:52,Outros,1602880,URBANO,7,100,Sim,150,300,0,-10.6913643,-48.4015749,3,https://raw.githubusercontent.com/LGRSV/vera-vegetacao/main/fotos/Enecol-Centro/VER20260708105210585393582F1.jpg,https://raw.githubusercontent.com/LGRSV/vera-vegetacao/main/fotos/Enecol-Centro/VER20260708105210585393582F2.jpg,https://raw.githubusercontent.com/LGRSV/vera-vegetacao/main/fotos/Enecol-Centro/VER20260708105210585393582F3.jpg,,V20260708105210585393582
462,V0032,Porto Nacional,CENTRO,LD,LD02072001,08/07/2026,10:56,Mangueira,1066773,URBANO,7,45,Sim,50,300,0,-10.6917979,-48.4022709,3,https://raw.githubusercontent.com/LGRSV/vera-vegetacao/main/fotos/Enecol-Centro/VER20260708105623650457843F1.jpg,https://raw.githubusercontent.com/LGRSV/vera-vegetacao/main/fotos/Enecol-Centro/VER20260708105623650457843F2.jpg,https://raw.githubusercontent.com/LGRSV/vera-vegetacao/main/fotos/Enecol-Centro/VER20260708105623650457843F3.jpg,,V20260708105623650457843
463,V0033,Porto Nacional,CENTRO,AL,AL03072001,08/07/2026,10:57,Outros,31360418,URBANO,5,50,Sim,300,300,0,-10.6918876,-48.4027773,3,https://raw.githubusercontent.com/LGRSV/vera-vegetacao/main/fotos/Enecol-Centro/VER20260708105752252540454F1.jpg,https://raw.githubusercontent.com/LGRSV/vera-vegetacao/main/fotos/Enecol-Centro/VER20260708105752252540454F2.jpg,https://raw.githubusercontent.com/LGRSV/vera-vegetacao/main/fotos/Enecol-Centro/VER20260708105752252540454F3.jpg,,V20260708105752252540454
464,V0034,Porto Nacional,CENTRO,AL,AL03072001,08/07/2026,10:59,Oiti,31360371,URBANO,6,65,Sim,50,300,0,-10.6921299,-48.4030652,3,https://raw.githubusercontent.com/LGRSV/vera-vegetacao/main/fotos/Enecol-Centro/VER20260708105911546961499F1.jpg,https://raw.githubusercontent.com/LGRSV/vera-vegetacao/main/fotos/Enecol-Centro/VER20260708105911546961499F2.jpg,https://raw.githubusercontent.com/LGRSV/vera-vegetacao/main/fotos/Enecol-Centro/VER20260708105911546961499F3.jpg,,V20260708105911546961499
465,V0035,Porto Nacional,CENTRO,AL,AL03072001,08/07/2026,11:00,Oiti,31360371,URBANO,6,45,Sim,50,300,0,-10.6921206,-48.4031592,3,https://raw.githubusercontent.com/LGRSV/vera-vegetacao/main/fotos/Enecol-Centro/VER20260708110008104191017F1.jpg,https://raw.githubusercontent.com/LGRSV/vera-vegetacao/main/fotos/Enecol-Centro/VER20260708110008104191017F2.jpg,https://raw.githubusercontent.com/LGRSV/vera-vegetacao/main/fotos/Enecol-Centro/VER20260708110008104191017F3.jpg,,V20260708110008104191017
466,V0036,Porto Nacional,CENTRO,AL,AL03072001,08/07/2026,11:01,Mangueira,31360371,URBANO,8,70,Sim,,200,0,-10.6921722,-48.4030927,3,https://raw.githubusercontent.com/LGRSV/vera-vegetacao/main/fotos/Enecol-Centro/VER20260708110125754877181F1.jpg,https://raw.githubusercontent.com/LGRSV/vera-vegetacao/main/fotos/Enecol-Centro/VER20260708110125754877181F2.jpg,https://raw.githubusercontent.com/LGRSV/vera-vegetacao/main/fotos/Enecol-Centro/VER20260708110125754877181F3.jpg,,V20260708110125754877181
467,V0037,Porto Nacional,CENTRO,AL,AL03072001,08/07/2026,11:03,Cajueiro,31360371,URBANO,4,40,Sim,0,300,0,-10.6921241,-48.4030935,3,https://raw.githubusercontent.com/LGRSV/vera-vegetacao/main/fotos/Enecol-Centro/VER20260708110349885736927F1.jpg,https://raw.githubusercontent.com/LGRSV/vera-vegetacao/main/fotos/Enecol-Centro/VER20260708110349885736927F2.jpg,https://raw.githubusercontent.com/LGRSV/vera-vegetacao/main/fotos/Enecol-Centro/VER20260708110349885736927F3.jpg,,V20260708110349885736927
468,V0038,Porto Nacional,CENTRO,AL,AL03072001,08/07/2026,14:20,Oiti,31360418,URBANO,3.5,60,Sim,,300,0,-10.6918963,-48.4022872,3,https://raw.githubusercontent.com/LGRSV/vera-vegetacao/main/fotos/Enecol-Centro/VER20260708142022773800895F1.jpg,https://raw.githubusercontent.com/LGRSV/vera-vegetacao/main/fotos/Enecol-Centro/VER20260708142022773800895F2.jpg,https://raw.githubusercontent.com/LGRSV/vera-vegetacao/main/fotos/Enecol-Centro/VER20260708142022773800895F3.jpg,,V20260708142022773800895
469,V0039,Porto Nacional,CENTRO,LD,LD02072001,08/07/2026,14:21,Oiti,1066773,URBANO,3.5,50,Sim,,300,0,-10.6918936,-48.4021935,3,https://raw.githubusercontent.com/LGRSV/vera-vegetacao/main/fotos/Enecol-Centro/VER20260708142113130649721F1.jpg,https://raw.githubusercontent.com/LGRSV/vera-vegetacao/main/fotos/Enecol-Centro/VER20260708142113130649721F2.jpg,https://raw.githubusercontent.com/LGRSV/vera-vegetacao/main/fotos/Enecol-Centro/VER20260708142113130649721F3.jpg,,V20260708142113130649721
470,V0040,Porto Nacional,CENTRO,LD,LD02072001,08/07/2026,14:22,Cajueiro,1066773,URBANO,8,80,Sim,,50,0,-10.6918077,-48.4020461,3,https://raw.githubusercontent.com/LGRSV/vera-vegetacao/main/fotos/Enecol-Centro/VER20260708142235874186224F1.jpg,https://raw.githubusercontent.com/LGRSV/vera-vegetacao/main/fotos/Enecol-Centro/VER20260708142235874186224F2.jpg,https://raw.githubusercontent.com/LGRSV/vera-vegetacao/main/fotos/Enecol-Centro/VER20260708142235874186224F3.jpg,,V20260708142235874186224
471,V0041,Porto Nacional,CENTRO,LD,LD02072001,08/07/2026,14:23,Oiti,1066773,URBANO,7,50,Sim,,300,0,-10.6917413,-48.4019715,3,https://raw.githubusercontent.com/LGRSV/vera-vegetacao/main/fotos/Enecol-Centro/VER20260708142352815918000F1.jpg,https://raw.githubusercontent.com/LGRSV/vera-vegetacao/main/fotos/Enecol-Centro/VER20260708142352815918000F2.jpg,https://raw.githubusercontent.com/LGRSV/vera-vegetacao/main/fotos/Enecol-Centro/VER20260708142352815918000F3.jpg,,V20260708142352815918000
472,V0042,Porto Nacional,CENTRO,AL,AL03072001,08/07/2026,14:26,Oiti,31360431,URBANO,7,50,Sim,,300,0,-10.6917013,-48.401941,3,https://raw.githubusercontent.com/LGRSV/vera-vegetacao/main/fotos/Enecol-Centro/VER20260708142608510520932F1.jpg,https://raw.githubusercontent.com/LGRSV/vera-vegetacao/main/fotos/Enecol-Centro/VER20260708142608510520932F2.jpg,https://raw.githubusercontent.com/LGRSV/vera-vegetacao/main/fotos/Enecol-Centro/VER20260708142608510520932F3.jpg,,V20260708142608510520932
473,V0043,Porto Nacional,CENTRO,LD,LD02072001,08/07/2026,14:27,Oiti,1066773,URBANO,7,45,Sim,,300,0,-10.6916465,-48.401935,3,https://raw.githubusercontent.com/LGRSV/vera-vegetacao/main/fotos/Enecol-Centro/VER20260708142749319095777F1.jpg,https://raw.githubusercontent.com/LGRSV/vera-vegetacao/main/fotos/Enecol-Centro/VER20260708142749319095777F2.jpg,https://raw.githubusercontent.com/LGRSV/vera-vegetacao/main/fotos/Enecol-Centro/VER20260708142749319095777F3.jpg,,V20260708142749319095777
474,V0044,Porto Nacional,CENTRO,AL,AL01072001,08/07/2026,14:40,Pequi,832939,URBANO,8,110,Sim,300,300,0,-10.6934884,-48.4077688,3,https://raw.githubusercontent.com/LGRSV/vera-vegetacao/main/fotos/Enecol-Centro/VER20260708144055233019387F1.jpg,https://raw.githubusercontent.com/LGRSV/vera-vegetacao/main/fotos/Enecol-Centro/VER20260708144055233019387F2.jpg,https://raw.githubusercontent.com/LGRSV/vera-vegetacao/main/fotos/Enecol-Centro/VER20260708144055233019387F3.jpg,,V20260708144055233019387
475,V0045,Porto Nacional,CENTRO,AL,AL01072001,08/07/2026,14:43,Pequi,833796,URBANO,7,90,Sim,300,300,0,-10.6935448,-48.407181,3,https://raw.githubusercontent.com/LGRSV/vera-vegetacao/main/fotos/Enecol-Centro/VER20260708144320767012026F1.jpg,https://raw.githubusercontent.com/LGRSV/vera-vegetacao/main/fotos/Enecol-Centro/VER20260708144320767012026F2.jpg,https://raw.githubusercontent.com/LGRSV/vera-vegetacao/main/fotos/Enecol-Centro/VER20260708144320767012026F3.jpg,,V20260708144320767012026
476,V0001,Porto Nacional,CENTRO,AL,AL03072001,08/07/2026,14:55,Coqueiro,140642,URBANO,,20,Sim,,300,0,-10.6931983,-48.4026615,3,https://raw.githubusercontent.com/LGRSV/vera-vegetacao/main/fotos/Enecol-Centro/VER20260708145515928533293F1.jpg,https://raw.githubusercontent.com/LGRSV/vera-vegetacao/main/fotos/Enecol-Centro/VER20260708145515928533293F2.jpg,https://raw.githubusercontent.com/LGRSV/vera-vegetacao/main/fotos/Enecol-Centro/VER20260708145515928533293F3.jpg,,V20260708145515928533293
477,V0002,Porto Nacional,CENTRO,AL,AL03072001,08/07/2026,14:59,Mangueira,475376,URBANO,6,70,Sim,,300,0,-10.6930789,-48.4018953,3,https://raw.githubusercontent.com/LGRSV/vera-vegetacao/main/fotos/Enecol-Centro/VER20260708145925909670070F1.jpg,https://raw.githubusercontent.com/LGRSV/vera-vegetacao/main/fotos/Enecol-Centro/VER20260708145925909670070F2.jpg,https://raw.githubusercontent.com/LGRSV/vera-vegetacao/main/fotos/Enecol-Centro/VER20260708145925909670070F3.jpg,,V20260708145925909670070
478,V0003,Porto Nacional,CENTRO,AL,AL04072001,08/07/2026,15:03,Outros,475109,URBANO,6,100,Sim,,300,0,-10.6923297,-48.4002843,3,https://raw.githubusercontent.com/LGRSV/vera-vegetacao/main/fotos/Enecol-Centro/VER20260708150358619964160F1.jpg,https://raw.githubusercontent.com/LGRSV/vera-vegetacao/main/fotos/Enecol-Centro/VER20260708150358619964160F2.jpg,https://raw.githubusercontent.com/LGRSV/vera-vegetacao/main/fotos/Enecol-Centro/VER20260708150358619964160F3.jpg,,V20260708150358619964160
479,V0004,Porto Nacional,CENTRO,AL,AL03072001,08/07/2026,15:13,Outros,429336,URBANO,14,90,Sim,100,100,0,-10.6922329,-48.3996214,3,https://raw.githubusercontent.com/LGRSV/vera-vegetacao/main/fotos/Enecol-Centro/VER20260708151320231339618F1.jpg,https://raw.githubusercontent.com/LGRSV/vera-vegetacao/main/fotos/Enecol-Centro/VER20260708151320231339618F2.jpg,https://raw.githubusercontent.com/LGRSV/vera-vegetacao/main/fotos/Enecol-Centro/VER20260708151320231339618F3.jpg,,V20260708151320231339618
480,V0005,Porto Nacional,CENTRO,AL,AL03072001,08/07/2026,15:14,Oiti,429336,URBANO,5,40,Sim,300,300,0,-10.6921642,-48.3992183,3,https://raw.githubusercontent.com/LGRSV/vera-vegetacao/main/fotos/Enecol-Centro/VER20260708151410885119464F1.jpg,https://raw.githubusercontent.com/LGRSV/vera-vegetacao/main/fotos/Enecol-Centro/VER20260708151410885119464F2.jpg,https://raw.githubusercontent.com/LGRSV/vera-vegetacao/main/fotos/Enecol-Centro/VER20260708151410885119464F3.jpg,,V20260708151410885119464
481,V0006,Porto Nacional,CENTRO,AL,AL03072001,08/07/2026,15:15,Oiti,432036,URBANO,5,40,Sim,300,300,0,-10.6921083,-48.3993719,3,https://raw.githubusercontent.com/LGRSV/vera-vegetacao/main/fotos/Enecol-Centro/VER20260708151505420063221F1.jpg,https://raw.githubusercontent.com/LGRSV/vera-vegetacao/main/fotos/Enecol-Centro/VER20260708151505420063221F2.jpg,https://raw.githubusercontent.com/LGRSV/vera-vegetacao/main/fotos/Enecol-Centro/VER20260708151505420063221F3.jpg,,V20260708151505420063221
482,V0007,Porto Nacional,CENTRO,AL,AL03072001,08/07/2026,15:16,Outros,432036,URBANO,9,110,Sim,50,150,0,-10.6921519,-48.3991378,3,https://raw.githubusercontent.com/LGRSV/vera-vegetacao/main/fotos/Enecol-Centro/VER20260708151644012887524F1.jpg,https://raw.githubusercontent.com/LGRSV/vera-vegetacao/main/fotos/Enecol-Centro/VER20260708151644012887524F2.jpg,https://raw.githubusercontent.com/LGRSV/vera-vegetacao/main/fotos/Enecol-Centro/VER20260708151644012887524F3.jpg,,V20260708151644012887524
483,V0008,Porto Nacional,CENTRO,AL,AL03072001,08/07/2026,15:18,Oiti,432036,URBANO,5,40,Sim,300,300,0,-10.692144,-48.3991962,3,https://raw.githubusercontent.com/LGRSV/vera-vegetacao/main/fotos/Enecol-Centro/VER20260708151802205351490F1.jpg,https://raw.githubusercontent.com/LGRSV/vera-vegetacao/main/fotos/Enecol-Centro/VER20260708151802205351490F2.jpg,https://raw.githubusercontent.com/LGRSV/vera-vegetacao/main/fotos/Enecol-Centro/VER20260708151802205351490F3.jpg,,V20260708151802205351490
484,V0009,Porto Nacional,CENTRO,AL,AL03072001,08/07/2026,15:19,Outros,432036,URBANO,12,110,Sim,300,200,0,-10.6920783,-48.3993967,3,https://raw.githubusercontent.com/LGRSV/vera-vegetacao/main/fotos/Enecol-Centro/VER20260708151907226468751F1.jpg,https://raw.githubusercontent.com/LGRSV/vera-vegetacao/main/fotos/Enecol-Centro/VER20260708151907226468751F2.jpg,https://raw.githubusercontent.com/LGRSV/vera-vegetacao/main/fotos/Enecol-Centro/VER20260708151907226468751F3.jpg,,V20260708151907226468751
485,V0010,Porto Nacional,CENTRO,AL,AL03072001,08/07/2026,15:20,Pequi,432036,URBANO,9,120,Sim,50,250,0,-10.6920459,-48.3993669,3,https://raw.githubusercontent.com/LGRSV/vera-vegetacao/main/fotos/Enecol-Centro/VER20260708152013723396503F1.jpg,https://raw.githubusercontent.com/LGRSV/vera-vegetacao/main/fotos/Enecol-Centro/VER20260708152013723396503F2.jpg,https://raw.githubusercontent.com/LGRSV/vera-vegetacao/main/fotos/Enecol-Centro/VER20260708152013723396503F3.jpg,,V20260708152013723396503
486,V0011,Porto Nacional,CENTRO,AL,AL03072001,08/07/2026,15:21,Outros,432282,URBANO,12,110,Sim,50,50,0,-10.692058,-48.3987875,3,https://raw.githubusercontent.com/LGRSV/vera-vegetacao/main/fotos/Enecol-Centro/VER20260708152159279869600F1.jpg,https://raw.githubusercontent.com/LGRSV/vera-vegetacao/main/fotos/Enecol-Centro/VER20260708152159279869600F2.jpg,https://raw.githubusercontent.com/LGRSV/vera-vegetacao/main/fotos/Enecol-Centro/VER20260708152159279869600F3.jpg,,V20260708152159279869600
487,V0012,Porto Nacional,CENTRO,AL,AL03072001,08/07/2026,15:23,Oiti,432282,URBANO,7,50,Sim,300,300,0,-10.6921344,-48.3987283,3,https://raw.githubusercontent.com/LGRSV/vera-vegetacao/main/fotos/Enecol-Centro/VER20260708152311238982111F1.jpg,https://raw.githubusercontent.com/LGRSV/vera-vegetacao/main/fotos/Enecol-Centro/VER20260708152311238982111F2.jpg,https://raw.githubusercontent.com/LGRSV/vera-vegetacao/main/fotos/Enecol-Centro/VER20260708152311238982111F3.jpg,,V20260708152311238982111
488,V0013,Porto Nacional,CENTRO,AL,AL04072001,08/07/2026,15:24,Outros,449805,URBANO,8,100,Sim,50,150,0,-10.691614,-48.3985757,3,https://raw.githubusercontent.com/LGRSV/vera-vegetacao/main/fotos/Enecol-Centro/VER20260708152440124161231F1.jpg,https://raw.githubusercontent.com/LGRSV/vera-vegetacao/main/fotos/Enecol-Centro/VER20260708152440124161231F2.jpg,https://raw.githubusercontent.com/LGRSV/vera-vegetacao/main/fotos/Enecol-Centro/VER20260708152440124161231F3.jpg,,V20260708152440124161231
489,V0014,Porto Nacional,CENTRO,AL,AL04072001,08/07/2026,15:25,Outros,449805,URBANO,14,190,Sim,250,50,0,-10.6917184,-48.3985443,3,https://raw.githubusercontent.com/LGRSV/vera-vegetacao/main/fotos/Enecol-Centro/VER20260708152551271643443F1.jpg,https://raw.githubusercontent.com/LGRSV/vera-vegetacao/main/fotos/Enecol-Centro/VER20260708152551271643443F2.jpg,https://raw.githubusercontent.com/LGRSV/vera-vegetacao/main/fotos/Enecol-Centro/VER20260708152551271643443F3.jpg,,V20260708152551271643443
490,V0015,Porto Nacional,CENTRO,AL,AL04072001,08/07/2026,15:27,Outros,449806,URBANO,12,100,Sim,300,300,0,-10.6914213,-48.3981873,3,https://raw.githubusercontent.com/LGRSV/vera-vegetacao/main/fotos/Enecol-Centro/VER20260708152744464949375F1.jpg,https://raw.githubusercontent.com/LGRSV/vera-vegetacao/main/fotos/Enecol-Centro/VER20260708152744464949375F2.jpg,https://raw.githubusercontent.com/LGRSV/vera-vegetacao/main/fotos/Enecol-Centro/VER20260708152744464949375F3.jpg,,V20260708152744464949375
491,V0016,Porto Nacional,CENTRO,AL,AL04072001,08/07/2026,15:28,Outros,449806,URBANO,7.5,80,Sim,300,300,0,-10.6915855,-48.3982147,3,https://raw.githubusercontent.com/LGRSV/vera-vegetacao/main/fotos/Enecol-Centro/VER20260708152858832343115F1.jpg,https://raw.githubusercontent.com/LGRSV/vera-vegetacao/main/fotos/Enecol-Centro/VER20260708152858832343115F2.jpg,https://raw.githubusercontent.com/LGRSV/vera-vegetacao/main/fotos/Enecol-Centro/VER20260708152858832343115F3.jpg,,V20260708152858832343115
492,V0017,Porto Nacional,CENTRO,AL,AL03072001,08/07/2026,15:30,Outros,432284,URBANO,12,110,Sim,300,300,0,-10.691422,-48.3981871,3,https://raw.githubusercontent.com/LGRSV/vera-vegetacao/main/fotos/Enecol-Centro/VER20260708153018868140532F1.jpg,https://raw.githubusercontent.com/LGRSV/vera-vegetacao/main/fotos/Enecol-Centro/VER20260708153018868140532F2.jpg,https://raw.githubusercontent.com/LGRSV/vera-vegetacao/main/fotos/Enecol-Centro/VER20260708153018868140532F3.jpg,,V20260708153018868140532
493,V0018,Porto Nacional,CENTRO,AL,AL03072001,08/07/2026,15:31,Outros,432285,URBANO,8,80,Sim,50,50,0,-10.6914109,-48.3981086,3,https://raw.githubusercontent.com/LGRSV/vera-vegetacao/main/fotos/Enecol-Centro/VER20260708153141802161867F1.jpg,https://raw.githubusercontent.com/LGRSV/vera-vegetacao/main/fotos/Enecol-Centro/VER20260708153141802161867F2.jpg,https://raw.githubusercontent.com/LGRSV/vera-vegetacao/main/fotos/Enecol-Centro/VER20260708153141802161867F3.jpg,,V20260708153141802161867
494,V0019,Porto Nacional,CENTRO,AL,AL03072001,08/07/2026,15:32,Pequi,432285,URBANO,8.5,110,Sim,0,0,0,-10.6912786,-48.3980363,3,https://raw.githubusercontent.com/LGRSV/vera-vegetacao/main/fotos/Enecol-Centro/VER20260708153256280158323F1.jpg,https://raw.githubusercontent.com/LGRSV/vera-vegetacao/main/fotos/Enecol-Centro/VER20260708153256280158323F2.jpg,https://raw.githubusercontent.com/LGRSV/vera-vegetacao/main/fotos/Enecol-Centro/VER20260708153256280158323F3.jpg,,V20260708153256280158323
495,V0020,Porto Nacional,CENTRO,AL,AL04072001,08/07/2026,15:42,Outros,445732,URBANO,7,45,Sim,50,200,0,-10.6907138,-48.3965176,3,https://raw.githubusercontent.com/LGRSV/vera-vegetacao/main/fotos/Enecol-Centro/VER20260708154217172096313F1.jpg,https://raw.githubusercontent.com/LGRSV/vera-vegetacao/main/fotos/Enecol-Centro/VER20260708154217172096313F2.jpg,https://raw.githubusercontent.com/LGRSV/vera-vegetacao/main/fotos/Enecol-Centro/VER20260708154217172096313F3.jpg,,V20260708154217172096313
496,V0021,Porto Nacional,CENTRO,AL,AL03072001,08/07/2026,15:44,Goiaba,473597,URBANO,5,40,Sim,,300,0,-10.6906103,-48.3958639,3,https://raw.githubusercontent.com/LGRSV/vera-vegetacao/main/fotos/Enecol-Centro/VER20260708154411009601890F1.jpg,https://raw.githubusercontent.com/LGRSV/vera-vegetacao/main/fotos/Enecol-Centro/VER20260708154411009601890F2.jpg,https://raw.githubusercontent.com/LGRSV/vera-vegetacao/main/fotos/Enecol-Centro/VER20260708154411009601890F3.jpg,,V20260708154411009601890
497,V0022,Porto Nacional,CENTRO,AL,AL03072001,08/07/2026,15:47,Cajueiro,473179,URBANO,4.5,50,Sim,300,300,0,-10.6898427,-48.3943497,3,https://raw.githubusercontent.com/LGRSV/vera-vegetacao/main/fotos/Enecol-Centro/VER20260708154750274791531F1.jpg,https://raw.githubusercontent.com/LGRSV/vera-vegetacao/main/fotos/Enecol-Centro/VER20260708154750274791531F2.jpg,https://raw.githubusercontent.com/LGRSV/vera-vegetacao/main/fotos/Enecol-Centro/VER20260708154750274791531F3.jpg,,V20260708154750274791531
498,V0023,Porto Nacional,CENTRO,AL,AL03072001,08/07/2026,15:48,Outros,473179,URBANO,8,100,Sim,300,300,0,-10.6898902,-48.3942576,3,https://raw.githubusercontent.com/LGRSV/vera-vegetacao/main/fotos/Enecol-Centro/VER20260708154858937539727F1.jpg,https://raw.githubusercontent.com/LGRSV/vera-vegetacao/main/fotos/Enecol-Centro/VER20260708154858937539727F2.jpg,https://raw.githubusercontent.com/LGRSV/vera-vegetacao/main/fotos/Enecol-Centro/VER20260708154858937539727F3.jpg,,V20260708154858937539727
499,V0024,Porto Nacional,CENTRO,AL,AL03072001,08/07/2026,15:52,Pequi,472905,URBANO,8,60,Sim,50,300,0,-10.6893858,-48.393141,3,https://raw.githubusercontent.com/LGRSV/vera-vegetacao/main/fotos/Enecol-Centro/VER20260708155212460588786F1.jpg,https://raw.githubusercontent.com/LGRSV/vera-vegetacao/main/fotos/Enecol-Centro/VER20260708155212460588786F2.jpg,https://raw.githubusercontent.com/LGRSV/vera-vegetacao/main/fotos/Enecol-Centro/VER20260708155212460588786F3.jpg,,V20260708155212460588786
500,V0025,Porto Nacional,CENTRO,AL,AL04072001,08/07/2026,15:53,Outros,,URBANO,8,50,Sim,300,300,0,-10.6893544,-48.3930245,3,https://raw.githubusercontent.com/LGRSV/vera-vegetacao/main/fotos/Enecol-Centro/VER20260708155331393857877F1.jpg,https://raw.githubusercontent.com/LGRSV/vera-vegetacao/main/fotos/Enecol-Centro/VER20260708155331393857877F2.jpg,https://raw.githubusercontent.com/LGRSV/vera-vegetacao/main/fotos/Enecol-Centro/VER20260708155331393857877F3.jpg,,V20260708155331393857877
501,V0026,Porto Nacional,CENTRO,AL,AL03072001,08/07/2026,15:56,Outros,474656,URBANO,6,30,Sim,150,300,0,-10.6891767,-48.39248,3,https://raw.githubusercontent.com/LGRSV/vera-vegetacao/main/fotos/Enecol-Centro/VER20260708155650056765224F1.jpg,https://raw.githubusercontent.com/LGRSV/vera-vegetacao/main/fotos/Enecol-Centro/VER20260708155650056765224F2.jpg,https://raw.githubusercontent.com/LGRSV/vera-vegetacao/main/fotos/Enecol-Centro/VER20260708155650056765224F3.jpg,,V20260708155650056765224
502,V0027,Porto Nacional,CENTRO,AL,AL04072001,08/07/2026,15:58,Outros,449026,URBANO,9,50,Sim,100,50,0,-10.6891313,-48.3924242,3,https://raw.githubusercontent.com/LGRSV/vera-vegetacao/main/fotos/Enecol-Centro/VER20260708155818679590994F1.jpg,https://raw.githubusercontent.com/LGRSV/vera-vegetacao/main/fotos/Enecol-Centro/VER20260708155818679590994F2.jpg,https://raw.githubusercontent.com/LGRSV/vera-vegetacao/main/fotos/Enecol-Centro/VER20260708155818679590994F3.jpg,,V20260708155818679590994
503,V0028,Porto Nacional,CENTRO,AL,AL04072001,08/07/2026,15:59,Tamarindo,140754,URBANO,6,70,Sim,50,300,0,-10.6889998,-48.3922842,3,https://raw.githubusercontent.com/LGRSV/vera-vegetacao/main/fotos/Enecol-Centro/VER20260708155944475557095F1.jpg,https://raw.githubusercontent.com/LGRSV/vera-vegetacao/main/fotos/Enecol-Centro/VER20260708155944475557095F2.jpg,https://raw.githubusercontent.com/LGRSV/vera-vegetacao/main/fotos/Enecol-Centro/VER20260708155944475557095F3.jpg,,V20260708155944475557095
504,V0029,Porto Nacional,CENTRO,AL,AL04072001,08/07/2026,16:04,Outros,165216,URBANO,13,110,Sim,300,300,0,-10.6886521,-48.3917471,3,https://raw.githubusercontent.com/LGRSV/vera-vegetacao/main/fotos/Enecol-Centro/VER20260708160404740444721F1.jpg,https://raw.githubusercontent.com/LGRSV/vera-vegetacao/main/fotos/Enecol-Centro/VER20260708160404740444721F2.jpg,https://raw.githubusercontent.com/LGRSV/vera-vegetacao/main/fotos/Enecol-Centro/VER20260708160404740444721F3.jpg,,V20260708160404740444721
505,V0030,Porto Nacional,CENTRO,AL,AL04072001,08/07/2026,16:05,Outros,165216,URBANO,14,140,Sim,300,300,0,-10.6890274,-48.3914431,3,https://raw.githubusercontent.com/LGRSV/vera-vegetacao/main/fotos/Enecol-Centro/VER20260708160515658386438F1.jpg,https://raw.githubusercontent.com/LGRSV/vera-vegetacao/main/fotos/Enecol-Centro/VER20260708160515658386438F2.jpg,https://raw.githubusercontent.com/LGRSV/vera-vegetacao/main/fotos/Enecol-Centro/VER20260708160515658386438F3.jpg,,V20260708160515658386438
506,V0031,Porto Nacional,CENTRO,AL,AL04072001,08/07/2026,16:06,Outros,57977761,URBANO,14,120,Sim,300,300,0,-10.6883926,-48.3914186,3,https://raw.githubusercontent.com/LGRSV/vera-vegetacao/main/fotos/Enecol-Centro/VER20260708160633660780223F1.jpg,https://raw.githubusercontent.com/LGRSV/vera-vegetacao/main/fotos/Enecol-Centro/VER20260708160633660780223F2.jpg,https://raw.githubusercontent.com/LGRSV/vera-vegetacao/main/fotos/Enecol-Centro/VER20260708160633660780223F3.jpg,,V20260708160633660780223
507,V0032,Porto Nacional,CENTRO,AL,AL04072001,08/07/2026,16:31,Outros,474685,URBANO,5,30,,,300,0,-10.6926396,-48.3790052,3,https://raw.githubusercontent.com/LGRSV/vera-vegetacao/main/fotos/Enecol-Centro/VER20260708163124518034344F1.jpg,https://raw.githubusercontent.com/LGRSV/vera-vegetacao/main/fotos/Enecol-Centro/VER20260708163124518034344F2.jpg,https://raw.githubusercontent.com/LGRSV/vera-vegetacao/main/fotos/Enecol-Centro/VER20260708163124518034344F3.jpg,,V20260708163124518034344
508,V0033,Porto Nacional,CENTRO,AL,AL04072001,08/07/2026,16:32,Outros,474686,URBANO,6,40,Sim,300,300,0,-10.6923203,-48.3792917,3,https://raw.githubusercontent.com/LGRSV/vera-vegetacao/main/fotos/Enecol-Centro/VER20260708163242216836675F1.jpg,https://raw.githubusercontent.com/LGRSV/vera-vegetacao/main/fotos/Enecol-Centro/VER20260708163242216836675F2.jpg,https://raw.githubusercontent.com/LGRSV/vera-vegetacao/main/fotos/Enecol-Centro/VER20260708163242216836675F3.jpg,,V20260708163242216836675
509,V0034,Porto Nacional,CENTRO,AL,AL04072001,08/07/2026,16:35,Outros,473634,URBANO,7,30,Sim,50,300,0,-10.6914791,-48.3795105,3,https://raw.githubusercontent.com/LGRSV/vera-vegetacao/main/fotos/Enecol-Centro/VER20260708163552850991043F1.jpg,https://raw.githubusercontent.com/LGRSV/vera-vegetacao/main/fotos/Enecol-Centro/VER20260708163552850991043F2.jpg,https://raw.githubusercontent.com/LGRSV/vera-vegetacao/main/fotos/Enecol-Centro/VER20260708163552850991043F3.jpg,,V20260708163552850991043
510,V0035,Porto Nacional,CENTRO,AL,AL04072001,09/07/2026,08:44,Outros,526087,URBANO,5,40,Sim,300,300,0,-10.6931819,-48.3907982,3,https://raw.githubusercontent.com/LGRSV/vera-vegetacao/main/fotos/Enecol-Centro/VER20260709084436428814422F1.jpg,https://raw.githubusercontent.com/LGRSV/vera-vegetacao/main/fotos/Enecol-Centro/VER20260709084436428814422F2.jpg,https://raw.githubusercontent.com/LGRSV/vera-vegetacao/main/fotos/Enecol-Centro/VER20260709084436428814422F3.jpg,,V20260709084436428814422
511,V0036,Porto Nacional,CENTRO,AL,AL04072001,09/07/2026,08:49,Outros,473599,URBANO,6.5,25,Sim,300,300,0,-10.6911598,-48.3910387,3,https://raw.githubusercontent.com/LGRSV/vera-vegetacao/main/fotos/Enecol-Centro/VER20260709084957846701598F1.jpg,https://raw.githubusercontent.com/LGRSV/vera-vegetacao/main/fotos/Enecol-Centro/VER20260709084957846701598F2.jpg,https://raw.githubusercontent.com/LGRSV/vera-vegetacao/main/fotos/Enecol-Centro/VER20260709084957846701598F3.jpg,,V20260709084957846701598
512,V0037,Porto Nacional,CENTRO,AL,AL04072001,09/07/2026,08:51,Outros,474654,URBANO,7,20,Sim,,300,0,-10.6910218,-48.3908165,3,https://raw.githubusercontent.com/LGRSV/vera-vegetacao/main/fotos/Enecol-Centro/VER20260709085106858337710F1.jpg,https://raw.githubusercontent.com/LGRSV/vera-vegetacao/main/fotos/Enecol-Centro/VER20260709085106858337710F2.jpg,https://raw.githubusercontent.com/LGRSV/vera-vegetacao/main/fotos/Enecol-Centro/VER20260709085106858337710F3.jpg,,V20260709085106858337710
513,V0038,Porto Nacional,CENTRO,AL,AL04072001,09/07/2026,08:52,Outros,474654,URBANO,5,20,Sim,,300,0,-10.6908999,-48.3908087,3,https://raw.githubusercontent.com/LGRSV/vera-vegetacao/main/fotos/Enecol-Centro/VER20260709085208796426926F1.jpg,https://raw.githubusercontent.com/LGRSV/vera-vegetacao/main/fotos/Enecol-Centro/VER20260709085208796426926F2.jpg,https://raw.githubusercontent.com/LGRSV/vera-vegetacao/main/fotos/Enecol-Centro/VER20260709085208796426926F3.jpg,,V20260709085208796426926
514,V0039,Porto Nacional,CENTRO,AL,AL04072001,09/07/2026,08:53,Outros,161984,URBANO,9,25,Sim,,150,0,-10.6911414,-48.3906679,3,https://raw.githubusercontent.com/LGRSV/vera-vegetacao/main/fotos/Enecol-Centro/VER20260709085304067596654F1.jpg,https://raw.githubusercontent.com/LGRSV/vera-vegetacao/main/fotos/Enecol-Centro/VER20260709085304067596654F2.jpg,https://raw.githubusercontent.com/LGRSV/vera-vegetacao/main/fotos/Enecol-Centro/VER20260709085304067596654F3.jpg,,V20260709085304067596654
515,V0040,Porto Nacional,CENTRO,AL,AL04072001,09/07/2026,08:54,Outros,161984,URBANO,9,25,Sim,,150,0,-10.6910291,-48.3905354,3,https://raw.githubusercontent.com/LGRSV/vera-vegetacao/main/fotos/Enecol-Centro/VER20260709085417576405850F1.jpg,https://raw.githubusercontent.com/LGRSV/vera-vegetacao/main/fotos/Enecol-Centro/VER20260709085417576405850F2.jpg,https://raw.githubusercontent.com/LGRSV/vera-vegetacao/main/fotos/Enecol-Centro/VER20260709085417576405850F3.jpg,,V20260709085417576405850
516,V0041,Porto Nacional,CENTRO,AL,AL04072001,09/07/2026,08:56,Outros,338956,URBANO,8,80,Sim,,300,0,-10.6909662,-48.3902046,3,https://raw.githubusercontent.com/LGRSV/vera-vegetacao/main/fotos/Enecol-Centro/VER20260709085605133255966F1.jpg,https://raw.githubusercontent.com/LGRSV/vera-vegetacao/main/fotos/Enecol-Centro/VER20260709085605133255966F2.jpg,https://raw.githubusercontent.com/LGRSV/vera-vegetacao/main/fotos/Enecol-Centro/VER20260709085605133255966F3.jpg,,V20260709085605133255966
517,V0042,Porto Nacional,CENTRO,AL,AL04072001,09/07/2026,08:58,Mangueira,45812700,URBANO,12,120,Sim,,50,0,-10.6905853,-48.390225,3,https://raw.githubusercontent.com/LGRSV/vera-vegetacao/main/fotos/Enecol-Centro/VER20260709085825074798958F1.jpg,https://raw.githubusercontent.com/LGRSV/vera-vegetacao/main/fotos/Enecol-Centro/VER20260709085825074798958F2.jpg,https://raw.githubusercontent.com/LGRSV/vera-vegetacao/main/fotos/Enecol-Centro/VER20260709085825074798958F3.jpg,,V20260709085825074798958
518,V0043,Porto Nacional,CENTRO,AL,AL04072001,09/07/2026,09:00,Mangueira,473183,URBANO,8,110,,,300,0,-10.6906914,-48.3899412,3,https://raw.githubusercontent.com/LGRSV/vera-vegetacao/main/fotos/Enecol-Centro/VER20260709090032365738741F1.jpg,https://raw.githubusercontent.com/LGRSV/vera-vegetacao/main/fotos/Enecol-Centro/VER20260709090032365738741F2.jpg,https://raw.githubusercontent.com/LGRSV/vera-vegetacao/main/fotos/Enecol-Centro/VER20260709090032365738741F3.jpg,,V20260709090032365738741
519,V0044,Porto Nacional,CENTRO,AL,AL04072001,09/07/2026,09:01,Outros,475867,URBANO,7,95,Sim,,150,0,-10.6906644,-48.389817,3,https://raw.githubusercontent.com/LGRSV/vera-vegetacao/main/fotos/Enecol-Centro/VER20260709090144329101732F1.jpg,https://raw.githubusercontent.com/LGRSV/vera-vegetacao/main/fotos/Enecol-Centro/VER20260709090144329101732F2.jpg,https://raw.githubusercontent.com/LGRSV/vera-vegetacao/main/fotos/Enecol-Centro/VER20260709090144329101732F3.jpg,,V20260709090144329101732
520,V0045,Porto Nacional,CENTRO,AL,AL04072001,09/07/2026,09:28,Outros,370696,URBANO,9,80,Sim,0,100,0,-10.6931166,-48.3953674,3,https://raw.githubusercontent.com/LGRSV/vera-vegetacao/main/fotos/Enecol-Centro/VER20260709092846431177896F1.jpg,https://raw.githubusercontent.com/LGRSV/vera-vegetacao/main/fotos/Enecol-Centro/VER20260709092846431177896F2.jpg,https://raw.githubusercontent.com/LGRSV/vera-vegetacao/main/fotos/Enecol-Centro/VER20260709092846431177896F3.jpg,,V20260709092846431177896
521,V0046,Porto Nacional,CENTRO,AL,AL04072001,09/07/2026,09:30,Outros,432317,URBANO,10,70,Sim,50,200,0,-10.6929706,-48.3953686,3,https://raw.githubusercontent.com/LGRSV/vera-vegetacao/main/fotos/Enecol-Centro/VER20260709093009843061000F1.jpg,https://raw.githubusercontent.com/LGRSV/vera-vegetacao/main/fotos/Enecol-Centro/VER20260709093009843061000F2.jpg,https://raw.githubusercontent.com/LGRSV/vera-vegetacao/main/fotos/Enecol-Centro/VER20260709093009843061000F3.jpg,,V20260709093009843061000
522,V0047,Porto Nacional,CENTRO,AL,AL04072001,09/07/2026,09:33,Coqueiro,472281,URBANO,8,80,Sim,50,300,0,-10.6923246,-48.3957207,3,https://raw.githubusercontent.com/LGRSV/vera-vegetacao/main/fotos/Enecol-Centro/VER20260709093342787749566F1.jpg,https://raw.githubusercontent.com/LGRSV/vera-vegetacao/main/fotos/Enecol-Centro/VER20260709093342787749566F2.jpg,https://raw.githubusercontent.com/LGRSV/vera-vegetacao/main/fotos/Enecol-Centro/VER20260709093342787749566F3.jpg,,V20260709093342787749566
523,V0048,Porto Nacional,CENTRO,AL,AL04072001,09/07/2026,09:36,Coqueiro,472283,URBANO,,50,Sim,50,300,0,-10.6918757,-48.3958545,3,https://raw.githubusercontent.com/LGRSV/vera-vegetacao/main/fotos/Enecol-Centro/VER20260709093623976151157F1.jpg,https://raw.githubusercontent.com/LGRSV/vera-vegetacao/main/fotos/Enecol-Centro/VER20260709093623976151157F2.jpg,https://raw.githubusercontent.com/LGRSV/vera-vegetacao/main/fotos/Enecol-Centro/VER20260709093623976151157F3.jpg,,V20260709093623976151157
524,V0049,Porto Nacional,CENTRO,AL,AL04072001,09/07/2026,09:44,Cajueiro,429087,URBANO,11,80,Sim,300,300,0,-10.6938246,-48.3993715,3,https://raw.githubusercontent.com/LGRSV/vera-vegetacao/main/fotos/Enecol-Centro/VER20260709094402760953434F1.jpg,https://raw.githubusercontent.com/LGRSV/vera-vegetacao/main/fotos/Enecol-Centro/VER20260709094402760953434F2.jpg,https://raw.githubusercontent.com/LGRSV/vera-vegetacao/main/fotos/Enecol-Centro/VER20260709094402760953434F3.jpg,,V20260709094402760953434
525,V0050,Porto Nacional,CENTRO,AL,AL02072001,09/07/2026,09:54,Outros,1585368,URBANO,,40,Sim,,300,0,-10.6948292,-48.398901,3,https://raw.githubusercontent.com/LGRSV/vera-vegetacao/main/fotos/Enecol-Centro/VER20260709095452379688015F1.jpg,https://raw.githubusercontent.com/LGRSV/vera-vegetacao/main/fotos/Enecol-Centro/VER20260709095452379688015F2.jpg,https://raw.githubusercontent.com/LGRSV/vera-vegetacao/main/fotos/Enecol-Centro/VER20260709095452379688015F3.jpg,,V20260709095452379688015
526,V0051,Porto Nacional,CENTRO,AL,AL04072001,09/07/2026,09:55,Oiti,430263,URBANO,2.5,40,Sim,,300,0,-10.6949476,-48.3988461,3,https://raw.githubusercontent.com/LGRSV/vera-vegetacao/main/fotos/Enecol-Centro/VER20260709095557650998104F1.jpg,https://raw.githubusercontent.com/LGRSV/vera-vegetacao/main/fotos/Enecol-Centro/VER20260709095557650998104F2.jpg,https://raw.githubusercontent.com/LGRSV/vera-vegetacao/main/fotos/Enecol-Centro/VER20260709095557650998104F3.jpg,,V20260709095557650998104
527,V0052,Porto Nacional,CENTRO,AL,AL04072001,09/07/2026,09:58,Outros,430263,URBANO,7,50,,,300,0,-10.6949188,-48.3987986,3,https://raw.githubusercontent.com/LGRSV/vera-vegetacao/main/fotos/Enecol-Centro/VER20260709095833547340970F1.jpg,https://raw.githubusercontent.com/LGRSV/vera-vegetacao/main/fotos/Enecol-Centro/VER20260709095833547340970F2.jpg,https://raw.githubusercontent.com/LGRSV/vera-vegetacao/main/fotos/Enecol-Centro/VER20260709095833547340970F3.jpg,,V20260709095833547340970
528,V0053,Porto Nacional,CENTRO,AL,AL04072001,09/07/2026,10:06,Coqueiro,433002,URBANO,3.5,40,Sim,,300,0,-10.6971892,-48.3979468,3,https://raw.githubusercontent.com/LGRSV/vera-vegetacao/main/fotos/Enecol-Centro/VER20260709100645920980118F1.jpg,https://raw.githubusercontent.com/LGRSV/vera-vegetacao/main/fotos/Enecol-Centro/VER20260709100645920980118F2.jpg,https://raw.githubusercontent.com/LGRSV/vera-vegetacao/main/fotos/Enecol-Centro/VER20260709100645920980118F3.jpg,,V20260709100645920980118
529,V0054,Porto Nacional,CENTRO,AL,AL04072001,09/07/2026,10:26,Mangueira,1605019,URBANO,11,90,Sim,,0,0,-10.6959004,-48.3898436,3,https://raw.githubusercontent.com/LGRSV/vera-vegetacao/main/fotos/Enecol-Centro/VER20260709102700749562186F1.jpg,https://raw.githubusercontent.com/LGRSV/vera-vegetacao/main/fotos/Enecol-Centro/VER20260709102700749562186F2.jpg,https://raw.githubusercontent.com/LGRSV/vera-vegetacao/main/fotos/Enecol-Centro/VER20260709102700749562186F3.jpg,,V20260709102700749562186
530,V0055,Porto Nacional,CENTRO,AL,AL04072001,09/07/2026,10:28,Mangueira,1605019,URBANO,11,120,Sim,,250,0,-10.6958761,-48.3898531,3,https://raw.githubusercontent.com/LGRSV/vera-vegetacao/main/fotos/Enecol-Centro/VER20260709102804434698358F1.jpg,https://raw.githubusercontent.com/LGRSV/vera-vegetacao/main/fotos/Enecol-Centro/VER20260709102804434698358F2.jpg,https://raw.githubusercontent.com/LGRSV/vera-vegetacao/main/fotos/Enecol-Centro/VER20260709102804434698358F3.jpg,,V20260709102804434698358
531,V0056,Porto Nacional,CENTRO,AL,AL04072001,09/07/2026,10:31,Pequi,475604,URBANO,8,80,,,300,0,-10.6968209,-48.3895057,3,https://raw.githubusercontent.com/LGRSV/vera-vegetacao/main/fotos/Enecol-Centro/VER20260709103109386388061F1.jpg,https://raw.githubusercontent.com/LGRSV/vera-vegetacao/main/fotos/Enecol-Centro/VER20260709103109386388061F2.jpg,https://raw.githubusercontent.com/LGRSV/vera-vegetacao/main/fotos/Enecol-Centro/VER20260709103109386388061F3.jpg,,V20260709103109386388061
532,V0057,Porto Nacional,CENTRO,AL,AL04072001,09/07/2026,10:32,Mangueira,52713406,URBANO,9,50,Sim,50,100,0,-10.6968131,-48.3894417,3,https://raw.githubusercontent.com/LGRSV/vera-vegetacao/main/fotos/Enecol-Centro/VER20260709103253264789830F1.jpg,https://raw.githubusercontent.com/LGRSV/vera-vegetacao/main/fotos/Enecol-Centro/VER20260709103253264789830F2.jpg,https://raw.githubusercontent.com/LGRSV/vera-vegetacao/main/fotos/Enecol-Centro/VER20260709103253264789830F3.jpg,,V20260709103253264789830
533,V0058,Porto Nacional,CENTRO,AL,AL04072001,09/07/2026,10:34,Pequi,52713446,URBANO,11,130,Sim,50,300,0,-10.6967939,-48.3894793,3,https://raw.githubusercontent.com/LGRSV/vera-vegetacao/main/fotos/Enecol-Centro/VER20260709103428817305367F1.jpg,https://raw.githubusercontent.com/LGRSV/vera-vegetacao/main/fotos/Enecol-Centro/VER20260709103428817305367F2.jpg,https://raw.githubusercontent.com/LGRSV/vera-vegetacao/main/fotos/Enecol-Centro/VER20260709103428817305367F3.jpg,,V20260709103428817305367
534,V0059,Porto Nacional,CENTRO,AL,AL04072001,09/07/2026,10:37,Outros,473604,URBANO,8,80,,300,300,0,-10.6963171,-48.3891039,3,https://raw.githubusercontent.com/LGRSV/vera-vegetacao/main/fotos/Enecol-Centro/VER20260709103728011243897F1.jpg,https://raw.githubusercontent.com/LGRSV/vera-vegetacao/main/fotos/Enecol-Centro/VER20260709103728011243897F2.jpg,https://raw.githubusercontent.com/LGRSV/vera-vegetacao/main/fotos/Enecol-Centro/VER20260709103728011243897F3.jpg,,V20260709103728011243897
535,V0060,Porto Nacional,CENTRO,AL,AL04072001,09/07/2026,10:38,Outros,473604,URBANO,10,80,Sim,300,300,0,-10.6963771,-48.3891482,3,https://raw.githubusercontent.com/LGRSV/vera-vegetacao/main/fotos/Enecol-Centro/VER20260709103832853047549F1.jpg,https://raw.githubusercontent.com/LGRSV/vera-vegetacao/main/fotos/Enecol-Centro/VER20260709103832853047549F2.jpg,https://raw.githubusercontent.com/LGRSV/vera-vegetacao/main/fotos/Enecol-Centro/VER20260709103832853047549F3.jpg,,V20260709103832853047549
536,V0061,Porto Nacional,CENTRO,AL,AL04072001,09/07/2026,10:39,Outros,473604,URBANO,9,,Sim,150,300,0,-10.6961851,-48.3890536,3,https://raw.githubusercontent.com/LGRSV/vera-vegetacao/main/fotos/Enecol-Centro/VER20260709103941972122927F1.jpg,https://raw.githubusercontent.com/LGRSV/vera-vegetacao/main/fotos/Enecol-Centro/VER20260709103941972122927F2.jpg,https://raw.githubusercontent.com/LGRSV/vera-vegetacao/main/fotos/Enecol-Centro/VER20260709103941972122927F3.jpg,,V20260709103941972122927
537,V0062,Porto Nacional,CENTRO,AL,AL04072001,09/07/2026,10:41,Mangueira,473603,URBANO,14,140,Sim,50,250,0,-10.6962165,-48.3888731,4,https://raw.githubusercontent.com/LGRSV/vera-vegetacao/main/fotos/Enecol-Centro/VER20260709104124159185456F1.jpg,https://raw.githubusercontent.com/LGRSV/vera-vegetacao/main/fotos/Enecol-Centro/VER20260709104124159185456F2.jpg,https://raw.githubusercontent.com/LGRSV/vera-vegetacao/main/fotos/Enecol-Centro/VER20260709104124159185456F3.jpg,https://raw.githubusercontent.com/LGRSV/vera-vegetacao/main/fotos/Enecol-Centro/VER20260709104124159185456F4.jpg,V20260709104124159185456
538,V0063,Porto Nacional,CENTRO,AL,AL04072001,09/07/2026,10:42,Outros,473603,URBANO,10,90,Sim,,300,0,-10.6961565,-48.3888144,3,https://raw.githubusercontent.com/LGRSV/vera-vegetacao/main/fotos/Enecol-Centro/VER20260709104223191220928F1.jpg,https://raw.githubusercontent.com/LGRSV/vera-vegetacao/main/fotos/Enecol-Centro/VER20260709104223191220928F2.jpg,https://raw.githubusercontent.com/LGRSV/vera-vegetacao/main/fotos/Enecol-Centro/VER20260709104223191220928F3.jpg,,V20260709104223191220928
539,V0064,Porto Nacional,CENTRO,AL,AL04072001,09/07/2026,14:48,Outros,473394,URBANO,8,40,Sim,,300,0,-10.6987222,-48.3973421,3,https://raw.githubusercontent.com/LGRSV/vera-vegetacao/main/fotos/Enecol-Centro/VER20260709144806509775335F1.jpg,https://raw.githubusercontent.com/LGRSV/vera-vegetacao/main/fotos/Enecol-Centro/VER20260709144806509775335F2.jpg,https://raw.githubusercontent.com/LGRSV/vera-vegetacao/main/fotos/Enecol-Centro/VER20260709144806509775335F3.jpg,,V20260709144806509775335
540,V0065,Porto Nacional,CENTRO,AL,AL04072001,09/07/2026,14:49,Outros,473395,URBANO,8,40,Sim,,300,0,-10.6987661,-48.3972449,3,https://raw.githubusercontent.com/LGRSV/vera-vegetacao/main/fotos/Enecol-Centro/VER20260709144906752928877F1.jpg,https://raw.githubusercontent.com/LGRSV/vera-vegetacao/main/fotos/Enecol-Centro/VER20260709144906752928877F2.jpg,https://raw.githubusercontent.com/LGRSV/vera-vegetacao/main/fotos/Enecol-Centro/VER20260709144906752928877F3.jpg,,V20260709144906752928877
541,V0066,Porto Nacional,CENTRO,LD,LD02072001,09/07/2026,14:49,Outros,431797,URBANO,8,40,Sim,,300,0,-10.6988944,-48.3971274,3,https://raw.githubusercontent.com/LGRSV/vera-vegetacao/main/fotos/Enecol-Centro/VER20260709144954640205803F1.jpg,https://raw.githubusercontent.com/LGRSV/vera-vegetacao/main/fotos/Enecol-Centro/VER20260709144954640205803F2.jpg,https://raw.githubusercontent.com/LGRSV/vera-vegetacao/main/fotos/Enecol-Centro/VER20260709144954640205803F3.jpg,,V20260709144954640205803
542,V0067,Porto Nacional,CENTRO,LD,LD02072001,09/07/2026,14:50,Outros,431797,URBANO,8,40,Sim,,300,0,-10.6989474,-48.397158,3,https://raw.githubusercontent.com/LGRSV/vera-vegetacao/main/fotos/Enecol-Centro/VER20260709145048361214350F1.jpg,https://raw.githubusercontent.com/LGRSV/vera-vegetacao/main/fotos/Enecol-Centro/VER20260709145048361214350F2.jpg,https://raw.githubusercontent.com/LGRSV/vera-vegetacao/main/fotos/Enecol-Centro/VER20260709145048361214350F3.jpg,,V20260709145048361214350
543,V0068,Porto Nacional,CENTRO,LD,LD02072001,09/07/2026,14:51,Outros,431797,URBANO,8,40,Sim,,300,0,-10.6989829,-48.3971231,3,https://raw.githubusercontent.com/LGRSV/vera-vegetacao/main/fotos/Enecol-Centro/VER20260709145140057905109F1.jpg,https://raw.githubusercontent.com/LGRSV/vera-vegetacao/main/fotos/Enecol-Centro/VER20260709145140057905109F2.jpg,https://raw.githubusercontent.com/LGRSV/vera-vegetacao/main/fotos/Enecol-Centro/VER20260709145140057905109F3.jpg,,V20260709145140057905109
544,V0069,Porto Nacional,CENTRO,AL,AL04072001,09/07/2026,14:52,Outros,431798,URBANO,8,40,Sim,,300,0,-10.6990358,-48.3969965,3,https://raw.githubusercontent.com/LGRSV/vera-vegetacao/main/fotos/Enecol-Centro/VER20260709145238036996322F1.jpg,https://raw.githubusercontent.com/LGRSV/vera-vegetacao/main/fotos/Enecol-Centro/VER20260709145238036996322F2.jpg,https://raw.githubusercontent.com/LGRSV/vera-vegetacao/main/fotos/Enecol-Centro/VER20260709145238036996322F3.jpg,,V20260709145238036996322
545,V0070,Porto Nacional,CENTRO,LD,LD02072001,09/07/2026,14:53,Outros,431797,URBANO,8,40,Sim,,300,0,-10.6992075,-48.3972228,3,https://raw.githubusercontent.com/LGRSV/vera-vegetacao/main/fotos/Enecol-Centro/VER20260709145340758532681F1.jpg,https://raw.githubusercontent.com/LGRSV/vera-vegetacao/main/fotos/Enecol-Centro/VER20260709145340758532681F2.jpg,https://raw.githubusercontent.com/LGRSV/vera-vegetacao/main/fotos/Enecol-Centro/VER20260709145340758532681F3.jpg,,V20260709145340758532681
546,V0071,Porto Nacional,CENTRO,AL,AL04072001,09/07/2026,14:54,Outros,431800,URBANO,8,40,Sim,,300,0,-10.6993597,-48.3963926,3,https://raw.githubusercontent.com/LGRSV/vera-vegetacao/main/fotos/Enecol-Centro/VER20260709145452922739597F1.jpg,https://raw.githubusercontent.com/LGRSV/vera-vegetacao/main/fotos/Enecol-Centro/VER20260709145452922739597F2.jpg,https://raw.githubusercontent.com/LGRSV/vera-vegetacao/main/fotos/Enecol-Centro/VER20260709145452922739597F3.jpg,,V20260709145452922739597
547,V0072,Porto Nacional,CENTRO,AL,AL04072001,09/07/2026,14:56,Outros,431799,URBANO,8,40,Sim,,300,0,-10.6993993,-48.3969514,3,https://raw.githubusercontent.com/LGRSV/vera-vegetacao/main/fotos/Enecol-Centro/VER20260709145603853910616F1.jpg,https://raw.githubusercontent.com/LGRSV/vera-vegetacao/main/fotos/Enecol-Centro/VER20260709145603853910616F2.jpg,https://raw.githubusercontent.com/LGRSV/vera-vegetacao/main/fotos/Enecol-Centro/VER20260709145603853910616F3.jpg,,V20260709145603853910616
548,V0073,Porto Nacional,CENTRO,AL,AL04072001,09/07/2026,14:57,Outros,1603789,URBANO,8,40,Sim,,300,0,-10.69936,-48.3965731,3,https://raw.githubusercontent.com/LGRSV/vera-vegetacao/main/fotos/Enecol-Centro/VER20260709145702312700883F1.jpg,https://raw.githubusercontent.com/LGRSV/vera-vegetacao/main/fotos/Enecol-Centro/VER20260709145702312700883F2.jpg,https://raw.githubusercontent.com/LGRSV/vera-vegetacao/main/fotos/Enecol-Centro/VER20260709145702312700883F3.jpg,,V20260709145702312700883
549,V0074,Porto Nacional,CENTRO,AL,AL04072001,09/07/2026,14:58,Outros,431800,URBANO,8,40,Sim,,300,0,-10.6993139,-48.3965277,3,https://raw.githubusercontent.com/LGRSV/vera-vegetacao/main/fotos/Enecol-Centro/VER20260709145845417266595F1.jpg,https://raw.githubusercontent.com/LGRSV/vera-vegetacao/main/fotos/Enecol-Centro/VER20260709145845417266595F2.jpg,https://raw.githubusercontent.com/LGRSV/vera-vegetacao/main/fotos/Enecol-Centro/VER20260709145845417266595F3.jpg,,V20260709145845417266595
550,V0075,Porto Nacional,CENTRO,AL,AL04072001,09/07/2026,14:59,Outros,1603789,URBANO,8,40,Sim,,300,0,-10.6994188,-48.3962829,3,https://raw.githubusercontent.com/LGRSV/vera-vegetacao/main/fotos/Enecol-Centro/VER20260709145954012881795F1.jpg,https://raw.githubusercontent.com/LGRSV/vera-vegetacao/main/fotos/Enecol-Centro/VER20260709145954012881795F2.jpg,https://raw.githubusercontent.com/LGRSV/vera-vegetacao/main/fotos/Enecol-Centro/VER20260709145954012881795F3.jpg,,V20260709145954012881795
551,V0076,Porto Nacional,CENTRO,AL,AL04072001,09/07/2026,15:00,Outros,431800,URBANO,8,40,Sim,,300,0,-10.6994971,-48.3963231,3,https://raw.githubusercontent.com/LGRSV/vera-vegetacao/main/fotos/Enecol-Centro/VER20260709150042312940197F1.jpg,https://raw.githubusercontent.com/LGRSV/vera-vegetacao/main/fotos/Enecol-Centro/VER20260709150042312940197F2.jpg,https://raw.githubusercontent.com/LGRSV/vera-vegetacao/main/fotos/Enecol-Centro/VER20260709150042312940197F3.jpg,,V20260709150042312940197
552,V0077,Porto Nacional,CENTRO,AL,AL04072001,09/07/2026,15:01,Outros,1139659,URBANO,8,40,Sim,,300,0,-10.6997062,-48.3965698,3,https://raw.githubusercontent.com/LGRSV/vera-vegetacao/main/fotos/Enecol-Centro/VER20260709150156787074423F1.jpg,https://raw.githubusercontent.com/LGRSV/vera-vegetacao/main/fotos/Enecol-Centro/VER20260709150156787074423F2.jpg,https://raw.githubusercontent.com/LGRSV/vera-vegetacao/main/fotos/Enecol-Centro/VER20260709150156787074423F3.jpg,,V20260709150156787074423
553,V0078,Porto Nacional,CENTRO,AL,AL04072001,09/07/2026,15:04,Outros,1603790,URBANO,8,40,Sim,,300,0,-10.6995211,-48.396329,3,https://raw.githubusercontent.com/LGRSV/vera-vegetacao/main/fotos/Enecol-Centro/VER20260709150404622681020F1.jpg,https://raw.githubusercontent.com/LGRSV/vera-vegetacao/main/fotos/Enecol-Centro/VER20260709150404622681020F2.jpg,https://raw.githubusercontent.com/LGRSV/vera-vegetacao/main/fotos/Enecol-Centro/VER20260709150404622681020F3.jpg,,V20260709150404622681020
554,V0079,Porto Nacional,CENTRO,AL,AL04072001,09/07/2026,15:04,Outros,1603789,URBANO,8,40,Sim,,300,0,-10.6996249,-48.3962974,3,https://raw.githubusercontent.com/LGRSV/vera-vegetacao/main/fotos/Enecol-Centro/VER20260709150455314393359F1.jpg,https://raw.githubusercontent.com/LGRSV/vera-vegetacao/main/fotos/Enecol-Centro/VER20260709150455314393359F2.jpg,https://raw.githubusercontent.com/LGRSV/vera-vegetacao/main/fotos/Enecol-Centro/VER20260709150455314393359F3.jpg,,V20260709150455314393359
555,V0080,Porto Nacional,CENTRO,LD,LD02072001,09/07/2026,15:06,Outros,428924,URBANO,8,40,Sim,,300,0,-10.6997832,-48.3963045,3,https://raw.githubusercontent.com/LGRSV/vera-vegetacao/main/fotos/Enecol-Centro/VER20260709150616298030320F1.jpg,https://raw.githubusercontent.com/LGRSV/vera-vegetacao/main/fotos/Enecol-Centro/VER20260709150616298030320F2.jpg,https://raw.githubusercontent.com/LGRSV/vera-vegetacao/main/fotos/Enecol-Centro/VER20260709150616298030320F3.jpg,,V20260709150616298030320
556,V0081,Porto Nacional,CENTRO,AL,AL04072001,09/07/2026,15:07,Outros,474129,URBANO,8,40,Sim,,300,0,-10.6998181,-48.3962281,3,https://raw.githubusercontent.com/LGRSV/vera-vegetacao/main/fotos/Enecol-Centro/VER20260709150742079999851F1.jpg,https://raw.githubusercontent.com/LGRSV/vera-vegetacao/main/fotos/Enecol-Centro/VER20260709150742079999851F2.jpg,https://raw.githubusercontent.com/LGRSV/vera-vegetacao/main/fotos/Enecol-Centro/VER20260709150742079999851F3.jpg,,V20260709150742079999851
557,V0082,Porto Nacional,CENTRO,AL,AL04072001,09/07/2026,15:09,Outros,1603789,URBANO,8,40,Sim,,300,0,-10.6996166,-48.3962531,3,https://raw.githubusercontent.com/LGRSV/vera-vegetacao/main/fotos/Enecol-Centro/VER20260709150908332712725F1.jpg,https://raw.githubusercontent.com/LGRSV/vera-vegetacao/main/fotos/Enecol-Centro/VER20260709150908332712725F2.jpg,https://raw.githubusercontent.com/LGRSV/vera-vegetacao/main/fotos/Enecol-Centro/VER20260709150908332712725F3.jpg,,V20260709150908332712725
558,V0083,Porto Nacional,CENTRO,AL,AL04072001,09/07/2026,15:10,Outros,474129,URBANO,8,40,Sim,,300,0,-10.6997574,-48.3961029,3,https://raw.githubusercontent.com/LGRSV/vera-vegetacao/main/fotos/Enecol-Centro/VER20260709151029586173942F1.jpg,https://raw.githubusercontent.com/LGRSV/vera-vegetacao/main/fotos/Enecol-Centro/VER20260709151029586173942F2.jpg,https://raw.githubusercontent.com/LGRSV/vera-vegetacao/main/fotos/Enecol-Centro/VER20260709151029586173942F3.jpg,,V20260709151029586173942
559,V0084,Porto Nacional,CENTRO,AL,AL04072001,09/07/2026,15:11,Outros,474129,URBANO,8,40,Sim,,200,0,-10.700014,-48.3960944,3,https://raw.githubusercontent.com/LGRSV/vera-vegetacao/main/fotos/Enecol-Centro/VER20260709151130634104850F1.jpg,https://raw.githubusercontent.com/LGRSV/vera-vegetacao/main/fotos/Enecol-Centro/VER20260709151130634104850F2.jpg,https://raw.githubusercontent.com/LGRSV/vera-vegetacao/main/fotos/Enecol-Centro/VER20260709151130634104850F3.jpg,,V20260709151130634104850
560,V0085,Porto Nacional,CENTRO,AL,AL04072001,09/07/2026,15:12,Outros,474129,URBANO,8,40,Sim,,200,0,-10.6999898,-48.3959778,3,https://raw.githubusercontent.com/LGRSV/vera-vegetacao/main/fotos/Enecol-Centro/VER20260709151242393368501F1.jpg,https://raw.githubusercontent.com/LGRSV/vera-vegetacao/main/fotos/Enecol-Centro/VER20260709151242393368501F2.jpg,https://raw.githubusercontent.com/LGRSV/vera-vegetacao/main/fotos/Enecol-Centro/VER20260709151242393368501F3.jpg,,V20260709151242393368501
561,V0086,Porto Nacional,CENTRO,AL,AL04072001,09/07/2026,15:14,Outros,474129,URBANO,8,40,Sim,,200,0,-10.7000682,-48.3959557,3,https://raw.githubusercontent.com/LGRSV/vera-vegetacao/main/fotos/Enecol-Centro/VER20260709151441463076199F1.jpg,https://raw.githubusercontent.com/LGRSV/vera-vegetacao/main/fotos/Enecol-Centro/VER20260709151441463076199F2.jpg,https://raw.githubusercontent.com/LGRSV/vera-vegetacao/main/fotos/Enecol-Centro/VER20260709151441463076199F3.jpg,,V20260709151441463076199
562,V0087,Porto Nacional,CENTRO,LD,LD02072001,09/07/2026,15:16,Outros,57728685,URBANO,8,40,Sim,,200,0,-10.7001423,-48.3959261,3,https://raw.githubusercontent.com/LGRSV/vera-vegetacao/main/fotos/Enecol-Centro/VER20260709151613641255425F1.jpg,https://raw.githubusercontent.com/LGRSV/vera-vegetacao/main/fotos/Enecol-Centro/VER20260709151613641255425F2.jpg,https://raw.githubusercontent.com/LGRSV/vera-vegetacao/main/fotos/Enecol-Centro/VER20260709151613641255425F3.jpg,,V20260709151613641255425
563,V0088,Porto Nacional,CENTRO,LD,LD02072001,09/07/2026,15:17,Outros,57728685,URBANO,9,45,Sim,,50,0,-10.7001597,-48.3958722,3,https://raw.githubusercontent.com/LGRSV/vera-vegetacao/main/fotos/Enecol-Centro/VER20260709151754258345005F1.jpg,https://raw.githubusercontent.com/LGRSV/vera-vegetacao/main/fotos/Enecol-Centro/VER20260709151754258345005F2.jpg,https://raw.githubusercontent.com/LGRSV/vera-vegetacao/main/fotos/Enecol-Centro/VER20260709151754258345005F3.jpg,,V20260709151754258345005
564,V0089,Porto Nacional,CENTRO,AL,AL04072001,09/07/2026,15:41,Outros,1251079,URBANO,6,30,Sim,,300,0,-10.7004703,-48.3961079,3,https://raw.githubusercontent.com/LGRSV/vera-vegetacao/main/fotos/Enecol-Centro/VER20260709154102045896164F1.jpg,https://raw.githubusercontent.com/LGRSV/vera-vegetacao/main/fotos/Enecol-Centro/VER20260709154102045896164F2.jpg,https://raw.githubusercontent.com/LGRSV/vera-vegetacao/main/fotos/Enecol-Centro/VER20260709154102045896164F3.jpg,,V20260709154102045896164
565,V0090,Porto Nacional,CENTRO,AL,AL04072001,09/07/2026,15:46,Jatobá,472965,URBANO,20,140,Sim,,300,0,-10.7011322,-48.396341,4,https://raw.githubusercontent.com/LGRSV/vera-vegetacao/main/fotos/Enecol-Centro/VER20260709154619152050795F1.jpg,https://raw.githubusercontent.com/LGRSV/vera-vegetacao/main/fotos/Enecol-Centro/VER20260709154619152050795F2.jpg,https://raw.githubusercontent.com/LGRSV/vera-vegetacao/main/fotos/Enecol-Centro/VER20260709154619152050795F3.jpg,https://raw.githubusercontent.com/LGRSV/vera-vegetacao/main/fotos/Enecol-Centro/VER20260709154619152050795F4.jpg,V20260709154619152050795
566,V0091,Porto Nacional,CENTRO,LD,LD02072001,09/07/2026,15:48,Outros,1066961,URBANO,10,60,Sim,,300,0,-10.7014573,-48.3965121,3,https://raw.githubusercontent.com/LGRSV/vera-vegetacao/main/fotos/Enecol-Centro/VER20260709154834833135448F1.jpg,https://raw.githubusercontent.com/LGRSV/vera-vegetacao/main/fotos/Enecol-Centro/VER20260709154834833135448F2.jpg,https://raw.githubusercontent.com/LGRSV/vera-vegetacao/main/fotos/Enecol-Centro/VER20260709154834833135448F3.jpg,,V20260709154834833135448
567,V0092,Porto Nacional,CENTRO,AL,AL04072001,09/07/2026,15:50,Outros,472966,URBANO,9,50,Sim,,300,0,-10.7015843,-48.3967564,3,https://raw.githubusercontent.com/LGRSV/vera-vegetacao/main/fotos/Enecol-Centro/VER20260709155028298917214F1.jpg,https://raw.githubusercontent.com/LGRSV/vera-vegetacao/main/fotos/Enecol-Centro/VER20260709155028298917214F2.jpg,https://raw.githubusercontent.com/LGRSV/vera-vegetacao/main/fotos/Enecol-Centro/VER20260709155028298917214F3.jpg,,V20260709155028298917214
568,V0093,Porto Nacional,CENTRO,AL,AL04072001,09/07/2026,15:53,Outros,472968,URBANO,9,60,Sim,,250,0,-10.7023672,-48.3974132,3,https://raw.githubusercontent.com/LGRSV/vera-vegetacao/main/fotos/Enecol-Centro/VER20260709155318728624905F1.jpg,https://raw.githubusercontent.com/LGRSV/vera-vegetacao/main/fotos/Enecol-Centro/VER20260709155318728624905F2.jpg,https://raw.githubusercontent.com/LGRSV/vera-vegetacao/main/fotos/Enecol-Centro/VER20260709155318728624905F3.jpg,,V20260709155318728624905
569,V0094,Porto Nacional,CENTRO,AL,AL04072001,09/07/2026,15:55,Outros,472970,URBANO,9,50,Sim,300,250,0,-10.7026305,-48.3975637,3,https://raw.githubusercontent.com/LGRSV/vera-vegetacao/main/fotos/Enecol-Centro/VER20260709155547910682110F1.jpg,https://raw.githubusercontent.com/LGRSV/vera-vegetacao/main/fotos/Enecol-Centro/VER20260709155547910682110F2.jpg,https://raw.githubusercontent.com/LGRSV/vera-vegetacao/main/fotos/Enecol-Centro/VER20260709155547910682110F3.jpg,,V20260709155547910682110
570,V0095,Porto Nacional,CENTRO,AL,AL04072001,09/07/2026,15:57,Outros,472970,URBANO,8,50,Sim,300,300,0,-10.7027292,-48.3974807,3,https://raw.githubusercontent.com/LGRSV/vera-vegetacao/main/fotos/Enecol-Centro/VER20260709155710672943583F1.jpg,https://raw.githubusercontent.com/LGRSV/vera-vegetacao/main/fotos/Enecol-Centro/VER20260709155710672943583F2.jpg,https://raw.githubusercontent.com/LGRSV/vera-vegetacao/main/fotos/Enecol-Centro/VER20260709155710672943583F3.jpg,,V20260709155710672943583
571,V0096,Porto Nacional,CENTRO,LD,LD02072001,09/07/2026,15:58,Mangueira,472705,URBANO,13,130,Sim,150,50,0,-10.703171,-48.3975894,3,https://raw.githubusercontent.com/LGRSV/vera-vegetacao/main/fotos/Enecol-Centro/VER20260709155832838519173F1.jpg,https://raw.githubusercontent.com/LGRSV/vera-vegetacao/main/fotos/Enecol-Centro/VER20260709155832838519173F2.jpg,https://raw.githubusercontent.com/LGRSV/vera-vegetacao/main/fotos/Enecol-Centro/VER20260709155832838519173F3.jpg,,V20260709155832838519173
572,V0097,Porto Nacional,CENTRO,LD,LD02072001,09/07/2026,15:59,Mangueira,472705,URBANO,13,150,Sim,150,50,0,-10.7031743,-48.3976599,3,https://raw.githubusercontent.com/LGRSV/vera-vegetacao/main/fotos/Enecol-Centro/VER20260709155945875675616F1.jpg,https://raw.githubusercontent.com/LGRSV/vera-vegetacao/main/fotos/Enecol-Centro/VER20260709155945875675616F2.jpg,https://raw.githubusercontent.com/LGRSV/vera-vegetacao/main/fotos/Enecol-Centro/VER20260709155945875675616F3.jpg,,V20260709155945875675616
573,V0098,Porto Nacional,CENTRO,LD,LD02072001,09/07/2026,16:01,Mangueira,472705,URBANO,12,140,Sim,,150,0,-10.7033663,-48.3977449,3,https://raw.githubusercontent.com/LGRSV/vera-vegetacao/main/fotos/Enecol-Centro/VER20260709160156378322015F1.jpg,https://raw.githubusercontent.com/LGRSV/vera-vegetacao/main/fotos/Enecol-Centro/VER20260709160156378322015F2.jpg,https://raw.githubusercontent.com/LGRSV/vera-vegetacao/main/fotos/Enecol-Centro/VER20260709160156378322015F3.jpg,,V20260709160156378322015
574,V0099,Porto Nacional,CENTRO,AL,AL04072001,09/07/2026,16:06,Mogno,473486,URBANO,3,20,Sim,,300,0,-10.703546,-48.3980033,3,https://raw.githubusercontent.com/LGRSV/vera-vegetacao/main/fotos/Enecol-Centro/VER20260709164422545713720F1.jpg,https://raw.githubusercontent.com/LGRSV/vera-vegetacao/main/fotos/Enecol-Centro/VER20260709164422545713720F2.jpg,https://raw.githubusercontent.com/LGRSV/vera-vegetacao/main/fotos/Enecol-Centro/VER20260709164422545713720F3.jpg,,V20260709164422545713720
575,V0100,Porto Nacional,CENTRO,AL,AL04072001,09/07/2026,16:52,Oiti,473713,URBANO,5,60,Sim,200,300,0,-10.7052492,-48.3993455,3,https://raw.githubusercontent.com/LGRSV/vera-vegetacao/main/fotos/Enecol-Centro/VER20260709165243173778420F1.jpg,https://raw.githubusercontent.com/LGRSV/vera-vegetacao/main/fotos/Enecol-Centro/VER20260709165243173778420F2.jpg,https://raw.githubusercontent.com/LGRSV/vera-vegetacao/main/fotos/Enecol-Centro/VER20260709165243173778420F3.jpg,,V20260709165243173778420
576,V0101,Porto Nacional,CENTRO,AL,AL04072001,09/07/2026,16:53,Oiti,473713,URBANO,5,60,Sim,200,300,0,-10.7051494,-48.399273,3,https://raw.githubusercontent.com/LGRSV/vera-vegetacao/main/fotos/Enecol-Centro/VER20260709165343143912395F1.jpg,https://raw.githubusercontent.com/LGRSV/vera-vegetacao/main/fotos/Enecol-Centro/VER20260709165343143912395F2.jpg,https://raw.githubusercontent.com/LGRSV/vera-vegetacao/main/fotos/Enecol-Centro/VER20260709165343143912395F3.jpg,,V20260709165343143912395
577,V0102,Porto Nacional,CENTRO,AL,AL04072001,09/07/2026,17:09,Mangueira,473714,URBANO,8,100,Sim,,100,0,-10.7053127,-48.3991453,3,https://raw.githubusercontent.com/LGRSV/vera-vegetacao/main/fotos/Enecol-Centro/VER20260709170904663896359F1.jpg,https://raw.githubusercontent.com/LGRSV/vera-vegetacao/main/fotos/Enecol-Centro/VER20260709170904663896359F2.jpg,https://raw.githubusercontent.com/LGRSV/vera-vegetacao/main/fotos/Enecol-Centro/VER20260709170904663896359F3.jpg,,V20260709170904663896359
578,V0103,Porto Nacional,CENTRO,AL,AL04072001,09/07/2026,17:12,Laranja,1603568,URBANO,8,60,Sim,200,300,0,-10.7061882,-48.3980577,3,https://raw.githubusercontent.com/LGRSV/vera-vegetacao/main/fotos/Enecol-Centro/VER20260709171216339797932F1.jpg,https://raw.githubusercontent.com/LGRSV/vera-vegetacao/main/fotos/Enecol-Centro/VER20260709171216339797932F2.jpg,https://raw.githubusercontent.com/LGRSV/vera-vegetacao/main/fotos/Enecol-Centro/VER20260709171216339797932F3.jpg,,V20260709171216339797932
579,V0104,Porto Nacional,CENTRO,AL,AL04072001,09/07/2026,17:16,Outros,473484,URBANO,,60,Sim,150,300,0,-10.7065419,-48.3977265,3,https://raw.githubusercontent.com/LGRSV/vera-vegetacao/main/fotos/Enecol-Centro/VER20260709171701367318875F1.jpg,https://raw.githubusercontent.com/LGRSV/vera-vegetacao/main/fotos/Enecol-Centro/VER20260709171701367318875F2.jpg,https://raw.githubusercontent.com/LGRSV/vera-vegetacao/main/fotos/Enecol-Centro/VER20260709171701367318875F3.jpg,,V20260709171701367318875
580,V0105,Porto Nacional,CENTRO,AL,AL04072001,09/07/2026,17:18,Mangueira,473484,URBANO,10,120,Sim,100,50,0,-10.7065797,-48.3976178,3,https://raw.githubusercontent.com/LGRSV/vera-vegetacao/main/fotos/Enecol-Centro/VER20260709171809112987306F1.jpg,https://raw.githubusercontent.com/LGRSV/vera-vegetacao/main/fotos/Enecol-Centro/VER20260709171809112987306F2.jpg,https://raw.githubusercontent.com/LGRSV/vera-vegetacao/main/fotos/Enecol-Centro/VER20260709171809112987306F3.jpg,,V20260709171809112987306
581,V0106,Porto Nacional,CENTRO,AL,AL04072001,09/07/2026,17:19,Outros,473483,URBANO,8,60,Sim,50,300,0,-10.706623,-48.3974791,3,https://raw.githubusercontent.com/LGRSV/vera-vegetacao/main/fotos/Enecol-Centro/VER20260709171918996281701F1.jpg,https://raw.githubusercontent.com/LGRSV/vera-vegetacao/main/fotos/Enecol-Centro/VER20260709171918996281701F2.jpg,https://raw.githubusercontent.com/LGRSV/vera-vegetacao/main/fotos/Enecol-Centro/VER20260709171918996281701F3.jpg,,V20260709171918996281701
582,V0107,Porto Nacional,CENTRO,AL,AL04072001,09/07/2026,17:30,Outros,475919,URBANO,15,150,Sim,300,300,0,-10.7071107,-48.3968994,3,https://raw.githubusercontent.com/LGRSV/vera-vegetacao/main/fotos/Enecol-Centro/VER20260709173015205385990F1.jpg,https://raw.githubusercontent.com/LGRSV/vera-vegetacao/main/fotos/Enecol-Centro/VER20260709173015205385990F2.jpg,https://raw.githubusercontent.com/LGRSV/vera-vegetacao/main/fotos/Enecol-Centro/VER20260709173015205385990F3.jpg,,V20260709173015205385990
583,V0108,Porto Nacional,CENTRO,AL,AL04072001,09/07/2026,17:37,Oiti,473693,URBANO,5,80,Sim,300,300,0,-10.7071036,-48.3976432,3,https://raw.githubusercontent.com/LGRSV/vera-vegetacao/main/fotos/Enecol-Centro/VER20260709173732852952535F1.jpg,https://raw.githubusercontent.com/LGRSV/vera-vegetacao/main/fotos/Enecol-Centro/VER20260709173732852952535F2.jpg,https://raw.githubusercontent.com/LGRSV/vera-vegetacao/main/fotos/Enecol-Centro/VER20260709173732852952535F3.jpg,,V20260709173732852952535
584,V0109,Porto Nacional,CENTRO,AL,AL04072001,09/07/2026,17:39,Mangueira,473693,URBANO,7,80,Sim,300,300,0,-10.7073479,-48.3977393,3,https://raw.githubusercontent.com/LGRSV/vera-vegetacao/main/fotos/Enecol-Centro/VER20260709173903037762887F1.jpg,https://raw.githubusercontent.com/LGRSV/vera-vegetacao/main/fotos/Enecol-Centro/VER20260709173903037762887F2.jpg,https://raw.githubusercontent.com/LGRSV/vera-vegetacao/main/fotos/Enecol-Centro/VER20260709173903037762887F3.jpg,,V20260709173903037762887
585,V0110,Porto Nacional,CENTRO,AL,AL02072001,09/07/2026,17:47,Oiti,59209977,URBANO,6,70,Sim,300,300,0,-10.7074277,-48.3978273,3,https://raw.githubusercontent.com/LGRSV/vera-vegetacao/main/fotos/Enecol-Centro/VER20260709174723187252242F1.jpg,https://raw.githubusercontent.com/LGRSV/vera-vegetacao/main/fotos/Enecol-Centro/VER20260709174723187252242F2.jpg,https://raw.githubusercontent.com/LGRSV/vera-vegetacao/main/fotos/Enecol-Centro/VER20260709174723187252242F3.jpg,,V20260709174723187252242
586,V0111,Porto Nacional,CENTRO,LD,LD02072001,09/07/2026,17:48,Outros,473222,URBANO,6,70,Sim,300,300,0,-10.7075179,-48.3978441,3,https://raw.githubusercontent.com/LGRSV/vera-vegetacao/main/fotos/Enecol-Centro/VER20260709174842274043924F1.jpg,https://raw.githubusercontent.com/LGRSV/vera-vegetacao/main/fotos/Enecol-Centro/VER20260709174842274043924F2.jpg,https://raw.githubusercontent.com/LGRSV/vera-vegetacao/main/fotos/Enecol-Centro/VER20260709174842274043924F3.jpg,,V20260709174842274043924
587,V0112,Porto Nacional,CENTRO,AL,AL04072001,09/07/2026,18:03,Mangueira,471937,URBANO,8,80,Sim,,200,0,-10.7092059,-48.3954463,3,https://raw.githubusercontent.com/LGRSV/vera-vegetacao/main/fotos/Enecol-Centro/VER20260709180340710929772F1.jpg,https://raw.githubusercontent.com/LGRSV/vera-vegetacao/main/fotos/Enecol-Centro/VER20260709180340710929772F2.jpg,https://raw.githubusercontent.com/LGRSV/vera-vegetacao/main/fotos/Enecol-Centro/VER20260709180340710929772F3.jpg,,V20260709180340710929772
588,V0113,Porto Nacional,CENTRO,LD,LD02072001,09/07/2026,18:05,Oiti,1066964,URBANO,6,60,Sim,300,300,0,-10.7091576,-48.3953987,3,https://raw.githubusercontent.com/LGRSV/vera-vegetacao/main/fotos/Enecol-Centro/VER20260709180504328341701F1.jpg,https://raw.githubusercontent.com/LGRSV/vera-vegetacao/main/fotos/Enecol-Centro/VER20260709180504328341701F2.jpg,https://raw.githubusercontent.com/LGRSV/vera-vegetacao/main/fotos/Enecol-Centro/VER20260709180504328341701F3.jpg,,V20260709180504328341701
589,V0114,Porto Nacional,CENTRO,AL,AL04072001,10/07/2026,09:11,Outros,473713,URBANO,13,130,Sim,150,200,0,-10.7053669,-48.3991241,3,https://raw.githubusercontent.com/LGRSV/vera-vegetacao/main/fotos/Enecol-Centro/VER20260710091149017659750F1.jpg,https://raw.githubusercontent.com/LGRSV/vera-vegetacao/main/fotos/Enecol-Centro/VER20260710091149017659750F2.jpg,https://raw.githubusercontent.com/LGRSV/vera-vegetacao/main/fotos/Enecol-Centro/VER20260710091149017659750F3.jpg,,V20260710091149017659750
590,V0115,Porto Nacional,CENTRO,LD,LD02072001,10/07/2026,09:13,Outros,472718,URBANO,12,50,Sim,300,50,0,-10.7053549,-48.3990277,3,https://raw.githubusercontent.com/LGRSV/vera-vegetacao/main/fotos/Enecol-Centro/VER20260710091325174534309F1.jpg,https://raw.githubusercontent.com/LGRSV/vera-vegetacao/main/fotos/Enecol-Centro/VER20260710091325174534309F2.jpg,https://raw.githubusercontent.com/LGRSV/vera-vegetacao/main/fotos/Enecol-Centro/VER20260710091325174534309F3.jpg,,V20260710091325174534309
591,V0116,Porto Nacional,CENTRO,LD,LD02072001,10/07/2026,09:14,Oiti,472718,URBANO,5,40,Sim,300,300,0,-10.7051887,-48.3991589,3,https://raw.githubusercontent.com/LGRSV/vera-vegetacao/main/fotos/Enecol-Centro/VER20260710091502591490431F1.jpg,https://raw.githubusercontent.com/LGRSV/vera-vegetacao/main/fotos/Enecol-Centro/VER20260710091502591490431F2.jpg,https://raw.githubusercontent.com/LGRSV/vera-vegetacao/main/fotos/Enecol-Centro/VER20260710091502591490431F3.jpg,,V20260710091502591490431
592,V0117,Porto Nacional,CENTRO,AL,AL04072001,10/07/2026,09:16,Oiti,473712,URBANO,6,50,Sim,300,300,0,-10.7049325,-48.3989224,3,https://raw.githubusercontent.com/LGRSV/vera-vegetacao/main/fotos/Enecol-Centro/VER20260710091611076276071F1.jpg,https://raw.githubusercontent.com/LGRSV/vera-vegetacao/main/fotos/Enecol-Centro/VER20260710091611076276071F2.jpg,https://raw.githubusercontent.com/LGRSV/vera-vegetacao/main/fotos/Enecol-Centro/VER20260710091611076276071F3.jpg,,V20260710091611076276071
593,V0118,Porto Nacional,CENTRO,AL,AL04072001,10/07/2026,09:18,Oiti,473713,URBANO,6,40,Sim,300,300,0,-10.7051836,-48.3991223,3,https://raw.githubusercontent.com/LGRSV/vera-vegetacao/main/fotos/Enecol-Centro/VER20260710091835879741742F1.jpg,https://raw.githubusercontent.com/LGRSV/vera-vegetacao/main/fotos/Enecol-Centro/VER20260710091835879741742F2.jpg,https://raw.githubusercontent.com/LGRSV/vera-vegetacao/main/fotos/Enecol-Centro/VER20260710091835879741742F3.jpg,,V20260710091835879741742
594,V0119,Porto Nacional,CENTRO,LD,LD02072001,10/07/2026,09:20,Oiti,472719,URBANO,6,40,Sim,300,300,0,-10.7048495,-48.3987302,3,https://raw.githubusercontent.com/LGRSV/vera-vegetacao/main/fotos/Enecol-Centro/VER20260710092021224438155F1.jpg,https://raw.githubusercontent.com/LGRSV/vera-vegetacao/main/fotos/Enecol-Centro/VER20260710092021224438155F2.jpg,https://raw.githubusercontent.com/LGRSV/vera-vegetacao/main/fotos/Enecol-Centro/VER20260710092021224438155F3.jpg,,V20260710092021224438155
595,V0120,Porto Nacional,CENTRO,AL,AL04072001,10/07/2026,09:21,Oiti,473710,URBANO,7,50,Sim,300,300,0,-10.704518,-48.3988363,3,https://raw.githubusercontent.com/LGRSV/vera-vegetacao/main/fotos/Enecol-Centro/VER20260710092145712357695F1.jpg,https://raw.githubusercontent.com/LGRSV/vera-vegetacao/main/fotos/Enecol-Centro/VER20260710092145712357695F2.jpg,https://raw.githubusercontent.com/LGRSV/vera-vegetacao/main/fotos/Enecol-Centro/VER20260710092145712357695F3.jpg,,V20260710092145712357695
596,V0121,Porto Nacional,CENTRO,AL,AL04072001,10/07/2026,09:23,Mangueira,1603576,URBANO,7,60,Sim,300,300,0,-10.7044559,-48.3985447,3,https://raw.githubusercontent.com/LGRSV/vera-vegetacao/main/fotos/Enecol-Centro/VER20260710092325893568656F1.jpg,https://raw.githubusercontent.com/LGRSV/vera-vegetacao/main/fotos/Enecol-Centro/VER20260710092325893568656F2.jpg,https://raw.githubusercontent.com/LGRSV/vera-vegetacao/main/fotos/Enecol-Centro/VER20260710092325893568656F3.jpg,,V20260710092325893568656
597,V0122,Porto Nacional,CENTRO,LD,LD02072001,10/07/2026,09:27,Mangueira,473705,URBANO,7,50,Sim,50,300,0,-10.7042103,-48.3983425,3,https://raw.githubusercontent.com/LGRSV/vera-vegetacao/main/fotos/Enecol-Centro/VER20260710092725836290919F1.jpg,https://raw.githubusercontent.com/LGRSV/vera-vegetacao/main/fotos/Enecol-Centro/VER20260710092725836290919F2.jpg,https://raw.githubusercontent.com/LGRSV/vera-vegetacao/main/fotos/Enecol-Centro/VER20260710092725836290919F3.jpg,,V20260710092725836290919
598,V0123,Porto Nacional,CENTRO,AL,AL04072001,10/07/2026,09:31,Oiti,475476,URBANO,6,40,Sim,50,300,0,-10.7041982,-48.3976948,3,https://raw.githubusercontent.com/LGRSV/vera-vegetacao/main/fotos/Enecol-Centro/VER20260710093121720187655F1.jpg,https://raw.githubusercontent.com/LGRSV/vera-vegetacao/main/fotos/Enecol-Centro/VER20260710093121720187655F2.jpg,https://raw.githubusercontent.com/LGRSV/vera-vegetacao/main/fotos/Enecol-Centro/VER20260710093121720187655F3.jpg,,V20260710093121720187655
599,V0124,Porto Nacional,CENTRO,AL,AL04072001,10/07/2026,09:35,Oiti,475476,URBANO,6,40,Sim,50,300,0,-10.7041668,-48.3977338,3,https://raw.githubusercontent.com/LGRSV/vera-vegetacao/main/fotos/Enecol-Centro/VER20260710093536840773606F1.jpg,https://raw.githubusercontent.com/LGRSV/vera-vegetacao/main/fotos/Enecol-Centro/VER20260710093536840773606F2.jpg,https://raw.githubusercontent.com/LGRSV/vera-vegetacao/main/fotos/Enecol-Centro/VER20260710093536840773606F3.jpg,,V20260710093536840773606
600,V0125,Porto Nacional,CENTRO,AL,AL04072001,10/07/2026,09:37,Oiti,475476,URBANO,5,80,Sim,250,300,0,-10.7042727,-48.3976874,3,https://raw.githubusercontent.com/LGRSV/vera-vegetacao/main/fotos/Enecol-Centro/VER20260710093704698814860F1.jpg,https://raw.githubusercontent.com/LGRSV/vera-vegetacao/main/fotos/Enecol-Centro/VER20260710093704698814860F2.jpg,https://raw.githubusercontent.com/LGRSV/vera-vegetacao/main/fotos/Enecol-Centro/VER20260710093704698814860F3.jpg,,V20260710093704698814860
601,V0126,Porto Nacional,CENTRO,AL,AL04072001,10/07/2026,09:40,Oiti,475476,URBANO,5,60,Sim,300,300,0,-10.704227,-48.3976399,3,https://raw.githubusercontent.com/LGRSV/vera-vegetacao/main/fotos/Enecol-Centro/VER20260710094100680725932F1.jpg,https://raw.githubusercontent.com/LGRSV/vera-vegetacao/main/fotos/Enecol-Centro/VER20260710094100680725932F2.jpg,https://raw.githubusercontent.com/LGRSV/vera-vegetacao/main/fotos/Enecol-Centro/VER20260710094100680725932F3.jpg,,V20260710094100680725932
602,V0127,Porto Nacional,CENTRO,AL,AL04072001,10/07/2026,09:42,Oiti,475475,URBANO,5,50,Sim,300,300,0,-10.7043753,-48.3973571,3,https://raw.githubusercontent.com/LGRSV/vera-vegetacao/main/fotos/Enecol-Centro/VER20260710094223441009382F1.jpg,https://raw.githubusercontent.com/LGRSV/vera-vegetacao/main/fotos/Enecol-Centro/VER20260710094223441009382F2.jpg,https://raw.githubusercontent.com/LGRSV/vera-vegetacao/main/fotos/Enecol-Centro/VER20260710094223441009382F3.jpg,,V20260710094223441009382
603,V0128,Porto Nacional,CENTRO,AL,AL04072001,10/07/2026,09:43,Oiti,475475,URBANO,5,50,Sim,300,300,0,-10.7042881,-48.3974152,3,https://raw.githubusercontent.com/LGRSV/vera-vegetacao/main/fotos/Enecol-Centro/VER20260710094328180223746F1.jpg,https://raw.githubusercontent.com/LGRSV/vera-vegetacao/main/fotos/Enecol-Centro/VER20260710094328180223746F2.jpg,https://raw.githubusercontent.com/LGRSV/vera-vegetacao/main/fotos/Enecol-Centro/VER20260710094328180223746F3.jpg,,V20260710094328180223746
604,V0129,Porto Nacional,CENTRO,AL,AL04072001,10/07/2026,09:44,Oiti,475475,URBANO,5,50,Sim,300,300,0,-10.7042783,-48.3975347,3,https://raw.githubusercontent.com/LGRSV/vera-vegetacao/main/fotos/Enecol-Centro/VER20260710094435635991404F1.jpg,https://raw.githubusercontent.com/LGRSV/vera-vegetacao/main/fotos/Enecol-Centro/VER20260710094435635991404F2.jpg,https://raw.githubusercontent.com/LGRSV/vera-vegetacao/main/fotos/Enecol-Centro/VER20260710094435635991404F3.jpg,,V20260710094435635991404
605,V0130,Porto Nacional,CENTRO,AL,AL04072001,10/07/2026,09:48,Outros,475475,URBANO,7.5,70,,50,300,0,-10.704157,-48.3973641,3,https://raw.githubusercontent.com/LGRSV/vera-vegetacao/main/fotos/Enecol-Centro/VER20260710094826556693941F1.jpg,https://raw.githubusercontent.com/LGRSV/vera-vegetacao/main/fotos/Enecol-Centro/VER20260710094826556693941F2.jpg,https://raw.githubusercontent.com/LGRSV/vera-vegetacao/main/fotos/Enecol-Centro/VER20260710094826556693941F3.jpg,,V20260710094826556693941
606,V0131,Porto Nacional,CENTRO,AL,AL04072001,10/07/2026,09:50,Oiti,475479,URBANO,7,110,Sim,300,300,0,-10.7036062,-48.3972139,3,https://raw.githubusercontent.com/LGRSV/vera-vegetacao/main/fotos/Enecol-Centro/VER20260710095003863269266F1.jpg,https://raw.githubusercontent.com/LGRSV/vera-vegetacao/main/fotos/Enecol-Centro/VER20260710095003863269266F2.jpg,https://raw.githubusercontent.com/LGRSV/vera-vegetacao/main/fotos/Enecol-Centro/VER20260710095003863269266F3.jpg,,V20260710095003863269266
607,V0132,Porto Nacional,CENTRO,AL,AL04072001,10/07/2026,09:51,Oiti,1602954,URBANO,6,50,Sim,300,300,0,-10.7036372,-48.3972133,3,https://raw.githubusercontent.com/LGRSV/vera-vegetacao/main/fotos/Enecol-Centro/VER20260710095113306093803F1.jpg,https://raw.githubusercontent.com/LGRSV/vera-vegetacao/main/fotos/Enecol-Centro/VER20260710095113306093803F2.jpg,https://raw.githubusercontent.com/LGRSV/vera-vegetacao/main/fotos/Enecol-Centro/VER20260710095113306093803F3.jpg,,V20260710095113306093803
608,V0133,Porto Nacional,CENTRO,AL,AL04072001,10/07/2026,09:56,Outros,475479,URBANO,6,50,Sim,300,300,0,-10.7036344,-48.3971033,3,https://raw.githubusercontent.com/LGRSV/vera-vegetacao/main/fotos/Enecol-Centro/VER20260710095638843903995F1.jpg,https://raw.githubusercontent.com/LGRSV/vera-vegetacao/main/fotos/Enecol-Centro/VER20260710095638843903995F2.jpg,https://raw.githubusercontent.com/LGRSV/vera-vegetacao/main/fotos/Enecol-Centro/VER20260710095638843903995F3.jpg,,V20260710095638843903995
609,V0134,Porto Nacional,CENTRO,AL,AL04072001,10/07/2026,10:07,Oiti,1602956,URBANO,6,40,Sim,300,300,0,-10.7031331,-48.3974688,3,https://raw.githubusercontent.com/LGRSV/vera-vegetacao/main/fotos/Enecol-Centro/VER20260710100744419902249F1.jpg,https://raw.githubusercontent.com/LGRSV/vera-vegetacao/main/fotos/Enecol-Centro/VER20260710100744419902249F2.jpg,https://raw.githubusercontent.com/LGRSV/vera-vegetacao/main/fotos/Enecol-Centro/VER20260710100744419902249F3.jpg,,V20260710100744419902249
610,V0135,Porto Nacional,CENTRO,AL,AL04072001,10/07/2026,10:09,Outros,1602956,URBANO,6,50,Sim,300,300,0,-10.7029829,-48.3973175,3,https://raw.githubusercontent.com/LGRSV/vera-vegetacao/main/fotos/Enecol-Centro/VER20260710100915384408487F1.jpg,https://raw.githubusercontent.com/LGRSV/vera-vegetacao/main/fotos/Enecol-Centro/VER20260710100915384408487F2.jpg,https://raw.githubusercontent.com/LGRSV/vera-vegetacao/main/fotos/Enecol-Centro/VER20260710100915384408487F3.jpg,,V20260710100915384408487
611,V0136,Porto Nacional,CENTRO,LD,LD02072001,10/07/2026,10:10,Outros,472706,URBANO,8,40,Sim,50,300,0,-10.7029487,-48.3971839,3,https://raw.githubusercontent.com/LGRSV/vera-vegetacao/main/fotos/Enecol-Centro/VER20260710101023122841106F1.jpg,https://raw.githubusercontent.com/LGRSV/vera-vegetacao/main/fotos/Enecol-Centro/VER20260710101023122841106F2.jpg,https://raw.githubusercontent.com/LGRSV/vera-vegetacao/main/fotos/Enecol-Centro/VER20260710101023122841106F3.jpg,,V20260710101023122841106
612,V0137,Porto Nacional,CENTRO,LD,LD02072001,10/07/2026,10:13,Outros,472707,URBANO,6,40,Sim,,300,0,-10.7025053,-48.3970367,3,https://raw.githubusercontent.com/LGRSV/vera-vegetacao/main/fotos/Enecol-Centro/VER20260710101305563556166F1.jpg,https://raw.githubusercontent.com/LGRSV/vera-vegetacao/main/fotos/Enecol-Centro/VER20260710101305563556166F2.jpg,https://raw.githubusercontent.com/LGRSV/vera-vegetacao/main/fotos/Enecol-Centro/VER20260710101305563556166F3.jpg,,V20260710101305563556166
613,V0138,Porto Nacional,CENTRO,LD,LD02072001,10/07/2026,10:49,Outros,1066962,URBANO,8,50,Sim,,50,0,-10.7019083,-48.396647,3,https://raw.githubusercontent.com/LGRSV/vera-vegetacao/main/fotos/Enecol-Centro/VER20260710104917149304243F1.jpg,https://raw.githubusercontent.com/LGRSV/vera-vegetacao/main/fotos/Enecol-Centro/VER20260710104917149304243F2.jpg,https://raw.githubusercontent.com/LGRSV/vera-vegetacao/main/fotos/Enecol-Centro/VER20260710104917149304243F3.jpg,,V20260710104917149304243
614,V0139,Porto Nacional,CENTRO,LD,LD02072001,10/07/2026,10:51,Outros,1066958,URBANO,7,60,Sim,,300,0,-10.7019641,-48.3966583,3,https://raw.githubusercontent.com/LGRSV/vera-vegetacao/main/fotos/Enecol-Centro/VER20260710105140267045423F1.jpg,https://raw.githubusercontent.com/LGRSV/vera-vegetacao/main/fotos/Enecol-Centro/VER20260710105140267045423F2.jpg,https://raw.githubusercontent.com/LGRSV/vera-vegetacao/main/fotos/Enecol-Centro/VER20260710105140267045423F3.jpg,,V20260710105140267045423
615,V0140,Porto Nacional,CENTRO,LD,LD02072001,10/07/2026,10:53,Outros,1066961,URBANO,7,40,Sim,,50,0,-10.7014956,-48.3963366,3,https://raw.githubusercontent.com/LGRSV/vera-vegetacao/main/fotos/Enecol-Centro/VER20260710105400650817780F1.jpg,https://raw.githubusercontent.com/LGRSV/vera-vegetacao/main/fotos/Enecol-Centro/VER20260710105400650817780F2.jpg,https://raw.githubusercontent.com/LGRSV/vera-vegetacao/main/fotos/Enecol-Centro/VER20260710105400650817780F3.jpg,,V20260710105400650817780
616,V0141,Porto Nacional,CENTRO,AL,AL04072001,10/07/2026,13:28,Mangueira,473236,URBANO,12,120,Sim,250,100,0,-10.7038079,-48.3982291,3,https://raw.githubusercontent.com/LGRSV/vera-vegetacao/main/fotos/Enecol-Centro/VER20260710132851619809415F1.jpg,https://raw.githubusercontent.com/LGRSV/vera-vegetacao/main/fotos/Enecol-Centro/VER20260710132851619809415F2.jpg,https://raw.githubusercontent.com/LGRSV/vera-vegetacao/main/fotos/Enecol-Centro/VER20260710132851619809415F3.jpg,,V20260710132851619809415
617,V0142,Porto Nacional,CENTRO,LD,LD02072001,10/07/2026,13:30,Mangueira,473707,URBANO,11,120,Sim,300,300,0,-10.7038531,-48.3981546,3,https://raw.githubusercontent.com/LGRSV/vera-vegetacao/main/fotos/Enecol-Centro/VER20260710133033624582264F1.jpg,https://raw.githubusercontent.com/LGRSV/vera-vegetacao/main/fotos/Enecol-Centro/VER20260710133033624582264F2.jpg,https://raw.githubusercontent.com/LGRSV/vera-vegetacao/main/fotos/Enecol-Centro/VER20260710133033624582264F3.jpg,,V20260710133033624582264
618,V0143,Porto Nacional,CENTRO,LD,LD02072001,10/07/2026,13:31,Babaçu,473707,URBANO,11,60,Sim,250,50,0,-10.7038705,-48.3981473,3,https://raw.githubusercontent.com/LGRSV/vera-vegetacao/main/fotos/Enecol-Centro/VER20260710133142225752048F1.jpg,https://raw.githubusercontent.com/LGRSV/vera-vegetacao/main/fotos/Enecol-Centro/VER20260710133142225752048F2.jpg,https://raw.githubusercontent.com/LGRSV/vera-vegetacao/main/fotos/Enecol-Centro/VER20260710133142225752048F3.jpg,,V20260710133142225752048
619,V0144,Porto Nacional,CENTRO,AL,AL06072001,10/07/2026,13:55,Oiti,430965,URBANO,5,40,Sim,250,300,0,-10.7385981,-48.391053,3,https://raw.githubusercontent.com/LGRSV/vera-vegetacao/main/fotos/Enecol-Centro/VER20260710135530196321209F1.jpg,https://raw.githubusercontent.com/LGRSV/vera-vegetacao/main/fotos/Enecol-Centro/VER20260710135530196321209F2.jpg,https://raw.githubusercontent.com/LGRSV/vera-vegetacao/main/fotos/Enecol-Centro/VER20260710135530196321209F3.jpg,,V20260710135530196321209
620,V0145,Porto Nacional,CENTRO,AL,AL06072001,10/07/2026,13:56,Oiti,430965,URBANO,5,40,,250,300,0,-10.7386734,-48.3910882,3,https://raw.githubusercontent.com/LGRSV/vera-vegetacao/main/fotos/Enecol-Centro/VER20260710135620760158037F1.jpg,https://raw.githubusercontent.com/LGRSV/vera-vegetacao/main/fotos/Enecol-Centro/VER20260710135620760158037F2.jpg,https://raw.githubusercontent.com/LGRSV/vera-vegetacao/main/fotos/Enecol-Centro/VER20260710135620760158037F3.jpg,,V20260710135620760158037
621,V0146,Porto Nacional,CENTRO,AL,AL06072001,10/07/2026,14:03,Outros,20104972,URBANO,4,30,Sim,300,300,0,-10.7361432,-48.3855291,3,https://raw.githubusercontent.com/LGRSV/vera-vegetacao/main/fotos/Enecol-Centro/VER20260710140346609105705F1.jpg,https://raw.githubusercontent.com/LGRSV/vera-vegetacao/main/fotos/Enecol-Centro/VER20260710140346609105705F2.jpg,https://raw.githubusercontent.com/LGRSV/vera-vegetacao/main/fotos/Enecol-Centro/VER20260710140346609105705F3.jpg,,V20260710140346609105705
622,V0147,Porto Nacional,CENTRO,AL,AL06072001,10/07/2026,14:04,Outros,20104984,URBANO,3.5,30,Sim,300,300,0,-10.7361419,-48.385488,3,https://raw.githubusercontent.com/LGRSV/vera-vegetacao/main/fotos/Enecol-Centro/VER20260710140459981738588F1.jpg,https://raw.githubusercontent.com/LGRSV/vera-vegetacao/main/fotos/Enecol-Centro/VER20260710140459981738588F2.jpg,https://raw.githubusercontent.com/LGRSV/vera-vegetacao/main/fotos/Enecol-Centro/VER20260710140459981738588F3.jpg,,V20260710140459981738588
623,V0148,Porto Nacional,CENTRO,AL,AL06072001,10/07/2026,14:07,Cajueiro,20105390,URBANO,11,100,Sim,50,300,0,-10.7354242,-48.3870692,3,https://raw.githubusercontent.com/LGRSV/vera-vegetacao/main/fotos/Enecol-Centro/VER20260710140727220172327F1.jpg,https://raw.githubusercontent.com/LGRSV/vera-vegetacao/main/fotos/Enecol-Centro/VER20260710140727220172327F2.jpg,https://raw.githubusercontent.com/LGRSV/vera-vegetacao/main/fotos/Enecol-Centro/VER20260710140727220172327F3.jpg,,V20260710140727220172327
624,V0149,Porto Nacional,CENTRO,AL,AL06072001,10/07/2026,14:10,Oiti,91636,URBANO,5,40,Sim,300,300,0,-10.7326812,-48.3880467,3,https://raw.githubusercontent.com/LGRSV/vera-vegetacao/main/fotos/Enecol-Centro/VER20260710141036524438110F1.jpg,https://raw.githubusercontent.com/LGRSV/vera-vegetacao/main/fotos/Enecol-Centro/VER20260710141036524438110F2.jpg,https://raw.githubusercontent.com/LGRSV/vera-vegetacao/main/fotos/Enecol-Centro/VER20260710141036524438110F3.jpg,,V20260710141036524438110
625,V0150,Porto Nacional,CENTRO,AL,AL06072001,10/07/2026,14:12,Oiti,429064,URBANO,6,50,Sim,100,300,0,-10.7298299,-48.3889296,3,https://raw.githubusercontent.com/LGRSV/vera-vegetacao/main/fotos/Enecol-Centro/VER20260710141250074488338F1.jpg,https://raw.githubusercontent.com/LGRSV/vera-vegetacao/main/fotos/Enecol-Centro/VER20260710141250074488338F2.jpg,https://raw.githubusercontent.com/LGRSV/vera-vegetacao/main/fotos/Enecol-Centro/VER20260710141250074488338F3.jpg,,V20260710141250074488338
626,V0151,Porto Nacional,CENTRO,AL,AL06072001,10/07/2026,14:16,Oiti,1585221,URBANO,4,60,Sim,,300,0,-10.7281583,-48.391101,3,https://raw.githubusercontent.com/LGRSV/vera-vegetacao/main/fotos/Enecol-Centro/VER20260710141629712110894F1.jpg,https://raw.githubusercontent.com/LGRSV/vera-vegetacao/main/fotos/Enecol-Centro/VER20260710141629712110894F2.jpg,https://raw.githubusercontent.com/LGRSV/vera-vegetacao/main/fotos/Enecol-Centro/VER20260710141629712110894F3.jpg,,V20260710141629712110894
627,V0152,Porto Nacional,CENTRO,AL,AL06072001,10/07/2026,14:17,Oiti,431190,URBANO,4,60,Sim,300,300,0,-10.7281096,-48.3911448,3,https://raw.githubusercontent.com/LGRSV/vera-vegetacao/main/fotos/Enecol-Centro/VER20260710141730977229576F1.jpg,https://raw.githubusercontent.com/LGRSV/vera-vegetacao/main/fotos/Enecol-Centro/VER20260710141730977229576F2.jpg,https://raw.githubusercontent.com/LGRSV/vera-vegetacao/main/fotos/Enecol-Centro/VER20260710141730977229576F3.jpg,,V20260710141730977229576
628,V0153,Porto Nacional,CENTRO,AL,AL04072001,10/07/2026,14:24,Outros,106888,URBANO,7,60,Sim,200,300,0,-10.7116207,-48.3919987,3,https://raw.githubusercontent.com/LGRSV/vera-vegetacao/main/fotos/Enecol-Centro/VER20260710142454989216200F1.jpg,https://raw.githubusercontent.com/LGRSV/vera-vegetacao/main/fotos/Enecol-Centro/VER20260710142454989216200F2.jpg,https://raw.githubusercontent.com/LGRSV/vera-vegetacao/main/fotos/Enecol-Centro/VER20260710142454989216200F3.jpg,,V20260710142454989216200
629,V0001,SE Paraíso I,CENTRO,LD,LD03062013,14/07/2026,09:02,Outros,1105694,URBANO,7,50,Sim,50,300,0,-10.1973348,-48.9201847,0,,,,,V20260724094945781964178
630,V0001,SE Paraíso I,CENTRO,LD,LD03062013,14/07/2026,09:02,Outros,1105694,URBANO,7,50,Sim,50,300,0,-10.1973348,-48.9201847,3,https://raw.githubusercontent.com/LGRSV/vera-vegetacao/main/fotos/Enecol-Centro/VER20260714090231959507904F1.jpg,https://raw.githubusercontent.com/LGRSV/vera-vegetacao/main/fotos/Enecol-Centro/VER20260714090231959507904F2.jpg,https://raw.githubusercontent.com/LGRSV/vera-vegetacao/main/fotos/Enecol-Centro/VER20260714090231959507904F3.jpg,,V20260714090231959507904
631,V0002,SE Paraíso I,CENTRO,AL,AL05062013,14/07/2026,09:07,Mangueira,1835061,URBANO,4,25,Sim,,,0,-10.1968342,-48.9204273,3,https://raw.githubusercontent.com/LGRSV/vera-vegetacao/main/fotos/Enecol-Centro/VER20260714090711972411342F1.jpg,https://raw.githubusercontent.com/LGRSV/vera-vegetacao/main/fotos/Enecol-Centro/VER20260714090711972411342F2.jpg,https://raw.githubusercontent.com/LGRSV/vera-vegetacao/main/fotos/Enecol-Centro/VER20260714090711972411342F3.jpg,,V20260714090711972411342
632,V0002,SE Paraíso I,CENTRO,AL,AL05062013,14/07/2026,09:07,Mangueira,1835061,URBANO,4,25,Sim,,,0,-10.1968342,-48.9204273,0,,,,,V20260724094948059031912
633,V0003,SE Paraíso I,CENTRO,AL,AL05062013,14/07/2026,09:08,Outros,1105449,URBANO,3.5,25,Sim,,,0,-10.1966975,-48.9202154,3,https://raw.githubusercontent.com/LGRSV/vera-vegetacao/main/fotos/Enecol-Centro/VER20260714090839739672717F1.jpg,https://raw.githubusercontent.com/LGRSV/vera-vegetacao/main/fotos/Enecol-Centro/VER20260714090839739672717F2.jpg,https://raw.githubusercontent.com/LGRSV/vera-vegetacao/main/fotos/Enecol-Centro/VER20260714090839739672717F3.jpg,,V20260714090839739672717
634,V0003,SE Paraíso I,CENTRO,AL,AL05062013,14/07/2026,09:08,Outros,1105449,URBANO,3.5,25,Sim,,,0,-10.1966975,-48.9202154,0,,,,,V20260724094948756215162
635,V0004,SE Paraíso I,CENTRO,LD,LD03062013,14/07/2026,09:10,Outros,1105697,URBANO,3.5,20,Sim,,,0,-10.1966546,-48.9201762,0,,,,,V20260724094949397019613
636,V0004,SE Paraíso I,CENTRO,LD,LD03062013,14/07/2026,09:10,Outros,1105697,URBANO,3.5,20,Sim,,,0,-10.1966546,-48.9201762,3,https://raw.githubusercontent.com/LGRSV/vera-vegetacao/main/fotos/Enecol-Centro/VER20260714091017204856358F1.jpg,https://raw.githubusercontent.com/LGRSV/vera-vegetacao/main/fotos/Enecol-Centro/VER20260714091017204856358F2.jpg,https://raw.githubusercontent.com/LGRSV/vera-vegetacao/main/fotos/Enecol-Centro/VER20260714091017204856358F3.jpg,,V20260714091017204856358
637,V0005,SE Paraíso I,CENTRO,LD,LD03062013,14/07/2026,09:14,Outros,1105702,URBANO,2,20,Sim,,,0,-10.1948581,-48.9199718,3,https://raw.githubusercontent.com/LGRSV/vera-vegetacao/main/fotos/Enecol-Centro/VER20260714091428054205319F1.jpg,https://raw.githubusercontent.com/LGRSV/vera-vegetacao/main/fotos/Enecol-Centro/VER20260714091428054205319F2.jpg,https://raw.githubusercontent.com/LGRSV/vera-vegetacao/main/fotos/Enecol-Centro/VER20260714091428054205319F3.jpg,,V20260714091428054205319
638,V0005,SE Paraíso I,CENTRO,LD,LD03062013,14/07/2026,09:14,Outros,1105702,URBANO,2,20,Sim,,,0,-10.1948581,-48.9199718,0,,,,,V20260724094950042827847
639,V0006,SE Paraíso I,CENTRO,LD,LD03062013,14/07/2026,09:15,Outros,1105702,URBANO,3.5,35,Sim,,,0,-10.1945581,-48.9199016,3,https://raw.githubusercontent.com/LGRSV/vera-vegetacao/main/fotos/Enecol-Centro/VER20260714091558620019160F1.jpg,https://raw.githubusercontent.com/LGRSV/vera-vegetacao/main/fotos/Enecol-Centro/VER20260714091558620019160F2.jpg,https://raw.githubusercontent.com/LGRSV/vera-vegetacao/main/fotos/Enecol-Centro/VER20260714091558620019160F3.jpg,,V20260714091558620019160
640,V0006,SE Paraíso I,CENTRO,LD,LD03062013,14/07/2026,09:15,Outros,1105702,URBANO,3.5,35,Sim,,,0,-10.1945581,-48.9199016,0,,,,,V20260724094950699189163
641,V0007,SE Paraíso I,CENTRO,LD,LD03062013,14/07/2026,09:21,Outros,1105702,URBANO,4,25,Sim,,,0,-10.1943991,-48.9199286,0,,,,,V20260724094951338146777
642,V0007,SE Paraíso I,CENTRO,LD,LD03062013,14/07/2026,09:21,Outros,1105702,URBANO,4,25,Sim,,,0,-10.1943991,-48.9199286,3,https://raw.githubusercontent.com/LGRSV/vera-vegetacao/main/fotos/Enecol-Centro/VER20260714092130848896838F1.jpg,https://raw.githubusercontent.com/LGRSV/vera-vegetacao/main/fotos/Enecol-Centro/VER20260714092130848896838F2.jpg,https://raw.githubusercontent.com/LGRSV/vera-vegetacao/main/fotos/Enecol-Centro/VER20260714092130848896838F3.jpg,,V20260714092130848896838
643,V0008,SE Paraíso I,CENTRO,LD,LD03062013,14/07/2026,09:31,Cajueiro,1106739,URBANO,2,20,Sim,,,0,-10.1938083,-48.91624,0,,,,,V20260724094951991414224
644,V0008,SE Paraíso I,CENTRO,LD,LD03062013,14/07/2026,09:31,Cajueiro,1106739,URBANO,2,20,Sim,,,0,-10.1938083,-48.91624,3,https://raw.githubusercontent.com/LGRSV/vera-vegetacao/main/fotos/Enecol-Centro/VER20260714093147801927553F1.jpg,https://raw.githubusercontent.com/LGRSV/vera-vegetacao/main/fotos/Enecol-Centro/VER20260714093147801927553F2.jpg,https://raw.githubusercontent.com/LGRSV/vera-vegetacao/main/fotos/Enecol-Centro/VER20260714093147801927553F3.jpg,,V20260714093147801927553
645,V0009,SE Paraíso I,CENTRO,LD,LD03062013,14/07/2026,09:32,Cajueiro,1106739,URBANO,2.5,20,Sim,,,0,-10.193925,-48.9162517,3,https://raw.githubusercontent.com/LGRSV/vera-vegetacao/main/fotos/Enecol-Centro/VER20260714093246911662593F1.jpg,https://raw.githubusercontent.com/LGRSV/vera-vegetacao/main/fotos/Enecol-Centro/VER20260714093246911662593F2.jpg,https://raw.githubusercontent.com/LGRSV/vera-vegetacao/main/fotos/Enecol-Centro/VER20260714093246911662593F3.jpg,,V20260714093246911662593
646,V0009,SE Paraíso I,CENTRO,LD,LD03062013,14/07/2026,09:32,Cajueiro,1106739,URBANO,2.5,20,Sim,,,0,-10.193925,-48.9162517,0,,,,,V20260724094952652126786
647,V0010,SE Paraíso I,CENTRO,LD,LD03062013,14/07/2026,09:34,Outros,1106554,URBANO,4,40,Sim,,,0,-10.1943417,-48.91632,0,,,,,V20260724094953291589251
648,V0010,SE Paraíso I,CENTRO,LD,LD03062013,14/07/2026,09:34,Outros,1106554,URBANO,4,40,Sim,,,0,-10.1943417,-48.91632,3,https://raw.githubusercontent.com/LGRSV/vera-vegetacao/main/fotos/Enecol-Centro/VER20260714093406310898466F1.jpg,https://raw.githubusercontent.com/LGRSV/vera-vegetacao/main/fotos/Enecol-Centro/VER20260714093406310898466F2.jpg,https://raw.githubusercontent.com/LGRSV/vera-vegetacao/main/fotos/Enecol-Centro/VER20260714093406310898466F3.jpg,,V20260714093406310898466
649,V0011,SE Paraíso I,CENTRO,LD,LD03062013,14/07/2026,09:35,Outros,1106554,URBANO,3.5,20,Sim,,,0,-10.1942183,-48.9162917,3,https://raw.githubusercontent.com/LGRSV/vera-vegetacao/main/fotos/Enecol-Centro/VER20260714093507211761606F1.jpg,https://raw.githubusercontent.com/LGRSV/vera-vegetacao/main/fotos/Enecol-Centro/VER20260714093507211761606F2.jpg,https://raw.githubusercontent.com/LGRSV/vera-vegetacao/main/fotos/Enecol-Centro/VER20260714093507211761606F3.jpg,,V20260714093507211761606
650,V0011,SE Paraíso I,CENTRO,LD,LD03062013,14/07/2026,09:35,Outros,1106554,URBANO,3.5,20,Sim,,,0,-10.1942183,-48.9162917,0,,,,,V20260724094953951924171
651,V0012,SE Paraíso I,CENTRO,AL,AL05062013,14/07/2026,09:39,Outros,1835078,URBANO,,30,Não,,,0,-10.1932025,-48.9157179,0,,,,,V20260724094954580081497
652,V0012,SE Paraíso I,CENTRO,AL,AL05062013,14/07/2026,09:39,Outros,1835078,URBANO,,30,Não,,,0,-10.1932025,-48.9157179,3,https://raw.githubusercontent.com/LGRSV/vera-vegetacao/main/fotos/Enecol-Centro/VER20260714094000445539700F1.jpg,https://raw.githubusercontent.com/LGRSV/vera-vegetacao/main/fotos/Enecol-Centro/VER20260714094000445539700F2.jpg,https://raw.githubusercontent.com/LGRSV/vera-vegetacao/main/fotos/Enecol-Centro/VER20260714094000445539700F3.jpg,,V20260714094000445539700
653,V0013,SE Paraíso I,CENTRO,AL,AL05062013,14/07/2026,09:53,Outros,1454986,URBANO,3.5,40,Sim,,,0,-10.18482,-48.90404,0,,,,,V20260724094955246736379
654,V0013,SE Paraíso I,CENTRO,AL,AL05062013,14/07/2026,09:53,Outros,1454986,URBANO,3.5,40,Sim,,,0,-10.18482,-48.90404,3,https://raw.githubusercontent.com/LGRSV/vera-vegetacao/main/fotos/Enecol-Centro/VER20260714095306692022792F1.jpg,https://raw.githubusercontent.com/LGRSV/vera-vegetacao/main/fotos/Enecol-Centro/VER20260714095306692022792F2.jpg,https://raw.githubusercontent.com/LGRSV/vera-vegetacao/main/fotos/Enecol-Centro/VER20260714095306692022792F3.jpg,,V20260714095306692022792
655,V0014,SE Paraíso I,CENTRO,AL,AL05062013,14/07/2026,09:55,Outros,46748881,URBANO,7,50,Não,,300,0,-10.1853117,-48.9038917,0,,,,,V20260724094955913690619
656,V0014,SE Paraíso I,CENTRO,AL,AL05062013,14/07/2026,09:55,Outros,46748881,URBANO,7,50,Não,,300,0,-10.1853117,-48.9038917,3,https://raw.githubusercontent.com/LGRSV/vera-vegetacao/main/fotos/Enecol-Centro/VER20260714095511445116025F1.jpg,https://raw.githubusercontent.com/LGRSV/vera-vegetacao/main/fotos/Enecol-Centro/VER20260714095511445116025F2.jpg,https://raw.githubusercontent.com/LGRSV/vera-vegetacao/main/fotos/Enecol-Centro/VER20260714095511445116025F3.jpg,,V20260714095511445116025
657,V0015,SE Paraíso I,CENTRO,LD,LD03062013,14/07/2026,10:02,Outros,1436009,URBANO,9,70,Não,,250,0,-10.1859733,-48.9013183,3,https://raw.githubusercontent.com/LGRSV/vera-vegetacao/main/fotos/Enecol-Centro/VER20260714100254615699680F1.jpg,https://raw.githubusercontent.com/LGRSV/vera-vegetacao/main/fotos/Enecol-Centro/VER20260714100254615699680F2.jpg,https://raw.githubusercontent.com/LGRSV/vera-vegetacao/main/fotos/Enecol-Centro/VER20260714100254615699680F3.jpg,,V20260714100254615699680
658,V0015,SE Paraíso I,CENTRO,LD,LD03062013,14/07/2026,10:02,Outros,1436009,URBANO,9,70,Não,,250,0,-10.1859733,-48.9013183,0,,,,,V20260724094956552993584
659,V0016,SE Paraíso I,CENTRO,LD,LD03062013,14/07/2026,10:11,Outros,1436007,URBANO,13,110,Sim,150,50,0,-10.1864318,-48.9014611,0,,,,,V20260724094957218271385
660,V0016,SE Paraíso I,CENTRO,LD,LD03062013,14/07/2026,10:11,Outros,1436007,URBANO,13,110,Sim,150,50,0,-10.1864318,-48.9014611,3,https://raw.githubusercontent.com/LGRSV/vera-vegetacao/main/fotos/Enecol-Centro/VER20260714101157845150040F1.jpg,https://raw.githubusercontent.com/LGRSV/vera-vegetacao/main/fotos/Enecol-Centro/VER20260714101157845150040F2.jpg,https://raw.githubusercontent.com/LGRSV/vera-vegetacao/main/fotos/Enecol-Centro/VER20260714101157845150040F3.jpg,,V20260714101157845150040
661,V0017,SE Paraíso I,CENTRO,LD,LD03062013,14/07/2026,10:13,Mangueira,1436003,URBANO,8,130,Sim,0,50,0,-10.1864718,-48.9015257,3,https://raw.githubusercontent.com/LGRSV/vera-vegetacao/main/fotos/Enecol-Centro/VER20260714101311767379659F1.jpg,https://raw.githubusercontent.com/LGRSV/vera-vegetacao/main/fotos/Enecol-Centro/VER20260714101311767379659F2.jpg,https://raw.githubusercontent.com/LGRSV/vera-vegetacao/main/fotos/Enecol-Centro/VER20260714101311767379659F3.jpg,,V20260714101311767379659
662,V0017,SE Paraíso I,CENTRO,LD,LD03062013,14/07/2026,10:13,Mangueira,1436003,URBANO,8,130,Sim,0,50,0,-10.1864718,-48.9015257,0,,,,,V20260724094957861665079
663,V0018,SE Paraíso I,CENTRO,LD,LD03062013,14/07/2026,10:14,Outros,1436003,URBANO,7,60,Sim,0,200,0,-10.1864972,-48.9016003,0,,,,,V20260724094958515122552
664,V0018,SE Paraíso I,CENTRO,LD,LD03062013,14/07/2026,10:14,Outros,1436003,URBANO,7,60,Sim,0,200,0,-10.1864972,-48.9016003,3,https://raw.githubusercontent.com/LGRSV/vera-vegetacao/main/fotos/Enecol-Centro/VER20260714101428371021883F1.jpg,https://raw.githubusercontent.com/LGRSV/vera-vegetacao/main/fotos/Enecol-Centro/VER20260714101428371021883F2.jpg,https://raw.githubusercontent.com/LGRSV/vera-vegetacao/main/fotos/Enecol-Centro/VER20260714101428371021883F3.jpg,,V20260714101428371021883
665,V0019,SE Paraíso I,CENTRO,LD,LD03062013,14/07/2026,10:15,Coqueiro,1436003,URBANO,10,60,Sim,0,0,0,-10.186497,-48.9017478,3,https://raw.githubusercontent.com/LGRSV/vera-vegetacao/main/fotos/Enecol-Centro/VER20260714101549648296558F1.jpg,https://raw.githubusercontent.com/LGRSV/vera-vegetacao/main/fotos/Enecol-Centro/VER20260714101549648296558F2.jpg,https://raw.githubusercontent.com/LGRSV/vera-vegetacao/main/fotos/Enecol-Centro/VER20260714101549648296558F3.jpg,,V20260714101549648296558
666,V0019,SE Paraíso I,CENTRO,LD,LD03062013,14/07/2026,10:15,Coqueiro,1436003,URBANO,10,60,Sim,0,0,0,-10.186497,-48.9017478,0,,,,,V20260724094959198802826
667,V0020,SE Paraíso I,CENTRO,AL,AL05062013,14/07/2026,10:27,Cajueiro,1454991,URBANO,3,20,Sim,,,0,-10.1879517,-48.9028967,0,,,,,V20260724094959897023116
668,V0020,SE Paraíso I,CENTRO,AL,AL05062013,14/07/2026,10:27,Cajueiro,1454991,URBANO,3,20,Sim,,,0,-10.1879517,-48.9028967,3,https://raw.githubusercontent.com/LGRSV/vera-vegetacao/main/fotos/Enecol-Centro/VER20260714102715453535981F1.jpg,https://raw.githubusercontent.com/LGRSV/vera-vegetacao/main/fotos/Enecol-Centro/VER20260714102715453535981F2.jpg,https://raw.githubusercontent.com/LGRSV/vera-vegetacao/main/fotos/Enecol-Centro/VER20260714102715453535981F3.jpg,,V20260714102715453535981
669,V0021,SE Paraíso I,CENTRO,AL,AL05062013,14/07/2026,10:28,Mangueira,1454991,URBANO,6.5,80,Sim,0,250,0,-10.18783,-48.9028417,0,,,,,V20260724095000538807203
670,V0021,SE Paraíso I,CENTRO,AL,AL05062013,14/07/2026,10:28,Mangueira,1454991,URBANO,6.5,80,Sim,0,250,0,-10.18783,-48.9028417,3,https://raw.githubusercontent.com/LGRSV/vera-vegetacao/main/fotos/Enecol-Centro/VER20260714102845508709277F1.jpg,https://raw.githubusercontent.com/LGRSV/vera-vegetacao/main/fotos/Enecol-Centro/VER20260714102845508709277F2.jpg,https://raw.githubusercontent.com/LGRSV/vera-vegetacao/main/fotos/Enecol-Centro/VER20260714102845508709277F3.jpg,,V20260714102845508709277
671,V0022,SE Paraíso I,CENTRO,AL,AL05062013,14/07/2026,10:30,Mangueira,1455003,URBANO,9,80,Sim,0,50,0,-10.188099,-48.9027937,0,,,,,V20260724095001231478972
672,V0022,SE Paraíso I,CENTRO,AL,AL05062013,14/07/2026,10:30,Mangueira,1455003,URBANO,9,80,Sim,0,50,0,-10.188099,-48.9027937,3,https://raw.githubusercontent.com/LGRSV/vera-vegetacao/main/fotos/Enecol-Centro/VER20260714103027822598401F1.jpg,https://raw.githubusercontent.com/LGRSV/vera-vegetacao/main/fotos/Enecol-Centro/VER20260714103027822598401F2.jpg,https://raw.githubusercontent.com/LGRSV/vera-vegetacao/main/fotos/Enecol-Centro/VER20260714103027822598401F3.jpg,,V20260714103027822598401
673,V0023,SE Paraíso I,CENTRO,AL,AL05062013,14/07/2026,10:31,Mangueira,1455003,URBANO,9,100,Sim,0,50,0,-10.1882149,-48.902702,3,https://raw.githubusercontent.com/LGRSV/vera-vegetacao/main/fotos/Enecol-Centro/VER20260714103156179191804F1.jpg,https://raw.githubusercontent.com/LGRSV/vera-vegetacao/main/fotos/Enecol-Centro/VER20260714103156179191804F2.jpg,https://raw.githubusercontent.com/LGRSV/vera-vegetacao/main/fotos/Enecol-Centro/VER20260714103156179191804F3.jpg,,V20260714103156179191804
674,V0023,SE Paraíso I,CENTRO,AL,AL05062013,14/07/2026,10:31,Mangueira,1455003,URBANO,9,100,Sim,0,50,0,-10.1882149,-48.902702,0,,,,,V20260724095001879080995
675,V0024,SE Paraíso I,CENTRO,AL,AL05062013,14/07/2026,10:45,Mangueira,23587096,URBANO,14,130,Sim,300,300,0,-10.1891069,-48.90191,3,https://raw.githubusercontent.com/LGRSV/vera-vegetacao/main/fotos/Enecol-Centro/VER20260714104509313888524F1.jpg,https://raw.githubusercontent.com/LGRSV/vera-vegetacao/main/fotos/Enecol-Centro/VER20260714104509313888524F2.jpg,https://raw.githubusercontent.com/LGRSV/vera-vegetacao/main/fotos/Enecol-Centro/VER20260714104509313888524F3.jpg,,V20260714104509313888524
676,V0024,SE Paraíso I,CENTRO,AL,AL05062013,14/07/2026,10:45,Mangueira,23587096,URBANO,14,130,Sim,300,300,0,-10.1891069,-48.90191,0,,,,,V20260724095002590317065
677,V0025,SE Paraíso I,CENTRO,AL,AL05062013,14/07/2026,10:47,Mangueira,1454990,URBANO,5.5,60,Sim,250,300,0,-10.1892315,-48.9024399,0,,,,,V20260724095003258956623
678,V0025,SE Paraíso I,CENTRO,AL,AL05062013,14/07/2026,10:47,Mangueira,1454990,URBANO,5.5,60,Sim,250,300,0,-10.1892315,-48.9024399,3,https://raw.githubusercontent.com/LGRSV/vera-vegetacao/main/fotos/Enecol-Centro/VER20260714104727865125596F1.jpg,https://raw.githubusercontent.com/LGRSV/vera-vegetacao/main/fotos/Enecol-Centro/VER20260714104727865125596F2.jpg,https://raw.githubusercontent.com/LGRSV/vera-vegetacao/main/fotos/Enecol-Centro/VER20260714104727865125596F3.jpg,,V20260714104727865125596
679,V0026,SE Paraíso I,CENTRO,AL,AL05062013,14/07/2026,10:52,Oiti,1454995,URBANO,5,80,Sim,,,0,-10.1903169,-48.9026433,0,,,,,V20260724095003911002065
680,V0026,SE Paraíso I,CENTRO,AL,AL05062013,14/07/2026,10:52,Oiti,1454995,URBANO,5,80,Sim,,,0,-10.1903169,-48.9026433,3,https://raw.githubusercontent.com/LGRSV/vera-vegetacao/main/fotos/Enecol-Centro/VER20260714105207421356093F1.jpg,https://raw.githubusercontent.com/LGRSV/vera-vegetacao/main/fotos/Enecol-Centro/VER20260714105207421356093F2.jpg,https://raw.githubusercontent.com/LGRSV/vera-vegetacao/main/fotos/Enecol-Centro/VER20260714105207421356093F3.jpg,,V20260714105207421356093
681,V0027,SE Paraíso I,CENTRO,AL,AL05062013,14/07/2026,10:53,Mogno,1455316,URBANO,6,55,Sim,50,300,0,-10.1903679,-48.9028566,0,,,,,V20260724095004572863290
682,V0027,SE Paraíso I,CENTRO,AL,AL05062013,14/07/2026,10:53,Mogno,1455316,URBANO,6,55,Sim,50,300,0,-10.1903679,-48.9028566,3,https://raw.githubusercontent.com/LGRSV/vera-vegetacao/main/fotos/Enecol-Centro/VER20260714105333865541721F1.jpg,https://raw.githubusercontent.com/LGRSV/vera-vegetacao/main/fotos/Enecol-Centro/VER20260714105333865541721F2.jpg,https://raw.githubusercontent.com/LGRSV/vera-vegetacao/main/fotos/Enecol-Centro/VER20260714105333865541721F3.jpg,,V20260714105333865541721
683,V0028,SE Paraíso I,CENTRO,AL,AL05062013,14/07/2026,10:58,Oiti,611053,URBANO,8,60,Sim,0,200,0,-10.1929206,-48.9023514,3,https://raw.githubusercontent.com/LGRSV/vera-vegetacao/main/fotos/Enecol-Centro/VER20260714105855574406984F1.jpg,https://raw.githubusercontent.com/LGRSV/vera-vegetacao/main/fotos/Enecol-Centro/VER20260714105855574406984F2.jpg,https://raw.githubusercontent.com/LGRSV/vera-vegetacao/main/fotos/Enecol-Centro/VER20260714105855574406984F3.jpg,,V20260714105855574406984
684,V0028,SE Paraíso I,CENTRO,AL,AL05062013,14/07/2026,10:58,Oiti,611053,URBANO,8,60,Sim,0,200,0,-10.1929206,-48.9023514,0,,,,,V20260724095005294862927
685,V0029,SE Paraíso I,CENTRO,AL,AL05062013,14/07/2026,11:00,Mangueira,611053,URBANO,11.5,100,Sim,50,100,0,-10.1929368,-48.9024318,3,https://raw.githubusercontent.com/LGRSV/vera-vegetacao/main/fotos/Enecol-Centro/VER20260714110007806399029F1.jpg,https://raw.githubusercontent.com/LGRSV/vera-vegetacao/main/fotos/Enecol-Centro/VER20260714110007806399029F2.jpg,https://raw.githubusercontent.com/LGRSV/vera-vegetacao/main/fotos/Enecol-Centro/VER20260714110007806399029F3.jpg,,V20260714110007806399029
686,V0029,SE Paraíso I,CENTRO,AL,AL05062013,14/07/2026,11:00,Mangueira,611053,URBANO,11.5,100,Sim,50,100,0,-10.1929368,-48.9024318,0,,,,,V20260724095005948115172
687,V0030,SE Paraíso I,CENTRO,AL,AL05062013,14/07/2026,11:01,Oiti,611053,URBANO,9,80,Sim,50,250,0,-10.1930346,-48.9025662,3,https://raw.githubusercontent.com/LGRSV/vera-vegetacao/main/fotos/Enecol-Centro/VER20260714110122033944660F1.jpg,https://raw.githubusercontent.com/LGRSV/vera-vegetacao/main/fotos/Enecol-Centro/VER20260714110122033944660F2.jpg,https://raw.githubusercontent.com/LGRSV/vera-vegetacao/main/fotos/Enecol-Centro/VER20260714110122033944660F3.jpg,,V20260714110122033944660
688,V0030,SE Paraíso I,CENTRO,AL,AL05062013,14/07/2026,11:01,Oiti,611053,URBANO,9,80,Sim,50,250,0,-10.1930346,-48.9025662,0,,,,,V20260724095006594057001
689,V0031,SE Paraíso I,CENTRO,AL,AL05062013,14/07/2026,11:17,Cajueiro,1455010,URBANO,6,80,Sim,300,300,0,-10.181695,-48.9043033,3,https://raw.githubusercontent.com/LGRSV/vera-vegetacao/main/fotos/Enecol-Centro/VER20260714111721575351736F1.jpg,https://raw.githubusercontent.com/LGRSV/vera-vegetacao/main/fotos/Enecol-Centro/VER20260714111721575351736F2.jpg,https://raw.githubusercontent.com/LGRSV/vera-vegetacao/main/fotos/Enecol-Centro/VER20260714111721575351736F3.jpg,,V20260714111721575351736
690,V0031,SE Paraíso I,CENTRO,AL,AL05062013,14/07/2026,11:17,Cajueiro,1455010,URBANO,6,80,Sim,300,300,0,-10.181695,-48.9043033,0,,,,,V20260724095007458302551
691,V0032,SE Paraíso I,CENTRO,AL,AL05062013,14/07/2026,11:18,Mangueira,1455321,URBANO,8,80,Sim,50,250,0,-10.1816317,-48.9041117,3,https://raw.githubusercontent.com/LGRSV/vera-vegetacao/main/fotos/Enecol-Centro/VER20260714111847016889327F1.jpg,https://raw.githubusercontent.com/LGRSV/vera-vegetacao/main/fotos/Enecol-Centro/VER20260714111847016889327F2.jpg,https://raw.githubusercontent.com/LGRSV/vera-vegetacao/main/fotos/Enecol-Centro/VER20260714111847016889327F3.jpg,,V20260714111847016889327
692,V0032,SE Paraíso I,CENTRO,AL,AL05062013,14/07/2026,11:18,Mangueira,1455321,URBANO,8,80,Sim,50,250,0,-10.1816317,-48.9041117,0,,,,,V20260724095008111376903
693,V0033,SE Paraíso I,CENTRO,LD,LD03062013,14/07/2026,11:29,Outros,1688143,URBANO,4,30,Não,,300,0,-10.1898083,-48.9072767,0,,,,,V20260724095008740506085
694,V0033,SE Paraíso I,CENTRO,LD,LD03062013,14/07/2026,11:29,Outros,1688143,URBANO,4,30,Não,,300,0,-10.1898083,-48.9072767,3,https://raw.githubusercontent.com/LGRSV/vera-vegetacao/main/fotos/Enecol-Centro/VER20260714112931533810705F1.jpg,https://raw.githubusercontent.com/LGRSV/vera-vegetacao/main/fotos/Enecol-Centro/VER20260714112931533810705F2.jpg,https://raw.githubusercontent.com/LGRSV/vera-vegetacao/main/fotos/Enecol-Centro/VER20260714112931533810705F3.jpg,,V20260714112931533810705
695,V0034,SE Paraíso I,CENTRO,AL,AL05062013,14/07/2026,11:40,Oiti,1454988,URBANO,8,80,Sim,,150,0,-10.1812044,-48.9031693,3,https://raw.githubusercontent.com/LGRSV/vera-vegetacao/main/fotos/Enecol-Centro/VER20260714114039350143395F1.jpg,https://raw.githubusercontent.com/LGRSV/vera-vegetacao/main/fotos/Enecol-Centro/VER20260714114039350143395F2.jpg,https://raw.githubusercontent.com/LGRSV/vera-vegetacao/main/fotos/Enecol-Centro/VER20260714114039350143395F3.jpg,,V20260714114039350143395
696,V0034,SE Paraíso I,CENTRO,AL,AL05062013,14/07/2026,11:40,Oiti,1454988,URBANO,8,80,Sim,,150,0,-10.1812044,-48.9031693,0,,,,,V20260724095009381457886
697,V0035,SE Paraíso I,CENTRO,AL,AL05062013,14/07/2026,11:41,Cajueiro,1454988,URBANO,5,40,Sim,,,0,-10.1812032,-48.9030679,3,https://raw.githubusercontent.com/LGRSV/vera-vegetacao/main/fotos/Enecol-Centro/VER20260714114137050477938F1.jpg,https://raw.githubusercontent.com/LGRSV/vera-vegetacao/main/fotos/Enecol-Centro/VER20260714114137050477938F2.jpg,https://raw.githubusercontent.com/LGRSV/vera-vegetacao/main/fotos/Enecol-Centro/VER20260714114137050477938F3.jpg,,V20260714114137050477938
698,V0035,SE Paraíso I,CENTRO,AL,AL05062013,14/07/2026,11:41,Cajueiro,1454988,URBANO,5,40,Sim,,,0,-10.1812032,-48.9030679,0,,,,,V20260724095010039909560
699,V0036,SE Paraíso I,CENTRO,AL,AL05062013,14/07/2026,11:43,Mangueira,1455315,URBANO,7,110,Sim,100,300,0,-10.1810867,-48.9028133,3,https://raw.githubusercontent.com/LGRSV/vera-vegetacao/main/fotos/Enecol-Centro/VER20260714114354653228521F1.jpg,https://raw.githubusercontent.com/LGRSV/vera-vegetacao/main/fotos/Enecol-Centro/VER20260714114354653228521F2.jpg,https://raw.githubusercontent.com/LGRSV/vera-vegetacao/main/fotos/Enecol-Centro/VER20260714114354653228521F3.jpg,,V20260714114354653228521
700,V0036,SE Paraíso I,CENTRO,AL,AL05062013,14/07/2026,11:43,Mangueira,1455315,URBANO,7,110,Sim,100,300,0,-10.1810867,-48.9028133,0,,,,,V20260724095010943315668
701,V0037,SE Paraíso I,CENTRO,AL,AL05062013,14/07/2026,11:52,Coqueiro,615140,URBANO,10,50,Sim,,100,0,-10.1789749,-48.9011925,0,,,,,V20260724095011604678392
702,V0037,SE Paraíso I,CENTRO,AL,AL05062013,14/07/2026,11:52,Coqueiro,615140,URBANO,10,50,Sim,,100,0,-10.1789749,-48.9011925,3,https://raw.githubusercontent.com/LGRSV/vera-vegetacao/main/fotos/Enecol-Centro/VER20260714115218268759648F1.jpg,https://raw.githubusercontent.com/LGRSV/vera-vegetacao/main/fotos/Enecol-Centro/VER20260714115218268759648F2.jpg,https://raw.githubusercontent.com/LGRSV/vera-vegetacao/main/fotos/Enecol-Centro/VER20260714115218268759648F3.jpg,,V20260714115218268759648
703,V0038,SE Paraíso I,CENTRO,LD,LD03062013,14/07/2026,11:59,Cajueiro,604975,URBANO,4.5,30,Sim,,,0,-10.1825467,-48.9001767,0,,,,,V20260724095012273505536
704,V0038,SE Paraíso I,CENTRO,LD,LD03062013,14/07/2026,11:59,Cajueiro,604975,URBANO,4.5,30,Sim,,,0,-10.1825467,-48.9001767,3,https://raw.githubusercontent.com/LGRSV/vera-vegetacao/main/fotos/Enecol-Centro/VER20260714115925063826489F1.jpg,https://raw.githubusercontent.com/LGRSV/vera-vegetacao/main/fotos/Enecol-Centro/VER20260714115925063826489F2.jpg,https://raw.githubusercontent.com/LGRSV/vera-vegetacao/main/fotos/Enecol-Centro/VER20260714115925063826489F3.jpg,,V20260714115925063826489
705,V0039,SE Paraíso I,CENTRO,LD,LD03062013,14/07/2026,12:02,Mangueira,604976,URBANO,8.5,80,Sim,,50,0,-10.1829717,-48.9007133,0,,,,,V20260724095013154937356
706,V0039,SE Paraíso I,CENTRO,LD,LD03062013,14/07/2026,12:02,Mangueira,604976,URBANO,8.5,80,Sim,,50,0,-10.1829717,-48.9007133,3,https://raw.githubusercontent.com/LGRSV/vera-vegetacao/main/fotos/Enecol-Centro/VER20260714120247370504136F1.jpg,https://raw.githubusercontent.com/LGRSV/vera-vegetacao/main/fotos/Enecol-Centro/VER20260714120247370504136F2.jpg,https://raw.githubusercontent.com/LGRSV/vera-vegetacao/main/fotos/Enecol-Centro/VER20260714120247370504136F3.jpg,,V20260714120247370504136
707,V0040,SE Paraíso I,CENTRO,AL,AL05062013,14/07/2026,12:04,Mangueira,1682127,URBANO,6.5,60,Sim,,200,0,-10.18278,-48.9009883,3,https://raw.githubusercontent.com/LGRSV/vera-vegetacao/main/fotos/Enecol-Centro/VER20260714120406684624825F1.jpg,https://raw.githubusercontent.com/LGRSV/vera-vegetacao/main/fotos/Enecol-Centro/VER20260714120406684624825F2.jpg,https://raw.githubusercontent.com/LGRSV/vera-vegetacao/main/fotos/Enecol-Centro/VER20260714120406684624825F3.jpg,,V20260714120406684624825
708,V0040,SE Paraíso I,CENTRO,AL,AL05062013,14/07/2026,12:04,Mangueira,1682127,URBANO,6.5,60,Sim,,200,0,-10.18278,-48.9009883,0,,,,,V20260724095013807931121
709,V0041,SE Paraíso I,CENTRO,LD,LD04062013,14/07/2026,14:39,Coqueiro,602293,URBANO,8.5,70,Sim,300,250,0,-10.1772333,-48.9003867,3,https://raw.githubusercontent.com/LGRSV/vera-vegetacao/main/fotos/Enecol-Centro/VER20260714143902839214113F1.jpg,https://raw.githubusercontent.com/LGRSV/vera-vegetacao/main/fotos/Enecol-Centro/VER20260714143902839214113F2.jpg,https://raw.githubusercontent.com/LGRSV/vera-vegetacao/main/fotos/Enecol-Centro/VER20260714143902839214113F3.jpg,,V20260714143902839214113
710,V0041,SE Paraíso I,CENTRO,LD,LD04062013,14/07/2026,14:39,Coqueiro,602293,URBANO,8.5,70,Sim,300,250,0,-10.1772333,-48.9003867,0,,,,,V20260724095014437261494
711,V0042,SE Paraíso I,CENTRO,LD,LD04062013,14/07/2026,14:40,Outros,619605,URBANO,3.5,40,Sim,,,0,-10.1779967,-48.8999383,0,,,,,V20260724095015062781927
712,V0042,SE Paraíso I,CENTRO,LD,LD04062013,14/07/2026,14:40,Outros,619605,URBANO,3.5,40,Sim,,,0,-10.1779967,-48.8999383,3,https://raw.githubusercontent.com/LGRSV/vera-vegetacao/main/fotos/Enecol-Centro/VER20260714144047941914172F1.jpg,https://raw.githubusercontent.com/LGRSV/vera-vegetacao/main/fotos/Enecol-Centro/VER20260714144047941914172F2.jpg,https://raw.githubusercontent.com/LGRSV/vera-vegetacao/main/fotos/Enecol-Centro/VER20260714144047941914172F3.jpg,,V20260714144047941914172
713,V0043,SE Paraíso I,CENTRO,LD,LD04062013,14/07/2026,14:41,Outros,619605,URBANO,3.5,30,Sim,,,0,-10.1782017,-48.899905,0,,,,,V20260724095015749844946
714,V0043,SE Paraíso I,CENTRO,LD,LD04062013,14/07/2026,14:41,Outros,619605,URBANO,3.5,30,Sim,,,0,-10.1782017,-48.899905,3,https://raw.githubusercontent.com/LGRSV/vera-vegetacao/main/fotos/Enecol-Centro/VER20260714144143583914459F1.jpg,https://raw.githubusercontent.com/LGRSV/vera-vegetacao/main/fotos/Enecol-Centro/VER20260714144143583914459F2.jpg,https://raw.githubusercontent.com/LGRSV/vera-vegetacao/main/fotos/Enecol-Centro/VER20260714144143583914459F3.jpg,,V20260714144143583914459
715,V0044,SE Paraíso I,CENTRO,LD,LD04062013,14/07/2026,14:44,Outros,602290,URBANO,5,40,Sim,300,300,0,-10.1785817,-48.89963,3,https://raw.githubusercontent.com/LGRSV/vera-vegetacao/main/fotos/Enecol-Centro/VER20260714144413838315506F1.jpg,https://raw.githubusercontent.com/LGRSV/vera-vegetacao/main/fotos/Enecol-Centro/VER20260714144413838315506F2.jpg,https://raw.githubusercontent.com/LGRSV/vera-vegetacao/main/fotos/Enecol-Centro/VER20260714144413838315506F3.jpg,,V20260714144413838315506
716,V0044,SE Paraíso I,CENTRO,LD,LD04062013,14/07/2026,14:44,Outros,602290,URBANO,5,40,Sim,300,300,0,-10.1785817,-48.89963,0,,,,,V20260724095016400622901
717,V0045,SE Paraíso I,CENTRO,LD,LD04062013,14/07/2026,14:45,Coqueiro,619604,URBANO,10,70,Sim,50,200,0,-10.1791133,-48.8993617,0,,,,,V20260724095017061098990
718,V0045,SE Paraíso I,CENTRO,LD,LD04062013,14/07/2026,14:45,Coqueiro,619604,URBANO,10,70,Sim,50,200,0,-10.1791133,-48.8993617,3,https://raw.githubusercontent.com/LGRSV/vera-vegetacao/main/fotos/Enecol-Centro/VER20260714144600059595521F1.jpg,https://raw.githubusercontent.com/LGRSV/vera-vegetacao/main/fotos/Enecol-Centro/VER20260714144600059595521F2.jpg,https://raw.githubusercontent.com/LGRSV/vera-vegetacao/main/fotos/Enecol-Centro/VER20260714144600059595521F3.jpg,,V20260714144600059595521
719,V0046,SE Paraíso I,CENTRO,LD,LD04062013,14/07/2026,14:47,Oiti,619604,URBANO,7,50,Sim,100,300,0,-10.1791633,-48.8993817,3,https://raw.githubusercontent.com/LGRSV/vera-vegetacao/main/fotos/Enecol-Centro/VER20260714144723994706071F1.jpg,https://raw.githubusercontent.com/LGRSV/vera-vegetacao/main/fotos/Enecol-Centro/VER20260714144723994706071F2.jpg,https://raw.githubusercontent.com/LGRSV/vera-vegetacao/main/fotos/Enecol-Centro/VER20260714144723994706071F3.jpg,,V20260714144723994706071
720,V0046,SE Paraíso I,CENTRO,LD,LD04062013,14/07/2026,14:47,Oiti,619604,URBANO,7,50,Sim,100,300,0,-10.1791633,-48.8993817,0,,,,,V20260724095017696975101
721,V0047,SE Paraíso I,CENTRO,LD,LD04062013,14/07/2026,14:55,Cajueiro,128415,URBANO,10,110,Sim,150,150,0,-10.18028,-48.8986133,0,,,,,V20260724095018325247432
722,V0047,SE Paraíso I,CENTRO,LD,LD04062013,14/07/2026,14:55,Cajueiro,128415,URBANO,10,110,Sim,150,150,0,-10.18028,-48.8986133,3,https://raw.githubusercontent.com/LGRSV/vera-vegetacao/main/fotos/Enecol-Centro/VER20260714145509983304132F1.jpg,https://raw.githubusercontent.com/LGRSV/vera-vegetacao/main/fotos/Enecol-Centro/VER20260714145509983304132F2.jpg,https://raw.githubusercontent.com/LGRSV/vera-vegetacao/main/fotos/Enecol-Centro/VER20260714145509983304132F3.jpg,,V20260714145509983304132
723,V0048,SE Paraíso I,CENTRO,LD,LD04062013,14/07/2026,14:56,Cajueiro,600713,URBANO,8,80,Sim,300,300,0,-10.18011,-48.8987483,0,,,,,V20260724095018912773279
724,V0048,SE Paraíso I,CENTRO,LD,LD04062013,14/07/2026,14:56,Cajueiro,600713,URBANO,8,80,Sim,300,300,0,-10.18011,-48.8987483,3,https://raw.githubusercontent.com/LGRSV/vera-vegetacao/main/fotos/Enecol-Centro/VER20260714145632424753927F1.jpg,https://raw.githubusercontent.com/LGRSV/vera-vegetacao/main/fotos/Enecol-Centro/VER20260714145632424753927F2.jpg,https://raw.githubusercontent.com/LGRSV/vera-vegetacao/main/fotos/Enecol-Centro/VER20260714145632424753927F3.jpg,,V20260714145632424753927
725,V0049,SE Paraíso I,CENTRO,LD,LD04062013,14/07/2026,14:57,Outros,600713,URBANO,6,40,Sim,300,300,0,-10.1801367,-48.898715,0,,,,,V20260724095019514397467
726,V0049,SE Paraíso I,CENTRO,LD,LD04062013,14/07/2026,14:57,Outros,600713,URBANO,6,40,Sim,300,300,0,-10.1801367,-48.898715,3,https://raw.githubusercontent.com/LGRSV/vera-vegetacao/main/fotos/Enecol-Centro/VER20260714145737000696774F1.jpg,https://raw.githubusercontent.com/LGRSV/vera-vegetacao/main/fotos/Enecol-Centro/VER20260714145737000696774F2.jpg,https://raw.githubusercontent.com/LGRSV/vera-vegetacao/main/fotos/Enecol-Centro/VER20260714145737000696774F3.jpg,,V20260714145737000696774
727,V0050,SE Paraíso I,CENTRO,LD,LD04062013,14/07/2026,14:58,Outros,600713,URBANO,7,45,Sim,100,300,0,-10.180205,-48.89869,0,,,,,V20260724095020112584937
728,V0050,SE Paraíso I,CENTRO,LD,LD04062013,14/07/2026,14:58,Outros,600713,URBANO,7,45,Sim,100,300,0,-10.180205,-48.89869,3,https://raw.githubusercontent.com/LGRSV/vera-vegetacao/main/fotos/Enecol-Centro/VER20260714145838654660976F1.jpg,https://raw.githubusercontent.com/LGRSV/vera-vegetacao/main/fotos/Enecol-Centro/VER20260714145838654660976F2.jpg,https://raw.githubusercontent.com/LGRSV/vera-vegetacao/main/fotos/Enecol-Centro/VER20260714145838654660976F3.jpg,,V20260714145838654660976
729,V0051,SE Paraíso I,CENTRO,LD,LD04062013,14/07/2026,14:59,Cajueiro,128415,URBANO,11,70,Sim,150,50,0,-10.180235,-48.8987917,0,,,,,V20260724095020767588359
730,V0051,SE Paraíso I,CENTRO,LD,LD04062013,14/07/2026,14:59,Cajueiro,128415,URBANO,11,70,Sim,150,50,0,-10.180235,-48.8987917,3,https://raw.githubusercontent.com/LGRSV/vera-vegetacao/main/fotos/Enecol-Centro/VER20260714145953233588172F1.jpg,https://raw.githubusercontent.com/LGRSV/vera-vegetacao/main/fotos/Enecol-Centro/VER20260714145953233588172F2.jpg,https://raw.githubusercontent.com/LGRSV/vera-vegetacao/main/fotos/Enecol-Centro/VER20260714145953233588172F3.jpg,,V20260714145953233588172
731,V0052,SE Paraíso I,CENTRO,LD,LD04062013,14/07/2026,15:03,Coqueiro,600711,URBANO,8,70,Sim,150,50,0,-10.180565,-48.8985067,0,,,,,V20260724095021410911004
732,V0052,SE Paraíso I,CENTRO,LD,LD04062013,14/07/2026,15:03,Coqueiro,600711,URBANO,8,70,Sim,150,50,0,-10.180565,-48.8985067,3,https://raw.githubusercontent.com/LGRSV/vera-vegetacao/main/fotos/Enecol-Centro/VER20260714150335792543342F1.jpg,https://raw.githubusercontent.com/LGRSV/vera-vegetacao/main/fotos/Enecol-Centro/VER20260714150335792543342F2.jpg,https://raw.githubusercontent.com/LGRSV/vera-vegetacao/main/fotos/Enecol-Centro/VER20260714150335792543342F3.jpg,,V20260714150335792543342
733,V0053,SE Paraíso I,CENTRO,LD,LD04062013,14/07/2026,15:04,Coqueiro,600711,URBANO,8,70,Sim,50,50,0,-10.180675,-48.898475,0,,,,,V20260724095022022354031
734,V0053,SE Paraíso I,CENTRO,LD,LD04062013,14/07/2026,15:04,Coqueiro,600711,URBANO,8,70,Sim,50,50,0,-10.180675,-48.898475,3,https://raw.githubusercontent.com/LGRSV/vera-vegetacao/main/fotos/Enecol-Centro/VER20260714150446634634107F1.jpg,https://raw.githubusercontent.com/LGRSV/vera-vegetacao/main/fotos/Enecol-Centro/VER20260714150446634634107F2.jpg,https://raw.githubusercontent.com/LGRSV/vera-vegetacao/main/fotos/Enecol-Centro/VER20260714150446634634107F3.jpg,,V20260714150446634634107
735,V0054,SE Paraíso I,CENTRO,AL,AL05062013,14/07/2026,15:09,Oiti,601645,URBANO,9,75,Sim,100,50,0,-10.1816467,-48.8987467,0,,,,,V20260724095022655727573
736,V0054,SE Paraíso I,CENTRO,AL,AL05062013,14/07/2026,15:09,Oiti,601645,URBANO,9,75,Sim,100,50,0,-10.1816467,-48.8987467,3,https://raw.githubusercontent.com/LGRSV/vera-vegetacao/main/fotos/Enecol-Centro/VER20260714150930935573273F1.jpg,https://raw.githubusercontent.com/LGRSV/vera-vegetacao/main/fotos/Enecol-Centro/VER20260714150930935573273F2.jpg,https://raw.githubusercontent.com/LGRSV/vera-vegetacao/main/fotos/Enecol-Centro/VER20260714150930935573273F3.jpg,,V20260714150930935573273
737,V0055,SE Paraíso I,CENTRO,AL,AL05062013,14/07/2026,15:11,Oiti,601645,URBANO,7,65,Sim,,300,0,-10.1816467,-48.8986267,3,https://raw.githubusercontent.com/LGRSV/vera-vegetacao/main/fotos/Enecol-Centro/VER20260714151137824768903F1.jpg,https://raw.githubusercontent.com/LGRSV/vera-vegetacao/main/fotos/Enecol-Centro/VER20260714151137824768903F2.jpg,https://raw.githubusercontent.com/LGRSV/vera-vegetacao/main/fotos/Enecol-Centro/VER20260714151137824768903F3.jpg,,V20260714151137824768903
738,V0055,SE Paraíso I,CENTRO,AL,AL05062013,14/07/2026,15:11,Oiti,601645,URBANO,7,65,Sim,,300,0,-10.1816467,-48.8986267,0,,,,,V20260724095023297551602
739,V0056,SE Paraíso I,CENTRO,AL,AL05062013,14/07/2026,15:13,Oiti,601645,URBANO,5.5,35,Sim,,300,0,-10.1816533,-48.8986283,0,,,,,V20260724095024179464778
740,V0056,SE Paraíso I,CENTRO,AL,AL05062013,14/07/2026,15:13,Oiti,601645,URBANO,5.5,35,Sim,,300,0,-10.1816533,-48.8986283,3,https://raw.githubusercontent.com/LGRSV/vera-vegetacao/main/fotos/Enecol-Centro/VER20260714151336350630020F1.jpg,https://raw.githubusercontent.com/LGRSV/vera-vegetacao/main/fotos/Enecol-Centro/VER20260714151336350630020F2.jpg,https://raw.githubusercontent.com/LGRSV/vera-vegetacao/main/fotos/Enecol-Centro/VER20260714151336350630020F3.jpg,,V20260714151336350630020
741,V0057,SE Paraíso I,CENTRO,AL,AL05062013,14/07/2026,15:15,Cajueiro,619313,URBANO,11,110,Sim,,50,0,-10.181385,-48.8981033,0,,,,,V20260724095025096590961
742,V0057,SE Paraíso I,CENTRO,AL,AL05062013,14/07/2026,15:15,Cajueiro,619313,URBANO,11,110,Sim,,50,0,-10.181385,-48.8981033,4,https://raw.githubusercontent.com/LGRSV/vera-vegetacao/main/fotos/Enecol-Centro/VER20260714151559042374319F1.jpg,https://raw.githubusercontent.com/LGRSV/vera-vegetacao/main/fotos/Enecol-Centro/VER20260714151559042374319F2.jpg,https://raw.githubusercontent.com/LGRSV/vera-vegetacao/main/fotos/Enecol-Centro/VER20260714151559042374319F3.jpg,https://raw.githubusercontent.com/LGRSV/vera-vegetacao/main/fotos/Enecol-Centro/VER20260714151559042374319F4.jpg,V20260714151559042374319
743,V0058,SE Paraíso I,CENTRO,AL,AL02062013,14/07/2026,15:26,Outros,590854,URBANO,6,50,Sim,300,300,0,-10.1827882,-48.8965444,0,,,,,V20260724095025797286993
744,V0058,SE Paraíso I,CENTRO,AL,AL02062013,14/07/2026,15:26,Outros,590854,URBANO,6,50,Sim,300,300,0,-10.1827882,-48.8965444,3,https://raw.githubusercontent.com/LGRSV/vera-vegetacao/main/fotos/Enecol-Centro/VER20260714152610213201800F1.jpg,https://raw.githubusercontent.com/LGRSV/vera-vegetacao/main/fotos/Enecol-Centro/VER20260714152610213201800F2.jpg,https://raw.githubusercontent.com/LGRSV/vera-vegetacao/main/fotos/Enecol-Centro/VER20260714152610213201800F3.jpg,,V20260714152610213201800
745,V0059,SE Paraíso I,CENTRO,AL,AL02062013,14/07/2026,15:27,Outros,590854,URBANO,7,70,Sim,250,300,0,-10.182773,-48.8965074,3,https://raw.githubusercontent.com/LGRSV/vera-vegetacao/main/fotos/Enecol-Centro/VER20260714152730541910728F1.jpg,https://raw.githubusercontent.com/LGRSV/vera-vegetacao/main/fotos/Enecol-Centro/VER20260714152730541910728F2.jpg,https://raw.githubusercontent.com/LGRSV/vera-vegetacao/main/fotos/Enecol-Centro/VER20260714152730541910728F3.jpg,,V20260714152730541910728
746,V0059,SE Paraíso I,CENTRO,AL,AL02062013,14/07/2026,15:27,Outros,590854,URBANO,7,70,Sim,250,300,0,-10.182773,-48.8965074,0,,,,,V20260724095026398500255
747,V0060,SE Paraíso I,CENTRO,LD,LD01062013,14/07/2026,15:30,Cajueiro,592259,URBANO,7,75,Sim,,300,0,-10.1817382,-48.8970372,3,https://raw.githubusercontent.com/LGRSV/vera-vegetacao/main/fotos/Enecol-Centro/VER20260714153040571548269F1.jpg,https://raw.githubusercontent.com/LGRSV/vera-vegetacao/main/fotos/Enecol-Centro/VER20260714153040571548269F2.jpg,https://raw.githubusercontent.com/LGRSV/vera-vegetacao/main/fotos/Enecol-Centro/VER20260714153040571548269F3.jpg,,V20260714153040571548269
748,V0060,SE Paraíso I,CENTRO,LD,LD01062013,14/07/2026,15:30,Cajueiro,592259,URBANO,7,75,Sim,,300,0,-10.1817382,-48.8970372,0,,,,,V20260724095027021817897
749,V0061,SE Paraíso I,CENTRO,LD,LD01062013,14/07/2026,15:31,Cajueiro,592259,URBANO,7.5,65,Sim,,300,0,-10.1816776,-48.8970306,0,,,,,V20260724095027672255929
750,V0061,SE Paraíso I,CENTRO,LD,LD01062013,14/07/2026,15:31,Cajueiro,592259,URBANO,7.5,65,Sim,,300,0,-10.1816776,-48.8970306,3,https://raw.githubusercontent.com/LGRSV/vera-vegetacao/main/fotos/Enecol-Centro/VER20260714153159239029952F1.jpg,https://raw.githubusercontent.com/LGRSV/vera-vegetacao/main/fotos/Enecol-Centro/VER20260714153159239029952F2.jpg,https://raw.githubusercontent.com/LGRSV/vera-vegetacao/main/fotos/Enecol-Centro/VER20260714153159239029952F3.jpg,,V20260714153159239029952
751,V0062,SE Paraíso I,CENTRO,AL,AL01062013,14/07/2026,15:35,Coqueiro,53052396,URBANO,8,50,Sim,200,300,0,-10.1796734,-48.8982105,0,,,,,V20260724095028295925284
752,V0062,SE Paraíso I,CENTRO,AL,AL01062013,14/07/2026,15:35,Coqueiro,53052396,URBANO,8,50,Sim,200,300,0,-10.1796734,-48.8982105,3,https://raw.githubusercontent.com/LGRSV/vera-vegetacao/main/fotos/Enecol-Centro/VER20260714153514036547137F1.jpg,https://raw.githubusercontent.com/LGRSV/vera-vegetacao/main/fotos/Enecol-Centro/VER20260714153514036547137F2.jpg,https://raw.githubusercontent.com/LGRSV/vera-vegetacao/main/fotos/Enecol-Centro/VER20260714153514036547137F3.jpg,,V20260714153514036547137
753,V0063,SE Paraíso I,CENTRO,LD,LD02062013,14/07/2026,15:38,Mangueira,1401643,URBANO,9.5,110,Sim,,300,0,-10.1788515,-48.8986628,0,,,,,V20260724095028959357143
754,V0063,SE Paraíso I,CENTRO,LD,LD02062013,14/07/2026,15:38,Mangueira,1401643,URBANO,9.5,110,Sim,,300,0,-10.1788515,-48.8986628,3,https://raw.githubusercontent.com/LGRSV/vera-vegetacao/main/fotos/Enecol-Centro/VER20260714153812928545353F1.jpg,https://raw.githubusercontent.com/LGRSV/vera-vegetacao/main/fotos/Enecol-Centro/VER20260714153812928545353F2.jpg,https://raw.githubusercontent.com/LGRSV/vera-vegetacao/main/fotos/Enecol-Centro/VER20260714153812928545353F3.jpg,,V20260714153812928545353
755,V0064,SE Paraíso I,CENTRO,LD,LD05062013,14/07/2026,15:39,Outros,594491,URBANO,4,45,Sim,,,0,-10.1788009,-48.8986405,0,,,,,V20260724095029587693256
756,V0064,SE Paraíso I,CENTRO,LD,LD05062013,14/07/2026,15:39,Outros,594491,URBANO,4,45,Sim,,,0,-10.1788009,-48.8986405,3,https://raw.githubusercontent.com/LGRSV/vera-vegetacao/main/fotos/Enecol-Centro/VER20260714153924259981641F1.jpg,https://raw.githubusercontent.com/LGRSV/vera-vegetacao/main/fotos/Enecol-Centro/VER20260714153924259981641F2.jpg,https://raw.githubusercontent.com/LGRSV/vera-vegetacao/main/fotos/Enecol-Centro/VER20260714153924259981641F3.jpg,,V20260714153924259981641
757,V0065,SE Paraíso I,CENTRO,LD,LD05062013,14/07/2026,15:50,Oiti,591191,URBANO,5.5,40,Sim,,,0,-10.177864,-48.8991882,3,https://raw.githubusercontent.com/LGRSV/vera-vegetacao/main/fotos/Enecol-Centro/VER20260714155101025803719F1.jpg,https://raw.githubusercontent.com/LGRSV/vera-vegetacao/main/fotos/Enecol-Centro/VER20260714155101025803719F2.jpg,https://raw.githubusercontent.com/LGRSV/vera-vegetacao/main/fotos/Enecol-Centro/VER20260714155101025803719F3.jpg,,V20260714155101025803719
758,V0065,SE Paraíso I,CENTRO,LD,LD05062013,14/07/2026,15:50,Oiti,591191,URBANO,5.5,40,Sim,,,0,-10.177864,-48.8991882,0,,,,,V20260724095030220426351
759,V0066,SE Paraíso I,CENTRO,LD,LD05062013,14/07/2026,15:52,Oiti,591191,URBANO,5.5,35,Sim,,,0,-10.1776604,-48.8992681,0,,,,,V20260724095030983313730
760,V0066,SE Paraíso I,CENTRO,LD,LD05062013,14/07/2026,15:52,Oiti,591191,URBANO,5.5,35,Sim,,,0,-10.1776604,-48.8992681,3,https://raw.githubusercontent.com/LGRSV/vera-vegetacao/main/fotos/Enecol-Centro/VER20260714155226510932468F1.jpg,https://raw.githubusercontent.com/LGRSV/vera-vegetacao/main/fotos/Enecol-Centro/VER20260714155226510932468F2.jpg,https://raw.githubusercontent.com/LGRSV/vera-vegetacao/main/fotos/Enecol-Centro/VER20260714155226510932468F3.jpg,,V20260714155226510932468
761,V0067,SE Paraíso I,CENTRO,LD,LD02062013,14/07/2026,15:53,Mogno,600654,URBANO,7.5,65,Sim,,250,0,-10.1773855,-48.8993865,0,,,,,V20260724095031597787737
762,V0067,SE Paraíso I,CENTRO,LD,LD02062013,14/07/2026,15:53,Mogno,600654,URBANO,7.5,65,Sim,,250,0,-10.1773855,-48.8993865,3,https://raw.githubusercontent.com/LGRSV/vera-vegetacao/main/fotos/Enecol-Centro/VER20260714155355614349661F1.jpg,https://raw.githubusercontent.com/LGRSV/vera-vegetacao/main/fotos/Enecol-Centro/VER20260714155355614349661F2.jpg,https://raw.githubusercontent.com/LGRSV/vera-vegetacao/main/fotos/Enecol-Centro/VER20260714155355614349661F3.jpg,,V20260714155355614349661
763,V0068,SE Paraíso I,CENTRO,LD,LD02062013,14/07/2026,15:55,Mangueira,600654,URBANO,9,75,Sim,200,300,0,-10.177374,-48.8993708,3,https://raw.githubusercontent.com/LGRSV/vera-vegetacao/main/fotos/Enecol-Centro/VER20260714155507320961544F1.jpg,https://raw.githubusercontent.com/LGRSV/vera-vegetacao/main/fotos/Enecol-Centro/VER20260714155507320961544F2.jpg,https://raw.githubusercontent.com/LGRSV/vera-vegetacao/main/fotos/Enecol-Centro/VER20260714155507320961544F3.jpg,,V20260714155507320961544
764,V0068,SE Paraíso I,CENTRO,LD,LD02062013,14/07/2026,15:55,Mangueira,600654,URBANO,9,75,Sim,200,300,0,-10.177374,-48.8993708,0,,,,,V20260724095032277421705
765,V0069,SE Paraíso I,CENTRO,LD,LD02062013,14/07/2026,15:56,Mangueira,600654,URBANO,7.5,55,Sim,300,300,0,-10.1772996,-48.899348,3,https://raw.githubusercontent.com/LGRSV/vera-vegetacao/main/fotos/Enecol-Centro/VER20260714155605526507317F1.jpg,https://raw.githubusercontent.com/LGRSV/vera-vegetacao/main/fotos/Enecol-Centro/VER20260714155605526507317F2.jpg,https://raw.githubusercontent.com/LGRSV/vera-vegetacao/main/fotos/Enecol-Centro/VER20260714155605526507317F3.jpg,,V20260714155605526507317
766,V0069,SE Paraíso I,CENTRO,LD,LD02062013,14/07/2026,15:56,Mangueira,600654,URBANO,7.5,55,Sim,300,300,0,-10.1772996,-48.899348,0,,,,,V20260724095033039352408
767,V0070,SE Paraíso I,CENTRO,LD,LD02062013,14/07/2026,15:57,Cajueiro,600654,URBANO,7,60,Sim,300,300,0,-10.1772955,-48.8993771,3,https://raw.githubusercontent.com/LGRSV/vera-vegetacao/main/fotos/Enecol-Centro/VER20260714155712695343577F1.jpg,https://raw.githubusercontent.com/LGRSV/vera-vegetacao/main/fotos/Enecol-Centro/VER20260714155712695343577F2.jpg,https://raw.githubusercontent.com/LGRSV/vera-vegetacao/main/fotos/Enecol-Centro/VER20260714155712695343577F3.jpg,,V20260714155712695343577
768,V0070,SE Paraíso I,CENTRO,LD,LD02062013,14/07/2026,15:57,Cajueiro,600654,URBANO,7,60,Sim,300,300,0,-10.1772955,-48.8993771,0,,,,,V20260724095033895347850
769,V0071,SE Paraíso I,CENTRO,LD,LD02062013,14/07/2026,15:58,Cajueiro,600654,URBANO,7.5,75,Sim,150,300,0,-10.1773283,-48.8994583,3,https://raw.githubusercontent.com/LGRSV/vera-vegetacao/main/fotos/Enecol-Centro/VER20260714155828302465337F1.jpg,https://raw.githubusercontent.com/LGRSV/vera-vegetacao/main/fotos/Enecol-Centro/VER20260714155828302465337F2.jpg,https://raw.githubusercontent.com/LGRSV/vera-vegetacao/main/fotos/Enecol-Centro/VER20260714155828302465337F3.jpg,,V20260714155828302465337
770,V0071,SE Paraíso I,CENTRO,LD,LD02062013,14/07/2026,15:58,Cajueiro,600654,URBANO,7.5,75,Sim,150,300,0,-10.1773283,-48.8994583,0,,,,,V20260724095034546057116
771,V0072,SE Paraíso I,CENTRO,LD,LD02062013,14/07/2026,15:59,Cajueiro,600654,URBANO,6,60,Sim,,300,0,-10.1771933,-48.89952,3,https://raw.githubusercontent.com/LGRSV/vera-vegetacao/main/fotos/Enecol-Centro/VER20260714155940010399338F1.jpg,https://raw.githubusercontent.com/LGRSV/vera-vegetacao/main/fotos/Enecol-Centro/VER20260714155940010399338F2.jpg,https://raw.githubusercontent.com/LGRSV/vera-vegetacao/main/fotos/Enecol-Centro/VER20260714155940010399338F3.jpg,,V20260714155940010399338
772,V0072,SE Paraíso I,CENTRO,LD,LD02062013,14/07/2026,15:59,Cajueiro,600654,URBANO,6,60,Sim,,300,0,-10.1771933,-48.89952,0,,,,,V20260724095035207138139
773,V0073,SE Paraíso I,CENTRO,AL,AL01062013,14/07/2026,16:01,Oiti,141226,URBANO,8.5,120,Sim,,100,0,-10.1769217,-48.8995767,3,https://raw.githubusercontent.com/LGRSV/vera-vegetacao/main/fotos/Enecol-Centro/VER20260714160118354841733F1.jpg,https://raw.githubusercontent.com/LGRSV/vera-vegetacao/main/fotos/Enecol-Centro/VER20260714160118354841733F2.jpg,https://raw.githubusercontent.com/LGRSV/vera-vegetacao/main/fotos/Enecol-Centro/VER20260714160118354841733F3.jpg,,V20260714160118354841733
774,V0073,SE Paraíso I,CENTRO,AL,AL01062013,14/07/2026,16:01,Oiti,141226,URBANO,8.5,120,Sim,,100,0,-10.1769217,-48.8995767,0,,,,,V20260724095035850466846
775,V0074,SE Paraíso I,CENTRO,LD,LD02062013,14/07/2026,16:07,Bananeira,602273,URBANO,10,40,Sim,,50,0,-10.176275,-48.89998,3,https://raw.githubusercontent.com/LGRSV/vera-vegetacao/main/fotos/Enecol-Centro/VER20260714160712465420741F1.jpg,https://raw.githubusercontent.com/LGRSV/vera-vegetacao/main/fotos/Enecol-Centro/VER20260714160712465420741F2.jpg,https://raw.githubusercontent.com/LGRSV/vera-vegetacao/main/fotos/Enecol-Centro/VER20260714160712465420741F3.jpg,,V20260714160712465420741
776,V0074,SE Paraíso I,CENTRO,LD,LD02062013,14/07/2026,16:07,Bananeira,602273,URBANO,10,40,Sim,,50,0,-10.176275,-48.89998,0,,,,,V20260724095036467096509
777,V0075,SE Paraíso I,CENTRO,AL,AL05062013,14/07/2026,16:28,Cajueiro,128413,URBANO,7,90,Sim,50,250,0,-10.1770986,-48.8985902,3,https://raw.githubusercontent.com/LGRSV/vera-vegetacao/main/fotos/Enecol-Centro/VER20260714162818680311653F1.jpg,https://raw.githubusercontent.com/LGRSV/vera-vegetacao/main/fotos/Enecol-Centro/VER20260714162818680311653F2.jpg,https://raw.githubusercontent.com/LGRSV/vera-vegetacao/main/fotos/Enecol-Centro/VER20260714162818680311653F3.jpg,,V20260714162818680311653
778,V0075,SE Paraíso I,CENTRO,AL,AL05062013,14/07/2026,16:28,Cajueiro,128413,URBANO,7,90,Sim,50,250,0,-10.1770986,-48.8985902,0,,,,,V20260724095037088427763
779,V0076,SE Paraíso I,CENTRO,AL,AL05062013,14/07/2026,16:29,Mangueira,128413,URBANO,8,85,Sim,200,300,0,-10.1771028,-48.8986754,0,,,,,V20260724095037731134051
780,V0076,SE Paraíso I,CENTRO,AL,AL05062013,14/07/2026,16:29,Mangueira,128413,URBANO,8,85,Sim,200,300,0,-10.1771028,-48.8986754,3,https://raw.githubusercontent.com/LGRSV/vera-vegetacao/main/fotos/Enecol-Centro/VER20260714162934915798748F1.jpg,https://raw.githubusercontent.com/LGRSV/vera-vegetacao/main/fotos/Enecol-Centro/VER20260714162934915798748F2.jpg,https://raw.githubusercontent.com/LGRSV/vera-vegetacao/main/fotos/Enecol-Centro/VER20260714162934915798748F3.jpg,,V20260714162934915798748
781,V0077,SE Paraíso I,CENTRO,AL,AL01062013,14/07/2026,16:32,Oiti,600652,URBANO,7,85,Sim,50,300,0,-10.1781983,-48.8981277,0,,,,,V20260724095038364208723
782,V0077,SE Paraíso I,CENTRO,AL,AL01062013,14/07/2026,16:32,Oiti,600652,URBANO,7,85,Sim,50,300,0,-10.1781983,-48.8981277,4,https://raw.githubusercontent.com/LGRSV/vera-vegetacao/main/fotos/Enecol-Centro/VER20260714163216314557101F1.jpg,https://raw.githubusercontent.com/LGRSV/vera-vegetacao/main/fotos/Enecol-Centro/VER20260714163216314557101F2.jpg,https://raw.githubusercontent.com/LGRSV/vera-vegetacao/main/fotos/Enecol-Centro/VER20260714163216314557101F3.jpg,https://raw.githubusercontent.com/LGRSV/vera-vegetacao/main/fotos/Enecol-Centro/VER20260714163216314557101F4.jpg,V20260714163216314557101
783,V0078,SE Paraíso I,CENTRO,AL,AL01062013,14/07/2026,16:33,Oiti,602270,URBANO,7,85,Sim,50,300,0,-10.1782417,-48.8980367,0,,,,,V20260724095038983079782
784,V0078,SE Paraíso I,CENTRO,AL,AL01062013,14/07/2026,16:33,Oiti,602270,URBANO,7,85,Sim,50,300,0,-10.1782417,-48.8980367,3,https://raw.githubusercontent.com/LGRSV/vera-vegetacao/main/fotos/Enecol-Centro/VER20260714163325270412235F1.jpg,https://raw.githubusercontent.com/LGRSV/vera-vegetacao/main/fotos/Enecol-Centro/VER20260714163325270412235F2.jpg,https://raw.githubusercontent.com/LGRSV/vera-vegetacao/main/fotos/Enecol-Centro/VER20260714163325270412235F3.jpg,,V20260714163325270412235
785,V0079,SE Paraíso I,CENTRO,AL,AL01062013,14/07/2026,16:34,Outros,602270,URBANO,3.5,20,Sim,,,0,-10.1782433,-48.89801,3,https://raw.githubusercontent.com/LGRSV/vera-vegetacao/main/fotos/Enecol-Centro/VER20260714163427181782512F1.jpg,https://raw.githubusercontent.com/LGRSV/vera-vegetacao/main/fotos/Enecol-Centro/VER20260714163427181782512F2.jpg,https://raw.githubusercontent.com/LGRSV/vera-vegetacao/main/fotos/Enecol-Centro/VER20260714163427181782512F3.jpg,,V20260714163427181782512
786,V0079,SE Paraíso I,CENTRO,AL,AL01062013,14/07/2026,16:34,Outros,602270,URBANO,3.5,20,Sim,,,0,-10.1782433,-48.89801,0,,,,,V20260724095039622081948
787,V0080,SE Paraíso I,CENTRO,LD,LD02062013,14/07/2026,16:43,Outros,627730,URBANO,6,35,Sim,,,0,-10.1738133,-48.9011917,0,,,,,V20260724095040421929042
788,V0080,SE Paraíso I,CENTRO,LD,LD02062013,14/07/2026,16:43,Outros,627730,URBANO,6,35,Sim,,,0,-10.1738133,-48.9011917,3,https://raw.githubusercontent.com/LGRSV/vera-vegetacao/main/fotos/Enecol-Centro/VER20260714164331913452357F1.jpg,https://raw.githubusercontent.com/LGRSV/vera-vegetacao/main/fotos/Enecol-Centro/VER20260714164331913452357F2.jpg,https://raw.githubusercontent.com/LGRSV/vera-vegetacao/main/fotos/Enecol-Centro/VER20260714164331913452357F3.jpg,,V20260714164331913452357
789,V0081,SE Paraíso I,CENTRO,LD,LD02062013,14/07/2026,16:45,Mangueira,601556,URBANO,6.5,50,Sim,,,0,-10.1731729,-48.901478,3,https://raw.githubusercontent.com/LGRSV/vera-vegetacao/main/fotos/Enecol-Centro/VER20260714164550634032532F1.jpg,https://raw.githubusercontent.com/LGRSV/vera-vegetacao/main/fotos/Enecol-Centro/VER20260714164550634032532F2.jpg,https://raw.githubusercontent.com/LGRSV/vera-vegetacao/main/fotos/Enecol-Centro/VER20260714164550634032532F3.jpg,,V20260714164550634032532
790,V0081,SE Paraíso I,CENTRO,LD,LD02062013,14/07/2026,16:45,Mangueira,601556,URBANO,6.5,50,Sim,,,0,-10.1731729,-48.901478,0,,,,,V20260724095041120358067
791,V0082,SE Paraíso I,CENTRO,LD,LD02062013,14/07/2026,16:47,Cajueiro,601557,URBANO,7.5,60,Sim,,300,0,-10.1730848,-48.9015375,3,https://raw.githubusercontent.com/LGRSV/vera-vegetacao/main/fotos/Enecol-Centro/VER20260714164708153347618F1.jpg,https://raw.githubusercontent.com/LGRSV/vera-vegetacao/main/fotos/Enecol-Centro/VER20260714164708153347618F2.jpg,https://raw.githubusercontent.com/LGRSV/vera-vegetacao/main/fotos/Enecol-Centro/VER20260714164708153347618F3.jpg,,V20260714164708153347618
792,V0082,SE Paraíso I,CENTRO,LD,LD02062013,14/07/2026,16:47,Cajueiro,601557,URBANO,7.5,60,Sim,,300,0,-10.1730848,-48.9015375,0,,,,,V20260724095041757161813
793,V0083,SE Paraíso I,CENTRO,LD,LD02062013,14/07/2026,16:48,Cajueiro,601557,URBANO,7.5,60,Sim,,150,0,-10.1730401,-48.9015792,3,https://raw.githubusercontent.com/LGRSV/vera-vegetacao/main/fotos/Enecol-Centro/VER20260714164819575815516F1.jpg,https://raw.githubusercontent.com/LGRSV/vera-vegetacao/main/fotos/Enecol-Centro/VER20260714164819575815516F2.jpg,https://raw.githubusercontent.com/LGRSV/vera-vegetacao/main/fotos/Enecol-Centro/VER20260714164819575815516F3.jpg,,V20260714164819575815516
794,V0083,SE Paraíso I,CENTRO,LD,LD02062013,14/07/2026,16:48,Cajueiro,601557,URBANO,7.5,60,Sim,,150,0,-10.1730401,-48.9015792,0,,,,,V20260724095042445066920
795,V0084,SE Paraíso I,CENTRO,LD,LD02062013,14/07/2026,16:51,Cajueiro,601557,URBANO,9.5,75,Sim,,150,0,-10.1721283,-48.9016747,0,,,,,V20260724095043089370393
796,V0084,SE Paraíso I,CENTRO,LD,LD02062013,14/07/2026,16:51,Cajueiro,601557,URBANO,9.5,75,Sim,,150,0,-10.1721283,-48.9016747,3,https://raw.githubusercontent.com/LGRSV/vera-vegetacao/main/fotos/Enecol-Centro/VER20260714165122367528560F1.jpg,https://raw.githubusercontent.com/LGRSV/vera-vegetacao/main/fotos/Enecol-Centro/VER20260714165122367528560F2.jpg,https://raw.githubusercontent.com/LGRSV/vera-vegetacao/main/fotos/Enecol-Centro/VER20260714165122367528560F3.jpg,,V20260714165122367528560
797,V0085,SE Paraíso I,CENTRO,LD,LD02062013,14/07/2026,16:52,Outros,604249,URBANO,6.5,50,Sim,50,300,0,-10.172075,-48.9017727,3,https://raw.githubusercontent.com/LGRSV/vera-vegetacao/main/fotos/Enecol-Centro/VER20260714165227026953954F1.jpg,https://raw.githubusercontent.com/LGRSV/vera-vegetacao/main/fotos/Enecol-Centro/VER20260714165227026953954F2.jpg,https://raw.githubusercontent.com/LGRSV/vera-vegetacao/main/fotos/Enecol-Centro/VER20260714165227026953954F3.jpg,,V20260714165227026953954
798,V0085,SE Paraíso I,CENTRO,LD,LD02062013,14/07/2026,16:52,Outros,604249,URBANO,6.5,50,Sim,50,300,0,-10.172075,-48.9017727,0,,,,,V20260724095043782443546
799,V0086,SE Paraíso I,CENTRO,LD,LD02062013,14/07/2026,16:53,Outros,603555,URBANO,3,20,Sim,,,0,-10.1721735,-48.901736,0,,,,,V20260724095044420919713
800,V0086,SE Paraíso I,CENTRO,LD,LD02062013,14/07/2026,16:53,Outros,603555,URBANO,3,20,Sim,,,0,-10.1721735,-48.901736,3,https://raw.githubusercontent.com/LGRSV/vera-vegetacao/main/fotos/Enecol-Centro/VER20260714165350647423276F1.jpg,https://raw.githubusercontent.com/LGRSV/vera-vegetacao/main/fotos/Enecol-Centro/VER20260714165350647423276F2.jpg,https://raw.githubusercontent.com/LGRSV/vera-vegetacao/main/fotos/Enecol-Centro/VER20260714165350647423276F3.jpg,,V20260714165350647423276
801,V0087,SE Paraíso I,CENTRO,AL,AL05062013,14/07/2026,16:55,Oiti,1696607,URBANO,6,60,Sim,200,300,0,-10.1716358,-48.901756,0,,,,,V20260724095045043174264
802,V0087,SE Paraíso I,CENTRO,AL,AL05062013,14/07/2026,16:55,Oiti,1696607,URBANO,6,60,Sim,200,300,0,-10.1716358,-48.901756,3,https://raw.githubusercontent.com/LGRSV/vera-vegetacao/main/fotos/Enecol-Centro/VER20260714165542344723378F1.jpg,https://raw.githubusercontent.com/LGRSV/vera-vegetacao/main/fotos/Enecol-Centro/VER20260714165542344723378F2.jpg,https://raw.githubusercontent.com/LGRSV/vera-vegetacao/main/fotos/Enecol-Centro/VER20260714165542344723378F3.jpg,,V20260714165542344723378
803,V0088,SE Paraíso I,CENTRO,LD,LD02062013,14/07/2026,16:56,Outros,604254,URBANO,6,50,Sim,300,300,0,-10.1715364,-48.9017529,0,,,,,V20260724095045730921672
804,V0088,SE Paraíso I,CENTRO,LD,LD02062013,14/07/2026,16:56,Outros,604254,URBANO,6,50,Sim,300,300,0,-10.1715364,-48.9017529,3,https://raw.githubusercontent.com/LGRSV/vera-vegetacao/main/fotos/Enecol-Centro/VER20260714165644805495933F1.jpg,https://raw.githubusercontent.com/LGRSV/vera-vegetacao/main/fotos/Enecol-Centro/VER20260714165644805495933F2.jpg,https://raw.githubusercontent.com/LGRSV/vera-vegetacao/main/fotos/Enecol-Centro/VER20260714165644805495933F3.jpg,,V20260714165644805495933
805,V0089,SE Paraíso I,CENTRO,LD,LD02062013,14/07/2026,17:08,Mangueira,603554,URBANO,6.5,45,Sim,,,0,-10.1712435,-48.901821,3,https://raw.githubusercontent.com/LGRSV/vera-vegetacao/main/fotos/Enecol-Centro/VER20260714170850733601232F1.jpg,https://raw.githubusercontent.com/LGRSV/vera-vegetacao/main/fotos/Enecol-Centro/VER20260714170850733601232F2.jpg,https://raw.githubusercontent.com/LGRSV/vera-vegetacao/main/fotos/Enecol-Centro/VER20260714170850733601232F3.jpg,,V20260714170850733601232
806,V0089,SE Paraíso I,CENTRO,LD,LD02062013,14/07/2026,17:08,Mangueira,603554,URBANO,6.5,45,Sim,,,0,-10.1712435,-48.901821,0,,,,,V20260724095046358311761
807,V0090,SE Paraíso I,CENTRO,LD,LD02062013,14/07/2026,17:10,Oiti,601892,URBANO,7.5,70,Sim,,200,0,-10.1708252,-48.9020062,3,https://raw.githubusercontent.com/LGRSV/vera-vegetacao/main/fotos/Enecol-Centro/VER20260714171027020442975F1.jpg,https://raw.githubusercontent.com/LGRSV/vera-vegetacao/main/fotos/Enecol-Centro/VER20260714171027020442975F2.jpg,https://raw.githubusercontent.com/LGRSV/vera-vegetacao/main/fotos/Enecol-Centro/VER20260714171027020442975F3.jpg,,V20260714171027020442975
808,V0090,SE Paraíso I,CENTRO,LD,LD02062013,14/07/2026,17:10,Oiti,601892,URBANO,7.5,70,Sim,,200,0,-10.1708252,-48.9020062,0,,,,,V20260724095047073995732
809,V0091,SE Paraíso I,CENTRO,LD,LD02062013,14/07/2026,17:11,Oiti,601892,URBANO,9.5,70,Sim,,50,0,-10.1707292,-48.9020079,3,https://raw.githubusercontent.com/LGRSV/vera-vegetacao/main/fotos/Enecol-Centro/VER20260714171149992459030F1.jpg,https://raw.githubusercontent.com/LGRSV/vera-vegetacao/main/fotos/Enecol-Centro/VER20260714171149992459030F2.jpg,https://raw.githubusercontent.com/LGRSV/vera-vegetacao/main/fotos/Enecol-Centro/VER20260714171149992459030F3.jpg,,V20260714171149992459030
810,V0091,SE Paraíso I,CENTRO,LD,LD02062013,14/07/2026,17:11,Oiti,601892,URBANO,9.5,70,Sim,,50,0,-10.1707292,-48.9020079,0,,,,,V20260724095048004881623
811,V0092,SE Paraíso I,CENTRO,LD,LD02062013,14/07/2026,17:13,Oiti,601892,URBANO,9.5,60,Sim,,150,0,-10.1707558,-48.9019749,3,https://raw.githubusercontent.com/LGRSV/vera-vegetacao/main/fotos/Enecol-Centro/VER20260714171340666847066F1.jpg,https://raw.githubusercontent.com/LGRSV/vera-vegetacao/main/fotos/Enecol-Centro/VER20260714171340666847066F2.jpg,https://raw.githubusercontent.com/LGRSV/vera-vegetacao/main/fotos/Enecol-Centro/VER20260714171340666847066F3.jpg,,V20260714171340666847066
812,V0092,SE Paraíso I,CENTRO,LD,LD02062013,14/07/2026,17:13,Oiti,601892,URBANO,9.5,60,Sim,,150,0,-10.1707558,-48.9019749,0,,,,,V20260724095048685826264
813,V0093,SE Paraíso I,CENTRO,LD,LD02062013,14/07/2026,17:22,Oiti,601891,URBANO,4.5,30,Sim,,,0,-10.1704191,-48.902003,3,https://raw.githubusercontent.com/LGRSV/vera-vegetacao/main/fotos/Enecol-Centro/VER20260714172301367186522F1.jpg,https://raw.githubusercontent.com/LGRSV/vera-vegetacao/main/fotos/Enecol-Centro/VER20260714172301367186522F2.jpg,https://raw.githubusercontent.com/LGRSV/vera-vegetacao/main/fotos/Enecol-Centro/VER20260714172301367186522F3.jpg,,V20260714172301367186522
814,V0093,SE Paraíso I,CENTRO,LD,LD02062013,14/07/2026,17:22,Oiti,601891,URBANO,4.5,30,Sim,,,0,-10.1704191,-48.902003,0,,,,,V20260724095049354698890
815,V0094,SE Paraíso I,CENTRO,LD,LD02062013,14/07/2026,17:24,Outros,601891,URBANO,7,60,Sim,,300,0,-10.17025,-48.9020688,0,,,,,V20260724095050013559897
816,V0094,SE Paraíso I,CENTRO,LD,LD02062013,14/07/2026,17:24,Outros,601891,URBANO,7,60,Sim,,300,0,-10.17025,-48.9020688,3,https://raw.githubusercontent.com/LGRSV/vera-vegetacao/main/fotos/Enecol-Centro/VER20260714172407253228048F1.jpg,https://raw.githubusercontent.com/LGRSV/vera-vegetacao/main/fotos/Enecol-Centro/VER20260714172407253228048F2.jpg,https://raw.githubusercontent.com/LGRSV/vera-vegetacao/main/fotos/Enecol-Centro/VER20260714172407253228048F3.jpg,,V20260714172407253228048
817,V0095,SE Paraíso I,CENTRO,LD,LD02062013,14/07/2026,17:25,Oiti,602567,URBANO,8.5,65,Sim,,0,0,-10.170138,-48.9020715,3,https://raw.githubusercontent.com/LGRSV/vera-vegetacao/main/fotos/Enecol-Centro/VER20260714172511811251463F1.jpg,https://raw.githubusercontent.com/LGRSV/vera-vegetacao/main/fotos/Enecol-Centro/VER20260714172511811251463F2.jpg,https://raw.githubusercontent.com/LGRSV/vera-vegetacao/main/fotos/Enecol-Centro/VER20260714172511811251463F3.jpg,,V20260714172511811251463
818,V0095,SE Paraíso I,CENTRO,LD,LD02062013,14/07/2026,17:25,Oiti,602567,URBANO,8.5,65,Sim,,0,0,-10.170138,-48.9020715,0,,,,,V20260724095050691382357
819,V0096,SE Paraíso I,CENTRO,LD,LD02062013,14/07/2026,17:26,Oiti,602567,URBANO,8.5,60,Sim,,0,0,-10.1700339,-48.9020988,3,https://raw.githubusercontent.com/LGRSV/vera-vegetacao/main/fotos/Enecol-Centro/VER20260714172617082797668F1.jpg,https://raw.githubusercontent.com/LGRSV/vera-vegetacao/main/fotos/Enecol-Centro/VER20260714172617082797668F2.jpg,https://raw.githubusercontent.com/LGRSV/vera-vegetacao/main/fotos/Enecol-Centro/VER20260714172617082797668F3.jpg,,V20260714172617082797668
820,V0096,SE Paraíso I,CENTRO,LD,LD02062013,14/07/2026,17:26,Oiti,602567,URBANO,8.5,60,Sim,,0,0,-10.1700339,-48.9020988,0,,,,,V20260724095051410932735
821,V0097,SE Paraíso I,CENTRO,LD,LD02062013,14/07/2026,17:29,Outros,602868,URBANO,9,70,Sim,,100,0,-10.1688453,-48.9023297,3,https://raw.githubusercontent.com/LGRSV/vera-vegetacao/main/fotos/Enecol-Centro/VER20260714172924451612421F1.jpg,https://raw.githubusercontent.com/LGRSV/vera-vegetacao/main/fotos/Enecol-Centro/VER20260714172924451612421F2.jpg,https://raw.githubusercontent.com/LGRSV/vera-vegetacao/main/fotos/Enecol-Centro/VER20260714172924451612421F3.jpg,,V20260714172924451612421
822,V0097,SE Paraíso I,CENTRO,LD,LD02062013,14/07/2026,17:29,Outros,602868,URBANO,9,70,Sim,,100,0,-10.1688453,-48.9023297,0,,,,,V20260724095052075669567
823,V0098,SE Paraíso I,CENTRO,LD,LD02062013,14/07/2026,17:30,Mangueira,612986,URBANO,8,85,Sim,,250,0,-10.1687671,-48.9022584,3,https://raw.githubusercontent.com/LGRSV/vera-vegetacao/main/fotos/Enecol-Centro/VER20260714173031562052113F1.jpg,https://raw.githubusercontent.com/LGRSV/vera-vegetacao/main/fotos/Enecol-Centro/VER20260714173031562052113F2.jpg,https://raw.githubusercontent.com/LGRSV/vera-vegetacao/main/fotos/Enecol-Centro/VER20260714173031562052113F3.jpg,,V20260714173031562052113
824,V0098,SE Paraíso I,CENTRO,LD,LD02062013,14/07/2026,17:30,Mangueira,612986,URBANO,8,85,Sim,,250,0,-10.1687671,-48.9022584,0,,,,,V20260724095052966957776
825,V0099,SE Paraíso I,CENTRO,LD,LD02062013,14/07/2026,17:33,Cajueiro,613640,URBANO,5,60,Sim,,,0,-10.1671594,-48.9025036,3,https://raw.githubusercontent.com/LGRSV/vera-vegetacao/main/fotos/Enecol-Centro/VER20260714173310200663818F1.jpg,https://raw.githubusercontent.com/LGRSV/vera-vegetacao/main/fotos/Enecol-Centro/VER20260714173310200663818F2.jpg,https://raw.githubusercontent.com/LGRSV/vera-vegetacao/main/fotos/Enecol-Centro/VER20260714173310200663818F3.jpg,,V20260714173310200663818
826,V0099,SE Paraíso I,CENTRO,LD,LD02062013,14/07/2026,17:33,Cajueiro,613640,URBANO,5,60,Sim,,,0,-10.1671594,-48.9025036,0,,,,,V20260724095053632087153
827,V0100,SE Paraíso I,CENTRO,LD,LD04062013,14/07/2026,17:36,Mamão,608242,URBANO,6,30,Sim,,,0,-10.1654667,-48.9027183,3,https://raw.githubusercontent.com/LGRSV/vera-vegetacao/main/fotos/Enecol-Centro/VER20260714173622632928752F1.jpg,https://raw.githubusercontent.com/LGRSV/vera-vegetacao/main/fotos/Enecol-Centro/VER20260714173622632928752F2.jpg,https://raw.githubusercontent.com/LGRSV/vera-vegetacao/main/fotos/Enecol-Centro/VER20260714173622632928752F3.jpg,,V20260714173622632928752
828,V0100,SE Paraíso I,CENTRO,LD,LD04062013,14/07/2026,17:36,Mamão,608242,URBANO,6,30,Sim,,,0,-10.1654667,-48.9027183,0,,,,,V20260724095054297961419
829,V0101,SE Paraíso I,CENTRO,LD,LD04062013,14/07/2026,17:38,Mangueira,608242,URBANO,6.5,55,Sim,150,250,0,-10.1656117,-48.9027967,0,,,,,V20260724095054960846156
830,V0101,SE Paraíso I,CENTRO,LD,LD04062013,14/07/2026,17:38,Mangueira,608242,URBANO,6.5,55,Sim,150,250,0,-10.1656117,-48.9027967,3,https://raw.githubusercontent.com/LGRSV/vera-vegetacao/main/fotos/Enecol-Centro/VER20260714173804716835824F1.jpg,https://raw.githubusercontent.com/LGRSV/vera-vegetacao/main/fotos/Enecol-Centro/VER20260714173804716835824F2.jpg,https://raw.githubusercontent.com/LGRSV/vera-vegetacao/main/fotos/Enecol-Centro/VER20260714173804716835824F3.jpg,,V20260714173804716835824
831,V0102,SE Paraíso I,CENTRO,LD,LD02062013,14/07/2026,17:39,Oiti,609614,URBANO,5,60,Sim,300,300,0,-10.1658933,-48.9028067,0,,,,,V20260724095055613364367
832,V0102,SE Paraíso I,CENTRO,LD,LD02062013,14/07/2026,17:39,Oiti,609614,URBANO,5,60,Sim,300,300,0,-10.1658933,-48.9028067,3,https://raw.githubusercontent.com/LGRSV/vera-vegetacao/main/fotos/Enecol-Centro/VER20260714173946857172675F1.jpg,https://raw.githubusercontent.com/LGRSV/vera-vegetacao/main/fotos/Enecol-Centro/VER20260714173946857172675F2.jpg,https://raw.githubusercontent.com/LGRSV/vera-vegetacao/main/fotos/Enecol-Centro/VER20260714173946857172675F3.jpg,,V20260714173946857172675
833,V0103,SE Paraíso I,CENTRO,LD,LD04062013,14/07/2026,17:44,Mangueira,1435912,URBANO,7.5,65,Sim,250,300,0,-10.16716,-48.9027567,0,,,,,V20260724095056266917446
834,V0103,SE Paraíso I,CENTRO,LD,LD04062013,14/07/2026,17:44,Mangueira,1435912,URBANO,7.5,65,Sim,250,300,0,-10.16716,-48.9027567,3,https://raw.githubusercontent.com/LGRSV/vera-vegetacao/main/fotos/Enecol-Centro/VER20260714174422886902738F1.jpg,https://raw.githubusercontent.com/LGRSV/vera-vegetacao/main/fotos/Enecol-Centro/VER20260714174422886902738F2.jpg,https://raw.githubusercontent.com/LGRSV/vera-vegetacao/main/fotos/Enecol-Centro/VER20260714174422886902738F3.jpg,,V20260714174422886902738
835,V0104,SE Paraíso I,CENTRO,LD,LD02062013,14/07/2026,17:45,Babaçu,613640,URBANO,9,60,Sim,250,100,0,-10.1673333,-48.9026067,3,https://raw.githubusercontent.com/LGRSV/vera-vegetacao/main/fotos/Enecol-Centro/VER20260714174547343584746F1.jpg,https://raw.githubusercontent.com/LGRSV/vera-vegetacao/main/fotos/Enecol-Centro/VER20260714174547343584746F2.jpg,https://raw.githubusercontent.com/LGRSV/vera-vegetacao/main/fotos/Enecol-Centro/VER20260714174547343584746F3.jpg,,V20260714174547343584746
836,V0104,SE Paraíso I,CENTRO,LD,LD02062013,14/07/2026,17:45,Babaçu,613640,URBANO,9,60,Sim,250,100,0,-10.1673333,-48.9026067,0,,,,,V20260724095056921854450
837,V0105,SE Paraíso I,CENTRO,LD,LD04062013,14/07/2026,17:46,Babaçu,613639,URBANO,9,55,Sim,150,100,0,-10.1672433,-48.902615,0,,,,,V20260724095057585392273
838,V0105,SE Paraíso I,CENTRO,LD,LD04062013,14/07/2026,17:46,Babaçu,613639,URBANO,9,55,Sim,150,100,0,-10.1672433,-48.902615,3,https://raw.githubusercontent.com/LGRSV/vera-vegetacao/main/fotos/Enecol-Centro/VER20260714174656312335762F1.jpg,https://raw.githubusercontent.com/LGRSV/vera-vegetacao/main/fotos/Enecol-Centro/VER20260714174656312335762F2.jpg,https://raw.githubusercontent.com/LGRSV/vera-vegetacao/main/fotos/Enecol-Centro/VER20260714174656312335762F3.jpg,,V20260714174656312335762
839,V0106,SE Paraíso I,CENTRO,LD,LD04062013,14/07/2026,17:48,Babaçu,613641,URBANO,9,60,Sim,150,100,0,-10.167175,-48.90265,0,,,,,V20260724095058271847348
840,V0106,SE Paraíso I,CENTRO,LD,LD04062013,14/07/2026,17:48,Babaçu,613641,URBANO,9,60,Sim,150,100,0,-10.167175,-48.90265,3,https://raw.githubusercontent.com/LGRSV/vera-vegetacao/main/fotos/Enecol-Centro/VER20260714174803811471901F1.jpg,https://raw.githubusercontent.com/LGRSV/vera-vegetacao/main/fotos/Enecol-Centro/VER20260714174803811471901F2.jpg,https://raw.githubusercontent.com/LGRSV/vera-vegetacao/main/fotos/Enecol-Centro/VER20260714174803811471901F3.jpg,,V20260714174803811471901
841,V0107,SE Paraíso I,CENTRO,LD,LD02062013,15/07/2026,08:45,Oiti,604547,URBANO,,20,Sim,,,0,-10.1498911,-48.8965576,0,,,,,V20260724095058955130119
842,V0107,SE Paraíso I,CENTRO,LD,LD02062013,15/07/2026,08:45,Oiti,604547,URBANO,,20,Sim,,,0,-10.1498911,-48.8965576,3,https://raw.githubusercontent.com/LGRSV/vera-vegetacao/main/fotos/Enecol-Centro/VER20260715084557117210331F1.jpg,https://raw.githubusercontent.com/LGRSV/vera-vegetacao/main/fotos/Enecol-Centro/VER20260715084557117210331F2.jpg,https://raw.githubusercontent.com/LGRSV/vera-vegetacao/main/fotos/Enecol-Centro/VER20260715084557117210331F3.jpg,,V20260715084557117210331
843,V0108,SE Paraíso I,CENTRO,LD,LD02062013,15/07/2026,09:19,Cajueiro,606175,URBANO,8,50,Não,,300,0,-10.1593046,-48.900136,3,https://raw.githubusercontent.com/LGRSV/vera-vegetacao/main/fotos/Enecol-Centro/VER20260715091958217936899F1.jpg,https://raw.githubusercontent.com/LGRSV/vera-vegetacao/main/fotos/Enecol-Centro/VER20260715091958217936899F2.jpg,https://raw.githubusercontent.com/LGRSV/vera-vegetacao/main/fotos/Enecol-Centro/VER20260715091958217936899F3.jpg,,V20260715091958217936899
844,V0108,SE Paraíso I,CENTRO,LD,LD02062013,15/07/2026,09:19,Cajueiro,606175,URBANO,8,50,Não,,300,0,-10.1593046,-48.900136,0,,,,,V20260724095059593441615
845,V0109,SE Paraíso I,CENTRO,LD,LD04062013,15/07/2026,09:29,Limão,599572,URBANO,4.5,25,Sim,,,0,-10.1713574,-48.9020325,0,,,,,V20260724095100471514255
846,V0109,SE Paraíso I,CENTRO,LD,LD04062013,15/07/2026,09:29,Limão,599572,URBANO,4.5,25,Sim,,,0,-10.1713574,-48.9020325,3,https://raw.githubusercontent.com/LGRSV/vera-vegetacao/main/fotos/Enecol-Centro/VER20260715092951630817901F1.jpg,https://raw.githubusercontent.com/LGRSV/vera-vegetacao/main/fotos/Enecol-Centro/VER20260715092951630817901F2.jpg,https://raw.githubusercontent.com/LGRSV/vera-vegetacao/main/fotos/Enecol-Centro/VER20260715092951630817901F3.jpg,,V20260715092951630817901
847,V0110,SE Paraíso I,CENTRO,LD,LD02062013,15/07/2026,09:31,Cajueiro,603554,URBANO,8,70,Sim,50,300,0,-10.1715733,-48.90203,3,https://raw.githubusercontent.com/LGRSV/vera-vegetacao/main/fotos/Enecol-Centro/VER20260715093108963478818F1.jpg,https://raw.githubusercontent.com/LGRSV/vera-vegetacao/main/fotos/Enecol-Centro/VER20260715093108963478818F2.jpg,https://raw.githubusercontent.com/LGRSV/vera-vegetacao/main/fotos/Enecol-Centro/VER20260715093108963478818F3.jpg,,V20260715093108963478818
848,V0110,SE Paraíso I,CENTRO,LD,LD02062013,15/07/2026,09:31,Cajueiro,603554,URBANO,8,70,Sim,50,300,0,-10.1715733,-48.90203,0,,,,,V20260724095101111188058
849,V0111,SE Paraíso I,CENTRO,AL,AL05062013,15/07/2026,09:32,Oiti,1696607,URBANO,4.5,40,Sim,300,300,0,-10.1718367,-48.9019483,3,https://raw.githubusercontent.com/LGRSV/vera-vegetacao/main/fotos/Enecol-Centro/VER20260715093226189423371F1.jpg,https://raw.githubusercontent.com/LGRSV/vera-vegetacao/main/fotos/Enecol-Centro/VER20260715093226189423371F2.jpg,https://raw.githubusercontent.com/LGRSV/vera-vegetacao/main/fotos/Enecol-Centro/VER20260715093226189423371F3.jpg,,V20260715093226189423371
850,V0111,SE Paraíso I,CENTRO,AL,AL05062013,15/07/2026,09:32,Oiti,1696607,URBANO,4.5,40,Sim,300,300,0,-10.1718367,-48.9019483,0,,,,,V20260724095101786098586
851,V0112,SE Paraíso I,CENTRO,LD,LD04062013,15/07/2026,09:35,Outros,630420,URBANO,7.5,55,Sim,0,300,0,-10.17268,-48.9018633,0,,,,,V20260724095102425078645
852,V0112,SE Paraíso I,CENTRO,LD,LD04062013,15/07/2026,09:35,Outros,630420,URBANO,7.5,55,Sim,0,300,0,-10.17268,-48.9018633,3,https://raw.githubusercontent.com/LGRSV/vera-vegetacao/main/fotos/Enecol-Centro/VER20260715093548795814515F1.jpg,https://raw.githubusercontent.com/LGRSV/vera-vegetacao/main/fotos/Enecol-Centro/VER20260715093548795814515F2.jpg,https://raw.githubusercontent.com/LGRSV/vera-vegetacao/main/fotos/Enecol-Centro/VER20260715093548795814515F3.jpg,,V20260715093548795814515
853,V0113,SE Paraíso I,CENTRO,LD,LD04062013,15/07/2026,09:37,Outros,630420,URBANO,7,40,Sim,50,300,0,-10.1730333,-48.9017717,0,,,,,V20260724095103083371389
854,V0113,SE Paraíso I,CENTRO,LD,LD04062013,15/07/2026,09:37,Outros,630420,URBANO,7,40,Sim,50,300,0,-10.1730333,-48.9017717,3,https://raw.githubusercontent.com/LGRSV/vera-vegetacao/main/fotos/Enecol-Centro/VER20260715093703688170957F1.jpg,https://raw.githubusercontent.com/LGRSV/vera-vegetacao/main/fotos/Enecol-Centro/VER20260715093703688170957F2.jpg,https://raw.githubusercontent.com/LGRSV/vera-vegetacao/main/fotos/Enecol-Centro/VER20260715093703688170957F3.jpg,,V20260715093703688170957
855,V0114,SE Paraíso I,CENTRO,AL,AL05062013,15/07/2026,09:38,Oiti,1681665,URBANO,9.5,75,Sim,300,300,0,-10.1732025,-48.9018309,0,,,,,V20260724095103734872057
856,V0114,SE Paraíso I,CENTRO,AL,AL05062013,15/07/2026,09:38,Oiti,1681665,URBANO,9.5,75,Sim,300,300,0,-10.1732025,-48.9018309,3,https://raw.githubusercontent.com/LGRSV/vera-vegetacao/main/fotos/Enecol-Centro/VER20260715093820489029789F1.jpg,https://raw.githubusercontent.com/LGRSV/vera-vegetacao/main/fotos/Enecol-Centro/VER20260715093820489029789F2.jpg,https://raw.githubusercontent.com/LGRSV/vera-vegetacao/main/fotos/Enecol-Centro/VER20260715093820489029789F3.jpg,,V20260715093820489029789
857,V0115,SE Paraíso I,CENTRO,LD,LD04062013,15/07/2026,09:43,Oiti,602556,URBANO,8,75,Sim,0,250,0,-10.1736256,-48.9015299,0,,,,,V20260724095104600003593
858,V0115,SE Paraíso I,CENTRO,LD,LD04062013,15/07/2026,09:43,Oiti,602556,URBANO,8,75,Sim,0,250,0,-10.1736256,-48.9015299,3,https://raw.githubusercontent.com/LGRSV/vera-vegetacao/main/fotos/Enecol-Centro/VER20260715094351336479644F1.jpg,https://raw.githubusercontent.com/LGRSV/vera-vegetacao/main/fotos/Enecol-Centro/VER20260715094351336479644F2.jpg,https://raw.githubusercontent.com/LGRSV/vera-vegetacao/main/fotos/Enecol-Centro/VER20260715094351336479644F3.jpg,,V20260715094351336479644
859,V0116,SE Paraíso I,CENTRO,LD,LD04062013,15/07/2026,09:45,Oiti,629746,URBANO,11,80,Sim,0,100,0,-10.1740958,-48.9013594,0,,,,,V20260724095105257713312
860,V0116,SE Paraíso I,CENTRO,LD,LD04062013,15/07/2026,09:45,Oiti,629746,URBANO,11,80,Sim,0,100,0,-10.1740958,-48.9013594,3,https://raw.githubusercontent.com/LGRSV/vera-vegetacao/main/fotos/Enecol-Centro/VER20260715094534602159719F1.jpg,https://raw.githubusercontent.com/LGRSV/vera-vegetacao/main/fotos/Enecol-Centro/VER20260715094534602159719F2.jpg,https://raw.githubusercontent.com/LGRSV/vera-vegetacao/main/fotos/Enecol-Centro/VER20260715094534602159719F3.jpg,,V20260715094534602159719
861,V0117,SE Paraíso I,CENTRO,LD,LD04062013,15/07/2026,09:46,Oiti,629746,URBANO,8,65,Sim,50,300,0,-10.1740866,-48.9012497,0,,,,,V20260724095105900808567
862,V0117,SE Paraíso I,CENTRO,LD,LD04062013,15/07/2026,09:46,Oiti,629746,URBANO,8,65,Sim,50,300,0,-10.1740866,-48.9012497,3,https://raw.githubusercontent.com/LGRSV/vera-vegetacao/main/fotos/Enecol-Centro/VER20260715094639133924380F1.jpg,https://raw.githubusercontent.com/LGRSV/vera-vegetacao/main/fotos/Enecol-Centro/VER20260715094639133924380F2.jpg,https://raw.githubusercontent.com/LGRSV/vera-vegetacao/main/fotos/Enecol-Centro/VER20260715094639133924380F3.jpg,,V20260715094639133924380
863,V0118,SE Paraíso I,CENTRO,LD,LD04062013,15/07/2026,09:47,Babaçu,629746,URBANO,5.5,40,Sim,,,0,-10.1741426,-48.9012223,0,,,,,V20260724095106550912765
864,V0118,SE Paraíso I,CENTRO,LD,LD04062013,15/07/2026,09:47,Babaçu,629746,URBANO,5.5,40,Sim,,,0,-10.1741426,-48.9012223,3,https://raw.githubusercontent.com/LGRSV/vera-vegetacao/main/fotos/Enecol-Centro/VER20260715094733437400229F1.jpg,https://raw.githubusercontent.com/LGRSV/vera-vegetacao/main/fotos/Enecol-Centro/VER20260715094733437400229F2.jpg,https://raw.githubusercontent.com/LGRSV/vera-vegetacao/main/fotos/Enecol-Centro/VER20260715094733437400229F3.jpg,,V20260715094733437400229
865,V0119,SE Paraíso I,CENTRO,AL,AL05062013,15/07/2026,09:48,Coqueiro,1697195,URBANO,9.5,70,Sim,,150,0,-10.1741042,-48.9012139,0,,,,,V20260724095107267894731
866,V0119,SE Paraíso I,CENTRO,AL,AL05062013,15/07/2026,09:48,Coqueiro,1697195,URBANO,9.5,70,Sim,,150,0,-10.1741042,-48.9012139,3,https://raw.githubusercontent.com/LGRSV/vera-vegetacao/main/fotos/Enecol-Centro/VER20260715094841082670170F1.jpg,https://raw.githubusercontent.com/LGRSV/vera-vegetacao/main/fotos/Enecol-Centro/VER20260715094841082670170F2.jpg,https://raw.githubusercontent.com/LGRSV/vera-vegetacao/main/fotos/Enecol-Centro/VER20260715094841082670170F3.jpg,,V20260715094841082670170
867,V0120,SE Paraíso I,CENTRO,AL,AL05062013,15/07/2026,10:02,Oiti,1455631,URBANO,7.5,80,Sim,,300,0,-10.1797417,-48.8971149,0,,,,,V20260724095107926471043
868,V0120,SE Paraíso I,CENTRO,AL,AL05062013,15/07/2026,10:02,Oiti,1455631,URBANO,7.5,80,Sim,,300,0,-10.1797417,-48.8971149,3,https://raw.githubusercontent.com/LGRSV/vera-vegetacao/main/fotos/Enecol-Centro/VER20260715100202836550726F1.jpg,https://raw.githubusercontent.com/LGRSV/vera-vegetacao/main/fotos/Enecol-Centro/VER20260715100202836550726F2.jpg,https://raw.githubusercontent.com/LGRSV/vera-vegetacao/main/fotos/Enecol-Centro/VER20260715100202836550726F3.jpg,,V20260715100202836550726
869,V0121,SE Paraíso I,CENTRO,AL,AL02062013,15/07/2026,10:03,Oiti,649807,URBANO,10,100,Sim,,300,0,-10.1798833,-48.8970655,3,https://raw.githubusercontent.com/LGRSV/vera-vegetacao/main/fotos/Enecol-Centro/VER20260715100309426026264F1.jpg,https://raw.githubusercontent.com/LGRSV/vera-vegetacao/main/fotos/Enecol-Centro/VER20260715100309426026264F2.jpg,https://raw.githubusercontent.com/LGRSV/vera-vegetacao/main/fotos/Enecol-Centro/VER20260715100309426026264F3.jpg,,V20260715100309426026264
870,V0121,SE Paraíso I,CENTRO,AL,AL02062013,15/07/2026,10:03,Oiti,649807,URBANO,10,100,Sim,,300,0,-10.1798833,-48.8970655,0,,,,,V20260724095108595101629
871,V0122,SE Paraíso I,CENTRO,AL,AL02062013,15/07/2026,10:04,Oiti,598497,URBANO,10,80,Sim,,300,0,-10.1800113,-48.8969273,3,https://raw.githubusercontent.com/LGRSV/vera-vegetacao/main/fotos/Enecol-Centro/VER20260715100421991214924F1.jpg,https://raw.githubusercontent.com/LGRSV/vera-vegetacao/main/fotos/Enecol-Centro/VER20260715100421991214924F2.jpg,https://raw.githubusercontent.com/LGRSV/vera-vegetacao/main/fotos/Enecol-Centro/VER20260715100421991214924F3.jpg,,V20260715100421991214924
872,V0122,SE Paraíso I,CENTRO,AL,AL02062013,15/07/2026,10:04,Oiti,598497,URBANO,10,80,Sim,,300,0,-10.1800113,-48.8969273,0,,,,,V20260724095109268354298
873,V0123,SE Paraíso I,CENTRO,AL,AL02062013,15/07/2026,10:05,Oiti,598497,URBANO,8,80,Sim,,300,0,-10.1801247,-48.896929,3,https://raw.githubusercontent.com/LGRSV/vera-vegetacao/main/fotos/Enecol-Centro/VER20260715100522655968881F1.jpg,https://raw.githubusercontent.com/LGRSV/vera-vegetacao/main/fotos/Enecol-Centro/VER20260715100522655968881F2.jpg,https://raw.githubusercontent.com/LGRSV/vera-vegetacao/main/fotos/Enecol-Centro/VER20260715100522655968881F3.jpg,,V20260715100522655968881
874,V0123,SE Paraíso I,CENTRO,AL,AL02062013,15/07/2026,10:05,Oiti,598497,URBANO,8,80,Sim,,300,0,-10.1801247,-48.896929,0,,,,,V20260724095109950947059
875,V0124,SE Paraíso I,CENTRO,AL,AL02062013,15/07/2026,10:06,Oiti,598497,URBANO,7,75,Sim,,300,0,-10.1802189,-48.8968919,0,,,,,V20260724095110624744068
876,V0124,SE Paraíso I,CENTRO,AL,AL02062013,15/07/2026,10:06,Oiti,598497,URBANO,7,75,Sim,,300,0,-10.1802189,-48.8968919,3,https://raw.githubusercontent.com/LGRSV/vera-vegetacao/main/fotos/Enecol-Centro/VER20260715100624317933987F1.jpg,https://raw.githubusercontent.com/LGRSV/vera-vegetacao/main/fotos/Enecol-Centro/VER20260715100624317933987F2.jpg,https://raw.githubusercontent.com/LGRSV/vera-vegetacao/main/fotos/Enecol-Centro/VER20260715100624317933987F3.jpg,,V20260715100624317933987
877,V0125,SE Paraíso I,CENTRO,AL,AL02062013,15/07/2026,10:07,Oiti,601563,URBANO,7,75,Sim,,300,0,-10.1802655,-48.8968683,3,https://raw.githubusercontent.com/LGRSV/vera-vegetacao/main/fotos/Enecol-Centro/VER20260715100724163182752F1.jpg,https://raw.githubusercontent.com/LGRSV/vera-vegetacao/main/fotos/Enecol-Centro/VER20260715100724163182752F2.jpg,https://raw.githubusercontent.com/LGRSV/vera-vegetacao/main/fotos/Enecol-Centro/VER20260715100724163182752F3.jpg,,V20260715100724163182752
878,V0125,SE Paraíso I,CENTRO,AL,AL02062013,15/07/2026,10:07,Oiti,601563,URBANO,7,75,Sim,,300,0,-10.1802655,-48.8968683,0,,,,,V20260724095111305931749
879,V0126,SE Paraíso I,CENTRO,AL,AL02062013,15/07/2026,10:12,Ipê,592260,URBANO,11,120,Sim,,300,0,-10.1812168,-48.8963656,0,,,,,V20260724095111996387229
880,V0126,SE Paraíso I,CENTRO,AL,AL02062013,15/07/2026,10:12,Ipê,592260,URBANO,11,120,Sim,,300,0,-10.1812168,-48.8963656,3,https://raw.githubusercontent.com/LGRSV/vera-vegetacao/main/fotos/Enecol-Centro/VER20260715101202463145941F1.jpg,https://raw.githubusercontent.com/LGRSV/vera-vegetacao/main/fotos/Enecol-Centro/VER20260715101202463145941F2.jpg,https://raw.githubusercontent.com/LGRSV/vera-vegetacao/main/fotos/Enecol-Centro/VER20260715101202463145941F3.jpg,,V20260715101202463145941
881,V0127,SE Paraíso I,CENTRO,AL,AL02062013,15/07/2026,10:14,Coqueiro,595176,URBANO,12,50,Sim,300,300,0,-10.1820299,-48.8958502,3,https://raw.githubusercontent.com/LGRSV/vera-vegetacao/main/fotos/Enecol-Centro/VER20260715101426268040601F1.jpg,https://raw.githubusercontent.com/LGRSV/vera-vegetacao/main/fotos/Enecol-Centro/VER20260715101426268040601F2.jpg,https://raw.githubusercontent.com/LGRSV/vera-vegetacao/main/fotos/Enecol-Centro/VER20260715101426268040601F3.jpg,,V20260715101426268040601
882,V0127,SE Paraíso I,CENTRO,AL,AL02062013,15/07/2026,10:14,Coqueiro,595176,URBANO,12,50,Sim,300,300,0,-10.1820299,-48.8958502,0,,,,,V20260724095112610669405
883,V0128,SE Paraíso I,CENTRO,AL,AL02062013,15/07/2026,10:17,Outros,1681278,URBANO,3.5,25,Sim,,,0,-10.1827883,-48.8954783,3,https://raw.githubusercontent.com/LGRSV/vera-vegetacao/main/fotos/Enecol-Centro/VER20260715101706905341671F1.jpg,https://raw.githubusercontent.com/LGRSV/vera-vegetacao/main/fotos/Enecol-Centro/VER20260715101706905341671F2.jpg,https://raw.githubusercontent.com/LGRSV/vera-vegetacao/main/fotos/Enecol-Centro/VER20260715101706905341671F3.jpg,,V20260715101706905341671
884,V0128,SE Paraíso I,CENTRO,AL,AL02062013,15/07/2026,10:17,Outros,1681278,URBANO,3.5,25,Sim,,,0,-10.1827883,-48.8954783,0,,,,,V20260724095113262979148
885,V0129,SE Paraíso I,CENTRO,AL,AL02062013,15/07/2026,10:21,Outros,599970,URBANO,6,50,Sim,,300,0,-10.183439,-48.8956025,0,,,,,V20260724095114160892889
886,V0129,SE Paraíso I,CENTRO,AL,AL02062013,15/07/2026,10:21,Outros,599970,URBANO,6,50,Sim,,300,0,-10.183439,-48.8956025,3,https://raw.githubusercontent.com/LGRSV/vera-vegetacao/main/fotos/Enecol-Centro/VER20260715102134234955124F1.jpg,https://raw.githubusercontent.com/LGRSV/vera-vegetacao/main/fotos/Enecol-Centro/VER20260715102134234955124F2.jpg,https://raw.githubusercontent.com/LGRSV/vera-vegetacao/main/fotos/Enecol-Centro/VER20260715102134234955124F3.jpg,,V20260715102134234955124
887,V0130,SE Paraíso I,CENTRO,AL,AL02062013,15/07/2026,10:23,Mangueira,603241,URBANO,10,70,Sim,,100,0,-10.183525,-48.8957153,0,,,,,V20260724095114824432885
888,V0130,SE Paraíso I,CENTRO,AL,AL02062013,15/07/2026,10:23,Mangueira,603241,URBANO,10,70,Sim,,100,0,-10.183525,-48.8957153,3,https://raw.githubusercontent.com/LGRSV/vera-vegetacao/main/fotos/Enecol-Centro/VER20260715102302657552865F1.jpg,https://raw.githubusercontent.com/LGRSV/vera-vegetacao/main/fotos/Enecol-Centro/VER20260715102302657552865F2.jpg,https://raw.githubusercontent.com/LGRSV/vera-vegetacao/main/fotos/Enecol-Centro/VER20260715102302657552865F3.jpg,,V20260715102302657552865
889,V0131,SE Paraíso I,CENTRO,AL,AL02062013,15/07/2026,10:25,Jatobá,600650,URBANO,14,120,Sim,,50,0,-10.1837346,-48.8951381,0,,,,,V20260724095115528262882
890,V0131,SE Paraíso I,CENTRO,AL,AL02062013,15/07/2026,10:25,Jatobá,600650,URBANO,14,120,Sim,,50,0,-10.1837346,-48.8951381,3,https://raw.githubusercontent.com/LGRSV/vera-vegetacao/main/fotos/Enecol-Centro/VER20260715102516127136861F1.jpg,https://raw.githubusercontent.com/LGRSV/vera-vegetacao/main/fotos/Enecol-Centro/VER20260715102516127136861F2.jpg,https://raw.githubusercontent.com/LGRSV/vera-vegetacao/main/fotos/Enecol-Centro/VER20260715102516127136861F3.jpg,,V20260715102516127136861
891,V0132,SE Paraíso I,CENTRO,LD,LD01062013,15/07/2026,10:31,Outros,603230,URBANO,5,60,Sim,,300,0,-10.1843515,-48.894868,0,,,,,V20260724095116254879580
892,V0132,SE Paraíso I,CENTRO,LD,LD01062013,15/07/2026,10:31,Outros,603230,URBANO,5,60,Sim,,300,0,-10.1843515,-48.894868,3,https://raw.githubusercontent.com/LGRSV/vera-vegetacao/main/fotos/Enecol-Centro/VER20260715103120444752896F1.jpg,https://raw.githubusercontent.com/LGRSV/vera-vegetacao/main/fotos/Enecol-Centro/VER20260715103120444752896F2.jpg,https://raw.githubusercontent.com/LGRSV/vera-vegetacao/main/fotos/Enecol-Centro/VER20260715103120444752896F3.jpg,,V20260715103120444752896
893,V0133,SE Paraíso I,CENTRO,AL,AL02062013,15/07/2026,10:32,Outros,30143880,URBANO,10,85,Sim,,50,0,-10.1845355,-48.8947648,3,https://raw.githubusercontent.com/LGRSV/vera-vegetacao/main/fotos/Enecol-Centro/VER20260715103223544262710F1.jpg,https://raw.githubusercontent.com/LGRSV/vera-vegetacao/main/fotos/Enecol-Centro/VER20260715103223544262710F2.jpg,https://raw.githubusercontent.com/LGRSV/vera-vegetacao/main/fotos/Enecol-Centro/VER20260715103223544262710F3.jpg,,V20260715103223544262710
894,V0133,SE Paraíso I,CENTRO,AL,AL02062013,15/07/2026,10:32,Outros,30143880,URBANO,10,85,Sim,,50,0,-10.1845355,-48.8947648,0,,,,,V20260724095116948701728
895,V0134,SE Paraíso I,CENTRO,LD,LD01062013,15/07/2026,10:34,Outros,603230,URBANO,3.5,15,Sim,,,0,-10.184584,-48.8947221,0,,,,,V20260724095117682301816
896,V0134,SE Paraíso I,CENTRO,LD,LD01062013,15/07/2026,10:34,Outros,603230,URBANO,3.5,15,Sim,,,0,-10.184584,-48.8947221,3,https://raw.githubusercontent.com/LGRSV/vera-vegetacao/main/fotos/Enecol-Centro/VER20260715103411280599460F1.jpg,https://raw.githubusercontent.com/LGRSV/vera-vegetacao/main/fotos/Enecol-Centro/VER20260715103411280599460F2.jpg,https://raw.githubusercontent.com/LGRSV/vera-vegetacao/main/fotos/Enecol-Centro/VER20260715103411280599460F3.jpg,,V20260715103411280599460
897,V0135,SE Paraíso I,CENTRO,LD,LD01062013,15/07/2026,10:41,Outros,598859,URBANO,11,100,Sim,,0,0,-10.1850035,-48.8945057,0,,,,,V20260724095118349190896
898,V0135,SE Paraíso I,CENTRO,LD,LD01062013,15/07/2026,10:41,Outros,598859,URBANO,11,100,Sim,,0,0,-10.1850035,-48.8945057,3,https://raw.githubusercontent.com/LGRSV/vera-vegetacao/main/fotos/Enecol-Centro/VER20260715104130068266856F1.jpg,https://raw.githubusercontent.com/LGRSV/vera-vegetacao/main/fotos/Enecol-Centro/VER20260715104130068266856F2.jpg,https://raw.githubusercontent.com/LGRSV/vera-vegetacao/main/fotos/Enecol-Centro/VER20260715104130068266856F3.jpg,,V20260715104130068266856
899,V0136,SE Paraíso I,CENTRO,LD,LD01062013,15/07/2026,10:42,Outros,598859,URBANO,7.5,45,Sim,,250,0,-10.1850824,-48.894407,3,https://raw.githubusercontent.com/LGRSV/vera-vegetacao/main/fotos/Enecol-Centro/VER20260715104239786774748F1.jpg,https://raw.githubusercontent.com/LGRSV/vera-vegetacao/main/fotos/Enecol-Centro/VER20260715104239786774748F2.jpg,https://raw.githubusercontent.com/LGRSV/vera-vegetacao/main/fotos/Enecol-Centro/VER20260715104239786774748F3.jpg,,V20260715104239786774748
900,V0136,SE Paraíso I,CENTRO,LD,LD01062013,15/07/2026,10:42,Outros,598859,URBANO,7.5,45,Sim,,250,0,-10.1850824,-48.894407,0,,,,,V20260724095118998017415
901,V0136,SE Paraíso I,CENTRO,LD,LD01062013,15/07/2026,10:42,Outros,598859,URBANO,7.5,45,Sim,,250,0,-10.1850824,-48.894407,0,,,,,V20260724104322902457340
902,V0137,SE Paraíso I,CENTRO,AL,AL02062013,15/07/2026,10:43,Outros,598860,URBANO,8,40,Sim,,200,0,-10.1851642,-48.8943859,0,,,,,V20260724104325245567566
903,V0137,SE Paraíso I,CENTRO,AL,AL02062013,15/07/2026,10:43,Outros,598860,URBANO,8,40,Sim,,200,0,-10.1851642,-48.8943859,3,https://raw.githubusercontent.com/LGRSV/vera-vegetacao/main/fotos/Enecol-Centro/VER20260715104339561842692F1.jpg,https://raw.githubusercontent.com/LGRSV/vera-vegetacao/main/fotos/Enecol-Centro/VER20260715104339561842692F2.jpg,https://raw.githubusercontent.com/LGRSV/vera-vegetacao/main/fotos/Enecol-Centro/VER20260715104339561842692F3.jpg,,V20260715104339561842692
904,V0138,SE Paraíso I,CENTRO,AL,AL02062013,15/07/2026,10:48,Outros,598860,URBANO,8,65,Sim,,200,0,-10.1866992,-48.8934027,3,https://raw.githubusercontent.com/LGRSV/vera-vegetacao/main/fotos/Enecol-Centro/VER20260715104832817307917F1.jpg,https://raw.githubusercontent.com/LGRSV/vera-vegetacao/main/fotos/Enecol-Centro/VER20260715104832817307917F2.jpg,https://raw.githubusercontent.com/LGRSV/vera-vegetacao/main/fotos/Enecol-Centro/VER20260715104832817307917F3.jpg,,V20260715104832817307917
905,V0138,SE Paraíso I,CENTRO,AL,AL02062013,15/07/2026,10:48,Outros,598860,URBANO,8,65,Sim,,200,0,-10.1866992,-48.8934027,0,,,,,V20260724104327373318901
906,V0139,SE Paraíso I,CENTRO,AL,AL03062013,15/07/2026,10:57,Outros,31449862,URBANO,10,90,Sim,,100,0,-10.1859575,-48.8940065,3,https://raw.githubusercontent.com/LGRSV/vera-vegetacao/main/fotos/Enecol-Centro/VER20260715105755025753359F1.jpg,https://raw.githubusercontent.com/LGRSV/vera-vegetacao/main/fotos/Enecol-Centro/VER20260715105755025753359F2.jpg,https://raw.githubusercontent.com/LGRSV/vera-vegetacao/main/fotos/Enecol-Centro/VER20260715105755025753359F3.jpg,,V20260715105755025753359
907,V0139,SE Paraíso I,CENTRO,AL,AL03062013,15/07/2026,10:57,Outros,31449862,URBANO,10,90,Sim,,100,0,-10.1859575,-48.8940065,0,,,,,V20260724104328919633701
908,V0140,SE Paraíso I,CENTRO,AL,AL02062013,15/07/2026,10:59,Outros,598876,URBANO,11,90,Sim,,250,0,-10.1862162,-48.8938612,3,https://raw.githubusercontent.com/LGRSV/vera-vegetacao/main/fotos/Enecol-Centro/VER20260715105908360024815F1.jpg,https://raw.githubusercontent.com/LGRSV/vera-vegetacao/main/fotos/Enecol-Centro/VER20260715105908360024815F2.jpg,https://raw.githubusercontent.com/LGRSV/vera-vegetacao/main/fotos/Enecol-Centro/VER20260715105908360024815F3.jpg,,V20260715105908360024815
909,V0140,SE Paraíso I,CENTRO,AL,AL02062013,15/07/2026,10:59,Outros,598876,URBANO,11,90,Sim,,250,0,-10.1862162,-48.8938612,0,,,,,V20260724104332556998827
910,V0141,SE Paraíso I,CENTRO,LD,LD01062013,15/07/2026,11:00,Outros,600672,URBANO,12,90,Sim,,0,0,-10.1863822,-48.8936638,0,,,,,V20260724104334325913123
911,V0141,SE Paraíso I,CENTRO,LD,LD01062013,15/07/2026,11:00,Outros,600672,URBANO,12,90,Sim,,0,0,-10.1863822,-48.8936638,3,https://raw.githubusercontent.com/LGRSV/vera-vegetacao/main/fotos/Enecol-Centro/VER20260715110052789026588F1.jpg,https://raw.githubusercontent.com/LGRSV/vera-vegetacao/main/fotos/Enecol-Centro/VER20260715110052789026588F2.jpg,https://raw.githubusercontent.com/LGRSV/vera-vegetacao/main/fotos/Enecol-Centro/VER20260715110052789026588F3.jpg,,V20260715110052789026588
912,V0142,SE Paraíso I,CENTRO,AL,AL02062013,15/07/2026,11:02,Outros,601591,URBANO,11,115,Sim,,100,0,-10.1868305,-48.8935448,3,https://raw.githubusercontent.com/LGRSV/vera-vegetacao/main/fotos/Enecol-Centro/VER20260715110239086061609F1.jpg,https://raw.githubusercontent.com/LGRSV/vera-vegetacao/main/fotos/Enecol-Centro/VER20260715110239086061609F2.jpg,https://raw.githubusercontent.com/LGRSV/vera-vegetacao/main/fotos/Enecol-Centro/VER20260715110239086061609F3.jpg,,V20260715110239086061609
913,V0142,SE Paraíso I,CENTRO,AL,AL02062013,15/07/2026,11:02,Outros,601591,URBANO,11,115,Sim,,100,0,-10.1868305,-48.8935448,0,,,,,V20260724104336308446871
914,V0143,SE Paraíso I,CENTRO,AL,AL02062013,15/07/2026,11:07,Outros,601555,URBANO,7,40,Sim,,300,0,-10.1879575,-48.8929573,0,,,,,V20260724104338187150168
915,V0143,SE Paraíso I,CENTRO,AL,AL02062013,15/07/2026,11:07,Outros,601555,URBANO,7,40,Sim,,300,0,-10.1879575,-48.8929573,3,https://raw.githubusercontent.com/LGRSV/vera-vegetacao/main/fotos/Enecol-Centro/VER20260715110745463337822F1.jpg,https://raw.githubusercontent.com/LGRSV/vera-vegetacao/main/fotos/Enecol-Centro/VER20260715110745463337822F2.jpg,https://raw.githubusercontent.com/LGRSV/vera-vegetacao/main/fotos/Enecol-Centro/VER20260715110745463337822F3.jpg,,V20260715110745463337822
916,V0144,SE Paraíso I,CENTRO,AL,AL02062013,15/07/2026,11:10,Outros,31449887,URBANO,8,50,Sim,,300,0,-10.1883243,-48.8928323,0,,,,,V20260724104339976764288
917,V0144,SE Paraíso I,CENTRO,AL,AL02062013,15/07/2026,11:10,Outros,31449887,URBANO,8,50,Sim,,300,0,-10.1883243,-48.8928323,3,https://raw.githubusercontent.com/LGRSV/vera-vegetacao/main/fotos/Enecol-Centro/VER20260715111018173315187F1.jpg,https://raw.githubusercontent.com/LGRSV/vera-vegetacao/main/fotos/Enecol-Centro/VER20260715111018173315187F2.jpg,https://raw.githubusercontent.com/LGRSV/vera-vegetacao/main/fotos/Enecol-Centro/VER20260715111018173315187F3.jpg,,V20260715111018173315187
918,V0145,SE Paraíso I,CENTRO,AL,AL02062013,15/07/2026,11:16,Outros,594493,URBANO,9,90,Sim,300,300,0,-10.1891835,-48.8923478,0,,,,,V20260724104341622848600
919,V0145,SE Paraíso I,CENTRO,AL,AL02062013,15/07/2026,11:16,Outros,594493,URBANO,9,90,Sim,300,300,0,-10.1891835,-48.8923478,3,https://raw.githubusercontent.com/LGRSV/vera-vegetacao/main/fotos/Enecol-Centro/VER20260715111608500443823F1.jpg,https://raw.githubusercontent.com/LGRSV/vera-vegetacao/main/fotos/Enecol-Centro/VER20260715111608500443823F2.jpg,https://raw.githubusercontent.com/LGRSV/vera-vegetacao/main/fotos/Enecol-Centro/VER20260715111608500443823F3.jpg,,V20260715111608500443823
920,V0146,SE Paraíso I,CENTRO,AL,AL02062013,15/07/2026,11:22,Mangueira,1888093,URBANO,8,120,Sim,300,300,0,-10.1905018,-48.8915929,3,https://raw.githubusercontent.com/LGRSV/vera-vegetacao/main/fotos/Enecol-Centro/VER20260715112205436424197F1.jpg,https://raw.githubusercontent.com/LGRSV/vera-vegetacao/main/fotos/Enecol-Centro/VER20260715112205436424197F2.jpg,https://raw.githubusercontent.com/LGRSV/vera-vegetacao/main/fotos/Enecol-Centro/VER20260715112205436424197F3.jpg,,V20260715112205436424197
921,V0146,SE Paraíso I,CENTRO,AL,AL02062013,15/07/2026,11:22,Mangueira,1888093,URBANO,8,120,Sim,300,300,0,-10.1905018,-48.8915929,0,,,,,V20260724104343818587137
922,V0147,SE Paraíso I,CENTRO,LD,LD01062013,15/07/2026,11:24,Outros,617617,URBANO,6,35,Sim,300,300,0,-10.1911582,-48.8914114,3,https://raw.githubusercontent.com/LGRSV/vera-vegetacao/main/fotos/Enecol-Centro/VER20260715112413972437179F1.jpg,https://raw.githubusercontent.com/LGRSV/vera-vegetacao/main/fotos/Enecol-Centro/VER20260715112413972437179F2.jpg,https://raw.githubusercontent.com/LGRSV/vera-vegetacao/main/fotos/Enecol-Centro/VER20260715112413972437179F3.jpg,,V20260715112413972437179
923,V0147,SE Paraíso I,CENTRO,LD,LD01062013,15/07/2026,11:24,Outros,617617,URBANO,6,35,Sim,300,300,0,-10.1911582,-48.8914114,0,,,,,V20260724104345498839625
924,V0148,SE Paraíso I,CENTRO,AL,AL03062013,15/07/2026,11:25,Outros,31449948,URBANO,6.5,45,Sim,,300,0,-10.1911663,-48.8912951,0,,,,,V20260724104347256061458
925,V0148,SE Paraíso I,CENTRO,AL,AL03062013,15/07/2026,11:25,Outros,31449948,URBANO,6.5,45,Sim,,300,0,-10.1911663,-48.8912951,3,https://raw.githubusercontent.com/LGRSV/vera-vegetacao/main/fotos/Enecol-Centro/VER20260715112528377304840F1.jpg,https://raw.githubusercontent.com/LGRSV/vera-vegetacao/main/fotos/Enecol-Centro/VER20260715112528377304840F2.jpg,https://raw.githubusercontent.com/LGRSV/vera-vegetacao/main/fotos/Enecol-Centro/VER20260715112528377304840F3.jpg,,V20260715112528377304840
926,V0149,SE Paraíso I,CENTRO,AL,AL02062013,15/07/2026,11:26,Mangueira,128246,URBANO,6,45,Sim,,,0,-10.1914934,-48.8910707,3,https://raw.githubusercontent.com/LGRSV/vera-vegetacao/main/fotos/Enecol-Centro/VER20260715112659060660470F1.jpg,https://raw.githubusercontent.com/LGRSV/vera-vegetacao/main/fotos/Enecol-Centro/VER20260715112659060660470F2.jpg,https://raw.githubusercontent.com/LGRSV/vera-vegetacao/main/fotos/Enecol-Centro/VER20260715112659060660470F3.jpg,,V20260715112659060660470
927,V0149,SE Paraíso I,CENTRO,AL,AL02062013,15/07/2026,11:26,Mangueira,128246,URBANO,6,45,Sim,,,0,-10.1914934,-48.8910707,0,,,,,V20260724104349022431366
928,V0150,SE Paraíso I,CENTRO,AL,AL02062013,15/07/2026,11:31,Babaçu,128247,URBANO,7,55,Sim,,200,0,-10.1921221,-48.8907227,0,,,,,V20260724104350802468056
929,V0150,SE Paraíso I,CENTRO,AL,AL02062013,15/07/2026,11:31,Babaçu,128247,URBANO,7,55,Sim,,200,0,-10.1921221,-48.8907227,3,https://raw.githubusercontent.com/LGRSV/vera-vegetacao/main/fotos/Enecol-Centro/VER20260715113155309533788F1.jpg,https://raw.githubusercontent.com/LGRSV/vera-vegetacao/main/fotos/Enecol-Centro/VER20260715113155309533788F2.jpg,https://raw.githubusercontent.com/LGRSV/vera-vegetacao/main/fotos/Enecol-Centro/VER20260715113155309533788F3.jpg,,V20260715113155309533788
930,V0151,SE Paraíso I,CENTRO,AL,AL02062013,15/07/2026,11:33,Babaçu,617621,URBANO,6.5,50,Sim,,200,0,-10.1926905,-48.8904409,0,,,,,V20260724104352416562533
931,V0151,SE Paraíso I,CENTRO,AL,AL02062013,15/07/2026,11:33,Babaçu,617621,URBANO,6.5,50,Sim,,200,0,-10.1926905,-48.8904409,3,https://raw.githubusercontent.com/LGRSV/vera-vegetacao/main/fotos/Enecol-Centro/VER20260715113322582373040F1.jpg,https://raw.githubusercontent.com/LGRSV/vera-vegetacao/main/fotos/Enecol-Centro/VER20260715113322582373040F2.jpg,https://raw.githubusercontent.com/LGRSV/vera-vegetacao/main/fotos/Enecol-Centro/VER20260715113322582373040F3.jpg,,V20260715113322582373040
932,V0152,SE Paraíso I,CENTRO,AL,AL02062013,15/07/2026,11:34,Babaçu,617621,URBANO,7,50,Sim,,0,0,-10.1929602,-48.8903209,0,,,,,V20260724104354277098647
933,V0152,SE Paraíso I,CENTRO,AL,AL02062013,15/07/2026,11:34,Babaçu,617621,URBANO,7,50,Sim,,0,0,-10.1929602,-48.8903209,3,https://raw.githubusercontent.com/LGRSV/vera-vegetacao/main/fotos/Enecol-Centro/VER20260715113428782889515F1.jpg,https://raw.githubusercontent.com/LGRSV/vera-vegetacao/main/fotos/Enecol-Centro/VER20260715113428782889515F2.jpg,https://raw.githubusercontent.com/LGRSV/vera-vegetacao/main/fotos/Enecol-Centro/VER20260715113428782889515F3.jpg,,V20260715113428782889515
934,V0153,SE Paraíso I,CENTRO,AL,AL02062013,15/07/2026,14:53,Oiti,617621,URBANO,5.5,70,Sim,300,300,0,-10.1928686,-48.8904387,3,https://raw.githubusercontent.com/LGRSV/vera-vegetacao/main/fotos/Enecol-Centro/VER20260715145325286355693F1.jpg,https://raw.githubusercontent.com/LGRSV/vera-vegetacao/main/fotos/Enecol-Centro/VER20260715145325286355693F2.jpg,https://raw.githubusercontent.com/LGRSV/vera-vegetacao/main/fotos/Enecol-Centro/VER20260715145325286355693F3.jpg,,V20260715145325286355693
935,V0153,SE Paraíso I,CENTRO,AL,AL02062013,15/07/2026,14:53,Oiti,617621,URBANO,5.5,70,Sim,300,300,0,-10.1928686,-48.8904387,0,,,,,V20260724104356048914366
936,V0154,SE Paraíso I,CENTRO,AL,AL02062013,15/07/2026,14:54,Oiti,617621,URBANO,4,40,Sim,,,0,-10.1929779,-48.8904226,0,,,,,V20260724104357931363796
937,V0154,SE Paraíso I,CENTRO,AL,AL02062013,15/07/2026,14:54,Oiti,617621,URBANO,4,40,Sim,,,0,-10.1929779,-48.8904226,3,https://raw.githubusercontent.com/LGRSV/vera-vegetacao/main/fotos/Enecol-Centro/VER20260715145408302431638F1.jpg,https://raw.githubusercontent.com/LGRSV/vera-vegetacao/main/fotos/Enecol-Centro/VER20260715145408302431638F2.jpg,https://raw.githubusercontent.com/LGRSV/vera-vegetacao/main/fotos/Enecol-Centro/VER20260715145408302431638F3.jpg,,V20260715145408302431638
938,V0155,SE Paraíso I,CENTRO,AL,AL02062013,15/07/2026,14:55,Oiti,617621,URBANO,5.5,40,Sim,300,300,0,-10.1930013,-48.8903421,3,https://raw.githubusercontent.com/LGRSV/vera-vegetacao/main/fotos/Enecol-Centro/VER20260715145506792237924F1.jpg,https://raw.githubusercontent.com/LGRSV/vera-vegetacao/main/fotos/Enecol-Centro/VER20260715145506792237924F2.jpg,https://raw.githubusercontent.com/LGRSV/vera-vegetacao/main/fotos/Enecol-Centro/VER20260715145506792237924F3.jpg,,V20260715145506792237924
939,V0155,SE Paraíso I,CENTRO,AL,AL02062013,15/07/2026,14:55,Oiti,617621,URBANO,5.5,40,Sim,300,300,0,-10.1930013,-48.8903421,0,,,,,V20260724104359816895242
940,V0156,SE Paraíso I,CENTRO,LD,LD01062013,15/07/2026,14:56,Oiti,617622,URBANO,5.5,70,Sim,300,300,0,-10.1931811,-48.8902897,3,https://raw.githubusercontent.com/LGRSV/vera-vegetacao/main/fotos/Enecol-Centro/VER20260715145622282579057F1.jpg,https://raw.githubusercontent.com/LGRSV/vera-vegetacao/main/fotos/Enecol-Centro/VER20260715145622282579057F2.jpg,https://raw.githubusercontent.com/LGRSV/vera-vegetacao/main/fotos/Enecol-Centro/VER20260715145622282579057F3.jpg,,V20260715145622282579057
941,V0156,SE Paraíso I,CENTRO,LD,LD01062013,15/07/2026,14:56,Oiti,617622,URBANO,5.5,70,Sim,300,300,0,-10.1931811,-48.8902897,0,,,,,V20260724104401617750066
942,V0157,SE Paraíso I,CENTRO,AL,AL02062013,15/07/2026,14:57,Outros,619593,URBANO,4.5,40,Sim,300,300,0,-10.1934985,-48.8901814,0,,,,,V20260724104403358969350
943,V0157,SE Paraíso I,CENTRO,AL,AL02062013,15/07/2026,14:57,Outros,619593,URBANO,4.5,40,Sim,300,300,0,-10.1934985,-48.8901814,3,https://raw.githubusercontent.com/LGRSV/vera-vegetacao/main/fotos/Enecol-Centro/VER20260715145741921122896F1.jpg,https://raw.githubusercontent.com/LGRSV/vera-vegetacao/main/fotos/Enecol-Centro/VER20260715145741921122896F2.jpg,https://raw.githubusercontent.com/LGRSV/vera-vegetacao/main/fotos/Enecol-Centro/VER20260715145741921122896F3.jpg,,V20260715145741921122896
944,V0158,SE Paraíso I,CENTRO,AL,AL02062013,15/07/2026,14:58,Outros,619593,URBANO,2.5,20,Sim,,,0,-10.1936709,-48.8900977,0,,,,,V20260724104405621616999
945,V0158,SE Paraíso I,CENTRO,AL,AL02062013,15/07/2026,14:58,Outros,619593,URBANO,2.5,20,Sim,,,0,-10.1936709,-48.8900977,3,https://raw.githubusercontent.com/LGRSV/vera-vegetacao/main/fotos/Enecol-Centro/VER20260715145839429981012F1.jpg,https://raw.githubusercontent.com/LGRSV/vera-vegetacao/main/fotos/Enecol-Centro/VER20260715145839429981012F2.jpg,https://raw.githubusercontent.com/LGRSV/vera-vegetacao/main/fotos/Enecol-Centro/VER20260715145839429981012F3.jpg,,V20260715145839429981012
946,V0159,SE Paraíso I,CENTRO,AL,AL02062013,15/07/2026,14:59,Outros,91778,URBANO,2.5,20,Sim,,,0,-10.1937462,-48.8900531,0,,,,,V20260724104407590331795
947,V0159,SE Paraíso I,CENTRO,AL,AL02062013,15/07/2026,14:59,Outros,91778,URBANO,2.5,20,Sim,,,0,-10.1937462,-48.8900531,3,https://raw.githubusercontent.com/LGRSV/vera-vegetacao/main/fotos/Enecol-Centro/VER20260715145931915908648F1.jpg,https://raw.githubusercontent.com/LGRSV/vera-vegetacao/main/fotos/Enecol-Centro/VER20260715145931915908648F2.jpg,https://raw.githubusercontent.com/LGRSV/vera-vegetacao/main/fotos/Enecol-Centro/VER20260715145931915908648F3.jpg,,V20260715145931915908648
948,V0160,SE Paraíso I,CENTRO,AL,AL02062013,15/07/2026,15:00,Mangueira,91778,URBANO,6,80,Sim,300,300,0,-10.1938517,-48.8899756,0,,,,,V20260724104409296108378
949,V0160,SE Paraíso I,CENTRO,AL,AL02062013,15/07/2026,15:00,Mangueira,91778,URBANO,6,80,Sim,300,300,0,-10.1938517,-48.8899756,3,https://raw.githubusercontent.com/LGRSV/vera-vegetacao/main/fotos/Enecol-Centro/VER20260715150042859427920F1.jpg,https://raw.githubusercontent.com/LGRSV/vera-vegetacao/main/fotos/Enecol-Centro/VER20260715150042859427920F2.jpg,https://raw.githubusercontent.com/LGRSV/vera-vegetacao/main/fotos/Enecol-Centro/VER20260715150042859427920F3.jpg,,V20260715150042859427920
950,V0161,SE Paraíso I,CENTRO,AL,AL02062013,15/07/2026,15:01,Outros,91778,URBANO,5.5,45,Sim,300,300,0,-10.1938871,-48.8899839,0,,,,,V20260724104411106736365
951,V0161,SE Paraíso I,CENTRO,AL,AL02062013,15/07/2026,15:01,Outros,91778,URBANO,5.5,45,Sim,300,300,0,-10.1938871,-48.8899839,3,https://raw.githubusercontent.com/LGRSV/vera-vegetacao/main/fotos/Enecol-Centro/VER20260715150144472156629F1.jpg,https://raw.githubusercontent.com/LGRSV/vera-vegetacao/main/fotos/Enecol-Centro/VER20260715150144472156629F2.jpg,https://raw.githubusercontent.com/LGRSV/vera-vegetacao/main/fotos/Enecol-Centro/VER20260715150144472156629F3.jpg,,V20260715150144472156629
952,V0162,SE Paraíso I,CENTRO,LD,LD01062013,15/07/2026,15:03,Mangueira,617624,URBANO,7,80,Sim,,150,0,-10.1939319,-48.889838,0,,,,,V20260724104412857994167
953,V0162,SE Paraíso I,CENTRO,LD,LD01062013,15/07/2026,15:03,Mangueira,617624,URBANO,7,80,Sim,,150,0,-10.1939319,-48.889838,3,https://raw.githubusercontent.com/LGRSV/vera-vegetacao/main/fotos/Enecol-Centro/VER20260715150305935666302F1.jpg,https://raw.githubusercontent.com/LGRSV/vera-vegetacao/main/fotos/Enecol-Centro/VER20260715150305935666302F2.jpg,https://raw.githubusercontent.com/LGRSV/vera-vegetacao/main/fotos/Enecol-Centro/VER20260715150305935666302F3.jpg,,V20260715150305935666302
954,V0163,SE Paraíso I,CENTRO,AL,AL02062013,15/07/2026,15:04,Mangueira,617625,URBANO,7,85,Sim,,100,0,-10.1941072,-48.8897805,0,,,,,V20260724104414506313024
955,V0163,SE Paraíso I,CENTRO,AL,AL02062013,15/07/2026,15:04,Mangueira,617625,URBANO,7,85,Sim,,100,0,-10.1941072,-48.8897805,3,https://raw.githubusercontent.com/LGRSV/vera-vegetacao/main/fotos/Enecol-Centro/VER20260715150415592970958F1.jpg,https://raw.githubusercontent.com/LGRSV/vera-vegetacao/main/fotos/Enecol-Centro/VER20260715150415592970958F2.jpg,https://raw.githubusercontent.com/LGRSV/vera-vegetacao/main/fotos/Enecol-Centro/VER20260715150415592970958F3.jpg,,V20260715150415592970958
956,V0164,SE Paraíso I,CENTRO,AL,AL02062013,15/07/2026,15:05,Mogno,617625,URBANO,9.5,85,Sim,,200,0,-10.1941235,-48.8897131,3,https://raw.githubusercontent.com/LGRSV/vera-vegetacao/main/fotos/Enecol-Centro/VER20260715150518036873556F1.jpg,https://raw.githubusercontent.com/LGRSV/vera-vegetacao/main/fotos/Enecol-Centro/VER20260715150518036873556F2.jpg,https://raw.githubusercontent.com/LGRSV/vera-vegetacao/main/fotos/Enecol-Centro/VER20260715150518036873556F3.jpg,,V20260715150518036873556
957,V0164,SE Paraíso I,CENTRO,AL,AL02062013,15/07/2026,15:05,Mogno,617625,URBANO,9.5,85,Sim,,200,0,-10.1941235,-48.8897131,0,,,,,V20260724104416313277050
958,V0165,SE Paraíso I,CENTRO,AL,AL02062013,15/07/2026,15:06,Mangueira,617625,URBANO,8.5,90,Sim,,200,0,-10.1943381,-48.8897524,3,https://raw.githubusercontent.com/LGRSV/vera-vegetacao/main/fotos/Enecol-Centro/VER20260715150632514955717F1.jpg,https://raw.githubusercontent.com/LGRSV/vera-vegetacao/main/fotos/Enecol-Centro/VER20260715150632514955717F2.jpg,https://raw.githubusercontent.com/LGRSV/vera-vegetacao/main/fotos/Enecol-Centro/VER20260715150632514955717F3.jpg,,V20260715150632514955717
959,V0165,SE Paraíso I,CENTRO,AL,AL02062013,15/07/2026,15:06,Mangueira,617625,URBANO,8.5,90,Sim,,200,0,-10.1943381,-48.8897524,0,,,,,V20260724104418023495966
960,V0166,SE Paraíso I,CENTRO,AL,AL02062013,15/07/2026,15:07,Mangueira,617626,URBANO,9,80,Sim,,150,0,-10.1942875,-48.889684,3,https://raw.githubusercontent.com/LGRSV/vera-vegetacao/main/fotos/Enecol-Centro/VER20260715150745735060013F1.jpg,https://raw.githubusercontent.com/LGRSV/vera-vegetacao/main/fotos/Enecol-Centro/VER20260715150745735060013F2.jpg,https://raw.githubusercontent.com/LGRSV/vera-vegetacao/main/fotos/Enecol-Centro/VER20260715150745735060013F3.jpg,,V20260715150745735060013
961,V0166,SE Paraíso I,CENTRO,AL,AL02062013,15/07/2026,15:07,Mangueira,617626,URBANO,9,80,Sim,,150,0,-10.1942875,-48.889684,0,,,,,V20260724104420026689426
962,V0167,SE Paraíso I,CENTRO,AL,AL02062013,15/07/2026,15:09,Outros,617626,URBANO,9,85,Sim,50,100,0,-10.1943543,-48.8896768,0,,,,,V20260724104421707424485
963,V0167,SE Paraíso I,CENTRO,AL,AL02062013,15/07/2026,15:09,Outros,617626,URBANO,9,85,Sim,50,100,0,-10.1943543,-48.8896768,3,https://raw.githubusercontent.com/LGRSV/vera-vegetacao/main/fotos/Enecol-Centro/VER20260715150920110569474F1.jpg,https://raw.githubusercontent.com/LGRSV/vera-vegetacao/main/fotos/Enecol-Centro/VER20260715150920110569474F2.jpg,https://raw.githubusercontent.com/LGRSV/vera-vegetacao/main/fotos/Enecol-Centro/VER20260715150920110569474F3.jpg,,V20260715150920110569474
964,V0168,SE Paraíso I,CENTRO,AL,AL02062013,15/07/2026,15:10,Mangueira,617626,URBANO,11,100,Sim,300,50,0,-10.1942403,-48.8897777,3,https://raw.githubusercontent.com/LGRSV/vera-vegetacao/main/fotos/Enecol-Centro/VER20260715151039213319555F1.jpg,https://raw.githubusercontent.com/LGRSV/vera-vegetacao/main/fotos/Enecol-Centro/VER20260715151039213319555F2.jpg,https://raw.githubusercontent.com/LGRSV/vera-vegetacao/main/fotos/Enecol-Centro/VER20260715151039213319555F3.jpg,,V20260715151039213319555
965,V0168,SE Paraíso I,CENTRO,AL,AL02062013,15/07/2026,15:10,Mangueira,617626,URBANO,11,100,Sim,300,50,0,-10.1942403,-48.8897777,0,,,,,V20260724104423380993794
966,V0169,SE Paraíso I,CENTRO,AL,AL02062013,15/07/2026,15:11,Mangueira,617626,URBANO,10.5,85,Sim,50,150,0,-10.1942349,-48.8897752,0,,,,,V20260724104425107342044
967,V0169,SE Paraíso I,CENTRO,AL,AL02062013,15/07/2026,15:11,Mangueira,617626,URBANO,10.5,85,Sim,50,150,0,-10.1942349,-48.8897752,3,https://raw.githubusercontent.com/LGRSV/vera-vegetacao/main/fotos/Enecol-Centro/VER20260715151137548270337F1.jpg,https://raw.githubusercontent.com/LGRSV/vera-vegetacao/main/fotos/Enecol-Centro/VER20260715151137548270337F2.jpg,https://raw.githubusercontent.com/LGRSV/vera-vegetacao/main/fotos/Enecol-Centro/VER20260715151137548270337F3.jpg,,V20260715151137548270337
968,V0170,SE Paraíso I,CENTRO,AL,AL02062013,15/07/2026,15:12,Outros,617625,URBANO,9,110,Sim,150,250,0,-10.1941436,-48.8898064,3,https://raw.githubusercontent.com/LGRSV/vera-vegetacao/main/fotos/Enecol-Centro/VER20260715151242915419590F1.jpg,https://raw.githubusercontent.com/LGRSV/vera-vegetacao/main/fotos/Enecol-Centro/VER20260715151242915419590F2.jpg,https://raw.githubusercontent.com/LGRSV/vera-vegetacao/main/fotos/Enecol-Centro/VER20260715151242915419590F3.jpg,,V20260715151242915419590
969,V0170,SE Paraíso I,CENTRO,AL,AL02062013,15/07/2026,15:12,Outros,617625,URBANO,9,110,Sim,150,250,0,-10.1941436,-48.8898064,0,,,,,V20260724104426900322802
970,V0171,SE Paraíso I,CENTRO,AL,AL02062013,15/07/2026,15:13,Mangueira,617625,URBANO,11.5,115,Sim,150,100,0,-10.1940984,-48.8897333,0,,,,,V20260724104428616170323
971,V0171,SE Paraíso I,CENTRO,AL,AL02062013,15/07/2026,15:13,Mangueira,617625,URBANO,11.5,115,Sim,150,100,0,-10.1940984,-48.8897333,3,https://raw.githubusercontent.com/LGRSV/vera-vegetacao/main/fotos/Enecol-Centro/VER20260715151354554532692F1.jpg,https://raw.githubusercontent.com/LGRSV/vera-vegetacao/main/fotos/Enecol-Centro/VER20260715151354554532692F2.jpg,https://raw.githubusercontent.com/LGRSV/vera-vegetacao/main/fotos/Enecol-Centro/VER20260715151354554532692F3.jpg,,V20260715151354554532692
972,V0172,SE Paraíso I,CENTRO,AL,AL02062013,15/07/2026,15:18,Oiti,616959,URBANO,5,40,Sim,300,300,0,-10.1950098,-48.8893255,0,,,,,V20260724104430378416304
973,V0172,SE Paraíso I,CENTRO,AL,AL02062013,15/07/2026,15:18,Oiti,616959,URBANO,5,40,Sim,300,300,0,-10.1950098,-48.8893255,3,https://raw.githubusercontent.com/LGRSV/vera-vegetacao/main/fotos/Enecol-Centro/VER20260715151808390920062F1.jpg,https://raw.githubusercontent.com/LGRSV/vera-vegetacao/main/fotos/Enecol-Centro/VER20260715151808390920062F2.jpg,https://raw.githubusercontent.com/LGRSV/vera-vegetacao/main/fotos/Enecol-Centro/VER20260715151808390920062F3.jpg,,V20260715151808390920062
974,V0173,SE Paraíso I,CENTRO,AL,AL02062013,15/07/2026,15:19,Oiti,616959,URBANO,4,40,Sim,300,300,0,-10.1950871,-48.8893193,0,,,,,V20260724104432380502704
975,V0173,SE Paraíso I,CENTRO,AL,AL02062013,15/07/2026,15:19,Oiti,616959,URBANO,4,40,Sim,300,300,0,-10.1950871,-48.8893193,3,https://raw.githubusercontent.com/LGRSV/vera-vegetacao/main/fotos/Enecol-Centro/VER20260715151936871170292F1.jpg,https://raw.githubusercontent.com/LGRSV/vera-vegetacao/main/fotos/Enecol-Centro/VER20260715151936871170292F2.jpg,https://raw.githubusercontent.com/LGRSV/vera-vegetacao/main/fotos/Enecol-Centro/VER20260715151936871170292F3.jpg,,V20260715151936871170292
976,V0174,SE Paraíso I,CENTRO,AL,AL02062013,15/07/2026,15:20,Mangueira,1437288,URBANO,10,105,Sim,,300,0,-10.1951345,-48.8890964,0,,,,,V20260724104434098634867
977,V0174,SE Paraíso I,CENTRO,AL,AL02062013,15/07/2026,15:20,Mangueira,1437288,URBANO,10,105,Sim,,300,0,-10.1951345,-48.8890964,3,https://raw.githubusercontent.com/LGRSV/vera-vegetacao/main/fotos/Enecol-Centro/VER20260715152056308450214F1.jpg,https://raw.githubusercontent.com/LGRSV/vera-vegetacao/main/fotos/Enecol-Centro/VER20260715152056308450214F2.jpg,https://raw.githubusercontent.com/LGRSV/vera-vegetacao/main/fotos/Enecol-Centro/VER20260715152056308450214F3.jpg,,V20260715152056308450214
978,V0175,SE Paraíso I,CENTRO,AL,AL02062013,15/07/2026,15:21,Mangueira,1437288,URBANO,9,110,Sim,,300,0,-10.1953327,-48.8891019,0,,,,,V20260724104435912564923
979,V0175,SE Paraíso I,CENTRO,AL,AL02062013,15/07/2026,15:21,Mangueira,1437288,URBANO,9,110,Sim,,300,0,-10.1953327,-48.8891019,3,https://raw.githubusercontent.com/LGRSV/vera-vegetacao/main/fotos/Enecol-Centro/VER20260715152157784696282F1.jpg,https://raw.githubusercontent.com/LGRSV/vera-vegetacao/main/fotos/Enecol-Centro/VER20260715152157784696282F2.jpg,https://raw.githubusercontent.com/LGRSV/vera-vegetacao/main/fotos/Enecol-Centro/VER20260715152157784696282F3.jpg,,V20260715152157784696282
980,V0176,SE Paraíso I,CENTRO,AL,AL02062013,15/07/2026,15:22,Mangueira,1437288,URBANO,10.5,115,Sim,,300,0,-10.1953416,-48.8891166,0,,,,,V20260724104437858049908
981,V0176,SE Paraíso I,CENTRO,AL,AL02062013,15/07/2026,15:22,Mangueira,1437288,URBANO,10.5,115,Sim,,300,0,-10.1953416,-48.8891166,3,https://raw.githubusercontent.com/LGRSV/vera-vegetacao/main/fotos/Enecol-Centro/VER20260715152259144858486F1.jpg,https://raw.githubusercontent.com/LGRSV/vera-vegetacao/main/fotos/Enecol-Centro/VER20260715152259144858486F2.jpg,https://raw.githubusercontent.com/LGRSV/vera-vegetacao/main/fotos/Enecol-Centro/VER20260715152259144858486F3.jpg,,V20260715152259144858486
982,V0177,SE Paraíso I,CENTRO,LD,LD01062013,15/07/2026,15:24,Outros,616960,URBANO,9,85,Sim,,300,0,-10.1955991,-48.888913,0,,,,,V20260724104439698995069
983,V0177,SE Paraíso I,CENTRO,LD,LD01062013,15/07/2026,15:24,Outros,616960,URBANO,9,85,Sim,,300,0,-10.1955991,-48.888913,3,https://raw.githubusercontent.com/LGRSV/vera-vegetacao/main/fotos/Enecol-Centro/VER20260715152430900259220F1.jpg,https://raw.githubusercontent.com/LGRSV/vera-vegetacao/main/fotos/Enecol-Centro/VER20260715152430900259220F2.jpg,https://raw.githubusercontent.com/LGRSV/vera-vegetacao/main/fotos/Enecol-Centro/VER20260715152430900259220F3.jpg,,V20260715152430900259220
984,V0178,SE Paraíso I,CENTRO,AL,AL02062013,15/07/2026,15:28,Mangueira,616962,URBANO,9.5,85,Sim,0,150,0,-10.1959723,-48.888791,0,,,,,V20260724104441397762364
985,V0178,SE Paraíso I,CENTRO,AL,AL02062013,15/07/2026,15:28,Mangueira,616962,URBANO,9.5,85,Sim,0,150,0,-10.1959723,-48.888791,3,https://raw.githubusercontent.com/LGRSV/vera-vegetacao/main/fotos/Enecol-Centro/VER20260715152854960432007F1.jpg,https://raw.githubusercontent.com/LGRSV/vera-vegetacao/main/fotos/Enecol-Centro/VER20260715152854960432007F2.jpg,https://raw.githubusercontent.com/LGRSV/vera-vegetacao/main/fotos/Enecol-Centro/VER20260715152854960432007F3.jpg,,V20260715152854960432007
986,V0179,SE Paraíso I,CENTRO,AL,AL02062013,15/07/2026,15:29,Outros,128163,URBANO,10,70,Sim,200,50,0,-10.1959461,-48.8888272,0,,,,,V20260724104443052953627
987,V0179,SE Paraíso I,CENTRO,AL,AL02062013,15/07/2026,15:29,Outros,128163,URBANO,10,70,Sim,200,50,0,-10.1959461,-48.8888272,3,https://raw.githubusercontent.com/LGRSV/vera-vegetacao/main/fotos/Enecol-Centro/VER20260715152958369771666F1.jpg,https://raw.githubusercontent.com/LGRSV/vera-vegetacao/main/fotos/Enecol-Centro/VER20260715152958369771666F2.jpg,https://raw.githubusercontent.com/LGRSV/vera-vegetacao/main/fotos/Enecol-Centro/VER20260715152958369771666F3.jpg,,V20260715152958369771666
988,V0180,SE Paraíso I,CENTRO,LD,LD01062013,15/07/2026,15:31,Outros,616963,URBANO,9,75,Sim,,300,0,-10.1961172,-48.8886257,0,,,,,V20260724104444807843790
989,V0180,SE Paraíso I,CENTRO,LD,LD01062013,15/07/2026,15:31,Outros,616963,URBANO,9,75,Sim,,300,0,-10.1961172,-48.8886257,3,https://raw.githubusercontent.com/LGRSV/vera-vegetacao/main/fotos/Enecol-Centro/VER20260715153122501754516F1.jpg,https://raw.githubusercontent.com/LGRSV/vera-vegetacao/main/fotos/Enecol-Centro/VER20260715153122501754516F2.jpg,https://raw.githubusercontent.com/LGRSV/vera-vegetacao/main/fotos/Enecol-Centro/VER20260715153122501754516F3.jpg,,V20260715153122501754516
990,V0181,SE Paraíso I,CENTRO,LD,LD01062013,15/07/2026,15:32,Mogno,616963,URBANO,10,110,Sim,,250,0,-10.1962482,-48.8886666,0,,,,,V20260724104446538911385
991,V0181,SE Paraíso I,CENTRO,LD,LD01062013,15/07/2026,15:32,Mogno,616963,URBANO,10,110,Sim,,250,0,-10.1962482,-48.8886666,3,https://raw.githubusercontent.com/LGRSV/vera-vegetacao/main/fotos/Enecol-Centro/VER20260715153248981372324F1.jpg,https://raw.githubusercontent.com/LGRSV/vera-vegetacao/main/fotos/Enecol-Centro/VER20260715153248981372324F2.jpg,https://raw.githubusercontent.com/LGRSV/vera-vegetacao/main/fotos/Enecol-Centro/VER20260715153248981372324F3.jpg,,V20260715153248981372324
992,V0182,SE Paraíso I,CENTRO,LD,LD01062013,15/07/2026,15:38,Outros,617239,URBANO,9,130,Sim,,250,0,-10.1969972,-48.8881345,3,https://raw.githubusercontent.com/LGRSV/vera-vegetacao/main/fotos/Enecol-Centro/VER20260715153839458315307F1.jpg,https://raw.githubusercontent.com/LGRSV/vera-vegetacao/main/fotos/Enecol-Centro/VER20260715153839458315307F2.jpg,https://raw.githubusercontent.com/LGRSV/vera-vegetacao/main/fotos/Enecol-Centro/VER20260715153839458315307F3.jpg,,V20260715153839458315307
993,V0182,SE Paraíso I,CENTRO,LD,LD01062013,15/07/2026,15:38,Outros,617239,URBANO,9,130,Sim,,250,0,-10.1969972,-48.8881345,0,,,,,V20260724104448276824386
994,V0183,SE Paraíso I,CENTRO,AL,AL03062013,15/07/2026,15:41,Tamarindo,31450123,URBANO,9,85,Sim,,200,0,-10.1974027,-48.8879645,0,,,,,V20260724104450018479709
995,V0183,SE Paraíso I,CENTRO,AL,AL03062013,15/07/2026,15:41,Tamarindo,31450123,URBANO,9,85,Sim,,200,0,-10.1974027,-48.8879645,3,https://raw.githubusercontent.com/LGRSV/vera-vegetacao/main/fotos/Enecol-Centro/VER20260715154137862283986F1.jpg,https://raw.githubusercontent.com/LGRSV/vera-vegetacao/main/fotos/Enecol-Centro/VER20260715154137862283986F2.jpg,https://raw.githubusercontent.com/LGRSV/vera-vegetacao/main/fotos/Enecol-Centro/VER20260715154137862283986F3.jpg,,V20260715154137862283986
996,V0184,SE Paraíso I,CENTRO,AL,AL02062013,15/07/2026,15:42,Outros,128096,URBANO,6.5,60,Sim,,300,0,-10.1974639,-48.8879478,3,https://raw.githubusercontent.com/LGRSV/vera-vegetacao/main/fotos/Enecol-Centro/VER20260715154238010512499F1.jpg,https://raw.githubusercontent.com/LGRSV/vera-vegetacao/main/fotos/Enecol-Centro/VER20260715154238010512499F2.jpg,https://raw.githubusercontent.com/LGRSV/vera-vegetacao/main/fotos/Enecol-Centro/VER20260715154238010512499F3.jpg,,V20260715154238010512499
997,V0184,SE Paraíso I,CENTRO,AL,AL02062013,15/07/2026,15:42,Outros,128096,URBANO,6.5,60,Sim,,300,0,-10.1974639,-48.8879478,0,,,,,V20260724104451719193267
998,V0185,SE Paraíso I,CENTRO,AL,AL02062013,15/07/2026,15:43,Outros,128096,URBANO,8.5,100,Sim,,250,0,-10.1975182,-48.8879318,0,,,,,V20260724104453746814083
999,V0185,SE Paraíso I,CENTRO,AL,AL02062013,15/07/2026,15:43,Outros,128096,URBANO,8.5,100,Sim,,250,0,-10.1975182,-48.8879318,3,https://raw.githubusercontent.com/LGRSV/vera-vegetacao/main/fotos/Enecol-Centro/VER20260715154354232157800F1.jpg,https://raw.githubusercontent.com/LGRSV/vera-vegetacao/main/fotos/Enecol-Centro/VER20260715154354232157800F2.jpg,https://raw.githubusercontent.com/LGRSV/vera-vegetacao/main/fotos/Enecol-Centro/VER20260715154354232157800F3.jpg,,V20260715154354232157800
1000,V0186,SE Paraíso I,CENTRO,AL,AL02062013,15/07/2026,15:48,Outros,617241,URBANO,11.5,100,Sim,,150,0,-10.19766,-48.8878783,0,,,,,V20260724104455560087687
1001,V0186,SE Paraíso I,CENTRO,AL,AL02062013,15/07/2026,15:48,Outros,617241,URBANO,11.5,100,Sim,,150,0,-10.19766,-48.8878783,3,https://raw.githubusercontent.com/LGRSV/vera-vegetacao/main/fotos/Enecol-Centro/VER20260715154824109906270F1.jpg,https://raw.githubusercontent.com/LGRSV/vera-vegetacao/main/fotos/Enecol-Centro/VER20260715154824109906270F2.jpg,https://raw.githubusercontent.com/LGRSV/vera-vegetacao/main/fotos/Enecol-Centro/VER20260715154824109906270F3.jpg,,V20260715154824109906270
1002,V0187,SE Paraíso I,CENTRO,AL,AL02062013,15/07/2026,16:21,Mangueira,1239891,URBANO,14,160,,200,250,0,-10.2093417,-48.8835883,3,https://raw.githubusercontent.com/LGRSV/vera-vegetacao/main/fotos/Enecol-Centro/VER20260715162200098155063F1.jpg,https://raw.githubusercontent.com/LGRSV/vera-vegetacao/main/fotos/Enecol-Centro/VER20260715162200098155063F2.jpg,https://raw.githubusercontent.com/LGRSV/vera-vegetacao/main/fotos/Enecol-Centro/VER20260715162200098155063F3.jpg,,V20260715162200098155063
1003,V0187,SE Paraíso I,CENTRO,AL,AL02062013,15/07/2026,16:21,Mangueira,1239891,URBANO,14,160,,200,250,0,-10.2093417,-48.8835883,0,,,,,V20260724104457429185140
1004,V0188,SE Paraíso I,CENTRO,AL,AL02062013,15/07/2026,16:23,Mangueira,1239891,URBANO,14,145,Sim,150,200,0,-10.2093167,-48.8834033,3,https://raw.githubusercontent.com/LGRSV/vera-vegetacao/main/fotos/Enecol-Centro/VER20260715162320762866483F1.jpg,https://raw.githubusercontent.com/LGRSV/vera-vegetacao/main/fotos/Enecol-Centro/VER20260715162320762866483F2.jpg,https://raw.githubusercontent.com/LGRSV/vera-vegetacao/main/fotos/Enecol-Centro/VER20260715162320762866483F3.jpg,,V20260715162320762866483
1005,V0188,SE Paraíso I,CENTRO,AL,AL02062013,15/07/2026,16:23,Mangueira,1239891,URBANO,14,145,Sim,150,200,0,-10.2093167,-48.8834033,0,,,,,V20260724104459179772332
1006,V0189,SE Paraíso I,CENTRO,LD,LD01062013,15/07/2026,17:04,Outros,1164863,URBANO,11,120,Sim,,50,0,-10.212715,-48.87504,3,https://raw.githubusercontent.com/LGRSV/vera-vegetacao/main/fotos/Enecol-Centro/VER20260715170405381936752F1.jpg,https://raw.githubusercontent.com/LGRSV/vera-vegetacao/main/fotos/Enecol-Centro/VER20260715170405381936752F2.jpg,https://raw.githubusercontent.com/LGRSV/vera-vegetacao/main/fotos/Enecol-Centro/VER20260715170405381936752F3.jpg,,V20260715170405381936752
1007,V0189,SE Paraíso I,CENTRO,LD,LD01062013,15/07/2026,17:04,Outros,1164863,URBANO,11,120,Sim,,50,0,-10.212715,-48.87504,0,,,,,V20260724104500976424996
1008,V0190,SE Paraíso I,CENTRO,LD,LD01062013,15/07/2026,17:10,Outros,636236,URBANO,5,45,Sim,,,0,-10.212698,-48.8793045,0,,,,,V20260724104502737141897
1009,V0190,SE Paraíso I,CENTRO,LD,LD01062013,15/07/2026,17:10,Outros,636236,URBANO,5,45,Sim,,,0,-10.212698,-48.8793045,3,https://raw.githubusercontent.com/LGRSV/vera-vegetacao/main/fotos/Enecol-Centro/VER20260715171010092360452F1.jpg,https://raw.githubusercontent.com/LGRSV/vera-vegetacao/main/fotos/Enecol-Centro/VER20260715171010092360452F2.jpg,https://raw.githubusercontent.com/LGRSV/vera-vegetacao/main/fotos/Enecol-Centro/VER20260715171010092360452F3.jpg,,V20260715171010092360452
1010,V0191,SE Paraíso I,CENTRO,AL,AL02062013,15/07/2026,17:11,Outros,1860057,URBANO,6,50,Sim,,,0,-10.2127051,-48.8795615,0,,,,,V20260724104504518712751
1011,V0191,SE Paraíso I,CENTRO,AL,AL02062013,15/07/2026,17:11,Outros,1860057,URBANO,6,50,Sim,,,0,-10.2127051,-48.8795615,3,https://raw.githubusercontent.com/LGRSV/vera-vegetacao/main/fotos/Enecol-Centro/VER20260715171119941520477F1.jpg,https://raw.githubusercontent.com/LGRSV/vera-vegetacao/main/fotos/Enecol-Centro/VER20260715171119941520477F2.jpg,https://raw.githubusercontent.com/LGRSV/vera-vegetacao/main/fotos/Enecol-Centro/VER20260715171119941520477F3.jpg,,V20260715171119941520477
1012,V0192,SE Paraíso I,CENTRO,LD,LD01062013,15/07/2026,17:13,Outros,1164867,URBANO,6.5,40,Sim,,300,0,-10.2126778,-48.8800412,0,,,,,V20260724104506617746372
1013,V0192,SE Paraíso I,CENTRO,LD,LD01062013,15/07/2026,17:13,Outros,1164867,URBANO,6.5,40,Sim,,300,0,-10.2126778,-48.8800412,3,https://raw.githubusercontent.com/LGRSV/vera-vegetacao/main/fotos/Enecol-Centro/VER20260715171306017405485F1.jpg,https://raw.githubusercontent.com/LGRSV/vera-vegetacao/main/fotos/Enecol-Centro/VER20260715171306017405485F2.jpg,https://raw.githubusercontent.com/LGRSV/vera-vegetacao/main/fotos/Enecol-Centro/VER20260715171306017405485F3.jpg,,V20260715171306017405485
1014,V0193,SE Paraíso I,CENTRO,AL,AL02062013,15/07/2026,17:13,Outros,1861004,URBANO,6.5,40,Sim,,300,0,-10.2127017,-48.8800599,0,,,,,V20260724104508338894212
1015,V0193,SE Paraíso I,CENTRO,AL,AL02062013,15/07/2026,17:13,Outros,1861004,URBANO,6.5,40,Sim,,300,0,-10.2127017,-48.8800599,3,https://raw.githubusercontent.com/LGRSV/vera-vegetacao/main/fotos/Enecol-Centro/VER20260715171358882806468F1.jpg,https://raw.githubusercontent.com/LGRSV/vera-vegetacao/main/fotos/Enecol-Centro/VER20260715171358882806468F2.jpg,https://raw.githubusercontent.com/LGRSV/vera-vegetacao/main/fotos/Enecol-Centro/VER20260715171358882806468F3.jpg,,V20260715171358882806468
1016,V0194,SE Paraíso I,CENTRO,LD,LD01062013,15/07/2026,17:38,Buriti,1088984,URBANO,4.5,60,Sim,,,0,-10.1995404,-48.8867953,3,https://raw.githubusercontent.com/LGRSV/vera-vegetacao/main/fotos/Enecol-Centro/VER20260715173816980577891F1.jpg,https://raw.githubusercontent.com/LGRSV/vera-vegetacao/main/fotos/Enecol-Centro/VER20260715173816980577891F2.jpg,https://raw.githubusercontent.com/LGRSV/vera-vegetacao/main/fotos/Enecol-Centro/VER20260715173816980577891F3.jpg,,V20260715173816980577891
1017,V0194,SE Paraíso I,CENTRO,LD,LD01062013,15/07/2026,17:38,Buriti,1088984,URBANO,4.5,60,Sim,,,0,-10.1995404,-48.8867953,0,,,,,V20260724104510219566565
1018,V0195,SE Paraíso I,CENTRO,LD,LD01062013,15/07/2026,17:39,Coqueiro,1088984,URBANO,4.5,50,Sim,,,0,-10.1995141,-48.8867697,3,https://raw.githubusercontent.com/LGRSV/vera-vegetacao/main/fotos/Enecol-Centro/VER20260715173921344064389F1.jpg,https://raw.githubusercontent.com/LGRSV/vera-vegetacao/main/fotos/Enecol-Centro/VER20260715173921344064389F2.jpg,https://raw.githubusercontent.com/LGRSV/vera-vegetacao/main/fotos/Enecol-Centro/VER20260715173921344064389F3.jpg,,V20260715173921344064389
1019,V0195,SE Paraíso I,CENTRO,LD,LD01062013,15/07/2026,17:39,Coqueiro,1088984,URBANO,4.5,50,Sim,,,0,-10.1995141,-48.8867697,0,,,,,V20260724104511987045284
1020,V0196,SE Paraíso I,CENTRO,AL,AL03062013,15/07/2026,17:47,Outros,31450149,URBANO,2.5,15,Sim,,,0,-10.1964635,-48.8870965,3,https://raw.githubusercontent.com/LGRSV/vera-vegetacao/main/fotos/Enecol-Centro/VER20260715174800781464825F1.jpg,https://raw.githubusercontent.com/LGRSV/vera-vegetacao/main/fotos/Enecol-Centro/VER20260715174800781464825F2.jpg,https://raw.githubusercontent.com/LGRSV/vera-vegetacao/main/fotos/Enecol-Centro/VER20260715174800781464825F3.jpg,,V20260715174800781464825
1021,V0196,SE Paraíso I,CENTRO,AL,AL03062013,15/07/2026,17:47,Outros,31450149,URBANO,2.5,15,Sim,,,0,-10.1964635,-48.8870965,0,,,,,V20260724104513746048750
1022,V0197,SE Paraíso I,CENTRO,AL,AL03062013,15/07/2026,17:54,Outros,31450169,URBANO,4,50,Sim,,,0,-10.1954816,-48.8862438,0,,,,,V20260724104515496730979
1023,V0197,SE Paraíso I,CENTRO,AL,AL03062013,15/07/2026,17:54,Outros,31450169,URBANO,4,50,Sim,,,0,-10.1954816,-48.8862438,3,https://raw.githubusercontent.com/LGRSV/vera-vegetacao/main/fotos/Enecol-Centro/VER20260715175419545989944F1.jpg,https://raw.githubusercontent.com/LGRSV/vera-vegetacao/main/fotos/Enecol-Centro/VER20260715175419545989944F2.jpg,https://raw.githubusercontent.com/LGRSV/vera-vegetacao/main/fotos/Enecol-Centro/VER20260715175419545989944F3.jpg,,V20260715175419545989944
1024,V0198,SE Paraíso I,CENTRO,AL,AL03062013,15/07/2026,17:55,Cajueiro,31450169,URBANO,6.5,60,Sim,,,0,-10.1953672,-48.8860996,0,,,,,V20260724104517388344840
1025,V0198,SE Paraíso I,CENTRO,AL,AL03062013,15/07/2026,17:55,Cajueiro,31450169,URBANO,6.5,60,Sim,,,0,-10.1953672,-48.8860996,3,https://raw.githubusercontent.com/LGRSV/vera-vegetacao/main/fotos/Enecol-Centro/VER20260715175529517440059F1.jpg,https://raw.githubusercontent.com/LGRSV/vera-vegetacao/main/fotos/Enecol-Centro/VER20260715175529517440059F2.jpg,https://raw.githubusercontent.com/LGRSV/vera-vegetacao/main/fotos/Enecol-Centro/VER20260715175529517440059F3.jpg,,V20260715175529517440059
1026,V0199,SE Paraíso I,CENTRO,AL,AL03062013,15/07/2026,17:59,Oiti,31450196,URBANO,9,,Sim,50,150,0,-10.1945367,-48.8852709,3,https://raw.githubusercontent.com/LGRSV/vera-vegetacao/main/fotos/Enecol-Centro/VER20260715175952377208121F1.jpg,https://raw.githubusercontent.com/LGRSV/vera-vegetacao/main/fotos/Enecol-Centro/VER20260715175952377208121F2.jpg,https://raw.githubusercontent.com/LGRSV/vera-vegetacao/main/fotos/Enecol-Centro/VER20260715175952377208121F3.jpg,,V20260715175952377208121
1027,V0199,SE Paraíso I,CENTRO,AL,AL03062013,15/07/2026,17:59,Oiti,31450196,URBANO,9,,Sim,50,150,0,-10.1945367,-48.8852709,0,,,,,V20260724104519378668707
1028,V0200,SE Paraíso I,CENTRO,AL,AL03062013,15/07/2026,18:00,Oiti,31450196,URBANO,8.5,80,Sim,50,100,0,-10.19444,-48.8853073,0,,,,,V20260724104521137165061
1029,V0200,SE Paraíso I,CENTRO,AL,AL03062013,15/07/2026,18:00,Oiti,31450196,URBANO,8.5,80,Sim,50,100,0,-10.19444,-48.8853073,3,https://raw.githubusercontent.com/LGRSV/vera-vegetacao/main/fotos/Enecol-Centro/VER20260715180056213878781F1.jpg,https://raw.githubusercontent.com/LGRSV/vera-vegetacao/main/fotos/Enecol-Centro/VER20260715180056213878781F2.jpg,https://raw.githubusercontent.com/LGRSV/vera-vegetacao/main/fotos/Enecol-Centro/VER20260715180056213878781F3.jpg,,V20260715180056213878781
1030,V0201,SE Paraíso I,CENTRO,AL,AL03062013,15/07/2026,18:02,Outros,31450196,URBANO,7.5,100,Sim,200,300,0,-10.1943897,-48.8851773,3,https://raw.githubusercontent.com/LGRSV/vera-vegetacao/main/fotos/Enecol-Centro/VER20260715180209804977613F1.jpg,https://raw.githubusercontent.com/LGRSV/vera-vegetacao/main/fotos/Enecol-Centro/VER20260715180209804977613F2.jpg,https://raw.githubusercontent.com/LGRSV/vera-vegetacao/main/fotos/Enecol-Centro/VER20260715180209804977613F3.jpg,,V20260715180209804977613
1031,V0201,SE Paraíso I,CENTRO,AL,AL03062013,15/07/2026,18:02,Outros,31450196,URBANO,7.5,100,Sim,200,300,0,-10.1943897,-48.8851773,0,,,,,V20260724104522936007214
1032,V0202,SE Paraíso I,CENTRO,AL,AL02062013,15/07/2026,18:07,Outros,128249,URBANO,4.5,40,Sim,,,0,-10.1941593,-48.8846293,0,,,,,V20260724104524576315725
1033,V0202,SE Paraíso I,CENTRO,AL,AL02062013,15/07/2026,18:07,Outros,128249,URBANO,4.5,40,Sim,,,0,-10.1941593,-48.8846293,3,https://raw.githubusercontent.com/LGRSV/vera-vegetacao/main/fotos/Enecol-Centro/VER20260715180759176244420F1.jpg,https://raw.githubusercontent.com/LGRSV/vera-vegetacao/main/fotos/Enecol-Centro/VER20260715180759176244420F2.jpg,https://raw.githubusercontent.com/LGRSV/vera-vegetacao/main/fotos/Enecol-Centro/VER20260715180759176244420F3.jpg,,V20260715180759176244420
1034,V0203,SE Paraíso I,CENTRO,AL,AL03062013,16/07/2026,09:15,Cajueiro,615541,URBANO,12,120,Não,300,50,0,-10.1937504,-48.8786304,0,,,,,V20260724104526300180516
1035,V0203,SE Paraíso I,CENTRO,AL,AL03062013,16/07/2026,09:15,Cajueiro,615541,URBANO,12,120,Não,300,50,0,-10.1937504,-48.8786304,3,https://raw.githubusercontent.com/LGRSV/vera-vegetacao/main/fotos/Enecol-Centro/VER20260716091554042052752F1.jpg,https://raw.githubusercontent.com/LGRSV/vera-vegetacao/main/fotos/Enecol-Centro/VER20260716091554042052752F2.jpg,https://raw.githubusercontent.com/LGRSV/vera-vegetacao/main/fotos/Enecol-Centro/VER20260716091554042052752F3.jpg,,V20260716091554042052752
1036,V0204,SE Paraíso I,CENTRO,AL,AL03062013,16/07/2026,09:17,Outros,615541,URBANO,15.5,150,Não,,100,0,-10.1937779,-48.8785588,4,https://raw.githubusercontent.com/LGRSV/vera-vegetacao/main/fotos/Enecol-Centro/VER20260716091751038257373F1.jpg,https://raw.githubusercontent.com/LGRSV/vera-vegetacao/main/fotos/Enecol-Centro/VER20260716091751038257373F2.jpg,https://raw.githubusercontent.com/LGRSV/vera-vegetacao/main/fotos/Enecol-Centro/VER20260716091751038257373F3.jpg,https://raw.githubusercontent.com/LGRSV/vera-vegetacao/main/fotos/Enecol-Centro/VER20260716091751038257373F4.jpg,V20260716091751038257373
1037,V0204,SE Paraíso I,CENTRO,AL,AL03062013,16/07/2026,09:17,Outros,615541,URBANO,15.5,150,Não,,100,0,-10.1937779,-48.8785588,0,,,,,V20260724104528426322906
1038,V0205,SE Paraíso I,CENTRO,AL,AL03062013,16/07/2026,09:19,Outros,615540,URBANO,10,80,Não,,200,0,-10.1936851,-48.8783682,0,,,,,V20260724104530277326813
1039,V0205,SE Paraíso I,CENTRO,AL,AL03062013,16/07/2026,09:19,Outros,615540,URBANO,10,80,Não,,200,0,-10.1936851,-48.8783682,3,https://raw.githubusercontent.com/LGRSV/vera-vegetacao/main/fotos/Enecol-Centro/VER20260716091943512698097F1.jpg,https://raw.githubusercontent.com/LGRSV/vera-vegetacao/main/fotos/Enecol-Centro/VER20260716091943512698097F2.jpg,https://raw.githubusercontent.com/LGRSV/vera-vegetacao/main/fotos/Enecol-Centro/VER20260716091943512698097F3.jpg,,V20260716091943512698097
1040,V0206,SE Paraíso I,CENTRO,AL,AL03062013,16/07/2026,09:22,Outros,615540,URBANO,10,45,Não,,300,0,-10.1937475,-48.8784549,3,https://raw.githubusercontent.com/LGRSV/vera-vegetacao/main/fotos/Enecol-Centro/VER20260716092217221402842F1.jpg,https://raw.githubusercontent.com/LGRSV/vera-vegetacao/main/fotos/Enecol-Centro/VER20260716092217221402842F2.jpg,https://raw.githubusercontent.com/LGRSV/vera-vegetacao/main/fotos/Enecol-Centro/VER20260716092217221402842F3.jpg,,V20260716092217221402842
1041,V0206,SE Paraíso I,CENTRO,AL,AL03062013,16/07/2026,09:22,Outros,615540,URBANO,10,45,Não,,300,0,-10.1937475,-48.8784549,0,,,,,V20260724104532265158044
1042,V0207,SE Paraíso I,CENTRO,AL,AL03062013,16/07/2026,09:23,Outros,31450408,URBANO,10,55,Não,,0,0,-10.1941043,-48.8784889,3,https://raw.githubusercontent.com/LGRSV/vera-vegetacao/main/fotos/Enecol-Centro/VER20260716092330627220576F1.jpg,https://raw.githubusercontent.com/LGRSV/vera-vegetacao/main/fotos/Enecol-Centro/VER20260716092330627220576F2.jpg,https://raw.githubusercontent.com/LGRSV/vera-vegetacao/main/fotos/Enecol-Centro/VER20260716092330627220576F3.jpg,,V20260716092330627220576
1043,V0207,SE Paraíso I,CENTRO,AL,AL03062013,16/07/2026,09:23,Outros,31450408,URBANO,10,55,Não,,0,0,-10.1941043,-48.8784889,0,,,,,V20260724104736698431144
1044,V0208,SE Paraíso I,CENTRO,AL,AL03062013,16/07/2026,09:27,Outros,31450411,URBANO,10,50,Não,,0,0,-10.1942996,-48.8784143,3,https://raw.githubusercontent.com/LGRSV/vera-vegetacao/main/fotos/Enecol-Centro/VER20260716092755511127319F1.jpg,https://raw.githubusercontent.com/LGRSV/vera-vegetacao/main/fotos/Enecol-Centro/VER20260716092755511127319F2.jpg,https://raw.githubusercontent.com/LGRSV/vera-vegetacao/main/fotos/Enecol-Centro/VER20260716092755511127319F3.jpg,,V20260716092755511127319
1045,V0208,SE Paraíso I,CENTRO,AL,AL03062013,16/07/2026,09:27,Outros,31450411,URBANO,10,50,Não,,0,0,-10.1942996,-48.8784143,0,,,,,V20260724104738053764330
1046,V0209,SE Paraíso I,CENTRO,AL,AL03062013,16/07/2026,09:28,Outros,31450408,URBANO,10,80,,,100,0,-10.1943033,-48.8784217,0,,,,,V20260724104739479376765
1047,V0209,SE Paraíso I,CENTRO,AL,AL03062013,16/07/2026,09:28,Outros,31450408,URBANO,10,80,,,100,0,-10.1943033,-48.8784217,3,https://raw.githubusercontent.com/LGRSV/vera-vegetacao/main/fotos/Enecol-Centro/VER20260716092845741984836F1.jpg,https://raw.githubusercontent.com/LGRSV/vera-vegetacao/main/fotos/Enecol-Centro/VER20260716092845741984836F2.jpg,https://raw.githubusercontent.com/LGRSV/vera-vegetacao/main/fotos/Enecol-Centro/VER20260716092845741984836F3.jpg,,V20260716092845741984836
1048,V0210,SE Paraíso I,CENTRO,AL,AL03062013,16/07/2026,09:29,Outros,31450408,URBANO,16,140,,,100,0,-10.1943933,-48.8783933,3,https://raw.githubusercontent.com/LGRSV/vera-vegetacao/main/fotos/Enecol-Centro/VER20260716092959351053905F1.jpg,https://raw.githubusercontent.com/LGRSV/vera-vegetacao/main/fotos/Enecol-Centro/VER20260716092959351053905F2.jpg,https://raw.githubusercontent.com/LGRSV/vera-vegetacao/main/fotos/Enecol-Centro/VER20260716092959351053905F3.jpg,,V20260716092959351053905
1049,V0210,SE Paraíso I,CENTRO,AL,AL03062013,16/07/2026,09:29,Outros,31450408,URBANO,16,140,,,100,0,-10.1943933,-48.8783933,0,,,,,V20260724104740923305367
1050,V0211,SE Paraíso I,CENTRO,AL,AL03062013,16/07/2026,09:31,Mangueira,31450411,URBANO,14,160,,,50,0,-10.1946817,-48.87821,0,,,,,V20260724104742435096209
1051,V0211,SE Paraíso I,CENTRO,AL,AL03062013,16/07/2026,09:31,Mangueira,31450411,URBANO,14,160,,,50,0,-10.1946817,-48.87821,3,https://raw.githubusercontent.com/LGRSV/vera-vegetacao/main/fotos/Enecol-Centro/VER20260716093116278807669F1.jpg,https://raw.githubusercontent.com/LGRSV/vera-vegetacao/main/fotos/Enecol-Centro/VER20260716093116278807669F2.jpg,https://raw.githubusercontent.com/LGRSV/vera-vegetacao/main/fotos/Enecol-Centro/VER20260716093116278807669F3.jpg,,V20260716093116278807669
1052,V0212,SE Paraíso I,CENTRO,AL,AL03062013,16/07/2026,09:32,Outros,31450411,URBANO,15.5,100,Não,,300,0,-10.1946283,-48.8782633,3,https://raw.githubusercontent.com/LGRSV/vera-vegetacao/main/fotos/Enecol-Centro/VER20260716093220921089890F1.jpg,https://raw.githubusercontent.com/LGRSV/vera-vegetacao/main/fotos/Enecol-Centro/VER20260716093220921089890F2.jpg,https://raw.githubusercontent.com/LGRSV/vera-vegetacao/main/fotos/Enecol-Centro/VER20260716093220921089890F3.jpg,,V20260716093220921089890
1053,V0212,SE Paraíso I,CENTRO,AL,AL03062013,16/07/2026,09:32,Outros,31450411,URBANO,15.5,100,Não,,300,0,-10.1946283,-48.8782633,0,,,,,V20260724104743930505765
1054,V0213,SE Paraíso I,CENTRO,AL,AL03062013,16/07/2026,09:33,Pequi,31450411,URBANO,12,110,Não,,250,0,-10.19449,-48.8782283,3,https://raw.githubusercontent.com/LGRSV/vera-vegetacao/main/fotos/Enecol-Centro/VER20260716093331873485855F1.jpg,https://raw.githubusercontent.com/LGRSV/vera-vegetacao/main/fotos/Enecol-Centro/VER20260716093331873485855F2.jpg,https://raw.githubusercontent.com/LGRSV/vera-vegetacao/main/fotos/Enecol-Centro/VER20260716093331873485855F3.jpg,,V20260716093331873485855
1055,V0213,SE Paraíso I,CENTRO,AL,AL03062013,16/07/2026,09:33,Pequi,31450411,URBANO,12,110,Não,,250,0,-10.19449,-48.8782283,0,,,,,V20260724104745309297719
1056,V0214,SE Paraíso I,CENTRO,AL,AL03062013,16/07/2026,09:35,Outros,92117,URBANO,6,45,Não,,300,0,-10.1949117,-48.87797,3,https://raw.githubusercontent.com/LGRSV/vera-vegetacao/main/fotos/Enecol-Centro/VER20260716093522496525857F1.jpg,https://raw.githubusercontent.com/LGRSV/vera-vegetacao/main/fotos/Enecol-Centro/VER20260716093522496525857F2.jpg,https://raw.githubusercontent.com/LGRSV/vera-vegetacao/main/fotos/Enecol-Centro/VER20260716093522496525857F3.jpg,,V20260716093522496525857
1057,V0214,SE Paraíso I,CENTRO,AL,AL03062013,16/07/2026,09:35,Outros,92117,URBANO,6,45,Não,,300,0,-10.1949117,-48.87797,0,,,,,V20260724104746946118398
1058,V0215,SE Paraíso I,CENTRO,AL,AL03062013,16/07/2026,09:38,Outros,92119,URBANO,10,50,Sim,,250,0,-10.1939902,-48.8778191,3,https://raw.githubusercontent.com/LGRSV/vera-vegetacao/main/fotos/Enecol-Centro/VER20260716093838838528480F1.jpg,https://raw.githubusercontent.com/LGRSV/vera-vegetacao/main/fotos/Enecol-Centro/VER20260716093838838528480F2.jpg,https://raw.githubusercontent.com/LGRSV/vera-vegetacao/main/fotos/Enecol-Centro/VER20260716093838838528480F3.jpg,,V20260716093838838528480
1059,V0215,SE Paraíso I,CENTRO,AL,AL03062013,16/07/2026,09:38,Outros,92119,URBANO,10,50,Sim,,250,0,-10.1939902,-48.8778191,0,,,,,V20260724104748382887327
1060,V0216,SE Paraíso I,CENTRO,AL,AL03062013,16/07/2026,09:39,Outros,92119,URBANO,9,50,Não,,250,0,-10.1940067,-48.8778183,3,https://raw.githubusercontent.com/LGRSV/vera-vegetacao/main/fotos/Enecol-Centro/VER20260716093949058629401F1.jpg,https://raw.githubusercontent.com/LGRSV/vera-vegetacao/main/fotos/Enecol-Centro/VER20260716093949058629401F2.jpg,https://raw.githubusercontent.com/LGRSV/vera-vegetacao/main/fotos/Enecol-Centro/VER20260716093949058629401F3.jpg,,V20260716093949058629401
1061,V0216,SE Paraíso I,CENTRO,AL,AL03062013,16/07/2026,09:39,Outros,92119,URBANO,9,50,Não,,250,0,-10.1940067,-48.8778183,0,,,,,V20260724104749795905283
1062,V0217,SE Paraíso I,CENTRO,AL,AL03062013,16/07/2026,09:56,Mogno,591011,URBANO,8,70,Sim,,250,0,-10.1969459,-48.8766818,3,https://raw.githubusercontent.com/LGRSV/vera-vegetacao/main/fotos/Enecol-Centro/VER20260716095644580039983F1.jpg,https://raw.githubusercontent.com/LGRSV/vera-vegetacao/main/fotos/Enecol-Centro/VER20260716095644580039983F2.jpg,https://raw.githubusercontent.com/LGRSV/vera-vegetacao/main/fotos/Enecol-Centro/VER20260716095644580039983F3.jpg,,V20260716095644580039983
1063,V0217,SE Paraíso I,CENTRO,AL,AL03062013,16/07/2026,09:56,Mogno,591011,URBANO,8,70,Sim,,250,0,-10.1969459,-48.8766818,0,,,,,V20260724104751280395842
1064,V0218,SE Paraíso I,CENTRO,AL,AL03062013,16/07/2026,09:58,Jaca,591011,URBANO,8,100,Sim,,100,0,-10.1971993,-48.8766698,0,,,,,V20260724104752698745121
1065,V0218,SE Paraíso I,CENTRO,AL,AL03062013,16/07/2026,09:58,Jaca,591011,URBANO,8,100,Sim,,100,0,-10.1971993,-48.8766698,3,https://raw.githubusercontent.com/LGRSV/vera-vegetacao/main/fotos/Enecol-Centro/VER20260716095817944771717F1.jpg,https://raw.githubusercontent.com/LGRSV/vera-vegetacao/main/fotos/Enecol-Centro/VER20260716095817944771717F2.jpg,https://raw.githubusercontent.com/LGRSV/vera-vegetacao/main/fotos/Enecol-Centro/VER20260716095817944771717F3.jpg,,V20260716095817944771717
1066,V0219,SE Paraíso I,CENTRO,AL,AL03062013,16/07/2026,09:59,Outros,1443915,URBANO,7,100,Sim,300,300,0,-10.1975073,-48.8765027,3,https://raw.githubusercontent.com/LGRSV/vera-vegetacao/main/fotos/Enecol-Centro/VER20260716095939338013327F1.jpg,https://raw.githubusercontent.com/LGRSV/vera-vegetacao/main/fotos/Enecol-Centro/VER20260716095939338013327F2.jpg,https://raw.githubusercontent.com/LGRSV/vera-vegetacao/main/fotos/Enecol-Centro/VER20260716095939338013327F3.jpg,,V20260716095939338013327
1067,V0219,SE Paraíso I,CENTRO,AL,AL03062013,16/07/2026,09:59,Outros,1443915,URBANO,7,100,Sim,300,300,0,-10.1975073,-48.8765027,0,,,,,V20260724104754108988997
1068,V0220,SE Paraíso I,CENTRO,AL,AL03062013,16/07/2026,10:01,Mogno,637477,URBANO,12,120,Sim,0,50,0,-10.1976057,-48.8764404,3,https://raw.githubusercontent.com/LGRSV/vera-vegetacao/main/fotos/Enecol-Centro/VER20260716100104109123831F1.jpg,https://raw.githubusercontent.com/LGRSV/vera-vegetacao/main/fotos/Enecol-Centro/VER20260716100104109123831F2.jpg,https://raw.githubusercontent.com/LGRSV/vera-vegetacao/main/fotos/Enecol-Centro/VER20260716100104109123831F3.jpg,,V20260716100104109123831
1069,V0220,SE Paraíso I,CENTRO,AL,AL03062013,16/07/2026,10:01,Mogno,637477,URBANO,12,120,Sim,0,50,0,-10.1976057,-48.8764404,0,,,,,V20260724104755537834627
1070,V0221,SE Paraíso I,CENTRO,AL,AL03062013,16/07/2026,10:05,Cajueiro,31450426,URBANO,7.5,85,Sim,0,150,0,-10.1986046,-48.8758939,3,https://raw.githubusercontent.com/LGRSV/vera-vegetacao/main/fotos/Enecol-Centro/VER20260716100505003241059F1.jpg,https://raw.githubusercontent.com/LGRSV/vera-vegetacao/main/fotos/Enecol-Centro/VER20260716100505003241059F2.jpg,https://raw.githubusercontent.com/LGRSV/vera-vegetacao/main/fotos/Enecol-Centro/VER20260716100505003241059F3.jpg,,V20260716100505003241059
1071,V0221,SE Paraíso I,CENTRO,AL,AL03062013,16/07/2026,10:05,Cajueiro,31450426,URBANO,7.5,85,Sim,0,150,0,-10.1986046,-48.8758939,0,,,,,V20260724104757238178085
1072,V0222,SE Paraíso I,CENTRO,AL,AL03062013,16/07/2026,10:06,Cajueiro,31450426,URBANO,8.5,95,Sim,0,250,0,-10.1986317,-48.8758124,3,https://raw.githubusercontent.com/LGRSV/vera-vegetacao/main/fotos/Enecol-Centro/VER20260716100630377678866F1.jpg,https://raw.githubusercontent.com/LGRSV/vera-vegetacao/main/fotos/Enecol-Centro/VER20260716100630377678866F2.jpg,https://raw.githubusercontent.com/LGRSV/vera-vegetacao/main/fotos/Enecol-Centro/VER20260716100630377678866F3.jpg,,V20260716100630377678866
1073,V0222,SE Paraíso I,CENTRO,AL,AL03062013,16/07/2026,10:06,Cajueiro,31450426,URBANO,8.5,95,Sim,0,250,0,-10.1986317,-48.8758124,0,,,,,V20260724104758736842015
1074,V0223,SE Paraíso I,CENTRO,AL,AL03062013,16/07/2026,10:09,Cajueiro,591018,URBANO,5.5,45,Sim,,,0,-10.1995181,-48.8753103,0,,,,,V20260724104800219053926
1075,V0223,SE Paraíso I,CENTRO,AL,AL03062013,16/07/2026,10:09,Cajueiro,591018,URBANO,5.5,45,Sim,,,0,-10.1995181,-48.8753103,3,https://raw.githubusercontent.com/LGRSV/vera-vegetacao/main/fotos/Enecol-Centro/VER20260716100932272794870F1.jpg,https://raw.githubusercontent.com/LGRSV/vera-vegetacao/main/fotos/Enecol-Centro/VER20260716100932272794870F2.jpg,https://raw.githubusercontent.com/LGRSV/vera-vegetacao/main/fotos/Enecol-Centro/VER20260716100932272794870F3.jpg,,V20260716100932272794870
1076,V0224,SE Paraíso I,CENTRO,AL,AL03062013,16/07/2026,10:39,Outros,31450083,URBANO,7,70,Sim,50,300,0,-10.195987,-48.8884962,0,,,,,V20260724104803626575873
1077,V0224,SE Paraíso I,CENTRO,AL,AL03062013,16/07/2026,10:39,Outros,31450083,URBANO,7,70,Sim,50,300,0,-10.195987,-48.8884962,3,https://raw.githubusercontent.com/LGRSV/vera-vegetacao/main/fotos/Enecol-Centro/VER20260716103915649170394F1.jpg,https://raw.githubusercontent.com/LGRSV/vera-vegetacao/main/fotos/Enecol-Centro/VER20260716103915649170394F2.jpg,https://raw.githubusercontent.com/LGRSV/vera-vegetacao/main/fotos/Enecol-Centro/VER20260716103915649170394F3.jpg,,V20260716103915649170394
1078,V0225,SE Paraíso I,CENTRO,AL,AL03062013,16/07/2026,10:40,Outros,31450083,URBANO,4,40,Sim,,,0,-10.1960883,-48.8884916,0,,,,,V20260724104804939325019
1079,V0225,SE Paraíso I,CENTRO,AL,AL03062013,16/07/2026,10:40,Outros,31450083,URBANO,4,40,Sim,,,0,-10.1960883,-48.8884916,3,https://raw.githubusercontent.com/LGRSV/vera-vegetacao/main/fotos/Enecol-Centro/VER20260716104020231721632F1.jpg,https://raw.githubusercontent.com/LGRSV/vera-vegetacao/main/fotos/Enecol-Centro/VER20260716104020231721632F2.jpg,https://raw.githubusercontent.com/LGRSV/vera-vegetacao/main/fotos/Enecol-Centro/VER20260716104020231721632F3.jpg,,V20260716104020231721632
1080,V0226,SE Paraíso I,CENTRO,AL,AL03062013,16/07/2026,10:42,Outros,31450072,URBANO,5,30,Sim,,,0,-10.1952342,-48.8889315,0,,,,,V20260724104806464166052
1081,V0226,SE Paraíso I,CENTRO,AL,AL03062013,16/07/2026,10:42,Outros,31450072,URBANO,5,30,Sim,,,0,-10.1952342,-48.8889315,3,https://raw.githubusercontent.com/LGRSV/vera-vegetacao/main/fotos/Enecol-Centro/VER20260716104246461712519F1.jpg,https://raw.githubusercontent.com/LGRSV/vera-vegetacao/main/fotos/Enecol-Centro/VER20260716104246461712519F2.jpg,https://raw.githubusercontent.com/LGRSV/vera-vegetacao/main/fotos/Enecol-Centro/VER20260716104246461712519F3.jpg,,V20260716104246461712519
1082,V0227,SE Paraíso I,CENTRO,AL,AL03062013,16/07/2026,10:45,Oiti,1689656,URBANO,11,80,Sim,50,50,0,-10.194133,-48.8894964,0,,,,,V20260724104807929875005
1083,V0227,SE Paraíso I,CENTRO,AL,AL03062013,16/07/2026,10:45,Oiti,1689656,URBANO,11,80,Sim,50,50,0,-10.194133,-48.8894964,3,https://raw.githubusercontent.com/LGRSV/vera-vegetacao/main/fotos/Enecol-Centro/VER20260716104540702893969F1.jpg,https://raw.githubusercontent.com/LGRSV/vera-vegetacao/main/fotos/Enecol-Centro/VER20260716104540702893969F2.jpg,https://raw.githubusercontent.com/LGRSV/vera-vegetacao/main/fotos/Enecol-Centro/VER20260716104540702893969F3.jpg,,V20260716104540702893969
1084,V0228,SE Paraíso I,CENTRO,AL,AL03062013,16/07/2026,10:48,Outros,31450016,URBANO,11,80,Sim,50,50,0,-10.1940192,-48.8895543,0,,,,,V20260724104809377200726
1085,V0228,SE Paraíso I,CENTRO,AL,AL03062013,16/07/2026,10:48,Outros,31450016,URBANO,11,80,Sim,50,50,0,-10.1940192,-48.8895543,3,https://raw.githubusercontent.com/LGRSV/vera-vegetacao/main/fotos/Enecol-Centro/VER20260716104804151270694F1.jpg,https://raw.githubusercontent.com/LGRSV/vera-vegetacao/main/fotos/Enecol-Centro/VER20260716104804151270694F2.jpg,https://raw.githubusercontent.com/LGRSV/vera-vegetacao/main/fotos/Enecol-Centro/VER20260716104804151270694F3.jpg,,V20260716104804151270694
1086,V0229,SE Paraíso I,CENTRO,AL,AL03062013,16/07/2026,10:49,Outros,31450016,URBANO,12,110,Sim,0,100,0,-10.1939393,-48.8895207,3,https://raw.githubusercontent.com/LGRSV/vera-vegetacao/main/fotos/Enecol-Centro/VER20260716104919864939684F1.jpg,https://raw.githubusercontent.com/LGRSV/vera-vegetacao/main/fotos/Enecol-Centro/VER20260716104919864939684F2.jpg,https://raw.githubusercontent.com/LGRSV/vera-vegetacao/main/fotos/Enecol-Centro/VER20260716104919864939684F3.jpg,,V20260716104919864939684
1087,V0229,SE Paraíso I,CENTRO,AL,AL03062013,16/07/2026,10:49,Outros,31450016,URBANO,12,110,Sim,0,100,0,-10.1939393,-48.8895207,0,,,,,V20260724104810737466262
1088,V0230,SE Paraíso I,CENTRO,AL,AL03062013,16/07/2026,10:50,Outros,31450016,URBANO,10.5,100,Sim,100,100,0,-10.1937951,-48.8896367,0,,,,,V20260724104812192000472
1089,V0230,SE Paraíso I,CENTRO,AL,AL03062013,16/07/2026,10:50,Outros,31450016,URBANO,10.5,100,Sim,100,100,0,-10.1937951,-48.8896367,3,https://raw.githubusercontent.com/LGRSV/vera-vegetacao/main/fotos/Enecol-Centro/VER20260716105034617813298F1.jpg,https://raw.githubusercontent.com/LGRSV/vera-vegetacao/main/fotos/Enecol-Centro/VER20260716105034617813298F2.jpg,https://raw.githubusercontent.com/LGRSV/vera-vegetacao/main/fotos/Enecol-Centro/VER20260716105034617813298F3.jpg,,V20260716105034617813298
1090,V0231,SE Paraíso I,CENTRO,AL,AL03062013,16/07/2026,10:51,Outros,31450016,URBANO,10,110,Sim,50,50,0,-10.1937533,-48.8896611,3,https://raw.githubusercontent.com/LGRSV/vera-vegetacao/main/fotos/Enecol-Centro/VER20260716105147665919067F1.jpg,https://raw.githubusercontent.com/LGRSV/vera-vegetacao/main/fotos/Enecol-Centro/VER20260716105147665919067F2.jpg,https://raw.githubusercontent.com/LGRSV/vera-vegetacao/main/fotos/Enecol-Centro/VER20260716105147665919067F3.jpg,,V20260716105147665919067
1091,V0231,SE Paraíso I,CENTRO,AL,AL03062013,16/07/2026,10:51,Outros,31450016,URBANO,10,110,Sim,50,50,0,-10.1937533,-48.8896611,0,,,,,V20260724104813738345485
1092,V0232,SE Paraíso I,CENTRO,AL,AL03062013,16/07/2026,11:09,Cajueiro,31449977,URBANO,7,110,Sim,200,300,0,-10.19273,-48.8902083,0,,,,,V20260724104815297586142
1093,V0232,SE Paraíso I,CENTRO,AL,AL03062013,16/07/2026,11:09,Cajueiro,31449977,URBANO,7,110,Sim,200,300,0,-10.19273,-48.8902083,3,https://raw.githubusercontent.com/LGRSV/vera-vegetacao/main/fotos/Enecol-Centro/VER20260716110916917530742F1.jpg,https://raw.githubusercontent.com/LGRSV/vera-vegetacao/main/fotos/Enecol-Centro/VER20260716110916917530742F2.jpg,https://raw.githubusercontent.com/LGRSV/vera-vegetacao/main/fotos/Enecol-Centro/VER20260716110916917530742F3.jpg,,V20260716110916917530742
1094,V0233,SE Paraíso I,CENTRO,AL,AL03062013,16/07/2026,11:10,Mangueira,31449977,URBANO,5.5,45,Sim,,,0,-10.192655,-48.8902383,3,https://raw.githubusercontent.com/LGRSV/vera-vegetacao/main/fotos/Enecol-Centro/VER20260716111047638280623F1.jpg,https://raw.githubusercontent.com/LGRSV/vera-vegetacao/main/fotos/Enecol-Centro/VER20260716111047638280623F2.jpg,https://raw.githubusercontent.com/LGRSV/vera-vegetacao/main/fotos/Enecol-Centro/VER20260716111047638280623F3.jpg,,V20260716111047638280623
1095,V0233,SE Paraíso I,CENTRO,AL,AL03062013,16/07/2026,11:10,Mangueira,31449977,URBANO,5.5,45,Sim,,,0,-10.192655,-48.8902383,0,,,,,V20260724104822418594344
1096,V0234,SE Paraíso I,CENTRO,AL,AL03062013,16/07/2026,11:12,Mangueira,31449977,URBANO,3.5,40,Sim,,,0,-10.1926467,-48.8902533,0,,,,,V20260724104824048256467
1097,V0234,SE Paraíso I,CENTRO,AL,AL03062013,16/07/2026,11:12,Mangueira,31449977,URBANO,3.5,40,Sim,,,0,-10.1926467,-48.8902533,3,https://raw.githubusercontent.com/LGRSV/vera-vegetacao/main/fotos/Enecol-Centro/VER20260716111214981693057F1.jpg,https://raw.githubusercontent.com/LGRSV/vera-vegetacao/main/fotos/Enecol-Centro/VER20260716111214981693057F2.jpg,https://raw.githubusercontent.com/LGRSV/vera-vegetacao/main/fotos/Enecol-Centro/VER20260716111214981693057F3.jpg,,V20260716111214981693057
1098,V0235,SE Paraíso I,CENTRO,AL,AL03062013,16/07/2026,11:13,Outros,31449977,URBANO,6.5,35,Sim,300,300,0,-10.1926033,-48.8902967,0,,,,,V20260724104825482257299
1099,V0235,SE Paraíso I,CENTRO,AL,AL03062013,16/07/2026,11:13,Outros,31449977,URBANO,6.5,35,Sim,300,300,0,-10.1926033,-48.8902967,3,https://raw.githubusercontent.com/LGRSV/vera-vegetacao/main/fotos/Enecol-Centro/VER20260716111357240208961F1.jpg,https://raw.githubusercontent.com/LGRSV/vera-vegetacao/main/fotos/Enecol-Centro/VER20260716111357240208961F2.jpg,https://raw.githubusercontent.com/LGRSV/vera-vegetacao/main/fotos/Enecol-Centro/VER20260716111357240208961F3.jpg,,V20260716111357240208961
1100,V0236,SE Paraíso I,CENTRO,AL,AL02062013,16/07/2026,11:21,Mangueira,612662,URBANO,8.5,80,Sim,150,300,0,-10.1919479,-48.8899475,3,https://raw.githubusercontent.com/LGRSV/vera-vegetacao/main/fotos/Enecol-Centro/VER20260716112145637359604F1.jpg,https://raw.githubusercontent.com/LGRSV/vera-vegetacao/main/fotos/Enecol-Centro/VER20260716112145637359604F2.jpg,https://raw.githubusercontent.com/LGRSV/vera-vegetacao/main/fotos/Enecol-Centro/VER20260716112145637359604F3.jpg,,V20260716112145637359604
1101,V0236,SE Paraíso I,CENTRO,AL,AL02062013,16/07/2026,11:21,Mangueira,612662,URBANO,8.5,80,Sim,150,300,0,-10.1919479,-48.8899475,0,,,,,V20260724104826972789480
1102,V0237,SE Paraíso I,CENTRO,AL,AL02062013,16/07/2026,11:22,Outros,91779,URBANO,8.5,70,Sim,250,300,0,-10.1920027,-48.8899247,0,,,,,V20260724104828390043643
1103,V0237,SE Paraíso I,CENTRO,AL,AL02062013,16/07/2026,11:22,Outros,91779,URBANO,8.5,70,Sim,250,300,0,-10.1920027,-48.8899247,3,https://raw.githubusercontent.com/LGRSV/vera-vegetacao/main/fotos/Enecol-Centro/VER20260716112250234980754F1.jpg,https://raw.githubusercontent.com/LGRSV/vera-vegetacao/main/fotos/Enecol-Centro/VER20260716112250234980754F2.jpg,https://raw.githubusercontent.com/LGRSV/vera-vegetacao/main/fotos/Enecol-Centro/VER20260716112250234980754F3.jpg,,V20260716112250234980754
1104,V0238,SE Paraíso I,CENTRO,AL,AL02062013,16/07/2026,11:24,Mangueira,91779,URBANO,6,75,Sim,300,300,0,-10.192071,-48.8898811,3,https://raw.githubusercontent.com/LGRSV/vera-vegetacao/main/fotos/Enecol-Centro/VER20260716112431351030612F1.jpg,https://raw.githubusercontent.com/LGRSV/vera-vegetacao/main/fotos/Enecol-Centro/VER20260716112431351030612F2.jpg,https://raw.githubusercontent.com/LGRSV/vera-vegetacao/main/fotos/Enecol-Centro/VER20260716112431351030612F3.jpg,,V20260716112431351030612
1105,V0238,SE Paraíso I,CENTRO,AL,AL02062013,16/07/2026,11:24,Mangueira,91779,URBANO,6,75,Sim,300,300,0,-10.192071,-48.8898811,0,,,,,V20260724104829881833420
1106,V0239,SE Paraíso I,CENTRO,AL,AL02062013,16/07/2026,11:25,Cajueiro,91779,URBANO,9,85,Sim,200,200,0,-10.1921427,-48.8898169,3,https://raw.githubusercontent.com/LGRSV/vera-vegetacao/main/fotos/Enecol-Centro/VER20260716112531160216170F1.jpg,https://raw.githubusercontent.com/LGRSV/vera-vegetacao/main/fotos/Enecol-Centro/VER20260716112531160216170F2.jpg,https://raw.githubusercontent.com/LGRSV/vera-vegetacao/main/fotos/Enecol-Centro/VER20260716112531160216170F3.jpg,,V20260716112531160216170
1107,V0239,SE Paraíso I,CENTRO,AL,AL02062013,16/07/2026,11:25,Cajueiro,91779,URBANO,9,85,Sim,200,200,0,-10.1921427,-48.8898169,0,,,,,V20260724104840078874815
1108,V0240,SE Paraíso I,CENTRO,AL,AL02062013,16/07/2026,11:26,Mangueira,91779,URBANO,7,105,Sim,50,200,0,-10.1922203,-48.8897962,3,https://raw.githubusercontent.com/LGRSV/vera-vegetacao/main/fotos/Enecol-Centro/VER20260716112648090187129F1.jpg,https://raw.githubusercontent.com/LGRSV/vera-vegetacao/main/fotos/Enecol-Centro/VER20260716112648090187129F2.jpg,https://raw.githubusercontent.com/LGRSV/vera-vegetacao/main/fotos/Enecol-Centro/VER20260716112648090187129F3.jpg,,V20260716112648090187129
1109,V0240,SE Paraíso I,CENTRO,AL,AL02062013,16/07/2026,11:26,Mangueira,91779,URBANO,7,105,Sim,50,200,0,-10.1922203,-48.8897962,0,,,,,V20260724104841511575531
1110,V0241,SE Paraíso I,CENTRO,AL,AL02062013,16/07/2026,11:28,Mangueira,610752,URBANO,8,115,Sim,200,300,0,-10.1924524,-48.8896854,3,https://raw.githubusercontent.com/LGRSV/vera-vegetacao/main/fotos/Enecol-Centro/VER20260716112826345158693F1.jpg,https://raw.githubusercontent.com/LGRSV/vera-vegetacao/main/fotos/Enecol-Centro/VER20260716112826345158693F2.jpg,https://raw.githubusercontent.com/LGRSV/vera-vegetacao/main/fotos/Enecol-Centro/VER20260716112826345158693F3.jpg,,V20260716112826345158693
1111,V0241,SE Paraíso I,CENTRO,AL,AL02062013,16/07/2026,11:28,Mangueira,610752,URBANO,8,115,Sim,200,300,0,-10.1924524,-48.8896854,0,,,,,V20260724104843029299135
1112,V0242,SE Paraíso I,CENTRO,AL,AL02062013,16/07/2026,11:29,Mangueira,610752,URBANO,10,85,Sim,100,200,0,-10.1924836,-48.889676,0,,,,,V20260724104844437215261
1113,V0242,SE Paraíso I,CENTRO,AL,AL02062013,16/07/2026,11:29,Mangueira,610752,URBANO,10,85,Sim,100,200,0,-10.1924836,-48.889676,3,https://raw.githubusercontent.com/LGRSV/vera-vegetacao/main/fotos/Enecol-Centro/VER20260716112939867965943F1.jpg,https://raw.githubusercontent.com/LGRSV/vera-vegetacao/main/fotos/Enecol-Centro/VER20260716112939867965943F2.jpg,https://raw.githubusercontent.com/LGRSV/vera-vegetacao/main/fotos/Enecol-Centro/VER20260716112939867965943F3.jpg,,V20260716112939867965943
1114,V0243,SE Paraíso I,CENTRO,AL,AL02062013,16/07/2026,11:31,Mangueira,610752,URBANO,8.5,90,Sim,150,250,0,-10.1926517,-48.8895083,0,,,,,V20260724104845912797878
1115,V0243,SE Paraíso I,CENTRO,AL,AL02062013,16/07/2026,11:31,Mangueira,610752,URBANO,8.5,90,Sim,150,250,0,-10.1926517,-48.8895083,3,https://raw.githubusercontent.com/LGRSV/vera-vegetacao/main/fotos/Enecol-Centro/VER20260716113105844454848F1.jpg,https://raw.githubusercontent.com/LGRSV/vera-vegetacao/main/fotos/Enecol-Centro/VER20260716113105844454848F2.jpg,https://raw.githubusercontent.com/LGRSV/vera-vegetacao/main/fotos/Enecol-Centro/VER20260716113105844454848F3.jpg,,V20260716113105844454848
1116,V0244,SE Paraíso I,CENTRO,AL,AL02062013,16/07/2026,11:32,Mangueira,610753,URBANO,8.5,75,Sim,100,300,0,-10.1928083,-48.8894743,3,https://raw.githubusercontent.com/LGRSV/vera-vegetacao/main/fotos/Enecol-Centro/VER20260716113244432544851F1.jpg,https://raw.githubusercontent.com/LGRSV/vera-vegetacao/main/fotos/Enecol-Centro/VER20260716113244432544851F2.jpg,https://raw.githubusercontent.com/LGRSV/vera-vegetacao/main/fotos/Enecol-Centro/VER20260716113244432544851F3.jpg,,V20260716113244432544851
1117,V0244,SE Paraíso I,CENTRO,AL,AL02062013,16/07/2026,11:32,Mangueira,610753,URBANO,8.5,75,Sim,100,300,0,-10.1928083,-48.8894743,0,,,,,V20260724104847297868122
1118,V0245,SE Paraíso I,CENTRO,AL,AL02062013,16/07/2026,11:37,Outros,1688519,URBANO,11,80,Sim,,0,0,-10.1940384,-48.8888433,4,https://raw.githubusercontent.com/LGRSV/vera-vegetacao/main/fotos/Enecol-Centro/VER20260716113720364967387F1.jpg,https://raw.githubusercontent.com/LGRSV/vera-vegetacao/main/fotos/Enecol-Centro/VER20260716113720364967387F2.jpg,https://raw.githubusercontent.com/LGRSV/vera-vegetacao/main/fotos/Enecol-Centro/VER20260716113720364967387F3.jpg,https://raw.githubusercontent.com/LGRSV/vera-vegetacao/main/fotos/Enecol-Centro/VER20260716113720364967387F4.jpg,V20260716113720364967387
1119,V0245,SE Paraíso I,CENTRO,AL,AL02062013,16/07/2026,11:37,Outros,1688519,URBANO,11,80,Sim,,0,0,-10.1940384,-48.8888433,0,,,,,V20260724104848703799760
1120,V0246,SE Paraíso I,CENTRO,AL,AL02062013,16/07/2026,11:40,Outros,618720,URBANO,6,90,Sim,300,300,0,-10.1954869,-48.8879651,0,,,,,V20260724104850313179981
1121,V0246,SE Paraíso I,CENTRO,AL,AL02062013,16/07/2026,11:40,Outros,618720,URBANO,6,90,Sim,300,300,0,-10.1954869,-48.8879651,3,https://raw.githubusercontent.com/LGRSV/vera-vegetacao/main/fotos/Enecol-Centro/VER20260716114051874077102F1.jpg,https://raw.githubusercontent.com/LGRSV/vera-vegetacao/main/fotos/Enecol-Centro/VER20260716114051874077102F2.jpg,https://raw.githubusercontent.com/LGRSV/vera-vegetacao/main/fotos/Enecol-Centro/VER20260716114051874077102F3.jpg,,V20260716114051874077102
1122,V0247,SE Paraíso I,CENTRO,AL,AL03062013,16/07/2026,14:31,Mangueira,31449948,URBANO,13,140,Sim,50,50,0,-10.1903367,-48.892175,3,https://raw.githubusercontent.com/LGRSV/vera-vegetacao/main/fotos/Enecol-Centro/VER20260716143136738564483F1.jpg,https://raw.githubusercontent.com/LGRSV/vera-vegetacao/main/fotos/Enecol-Centro/VER20260716143136738564483F2.jpg,https://raw.githubusercontent.com/LGRSV/vera-vegetacao/main/fotos/Enecol-Centro/VER20260716143136738564483F3.jpg,,V20260716143136738564483
1123,V0247,SE Paraíso I,CENTRO,AL,AL03062013,16/07/2026,14:31,Mangueira,31449948,URBANO,13,140,Sim,50,50,0,-10.1903367,-48.892175,0,,,,,V20260724104851736303245
1124,V0248,SE Paraíso I,CENTRO,AL,AL03062013,16/07/2026,14:32,Outros,31449911,URBANO,14,130,Sim,300,300,0,-10.189805,-48.891765,3,https://raw.githubusercontent.com/LGRSV/vera-vegetacao/main/fotos/Enecol-Centro/VER20260716143244428856529F1.jpg,https://raw.githubusercontent.com/LGRSV/vera-vegetacao/main/fotos/Enecol-Centro/VER20260716143244428856529F2.jpg,https://raw.githubusercontent.com/LGRSV/vera-vegetacao/main/fotos/Enecol-Centro/VER20260716143244428856529F3.jpg,,V20260716143244428856529
1125,V0248,SE Paraíso I,CENTRO,AL,AL03062013,16/07/2026,14:32,Outros,31449911,URBANO,14,130,Sim,300,300,0,-10.189805,-48.891765,0,,,,,V20260724104853120352319
1126,V0249,SE Paraíso I,CENTRO,AL,AL03062013,16/07/2026,14:33,Outros,31449905,URBANO,13.5,120,Sim,,300,0,-10.1897617,-48.891715,0,,,,,V20260724104854592887929
1127,V0249,SE Paraíso I,CENTRO,AL,AL03062013,16/07/2026,14:33,Outros,31449905,URBANO,13.5,120,Sim,,300,0,-10.1897617,-48.891715,3,https://raw.githubusercontent.com/LGRSV/vera-vegetacao/main/fotos/Enecol-Centro/VER20260716143346337219317F1.jpg,https://raw.githubusercontent.com/LGRSV/vera-vegetacao/main/fotos/Enecol-Centro/VER20260716143346337219317F2.jpg,https://raw.githubusercontent.com/LGRSV/vera-vegetacao/main/fotos/Enecol-Centro/VER20260716143346337219317F3.jpg,,V20260716143346337219317
1128,V0250,SE Paraíso I,CENTRO,AL,AL03062013,16/07/2026,14:35,Outros,31449893,URBANO,12,90,Sim,0,50,0,-10.18877,-48.8923767,0,,,,,V20260724104857795611768
1129,V0250,SE Paraíso I,CENTRO,AL,AL03062013,16/07/2026,14:35,Outros,31449893,URBANO,12,90,Sim,0,50,0,-10.18877,-48.8923767,3,https://raw.githubusercontent.com/LGRSV/vera-vegetacao/main/fotos/Enecol-Centro/VER20260716143542520830566F1.jpg,https://raw.githubusercontent.com/LGRSV/vera-vegetacao/main/fotos/Enecol-Centro/VER20260716143542520830566F2.jpg,https://raw.githubusercontent.com/LGRSV/vera-vegetacao/main/fotos/Enecol-Centro/VER20260716143542520830566F3.jpg,,V20260716143542520830566
1130,V0251,SE Paraíso I,CENTRO,AL,AL02062013,16/07/2026,14:38,Babaçu,31449887,URBANO,10,70,Sim,100,100,0,-10.1879455,-48.8927621,3,https://raw.githubusercontent.com/LGRSV/vera-vegetacao/main/fotos/Enecol-Centro/VER20260716143818688554776F1.jpg,https://raw.githubusercontent.com/LGRSV/vera-vegetacao/main/fotos/Enecol-Centro/VER20260716143818688554776F2.jpg,https://raw.githubusercontent.com/LGRSV/vera-vegetacao/main/fotos/Enecol-Centro/VER20260716143818688554776F3.jpg,,V20260716143818688554776
1131,V0251,SE Paraíso I,CENTRO,AL,AL02062013,16/07/2026,14:38,Babaçu,31449887,URBANO,10,70,Sim,100,100,0,-10.1879455,-48.8927621,0,,,,,V20260724104901993345729
1132,V0252,SE Paraíso I,CENTRO,AL,AL03062013,16/07/2026,14:43,Outros,31449865,URBANO,12,110,Sim,0,0,0,-10.1865213,-48.8933359,0,,,,,V20260724104903420545996
1133,V0252,SE Paraíso I,CENTRO,AL,AL03062013,16/07/2026,14:43,Outros,31449865,URBANO,12,110,Sim,0,0,0,-10.1865213,-48.8933359,3,https://raw.githubusercontent.com/LGRSV/vera-vegetacao/main/fotos/Enecol-Centro/VER20260716144306551395736F1.jpg,https://raw.githubusercontent.com/LGRSV/vera-vegetacao/main/fotos/Enecol-Centro/VER20260716144306551395736F2.jpg,https://raw.githubusercontent.com/LGRSV/vera-vegetacao/main/fotos/Enecol-Centro/VER20260716144306551395736F3.jpg,,V20260716144306551395736
1134,V0253,SE Paraíso I,CENTRO,AL,AL03062013,16/07/2026,14:44,Outros,31449864,URBANO,12,140,Sim,100,200,0,-10.1864466,-48.8933929,0,,,,,V20260724104905297870474
1135,V0253,SE Paraíso I,CENTRO,AL,AL03062013,16/07/2026,14:44,Outros,31449864,URBANO,12,140,Sim,100,200,0,-10.1864466,-48.8933929,3,https://raw.githubusercontent.com/LGRSV/vera-vegetacao/main/fotos/Enecol-Centro/VER20260716144435492129065F1.jpg,https://raw.githubusercontent.com/LGRSV/vera-vegetacao/main/fotos/Enecol-Centro/VER20260716144435492129065F2.jpg,https://raw.githubusercontent.com/LGRSV/vera-vegetacao/main/fotos/Enecol-Centro/VER20260716144435492129065F3.jpg,,V20260716144435492129065
1136,V0254,SE Paraíso I,CENTRO,AL,AL03062013,16/07/2026,14:45,Outros,31449864,URBANO,10,80,Sim,150,150,0,-10.186319,-48.8933979,0,,,,,V20260724104906754490213
1137,V0254,SE Paraíso I,CENTRO,AL,AL03062013,16/07/2026,14:45,Outros,31449864,URBANO,10,80,Sim,150,150,0,-10.186319,-48.8933979,3,https://raw.githubusercontent.com/LGRSV/vera-vegetacao/main/fotos/Enecol-Centro/VER20260716144603632192693F1.jpg,https://raw.githubusercontent.com/LGRSV/vera-vegetacao/main/fotos/Enecol-Centro/VER20260716144603632192693F2.jpg,https://raw.githubusercontent.com/LGRSV/vera-vegetacao/main/fotos/Enecol-Centro/VER20260716144603632192693F3.jpg,,V20260716144603632192693
1138,V0255,SE Paraíso I,CENTRO,AL,AL03062013,16/07/2026,14:47,Outros,31449864,URBANO,11,90,Sim,50,150,0,-10.1862158,-48.8934407,3,https://raw.githubusercontent.com/LGRSV/vera-vegetacao/main/fotos/Enecol-Centro/VER20260716144746351593584F1.jpg,https://raw.githubusercontent.com/LGRSV/vera-vegetacao/main/fotos/Enecol-Centro/VER20260716144746351593584F2.jpg,https://raw.githubusercontent.com/LGRSV/vera-vegetacao/main/fotos/Enecol-Centro/VER20260716144746351593584F3.jpg,,V20260716144746351593584
1139,V0255,SE Paraíso I,CENTRO,AL,AL03062013,16/07/2026,14:47,Outros,31449864,URBANO,11,90,Sim,50,150,0,-10.1862158,-48.8934407,0,,,,,V20260724104908121756954
1140,V0256,SE Paraíso I,CENTRO,AL,AL03062013,16/07/2026,14:49,Outros,31449862,URBANO,11,115,Sim,0,150,0,-10.1858828,-48.8935919,3,https://raw.githubusercontent.com/LGRSV/vera-vegetacao/main/fotos/Enecol-Centro/VER20260716144930279727359F1.jpg,https://raw.githubusercontent.com/LGRSV/vera-vegetacao/main/fotos/Enecol-Centro/VER20260716144930279727359F2.jpg,https://raw.githubusercontent.com/LGRSV/vera-vegetacao/main/fotos/Enecol-Centro/VER20260716144930279727359F3.jpg,,V20260716144930279727359
1141,V0256,SE Paraíso I,CENTRO,AL,AL03062013,16/07/2026,14:49,Outros,31449862,URBANO,11,115,Sim,0,150,0,-10.1858828,-48.8935919,0,,,,,V20260724104909524798807
1142,V0257,SE Paraíso I,CENTRO,AL,AL03062013,16/07/2026,14:52,Mangueira,31449647,URBANO,10.5,120,Sim,50,300,0,-10.1836081,-48.8948356,0,,,,,V20260724104911004901408
1143,V0257,SE Paraíso I,CENTRO,AL,AL03062013,16/07/2026,14:52,Mangueira,31449647,URBANO,10.5,120,Sim,50,300,0,-10.1836081,-48.8948356,3,https://raw.githubusercontent.com/LGRSV/vera-vegetacao/main/fotos/Enecol-Centro/VER20260716145251297135752F1.jpg,https://raw.githubusercontent.com/LGRSV/vera-vegetacao/main/fotos/Enecol-Centro/VER20260716145251297135752F2.jpg,https://raw.githubusercontent.com/LGRSV/vera-vegetacao/main/fotos/Enecol-Centro/VER20260716145251297135752F3.jpg,,V20260716145251297135752
1144,V0258,SE Paraíso I,CENTRO,AL,AL03062013,16/07/2026,14:55,Cajueiro,31449624,URBANO,9.5,110,Sim,150,300,0,-10.1831533,-48.8948133,0,,,,,V20260724104912552768084
1145,V0258,SE Paraíso I,CENTRO,AL,AL03062013,16/07/2026,14:55,Cajueiro,31449624,URBANO,9.5,110,Sim,150,300,0,-10.1831533,-48.8948133,3,https://raw.githubusercontent.com/LGRSV/vera-vegetacao/main/fotos/Enecol-Centro/VER20260716145547137482357F1.jpg,https://raw.githubusercontent.com/LGRSV/vera-vegetacao/main/fotos/Enecol-Centro/VER20260716145547137482357F2.jpg,https://raw.githubusercontent.com/LGRSV/vera-vegetacao/main/fotos/Enecol-Centro/VER20260716145547137482357F3.jpg,,V20260716145547137482357
1146,V0259,SE Paraíso I,CENTRO,AL,AL03062013,16/07/2026,14:58,Outros,52880634,URBANO,10.5,110,Sim,,200,0,-10.1827617,-48.8941533,3,https://raw.githubusercontent.com/LGRSV/vera-vegetacao/main/fotos/Enecol-Centro/VER20260716145824305817360F1.jpg,https://raw.githubusercontent.com/LGRSV/vera-vegetacao/main/fotos/Enecol-Centro/VER20260716145824305817360F2.jpg,https://raw.githubusercontent.com/LGRSV/vera-vegetacao/main/fotos/Enecol-Centro/VER20260716145824305817360F3.jpg,,V20260716145824305817360
1147,V0259,SE Paraíso I,CENTRO,AL,AL03062013,16/07/2026,14:58,Outros,52880634,URBANO,10.5,110,Sim,,200,0,-10.1827617,-48.8941533,0,,,,,V20260724104914208382282
1148,V0260,SE Paraíso I,CENTRO,AL,AL03062013,16/07/2026,15:00,Outros,31449619,URBANO,9,90,Sim,,300,0,-10.1825683,-48.893945,0,,,,,V20260724104918568318975
1149,V0260,SE Paraíso I,CENTRO,AL,AL03062013,16/07/2026,15:00,Outros,31449619,URBANO,9,90,Sim,,300,0,-10.1825683,-48.893945,3,https://raw.githubusercontent.com/LGRSV/vera-vegetacao/main/fotos/Enecol-Centro/VER20260716150002819455854F1.jpg,https://raw.githubusercontent.com/LGRSV/vera-vegetacao/main/fotos/Enecol-Centro/VER20260716150002819455854F2.jpg,https://raw.githubusercontent.com/LGRSV/vera-vegetacao/main/fotos/Enecol-Centro/VER20260716150002819455854F3.jpg,,V20260716150002819455854
1150,V0261,SE Paraíso I,CENTRO,AL,AL03062013,16/07/2026,15:01,Babaçu,604272,URBANO,9,70,Sim,,300,0,-10.1825835,-48.8938524,0,,,,,V20260724104920194025764
1151,V0261,SE Paraíso I,CENTRO,AL,AL03062013,16/07/2026,15:01,Babaçu,604272,URBANO,9,70,Sim,,300,0,-10.1825835,-48.8938524,3,https://raw.githubusercontent.com/LGRSV/vera-vegetacao/main/fotos/Enecol-Centro/VER20260716150136911940408F1.jpg,https://raw.githubusercontent.com/LGRSV/vera-vegetacao/main/fotos/Enecol-Centro/VER20260716150136911940408F2.jpg,https://raw.githubusercontent.com/LGRSV/vera-vegetacao/main/fotos/Enecol-Centro/VER20260716150136911940408F3.jpg,,V20260716150136911940408
1152,V0262,SE Paraíso I,CENTRO,AL,AL03062013,16/07/2026,15:04,Outros,31449579,URBANO,7,80,Sim,300,300,0,-10.18239,-48.8936472,0,,,,,V20260724104921607403075
1153,V0262,SE Paraíso I,CENTRO,AL,AL03062013,16/07/2026,15:04,Outros,31449579,URBANO,7,80,Sim,300,300,0,-10.18239,-48.8936472,3,https://raw.githubusercontent.com/LGRSV/vera-vegetacao/main/fotos/Enecol-Centro/VER20260716150429410804950F1.jpg,https://raw.githubusercontent.com/LGRSV/vera-vegetacao/main/fotos/Enecol-Centro/VER20260716150429410804950F2.jpg,https://raw.githubusercontent.com/LGRSV/vera-vegetacao/main/fotos/Enecol-Centro/VER20260716150429410804950F3.jpg,,V20260716150429410804950
1154,V0263,SE Paraíso I,CENTRO,AL,AL03062013,16/07/2026,15:05,Outros,52880766,URBANO,14,140,Sim,300,50,0,-10.1821412,-48.8931381,0,,,,,V20260724104923092666692
1155,V0263,SE Paraíso I,CENTRO,AL,AL03062013,16/07/2026,15:05,Outros,52880766,URBANO,14,140,Sim,300,50,0,-10.1821412,-48.8931381,3,https://raw.githubusercontent.com/LGRSV/vera-vegetacao/main/fotos/Enecol-Centro/VER20260716150601127084768F1.jpg,https://raw.githubusercontent.com/LGRSV/vera-vegetacao/main/fotos/Enecol-Centro/VER20260716150601127084768F2.jpg,https://raw.githubusercontent.com/LGRSV/vera-vegetacao/main/fotos/Enecol-Centro/VER20260716150601127084768F3.jpg,,V20260716150601127084768
1156,V0264,SE Paraíso I,CENTRO,AL,AL03062013,16/07/2026,15:07,Coqueiro,592563,URBANO,13,80,Sim,300,300,0,-10.1822797,-48.8933888,0,,,,,V20260724104926273562261
1157,V0264,SE Paraíso I,CENTRO,AL,AL03062013,16/07/2026,15:07,Coqueiro,592563,URBANO,13,80,Sim,300,300,0,-10.1822797,-48.8933888,3,https://raw.githubusercontent.com/LGRSV/vera-vegetacao/main/fotos/Enecol-Centro/VER20260716150749046967923F1.jpg,https://raw.githubusercontent.com/LGRSV/vera-vegetacao/main/fotos/Enecol-Centro/VER20260716150749046967923F2.jpg,https://raw.githubusercontent.com/LGRSV/vera-vegetacao/main/fotos/Enecol-Centro/VER20260716150749046967923F3.jpg,,V20260716150749046967923
1158,V0265,SE Paraíso I,CENTRO,AL,AL03062013,16/07/2026,15:09,Goiaba,592563,URBANO,2,15,Sim,,,0,-10.1822972,-48.8934413,0,,,,,V20260724104927682238634
1159,V0265,SE Paraíso I,CENTRO,AL,AL03062013,16/07/2026,15:09,Goiaba,592563,URBANO,2,15,Sim,,,0,-10.1822972,-48.8934413,3,https://raw.githubusercontent.com/LGRSV/vera-vegetacao/main/fotos/Enecol-Centro/VER20260716150913196292084F1.jpg,https://raw.githubusercontent.com/LGRSV/vera-vegetacao/main/fotos/Enecol-Centro/VER20260716150913196292084F2.jpg,https://raw.githubusercontent.com/LGRSV/vera-vegetacao/main/fotos/Enecol-Centro/VER20260716150913196292084F3.jpg,,V20260716150913196292084
1160,V0266,SE Paraíso I,CENTRO,AL,AL03062013,16/07/2026,15:10,Outros,52880766,URBANO,5,55,Sim,300,300,0,-10.182028,-48.8930449,0,,,,,V20260724104929036683236
1161,V0266,SE Paraíso I,CENTRO,AL,AL03062013,16/07/2026,15:10,Outros,52880766,URBANO,5,55,Sim,300,300,0,-10.182028,-48.8930449,3,https://raw.githubusercontent.com/LGRSV/vera-vegetacao/main/fotos/Enecol-Centro/VER20260716151047541560494F1.jpg,https://raw.githubusercontent.com/LGRSV/vera-vegetacao/main/fotos/Enecol-Centro/VER20260716151047541560494F2.jpg,https://raw.githubusercontent.com/LGRSV/vera-vegetacao/main/fotos/Enecol-Centro/VER20260716151047541560494F3.jpg,,V20260716151047541560494
1162,V0267,SE Paraíso I,CENTRO,AL,AL03062013,16/07/2026,15:12,Oiti,600657,URBANO,10,90,Sim,50,250,0,-10.1819031,-48.8927903,3,https://raw.githubusercontent.com/LGRSV/vera-vegetacao/main/fotos/Enecol-Centro/VER20260716151251857502820F1.jpg,https://raw.githubusercontent.com/LGRSV/vera-vegetacao/main/fotos/Enecol-Centro/VER20260716151251857502820F2.jpg,https://raw.githubusercontent.com/LGRSV/vera-vegetacao/main/fotos/Enecol-Centro/VER20260716151251857502820F3.jpg,,V20260716151251857502820
1163,V0267,SE Paraíso I,CENTRO,AL,AL03062013,16/07/2026,15:12,Oiti,600657,URBANO,10,90,Sim,50,250,0,-10.1819031,-48.8927903,0,,,,,V20260724104930456819224
1164,V0268,SE Paraíso I,CENTRO,AL,AL03062013,16/07/2026,15:21,Oiti,601099,URBANO,10,70,Sim,0,50,0,-10.1812172,-48.8912423,0,,,,,V20260724104931891507791
1165,V0268,SE Paraíso I,CENTRO,AL,AL03062013,16/07/2026,15:21,Oiti,601099,URBANO,10,70,Sim,0,50,0,-10.1812172,-48.8912423,3,https://raw.githubusercontent.com/LGRSV/vera-vegetacao/main/fotos/Enecol-Centro/VER20260716152138362662146F1.jpg,https://raw.githubusercontent.com/LGRSV/vera-vegetacao/main/fotos/Enecol-Centro/VER20260716152138362662146F2.jpg,https://raw.githubusercontent.com/LGRSV/vera-vegetacao/main/fotos/Enecol-Centro/VER20260716152138362662146F3.jpg,,V20260716152138362662146
1166,V0269,SE Paraíso I,CENTRO,AL,AL02062013,16/07/2026,15:22,Oiti,618019,URBANO,10,70,Sim,0,50,0,-10.1812758,-48.8912467,3,https://raw.githubusercontent.com/LGRSV/vera-vegetacao/main/fotos/Enecol-Centro/VER20260716152244543826310F1.jpg,https://raw.githubusercontent.com/LGRSV/vera-vegetacao/main/fotos/Enecol-Centro/VER20260716152244543826310F2.jpg,https://raw.githubusercontent.com/LGRSV/vera-vegetacao/main/fotos/Enecol-Centro/VER20260716152244543826310F3.jpg,,V20260716152244543826310
1167,V0269,SE Paraíso I,CENTRO,AL,AL02062013,16/07/2026,15:22,Oiti,618019,URBANO,10,70,Sim,0,50,0,-10.1812758,-48.8912467,0,,,,,V20260724104933306931947
1168,V0270,SE Paraíso I,CENTRO,AL,AL02062013,16/07/2026,15:23,Oiti,618019,URBANO,10,60,Sim,0,50,0,-10.1813633,-48.891245,0,,,,,V20260724104934696630755
1169,V0270,SE Paraíso I,CENTRO,AL,AL02062013,16/07/2026,15:23,Oiti,618019,URBANO,10,60,Sim,0,50,0,-10.1813633,-48.891245,3,https://raw.githubusercontent.com/LGRSV/vera-vegetacao/main/fotos/Enecol-Centro/VER20260716152358021368862F1.jpg,https://raw.githubusercontent.com/LGRSV/vera-vegetacao/main/fotos/Enecol-Centro/VER20260716152358021368862F2.jpg,https://raw.githubusercontent.com/LGRSV/vera-vegetacao/main/fotos/Enecol-Centro/VER20260716152358021368862F3.jpg,,V20260716152358021368862
1170,V0271,SE Paraíso I,CENTRO,AL,AL02062013,16/07/2026,15:24,Outros,618019,URBANO,3.5,25,Sim,300,300,0,-10.181455,-48.8912017,0,,,,,V20260724104936187819497
1171,V0271,SE Paraíso I,CENTRO,AL,AL02062013,16/07/2026,15:24,Outros,618019,URBANO,3.5,25,Sim,300,300,0,-10.181455,-48.8912017,3,https://raw.githubusercontent.com/LGRSV/vera-vegetacao/main/fotos/Enecol-Centro/VER20260716152459029020960F1.jpg,https://raw.githubusercontent.com/LGRSV/vera-vegetacao/main/fotos/Enecol-Centro/VER20260716152459029020960F2.jpg,https://raw.githubusercontent.com/LGRSV/vera-vegetacao/main/fotos/Enecol-Centro/VER20260716152459029020960F3.jpg,,V20260716152459029020960
1172,V0272,SE Paraíso I,CENTRO,AL,AL02062013,16/07/2026,15:26,Outros,618020,URBANO,6,45,Sim,100,300,0,-10.1818117,-48.8909967,3,https://raw.githubusercontent.com/LGRSV/vera-vegetacao/main/fotos/Enecol-Centro/VER20260716152643770259840F1.jpg,https://raw.githubusercontent.com/LGRSV/vera-vegetacao/main/fotos/Enecol-Centro/VER20260716152643770259840F2.jpg,https://raw.githubusercontent.com/LGRSV/vera-vegetacao/main/fotos/Enecol-Centro/VER20260716152643770259840F3.jpg,,V20260716152643770259840
1173,V0272,SE Paraíso I,CENTRO,AL,AL02062013,16/07/2026,15:26,Outros,618020,URBANO,6,45,Sim,100,300,0,-10.1818117,-48.8909967,0,,,,,V20260724104940458177795
1174,V0273,SE Paraíso I,CENTRO,AL,AL02062013,16/07/2026,15:28,Outros,616164,URBANO,6.5,65,Sim,100,300,0,-10.18187,-48.8909867,0,,,,,V20260724104941806752728
1175,V0273,SE Paraíso I,CENTRO,AL,AL02062013,16/07/2026,15:28,Outros,616164,URBANO,6.5,65,Sim,100,300,0,-10.18187,-48.8909867,3,https://raw.githubusercontent.com/LGRSV/vera-vegetacao/main/fotos/Enecol-Centro/VER20260716152812726370190F1.jpg,https://raw.githubusercontent.com/LGRSV/vera-vegetacao/main/fotos/Enecol-Centro/VER20260716152812726370190F2.jpg,https://raw.githubusercontent.com/LGRSV/vera-vegetacao/main/fotos/Enecol-Centro/VER20260716152812726370190F3.jpg,,V20260716152812726370190
1176,V0274,SE Paraíso I,CENTRO,AL,AL02062013,16/07/2026,15:29,Outros,616164,URBANO,7,80,Sim,300,300,0,-10.1819617,-48.8909167,3,https://raw.githubusercontent.com/LGRSV/vera-vegetacao/main/fotos/Enecol-Centro/VER20260716152931189209296F1.jpg,https://raw.githubusercontent.com/LGRSV/vera-vegetacao/main/fotos/Enecol-Centro/VER20260716152931189209296F2.jpg,https://raw.githubusercontent.com/LGRSV/vera-vegetacao/main/fotos/Enecol-Centro/VER20260716152931189209296F3.jpg,,V20260716152931189209296
1177,V0274,SE Paraíso I,CENTRO,AL,AL02062013,16/07/2026,15:29,Outros,616164,URBANO,7,80,Sim,300,300,0,-10.1819617,-48.8909167,0,,,,,V20260724104943248576100
1178,V0275,SE Paraíso I,CENTRO,AL,AL02062013,16/07/2026,15:30,Outros,616164,URBANO,4,20,,,,0,-10.1818217,-48.8909717,3,https://raw.githubusercontent.com/LGRSV/vera-vegetacao/main/fotos/Enecol-Centro/VER20260716153025309947624F1.jpg,https://raw.githubusercontent.com/LGRSV/vera-vegetacao/main/fotos/Enecol-Centro/VER20260716153025309947624F2.jpg,https://raw.githubusercontent.com/LGRSV/vera-vegetacao/main/fotos/Enecol-Centro/VER20260716153025309947624F3.jpg,,V20260716153025309947624
1179,V0275,SE Paraíso I,CENTRO,AL,AL02062013,16/07/2026,15:30,Outros,616164,URBANO,4,20,,,,0,-10.1818217,-48.8909717,0,,,,,V20260724104947312277968
1180,V0276,SE Paraíso I,CENTRO,AL,AL02062013,16/07/2026,15:35,Mangueira,620281,URBANO,9,75,Sim,100,200,0,-10.1820617,-48.88869,3,https://raw.githubusercontent.com/LGRSV/vera-vegetacao/main/fotos/Enecol-Centro/VER20260716153535512580736F1.jpg,https://raw.githubusercontent.com/LGRSV/vera-vegetacao/main/fotos/Enecol-Centro/VER20260716153535512580736F2.jpg,https://raw.githubusercontent.com/LGRSV/vera-vegetacao/main/fotos/Enecol-Centro/VER20260716153535512580736F3.jpg,,V20260716153535512580736
1181,V0276,SE Paraíso I,CENTRO,AL,AL02062013,16/07/2026,15:35,Mangueira,620281,URBANO,9,75,Sim,100,200,0,-10.1820617,-48.88869,0,,,,,V20260724104948871183104
1182,V0277,SE Paraíso I,CENTRO,AL,AL02062013,16/07/2026,16:04,Buriti,1681881,URBANO,5.5,25,Sim,,,0,-10.1802483,-48.889695,0,,,,,V20260724104950267737372
1183,V0277,SE Paraíso I,CENTRO,AL,AL02062013,16/07/2026,16:04,Buriti,1681881,URBANO,5.5,25,Sim,,,0,-10.1802483,-48.889695,3,https://raw.githubusercontent.com/LGRSV/vera-vegetacao/main/fotos/Enecol-Centro/VER20260716160421409721866F1.jpg,https://raw.githubusercontent.com/LGRSV/vera-vegetacao/main/fotos/Enecol-Centro/VER20260716160421409721866F2.jpg,https://raw.githubusercontent.com/LGRSV/vera-vegetacao/main/fotos/Enecol-Centro/VER20260716160421409721866F3.jpg,,V20260716160421409721866
1184,V0278,SE Paraíso I,CENTRO,AL,AL02062013,16/07/2026,16:05,Buriti,1681881,URBANO,5.5,25,Sim,,,0,-10.1802533,-48.8897033,0,,,,,V20260724104951732862369
1185,V0278,SE Paraíso I,CENTRO,AL,AL02062013,16/07/2026,16:05,Buriti,1681881,URBANO,5.5,25,Sim,,,0,-10.1802533,-48.8897033,3,https://raw.githubusercontent.com/LGRSV/vera-vegetacao/main/fotos/Enecol-Centro/VER20260716160508830409544F1.jpg,https://raw.githubusercontent.com/LGRSV/vera-vegetacao/main/fotos/Enecol-Centro/VER20260716160508830409544F2.jpg,https://raw.githubusercontent.com/LGRSV/vera-vegetacao/main/fotos/Enecol-Centro/VER20260716160508830409544F3.jpg,,V20260716160508830409544
1186,V0279,SE Paraíso I,CENTRO,AL,AL02062013,16/07/2026,16:07,Outros,1681880,URBANO,11,90,Sim,150,100,0,-10.1801978,-48.8894364,0,,,,,V20260724104953126269178
1187,V0279,SE Paraíso I,CENTRO,AL,AL02062013,16/07/2026,16:07,Outros,1681880,URBANO,11,90,Sim,150,100,0,-10.1801978,-48.8894364,4,https://raw.githubusercontent.com/LGRSV/vera-vegetacao/main/fotos/Enecol-Centro/VER20260716160730899766888F1.jpg,https://raw.githubusercontent.com/LGRSV/vera-vegetacao/main/fotos/Enecol-Centro/VER20260716160730899766888F2.jpg,https://raw.githubusercontent.com/LGRSV/vera-vegetacao/main/fotos/Enecol-Centro/VER20260716160730899766888F3.jpg,https://raw.githubusercontent.com/LGRSV/vera-vegetacao/main/fotos/Enecol-Centro/VER20260716160730899766888F4.jpg,V20260716160730899766888
1188,V0280,SE Paraíso I,CENTRO,AL,AL02062013,16/07/2026,16:13,Outros,1690052,URBANO,7,50,Sim,,150,0,-10.179386,-48.8879865,0,,,,,V20260724104954647007806
1189,V0280,SE Paraíso I,CENTRO,AL,AL02062013,16/07/2026,16:13,Outros,1690052,URBANO,7,50,Sim,,150,0,-10.179386,-48.8879865,3,https://raw.githubusercontent.com/LGRSV/vera-vegetacao/main/fotos/Enecol-Centro/VER20260716161354178043390F1.jpg,https://raw.githubusercontent.com/LGRSV/vera-vegetacao/main/fotos/Enecol-Centro/VER20260716161354178043390F2.jpg,https://raw.githubusercontent.com/LGRSV/vera-vegetacao/main/fotos/Enecol-Centro/VER20260716161354178043390F3.jpg,,V20260716161354178043390
1190,V0281,SE Paraíso I,CENTRO,AL,AL03062013,16/07/2026,16:16,Outros,620793,URBANO,7.5,65,Sim,,300,0,-10.1792289,-48.8877042,0,,,,,V20260724104956286982566
1191,V0281,SE Paraíso I,CENTRO,AL,AL03062013,16/07/2026,16:16,Outros,620793,URBANO,7.5,65,Sim,,300,0,-10.1792289,-48.8877042,3,https://raw.githubusercontent.com/LGRSV/vera-vegetacao/main/fotos/Enecol-Centro/VER20260716161608487799911F1.jpg,https://raw.githubusercontent.com/LGRSV/vera-vegetacao/main/fotos/Enecol-Centro/VER20260716161608487799911F2.jpg,https://raw.githubusercontent.com/LGRSV/vera-vegetacao/main/fotos/Enecol-Centro/VER20260716161608487799911F3.jpg,,V20260716161608487799911
1192,V0282,SE Paraíso I,CENTRO,AL,AL03062013,16/07/2026,16:20,Coqueiro,620780,URBANO,11.5,60,Sim,100,300,0,-10.1784717,-48.886374,3,https://raw.githubusercontent.com/LGRSV/vera-vegetacao/main/fotos/Enecol-Centro/VER20260716162003420774344F1.jpg,https://raw.githubusercontent.com/LGRSV/vera-vegetacao/main/fotos/Enecol-Centro/VER20260716162003420774344F2.jpg,https://raw.githubusercontent.com/LGRSV/vera-vegetacao/main/fotos/Enecol-Centro/VER20260716162003420774344F3.jpg,,V20260716162003420774344
1193,V0282,SE Paraíso I,CENTRO,AL,AL03062013,16/07/2026,16:20,Coqueiro,620780,URBANO,11.5,60,Sim,100,300,0,-10.1784717,-48.886374,0,,,,,V20260724105000316609055
1194,V0283,SE Paraíso I,CENTRO,AL,AL03062013,16/07/2026,16:21,Coqueiro,49286780,URBANO,11,60,Sim,150,250,0,-10.1784567,-48.8863026,0,,,,,V20260724105001786022490
1195,V0283,SE Paraíso I,CENTRO,AL,AL03062013,16/07/2026,16:21,Coqueiro,49286780,URBANO,11,60,Sim,150,250,0,-10.1784567,-48.8863026,3,https://raw.githubusercontent.com/LGRSV/vera-vegetacao/main/fotos/Enecol-Centro/VER20260716162109548125345F1.jpg,https://raw.githubusercontent.com/LGRSV/vera-vegetacao/main/fotos/Enecol-Centro/VER20260716162109548125345F2.jpg,https://raw.githubusercontent.com/LGRSV/vera-vegetacao/main/fotos/Enecol-Centro/VER20260716162109548125345F3.jpg,,V20260716162109548125345
1196,V0284,SE Paraíso I,CENTRO,AL,AL03062013,16/07/2026,16:22,Coqueiro,,URBANO,11.5,60,Sim,150,250,0,-10.1783786,-48.8862049,0,,,,,V20260724105003406326691
1197,V0284,SE Paraíso I,CENTRO,AL,AL03062013,16/07/2026,16:22,Coqueiro,,URBANO,11.5,60,Sim,150,250,0,-10.1783786,-48.8862049,3,https://raw.githubusercontent.com/LGRSV/vera-vegetacao/main/fotos/Enecol-Centro/VER20260716162209029153598F1.jpg,https://raw.githubusercontent.com/LGRSV/vera-vegetacao/main/fotos/Enecol-Centro/VER20260716162209029153598F2.jpg,https://raw.githubusercontent.com/LGRSV/vera-vegetacao/main/fotos/Enecol-Centro/VER20260716162209029153598F3.jpg,,V20260716162209029153598
1198,V0285,SE Paraíso I,CENTRO,AL,AL03062013,16/07/2026,16:23,Outros,49286746,URBANO,7.5,70,Sim,200,300,0,-10.178295,-48.886115,0,,,,,V20260724105004849535114
1199,V0285,SE Paraíso I,CENTRO,AL,AL03062013,16/07/2026,16:23,Outros,49286746,URBANO,7.5,70,Sim,200,300,0,-10.178295,-48.886115,3,https://raw.githubusercontent.com/LGRSV/vera-vegetacao/main/fotos/Enecol-Centro/VER20260716162340976615796F1.jpg,https://raw.githubusercontent.com/LGRSV/vera-vegetacao/main/fotos/Enecol-Centro/VER20260716162340976615796F2.jpg,https://raw.githubusercontent.com/LGRSV/vera-vegetacao/main/fotos/Enecol-Centro/VER20260716162340976615796F3.jpg,,V20260716162340976615796
1200,V0286,SE Paraíso I,CENTRO,AL,AL03062013,16/07/2026,16:24,Coqueiro,365649,URBANO,10.5,60,Sim,,50,0,-10.1782667,-48.8860317,0,,,,,V20260724105821880827594
1201,V0286,SE Paraíso I,CENTRO,AL,AL03062013,16/07/2026,16:24,Coqueiro,365649,URBANO,10.5,60,Sim,,50,0,-10.1782667,-48.8860317,3,https://raw.githubusercontent.com/LGRSV/vera-vegetacao/main/fotos/Enecol-Centro/VER20260716162456360194699F1.jpg,https://raw.githubusercontent.com/LGRSV/vera-vegetacao/main/fotos/Enecol-Centro/VER20260716162456360194699F2.jpg,https://raw.githubusercontent.com/LGRSV/vera-vegetacao/main/fotos/Enecol-Centro/VER20260716162456360194699F3.jpg,,V20260716162456360194699
1202,V0287,SE Paraíso I,CENTRO,AL,AL03062013,16/07/2026,16:25,Coqueiro,365649,URBANO,8,60,Sim,200,300,0,-10.1783183,-48.8860467,3,https://raw.githubusercontent.com/LGRSV/vera-vegetacao/main/fotos/Enecol-Centro/VER20260716162559706563490F1.jpg,https://raw.githubusercontent.com/LGRSV/vera-vegetacao/main/fotos/Enecol-Centro/VER20260716162559706563490F2.jpg,https://raw.githubusercontent.com/LGRSV/vera-vegetacao/main/fotos/Enecol-Centro/VER20260716162559706563490F3.jpg,,V20260716162559706563490
1203,V0287,SE Paraíso I,CENTRO,AL,AL03062013,16/07/2026,16:25,Coqueiro,365649,URBANO,8,60,Sim,200,300,0,-10.1783183,-48.8860467,0,,,,,V20260724105823503196274
1204,V0288,SE Paraíso I,CENTRO,AL,AL02062013,16/07/2026,16:30,Outros,1817944,URBANO,11,80,Sim,,100,0,-10.17804,-48.8854988,0,,,,,V20260724105824867092053
1205,V0288,SE Paraíso I,CENTRO,AL,AL02062013,16/07/2026,16:30,Outros,1817944,URBANO,11,80,Sim,,100,0,-10.17804,-48.8854988,3,https://raw.githubusercontent.com/LGRSV/vera-vegetacao/main/fotos/Enecol-Centro/VER20260716163025887889347F1.jpg,https://raw.githubusercontent.com/LGRSV/vera-vegetacao/main/fotos/Enecol-Centro/VER20260716163025887889347F2.jpg,https://raw.githubusercontent.com/LGRSV/vera-vegetacao/main/fotos/Enecol-Centro/VER20260716163025887889347F3.jpg,,V20260716163025887889347
1206,V0289,SE Paraíso I,CENTRO,AL,AL03062013,16/07/2026,16:31,Outros,619087,URBANO,9.5,100,Sim,,300,0,-10.1779413,-48.8853398,0,,,,,V20260724105826270406001
1207,V0289,SE Paraíso I,CENTRO,AL,AL03062013,16/07/2026,16:31,Outros,619087,URBANO,9.5,100,Sim,,300,0,-10.1779413,-48.8853398,3,https://raw.githubusercontent.com/LGRSV/vera-vegetacao/main/fotos/Enecol-Centro/VER20260716163132058610084F1.jpg,https://raw.githubusercontent.com/LGRSV/vera-vegetacao/main/fotos/Enecol-Centro/VER20260716163132058610084F2.jpg,https://raw.githubusercontent.com/LGRSV/vera-vegetacao/main/fotos/Enecol-Centro/VER20260716163132058610084F3.jpg,,V20260716163132058610084
1208,V0290,SE Paraíso I,CENTRO,AL,AL04062013,16/07/2026,16:33,Oiti,1689500,URBANO,5,60,Sim,,300,0,-10.1783439,-48.8851077,0,,,,,V20260724105827650942213
1209,V0290,SE Paraíso I,CENTRO,AL,AL04062013,16/07/2026,16:33,Oiti,1689500,URBANO,5,60,Sim,,300,0,-10.1783439,-48.8851077,3,https://raw.githubusercontent.com/LGRSV/vera-vegetacao/main/fotos/Enecol-Centro/VER20260716163340572202866F1.jpg,https://raw.githubusercontent.com/LGRSV/vera-vegetacao/main/fotos/Enecol-Centro/VER20260716163340572202866F2.jpg,https://raw.githubusercontent.com/LGRSV/vera-vegetacao/main/fotos/Enecol-Centro/VER20260716163340572202866F3.jpg,,V20260716163340572202866
1210,V0291,SE Paraíso I,CENTRO,AL,AL03062013,16/07/2026,16:41,Oiti,616767,URBANO,6,70,Sim,,300,0,-10.1805865,-48.8838463,3,https://raw.githubusercontent.com/LGRSV/vera-vegetacao/main/fotos/Enecol-Centro/VER20260716164104683257057F1.jpg,https://raw.githubusercontent.com/LGRSV/vera-vegetacao/main/fotos/Enecol-Centro/VER20260716164104683257057F2.jpg,https://raw.githubusercontent.com/LGRSV/vera-vegetacao/main/fotos/Enecol-Centro/VER20260716164104683257057F3.jpg,,V20260716164104683257057
1211,V0291,SE Paraíso I,CENTRO,AL,AL03062013,16/07/2026,16:41,Oiti,616767,URBANO,6,70,Sim,,300,0,-10.1805865,-48.8838463,0,,,,,V20260724105829109297258
1212,V0292,SE Paraíso I,CENTRO,AL,AL03062013,16/07/2026,16:41,Oiti,616767,URBANO,6,60,Sim,,300,0,-10.1805332,-48.8839432,0,,,,,V20260724105830469921041
1213,V0292,SE Paraíso I,CENTRO,AL,AL03062013,16/07/2026,16:41,Oiti,616767,URBANO,6,60,Sim,,300,0,-10.1805332,-48.8839432,3,https://raw.githubusercontent.com/LGRSV/vera-vegetacao/main/fotos/Enecol-Centro/VER20260716164147314231254F1.jpg,https://raw.githubusercontent.com/LGRSV/vera-vegetacao/main/fotos/Enecol-Centro/VER20260716164147314231254F2.jpg,https://raw.githubusercontent.com/LGRSV/vera-vegetacao/main/fotos/Enecol-Centro/VER20260716164147314231254F3.jpg,,V20260716164147314231254
1214,V0293,SE Paraíso I,CENTRO,AL,AL03062013,16/07/2026,16:42,Oiti,616767,URBANO,6,60,Sim,,300,0,-10.1804833,-48.8839767,3,https://raw.githubusercontent.com/LGRSV/vera-vegetacao/main/fotos/Enecol-Centro/VER20260716164250675831716F1.jpg,https://raw.githubusercontent.com/LGRSV/vera-vegetacao/main/fotos/Enecol-Centro/VER20260716164250675831716F2.jpg,https://raw.githubusercontent.com/LGRSV/vera-vegetacao/main/fotos/Enecol-Centro/VER20260716164250675831716F3.jpg,,V20260716164250675831716
1215,V0293,SE Paraíso I,CENTRO,AL,AL03062013,16/07/2026,16:42,Oiti,616767,URBANO,6,60,Sim,,300,0,-10.1804833,-48.8839767,0,,,,,V20260724105833628998560
1216,V0294,SE Paraíso I,CENTRO,AL,AL03062013,16/07/2026,16:47,Mogno,618016,URBANO,10,80,Sim,,0,0,-10.1813756,-48.8834957,0,,,,,V20260724105835325704200
1217,V0294,SE Paraíso I,CENTRO,AL,AL03062013,16/07/2026,16:47,Mogno,618016,URBANO,10,80,Sim,,0,0,-10.1813756,-48.8834957,3,https://raw.githubusercontent.com/LGRSV/vera-vegetacao/main/fotos/Enecol-Centro/VER20260716164802311276063F1.jpg,https://raw.githubusercontent.com/LGRSV/vera-vegetacao/main/fotos/Enecol-Centro/VER20260716164802311276063F2.jpg,https://raw.githubusercontent.com/LGRSV/vera-vegetacao/main/fotos/Enecol-Centro/VER20260716164802311276063F3.jpg,,V20260716164802311276063
1218,V0295,SE Paraíso I,CENTRO,AL,AL03062013,16/07/2026,16:49,Outros,618016,URBANO,5,50,Sim,,300,0,-10.181444,-48.8835467,3,https://raw.githubusercontent.com/LGRSV/vera-vegetacao/main/fotos/Enecol-Centro/VER20260716164908526260475F1.jpg,https://raw.githubusercontent.com/LGRSV/vera-vegetacao/main/fotos/Enecol-Centro/VER20260716164908526260475F2.jpg,https://raw.githubusercontent.com/LGRSV/vera-vegetacao/main/fotos/Enecol-Centro/VER20260716164908526260475F3.jpg,,V20260716164908526260475
1219,V0295,SE Paraíso I,CENTRO,AL,AL03062013,16/07/2026,16:49,Outros,618016,URBANO,5,50,Sim,,300,0,-10.181444,-48.8835467,0,,,,,V20260724105836746205026
1220,V0296,SE Paraíso I,CENTRO,AL,AL03062013,16/07/2026,16:50,Coqueiro,618016,URBANO,5,30,Sim,,300,0,-10.1816455,-48.8833469,3,https://raw.githubusercontent.com/LGRSV/vera-vegetacao/main/fotos/Enecol-Centro/VER20260716165009868772503F1.jpg,https://raw.githubusercontent.com/LGRSV/vera-vegetacao/main/fotos/Enecol-Centro/VER20260716165009868772503F2.jpg,https://raw.githubusercontent.com/LGRSV/vera-vegetacao/main/fotos/Enecol-Centro/VER20260716165009868772503F3.jpg,,V20260716165009868772503
1221,V0296,SE Paraíso I,CENTRO,AL,AL03062013,16/07/2026,16:50,Coqueiro,618016,URBANO,5,30,Sim,,300,0,-10.1816455,-48.8833469,0,,,,,V20260724105840173350561
1222,V0297,SE Paraíso I,CENTRO,AL,AL04062013,16/07/2026,16:51,Goiaba,1689225,URBANO,5.5,50,Sim,,300,0,-10.1816552,-48.8832669,0,,,,,V20260724105841559569887
1223,V0297,SE Paraíso I,CENTRO,AL,AL04062013,16/07/2026,16:51,Goiaba,1689225,URBANO,5.5,50,Sim,,300,0,-10.1816552,-48.8832669,3,https://raw.githubusercontent.com/LGRSV/vera-vegetacao/main/fotos/Enecol-Centro/VER20260716165114184530853F1.jpg,https://raw.githubusercontent.com/LGRSV/vera-vegetacao/main/fotos/Enecol-Centro/VER20260716165114184530853F2.jpg,https://raw.githubusercontent.com/LGRSV/vera-vegetacao/main/fotos/Enecol-Centro/VER20260716165114184530853F3.jpg,,V20260716165114184530853
1224,V0298,SE Paraíso I,CENTRO,AL,AL03062013,16/07/2026,16:55,Outros,619662,URBANO,6.5,70,Sim,,300,0,-10.1823583,-48.8825333,3,https://raw.githubusercontent.com/LGRSV/vera-vegetacao/main/fotos/Enecol-Centro/VER20260716165517768808346F1.jpg,https://raw.githubusercontent.com/LGRSV/vera-vegetacao/main/fotos/Enecol-Centro/VER20260716165517768808346F2.jpg,https://raw.githubusercontent.com/LGRSV/vera-vegetacao/main/fotos/Enecol-Centro/VER20260716165517768808346F3.jpg,,V20260716165517768808346
1225,V0298,SE Paraíso I,CENTRO,AL,AL03062013,16/07/2026,16:55,Outros,619662,URBANO,6.5,70,Sim,,300,0,-10.1823583,-48.8825333,0,,,,,V20260724105842839345878
1226,V0299,SE Paraíso I,CENTRO,AL,AL04062013,16/07/2026,16:56,Mogno,600748,URBANO,7,50,Sim,,300,0,-10.1821433,-48.882135,3,https://raw.githubusercontent.com/LGRSV/vera-vegetacao/main/fotos/Enecol-Centro/VER20260716165702415199996F1.jpg,https://raw.githubusercontent.com/LGRSV/vera-vegetacao/main/fotos/Enecol-Centro/VER20260716165702415199996F2.jpg,https://raw.githubusercontent.com/LGRSV/vera-vegetacao/main/fotos/Enecol-Centro/VER20260716165702415199996F3.jpg,,V20260716165702415199996
1227,V0299,SE Paraíso I,CENTRO,AL,AL04062013,16/07/2026,16:56,Mogno,600748,URBANO,7,50,Sim,,300,0,-10.1821433,-48.882135,0,,,,,V20260724105844229900325
1228,V0300,SE Paraíso I,CENTRO,AL,AL04062013,16/07/2026,16:58,Caja,136350,URBANO,10,120,Sim,,100,0,-10.181985,-48.8820717,0,,,,,V20260724105845675820657
1229,V0300,SE Paraíso I,CENTRO,AL,AL04062013,16/07/2026,16:58,Caja,136350,URBANO,10,120,Sim,,100,0,-10.181985,-48.8820717,3,https://raw.githubusercontent.com/LGRSV/vera-vegetacao/main/fotos/Enecol-Centro/VER20260716165827167654717F1.jpg,https://raw.githubusercontent.com/LGRSV/vera-vegetacao/main/fotos/Enecol-Centro/VER20260716165827167654717F2.jpg,https://raw.githubusercontent.com/LGRSV/vera-vegetacao/main/fotos/Enecol-Centro/VER20260716165827167654717F3.jpg,,V20260716165827167654717
1230,V0301,SE Paraíso I,CENTRO,AL,AL03062013,16/07/2026,16:59,Oiti,600750,URBANO,4.5,45,Sim,,300,0,-10.18195,-48.8819283,0,,,,,V20260724105849352745903
1231,V0301,SE Paraíso I,CENTRO,AL,AL03062013,16/07/2026,16:59,Oiti,600750,URBANO,4.5,45,Sim,,300,0,-10.18195,-48.8819283,3,https://raw.githubusercontent.com/LGRSV/vera-vegetacao/main/fotos/Enecol-Centro/VER20260716165944734295435F1.jpg,https://raw.githubusercontent.com/LGRSV/vera-vegetacao/main/fotos/Enecol-Centro/VER20260716165944734295435F2.jpg,https://raw.githubusercontent.com/LGRSV/vera-vegetacao/main/fotos/Enecol-Centro/VER20260716165944734295435F3.jpg,,V20260716165944734295435
1232,V0302,SE Paraíso I,CENTRO,AL,AL03062013,16/07/2026,17:05,Oiti,606779,URBANO,7.5,80,Sim,,300,0,-10.18158,-48.8812983,3,https://raw.githubusercontent.com/LGRSV/vera-vegetacao/main/fotos/Enecol-Centro/VER20260716170512088990415F1.jpg,https://raw.githubusercontent.com/LGRSV/vera-vegetacao/main/fotos/Enecol-Centro/VER20260716170512088990415F2.jpg,https://raw.githubusercontent.com/LGRSV/vera-vegetacao/main/fotos/Enecol-Centro/VER20260716170512088990415F3.jpg,,V20260716170512088990415
1233,V0302,SE Paraíso I,CENTRO,AL,AL03062013,16/07/2026,17:05,Oiti,606779,URBANO,7.5,80,Sim,,300,0,-10.18158,-48.8812983,0,,,,,V20260724105851148844510
1234,V0303,SE Paraíso I,CENTRO,AL,AL03062013,16/07/2026,17:06,Oiti,606779,URBANO,7.5,50,Sim,,300,0,-10.18168,-48.8812667,0,,,,,V20260724105852679790143
1235,V0303,SE Paraíso I,CENTRO,AL,AL03062013,16/07/2026,17:06,Oiti,606779,URBANO,7.5,50,Sim,,300,0,-10.18168,-48.8812667,3,https://raw.githubusercontent.com/LGRSV/vera-vegetacao/main/fotos/Enecol-Centro/VER20260716170623943190698F1.jpg,https://raw.githubusercontent.com/LGRSV/vera-vegetacao/main/fotos/Enecol-Centro/VER20260716170623943190698F2.jpg,https://raw.githubusercontent.com/LGRSV/vera-vegetacao/main/fotos/Enecol-Centro/VER20260716170623943190698F3.jpg,,V20260716170623943190698
1236,V0304,SE Paraíso I,CENTRO,AL,AL04062013,16/07/2026,17:08,Oiti,624620,URBANO,7,65,Sim,,300,0,-10.1815917,-48.88137,0,,,,,V20260724105855987496670
1237,V0304,SE Paraíso I,CENTRO,AL,AL04062013,16/07/2026,17:08,Oiti,624620,URBANO,7,65,Sim,,300,0,-10.1815917,-48.88137,3,https://raw.githubusercontent.com/LGRSV/vera-vegetacao/main/fotos/Enecol-Centro/VER20260716170811429928732F1.jpg,https://raw.githubusercontent.com/LGRSV/vera-vegetacao/main/fotos/Enecol-Centro/VER20260716170811429928732F2.jpg,https://raw.githubusercontent.com/LGRSV/vera-vegetacao/main/fotos/Enecol-Centro/VER20260716170811429928732F3.jpg,,V20260716170811429928732
1238,V0305,SE Paraíso I,CENTRO,AL,AL03062013,16/07/2026,17:20,Mangueira,49063563,URBANO,16,160,Sim,50,200,0,-10.1814567,-48.8786233,0,,,,,V20260724105857350483021
1239,V0305,SE Paraíso I,CENTRO,AL,AL03062013,16/07/2026,17:20,Mangueira,49063563,URBANO,16,160,Sim,50,200,0,-10.1814567,-48.8786233,3,https://raw.githubusercontent.com/LGRSV/vera-vegetacao/main/fotos/Enecol-Centro/VER20260716172025689014792F1.jpg,https://raw.githubusercontent.com/LGRSV/vera-vegetacao/main/fotos/Enecol-Centro/VER20260716172025689014792F2.jpg,https://raw.githubusercontent.com/LGRSV/vera-vegetacao/main/fotos/Enecol-Centro/VER20260716172025689014792F3.jpg,,V20260716172025689014792
1240,V0306,SE Paraíso I,CENTRO,AL,AL03062013,16/07/2026,17:21,Outros,624627,URBANO,11,95,Sim,250,100,0,-10.1814333,-48.878835,0,,,,,V20260724105858703915947
1241,V0306,SE Paraíso I,CENTRO,AL,AL03062013,16/07/2026,17:21,Outros,624627,URBANO,11,95,Sim,250,100,0,-10.1814333,-48.878835,3,https://raw.githubusercontent.com/LGRSV/vera-vegetacao/main/fotos/Enecol-Centro/VER20260716172148517585472F1.jpg,https://raw.githubusercontent.com/LGRSV/vera-vegetacao/main/fotos/Enecol-Centro/VER20260716172148517585472F2.jpg,https://raw.githubusercontent.com/LGRSV/vera-vegetacao/main/fotos/Enecol-Centro/VER20260716172148517585472F3.jpg,,V20260716172148517585472
1242,V0307,SE Paraíso I,CENTRO,AL,AL03062013,16/07/2026,17:23,Cajueiro,49063563,URBANO,6.5,60,Sim,250,300,0,-10.1814444,-48.8780205,0,,,,,V20260724105900275340282
1243,V0307,SE Paraíso I,CENTRO,AL,AL03062013,16/07/2026,17:23,Cajueiro,49063563,URBANO,6.5,60,Sim,250,300,0,-10.1814444,-48.8780205,3,https://raw.githubusercontent.com/LGRSV/vera-vegetacao/main/fotos/Enecol-Centro/VER20260716172343163161826F1.jpg,https://raw.githubusercontent.com/LGRSV/vera-vegetacao/main/fotos/Enecol-Centro/VER20260716172343163161826F2.jpg,https://raw.githubusercontent.com/LGRSV/vera-vegetacao/main/fotos/Enecol-Centro/VER20260716172343163161826F3.jpg,,V20260716172343163161826
1244,V0308,SE Paraíso I,CENTRO,AL,AL03062013,16/07/2026,17:24,Coqueiro,624625,URBANO,12,80,Sim,300,300,0,-10.181357,-48.8779916,0,,,,,V20260724105901736367506
1245,V0308,SE Paraíso I,CENTRO,AL,AL03062013,16/07/2026,17:24,Coqueiro,624625,URBANO,12,80,Sim,300,300,0,-10.181357,-48.8779916,3,https://raw.githubusercontent.com/LGRSV/vera-vegetacao/main/fotos/Enecol-Centro/VER20260716172452739050787F1.jpg,https://raw.githubusercontent.com/LGRSV/vera-vegetacao/main/fotos/Enecol-Centro/VER20260716172452739050787F2.jpg,https://raw.githubusercontent.com/LGRSV/vera-vegetacao/main/fotos/Enecol-Centro/VER20260716172452739050787F3.jpg,,V20260716172452739050787
1246,V0309,SE Paraíso I,CENTRO,AL,AL03062013,16/07/2026,17:26,Caja,619185,URBANO,9,90,Sim,50,250,0,-10.181435,-48.8775633,0,,,,,V20260724105903056756400
1247,V0309,SE Paraíso I,CENTRO,AL,AL03062013,16/07/2026,17:26,Caja,619185,URBANO,9,90,Sim,50,250,0,-10.181435,-48.8775633,3,https://raw.githubusercontent.com/LGRSV/vera-vegetacao/main/fotos/Enecol-Centro/VER20260716172640739447286F1.jpg,https://raw.githubusercontent.com/LGRSV/vera-vegetacao/main/fotos/Enecol-Centro/VER20260716172640739447286F2.jpg,https://raw.githubusercontent.com/LGRSV/vera-vegetacao/main/fotos/Enecol-Centro/VER20260716172640739447286F3.jpg,,V20260716172640739447286
1248,V0310,SE Paraíso I,CENTRO,AL,AL04062013,16/07/2026,17:27,Cajueiro,1826516,URBANO,4.5,65,,300,300,0,-10.1814095,-48.8773621,3,https://raw.githubusercontent.com/LGRSV/vera-vegetacao/main/fotos/Enecol-Centro/VER20260716172755183947110F1.jpg,https://raw.githubusercontent.com/LGRSV/vera-vegetacao/main/fotos/Enecol-Centro/VER20260716172755183947110F2.jpg,https://raw.githubusercontent.com/LGRSV/vera-vegetacao/main/fotos/Enecol-Centro/VER20260716172755183947110F3.jpg,,V20260716172755183947110
1249,V0310,SE Paraíso I,CENTRO,AL,AL04062013,16/07/2026,17:27,Cajueiro,1826516,URBANO,4.5,65,,300,300,0,-10.1814095,-48.8773621,0,,,,,V20260724105904467399202
1250,V0311,SE Paraíso I,CENTRO,AL,AL03062013,16/07/2026,17:40,Outros,1455512,URBANO,10,100,Não,,0,0,-10.18189,-48.8758317,0,,,,,V20260724105905845505659
1251,V0311,SE Paraíso I,CENTRO,AL,AL03062013,16/07/2026,17:40,Outros,1455512,URBANO,10,100,Não,,0,0,-10.18189,-48.8758317,3,https://raw.githubusercontent.com/LGRSV/vera-vegetacao/main/fotos/Enecol-Centro/VER20260716174030142846240F1.jpg,https://raw.githubusercontent.com/LGRSV/vera-vegetacao/main/fotos/Enecol-Centro/VER20260716174030142846240F2.jpg,https://raw.githubusercontent.com/LGRSV/vera-vegetacao/main/fotos/Enecol-Centro/VER20260716174030142846240F3.jpg,,V20260716174030142846240
1252,V0312,SE Paraíso I,CENTRO,AL,AL04062013,17/07/2026,09:46,Mogno,607797,URBANO,10,100,Sim,0,150,0,-10.1763717,-48.8824096,0,,,,,V20260724105908988107239
1253,V0312,SE Paraíso I,CENTRO,AL,AL04062013,17/07/2026,09:46,Mogno,607797,URBANO,10,100,Sim,0,150,0,-10.1763717,-48.8824096,3,https://raw.githubusercontent.com/LGRSV/vera-vegetacao/main/fotos/Enecol-Centro/VER20260717094614791004892F1.jpg,https://raw.githubusercontent.com/LGRSV/vera-vegetacao/main/fotos/Enecol-Centro/VER20260717094614791004892F2.jpg,https://raw.githubusercontent.com/LGRSV/vera-vegetacao/main/fotos/Enecol-Centro/VER20260717094614791004892F3.jpg,,V20260717094614791004892
1254,V0313,SE Paraíso I,CENTRO,AL,AL04062013,17/07/2026,09:55,Oiti,208018,URBANO,9.5,90,Sim,300,300,0,-10.1761167,-48.8818033,0,,,,,V20260724105910437308168
1255,V0313,SE Paraíso I,CENTRO,AL,AL04062013,17/07/2026,09:55,Oiti,208018,URBANO,9.5,90,Sim,300,300,0,-10.1761167,-48.8818033,3,https://raw.githubusercontent.com/LGRSV/vera-vegetacao/main/fotos/Enecol-Centro/VER20260717095554349421136F1.jpg,https://raw.githubusercontent.com/LGRSV/vera-vegetacao/main/fotos/Enecol-Centro/VER20260717095554349421136F2.jpg,https://raw.githubusercontent.com/LGRSV/vera-vegetacao/main/fotos/Enecol-Centro/VER20260717095554349421136F3.jpg,,V20260717095554349421136
1256,V0314,SE Paraíso I,CENTRO,AL,AL04062013,17/07/2026,09:57,Oiti,1336573,URBANO,8,80,Sim,0,100,0,-10.1762817,-48.881615,0,,,,,V20260724105912037573076
1257,V0314,SE Paraíso I,CENTRO,AL,AL04062013,17/07/2026,09:57,Oiti,1336573,URBANO,8,80,Sim,0,100,0,-10.1762817,-48.881615,3,https://raw.githubusercontent.com/LGRSV/vera-vegetacao/main/fotos/Enecol-Centro/VER20260717095714344418377F1.jpg,https://raw.githubusercontent.com/LGRSV/vera-vegetacao/main/fotos/Enecol-Centro/VER20260717095714344418377F2.jpg,https://raw.githubusercontent.com/LGRSV/vera-vegetacao/main/fotos/Enecol-Centro/VER20260717095714344418377F3.jpg,,V20260717095714344418377
1258,V0315,SE Paraíso I,CENTRO,AL,AL04062013,17/07/2026,09:58,Mogno,606091,URBANO,8.5,85,Sim,150,250,0,-10.1763233,-48.8815783,0,,,,,V20260724105913588384369
1259,V0315,SE Paraíso I,CENTRO,AL,AL04062013,17/07/2026,09:58,Mogno,606091,URBANO,8.5,85,Sim,150,250,0,-10.1763233,-48.8815783,3,https://raw.githubusercontent.com/LGRSV/vera-vegetacao/main/fotos/Enecol-Centro/VER20260717095836221958476F1.jpg,https://raw.githubusercontent.com/LGRSV/vera-vegetacao/main/fotos/Enecol-Centro/VER20260717095836221958476F2.jpg,https://raw.githubusercontent.com/LGRSV/vera-vegetacao/main/fotos/Enecol-Centro/VER20260717095836221958476F3.jpg,,V20260717095836221958476
1260,V0316,SE Paraíso I,CENTRO,AL,AL04062013,17/07/2026,10:00,Outros,135810,URBANO,8,60,Sim,0,50,0,-10.1767017,-48.88128,0,,,,,V20260724105916916265370
1261,V0316,SE Paraíso I,CENTRO,AL,AL04062013,17/07/2026,10:00,Outros,135810,URBANO,8,60,Sim,0,50,0,-10.1767017,-48.88128,3,https://raw.githubusercontent.com/LGRSV/vera-vegetacao/main/fotos/Enecol-Centro/VER20260717100049847370136F1.jpg,https://raw.githubusercontent.com/LGRSV/vera-vegetacao/main/fotos/Enecol-Centro/VER20260717100049847370136F2.jpg,https://raw.githubusercontent.com/LGRSV/vera-vegetacao/main/fotos/Enecol-Centro/VER20260717100049847370136F3.jpg,,V20260717100049847370136
1262,V0317,SE Paraíso I,CENTRO,AL,AL04062013,17/07/2026,10:02,Buriti,606445,URBANO,11,80,Sim,300,250,0,-10.17704,-48.8811567,3,https://raw.githubusercontent.com/LGRSV/vera-vegetacao/main/fotos/Enecol-Centro/VER20260717100221501145202F1.jpg,https://raw.githubusercontent.com/LGRSV/vera-vegetacao/main/fotos/Enecol-Centro/VER20260717100221501145202F2.jpg,https://raw.githubusercontent.com/LGRSV/vera-vegetacao/main/fotos/Enecol-Centro/VER20260717100221501145202F3.jpg,,V20260717100221501145202
1263,V0317,SE Paraíso I,CENTRO,AL,AL04062013,17/07/2026,10:02,Buriti,606445,URBANO,11,80,Sim,300,250,0,-10.17704,-48.8811567,0,,,,,V20260724105918330745964
1264,V0318,SE Paraíso I,CENTRO,AL,AL04062013,17/07/2026,10:05,Babaçu,1696517,URBANO,10.5,70,Sim,,250,0,-10.176055,-48.880955,0,,,,,V20260724105919757849813
1265,V0318,SE Paraíso I,CENTRO,AL,AL04062013,17/07/2026,10:05,Babaçu,1696517,URBANO,10.5,70,Sim,,250,0,-10.176055,-48.880955,3,https://raw.githubusercontent.com/LGRSV/vera-vegetacao/main/fotos/Enecol-Centro/VER20260717100553738853333F1.jpg,https://raw.githubusercontent.com/LGRSV/vera-vegetacao/main/fotos/Enecol-Centro/VER20260717100553738853333F2.jpg,https://raw.githubusercontent.com/LGRSV/vera-vegetacao/main/fotos/Enecol-Centro/VER20260717100553738853333F3.jpg,,V20260717100553738853333
1266,V0319,SE Paraíso I,CENTRO,AL,AL04062013,17/07/2026,10:07,Outros,626332,URBANO,9.5,85,Sim,,50,0,-10.1757867,-48.8808833,0,,,,,V20260724105921626766195
1267,V0319,SE Paraíso I,CENTRO,AL,AL04062013,17/07/2026,10:07,Outros,626332,URBANO,9.5,85,Sim,,50,0,-10.1757867,-48.8808833,3,https://raw.githubusercontent.com/LGRSV/vera-vegetacao/main/fotos/Enecol-Centro/VER20260717100714351130308F1.jpg,https://raw.githubusercontent.com/LGRSV/vera-vegetacao/main/fotos/Enecol-Centro/VER20260717100714351130308F2.jpg,https://raw.githubusercontent.com/LGRSV/vera-vegetacao/main/fotos/Enecol-Centro/VER20260717100714351130308F3.jpg,,V20260717100714351130308
1268,V0320,SE Paraíso I,CENTRO,AL,AL04062013,17/07/2026,10:08,Outros,626332,URBANO,14,100,Sim,,150,0,-10.1757633,-48.880915,0,,,,,V20260724105923111133678
1269,V0320,SE Paraíso I,CENTRO,AL,AL04062013,17/07/2026,10:08,Outros,626332,URBANO,14,100,Sim,,150,0,-10.1757633,-48.880915,3,https://raw.githubusercontent.com/LGRSV/vera-vegetacao/main/fotos/Enecol-Centro/VER20260717100822642881929F1.jpg,https://raw.githubusercontent.com/LGRSV/vera-vegetacao/main/fotos/Enecol-Centro/VER20260717100822642881929F2.jpg,https://raw.githubusercontent.com/LGRSV/vera-vegetacao/main/fotos/Enecol-Centro/VER20260717100822642881929F3.jpg,,V20260717100822642881929
1270,V0321,SE Paraíso I,CENTRO,AL,AL04062013,17/07/2026,10:09,Outros,626331,URBANO,17,85,Sim,,300,0,-10.1757167,-48.880925,3,https://raw.githubusercontent.com/LGRSV/vera-vegetacao/main/fotos/Enecol-Centro/VER20260717100925573525637F1.jpg,https://raw.githubusercontent.com/LGRSV/vera-vegetacao/main/fotos/Enecol-Centro/VER20260717100925573525637F2.jpg,https://raw.githubusercontent.com/LGRSV/vera-vegetacao/main/fotos/Enecol-Centro/VER20260717100925573525637F3.jpg,,V20260717100925573525637
1271,V0321,SE Paraíso I,CENTRO,AL,AL04062013,17/07/2026,10:09,Outros,626331,URBANO,17,85,Sim,,300,0,-10.1757167,-48.880925,0,,,,,V20260724105924617668605
1272,V0322,SE Paraíso I,CENTRO,AL,AL04062013,17/07/2026,10:10,Outros,626331,URBANO,8,90,Sim,,200,0,-10.175655,-48.8809533,0,,,,,V20260724105927915450981
1273,V0322,SE Paraíso I,CENTRO,AL,AL04062013,17/07/2026,10:10,Outros,626331,URBANO,8,90,Sim,,200,0,-10.175655,-48.8809533,3,https://raw.githubusercontent.com/LGRSV/vera-vegetacao/main/fotos/Enecol-Centro/VER20260717101028951501808F1.jpg,https://raw.githubusercontent.com/LGRSV/vera-vegetacao/main/fotos/Enecol-Centro/VER20260717101028951501808F2.jpg,https://raw.githubusercontent.com/LGRSV/vera-vegetacao/main/fotos/Enecol-Centro/VER20260717101028951501808F3.jpg,,V20260717101028951501808
1274,V0323,SE Paraíso I,CENTRO,AL,AL04062013,17/07/2026,10:12,Babaçu,626331,URBANO,11,80,Sim,,100,0,-10.1756217,-48.88102,0,,,,,V20260724105929274915224
1275,V0323,SE Paraíso I,CENTRO,AL,AL04062013,17/07/2026,10:12,Babaçu,626331,URBANO,11,80,Sim,,100,0,-10.1756217,-48.88102,3,https://raw.githubusercontent.com/LGRSV/vera-vegetacao/main/fotos/Enecol-Centro/VER20260717101247923131622F1.jpg,https://raw.githubusercontent.com/LGRSV/vera-vegetacao/main/fotos/Enecol-Centro/VER20260717101247923131622F2.jpg,https://raw.githubusercontent.com/LGRSV/vera-vegetacao/main/fotos/Enecol-Centro/VER20260717101247923131622F3.jpg,,V20260717101247923131622
1276,V0324,SE Paraíso I,CENTRO,AL,AL04062013,17/07/2026,10:14,Outros,626332,URBANO,16,130,Sim,,250,0,-10.1756783,-48.8806433,3,https://raw.githubusercontent.com/LGRSV/vera-vegetacao/main/fotos/Enecol-Centro/VER20260717101441381866143F1.jpg,https://raw.githubusercontent.com/LGRSV/vera-vegetacao/main/fotos/Enecol-Centro/VER20260717101441381866143F2.jpg,https://raw.githubusercontent.com/LGRSV/vera-vegetacao/main/fotos/Enecol-Centro/VER20260717101441381866143F3.jpg,,V20260717101441381866143
1277,V0324,SE Paraíso I,CENTRO,AL,AL04062013,17/07/2026,10:14,Outros,626332,URBANO,16,130,Sim,,250,0,-10.1756783,-48.8806433,0,,,,,V20260724105930699009191
1278,V0325,SE Paraíso I,CENTRO,AL,AL04062013,17/07/2026,10:16,Outros,,URBANO,,140,Sim,,250,0,-10.175665,-48.8807167,4,https://raw.githubusercontent.com/LGRSV/vera-vegetacao/main/fotos/Enecol-Centro/VER20260717101604605880198F1.jpg,https://raw.githubusercontent.com/LGRSV/vera-vegetacao/main/fotos/Enecol-Centro/VER20260717101604605880198F2.jpg,https://raw.githubusercontent.com/LGRSV/vera-vegetacao/main/fotos/Enecol-Centro/VER20260717101604605880198F3.jpg,https://raw.githubusercontent.com/LGRSV/vera-vegetacao/main/fotos/Enecol-Centro/VER20260717101604605880198F4.jpg,V20260717101604605880198
1279,V0325,SE Paraíso I,CENTRO,AL,AL04062013,17/07/2026,10:16,Outros,,URBANO,,140,Sim,,250,0,-10.175665,-48.8807167,0,,,,,V20260724105932355152096
1280,V0326,SE Paraíso I,CENTRO,AL,AL04062013,17/07/2026,10:17,Oiti,626332,URBANO,18,160,Sim,,300,0,-10.1756,-48.8807217,3,https://raw.githubusercontent.com/LGRSV/vera-vegetacao/main/fotos/Enecol-Centro/VER20260717101725319735837F1.jpg,https://raw.githubusercontent.com/LGRSV/vera-vegetacao/main/fotos/Enecol-Centro/VER20260717101725319735837F2.jpg,https://raw.githubusercontent.com/LGRSV/vera-vegetacao/main/fotos/Enecol-Centro/VER20260717101725319735837F3.jpg,,V20260717101725319735837
1281,V0326,SE Paraíso I,CENTRO,AL,AL04062013,17/07/2026,10:17,Oiti,626332,URBANO,18,160,Sim,,300,0,-10.1756,-48.8807217,0,,,,,V20260724105933739113877
1282,V0327,SE Paraíso I,CENTRO,AL,AL04062013,17/07/2026,10:22,Outros,56517640,URBANO,5.5,40,Sim,300,300,0,-10.1758427,-48.8813278,0,,,,,V20260724105935397494430
1283,V0327,SE Paraíso I,CENTRO,AL,AL04062013,17/07/2026,10:22,Outros,56517640,URBANO,5.5,40,Sim,300,300,0,-10.1758427,-48.8813278,3,https://raw.githubusercontent.com/LGRSV/vera-vegetacao/main/fotos/Enecol-Centro/VER20260717102252650188358F1.jpg,https://raw.githubusercontent.com/LGRSV/vera-vegetacao/main/fotos/Enecol-Centro/VER20260717102252650188358F2.jpg,https://raw.githubusercontent.com/LGRSV/vera-vegetacao/main/fotos/Enecol-Centro/VER20260717102252650188358F3.jpg,,V20260717102252650188358
1284,V0328,SE Paraíso I,CENTRO,AL,AL04062013,17/07/2026,10:46,Outros,609182,URBANO,9,80,Sim,0,150,0,-10.17665,-48.88015,0,,,,,V20260724105936842421456
1285,V0328,SE Paraíso I,CENTRO,AL,AL04062013,17/07/2026,10:46,Outros,609182,URBANO,9,80,Sim,0,150,0,-10.17665,-48.88015,3,https://raw.githubusercontent.com/LGRSV/vera-vegetacao/main/fotos/Enecol-Centro/VER20260717104622998689408F1.jpg,https://raw.githubusercontent.com/LGRSV/vera-vegetacao/main/fotos/Enecol-Centro/VER20260717104622998689408F2.jpg,https://raw.githubusercontent.com/LGRSV/vera-vegetacao/main/fotos/Enecol-Centro/VER20260717104622998689408F3.jpg,,V20260717104622998689408
1286,V0329,SE Paraíso I,CENTRO,AL,AL02062013,17/07/2026,11:20,Outros,600667,URBANO,8.5,80,Sim,50,250,0,-10.180415,-48.8941983,3,https://raw.githubusercontent.com/LGRSV/vera-vegetacao/main/fotos/Enecol-Centro/VER20260717112035500026383F1.jpg,https://raw.githubusercontent.com/LGRSV/vera-vegetacao/main/fotos/Enecol-Centro/VER20260717112035500026383F2.jpg,https://raw.githubusercontent.com/LGRSV/vera-vegetacao/main/fotos/Enecol-Centro/VER20260717112035500026383F3.jpg,,V20260717112035500026383
1287,V0329,SE Paraíso I,CENTRO,AL,AL02062013,17/07/2026,11:20,Outros,600667,URBANO,8.5,80,Sim,50,250,0,-10.180415,-48.8941983,0,,,,,V20260724105938316043738
1288,V0330,SE Paraíso I,CENTRO,AL,AL02062013,17/07/2026,11:22,Outros,600666,URBANO,4,30,Sim,,,0,-10.1801717,-48.8936067,3,https://raw.githubusercontent.com/LGRSV/vera-vegetacao/main/fotos/Enecol-Centro/VER20260717112238839638586F1.jpg,https://raw.githubusercontent.com/LGRSV/vera-vegetacao/main/fotos/Enecol-Centro/VER20260717112238839638586F2.jpg,https://raw.githubusercontent.com/LGRSV/vera-vegetacao/main/fotos/Enecol-Centro/VER20260717112238839638586F3.jpg,,V20260717112238839638586
1289,V0330,SE Paraíso I,CENTRO,AL,AL02062013,17/07/2026,11:22,Outros,600666,URBANO,4,30,Sim,,,0,-10.1801717,-48.8936067,0,,,,,V20260724105939796898115
1290,V0331,SE Paraíso I,CENTRO,AL,AL02062013,17/07/2026,11:34,Outros,619113,URBANO,7.5,90,Sim,100,300,0,-10.17766,-48.8891567,0,,,,,V20260724105941267138251
1291,V0331,SE Paraíso I,CENTRO,AL,AL02062013,17/07/2026,11:34,Outros,619113,URBANO,7.5,90,Sim,100,300,0,-10.17766,-48.8891567,3,https://raw.githubusercontent.com/LGRSV/vera-vegetacao/main/fotos/Enecol-Centro/VER20260717113455962989901F1.jpg,https://raw.githubusercontent.com/LGRSV/vera-vegetacao/main/fotos/Enecol-Centro/VER20260717113455962989901F2.jpg,https://raw.githubusercontent.com/LGRSV/vera-vegetacao/main/fotos/Enecol-Centro/VER20260717113455962989901F3.jpg,,V20260717113455962989901
1292,V0332,SE Paraíso I,CENTRO,AL,AL02062013,17/07/2026,11:36,Outros,619112,URBANO,12,95,Sim,300,250,0,-10.177654,-48.889029,0,,,,,V20260724105942627335706
1293,V0332,SE Paraíso I,CENTRO,AL,AL02062013,17/07/2026,11:36,Outros,619112,URBANO,12,95,Sim,300,250,0,-10.177654,-48.889029,3,https://raw.githubusercontent.com/LGRSV/vera-vegetacao/main/fotos/Enecol-Centro/VER20260717113636226155137F1.jpg,https://raw.githubusercontent.com/LGRSV/vera-vegetacao/main/fotos/Enecol-Centro/VER20260717113636226155137F2.jpg,https://raw.githubusercontent.com/LGRSV/vera-vegetacao/main/fotos/Enecol-Centro/VER20260717113636226155137F3.jpg,,V20260717113636226155137
1294,V0333,SE Paraíso I,CENTRO,AL,AL02062013,17/07/2026,11:43,Outros,49376732,URBANO,12.5,150,Sim,50,50,0,-10.177275,-48.8881617,0,,,,,V20260724105944174790383
1295,V0333,SE Paraíso I,CENTRO,AL,AL02062013,17/07/2026,11:43,Outros,49376732,URBANO,12.5,150,Sim,50,50,0,-10.177275,-48.8881617,3,https://raw.githubusercontent.com/LGRSV/vera-vegetacao/main/fotos/Enecol-Centro/VER20260717114312837411203F1.jpg,https://raw.githubusercontent.com/LGRSV/vera-vegetacao/main/fotos/Enecol-Centro/VER20260717114312837411203F2.jpg,https://raw.githubusercontent.com/LGRSV/vera-vegetacao/main/fotos/Enecol-Centro/VER20260717114312837411203F3.jpg,,V20260717114312837411203
1296,V0334,SE Paraíso I,CENTRO,AL,AL02062013,17/07/2026,11:44,Oiti,33197317,URBANO,9,95,Sim,50,100,0,-10.1769367,-48.8876917,0,,,,,V20260724105945546559344
1297,V0334,SE Paraíso I,CENTRO,AL,AL02062013,17/07/2026,11:44,Oiti,33197317,URBANO,9,95,Sim,50,100,0,-10.1769367,-48.8876917,3,https://raw.githubusercontent.com/LGRSV/vera-vegetacao/main/fotos/Enecol-Centro/VER20260717114457170326845F1.jpg,https://raw.githubusercontent.com/LGRSV/vera-vegetacao/main/fotos/Enecol-Centro/VER20260717114457170326845F2.jpg,https://raw.githubusercontent.com/LGRSV/vera-vegetacao/main/fotos/Enecol-Centro/VER20260717114457170326845F3.jpg,,V20260717114457170326845
1298,V0335,SE Paraíso I,CENTRO,AL,AL02062013,17/07/2026,11:46,Mogno,33197317,URBANO,9,85,Sim,50,50,0,-10.1769167,-48.88758,3,https://raw.githubusercontent.com/LGRSV/vera-vegetacao/main/fotos/Enecol-Centro/VER20260717114605735042993F1.jpg,https://raw.githubusercontent.com/LGRSV/vera-vegetacao/main/fotos/Enecol-Centro/VER20260717114605735042993F2.jpg,https://raw.githubusercontent.com/LGRSV/vera-vegetacao/main/fotos/Enecol-Centro/VER20260717114605735042993F3.jpg,,V20260717114605735042993
1299,V0335,SE Paraíso I,CENTRO,AL,AL02062013,17/07/2026,11:46,Mogno,33197317,URBANO,9,85,Sim,50,50,0,-10.1769167,-48.88758,0,,,,,V20260724105946950334631
1300,V0336,SE Paraíso I,CENTRO,AL,AL02062013,17/07/2026,11:47,Outros,33197317,URBANO,15,160,Sim,50,50,0,-10.1767767,-48.88743,3,https://raw.githubusercontent.com/LGRSV/vera-vegetacao/main/fotos/Enecol-Centro/VER20260717114730891618283F1.jpg,https://raw.githubusercontent.com/LGRSV/vera-vegetacao/main/fotos/Enecol-Centro/VER20260717114730891618283F2.jpg,https://raw.githubusercontent.com/LGRSV/vera-vegetacao/main/fotos/Enecol-Centro/VER20260717114730891618283F3.jpg,,V20260717114730891618283
1301,V0336,SE Paraíso I,CENTRO,AL,AL02062013,17/07/2026,11:47,Outros,33197317,URBANO,15,160,Sim,50,50,0,-10.1767767,-48.88743,0,,,,,V20260724105948428402031
1302,V0337,SE Paraíso I,CENTRO,AL,AL02062013,17/07/2026,11:48,Outros,33197547,URBANO,14,155,Sim,50,50,0,-10.1767533,-48.8872383,3,https://raw.githubusercontent.com/LGRSV/vera-vegetacao/main/fotos/Enecol-Centro/VER20260717114838414889758F1.jpg,https://raw.githubusercontent.com/LGRSV/vera-vegetacao/main/fotos/Enecol-Centro/VER20260717114838414889758F2.jpg,https://raw.githubusercontent.com/LGRSV/vera-vegetacao/main/fotos/Enecol-Centro/VER20260717114838414889758F3.jpg,,V20260717114838414889758
1303,V0337,SE Paraíso I,CENTRO,AL,AL02062013,17/07/2026,11:48,Outros,33197547,URBANO,14,155,Sim,50,50,0,-10.1767533,-48.8872383,0,,,,,V20260724105951597062476
1304,V0338,SE Paraíso I,CENTRO,AL,AL02062013,17/07/2026,11:50,Outros,33197360,URBANO,14,155,Sim,300,50,0,-10.176395,-48.8866967,3,https://raw.githubusercontent.com/LGRSV/vera-vegetacao/main/fotos/Enecol-Centro/VER20260717115028347552457F1.jpg,https://raw.githubusercontent.com/LGRSV/vera-vegetacao/main/fotos/Enecol-Centro/VER20260717115028347552457F2.jpg,https://raw.githubusercontent.com/LGRSV/vera-vegetacao/main/fotos/Enecol-Centro/VER20260717115028347552457F3.jpg,,V20260717115028347552457
1305,V0338,SE Paraíso I,CENTRO,AL,AL02062013,17/07/2026,11:50,Outros,33197360,URBANO,14,155,Sim,300,50,0,-10.176395,-48.8866967,0,,,,,V20260724105952987368195
1306,V0339,SE Paraíso I,CENTRO,AL,AL02062013,17/07/2026,11:51,Mangueira,33197360,URBANO,16,180,Sim,300,50,0,-10.1763833,-48.886635,0,,,,,V20260724105954386259025
1307,V0339,SE Paraíso I,CENTRO,AL,AL02062013,17/07/2026,11:51,Mangueira,33197360,URBANO,16,180,Sim,300,50,0,-10.1763833,-48.886635,3,https://raw.githubusercontent.com/LGRSV/vera-vegetacao/main/fotos/Enecol-Centro/VER20260717115131760086928F1.jpg,https://raw.githubusercontent.com/LGRSV/vera-vegetacao/main/fotos/Enecol-Centro/VER20260717115131760086928F2.jpg,https://raw.githubusercontent.com/LGRSV/vera-vegetacao/main/fotos/Enecol-Centro/VER20260717115131760086928F3.jpg,,V20260717115131760086928
1308,V0340,SE Paraíso I,CENTRO,AL,AL02062013,17/07/2026,11:53,Outros,595807,URBANO,8,75,Sim,150,100,0,-10.1762667,-48.886405,3,https://raw.githubusercontent.com/LGRSV/vera-vegetacao/main/fotos/Enecol-Centro/VER20260717115314317157433F1.jpg,https://raw.githubusercontent.com/LGRSV/vera-vegetacao/main/fotos/Enecol-Centro/VER20260717115314317157433F2.jpg,https://raw.githubusercontent.com/LGRSV/vera-vegetacao/main/fotos/Enecol-Centro/VER20260717115314317157433F3.jpg,,V20260717115314317157433
1309,V0340,SE Paraíso I,CENTRO,AL,AL02062013,17/07/2026,11:53,Outros,595807,URBANO,8,75,Sim,150,100,0,-10.1762667,-48.886405,0,,,,,V20260724105955811290087
1310,V0341,SE Paraíso I,CENTRO,AL,AL02062013,17/07/2026,14:42,Oiti,601562,URBANO,10.5,90,Sim,,150,0,-10.1802383,-48.8967917,3,https://raw.githubusercontent.com/LGRSV/vera-vegetacao/main/fotos/Enecol-Centro/VER20260717144208855678303F1.jpg,https://raw.githubusercontent.com/LGRSV/vera-vegetacao/main/fotos/Enecol-Centro/VER20260717144208855678303F2.jpg,https://raw.githubusercontent.com/LGRSV/vera-vegetacao/main/fotos/Enecol-Centro/VER20260717144208855678303F3.jpg,,V20260717144208855678303
1311,V0341,SE Paraíso I,CENTRO,AL,AL02062013,17/07/2026,14:42,Oiti,601562,URBANO,10.5,90,Sim,,150,0,-10.1802383,-48.8967917,0,,,,,V20260724105957138502030
1312,V0342,SE Paraíso I,CENTRO,AL,AL02062013,17/07/2026,14:43,Oiti,601563,URBANO,10.5,95,Sim,,150,0,-10.180205,-48.8967383,0,,,,,V20260724105958517893887
1313,V0342,SE Paraíso I,CENTRO,AL,AL02062013,17/07/2026,14:43,Oiti,601563,URBANO,10.5,95,Sim,,150,0,-10.180205,-48.8967383,3,https://raw.githubusercontent.com/LGRSV/vera-vegetacao/main/fotos/Enecol-Centro/VER20260717144310878880642F1.jpg,https://raw.githubusercontent.com/LGRSV/vera-vegetacao/main/fotos/Enecol-Centro/VER20260717144310878880642F2.jpg,https://raw.githubusercontent.com/LGRSV/vera-vegetacao/main/fotos/Enecol-Centro/VER20260717144310878880642F3.jpg,,V20260717144310878880642
1314,V0343,SE Paraíso I,CENTRO,AL,AL03062013,17/07/2026,14:44,Oiti,600934,URBANO,10.5,95,Sim,,150,0,-10.1801933,-48.89669,3,https://raw.githubusercontent.com/LGRSV/vera-vegetacao/main/fotos/Enecol-Centro/VER20260717144411655765063F1.jpg,https://raw.githubusercontent.com/LGRSV/vera-vegetacao/main/fotos/Enecol-Centro/VER20260717144411655765063F2.jpg,https://raw.githubusercontent.com/LGRSV/vera-vegetacao/main/fotos/Enecol-Centro/VER20260717144411655765063F3.jpg,,V20260717144411655765063
1315,V0343,SE Paraíso I,CENTRO,AL,AL03062013,17/07/2026,14:44,Oiti,600934,URBANO,10.5,95,Sim,,150,0,-10.1801933,-48.89669,0,,,,,V20260724110000015666576
1316,V0344,SE Paraíso I,CENTRO,AL,AL03062013,17/07/2026,14:45,Oiti,600934,URBANO,10.5,95,Sim,,150,0,-10.18008,-48.8966317,0,,,,,V20260724110001701741042
1317,V0344,SE Paraíso I,CENTRO,AL,AL03062013,17/07/2026,14:45,Oiti,600934,URBANO,10.5,95,Sim,,150,0,-10.18008,-48.8966317,3,https://raw.githubusercontent.com/LGRSV/vera-vegetacao/main/fotos/Enecol-Centro/VER20260717144518146549597F1.jpg,https://raw.githubusercontent.com/LGRSV/vera-vegetacao/main/fotos/Enecol-Centro/VER20260717144518146549597F2.jpg,https://raw.githubusercontent.com/LGRSV/vera-vegetacao/main/fotos/Enecol-Centro/VER20260717144518146549597F3.jpg,,V20260717144518146549597
1318,V0345,SE Paraíso I,CENTRO,AL,AL03062013,17/07/2026,14:47,Oiti,600934,URBANO,10.5,90,Sim,0,150,0,-10.1800217,-48.896575,3,https://raw.githubusercontent.com/LGRSV/vera-vegetacao/main/fotos/Enecol-Centro/VER20260717144714477335435F1.jpg,https://raw.githubusercontent.com/LGRSV/vera-vegetacao/main/fotos/Enecol-Centro/VER20260717144714477335435F2.jpg,https://raw.githubusercontent.com/LGRSV/vera-vegetacao/main/fotos/Enecol-Centro/VER20260717144714477335435F3.jpg,,V20260717144714477335435
1319,V0345,SE Paraíso I,CENTRO,AL,AL03062013,17/07/2026,14:47,Oiti,600934,URBANO,10.5,90,Sim,0,150,0,-10.1800217,-48.896575,0,,,,,V20260724110003277925605
1320,V0346,SE Paraíso I,CENTRO,AL,AL03062013,17/07/2026,14:48,Oiti,600934,URBANO,10.5,85,Sim,0,200,0,-10.180035,-48.8965183,0,,,,,V20260724110004747372924
1321,V0346,SE Paraíso I,CENTRO,AL,AL03062013,17/07/2026,14:48,Oiti,600934,URBANO,10.5,85,Sim,0,200,0,-10.180035,-48.8965183,3,https://raw.githubusercontent.com/LGRSV/vera-vegetacao/main/fotos/Enecol-Centro/VER20260717144812183080329F1.jpg,https://raw.githubusercontent.com/LGRSV/vera-vegetacao/main/fotos/Enecol-Centro/VER20260717144812183080329F2.jpg,https://raw.githubusercontent.com/LGRSV/vera-vegetacao/main/fotos/Enecol-Centro/VER20260717144812183080329F3.jpg,,V20260717144812183080329
1322,V0347,SE Paraíso I,CENTRO,AL,AL03062013,17/07/2026,14:49,Oiti,31449531,URBANO,10.5,70,Sim,0,150,0,-10.1800733,-48.8964083,0,,,,,V20260724110006226233191
1323,V0347,SE Paraíso I,CENTRO,AL,AL03062013,17/07/2026,14:49,Oiti,31449531,URBANO,10.5,70,Sim,0,150,0,-10.1800733,-48.8964083,3,https://raw.githubusercontent.com/LGRSV/vera-vegetacao/main/fotos/Enecol-Centro/VER20260717144903248048262F1.jpg,https://raw.githubusercontent.com/LGRSV/vera-vegetacao/main/fotos/Enecol-Centro/VER20260717144903248048262F2.jpg,https://raw.githubusercontent.com/LGRSV/vera-vegetacao/main/fotos/Enecol-Centro/VER20260717144903248048262F3.jpg,,V20260717144903248048262
1324,V0348,SE Paraíso I,CENTRO,AL,AL03062013,17/07/2026,14:49,Oiti,31449531,URBANO,9,75,Sim,0,200,0,-10.1800467,-48.8964133,3,https://raw.githubusercontent.com/LGRSV/vera-vegetacao/main/fotos/Enecol-Centro/VER20260717145000898088118F1.jpg,https://raw.githubusercontent.com/LGRSV/vera-vegetacao/main/fotos/Enecol-Centro/VER20260717145000898088118F2.jpg,https://raw.githubusercontent.com/LGRSV/vera-vegetacao/main/fotos/Enecol-Centro/VER20260717145000898088118F3.jpg,,V20260717145000898088118
1325,V0348,SE Paraíso I,CENTRO,AL,AL03062013,17/07/2026,14:49,Oiti,31449531,URBANO,9,75,Sim,0,200,0,-10.1800467,-48.8964133,0,,,,,V20260724110007651201775
1326,V0349,SE Paraíso I,CENTRO,AL,AL03062013,17/07/2026,14:51,Oiti,31449531,URBANO,9.5,100,Sim,0,200,0,-10.1799917,-48.8963117,0,,,,,V20260724110009313166505
1327,V0349,SE Paraíso I,CENTRO,AL,AL03062013,17/07/2026,14:51,Oiti,31449531,URBANO,9.5,100,Sim,0,200,0,-10.1799917,-48.8963117,3,https://raw.githubusercontent.com/LGRSV/vera-vegetacao/main/fotos/Enecol-Centro/VER20260717145110473645531F1.jpg,https://raw.githubusercontent.com/LGRSV/vera-vegetacao/main/fotos/Enecol-Centro/VER20260717145110473645531F2.jpg,https://raw.githubusercontent.com/LGRSV/vera-vegetacao/main/fotos/Enecol-Centro/VER20260717145110473645531F3.jpg,,V20260717145110473645531
1328,V0350,SE Paraíso I,CENTRO,AL,AL03062013,17/07/2026,14:52,Oiti,31449531,URBANO,10.5,80,Sim,0,200,0,-10.179925,-48.896275,0,,,,,V20260724110010827842495
1329,V0350,SE Paraíso I,CENTRO,AL,AL03062013,17/07/2026,14:52,Oiti,31449531,URBANO,10.5,80,Sim,0,200,0,-10.179925,-48.896275,3,https://raw.githubusercontent.com/LGRSV/vera-vegetacao/main/fotos/Enecol-Centro/VER20260717145213121228900F1.jpg,https://raw.githubusercontent.com/LGRSV/vera-vegetacao/main/fotos/Enecol-Centro/VER20260717145213121228900F2.jpg,https://raw.githubusercontent.com/LGRSV/vera-vegetacao/main/fotos/Enecol-Centro/VER20260717145213121228900F3.jpg,,V20260717145213121228900
1330,V0351,SE Paraíso I,CENTRO,AL,AL03062013,17/07/2026,14:53,Oiti,31449531,URBANO,9.5,75,Sim,0,250,0,-10.1799367,-48.8962017,4,https://raw.githubusercontent.com/LGRSV/vera-vegetacao/main/fotos/Enecol-Centro/VER20260717145313165159534F1.jpg,https://raw.githubusercontent.com/LGRSV/vera-vegetacao/main/fotos/Enecol-Centro/VER20260717145313165159534F2.jpg,https://raw.githubusercontent.com/LGRSV/vera-vegetacao/main/fotos/Enecol-Centro/VER20260717145313165159534F3.jpg,https://raw.githubusercontent.com/LGRSV/vera-vegetacao/main/fotos/Enecol-Centro/VER20260717145313165159534F4.jpg,V20260717145313165159534
1331,V0351,SE Paraíso I,CENTRO,AL,AL03062013,17/07/2026,14:53,Oiti,31449531,URBANO,9.5,75,Sim,0,250,0,-10.1799367,-48.8962017,0,,,,,V20260724110012546258473
1332,V0352,SE Paraíso I,CENTRO,AL,AL03062013,17/07/2026,14:54,Oiti,31449531,URBANO,9.5,85,Sim,0,200,0,-10.179915,-48.89619,0,,,,,V20260724110013997275564
1333,V0352,SE Paraíso I,CENTRO,AL,AL03062013,17/07/2026,14:54,Oiti,31449531,URBANO,9.5,85,Sim,0,200,0,-10.179915,-48.89619,3,https://raw.githubusercontent.com/LGRSV/vera-vegetacao/main/fotos/Enecol-Centro/VER20260717145405796322644F1.jpg,https://raw.githubusercontent.com/LGRSV/vera-vegetacao/main/fotos/Enecol-Centro/VER20260717145405796322644F2.jpg,https://raw.githubusercontent.com/LGRSV/vera-vegetacao/main/fotos/Enecol-Centro/VER20260717145405796322644F3.jpg,,V20260717145405796322644
1334,V0353,SE Paraíso I,CENTRO,AL,AL03062013,17/07/2026,14:55,Oiti,31449534,URBANO,9.5,80,Sim,50,300,0,-10.17983,-48.8960117,3,https://raw.githubusercontent.com/LGRSV/vera-vegetacao/main/fotos/Enecol-Centro/VER20260717145529951580737F1.jpg,https://raw.githubusercontent.com/LGRSV/vera-vegetacao/main/fotos/Enecol-Centro/VER20260717145529951580737F2.jpg,https://raw.githubusercontent.com/LGRSV/vera-vegetacao/main/fotos/Enecol-Centro/VER20260717145529951580737F3.jpg,,V20260717145529951580737
1335,V0353,SE Paraíso I,CENTRO,AL,AL03062013,17/07/2026,14:55,Oiti,31449534,URBANO,9.5,80,Sim,50,300,0,-10.17983,-48.8960117,0,,,,,V20260724110015427263284
1336,V0354,SE Paraíso I,CENTRO,AL,AL03062013,17/07/2026,14:56,Oiti,31449534,URBANO,10,90,Sim,300,300,0,-10.179785,-48.8959017,3,https://raw.githubusercontent.com/LGRSV/vera-vegetacao/main/fotos/Enecol-Centro/VER20260717145630604212660F1.jpg,https://raw.githubusercontent.com/LGRSV/vera-vegetacao/main/fotos/Enecol-Centro/VER20260717145630604212660F2.jpg,https://raw.githubusercontent.com/LGRSV/vera-vegetacao/main/fotos/Enecol-Centro/VER20260717145630604212660F3.jpg,,V20260717145630604212660
1337,V0354,SE Paraíso I,CENTRO,AL,AL03062013,17/07/2026,14:56,Oiti,31449534,URBANO,10,90,Sim,300,300,0,-10.179785,-48.8959017,0,,,,,V20260724110016733488761
1338,V0355,SE Paraíso I,CENTRO,AL,AL03062013,17/07/2026,14:57,Oiti,31449534,URBANO,11,85,Sim,300,300,0,-10.179765,-48.8958967,0,,,,,V20260724110018317611286
1339,V0355,SE Paraíso I,CENTRO,AL,AL03062013,17/07/2026,14:57,Oiti,31449534,URBANO,11,85,Sim,300,300,0,-10.179765,-48.8958967,3,https://raw.githubusercontent.com/LGRSV/vera-vegetacao/main/fotos/Enecol-Centro/VER20260717145728945647159F1.jpg,https://raw.githubusercontent.com/LGRSV/vera-vegetacao/main/fotos/Enecol-Centro/VER20260717145728945647159F2.jpg,https://raw.githubusercontent.com/LGRSV/vera-vegetacao/main/fotos/Enecol-Centro/VER20260717145728945647159F3.jpg,,V20260717145728945647159
1340,V0356,SE Paraíso I,CENTRO,AL,AL03062013,17/07/2026,14:58,Oiti,31449534,URBANO,10,95,Sim,300,300,0,-10.1797633,-48.8958717,3,https://raw.githubusercontent.com/LGRSV/vera-vegetacao/main/fotos/Enecol-Centro/VER20260717145853232313931F1.jpg,https://raw.githubusercontent.com/LGRSV/vera-vegetacao/main/fotos/Enecol-Centro/VER20260717145853232313931F2.jpg,https://raw.githubusercontent.com/LGRSV/vera-vegetacao/main/fotos/Enecol-Centro/VER20260717145853232313931F3.jpg,,V20260717145853232313931
1341,V0356,SE Paraíso I,CENTRO,AL,AL03062013,17/07/2026,14:58,Oiti,31449534,URBANO,10,95,Sim,300,300,0,-10.1797633,-48.8958717,0,,,,,V20260724110019788048819
1342,V0357,SE Paraíso I,CENTRO,AL,AL04062013,17/07/2026,15:08,Oiti,1455620,URBANO,9,60,Sim,50,300,0,-10.1797325,-48.8970588,3,https://raw.githubusercontent.com/LGRSV/vera-vegetacao/main/fotos/Enecol-Centro/VER20260717150802898793300F1.jpg,https://raw.githubusercontent.com/LGRSV/vera-vegetacao/main/fotos/Enecol-Centro/VER20260717150802898793300F2.jpg,https://raw.githubusercontent.com/LGRSV/vera-vegetacao/main/fotos/Enecol-Centro/VER20260717150802898793300F3.jpg,,V20260717150802898793300
1343,V0357,SE Paraíso I,CENTRO,AL,AL04062013,17/07/2026,15:08,Oiti,1455620,URBANO,9,60,Sim,50,300,0,-10.1797325,-48.8970588,0,,,,,V20260724110021319749676
1344,V0358,SE Paraíso I,CENTRO,AL,AL04062013,17/07/2026,15:09,Oiti,128321,URBANO,10.5,80,Sim,0,150,0,-10.179665,-48.8969867,0,,,,,V20260724110022748184460
1345,V0358,SE Paraíso I,CENTRO,AL,AL04062013,17/07/2026,15:09,Oiti,128321,URBANO,10.5,80,Sim,0,150,0,-10.179665,-48.8969867,3,https://raw.githubusercontent.com/LGRSV/vera-vegetacao/main/fotos/Enecol-Centro/VER20260717150902813017166F1.jpg,https://raw.githubusercontent.com/LGRSV/vera-vegetacao/main/fotos/Enecol-Centro/VER20260717150902813017166F2.jpg,https://raw.githubusercontent.com/LGRSV/vera-vegetacao/main/fotos/Enecol-Centro/VER20260717150902813017166F3.jpg,,V20260717150902813017166
1346,V0359,SE Paraíso I,CENTRO,AL,AL04062013,17/07/2026,15:10,Oiti,128321,URBANO,11,85,Sim,50,50,0,-10.1796867,-48.8969383,0,,,,,V20260724110024300453865
1347,V0359,SE Paraíso I,CENTRO,AL,AL04062013,17/07/2026,15:10,Oiti,128321,URBANO,11,85,Sim,50,50,0,-10.1796867,-48.8969383,3,https://raw.githubusercontent.com/LGRSV/vera-vegetacao/main/fotos/Enecol-Centro/VER20260717151015498965766F1.jpg,https://raw.githubusercontent.com/LGRSV/vera-vegetacao/main/fotos/Enecol-Centro/VER20260717151015498965766F2.jpg,https://raw.githubusercontent.com/LGRSV/vera-vegetacao/main/fotos/Enecol-Centro/VER20260717151015498965766F3.jpg,,V20260717151015498965766
1348,V0360,SE Paraíso I,CENTRO,AL,AL04062013,17/07/2026,15:11,Oiti,128321,URBANO,10,85,Sim,50,100,0,-10.1796033,-48.8969167,3,https://raw.githubusercontent.com/LGRSV/vera-vegetacao/main/fotos/Enecol-Centro/VER20260717151122403864274F1.jpg,https://raw.githubusercontent.com/LGRSV/vera-vegetacao/main/fotos/Enecol-Centro/VER20260717151122403864274F2.jpg,https://raw.githubusercontent.com/LGRSV/vera-vegetacao/main/fotos/Enecol-Centro/VER20260717151122403864274F3.jpg,,V20260717151122403864274
1349,V0360,SE Paraíso I,CENTRO,AL,AL04062013,17/07/2026,15:11,Oiti,128321,URBANO,10,85,Sim,50,100,0,-10.1796033,-48.8969167,0,,,,,V20260724110025830450917
1350,V0361,SE Paraíso I,CENTRO,AL,AL04062013,17/07/2026,15:12,Oiti,128321,URBANO,11,105,Sim,300,250,0,-10.179575,-48.8968517,0,,,,,V20260724110029223535503
1351,V0361,SE Paraíso I,CENTRO,AL,AL04062013,17/07/2026,15:12,Oiti,128321,URBANO,11,105,Sim,300,250,0,-10.179575,-48.8968517,3,https://raw.githubusercontent.com/LGRSV/vera-vegetacao/main/fotos/Enecol-Centro/VER20260717151235861419957F1.jpg,https://raw.githubusercontent.com/LGRSV/vera-vegetacao/main/fotos/Enecol-Centro/VER20260717151235861419957F2.jpg,https://raw.githubusercontent.com/LGRSV/vera-vegetacao/main/fotos/Enecol-Centro/VER20260717151235861419957F3.jpg,,V20260717151235861419957
1352,V0362,SE Paraíso I,CENTRO,AL,AL04062013,17/07/2026,15:13,Oiti,591872,URBANO,10.5,85,Sim,300,300,0,-10.1795167,-48.8967083,3,https://raw.githubusercontent.com/LGRSV/vera-vegetacao/main/fotos/Enecol-Centro/VER20260717151351296324845F1.jpg,https://raw.githubusercontent.com/LGRSV/vera-vegetacao/main/fotos/Enecol-Centro/VER20260717151351296324845F2.jpg,https://raw.githubusercontent.com/LGRSV/vera-vegetacao/main/fotos/Enecol-Centro/VER20260717151351296324845F3.jpg,,V20260717151351296324845
1353,V0362,SE Paraíso I,CENTRO,AL,AL04062013,17/07/2026,15:13,Oiti,591872,URBANO,10.5,85,Sim,300,300,0,-10.1795167,-48.8967083,0,,,,,V20260724110030781177783
1354,V0363,SE Paraíso I,CENTRO,AL,AL04062013,17/07/2026,15:14,Oiti,591871,URBANO,10.5,90,Sim,300,300,0,-10.1794533,-48.8966133,0,,,,,V20260724110032230684367
1355,V0363,SE Paraíso I,CENTRO,AL,AL04062013,17/07/2026,15:14,Oiti,591871,URBANO,10.5,90,Sim,300,300,0,-10.1794533,-48.8966133,3,https://raw.githubusercontent.com/LGRSV/vera-vegetacao/main/fotos/Enecol-Centro/VER20260717151453185866808F1.jpg,https://raw.githubusercontent.com/LGRSV/vera-vegetacao/main/fotos/Enecol-Centro/VER20260717151453185866808F2.jpg,https://raw.githubusercontent.com/LGRSV/vera-vegetacao/main/fotos/Enecol-Centro/VER20260717151453185866808F3.jpg,,V20260717151453185866808
1356,V0364,SE Paraíso I,CENTRO,AL,AL04062013,17/07/2026,15:16,Mangueira,591872,URBANO,19,170,Sim,300,50,0,-10.1791868,-48.8964284,3,https://raw.githubusercontent.com/LGRSV/vera-vegetacao/main/fotos/Enecol-Centro/VER20260717151612224554403F1.jpg,https://raw.githubusercontent.com/LGRSV/vera-vegetacao/main/fotos/Enecol-Centro/VER20260717151612224554403F2.jpg,https://raw.githubusercontent.com/LGRSV/vera-vegetacao/main/fotos/Enecol-Centro/VER20260717151612224554403F3.jpg,,V20260717151612224554403
1357,V0364,SE Paraíso I,CENTRO,AL,AL04062013,17/07/2026,15:16,Mangueira,591872,URBANO,19,170,Sim,300,50,0,-10.1791868,-48.8964284,0,,,,,V20260724110033752847774
1358,V0365,SE Paraíso I,CENTRO,AL,AL04062013,17/07/2026,15:17,Outros,600986,URBANO,13,125,Sim,300,50,0,-10.1792424,-48.8961652,3,https://raw.githubusercontent.com/LGRSV/vera-vegetacao/main/fotos/Enecol-Centro/VER20260717151736083694741F1.jpg,https://raw.githubusercontent.com/LGRSV/vera-vegetacao/main/fotos/Enecol-Centro/VER20260717151736083694741F2.jpg,https://raw.githubusercontent.com/LGRSV/vera-vegetacao/main/fotos/Enecol-Centro/VER20260717151736083694741F3.jpg,,V20260717151736083694741
1359,V0365,SE Paraíso I,CENTRO,AL,AL04062013,17/07/2026,15:17,Outros,600986,URBANO,13,125,Sim,300,50,0,-10.1792424,-48.8961652,0,,,,,V20260724110035266061948
1360,V0366,SE Paraíso I,CENTRO,AL,AL04062013,17/07/2026,15:19,Mogno,600985,URBANO,12.5,90,Sim,300,100,0,-10.1789832,-48.8956983,0,,,,,V20260724110036717218775
1361,V0366,SE Paraíso I,CENTRO,AL,AL04062013,17/07/2026,15:19,Mogno,600985,URBANO,12.5,90,Sim,300,100,0,-10.1789832,-48.8956983,3,https://raw.githubusercontent.com/LGRSV/vera-vegetacao/main/fotos/Enecol-Centro/VER20260717151929531497300F1.jpg,https://raw.githubusercontent.com/LGRSV/vera-vegetacao/main/fotos/Enecol-Centro/VER20260717151929531497300F2.jpg,https://raw.githubusercontent.com/LGRSV/vera-vegetacao/main/fotos/Enecol-Centro/VER20260717151929531497300F3.jpg,,V20260717151929531497300
1362,V0367,SE Paraíso I,CENTRO,AL,AL04062013,17/07/2026,15:21,Outros,600985,URBANO,10.5,90,Sim,300,50,0,-10.1789566,-48.8956543,0,,,,,V20260724110040026157162
1363,V0367,SE Paraíso I,CENTRO,AL,AL04062013,17/07/2026,15:21,Outros,600985,URBANO,10.5,90,Sim,300,50,0,-10.1789566,-48.8956543,3,https://raw.githubusercontent.com/LGRSV/vera-vegetacao/main/fotos/Enecol-Centro/VER20260717152103062575245F1.jpg,https://raw.githubusercontent.com/LGRSV/vera-vegetacao/main/fotos/Enecol-Centro/VER20260717152103062575245F2.jpg,https://raw.githubusercontent.com/LGRSV/vera-vegetacao/main/fotos/Enecol-Centro/VER20260717152103062575245F3.jpg,,V20260717152103062575245
1364,V0368,SE Paraíso I,CENTRO,AL,AL02062013,17/07/2026,15:28,Oiti,32145446,URBANO,6.5,70,Sim,100,300,0,-10.177695,-48.8898422,3,https://raw.githubusercontent.com/LGRSV/vera-vegetacao/main/fotos/Enecol-Centro/VER20260717152846711651405F1.jpg,https://raw.githubusercontent.com/LGRSV/vera-vegetacao/main/fotos/Enecol-Centro/VER20260717152846711651405F2.jpg,https://raw.githubusercontent.com/LGRSV/vera-vegetacao/main/fotos/Enecol-Centro/VER20260717152846711651405F3.jpg,,V20260717152846711651405
1365,V0368,SE Paraíso I,CENTRO,AL,AL02062013,17/07/2026,15:28,Oiti,32145446,URBANO,6.5,70,Sim,100,300,0,-10.177695,-48.8898422,0,,,,,V20260724110041503676302
1366,V0369,SE Paraíso I,CENTRO,AL,AL02062013,17/07/2026,15:29,Oiti,32145430,URBANO,7.5,70,Sim,100,300,0,-10.1775145,-48.8899251,0,,,,,V20260724110042946066112
1367,V0369,SE Paraíso I,CENTRO,AL,AL02062013,17/07/2026,15:29,Oiti,32145430,URBANO,7.5,70,Sim,100,300,0,-10.1775145,-48.8899251,3,https://raw.githubusercontent.com/LGRSV/vera-vegetacao/main/fotos/Enecol-Centro/VER20260717152952790475593F1.jpg,https://raw.githubusercontent.com/LGRSV/vera-vegetacao/main/fotos/Enecol-Centro/VER20260717152952790475593F2.jpg,https://raw.githubusercontent.com/LGRSV/vera-vegetacao/main/fotos/Enecol-Centro/VER20260717152952790475593F3.jpg,,V20260717152952790475593
1368,V0370,SE Paraíso I,CENTRO,AL,AL02062013,17/07/2026,15:32,Outros,603369,URBANO,6.5,50,Sim,150,300,0,-10.1792592,-48.8889439,0,,,,,V20260724110044420570748
1369,V0370,SE Paraíso I,CENTRO,AL,AL02062013,17/07/2026,15:32,Outros,603369,URBANO,6.5,50,Sim,150,300,0,-10.1792592,-48.8889439,3,https://raw.githubusercontent.com/LGRSV/vera-vegetacao/main/fotos/Enecol-Centro/VER20260717153245829364835F1.jpg,https://raw.githubusercontent.com/LGRSV/vera-vegetacao/main/fotos/Enecol-Centro/VER20260717153245829364835F2.jpg,https://raw.githubusercontent.com/LGRSV/vera-vegetacao/main/fotos/Enecol-Centro/VER20260717153245829364835F3.jpg,,V20260717153245829364835
1370,V0371,SE Paraíso I,CENTRO,AL,AL04062013,20/07/2026,14:23,Oiti,600433,URBANO,7,80,Sim,300,300,0,-10.1770995,-48.8922248,0,,,,,V20260724110045944383779
1371,V0371,SE Paraíso I,CENTRO,AL,AL04062013,20/07/2026,14:23,Oiti,600433,URBANO,7,80,Sim,300,300,0,-10.1770995,-48.8922248,3,https://raw.githubusercontent.com/LGRSV/vera-vegetacao/main/fotos/Enecol-Centro/VER20260720142334055725262F1.jpg,https://raw.githubusercontent.com/LGRSV/vera-vegetacao/main/fotos/Enecol-Centro/VER20260720142334055725262F2.jpg,https://raw.githubusercontent.com/LGRSV/vera-vegetacao/main/fotos/Enecol-Centro/VER20260720142334055725262F3.jpg,,V20260720142334055725262
1372,V0372,SE Paraíso I,CENTRO,AL,AL04062013,20/07/2026,14:36,Mangueira,591108,URBANO,18,130,Sim,300,300,0,-10.1752935,-48.8889503,0,,,,,V20260724110049233325214
1373,V0372,SE Paraíso I,CENTRO,AL,AL04062013,20/07/2026,14:36,Mangueira,591108,URBANO,18,130,Sim,300,300,0,-10.1752935,-48.8889503,3,https://raw.githubusercontent.com/LGRSV/vera-vegetacao/main/fotos/Enecol-Centro/VER20260720143659250299314F1.jpg,https://raw.githubusercontent.com/LGRSV/vera-vegetacao/main/fotos/Enecol-Centro/VER20260720143659250299314F2.jpg,https://raw.githubusercontent.com/LGRSV/vera-vegetacao/main/fotos/Enecol-Centro/VER20260720143659250299314F3.jpg,,V20260720143659250299314
1374,V0373,SE Paraíso I,CENTRO,AL,AL04062013,20/07/2026,14:46,Outros,136345,URBANO,7,60,Sim,0,300,0,-10.1737474,-48.8859953,3,https://raw.githubusercontent.com/LGRSV/vera-vegetacao/main/fotos/Enecol-Centro/VER20260720144609536445069F1.jpg,https://raw.githubusercontent.com/LGRSV/vera-vegetacao/main/fotos/Enecol-Centro/VER20260720144609536445069F2.jpg,https://raw.githubusercontent.com/LGRSV/vera-vegetacao/main/fotos/Enecol-Centro/VER20260720144609536445069F3.jpg,,V20260720144609536445069
1375,V0373,SE Paraíso I,CENTRO,AL,AL04062013,20/07/2026,14:46,Outros,136345,URBANO,7,60,Sim,0,300,0,-10.1737474,-48.8859953,0,,,,,V20260724110051835061017
1376,V0374,SE Paraíso I,CENTRO,AL,AL04062013,20/07/2026,14:47,Outros,603701,URBANO,5.5,40,Sim,200,300,0,-10.1737904,-48.8860093,3,https://raw.githubusercontent.com/LGRSV/vera-vegetacao/main/fotos/Enecol-Centro/VER20260720144731178642062F1.jpg,https://raw.githubusercontent.com/LGRSV/vera-vegetacao/main/fotos/Enecol-Centro/VER20260720144731178642062F2.jpg,https://raw.githubusercontent.com/LGRSV/vera-vegetacao/main/fotos/Enecol-Centro/VER20260720144731178642062F3.jpg,,V20260720144731178642062
1377,V0374,SE Paraíso I,CENTRO,AL,AL04062013,20/07/2026,14:47,Outros,603701,URBANO,5.5,40,Sim,200,300,0,-10.1737904,-48.8860093,0,,,,,V20260724110053640697187
1378,V0375,SE Paraíso I,CENTRO,AL,AL04062013,20/07/2026,15:01,Outros,598738,URBANO,5,20,Sim,300,300,0,-10.1739906,-48.888541,0,,,,,V20260724110055526536806
1379,V0375,SE Paraíso I,CENTRO,AL,AL04062013,20/07/2026,15:01,Outros,598738,URBANO,5,20,Sim,300,300,0,-10.1739906,-48.888541,3,https://raw.githubusercontent.com/LGRSV/vera-vegetacao/main/fotos/Enecol-Centro/VER20260720150102558635318F1.jpg,https://raw.githubusercontent.com/LGRSV/vera-vegetacao/main/fotos/Enecol-Centro/VER20260720150102558635318F2.jpg,https://raw.githubusercontent.com/LGRSV/vera-vegetacao/main/fotos/Enecol-Centro/VER20260720150102558635318F3.jpg,,V20260720150102558635318
1380,V0376,SE Paraíso I,CENTRO,AL,AL04062013,20/07/2026,15:05,Outros,598739,URBANO,6.5,30,Sim,300,300,0,-10.1759167,-48.8922987,0,,,,,V20260724110057323334095
1381,V0376,SE Paraíso I,CENTRO,AL,AL04062013,20/07/2026,15:05,Outros,598739,URBANO,6.5,30,Sim,300,300,0,-10.1759167,-48.8922987,3,https://raw.githubusercontent.com/LGRSV/vera-vegetacao/main/fotos/Enecol-Centro/VER20260720150848675801483F1.jpg,https://raw.githubusercontent.com/LGRSV/vera-vegetacao/main/fotos/Enecol-Centro/VER20260720150848675801483F2.jpg,https://raw.githubusercontent.com/LGRSV/vera-vegetacao/main/fotos/Enecol-Centro/VER20260720150848675801483F3.jpg,,V20260720150848675801483
1382,V0377,SE Paraíso I,CENTRO,AL,AL04062013,20/07/2026,15:07,Coqueiro,22201167,URBANO,12,90,Sim,300,300,0,-10.1759396,-48.8922198,3,https://raw.githubusercontent.com/LGRSV/vera-vegetacao/main/fotos/Enecol-Centro/VER20260720150916591956536F1.jpg,https://raw.githubusercontent.com/LGRSV/vera-vegetacao/main/fotos/Enecol-Centro/VER20260720150916591956536F2.jpg,https://raw.githubusercontent.com/LGRSV/vera-vegetacao/main/fotos/Enecol-Centro/VER20260720150916591956536F3.jpg,,V20260720150916591956536
1383,V0377,SE Paraíso I,CENTRO,AL,AL04062013,20/07/2026,15:07,Coqueiro,22201167,URBANO,12,90,Sim,300,300,0,-10.1759396,-48.8922198,0,,,,,V20260724110059067998843
1384,V0378,SE Paraíso I,CENTRO,AL,AL04062013,20/07/2026,15:08,Oiti,22201167,URBANO,9.5,90,Sim,0,100,0,-10.1759404,-48.8923422,3,https://raw.githubusercontent.com/LGRSV/vera-vegetacao/main/fotos/Enecol-Centro/VER20260720150925068926142F1.jpg,https://raw.githubusercontent.com/LGRSV/vera-vegetacao/main/fotos/Enecol-Centro/VER20260720150925068926142F2.jpg,https://raw.githubusercontent.com/LGRSV/vera-vegetacao/main/fotos/Enecol-Centro/VER20260720150925068926142F3.jpg,,V20260720150925068926142
1385,V0378,SE Paraíso I,CENTRO,AL,AL04062013,20/07/2026,15:08,Oiti,22201167,URBANO,9.5,90,Sim,0,100,0,-10.1759404,-48.8923422,0,,,,,V20260724110100866238854
1386,V0379,SE Paraíso I,CENTRO,AL,AL04062013,20/07/2026,15:09,Oiti,22201007,URBANO,9.5,100,Sim,100,100,0,-10.176085,-48.8923317,0,,,,,V20260724110102549457907
1387,V0379,SE Paraíso I,CENTRO,AL,AL04062013,20/07/2026,15:09,Oiti,22201007,URBANO,9.5,100,Sim,100,100,0,-10.176085,-48.8923317,3,https://raw.githubusercontent.com/LGRSV/vera-vegetacao/main/fotos/Enecol-Centro/VER20260720150948911040976F1.jpg,https://raw.githubusercontent.com/LGRSV/vera-vegetacao/main/fotos/Enecol-Centro/VER20260720150948911040976F2.jpg,https://raw.githubusercontent.com/LGRSV/vera-vegetacao/main/fotos/Enecol-Centro/VER20260720150948911040976F3.jpg,,V20260720150948911040976
1388,V0380,SE Paraíso I,CENTRO,AL,AL04062013,20/07/2026,15:11,Oiti,22201007,URBANO,14,125,Sim,100,150,0,-10.1761023,-48.8922996,3,https://raw.githubusercontent.com/LGRSV/vera-vegetacao/main/fotos/Enecol-Centro/VER20260720151132775659553F1.jpg,https://raw.githubusercontent.com/LGRSV/vera-vegetacao/main/fotos/Enecol-Centro/VER20260720151132775659553F2.jpg,https://raw.githubusercontent.com/LGRSV/vera-vegetacao/main/fotos/Enecol-Centro/VER20260720151132775659553F3.jpg,,V20260720151132775659553
1389,V0380,SE Paraíso I,CENTRO,AL,AL04062013,20/07/2026,15:11,Oiti,22201007,URBANO,14,125,Sim,100,150,0,-10.1761023,-48.8922996,0,,,,,V20260724110104348857132
1390,V0381,SE Paraíso I,CENTRO,AL,AL01062013,20/07/2026,15:27,Outros,,URBANO,6,40,Sim,200,300,0,-10.1762295,-48.8927225,3,https://raw.githubusercontent.com/LGRSV/vera-vegetacao/main/fotos/Enecol-Centro/VER20260720152800546486814F1.jpg,https://raw.githubusercontent.com/LGRSV/vera-vegetacao/main/fotos/Enecol-Centro/VER20260720152800546486814F2.jpg,https://raw.githubusercontent.com/LGRSV/vera-vegetacao/main/fotos/Enecol-Centro/VER20260720152800546486814F3.jpg,,V20260720152800546486814
1391,V0381,SE Paraíso I,CENTRO,AL,AL01062013,20/07/2026,15:27,Outros,,URBANO,6,40,Sim,200,300,0,-10.1762295,-48.8927225,0,,,,,V20260724110106027965820
1392,V0382,SE Paraíso I,CENTRO,AL,AL01062013,20/07/2026,15:29,Outros,39178525,URBANO,7,85,Sim,200,300,0,-10.1762776,-48.8928811,4,https://raw.githubusercontent.com/LGRSV/vera-vegetacao/main/fotos/Enecol-Centro/VER20260720152950719422017F1.jpg,https://raw.githubusercontent.com/LGRSV/vera-vegetacao/main/fotos/Enecol-Centro/VER20260720152950719422017F2.jpg,https://raw.githubusercontent.com/LGRSV/vera-vegetacao/main/fotos/Enecol-Centro/VER20260720152950719422017F3.jpg,https://raw.githubusercontent.com/LGRSV/vera-vegetacao/main/fotos/Enecol-Centro/VER20260720152950719422017F4.jpg,V20260720152950719422017
1393,V0382,SE Paraíso I,CENTRO,AL,AL01062013,20/07/2026,15:29,Outros,39178525,URBANO,7,85,Sim,200,300,0,-10.1762776,-48.8928811,0,,,,,V20260724110107941603486
1394,V0383,SE Paraíso I,CENTRO,AL,AL01062013,20/07/2026,15:33,Oiti,22200836,URBANO,5,40,Sim,300,300,0,-10.1766086,-48.8935165,0,,,,,V20260724110109629247030
1395,V0383,SE Paraíso I,CENTRO,AL,AL01062013,20/07/2026,15:33,Oiti,22200836,URBANO,5,40,Sim,300,300,0,-10.1766086,-48.8935165,3,https://raw.githubusercontent.com/LGRSV/vera-vegetacao/main/fotos/Enecol-Centro/VER20260720153334173708338F1.jpg,https://raw.githubusercontent.com/LGRSV/vera-vegetacao/main/fotos/Enecol-Centro/VER20260720153334173708338F2.jpg,https://raw.githubusercontent.com/LGRSV/vera-vegetacao/main/fotos/Enecol-Centro/VER20260720153334173708338F3.jpg,,V20260720153334173708338
1396,V0384,SE Paraíso I,CENTRO,AL,AL01062013,20/07/2026,15:34,Oiti,22200822,URBANO,5.5,50,Sim,250,300,0,-10.1766406,-48.8935585,0,,,,,V20260724110111428223099
1397,V0384,SE Paraíso I,CENTRO,AL,AL01062013,20/07/2026,15:34,Oiti,22200822,URBANO,5.5,50,Sim,250,300,0,-10.1766406,-48.8935585,3,https://raw.githubusercontent.com/LGRSV/vera-vegetacao/main/fotos/Enecol-Centro/VER20260720153500283291287F1.jpg,https://raw.githubusercontent.com/LGRSV/vera-vegetacao/main/fotos/Enecol-Centro/VER20260720153500283291287F2.jpg,https://raw.githubusercontent.com/LGRSV/vera-vegetacao/main/fotos/Enecol-Centro/VER20260720153500283291287F3.jpg,,V20260720153500283291287
1398,V0385,SE Paraíso I,CENTRO,AL,AL01062013,20/07/2026,15:36,Oiti,22200822,URBANO,5,50,Sim,300,300,0,-10.1767046,-48.8936893,3,https://raw.githubusercontent.com/LGRSV/vera-vegetacao/main/fotos/Enecol-Centro/VER20260720153609905355594F1.jpg,https://raw.githubusercontent.com/LGRSV/vera-vegetacao/main/fotos/Enecol-Centro/VER20260720153609905355594F2.jpg,https://raw.githubusercontent.com/LGRSV/vera-vegetacao/main/fotos/Enecol-Centro/VER20260720153609905355594F3.jpg,,V20260720153609905355594
1399,V0385,SE Paraíso I,CENTRO,AL,AL01062013,20/07/2026,15:36,Oiti,22200822,URBANO,5,50,Sim,300,300,0,-10.1767046,-48.8936893,0,,,,,V20260724110113223674019
1400,V0386,SE Paraíso I,CENTRO,AL,AL01062013,20/07/2026,15:45,Mangueira,22200595,URBANO,13.5,130,Sim,300,50,0,-10.1777848,-48.8956588,0,,,,,V20260724110114958545693
1401,V0386,SE Paraíso I,CENTRO,AL,AL01062013,20/07/2026,15:45,Mangueira,22200595,URBANO,13.5,130,Sim,300,50,0,-10.1777848,-48.8956588,3,https://raw.githubusercontent.com/LGRSV/vera-vegetacao/main/fotos/Enecol-Centro/VER20260720154538947834121F1.jpg,https://raw.githubusercontent.com/LGRSV/vera-vegetacao/main/fotos/Enecol-Centro/VER20260720154538947834121F2.jpg,https://raw.githubusercontent.com/LGRSV/vera-vegetacao/main/fotos/Enecol-Centro/VER20260720154538947834121F3.jpg,,V20260720154538947834121
1402,V0387,SE Paraíso I,CENTRO,AL,AL01062013,20/07/2026,15:47,Outros,22200595,URBANO,12,125,Sim,100,300,0,-10.1778771,-48.8957382,3,https://raw.githubusercontent.com/LGRSV/vera-vegetacao/main/fotos/Enecol-Centro/VER20260720154712073907404F1.jpg,https://raw.githubusercontent.com/LGRSV/vera-vegetacao/main/fotos/Enecol-Centro/VER20260720154712073907404F2.jpg,https://raw.githubusercontent.com/LGRSV/vera-vegetacao/main/fotos/Enecol-Centro/VER20260720154712073907404F3.jpg,,V20260720154712073907404
1403,V0387,SE Paraíso I,CENTRO,AL,AL01062013,20/07/2026,15:47,Outros,22200595,URBANO,12,125,Sim,100,300,0,-10.1778771,-48.8957382,0,,,,,V20260724110116685373143
1404,V0388,SE Paraíso I,CENTRO,AL,AL01062013,20/07/2026,15:48,Mangueira,22200595,URBANO,14,150,Sim,300,300,0,-10.177779,-48.8957042,0,,,,,V20260724110118603650857
1405,V0388,SE Paraíso I,CENTRO,AL,AL01062013,20/07/2026,15:48,Mangueira,22200595,URBANO,14,150,Sim,300,300,0,-10.177779,-48.8957042,3,https://raw.githubusercontent.com/LGRSV/vera-vegetacao/main/fotos/Enecol-Centro/VER20260720154900978227638F1.jpg,https://raw.githubusercontent.com/LGRSV/vera-vegetacao/main/fotos/Enecol-Centro/VER20260720154900978227638F2.jpg,https://raw.githubusercontent.com/LGRSV/vera-vegetacao/main/fotos/Enecol-Centro/VER20260720154900978227638F3.jpg,,V20260720154900978227638
1406,V0389,SE Paraíso I,CENTRO,AL,AL01062013,20/07/2026,15:50,Mangueira,22200595,URBANO,13,170,Sim,300,300,0,-10.1778,-48.89565,3,https://raw.githubusercontent.com/LGRSV/vera-vegetacao/main/fotos/Enecol-Centro/VER20260720155038026027700F1.jpg,https://raw.githubusercontent.com/LGRSV/vera-vegetacao/main/fotos/Enecol-Centro/VER20260720155038026027700F2.jpg,https://raw.githubusercontent.com/LGRSV/vera-vegetacao/main/fotos/Enecol-Centro/VER20260720155038026027700F3.jpg,,V20260720155038026027700
1407,V0389,SE Paraíso I,CENTRO,AL,AL01062013,20/07/2026,15:50,Mangueira,22200595,URBANO,13,170,Sim,300,300,0,-10.1778,-48.89565,0,,,,,V20260724110120346914148
1408,V0390,SE Paraíso I,CENTRO,AL,AL02062013,20/07/2026,16:01,Oiti,594498,URBANO,9.5,90,Sim,,200,0,-10.180239,-48.8948602,0,,,,,V20260724110122026287627
1409,V0390,SE Paraíso I,CENTRO,AL,AL02062013,20/07/2026,16:01,Oiti,594498,URBANO,9.5,90,Sim,,200,0,-10.180239,-48.8948602,3,https://raw.githubusercontent.com/LGRSV/vera-vegetacao/main/fotos/Enecol-Centro/VER20260720160129506497695F1.jpg,https://raw.githubusercontent.com/LGRSV/vera-vegetacao/main/fotos/Enecol-Centro/VER20260720160129506497695F2.jpg,https://raw.githubusercontent.com/LGRSV/vera-vegetacao/main/fotos/Enecol-Centro/VER20260720160129506497695F3.jpg,,V20260720160129506497695
1410,V0391,SE Paraíso I,CENTRO,AL,AL02062013,20/07/2026,16:02,Buriti,594497,URBANO,14,80,Sim,,300,0,-10.180322,-48.8950724,0,,,,,V20260724110123633507221
1411,V0391,SE Paraíso I,CENTRO,AL,AL02062013,20/07/2026,16:02,Buriti,594497,URBANO,14,80,Sim,,300,0,-10.180322,-48.8950724,3,https://raw.githubusercontent.com/LGRSV/vera-vegetacao/main/fotos/Enecol-Centro/VER20260720160230318952895F1.jpg,https://raw.githubusercontent.com/LGRSV/vera-vegetacao/main/fotos/Enecol-Centro/VER20260720160230318952895F2.jpg,https://raw.githubusercontent.com/LGRSV/vera-vegetacao/main/fotos/Enecol-Centro/VER20260720160230318952895F3.jpg,,V20260720160230318952895
1412,V0392,SE Paraíso I,CENTRO,AL,AL03062013,20/07/2026,16:03,Outros,31449553,URBANO,7,80,Sim,,300,0,-10.1803623,-48.8949147,3,https://raw.githubusercontent.com/LGRSV/vera-vegetacao/main/fotos/Enecol-Centro/VER20260720160336179947882F1.jpg,https://raw.githubusercontent.com/LGRSV/vera-vegetacao/main/fotos/Enecol-Centro/VER20260720160336179947882F2.jpg,https://raw.githubusercontent.com/LGRSV/vera-vegetacao/main/fotos/Enecol-Centro/VER20260720160336179947882F3.jpg,,V20260720160336179947882
1413,V0392,SE Paraíso I,CENTRO,AL,AL03062013,20/07/2026,16:03,Outros,31449553,URBANO,7,80,Sim,,300,0,-10.1803623,-48.8949147,0,,,,,V20260724110125467757320
1414,V0393,SE Paraíso I,CENTRO,AL,AL02062013,20/07/2026,16:04,Coqueiro,594498,URBANO,16,90,Sim,,50,0,-10.1802818,-48.8950987,0,,,,,V20260724110127230424643
1415,V0393,SE Paraíso I,CENTRO,AL,AL02062013,20/07/2026,16:04,Coqueiro,594498,URBANO,16,90,Sim,,50,0,-10.1802818,-48.8950987,3,https://raw.githubusercontent.com/LGRSV/vera-vegetacao/main/fotos/Enecol-Centro/VER20260720160452324832405F1.jpg,https://raw.githubusercontent.com/LGRSV/vera-vegetacao/main/fotos/Enecol-Centro/VER20260720160452324832405F2.jpg,https://raw.githubusercontent.com/LGRSV/vera-vegetacao/main/fotos/Enecol-Centro/VER20260720160452324832405F3.jpg,,V20260720160452324832405
1416,V0394,SE Paraíso I,CENTRO,AL,AL02062013,20/07/2026,16:05,Oiti,594498,URBANO,9,90,Sim,,50,0,-10.1802634,-48.8949801,0,,,,,V20260724110129238263963
1417,V0394,SE Paraíso I,CENTRO,AL,AL02062013,20/07/2026,16:05,Oiti,594498,URBANO,9,90,Sim,,50,0,-10.1802634,-48.8949801,3,https://raw.githubusercontent.com/LGRSV/vera-vegetacao/main/fotos/Enecol-Centro/VER20260720160552368753480F1.jpg,https://raw.githubusercontent.com/LGRSV/vera-vegetacao/main/fotos/Enecol-Centro/VER20260720160552368753480F2.jpg,https://raw.githubusercontent.com/LGRSV/vera-vegetacao/main/fotos/Enecol-Centro/VER20260720160552368753480F3.jpg,,V20260720160552368753480
1418,V0395,SE Paraíso I,CENTRO,AL,AL02062013,20/07/2026,16:06,Oiti,594498,URBANO,8.5,80,Sim,,300,0,-10.1801542,-48.8950983,0,,,,,V20260724110130942732419
1419,V0395,SE Paraíso I,CENTRO,AL,AL02062013,20/07/2026,16:06,Oiti,594498,URBANO,8.5,80,Sim,,300,0,-10.1801542,-48.8950983,3,https://raw.githubusercontent.com/LGRSV/vera-vegetacao/main/fotos/Enecol-Centro/VER20260720160647383934684F1.jpg,https://raw.githubusercontent.com/LGRSV/vera-vegetacao/main/fotos/Enecol-Centro/VER20260720160647383934684F2.jpg,https://raw.githubusercontent.com/LGRSV/vera-vegetacao/main/fotos/Enecol-Centro/VER20260720160647383934684F3.jpg,,V20260720160647383934684
1420,V0396,SE Paraíso I,CENTRO,AL,AL02062013,20/07/2026,16:07,Oiti,594498,URBANO,12,80,Sim,,50,0,-10.1800448,-48.8951197,0,,,,,V20260724110132823163925
1421,V0396,SE Paraíso I,CENTRO,AL,AL02062013,20/07/2026,16:07,Oiti,594498,URBANO,12,80,Sim,,50,0,-10.1800448,-48.8951197,3,https://raw.githubusercontent.com/LGRSV/vera-vegetacao/main/fotos/Enecol-Centro/VER20260720160752482033631F1.jpg,https://raw.githubusercontent.com/LGRSV/vera-vegetacao/main/fotos/Enecol-Centro/VER20260720160752482033631F2.jpg,https://raw.githubusercontent.com/LGRSV/vera-vegetacao/main/fotos/Enecol-Centro/VER20260720160752482033631F3.jpg,,V20260720160752482033631
1422,V0397,SE Paraíso I,CENTRO,AL,AL02062013,20/07/2026,16:08,Oiti,594499,URBANO,7,80,Sim,,300,0,-10.1799767,-48.8951183,0,,,,,V20260724110134484334019
1423,V0397,SE Paraíso I,CENTRO,AL,AL02062013,20/07/2026,16:08,Oiti,594499,URBANO,7,80,Sim,,300,0,-10.1799767,-48.8951183,3,https://raw.githubusercontent.com/LGRSV/vera-vegetacao/main/fotos/Enecol-Centro/VER20260720160856704197460F1.jpg,https://raw.githubusercontent.com/LGRSV/vera-vegetacao/main/fotos/Enecol-Centro/VER20260720160856704197460F2.jpg,https://raw.githubusercontent.com/LGRSV/vera-vegetacao/main/fotos/Enecol-Centro/VER20260720160856704197460F3.jpg,,V20260720160856704197460
1424,V0398,SE Paraíso I,CENTRO,AL,AL02062013,20/07/2026,16:10,Coqueiro,594499,URBANO,14,80,Sim,,150,0,-10.1799883,-48.8951767,3,https://raw.githubusercontent.com/LGRSV/vera-vegetacao/main/fotos/Enecol-Centro/VER20260720161010833997887F1.jpg,https://raw.githubusercontent.com/LGRSV/vera-vegetacao/main/fotos/Enecol-Centro/VER20260720161010833997887F2.jpg,https://raw.githubusercontent.com/LGRSV/vera-vegetacao/main/fotos/Enecol-Centro/VER20260720161010833997887F3.jpg,,V20260720161010833997887
1425,V0398,SE Paraíso I,CENTRO,AL,AL02062013,20/07/2026,16:10,Coqueiro,594499,URBANO,14,80,Sim,,150,0,-10.1799883,-48.8951767,0,,,,,V20260724110136334018718
1426,V0399,SE Paraíso I,CENTRO,AL,AL02062013,20/07/2026,16:11,Coqueiro,594499,URBANO,14,80,Sim,,50,0,-10.17995,-48.89518,3,https://raw.githubusercontent.com/LGRSV/vera-vegetacao/main/fotos/Enecol-Centro/VER20260720161118056246197F1.jpg,https://raw.githubusercontent.com/LGRSV/vera-vegetacao/main/fotos/Enecol-Centro/VER20260720161118056246197F2.jpg,https://raw.githubusercontent.com/LGRSV/vera-vegetacao/main/fotos/Enecol-Centro/VER20260720161118056246197F3.jpg,,V20260720161118056246197
1427,V0399,SE Paraíso I,CENTRO,AL,AL02062013,20/07/2026,16:11,Coqueiro,594499,URBANO,14,80,Sim,,50,0,-10.17995,-48.89518,0,,,,,V20260724110137990973598
1428,V0400,SE Paraíso I,CENTRO,AL,AL03062013,20/07/2026,16:12,Coqueiro,31449547,URBANO,14,85,Sim,,50,0,-10.1798917,-48.89522,3,https://raw.githubusercontent.com/LGRSV/vera-vegetacao/main/fotos/Enecol-Centro/VER20260720161251420627344F1.jpg,https://raw.githubusercontent.com/LGRSV/vera-vegetacao/main/fotos/Enecol-Centro/VER20260720161251420627344F2.jpg,https://raw.githubusercontent.com/LGRSV/vera-vegetacao/main/fotos/Enecol-Centro/VER20260720161251420627344F3.jpg,,V20260720161251420627344
1429,V0400,SE Paraíso I,CENTRO,AL,AL03062013,20/07/2026,16:12,Coqueiro,31449547,URBANO,14,85,Sim,,50,0,-10.1798917,-48.89522,0,,,,,V20260724110139709171675
1430,V0401,SE Paraíso I,CENTRO,AL,AL02062013,20/07/2026,17:05,Oiti,1469000,URBANO,6,80,Sim,,300,0,-10.18053,-48.8916583,3,https://raw.githubusercontent.com/LGRSV/vera-vegetacao/main/fotos/Enecol-Centro/VER20260720170551243423760F1.jpg,https://raw.githubusercontent.com/LGRSV/vera-vegetacao/main/fotos/Enecol-Centro/VER20260720170551243423760F2.jpg,https://raw.githubusercontent.com/LGRSV/vera-vegetacao/main/fotos/Enecol-Centro/VER20260720170551243423760F3.jpg,,V20260720170551243423760
1431,V0401,SE Paraíso I,CENTRO,AL,AL02062013,20/07/2026,17:05,Oiti,1469000,URBANO,6,80,Sim,,300,0,-10.18053,-48.8916583,0,,,,,V20260724110141507993078
1432,V0402,SE Paraíso I,CENTRO,AL,AL02062013,20/07/2026,17:08,Outros,128319,URBANO,10,80,Sim,150,300,0,-10.181025,-48.8914283,3,https://raw.githubusercontent.com/LGRSV/vera-vegetacao/main/fotos/Enecol-Centro/VER20260720170855977458655F1.jpg,https://raw.githubusercontent.com/LGRSV/vera-vegetacao/main/fotos/Enecol-Centro/VER20260720170855977458655F2.jpg,https://raw.githubusercontent.com/LGRSV/vera-vegetacao/main/fotos/Enecol-Centro/VER20260720170855977458655F3.jpg,,V20260720170855977458655
1433,V0402,SE Paraíso I,CENTRO,AL,AL02062013,20/07/2026,17:08,Outros,128319,URBANO,10,80,Sim,150,300,0,-10.181025,-48.8914283,0,,,,,V20260724110143265182713
1434,V0403,SE Paraíso I,CENTRO,AL,AL02062013,20/07/2026,17:11,Outros,602695,URBANO,5.5,45,Sim,,,0,-10.1804273,-48.891751,0,,,,,V20260724110144958783034
1435,V0403,SE Paraíso I,CENTRO,AL,AL02062013,20/07/2026,17:11,Outros,602695,URBANO,5.5,45,Sim,,,0,-10.1804273,-48.891751,3,https://raw.githubusercontent.com/LGRSV/vera-vegetacao/main/fotos/Enecol-Centro/VER20260720171107126289375F1.jpg,https://raw.githubusercontent.com/LGRSV/vera-vegetacao/main/fotos/Enecol-Centro/VER20260720171107126289375F2.jpg,https://raw.githubusercontent.com/LGRSV/vera-vegetacao/main/fotos/Enecol-Centro/VER20260720171107126289375F3.jpg,,V20260720171107126289375
1436,V0404,SE Paraíso I,CENTRO,AL,AL04062013,20/07/2026,18:01,Outros,22202127,URBANO,10.5,140,Sim,50,150,0,-10.17326,-48.8878383,3,https://raw.githubusercontent.com/LGRSV/vera-vegetacao/main/fotos/Enecol-Centro/VER20260720180136948210500F1.jpg,https://raw.githubusercontent.com/LGRSV/vera-vegetacao/main/fotos/Enecol-Centro/VER20260720180136948210500F2.jpg,https://raw.githubusercontent.com/LGRSV/vera-vegetacao/main/fotos/Enecol-Centro/VER20260720180136948210500F3.jpg,,V20260720180136948210500
1437,V0404,SE Paraíso I,CENTRO,AL,AL04062013,20/07/2026,18:01,Outros,22202127,URBANO,10.5,140,Sim,50,150,0,-10.17326,-48.8878383,0,,,,,V20260724110146631432005
1438,V0405,SE Paraíso I,CENTRO,AL,AL04062013,20/07/2026,18:03,Outros,22202119,URBANO,12,80,Sim,50,250,0,-10.1730867,-48.88794,3,https://raw.githubusercontent.com/LGRSV/vera-vegetacao/main/fotos/Enecol-Centro/VER20260720180312326415217F1.jpg,https://raw.githubusercontent.com/LGRSV/vera-vegetacao/main/fotos/Enecol-Centro/VER20260720180312326415217F2.jpg,https://raw.githubusercontent.com/LGRSV/vera-vegetacao/main/fotos/Enecol-Centro/VER20260720180312326415217F3.jpg,,V20260720180312326415217
1439,V0405,SE Paraíso I,CENTRO,AL,AL04062013,20/07/2026,18:03,Outros,22202119,URBANO,12,80,Sim,50,250,0,-10.1730867,-48.88794,0,,,,,V20260724110148386521957
1440,V0406,SE Paraíso I,CENTRO,AL,AL04062013,20/07/2026,18:04,Outros,22202119,URBANO,11,80,Sim,50,100,0,-10.1728317,-48.8880117,3,https://raw.githubusercontent.com/LGRSV/vera-vegetacao/main/fotos/Enecol-Centro/VER20260720180424058527636F1.jpg,https://raw.githubusercontent.com/LGRSV/vera-vegetacao/main/fotos/Enecol-Centro/VER20260720180424058527636F2.jpg,https://raw.githubusercontent.com/LGRSV/vera-vegetacao/main/fotos/Enecol-Centro/VER20260720180424058527636F3.jpg,,V20260720180424058527636
1441,V0406,SE Paraíso I,CENTRO,AL,AL04062013,20/07/2026,18:04,Outros,22202119,URBANO,11,80,Sim,50,100,0,-10.1728317,-48.8880117,0,,,,,V20260724110150186718355
1442,V0407,SE Paraíso I,CENTRO,AL,AL04062013,20/07/2026,18:05,Outros,22202119,URBANO,11,110,Sim,50,50,0,-10.1729017,-48.887955,0,,,,,V20260724110151923774229
1443,V0407,SE Paraíso I,CENTRO,AL,AL04062013,20/07/2026,18:05,Outros,22202119,URBANO,11,110,Sim,50,50,0,-10.1729017,-48.887955,3,https://raw.githubusercontent.com/LGRSV/vera-vegetacao/main/fotos/Enecol-Centro/VER20260720180547111920571F1.jpg,https://raw.githubusercontent.com/LGRSV/vera-vegetacao/main/fotos/Enecol-Centro/VER20260720180547111920571F2.jpg,https://raw.githubusercontent.com/LGRSV/vera-vegetacao/main/fotos/Enecol-Centro/VER20260720180547111920571F3.jpg,,V20260720180547111920571
1444,V0408,SE Paraíso I,CENTRO,AL,AL04062013,20/07/2026,18:06,Outros,22202082,URBANO,8,90,Sim,250,300,0,-10.1727867,-48.8880367,3,https://raw.githubusercontent.com/LGRSV/vera-vegetacao/main/fotos/Enecol-Centro/VER20260720180650964545416F1.jpg,https://raw.githubusercontent.com/LGRSV/vera-vegetacao/main/fotos/Enecol-Centro/VER20260720180650964545416F2.jpg,https://raw.githubusercontent.com/LGRSV/vera-vegetacao/main/fotos/Enecol-Centro/VER20260720180650964545416F3.jpg,,V20260720180650964545416
1445,V0408,SE Paraíso I,CENTRO,AL,AL04062013,20/07/2026,18:06,Outros,22202082,URBANO,8,90,Sim,250,300,0,-10.1727867,-48.8880367,0,,,,,V20260724110153908096448
1446,V0409,SE Paraíso I,CENTRO,AL,AL04062013,20/07/2026,18:08,Outros,22202082,URBANO,15,120,Sim,300,50,0,-10.1726917,-48.8881167,0,,,,,V20260724110155626571399
1447,V0409,SE Paraíso I,CENTRO,AL,AL04062013,20/07/2026,18:08,Outros,22202082,URBANO,15,120,Sim,300,50,0,-10.1726917,-48.8881167,3,https://raw.githubusercontent.com/LGRSV/vera-vegetacao/main/fotos/Enecol-Centro/VER20260720180802638044133F1.jpg,https://raw.githubusercontent.com/LGRSV/vera-vegetacao/main/fotos/Enecol-Centro/VER20260720180802638044133F2.jpg,https://raw.githubusercontent.com/LGRSV/vera-vegetacao/main/fotos/Enecol-Centro/VER20260720180802638044133F3.jpg,,V20260720180802638044133
1448,V0410,SE Paraíso I,CENTRO,AL,AL04062013,20/07/2026,18:09,Cajueiro,22202082,URBANO,12.5,120,Sim,300,150,0,-10.172565,-48.8880433,3,https://raw.githubusercontent.com/LGRSV/vera-vegetacao/main/fotos/Enecol-Centro/VER20260720180905716154108F1.jpg,https://raw.githubusercontent.com/LGRSV/vera-vegetacao/main/fotos/Enecol-Centro/VER20260720180905716154108F2.jpg,https://raw.githubusercontent.com/LGRSV/vera-vegetacao/main/fotos/Enecol-Centro/VER20260720180905716154108F3.jpg,,V20260720180905716154108
1449,V0410,SE Paraíso I,CENTRO,AL,AL04062013,20/07/2026,18:09,Cajueiro,22202082,URBANO,12.5,120,Sim,300,150,0,-10.172565,-48.8880433,0,,,,,V20260724110157612221177
1450,V0411,SE Paraíso I,CENTRO,AL,AL04062013,20/07/2026,18:11,Outros,1680740,URBANO,3.5,25,Sim,,,0,-10.17286,-48.8886117,0,,,,,V20260724110159349608060
1451,V0411,SE Paraíso I,CENTRO,AL,AL04062013,20/07/2026,18:11,Outros,1680740,URBANO,3.5,25,Sim,,,0,-10.17286,-48.8886117,3,https://raw.githubusercontent.com/LGRSV/vera-vegetacao/main/fotos/Enecol-Centro/VER20260720181153136616344F1.jpg,https://raw.githubusercontent.com/LGRSV/vera-vegetacao/main/fotos/Enecol-Centro/VER20260720181153136616344F2.jpg,https://raw.githubusercontent.com/LGRSV/vera-vegetacao/main/fotos/Enecol-Centro/VER20260720181153136616344F3.jpg,,V20260720181153136616344
1452,V0412,SE Paraíso I,CENTRO,AL,AL04062013,21/07/2026,09:31,Mangueira,41836664,URBANO,10.5,125,Sim,150,50,0,-10.1753875,-48.8824957,3,https://raw.githubusercontent.com/LGRSV/vera-vegetacao/main/fotos/Enecol-Centro/VER20260721093155759336003F1.jpg,https://raw.githubusercontent.com/LGRSV/vera-vegetacao/main/fotos/Enecol-Centro/VER20260721093155759336003F2.jpg,https://raw.githubusercontent.com/LGRSV/vera-vegetacao/main/fotos/Enecol-Centro/VER20260721093155759336003F3.jpg,,V20260721093155759336003
1453,V0412,SE Paraíso I,CENTRO,AL,AL04062013,21/07/2026,09:31,Mangueira,41836664,URBANO,10.5,125,Sim,150,50,0,-10.1753875,-48.8824957,0,,,,,V20260724110201099125562
1454,V0413,SE Paraíso I,CENTRO,AL,AL04062013,21/07/2026,09:33,Outros,41836664,URBANO,7,70,Sim,150,300,0,-10.1752772,-48.8824302,0,,,,,V20260724110202958854634
1455,V0413,SE Paraíso I,CENTRO,AL,AL04062013,21/07/2026,09:33,Outros,41836664,URBANO,7,70,Sim,150,300,0,-10.1752772,-48.8824302,3,https://raw.githubusercontent.com/LGRSV/vera-vegetacao/main/fotos/Enecol-Centro/VER20260721093312553162185F1.jpg,https://raw.githubusercontent.com/LGRSV/vera-vegetacao/main/fotos/Enecol-Centro/VER20260721093312553162185F2.jpg,https://raw.githubusercontent.com/LGRSV/vera-vegetacao/main/fotos/Enecol-Centro/VER20260721093312553162185F3.jpg,,V20260721093312553162185
1456,V0414,SE Paraíso I,CENTRO,AL,AL04062013,21/07/2026,09:34,Outros,609196,URBANO,5,40,Sim,,,0,-10.1753545,-48.8821155,3,https://raw.githubusercontent.com/LGRSV/vera-vegetacao/main/fotos/Enecol-Centro/VER20260721093437978837125F1.jpg,https://raw.githubusercontent.com/LGRSV/vera-vegetacao/main/fotos/Enecol-Centro/VER20260721093437978837125F2.jpg,https://raw.githubusercontent.com/LGRSV/vera-vegetacao/main/fotos/Enecol-Centro/VER20260721093437978837125F3.jpg,,V20260721093437978837125
1457,V0414,SE Paraíso I,CENTRO,AL,AL04062013,21/07/2026,09:34,Outros,609196,URBANO,5,40,Sim,,,0,-10.1753545,-48.8821155,0,,,,,V20260724110204678127299
1458,V0415,SE Paraíso I,CENTRO,AL,AL04062013,21/07/2026,09:35,Oiti,1336572,URBANO,5,50,,,,0,-10.1755744,-48.8820433,3,https://raw.githubusercontent.com/LGRSV/vera-vegetacao/main/fotos/Enecol-Centro/VER20260721093554473900996F1.jpg,https://raw.githubusercontent.com/LGRSV/vera-vegetacao/main/fotos/Enecol-Centro/VER20260721093554473900996F2.jpg,https://raw.githubusercontent.com/LGRSV/vera-vegetacao/main/fotos/Enecol-Centro/VER20260721093554473900996F3.jpg,,V20260721093554473900996
1459,V0415,SE Paraíso I,CENTRO,AL,AL04062013,21/07/2026,09:35,Oiti,1336572,URBANO,5,50,,,,0,-10.1755744,-48.8820433,0,,,,,V20260724110206987189724
1460,V0416,SE Paraíso I,CENTRO,AL,AL04062013,21/07/2026,09:36,Oiti,1336572,URBANO,5,50,Sim,,,0,-10.1755923,-48.8820238,3,https://raw.githubusercontent.com/LGRSV/vera-vegetacao/main/fotos/Enecol-Centro/VER20260721093640534915101F1.jpg,https://raw.githubusercontent.com/LGRSV/vera-vegetacao/main/fotos/Enecol-Centro/VER20260721093640534915101F2.jpg,https://raw.githubusercontent.com/LGRSV/vera-vegetacao/main/fotos/Enecol-Centro/VER20260721093640534915101F3.jpg,,V20260721093640534915101
1461,V0416,SE Paraíso I,CENTRO,AL,AL04062013,21/07/2026,09:36,Oiti,1336572,URBANO,5,50,Sim,,,0,-10.1755923,-48.8820238,0,,,,,V20260724110208908726629
1462,V0417,SE Paraíso I,CENTRO,AL,AL04062013,21/07/2026,09:37,Oiti,1336572,URBANO,5,50,Sim,,,0,-10.1756638,-48.8819426,0,,,,,V20260724110210753762362
1463,V0417,SE Paraíso I,CENTRO,AL,AL04062013,21/07/2026,09:37,Oiti,1336572,URBANO,5,50,Sim,,,0,-10.1756638,-48.8819426,3,https://raw.githubusercontent.com/LGRSV/vera-vegetacao/main/fotos/Enecol-Centro/VER20260721093733573851561F1.jpg,https://raw.githubusercontent.com/LGRSV/vera-vegetacao/main/fotos/Enecol-Centro/VER20260721093733573851561F2.jpg,https://raw.githubusercontent.com/LGRSV/vera-vegetacao/main/fotos/Enecol-Centro/VER20260721093733573851561F3.jpg,,V20260721093733573851561
1464,V0418,SE Paraíso I,CENTRO,AL,AL04062013,21/07/2026,09:38,Oiti,1336572,URBANO,5,50,Sim,,,0,-10.1756833,-48.882005,3,https://raw.githubusercontent.com/LGRSV/vera-vegetacao/main/fotos/Enecol-Centro/VER20260721093826791227109F1.jpg,https://raw.githubusercontent.com/LGRSV/vera-vegetacao/main/fotos/Enecol-Centro/VER20260721093826791227109F2.jpg,https://raw.githubusercontent.com/LGRSV/vera-vegetacao/main/fotos/Enecol-Centro/VER20260721093826791227109F3.jpg,,V20260721093826791227109
1465,V0418,SE Paraíso I,CENTRO,AL,AL04062013,21/07/2026,09:38,Oiti,1336572,URBANO,5,50,Sim,,,0,-10.1756833,-48.882005,0,,,,,V20260724110212543705491
1466,V0419,SE Paraíso I,CENTRO,AL,AL04062013,21/07/2026,09:39,Oiti,1336572,URBANO,5,50,Sim,,,0,-10.1756833,-48.8819667,3,https://raw.githubusercontent.com/LGRSV/vera-vegetacao/main/fotos/Enecol-Centro/VER20260721093904610605020F1.jpg,https://raw.githubusercontent.com/LGRSV/vera-vegetacao/main/fotos/Enecol-Centro/VER20260721093904610605020F2.jpg,https://raw.githubusercontent.com/LGRSV/vera-vegetacao/main/fotos/Enecol-Centro/VER20260721093904610605020F3.jpg,,V20260721093904610605020
1467,V0419,SE Paraíso I,CENTRO,AL,AL04062013,21/07/2026,09:39,Oiti,1336572,URBANO,5,50,Sim,,,0,-10.1756833,-48.8819667,0,,,,,V20260724110214590640795
1468,V0420,SE Paraíso I,CENTRO,AL,AL04062013,21/07/2026,09:40,Buriti,605063,URBANO,10,80,,50,300,0,-10.1758433,-48.8818967,0,,,,,V20260724110216276842677
1469,V0420,SE Paraíso I,CENTRO,AL,AL04062013,21/07/2026,09:40,Buriti,605063,URBANO,10,80,,50,300,0,-10.1758433,-48.8818967,3,https://raw.githubusercontent.com/LGRSV/vera-vegetacao/main/fotos/Enecol-Centro/VER20260721094020963787031F1.jpg,https://raw.githubusercontent.com/LGRSV/vera-vegetacao/main/fotos/Enecol-Centro/VER20260721094020963787031F2.jpg,https://raw.githubusercontent.com/LGRSV/vera-vegetacao/main/fotos/Enecol-Centro/VER20260721094020963787031F3.jpg,,V20260721094020963787031
1470,V0421,SE Paraíso I,CENTRO,AL,AL04062013,21/07/2026,09:41,Buriti,605063,URBANO,10,80,Sim,100,250,0,-10.175855,-48.8818383,0,,,,,V20260724110217967948696
1471,V0421,SE Paraíso I,CENTRO,AL,AL04062013,21/07/2026,09:41,Buriti,605063,URBANO,10,80,Sim,100,250,0,-10.175855,-48.8818383,3,https://raw.githubusercontent.com/LGRSV/vera-vegetacao/main/fotos/Enecol-Centro/VER20260721094118065791480F1.jpg,https://raw.githubusercontent.com/LGRSV/vera-vegetacao/main/fotos/Enecol-Centro/VER20260721094118065791480F2.jpg,https://raw.githubusercontent.com/LGRSV/vera-vegetacao/main/fotos/Enecol-Centro/VER20260721094118065791480F3.jpg,,V20260721094118065791480
1472,V0422,SE Paraíso I,CENTRO,AL,AL04062013,21/07/2026,09:46,Mangueira,1098776,URBANO,18,170,Sim,50,50,0,-10.1747749,-48.8825414,0,,,,,V20260724110220059084960
1473,V0422,SE Paraíso I,CENTRO,AL,AL04062013,21/07/2026,09:46,Mangueira,1098776,URBANO,18,170,Sim,50,50,0,-10.1747749,-48.8825414,4,https://raw.githubusercontent.com/LGRSV/vera-vegetacao/main/fotos/Enecol-Centro/VER20260721094603575353937F1.jpg,https://raw.githubusercontent.com/LGRSV/vera-vegetacao/main/fotos/Enecol-Centro/VER20260721094603575353937F2.jpg,https://raw.githubusercontent.com/LGRSV/vera-vegetacao/main/fotos/Enecol-Centro/VER20260721094603575353937F3.jpg,https://raw.githubusercontent.com/LGRSV/vera-vegetacao/main/fotos/Enecol-Centro/VER20260721094603575353937F4.jpg,V20260721094603575353937
1474,V0423,SE Paraíso I,CENTRO,AL,AL04062013,21/07/2026,09:48,Oiti,1688768,URBANO,7.5,90,Sim,250,300,0,-10.1737245,-48.8830311,0,,,,,V20260724110221920920769
1475,V0423,SE Paraíso I,CENTRO,AL,AL04062013,21/07/2026,09:48,Oiti,1688768,URBANO,7.5,90,Sim,250,300,0,-10.1737245,-48.8830311,3,https://raw.githubusercontent.com/LGRSV/vera-vegetacao/main/fotos/Enecol-Centro/VER20260721094851573178766F1.jpg,https://raw.githubusercontent.com/LGRSV/vera-vegetacao/main/fotos/Enecol-Centro/VER20260721094851573178766F2.jpg,https://raw.githubusercontent.com/LGRSV/vera-vegetacao/main/fotos/Enecol-Centro/VER20260721094851573178766F3.jpg,,V20260721094851573178766
1476,V0424,SE Paraíso I,CENTRO,AL,AL04062013,21/07/2026,09:53,Oiti,602665,URBANO,7.5,80,Sim,0,200,0,-10.17407,-48.8838633,0,,,,,V20260724110223667838440
1477,V0424,SE Paraíso I,CENTRO,AL,AL04062013,21/07/2026,09:53,Oiti,602665,URBANO,7.5,80,Sim,0,200,0,-10.17407,-48.8838633,3,https://raw.githubusercontent.com/LGRSV/vera-vegetacao/main/fotos/Enecol-Centro/VER20260721095340638472950F1.jpg,https://raw.githubusercontent.com/LGRSV/vera-vegetacao/main/fotos/Enecol-Centro/VER20260721095340638472950F2.jpg,https://raw.githubusercontent.com/LGRSV/vera-vegetacao/main/fotos/Enecol-Centro/VER20260721095340638472950F3.jpg,,V20260721095340638472950
1478,V0425,SE Paraíso I,CENTRO,AL,AL04062013,21/07/2026,09:54,Oiti,602665,URBANO,7.5,70,Sim,0,200,0,-10.1740147,-48.883858,3,https://raw.githubusercontent.com/LGRSV/vera-vegetacao/main/fotos/Enecol-Centro/VER20260721095423255961597F1.jpg,https://raw.githubusercontent.com/LGRSV/vera-vegetacao/main/fotos/Enecol-Centro/VER20260721095423255961597F2.jpg,https://raw.githubusercontent.com/LGRSV/vera-vegetacao/main/fotos/Enecol-Centro/VER20260721095423255961597F3.jpg,,V20260721095423255961597
1479,V0425,SE Paraíso I,CENTRO,AL,AL04062013,21/07/2026,09:54,Oiti,602665,URBANO,7.5,70,Sim,0,200,0,-10.1740147,-48.883858,0,,,,,V20260724110225348124942
1480,V0426,SE Paraíso I,CENTRO,AL,AL04062013,21/07/2026,09:55,Oiti,602665,URBANO,7.5,75,Sim,0,150,0,-10.1738665,-48.8839032,3,https://raw.githubusercontent.com/LGRSV/vera-vegetacao/main/fotos/Enecol-Centro/VER20260721095520513597208F1.jpg,https://raw.githubusercontent.com/LGRSV/vera-vegetacao/main/fotos/Enecol-Centro/VER20260721095520513597208F2.jpg,https://raw.githubusercontent.com/LGRSV/vera-vegetacao/main/fotos/Enecol-Centro/VER20260721095520513597208F3.jpg,,V20260721095520513597208
1481,V0426,SE Paraíso I,CENTRO,AL,AL04062013,21/07/2026,09:55,Oiti,602665,URBANO,7.5,75,Sim,0,150,0,-10.1738665,-48.8839032,0,,,,,V20260724110226989536143
1482,V0427,SE Paraíso I,CENTRO,AL,AL04062013,21/07/2026,09:56,Oiti,603367,URBANO,7.5,60,Sim,0,250,0,-10.1740829,-48.8836322,0,,,,,V20260724110228635102316
1483,V0427,SE Paraíso I,CENTRO,AL,AL04062013,21/07/2026,09:56,Oiti,603367,URBANO,7.5,60,Sim,0,250,0,-10.1740829,-48.8836322,3,https://raw.githubusercontent.com/LGRSV/vera-vegetacao/main/fotos/Enecol-Centro/VER20260721095647117842572F1.jpg,https://raw.githubusercontent.com/LGRSV/vera-vegetacao/main/fotos/Enecol-Centro/VER20260721095647117842572F2.jpg,https://raw.githubusercontent.com/LGRSV/vera-vegetacao/main/fotos/Enecol-Centro/VER20260721095647117842572F3.jpg,,V20260721095647117842572
1484,V0428,SE Paraíso I,CENTRO,AL,AL04062013,21/07/2026,10:04,Outros,692971,URBANO,10,115,Sim,300,300,0,-10.1728938,-48.887321,3,https://raw.githubusercontent.com/LGRSV/vera-vegetacao/main/fotos/Enecol-Centro/VER20260721100444005546133F1.jpg,https://raw.githubusercontent.com/LGRSV/vera-vegetacao/main/fotos/Enecol-Centro/VER20260721100444005546133F2.jpg,https://raw.githubusercontent.com/LGRSV/vera-vegetacao/main/fotos/Enecol-Centro/VER20260721100444005546133F3.jpg,,V20260721100444005546133
1485,V0428,SE Paraíso I,CENTRO,AL,AL04062013,21/07/2026,10:04,Outros,692971,URBANO,10,115,Sim,300,300,0,-10.1728938,-48.887321,0,,,,,V20260724110230348921353
1486,V0429,SE Paraíso I,CENTRO,AL,AL01062013,21/07/2026,10:34,Mangueira,1452761,URBANO,10,150,Sim,150,300,0,-10.166354,-48.8890589,3,https://raw.githubusercontent.com/LGRSV/vera-vegetacao/main/fotos/Enecol-Centro/VER20260721103402722826334F1.jpg,https://raw.githubusercontent.com/LGRSV/vera-vegetacao/main/fotos/Enecol-Centro/VER20260721103402722826334F2.jpg,https://raw.githubusercontent.com/LGRSV/vera-vegetacao/main/fotos/Enecol-Centro/VER20260721103402722826334F3.jpg,,V20260721103402722826334
1487,V0429,SE Paraíso I,CENTRO,AL,AL01062013,21/07/2026,10:34,Mangueira,1452761,URBANO,10,150,Sim,150,300,0,-10.166354,-48.8890589,0,,,,,V20260724110232111486923
1488,V0430,SE Paraíso I,CENTRO,AL,AL01062013,21/07/2026,10:35,Mangueira,1429709,URBANO,8,90,Sim,200,250,0,-10.1662912,-48.8890404,3,https://raw.githubusercontent.com/LGRSV/vera-vegetacao/main/fotos/Enecol-Centro/VER20260721103502785456315F1.jpg,https://raw.githubusercontent.com/LGRSV/vera-vegetacao/main/fotos/Enecol-Centro/VER20260721103502785456315F2.jpg,https://raw.githubusercontent.com/LGRSV/vera-vegetacao/main/fotos/Enecol-Centro/VER20260721103502785456315F3.jpg,,V20260721103502785456315
1489,V0430,SE Paraíso I,CENTRO,AL,AL01062013,21/07/2026,10:35,Mangueira,1429709,URBANO,8,90,Sim,200,250,0,-10.1662912,-48.8890404,0,,,,,V20260724110233868571237
1490,V0431,SE Paraíso I,CENTRO,AL,AL01062013,21/07/2026,11:08,Outros,39178549,URBANO,12,130,Sim,0,50,0,-10.1760001,-48.8932901,3,https://raw.githubusercontent.com/LGRSV/vera-vegetacao/main/fotos/Enecol-Centro/VER20260721110850901311362F1.jpg,https://raw.githubusercontent.com/LGRSV/vera-vegetacao/main/fotos/Enecol-Centro/VER20260721110850901311362F2.jpg,https://raw.githubusercontent.com/LGRSV/vera-vegetacao/main/fotos/Enecol-Centro/VER20260721110850901311362F3.jpg,,V20260721110850901311362
1491,V0431,SE Paraíso I,CENTRO,AL,AL01062013,21/07/2026,11:08,Outros,39178549,URBANO,12,130,Sim,0,50,0,-10.1760001,-48.8932901,0,,,,,V20260724110235507715416
1492,V0432,SE Paraíso I,CENTRO,AL,AL01062013,21/07/2026,11:10,Babaçu,39178556,URBANO,8.5,70,Sim,0,200,0,-10.1756661,-48.8934853,0,,,,,V20260724110237113917319
1493,V0432,SE Paraíso I,CENTRO,AL,AL01062013,21/07/2026,11:10,Babaçu,39178556,URBANO,8.5,70,Sim,0,200,0,-10.1756661,-48.8934853,3,https://raw.githubusercontent.com/LGRSV/vera-vegetacao/main/fotos/Enecol-Centro/VER20260721111014279821460F1.jpg,https://raw.githubusercontent.com/LGRSV/vera-vegetacao/main/fotos/Enecol-Centro/VER20260721111014279821460F2.jpg,https://raw.githubusercontent.com/LGRSV/vera-vegetacao/main/fotos/Enecol-Centro/VER20260721111014279821460F3.jpg,,V20260721111014279821460
1494,V0433,SE Paraíso I,CENTRO,AL,AL01062013,21/07/2026,11:11,Outros,39178560,URBANO,12,85,Sim,0,150,0,-10.1753049,-48.8937219,0,,,,,V20260724110238758429650
1495,V0433,SE Paraíso I,CENTRO,AL,AL01062013,21/07/2026,11:11,Outros,39178560,URBANO,12,85,Sim,0,150,0,-10.1753049,-48.8937219,3,https://raw.githubusercontent.com/LGRSV/vera-vegetacao/main/fotos/Enecol-Centro/VER20260721111154203120009F1.jpg,https://raw.githubusercontent.com/LGRSV/vera-vegetacao/main/fotos/Enecol-Centro/VER20260721111154203120009F2.jpg,https://raw.githubusercontent.com/LGRSV/vera-vegetacao/main/fotos/Enecol-Centro/VER20260721111154203120009F3.jpg,,V20260721111154203120009
1496,V0434,SE Paraíso I,CENTRO,AL,AL01062013,21/07/2026,11:13,Outros,39178573,URBANO,12.5,140,Sim,0,100,0,-10.1752851,-48.8937224,3,https://raw.githubusercontent.com/LGRSV/vera-vegetacao/main/fotos/Enecol-Centro/VER20260721111327157177353F1.jpg,https://raw.githubusercontent.com/LGRSV/vera-vegetacao/main/fotos/Enecol-Centro/VER20260721111327157177353F2.jpg,https://raw.githubusercontent.com/LGRSV/vera-vegetacao/main/fotos/Enecol-Centro/VER20260721111327157177353F3.jpg,,V20260721111327157177353
1497,V0434,SE Paraíso I,CENTRO,AL,AL01062013,21/07/2026,11:13,Outros,39178573,URBANO,12.5,140,Sim,0,100,0,-10.1752851,-48.8937224,0,,,,,V20260724110240468866651
1498,V0435,SE Paraíso I,CENTRO,AL,AL01062013,21/07/2026,11:34,Outros,39178592,URBANO,12,100,Sim,,50,0,-10.174775,-48.89424,0,,,,,V20260724110242258280100
1499,V0435,SE Paraíso I,CENTRO,AL,AL01062013,21/07/2026,11:34,Outros,39178592,URBANO,12,100,Sim,,50,0,-10.174775,-48.89424,3,https://raw.githubusercontent.com/LGRSV/vera-vegetacao/main/fotos/Enecol-Centro/VER20260721113408294181549F1.jpg,https://raw.githubusercontent.com/LGRSV/vera-vegetacao/main/fotos/Enecol-Centro/VER20260721113408294181549F2.jpg,https://raw.githubusercontent.com/LGRSV/vera-vegetacao/main/fotos/Enecol-Centro/VER20260721113408294181549F3.jpg,,V20260721113408294181549
1500,V0436,SE Paraíso I,CENTRO,AL,AL01062013,21/07/2026,11:38,Jatobá,39178607,URBANO,14,150,Sim,50,50,0,-10.1738837,-48.8953154,3,https://raw.githubusercontent.com/LGRSV/vera-vegetacao/main/fotos/Enecol-Centro/VER20260721113823515715685F1.jpg,https://raw.githubusercontent.com/LGRSV/vera-vegetacao/main/fotos/Enecol-Centro/VER20260721113823515715685F2.jpg,https://raw.githubusercontent.com/LGRSV/vera-vegetacao/main/fotos/Enecol-Centro/VER20260721113823515715685F3.jpg,,V20260721113823515715685
1501,V0436,SE Paraíso I,CENTRO,AL,AL01062013,21/07/2026,11:38,Jatobá,39178607,URBANO,14,150,Sim,50,50,0,-10.1738837,-48.8953154,0,,,,,V20260724110244188359366
1502,V0437,SE Paraíso I,CENTRO,AL,AL01062013,21/07/2026,14:47,Oiti,39178610,URBANO,6,50,Sim,300,300,0,-10.1736645,-48.8953874,3,https://raw.githubusercontent.com/LGRSV/vera-vegetacao/main/fotos/Enecol-Centro/VER20260721144718854206976F1.jpg,https://raw.githubusercontent.com/LGRSV/vera-vegetacao/main/fotos/Enecol-Centro/VER20260721144718854206976F2.jpg,https://raw.githubusercontent.com/LGRSV/vera-vegetacao/main/fotos/Enecol-Centro/VER20260721144718854206976F3.jpg,,V20260721144718854206976
1503,V0437,SE Paraíso I,CENTRO,AL,AL01062013,21/07/2026,14:47,Oiti,39178610,URBANO,6,50,Sim,300,300,0,-10.1736645,-48.8953874,0,,,,,V20260724110246143493348
1504,V0438,SE Paraíso I,CENTRO,AL,AL01062013,21/07/2026,14:48,Oiti,628783,URBANO,5.5,45,Sim,300,300,0,-10.1735353,-48.8953669,0,,,,,V20260724110247786526094
1505,V0438,SE Paraíso I,CENTRO,AL,AL01062013,21/07/2026,14:48,Oiti,628783,URBANO,5.5,45,Sim,300,300,0,-10.1735353,-48.8953669,3,https://raw.githubusercontent.com/LGRSV/vera-vegetacao/main/fotos/Enecol-Centro/VER20260721144811812694258F1.jpg,https://raw.githubusercontent.com/LGRSV/vera-vegetacao/main/fotos/Enecol-Centro/VER20260721144811812694258F2.jpg,https://raw.githubusercontent.com/LGRSV/vera-vegetacao/main/fotos/Enecol-Centro/VER20260721144811812694258F3.jpg,,V20260721144811812694258
1506,V0439,SE Paraíso I,CENTRO,AL,AL01062013,21/07/2026,14:49,Oiti,628783,URBANO,6.5,55,Sim,200,300,0,-10.1734795,-48.8953455,0,,,,,V20260724110249786978249
1507,V0439,SE Paraíso I,CENTRO,AL,AL01062013,21/07/2026,14:49,Oiti,628783,URBANO,6.5,55,Sim,200,300,0,-10.1734795,-48.8953455,3,https://raw.githubusercontent.com/LGRSV/vera-vegetacao/main/fotos/Enecol-Centro/VER20260721144910266139045F1.jpg,https://raw.githubusercontent.com/LGRSV/vera-vegetacao/main/fotos/Enecol-Centro/VER20260721144910266139045F2.jpg,https://raw.githubusercontent.com/LGRSV/vera-vegetacao/main/fotos/Enecol-Centro/VER20260721144910266139045F3.jpg,,V20260721144910266139045
1508,V0440,SE Paraíso I,CENTRO,AL,AL01062013,21/07/2026,14:49,Oiti,628783,URBANO,4.5,50,Sim,,,0,-10.1734689,-48.8952887,3,https://raw.githubusercontent.com/LGRSV/vera-vegetacao/main/fotos/Enecol-Centro/VER20260721144946772060448F1.jpg,https://raw.githubusercontent.com/LGRSV/vera-vegetacao/main/fotos/Enecol-Centro/VER20260721144946772060448F2.jpg,https://raw.githubusercontent.com/LGRSV/vera-vegetacao/main/fotos/Enecol-Centro/VER20260721144946772060448F3.jpg,,V20260721144946772060448
1509,V0440,SE Paraíso I,CENTRO,AL,AL01062013,21/07/2026,14:49,Oiti,628783,URBANO,4.5,50,Sim,,,0,-10.1734689,-48.8952887,0,,,,,V20260724110251579086762
1510,V0441,SE Paraíso I,CENTRO,AL,AL01062013,21/07/2026,14:50,Outros,1427153,URBANO,6,60,Sim,250,300,0,-10.1734183,-48.895292,3,https://raw.githubusercontent.com/LGRSV/vera-vegetacao/main/fotos/Enecol-Centro/VER20260721145045066662522F1.jpg,https://raw.githubusercontent.com/LGRSV/vera-vegetacao/main/fotos/Enecol-Centro/VER20260721145045066662522F2.jpg,https://raw.githubusercontent.com/LGRSV/vera-vegetacao/main/fotos/Enecol-Centro/VER20260721145045066662522F3.jpg,,V20260721145045066662522
1511,V0441,SE Paraíso I,CENTRO,AL,AL01062013,21/07/2026,14:50,Outros,1427153,URBANO,6,60,Sim,250,300,0,-10.1734183,-48.895292,0,,,,,V20260724110253241362702
1512,V0442,SE Paraíso I,CENTRO,AL,AL01062013,21/07/2026,14:51,Oiti,1427153,URBANO,6.5,65,Sim,300,300,0,-10.1733777,-48.8952118,3,https://raw.githubusercontent.com/LGRSV/vera-vegetacao/main/fotos/Enecol-Centro/VER20260721145149375359005F1.jpg,https://raw.githubusercontent.com/LGRSV/vera-vegetacao/main/fotos/Enecol-Centro/VER20260721145149375359005F2.jpg,https://raw.githubusercontent.com/LGRSV/vera-vegetacao/main/fotos/Enecol-Centro/VER20260721145149375359005F3.jpg,,V20260721145149375359005
1513,V0442,SE Paraíso I,CENTRO,AL,AL01062013,21/07/2026,14:51,Oiti,1427153,URBANO,6.5,65,Sim,300,300,0,-10.1733777,-48.8952118,0,,,,,V20260724110255426891025
1514,V0443,SE Paraíso I,CENTRO,AL,AL01062013,21/07/2026,14:52,Oiti,,URBANO,7,60,Sim,100,300,0,-10.173303,-48.8952463,0,,,,,V20260724110257148969617
1515,V0443,SE Paraíso I,CENTRO,AL,AL01062013,21/07/2026,14:52,Oiti,,URBANO,7,60,Sim,100,300,0,-10.173303,-48.8952463,3,https://raw.githubusercontent.com/LGRSV/vera-vegetacao/main/fotos/Enecol-Centro/VER20260721145248471719660F1.jpg,https://raw.githubusercontent.com/LGRSV/vera-vegetacao/main/fotos/Enecol-Centro/VER20260721145248471719660F2.jpg,https://raw.githubusercontent.com/LGRSV/vera-vegetacao/main/fotos/Enecol-Centro/VER20260721145248471719660F3.jpg,,V20260721145248471719660
1516,V0444,SE Paraíso I,CENTRO,AL,AL01062013,21/07/2026,14:53,Oiti,1427153,URBANO,7.5,75,Sim,250,300,0,-10.1732403,-48.8951549,4,https://raw.githubusercontent.com/LGRSV/vera-vegetacao/main/fotos/Enecol-Centro/VER20260721145355974421742F1.jpg,https://raw.githubusercontent.com/LGRSV/vera-vegetacao/main/fotos/Enecol-Centro/VER20260721145355974421742F2.jpg,https://raw.githubusercontent.com/LGRSV/vera-vegetacao/main/fotos/Enecol-Centro/VER20260721145355974421742F3.jpg,https://raw.githubusercontent.com/LGRSV/vera-vegetacao/main/fotos/Enecol-Centro/VER20260721145355974421742F4.jpg,V20260721145355974421742
1517,V0444,SE Paraíso I,CENTRO,AL,AL01062013,21/07/2026,14:53,Oiti,1427153,URBANO,7.5,75,Sim,250,300,0,-10.1732403,-48.8951549,0,,,,,V20260724110258905305736
1518,V0445,SE Paraíso I,CENTRO,AL,AL01062013,21/07/2026,14:54,Oiti,1427153,URBANO,7,55,Sim,300,300,0,-10.173226,-48.8951434,0,,,,,V20260724110300545934310
1519,V0445,SE Paraíso I,CENTRO,AL,AL01062013,21/07/2026,14:54,Oiti,1427153,URBANO,7,55,Sim,300,300,0,-10.173226,-48.8951434,3,https://raw.githubusercontent.com/LGRSV/vera-vegetacao/main/fotos/Enecol-Centro/VER20260721145445047936361F1.jpg,https://raw.githubusercontent.com/LGRSV/vera-vegetacao/main/fotos/Enecol-Centro/VER20260721145445047936361F2.jpg,https://raw.githubusercontent.com/LGRSV/vera-vegetacao/main/fotos/Enecol-Centro/VER20260721145445047936361F3.jpg,,V20260721145445047936361
1520,V0446,SE Paraíso I,CENTRO,AL,AL01062013,21/07/2026,15:03,Pequi,69335267,URBANO,12,120,Sim,50,300,0,-10.1709873,-48.8963926,0,,,,,V20260724110302685151358
1521,V0446,SE Paraíso I,CENTRO,AL,AL01062013,21/07/2026,15:03,Pequi,69335267,URBANO,12,120,Sim,50,300,0,-10.1709873,-48.8963926,3,https://raw.githubusercontent.com/LGRSV/vera-vegetacao/main/fotos/Enecol-Centro/VER20260721150341363204215F1.jpg,https://raw.githubusercontent.com/LGRSV/vera-vegetacao/main/fotos/Enecol-Centro/VER20260721150341363204215F2.jpg,https://raw.githubusercontent.com/LGRSV/vera-vegetacao/main/fotos/Enecol-Centro/VER20260721150341363204215F3.jpg,,V20260721150341363204215
1522,V0447,SE Paraíso I,CENTRO,AL,AL01062013,21/07/2026,15:04,Pequi,69335267,URBANO,11.5,115,Sim,0,0,0,-10.1709726,-48.8964935,0,,,,,V20260724110304426989457
1523,V0447,SE Paraíso I,CENTRO,AL,AL01062013,21/07/2026,15:04,Pequi,69335267,URBANO,11.5,115,Sim,0,0,0,-10.1709726,-48.8964935,3,https://raw.githubusercontent.com/LGRSV/vera-vegetacao/main/fotos/Enecol-Centro/VER20260721150452263631594F1.jpg,https://raw.githubusercontent.com/LGRSV/vera-vegetacao/main/fotos/Enecol-Centro/VER20260721150452263631594F2.jpg,https://raw.githubusercontent.com/LGRSV/vera-vegetacao/main/fotos/Enecol-Centro/VER20260721150452263631594F3.jpg,,V20260721150452263631594
1524,V0448,SE Paraíso I,CENTRO,AL,AL01062013,21/07/2026,15:05,Cajueiro,69335267,URBANO,6.5,70,Sim,300,300,0,-10.1708834,-48.8966065,0,,,,,V20260724110306827227305
1525,V0448,SE Paraíso I,CENTRO,AL,AL01062013,21/07/2026,15:05,Cajueiro,69335267,URBANO,6.5,70,Sim,300,300,0,-10.1708834,-48.8966065,3,https://raw.githubusercontent.com/LGRSV/vera-vegetacao/main/fotos/Enecol-Centro/VER20260721150559112069519F1.jpg,https://raw.githubusercontent.com/LGRSV/vera-vegetacao/main/fotos/Enecol-Centro/VER20260721150559112069519F2.jpg,https://raw.githubusercontent.com/LGRSV/vera-vegetacao/main/fotos/Enecol-Centro/VER20260721150559112069519F3.jpg,,V20260721150559112069519
1526,V0449,SE Paraíso I,CENTRO,AL,AL01062013,21/07/2026,15:08,Outros,56607973,URBANO,12.5,140,Sim,150,300,0,-10.1722717,-48.8942317,0,,,,,V20260724110308708004311
1527,V0449,SE Paraíso I,CENTRO,AL,AL01062013,21/07/2026,15:08,Outros,56607973,URBANO,12.5,140,Sim,150,300,0,-10.1722717,-48.8942317,3,https://raw.githubusercontent.com/LGRSV/vera-vegetacao/main/fotos/Enecol-Centro/VER20260721150844051486043F1.jpg,https://raw.githubusercontent.com/LGRSV/vera-vegetacao/main/fotos/Enecol-Centro/VER20260721150844051486043F2.jpg,https://raw.githubusercontent.com/LGRSV/vera-vegetacao/main/fotos/Enecol-Centro/VER20260721150844051486043F3.jpg,,V20260721150844051486043
1528,V0450,SE Paraíso I,CENTRO,AL,AL01062013,21/07/2026,15:09,Outros,56607973,URBANO,3.5,35,Sim,,,0,-10.1722867,-48.89432,3,https://raw.githubusercontent.com/LGRSV/vera-vegetacao/main/fotos/Enecol-Centro/VER20260721150946950121823F1.jpg,https://raw.githubusercontent.com/LGRSV/vera-vegetacao/main/fotos/Enecol-Centro/VER20260721150946950121823F2.jpg,https://raw.githubusercontent.com/LGRSV/vera-vegetacao/main/fotos/Enecol-Centro/VER20260721150946950121823F3.jpg,,V20260721150946950121823
1529,V0450,SE Paraíso I,CENTRO,AL,AL01062013,21/07/2026,15:09,Outros,56607973,URBANO,3.5,35,Sim,,,0,-10.1722867,-48.89432,0,,,,,V20260724110310587205674
1530,V0451,SE Paraíso I,CENTRO,AL,AL01062013,21/07/2026,15:12,Mangueira,599807,URBANO,11.5,190,Sim,50,50,0,-10.1712843,-48.8931351,3,https://raw.githubusercontent.com/LGRSV/vera-vegetacao/main/fotos/Enecol-Centro/VER20260721151241178379087F1.jpg,https://raw.githubusercontent.com/LGRSV/vera-vegetacao/main/fotos/Enecol-Centro/VER20260721151241178379087F2.jpg,https://raw.githubusercontent.com/LGRSV/vera-vegetacao/main/fotos/Enecol-Centro/VER20260721151241178379087F3.jpg,,V20260721151241178379087
1531,V0451,SE Paraíso I,CENTRO,AL,AL01062013,21/07/2026,15:12,Mangueira,599807,URBANO,11.5,190,Sim,50,50,0,-10.1712843,-48.8931351,0,,,,,V20260724110312398795598
1532,V0452,SE Paraíso I,CENTRO,AL,AL01062013,21/07/2026,15:15,Outros,604468,URBANO,15,130,Sim,300,50,0,-10.1697962,-48.8924302,3,https://raw.githubusercontent.com/LGRSV/vera-vegetacao/main/fotos/Enecol-Centro/VER20260721151526014733322F1.jpg,https://raw.githubusercontent.com/LGRSV/vera-vegetacao/main/fotos/Enecol-Centro/VER20260721151526014733322F2.jpg,https://raw.githubusercontent.com/LGRSV/vera-vegetacao/main/fotos/Enecol-Centro/VER20260721151526014733322F3.jpg,,V20260721151526014733322
1533,V0452,SE Paraíso I,CENTRO,AL,AL01062013,21/07/2026,15:15,Outros,604468,URBANO,15,130,Sim,300,50,0,-10.1697962,-48.8924302,0,,,,,V20260724110314225835568
1534,V0453,SE Paraíso I,CENTRO,AL,AL01062013,21/07/2026,15:18,Cajueiro,600817,URBANO,11,100,Sim,150,300,0,-10.1694301,-48.8922096,0,,,,,V20260724110315957898746
1535,V0453,SE Paraíso I,CENTRO,AL,AL01062013,21/07/2026,15:18,Cajueiro,600817,URBANO,11,100,Sim,150,300,0,-10.1694301,-48.8922096,3,https://raw.githubusercontent.com/LGRSV/vera-vegetacao/main/fotos/Enecol-Centro/VER20260721151816245457741F1.jpg,https://raw.githubusercontent.com/LGRSV/vera-vegetacao/main/fotos/Enecol-Centro/VER20260721151816245457741F2.jpg,https://raw.githubusercontent.com/LGRSV/vera-vegetacao/main/fotos/Enecol-Centro/VER20260721151816245457741F3.jpg,,V20260721151816245457741
1536,V0454,SE Paraíso I,CENTRO,AL,AL01062013,21/07/2026,15:19,Cajueiro,600817,URBANO,9.5,90,Sim,100,300,0,-10.1693821,-48.8921796,3,https://raw.githubusercontent.com/LGRSV/vera-vegetacao/main/fotos/Enecol-Centro/VER20260721151907707554010F1.jpg,https://raw.githubusercontent.com/LGRSV/vera-vegetacao/main/fotos/Enecol-Centro/VER20260721151907707554010F2.jpg,https://raw.githubusercontent.com/LGRSV/vera-vegetacao/main/fotos/Enecol-Centro/VER20260721151907707554010F3.jpg,,V20260721151907707554010
1537,V0454,SE Paraíso I,CENTRO,AL,AL01062013,21/07/2026,15:19,Cajueiro,600817,URBANO,9.5,90,Sim,100,300,0,-10.1693821,-48.8921796,0,,,,,V20260724110317577588713
1538,V0455,SE Paraíso I,CENTRO,AL,AL01062013,21/07/2026,15:20,Outros,600817,URBANO,10,60,Sim,0,50,0,-10.1692186,-48.8921573,3,https://raw.githubusercontent.com/LGRSV/vera-vegetacao/main/fotos/Enecol-Centro/VER20260721152010804939777F1.jpg,https://raw.githubusercontent.com/LGRSV/vera-vegetacao/main/fotos/Enecol-Centro/VER20260721152010804939777F2.jpg,https://raw.githubusercontent.com/LGRSV/vera-vegetacao/main/fotos/Enecol-Centro/VER20260721152010804939777F3.jpg,,V20260721152010804939777
1539,V0455,SE Paraíso I,CENTRO,AL,AL01062013,21/07/2026,15:20,Outros,600817,URBANO,10,60,Sim,0,50,0,-10.1692186,-48.8921573,0,,,,,V20260724110319274277402
1540,V0456,SE Paraíso I,CENTRO,AL,AL01062013,21/07/2026,15:21,Mangueira,600818,URBANO,10,90,Sim,200,300,0,-10.169127,-48.8920645,0,,,,,V20260724110320949783624
1541,V0456,SE Paraíso I,CENTRO,AL,AL01062013,21/07/2026,15:21,Mangueira,600818,URBANO,10,90,Sim,200,300,0,-10.169127,-48.8920645,3,https://raw.githubusercontent.com/LGRSV/vera-vegetacao/main/fotos/Enecol-Centro/VER20260721152107680378401F1.jpg,https://raw.githubusercontent.com/LGRSV/vera-vegetacao/main/fotos/Enecol-Centro/VER20260721152107680378401F2.jpg,https://raw.githubusercontent.com/LGRSV/vera-vegetacao/main/fotos/Enecol-Centro/VER20260721152107680378401F3.jpg,,V20260721152107680378401
1542,V0457,SE Paraíso I,CENTRO,AL,AL01062013,21/07/2026,15:21,Oiti,600818,URBANO,8.5,90,Sim,250,300,0,-10.1690764,-48.8920278,3,https://raw.githubusercontent.com/LGRSV/vera-vegetacao/main/fotos/Enecol-Centro/VER20260721152200480806791F1.jpg,https://raw.githubusercontent.com/LGRSV/vera-vegetacao/main/fotos/Enecol-Centro/VER20260721152200480806791F2.jpg,https://raw.githubusercontent.com/LGRSV/vera-vegetacao/main/fotos/Enecol-Centro/VER20260721152200480806791F3.jpg,,V20260721152200480806791
1543,V0457,SE Paraíso I,CENTRO,AL,AL01062013,21/07/2026,15:21,Oiti,600818,URBANO,8.5,90,Sim,250,300,0,-10.1690764,-48.8920278,0,,,,,V20260724110322753430394
1544,V0458,SE Paraíso I,CENTRO,AL,AL01062013,21/07/2026,15:24,Oiti,1689256,URBANO,9.5,110,Sim,50,250,0,-10.1680667,-48.8920517,3,https://raw.githubusercontent.com/LGRSV/vera-vegetacao/main/fotos/Enecol-Centro/VER20260721152446969325930F1.jpg,https://raw.githubusercontent.com/LGRSV/vera-vegetacao/main/fotos/Enecol-Centro/VER20260721152446969325930F2.jpg,https://raw.githubusercontent.com/LGRSV/vera-vegetacao/main/fotos/Enecol-Centro/VER20260721152446969325930F3.jpg,,V20260721152446969325930
1545,V0458,SE Paraíso I,CENTRO,AL,AL01062013,21/07/2026,15:24,Oiti,1689256,URBANO,9.5,110,Sim,50,250,0,-10.1680667,-48.8920517,0,,,,,V20260724110324508264826
1546,V0459,SE Paraíso I,CENTRO,AL,AL01062013,21/07/2026,15:31,Mogno,620012,URBANO,11,90,Sim,50,50,0,-10.167515,-48.8918067,0,,,,,V20260724110326308588342
1547,V0459,SE Paraíso I,CENTRO,AL,AL01062013,21/07/2026,15:31,Mogno,620012,URBANO,11,90,Sim,50,50,0,-10.167515,-48.8918067,3,https://raw.githubusercontent.com/LGRSV/vera-vegetacao/main/fotos/Enecol-Centro/VER20260721153121104342861F1.jpg,https://raw.githubusercontent.com/LGRSV/vera-vegetacao/main/fotos/Enecol-Centro/VER20260721153121104342861F2.jpg,https://raw.githubusercontent.com/LGRSV/vera-vegetacao/main/fotos/Enecol-Centro/VER20260721153121104342861F3.jpg,,V20260721153121104342861
1548,V0460,SE Paraíso I,CENTRO,AL,AL01062013,21/07/2026,15:33,Outros,49617706,URBANO,5,60,Sim,,,0,-10.1671883,-48.8921883,0,,,,,V20260724110327867962398
1549,V0460,SE Paraíso I,CENTRO,AL,AL01062013,21/07/2026,15:33,Outros,49617706,URBANO,5,60,Sim,,,0,-10.1671883,-48.8921883,3,https://raw.githubusercontent.com/LGRSV/vera-vegetacao/main/fotos/Enecol-Centro/VER20260721153348455813569F1.jpg,https://raw.githubusercontent.com/LGRSV/vera-vegetacao/main/fotos/Enecol-Centro/VER20260721153348455813569F2.jpg,https://raw.githubusercontent.com/LGRSV/vera-vegetacao/main/fotos/Enecol-Centro/VER20260721153348455813569F3.jpg,,V20260721153348455813569
1550,V0461,SE Paraíso I,CENTRO,AL,AL01062013,21/07/2026,15:34,Outros,49617706,URBANO,5.5,50,Sim,,,0,-10.1671517,-48.8921167,3,https://raw.githubusercontent.com/LGRSV/vera-vegetacao/main/fotos/Enecol-Centro/VER20260721153429937668648F1.jpg,https://raw.githubusercontent.com/LGRSV/vera-vegetacao/main/fotos/Enecol-Centro/VER20260721153429937668648F2.jpg,https://raw.githubusercontent.com/LGRSV/vera-vegetacao/main/fotos/Enecol-Centro/VER20260721153429937668648F3.jpg,,V20260721153429937668648
1551,V0461,SE Paraíso I,CENTRO,AL,AL01062013,21/07/2026,15:34,Outros,49617706,URBANO,5.5,50,Sim,,,0,-10.1671517,-48.8921167,0,,,,,V20260724110329557830506
1552,V0462,SE Paraíso I,CENTRO,AL,AL01062013,21/07/2026,15:35,Outros,49617706,URBANO,5.5,45,Sim,,,0,-10.16714,-48.8921833,0,,,,,V20260724110331747094069
1553,V0462,SE Paraíso I,CENTRO,AL,AL01062013,21/07/2026,15:35,Outros,49617706,URBANO,5.5,45,Sim,,,0,-10.16714,-48.8921833,3,https://raw.githubusercontent.com/LGRSV/vera-vegetacao/main/fotos/Enecol-Centro/VER20260721153512369221900F1.jpg,https://raw.githubusercontent.com/LGRSV/vera-vegetacao/main/fotos/Enecol-Centro/VER20260721153512369221900F2.jpg,https://raw.githubusercontent.com/LGRSV/vera-vegetacao/main/fotos/Enecol-Centro/VER20260721153512369221900F3.jpg,,V20260721153512369221900
1554,V0463,SE Paraíso I,CENTRO,AL,AL01062013,21/07/2026,15:36,Outros,49617706,URBANO,5,40,Sim,,,0,-10.1670783,-48.89225,3,https://raw.githubusercontent.com/LGRSV/vera-vegetacao/main/fotos/Enecol-Centro/VER20260721153623356667602F1.jpg,https://raw.githubusercontent.com/LGRSV/vera-vegetacao/main/fotos/Enecol-Centro/VER20260721153623356667602F2.jpg,https://raw.githubusercontent.com/LGRSV/vera-vegetacao/main/fotos/Enecol-Centro/VER20260721153623356667602F3.jpg,,V20260721153623356667602
1555,V0463,SE Paraíso I,CENTRO,AL,AL01062013,21/07/2026,15:36,Outros,49617706,URBANO,5,40,Sim,,,0,-10.1670783,-48.89225,0,,,,,V20260724110333466058288
1556,V0464,SE Paraíso I,CENTRO,AL,AL01062013,21/07/2026,15:39,Mogno,49617675,URBANO,12,110,Sim,50,0,0,-10.1663764,-48.8926412,0,,,,,V20260724110335106024747
1557,V0464,SE Paraíso I,CENTRO,AL,AL01062013,21/07/2026,15:39,Mogno,49617675,URBANO,12,110,Sim,50,0,0,-10.1663764,-48.8926412,3,https://raw.githubusercontent.com/LGRSV/vera-vegetacao/main/fotos/Enecol-Centro/VER20260721153935249384707F1.jpg,https://raw.githubusercontent.com/LGRSV/vera-vegetacao/main/fotos/Enecol-Centro/VER20260721153935249384707F2.jpg,https://raw.githubusercontent.com/LGRSV/vera-vegetacao/main/fotos/Enecol-Centro/VER20260721153935249384707F3.jpg,,V20260721153935249384707
1558,V0465,SE Paraíso I,CENTRO,AL,AL01062013,21/07/2026,15:40,Outros,49617647,URBANO,12,95,Sim,250,50,0,-10.1663838,-48.8926599,3,https://raw.githubusercontent.com/LGRSV/vera-vegetacao/main/fotos/Enecol-Centro/VER20260721154033248766244F1.jpg,https://raw.githubusercontent.com/LGRSV/vera-vegetacao/main/fotos/Enecol-Centro/VER20260721154033248766244F2.jpg,https://raw.githubusercontent.com/LGRSV/vera-vegetacao/main/fotos/Enecol-Centro/VER20260721154033248766244F3.jpg,,V20260721154033248766244
1559,V0465,SE Paraíso I,CENTRO,AL,AL01062013,21/07/2026,15:40,Outros,49617647,URBANO,12,95,Sim,250,50,0,-10.1663838,-48.8926599,0,,,,,V20260724110336798093438
1560,V0466,SE Paraíso I,CENTRO,AL,AL01062013,21/07/2026,15:41,Outros,49617647,URBANO,6.5,90,Sim,200,300,0,-10.1662651,-48.8926865,3,https://raw.githubusercontent.com/LGRSV/vera-vegetacao/main/fotos/Enecol-Centro/VER20260721154125258906060F1.jpg,https://raw.githubusercontent.com/LGRSV/vera-vegetacao/main/fotos/Enecol-Centro/VER20260721154125258906060F2.jpg,https://raw.githubusercontent.com/LGRSV/vera-vegetacao/main/fotos/Enecol-Centro/VER20260721154125258906060F3.jpg,,V20260721154125258906060
1561,V0466,SE Paraíso I,CENTRO,AL,AL01062013,21/07/2026,15:41,Outros,49617647,URBANO,6.5,90,Sim,200,300,0,-10.1662651,-48.8926865,0,,,,,V20260724110338556522166
1562,V0467,SE Paraíso I,CENTRO,AL,AL01062013,21/07/2026,15:42,Outros,49617647,URBANO,6,90,Sim,200,300,0,-10.166071,-48.8929206,0,,,,,V20260724110340308440504
1563,V0467,SE Paraíso I,CENTRO,AL,AL01062013,21/07/2026,15:42,Outros,49617647,URBANO,6,90,Sim,200,300,0,-10.166071,-48.8929206,3,https://raw.githubusercontent.com/LGRSV/vera-vegetacao/main/fotos/Enecol-Centro/VER20260721154227937676147F1.jpg,https://raw.githubusercontent.com/LGRSV/vera-vegetacao/main/fotos/Enecol-Centro/VER20260721154227937676147F2.jpg,https://raw.githubusercontent.com/LGRSV/vera-vegetacao/main/fotos/Enecol-Centro/VER20260721154227937676147F3.jpg,,V20260721154227937676147
1564,V0468,SE Paraíso I,CENTRO,AL,AL01062013,21/07/2026,15:45,Mangueira,610535,URBANO,6.5,75,Sim,50,300,0,-10.16495,-48.8939167,0,,,,,V20260724110342026308344
1565,V0468,SE Paraíso I,CENTRO,AL,AL01062013,21/07/2026,15:45,Mangueira,610535,URBANO,6.5,75,Sim,50,300,0,-10.16495,-48.8939167,3,https://raw.githubusercontent.com/LGRSV/vera-vegetacao/main/fotos/Enecol-Centro/VER20260721154552300050243F1.jpg,https://raw.githubusercontent.com/LGRSV/vera-vegetacao/main/fotos/Enecol-Centro/VER20260721154552300050243F2.jpg,https://raw.githubusercontent.com/LGRSV/vera-vegetacao/main/fotos/Enecol-Centro/VER20260721154552300050243F3.jpg,,V20260721154552300050243
1566,V0469,SE Paraíso I,CENTRO,AL,AL01062013,21/07/2026,15:46,Oiti,610533,URBANO,10,75,Sim,300,300,0,-10.1649583,-48.8939633,0,,,,,V20260724110343956940119
1567,V0469,SE Paraíso I,CENTRO,AL,AL01062013,21/07/2026,15:46,Oiti,610533,URBANO,10,75,Sim,300,300,0,-10.1649583,-48.8939633,3,https://raw.githubusercontent.com/LGRSV/vera-vegetacao/main/fotos/Enecol-Centro/VER20260721154648295502746F1.jpg,https://raw.githubusercontent.com/LGRSV/vera-vegetacao/main/fotos/Enecol-Centro/VER20260721154648295502746F2.jpg,https://raw.githubusercontent.com/LGRSV/vera-vegetacao/main/fotos/Enecol-Centro/VER20260721154648295502746F3.jpg,,V20260721154648295502746
1568,V0470,SE Paraíso I,CENTRO,AL,AL05062013,21/07/2026,15:48,Mogno,1436818,URBANO,10,120,Sim,0,150,0,-10.164605,-48.8942717,0,,,,,V20260724110345587573262
1569,V0470,SE Paraíso I,CENTRO,AL,AL05062013,21/07/2026,15:48,Mogno,1436818,URBANO,10,120,Sim,0,150,0,-10.164605,-48.8942717,3,https://raw.githubusercontent.com/LGRSV/vera-vegetacao/main/fotos/Enecol-Centro/VER20260721154812552461497F1.jpg,https://raw.githubusercontent.com/LGRSV/vera-vegetacao/main/fotos/Enecol-Centro/VER20260721154812552461497F2.jpg,https://raw.githubusercontent.com/LGRSV/vera-vegetacao/main/fotos/Enecol-Centro/VER20260721154812552461497F3.jpg,,V20260721154812552461497
1570,V0471,SE Paraíso I,CENTRO,AL,AL01062013,21/07/2026,16:01,Outros,1689646,URBANO,15.5,105,Sim,50,50,0,-10.1678983,-48.890125,3,https://raw.githubusercontent.com/LGRSV/vera-vegetacao/main/fotos/Enecol-Centro/VER20260721160103534742609F1.jpg,https://raw.githubusercontent.com/LGRSV/vera-vegetacao/main/fotos/Enecol-Centro/VER20260721160103534742609F2.jpg,https://raw.githubusercontent.com/LGRSV/vera-vegetacao/main/fotos/Enecol-Centro/VER20260721160103534742609F3.jpg,,V20260721160103534742609
1571,V0471,SE Paraíso I,CENTRO,AL,AL01062013,21/07/2026,16:01,Outros,1689646,URBANO,15.5,105,Sim,50,50,0,-10.1678983,-48.890125,0,,,,,V20260724110347547819935
1572,V0472,SE Paraíso I,CENTRO,AL,AL01062013,21/07/2026,16:02,Jatobá,619462,URBANO,16,100,Sim,150,100,0,-10.1676717,-48.88999,3,https://raw.githubusercontent.com/LGRSV/vera-vegetacao/main/fotos/Enecol-Centro/VER20260721160240698840044F1.jpg,https://raw.githubusercontent.com/LGRSV/vera-vegetacao/main/fotos/Enecol-Centro/VER20260721160240698840044F2.jpg,https://raw.githubusercontent.com/LGRSV/vera-vegetacao/main/fotos/Enecol-Centro/VER20260721160240698840044F3.jpg,,V20260721160240698840044
1573,V0472,SE Paraíso I,CENTRO,AL,AL01062013,21/07/2026,16:02,Jatobá,619462,URBANO,16,100,Sim,150,100,0,-10.1676717,-48.88999,0,,,,,V20260724110349290287358
1574,V0473,SE Paraíso I,CENTRO,AL,AL01062013,21/07/2026,16:03,Coqueiro,619462,URBANO,15,100,Sim,50,50,0,-10.167615,-48.8899933,0,,,,,V20260724110351022508084
1575,V0473,SE Paraíso I,CENTRO,AL,AL01062013,21/07/2026,16:03,Coqueiro,619462,URBANO,15,100,Sim,50,50,0,-10.167615,-48.8899933,3,https://raw.githubusercontent.com/LGRSV/vera-vegetacao/main/fotos/Enecol-Centro/VER20260721160352472985524F1.jpg,https://raw.githubusercontent.com/LGRSV/vera-vegetacao/main/fotos/Enecol-Centro/VER20260721160352472985524F2.jpg,https://raw.githubusercontent.com/LGRSV/vera-vegetacao/main/fotos/Enecol-Centro/VER20260721160352472985524F3.jpg,,V20260721160352472985524
1576,V0474,SE Paraíso I,CENTRO,AL,AL01062013,21/07/2026,16:28,Oiti,39179223,URBANO,6,70,Sim,,,0,-10.1653967,-48.888795,3,https://raw.githubusercontent.com/LGRSV/vera-vegetacao/main/fotos/Enecol-Centro/VER20260721162836162570967F1.jpg,https://raw.githubusercontent.com/LGRSV/vera-vegetacao/main/fotos/Enecol-Centro/VER20260721162836162570967F2.jpg,https://raw.githubusercontent.com/LGRSV/vera-vegetacao/main/fotos/Enecol-Centro/VER20260721162836162570967F3.jpg,,V20260721162836162570967
1577,V0474,SE Paraíso I,CENTRO,AL,AL01062013,21/07/2026,16:28,Oiti,39179223,URBANO,6,70,Sim,,,0,-10.1653967,-48.888795,0,,,,,V20260724110352629254624
1578,V0475,SE Paraíso I,CENTRO,AL,AL01062013,21/07/2026,16:29,Oiti,39179223,URBANO,5.5,60,Sim,,,0,-10.1653589,-48.8887998,0,,,,,V20260724110354327532568
1579,V0475,SE Paraíso I,CENTRO,AL,AL01062013,21/07/2026,16:29,Oiti,39179223,URBANO,5.5,60,Sim,,,0,-10.1653589,-48.8887998,3,https://raw.githubusercontent.com/LGRSV/vera-vegetacao/main/fotos/Enecol-Centro/VER20260721162934093320077F1.jpg,https://raw.githubusercontent.com/LGRSV/vera-vegetacao/main/fotos/Enecol-Centro/VER20260721162934093320077F2.jpg,https://raw.githubusercontent.com/LGRSV/vera-vegetacao/main/fotos/Enecol-Centro/VER20260721162934093320077F3.jpg,,V20260721162934093320077
1580,V0476,SE Paraíso I,CENTRO,AL,AL01062013,21/07/2026,16:33,Mogno,39179267,URBANO,7,90,Sim,100,300,0,-10.16435,-48.8883117,0,,,,,V20260724110355970578759
1581,V0476,SE Paraíso I,CENTRO,AL,AL01062013,21/07/2026,16:33,Mogno,39179267,URBANO,7,90,Sim,100,300,0,-10.16435,-48.8883117,3,https://raw.githubusercontent.com/LGRSV/vera-vegetacao/main/fotos/Enecol-Centro/VER20260721163318773058619F1.jpg,https://raw.githubusercontent.com/LGRSV/vera-vegetacao/main/fotos/Enecol-Centro/VER20260721163318773058619F2.jpg,https://raw.githubusercontent.com/LGRSV/vera-vegetacao/main/fotos/Enecol-Centro/VER20260721163318773058619F3.jpg,,V20260721163318773058619
1582,V0477,SE Paraíso I,CENTRO,AL,AL01062013,21/07/2026,16:34,Outros,39179286,URBANO,10.5,80,Sim,0,50,0,-10.1641055,-48.8881719,3,https://raw.githubusercontent.com/LGRSV/vera-vegetacao/main/fotos/Enecol-Centro/VER20260721163456239037819F1.jpg,https://raw.githubusercontent.com/LGRSV/vera-vegetacao/main/fotos/Enecol-Centro/VER20260721163456239037819F2.jpg,https://raw.githubusercontent.com/LGRSV/vera-vegetacao/main/fotos/Enecol-Centro/VER20260721163456239037819F3.jpg,,V20260721163456239037819
1583,V0477,SE Paraíso I,CENTRO,AL,AL01062013,21/07/2026,16:34,Outros,39179286,URBANO,10.5,80,Sim,0,50,0,-10.1641055,-48.8881719,0,,,,,V20260724110357716444685
1584,V0478,SE Paraíso I,CENTRO,AL,AL01062013,21/07/2026,16:37,Outros,619621,URBANO,5,60,Sim,,,0,-10.1623299,-48.8872968,0,,,,,V20260724110359506679065
1585,V0478,SE Paraíso I,CENTRO,AL,AL01062013,21/07/2026,16:37,Outros,619621,URBANO,5,60,Sim,,,0,-10.1623299,-48.8872968,3,https://raw.githubusercontent.com/LGRSV/vera-vegetacao/main/fotos/Enecol-Centro/VER20260721163734330473871F1.jpg,https://raw.githubusercontent.com/LGRSV/vera-vegetacao/main/fotos/Enecol-Centro/VER20260721163734330473871F2.jpg,https://raw.githubusercontent.com/LGRSV/vera-vegetacao/main/fotos/Enecol-Centro/VER20260721163734330473871F3.jpg,,V20260721163734330473871
1586,V0479,SE Paraíso I,CENTRO,AL,AL01062013,21/07/2026,16:42,Outros,613174,URBANO,8,75,Sim,150,300,0,-10.1616238,-48.8881899,3,https://raw.githubusercontent.com/LGRSV/vera-vegetacao/main/fotos/Enecol-Centro/VER20260721164249872097800F1.jpg,https://raw.githubusercontent.com/LGRSV/vera-vegetacao/main/fotos/Enecol-Centro/VER20260721164249872097800F2.jpg,https://raw.githubusercontent.com/LGRSV/vera-vegetacao/main/fotos/Enecol-Centro/VER20260721164249872097800F3.jpg,,V20260721164249872097800
1587,V0479,SE Paraíso I,CENTRO,AL,AL01062013,21/07/2026,16:42,Outros,613174,URBANO,8,75,Sim,150,300,0,-10.1616238,-48.8881899,0,,,,,V20260724110401150708763
1588,V0480,SE Paraíso I,CENTRO,AL,AL01062013,21/07/2026,16:43,Coqueiro,613173,URBANO,5,100,Sim,300,300,0,-10.1615669,-48.8882976,0,,,,,V20260724110402978311113
1589,V0480,SE Paraíso I,CENTRO,AL,AL01062013,21/07/2026,16:43,Coqueiro,613173,URBANO,5,100,Sim,300,300,0,-10.1615669,-48.8882976,3,https://raw.githubusercontent.com/LGRSV/vera-vegetacao/main/fotos/Enecol-Centro/VER20260721164345516772838F1.jpg,https://raw.githubusercontent.com/LGRSV/vera-vegetacao/main/fotos/Enecol-Centro/VER20260721164345516772838F2.jpg,https://raw.githubusercontent.com/LGRSV/vera-vegetacao/main/fotos/Enecol-Centro/VER20260721164345516772838F3.jpg,,V20260721164345516772838
1590,V0481,SE Paraíso I,CENTRO,AL,AL01062013,21/07/2026,16:45,Outros,590767,URBANO,4,40,Sim,,,0,-10.161365,-48.8885267,0,,,,,V20260724110404710761909
1591,V0481,SE Paraíso I,CENTRO,AL,AL01062013,21/07/2026,16:45,Outros,590767,URBANO,4,40,Sim,,,0,-10.161365,-48.8885267,3,https://raw.githubusercontent.com/LGRSV/vera-vegetacao/main/fotos/Enecol-Centro/VER20260721164505073569728F1.jpg,https://raw.githubusercontent.com/LGRSV/vera-vegetacao/main/fotos/Enecol-Centro/VER20260721164505073569728F2.jpg,https://raw.githubusercontent.com/LGRSV/vera-vegetacao/main/fotos/Enecol-Centro/VER20260721164505073569728F3.jpg,,V20260721164505073569728
1592,V0482,SE Paraíso I,CENTRO,AL,AL01062013,21/07/2026,16:48,Outros,60326454,URBANO,8,70,Sim,150,150,0,-10.1610835,-48.8892985,3,https://raw.githubusercontent.com/LGRSV/vera-vegetacao/main/fotos/Enecol-Centro/VER20260721164801819559983F1.jpg,https://raw.githubusercontent.com/LGRSV/vera-vegetacao/main/fotos/Enecol-Centro/VER20260721164801819559983F2.jpg,https://raw.githubusercontent.com/LGRSV/vera-vegetacao/main/fotos/Enecol-Centro/VER20260721164801819559983F3.jpg,,V20260721164801819559983
1593,V0482,SE Paraíso I,CENTRO,AL,AL01062013,21/07/2026,16:48,Outros,60326454,URBANO,8,70,Sim,150,150,0,-10.1610835,-48.8892985,0,,,,,V20260724110406479305411
1594,V0483,SE Paraíso I,CENTRO,AL,AL01062013,21/07/2026,16:49,Outros,60326457,URBANO,7.5,70,Sim,150,300,0,-10.1610662,-48.8891663,3,https://raw.githubusercontent.com/LGRSV/vera-vegetacao/main/fotos/Enecol-Centro/VER20260721164903699985236F1.jpg,https://raw.githubusercontent.com/LGRSV/vera-vegetacao/main/fotos/Enecol-Centro/VER20260721164903699985236F2.jpg,https://raw.githubusercontent.com/LGRSV/vera-vegetacao/main/fotos/Enecol-Centro/VER20260721164903699985236F3.jpg,,V20260721164903699985236
1595,V0483,SE Paraíso I,CENTRO,AL,AL01062013,21/07/2026,16:49,Outros,60326457,URBANO,7.5,70,Sim,150,300,0,-10.1610662,-48.8891663,0,,,,,V20260724110408068550456
1596,V0484,SE Paraíso I,CENTRO,AL,AL01062013,21/07/2026,16:49,Outros,60326457,URBANO,5.5,50,Sim,300,300,0,-10.1610815,-48.8891706,3,https://raw.githubusercontent.com/LGRSV/vera-vegetacao/main/fotos/Enecol-Centro/VER20260721165000810565249F1.jpg,https://raw.githubusercontent.com/LGRSV/vera-vegetacao/main/fotos/Enecol-Centro/VER20260721165000810565249F2.jpg,https://raw.githubusercontent.com/LGRSV/vera-vegetacao/main/fotos/Enecol-Centro/VER20260721165000810565249F3.jpg,,V20260721165000810565249
1597,V0484,SE Paraíso I,CENTRO,AL,AL01062013,21/07/2026,16:49,Outros,60326457,URBANO,5.5,50,Sim,300,300,0,-10.1610815,-48.8891706,0,,,,,V20260724110409879895807
1598,V0485,SE Paraíso I,CENTRO,AL,AL01062013,21/07/2026,16:58,Outros,622134,URBANO,6,60,Sim,250,300,0,-10.1536205,-48.8860115,3,https://raw.githubusercontent.com/LGRSV/vera-vegetacao/main/fotos/Enecol-Centro/VER20260721165847079435001F1.jpg,https://raw.githubusercontent.com/LGRSV/vera-vegetacao/main/fotos/Enecol-Centro/VER20260721165847079435001F2.jpg,https://raw.githubusercontent.com/LGRSV/vera-vegetacao/main/fotos/Enecol-Centro/VER20260721165847079435001F3.jpg,,V20260721165847079435001
1599,V0485,SE Paraíso I,CENTRO,AL,AL01062013,21/07/2026,16:58,Outros,622134,URBANO,6,60,Sim,250,300,0,-10.1536205,-48.8860115,0,,,,,V20260724110411586043052
1600,V0486,SE Paraíso I,CENTRO,AL,AL01062013,21/07/2026,16:59,Outros,622135,URBANO,4.5,40,Sim,,,0,-10.1539715,-48.8858044,3,https://raw.githubusercontent.com/LGRSV/vera-vegetacao/main/fotos/Enecol-Centro/VER20260721165959563333920F1.jpg,https://raw.githubusercontent.com/LGRSV/vera-vegetacao/main/fotos/Enecol-Centro/VER20260721165959563333920F2.jpg,https://raw.githubusercontent.com/LGRSV/vera-vegetacao/main/fotos/Enecol-Centro/VER20260721165959563333920F3.jpg,,V20260721165959563333920
1601,V0486,SE Paraíso I,CENTRO,AL,AL01062013,21/07/2026,16:59,Outros,622135,URBANO,4.5,40,Sim,,,0,-10.1539715,-48.8858044,0,,,,,V20260724110413386830750
1602,V0487,SE Paraíso I,CENTRO,AL,AL01062013,21/07/2026,17:00,Outros,622136,URBANO,6,50,Sim,300,,0,-10.1540264,-48.8858358,0,,,,,V20260724110415267667000
1603,V0487,SE Paraíso I,CENTRO,AL,AL01062013,21/07/2026,17:00,Outros,622136,URBANO,6,50,Sim,300,,0,-10.1540264,-48.8858358,3,https://raw.githubusercontent.com/LGRSV/vera-vegetacao/main/fotos/Enecol-Centro/VER20260721170049870010772F1.jpg,https://raw.githubusercontent.com/LGRSV/vera-vegetacao/main/fotos/Enecol-Centro/VER20260721170049870010772F2.jpg,https://raw.githubusercontent.com/LGRSV/vera-vegetacao/main/fotos/Enecol-Centro/VER20260721170049870010772F3.jpg,,V20260721170049870010772
1604,V0488,SE Paraíso I,CENTRO,AL,AL01062013,21/07/2026,17:01,Outros,622136,URBANO,5,40,Sim,300,,0,-10.1540757,-48.8857762,3,https://raw.githubusercontent.com/LGRSV/vera-vegetacao/main/fotos/Enecol-Centro/VER20260721170141712680196F1.jpg,https://raw.githubusercontent.com/LGRSV/vera-vegetacao/main/fotos/Enecol-Centro/VER20260721170141712680196F2.jpg,https://raw.githubusercontent.com/LGRSV/vera-vegetacao/main/fotos/Enecol-Centro/VER20260721170141712680196F3.jpg,,V20260721170141712680196
1605,V0488,SE Paraíso I,CENTRO,AL,AL01062013,21/07/2026,17:01,Outros,622136,URBANO,5,40,Sim,300,,0,-10.1540757,-48.8857762,0,,,,,V20260724110416867780921
1606,V0489,SE Paraíso I,CENTRO,AL,AL01062013,21/07/2026,17:04,Outros,622138,URBANO,7,55,Sim,0,200,0,-10.1542763,-48.885441,3,https://raw.githubusercontent.com/LGRSV/vera-vegetacao/main/fotos/Enecol-Centro/VER20260721170440434226463F1.jpg,https://raw.githubusercontent.com/LGRSV/vera-vegetacao/main/fotos/Enecol-Centro/VER20260721170440434226463F2.jpg,https://raw.githubusercontent.com/LGRSV/vera-vegetacao/main/fotos/Enecol-Centro/VER20260721170440434226463F3.jpg,,V20260721170440434226463
1607,V0489,SE Paraíso I,CENTRO,AL,AL01062013,21/07/2026,17:04,Outros,622138,URBANO,7,55,Sim,0,200,0,-10.1542763,-48.885441,0,,,,,V20260724110418643288723
1608,V0490,SE Paraíso I,CENTRO,AL,AL01062013,21/07/2026,17:05,Babaçu,622138,URBANO,7.5,70,Sim,0,150,0,-10.1542104,-48.8855761,0,,,,,V20260724110420668370314
1609,V0490,SE Paraíso I,CENTRO,AL,AL01062013,21/07/2026,17:05,Babaçu,622138,URBANO,7.5,70,Sim,0,150,0,-10.1542104,-48.8855761,3,https://raw.githubusercontent.com/LGRSV/vera-vegetacao/main/fotos/Enecol-Centro/VER20260721170553810996093F1.jpg,https://raw.githubusercontent.com/LGRSV/vera-vegetacao/main/fotos/Enecol-Centro/VER20260721170553810996093F2.jpg,https://raw.githubusercontent.com/LGRSV/vera-vegetacao/main/fotos/Enecol-Centro/VER20260721170553810996093F3.jpg,,V20260721170553810996093
1610,V0491,SE Paraíso I,CENTRO,AL,AL01062013,21/07/2026,17:06,Outros,622138,URBANO,3.5,35,Sim,,,0,-10.1541334,-48.8855335,3,https://raw.githubusercontent.com/LGRSV/vera-vegetacao/main/fotos/Enecol-Centro/VER20260721170640013986504F1.jpg,https://raw.githubusercontent.com/LGRSV/vera-vegetacao/main/fotos/Enecol-Centro/VER20260721170640013986504F2.jpg,https://raw.githubusercontent.com/LGRSV/vera-vegetacao/main/fotos/Enecol-Centro/VER20260721170640013986504F3.jpg,,V20260721170640013986504
1611,V0491,SE Paraíso I,CENTRO,AL,AL01062013,21/07/2026,17:06,Outros,622138,URBANO,3.5,35,Sim,,,0,-10.1541334,-48.8855335,0,,,,,V20260724110422356861362
1612,V0492,SE Paraíso I,CENTRO,AL,AL01062013,21/07/2026,17:07,Outros,622139,URBANO,3.5,40,Sim,,,0,-10.1541178,-48.8854181,3,https://raw.githubusercontent.com/LGRSV/vera-vegetacao/main/fotos/Enecol-Centro/VER20260721170731295073625F1.jpg,https://raw.githubusercontent.com/LGRSV/vera-vegetacao/main/fotos/Enecol-Centro/VER20260721170731295073625F2.jpg,https://raw.githubusercontent.com/LGRSV/vera-vegetacao/main/fotos/Enecol-Centro/VER20260721170731295073625F3.jpg,,V20260721170731295073625
1613,V0492,SE Paraíso I,CENTRO,AL,AL01062013,21/07/2026,17:07,Outros,622139,URBANO,3.5,40,Sim,,,0,-10.1541178,-48.8854181,0,,,,,V20260724110424076019886
1614,V0493,SE Paraíso I,CENTRO,AL,AL01062013,22/07/2026,08:31,Oiti,39179354,URBANO,8.5,80,Sim,,50,0,-10.1628417,-48.888295,3,https://raw.githubusercontent.com/LGRSV/vera-vegetacao/main/fotos/Enecol-Centro/VER20260722083150371527063F1.jpg,https://raw.githubusercontent.com/LGRSV/vera-vegetacao/main/fotos/Enecol-Centro/VER20260722083150371527063F2.jpg,https://raw.githubusercontent.com/LGRSV/vera-vegetacao/main/fotos/Enecol-Centro/VER20260722083150371527063F3.jpg,,V20260722083150371527063
1615,V0493,SE Paraíso I,CENTRO,AL,AL01062013,22/07/2026,08:31,Oiti,39179354,URBANO,8.5,80,Sim,,50,0,-10.1628417,-48.888295,0,,,,,V20260724110425597197852
1616,V0494,SE Paraíso I,CENTRO,AL,AL01062013,22/07/2026,08:33,Oiti,39179350,URBANO,12,200,Sim,,150,0,-10.1626667,-48.8882817,0,,,,,V20260724110427058813062
1617,V0494,SE Paraíso I,CENTRO,AL,AL01062013,22/07/2026,08:33,Oiti,39179350,URBANO,12,200,Sim,,150,0,-10.1626667,-48.8882817,3,https://raw.githubusercontent.com/LGRSV/vera-vegetacao/main/fotos/Enecol-Centro/VER20260722083305046761779F1.jpg,https://raw.githubusercontent.com/LGRSV/vera-vegetacao/main/fotos/Enecol-Centro/VER20260722083305046761779F2.jpg,https://raw.githubusercontent.com/LGRSV/vera-vegetacao/main/fotos/Enecol-Centro/VER20260722083305046761779F3.jpg,,V20260722083305046761779
1618,V0495,SE Paraíso I,CENTRO,AL,AL01062013,22/07/2026,08:34,Mangueira,1429522,URBANO,3.5,35,Sim,,,0,-10.1618783,-48.88789,0,,,,,V20260724110430167437868
1619,V0495,SE Paraíso I,CENTRO,AL,AL01062013,22/07/2026,08:34,Mangueira,1429522,URBANO,3.5,35,Sim,,,0,-10.1618783,-48.88789,3,https://raw.githubusercontent.com/LGRSV/vera-vegetacao/main/fotos/Enecol-Centro/VER20260722083457252247925F1.jpg,https://raw.githubusercontent.com/LGRSV/vera-vegetacao/main/fotos/Enecol-Centro/VER20260722083457252247925F2.jpg,https://raw.githubusercontent.com/LGRSV/vera-vegetacao/main/fotos/Enecol-Centro/VER20260722083457252247925F3.jpg,,V20260722083457252247925
1620,V0496,SE Paraíso I,CENTRO,AL,AL01062013,22/07/2026,08:35,Outros,39179369,URBANO,4,50,Sim,,,0,-10.1617233,-48.8877333,3,https://raw.githubusercontent.com/LGRSV/vera-vegetacao/main/fotos/Enecol-Centro/VER20260722083532946949865F1.jpg,https://raw.githubusercontent.com/LGRSV/vera-vegetacao/main/fotos/Enecol-Centro/VER20260722083532946949865F2.jpg,https://raw.githubusercontent.com/LGRSV/vera-vegetacao/main/fotos/Enecol-Centro/VER20260722083532946949865F3.jpg,,V20260722083532946949865
1621,V0496,SE Paraíso I,CENTRO,AL,AL01062013,22/07/2026,08:35,Outros,39179369,URBANO,4,50,Sim,,,0,-10.1617233,-48.8877333,0,,,,,V20260724110433948576909
1622,V0497,SE Paraíso I,CENTRO,AL,AL01062013,22/07/2026,08:36,Outros,39179369,URBANO,7.5,100,Sim,,300,0,-10.1616333,-48.8877233,0,,,,,V20260724110435672066116
1623,V0497,SE Paraíso I,CENTRO,AL,AL01062013,22/07/2026,08:36,Outros,39179369,URBANO,7.5,100,Sim,,300,0,-10.1616333,-48.8877233,3,https://raw.githubusercontent.com/LGRSV/vera-vegetacao/main/fotos/Enecol-Centro/VER20260722083638052797283F1.jpg,https://raw.githubusercontent.com/LGRSV/vera-vegetacao/main/fotos/Enecol-Centro/VER20260722083638052797283F2.jpg,https://raw.githubusercontent.com/LGRSV/vera-vegetacao/main/fotos/Enecol-Centro/VER20260722083638052797283F3.jpg,,V20260722083638052797283
1624,V0498,SE Paraíso I,CENTRO,AL,AL01062013,22/07/2026,08:40,Carambola,39179373,URBANO,6.5,50,Sim,,300,0,-10.1611067,-48.8874717,0,,,,,V20260724110437422539102
1625,V0498,SE Paraíso I,CENTRO,AL,AL01062013,22/07/2026,08:40,Carambola,39179373,URBANO,6.5,50,Sim,,300,0,-10.1611067,-48.8874717,3,https://raw.githubusercontent.com/LGRSV/vera-vegetacao/main/fotos/Enecol-Centro/VER20260722084022399284841F1.jpg,https://raw.githubusercontent.com/LGRSV/vera-vegetacao/main/fotos/Enecol-Centro/VER20260722084022399284841F2.jpg,https://raw.githubusercontent.com/LGRSV/vera-vegetacao/main/fotos/Enecol-Centro/VER20260722084022399284841F3.jpg,,V20260722084022399284841
1626,V0499,SE Paraíso I,CENTRO,AL,AL01062013,22/07/2026,08:41,Mogno,39179373,URBANO,7,80,Sim,,300,0,-10.1610717,-48.88745,3,https://raw.githubusercontent.com/LGRSV/vera-vegetacao/main/fotos/Enecol-Centro/VER20260722084112045263390F1.jpg,https://raw.githubusercontent.com/LGRSV/vera-vegetacao/main/fotos/Enecol-Centro/VER20260722084112045263390F2.jpg,https://raw.githubusercontent.com/LGRSV/vera-vegetacao/main/fotos/Enecol-Centro/VER20260722084112045263390F3.jpg,,V20260722084112045263390
1627,V0499,SE Paraíso I,CENTRO,AL,AL01062013,22/07/2026,08:41,Mogno,39179373,URBANO,7,80,Sim,,300,0,-10.1610717,-48.88745,0,,,,,V20260724110439116503840
1628,V0500,SE Paraíso I,CENTRO,AL,AL01062013,22/07/2026,08:42,Mogno,39179373,URBANO,8,80,Sim,,300,0,-10.1609667,-48.8874783,3,https://raw.githubusercontent.com/LGRSV/vera-vegetacao/main/fotos/Enecol-Centro/VER20260722084213369932508F1.jpg,https://raw.githubusercontent.com/LGRSV/vera-vegetacao/main/fotos/Enecol-Centro/VER20260722084213369932508F2.jpg,https://raw.githubusercontent.com/LGRSV/vera-vegetacao/main/fotos/Enecol-Centro/VER20260722084213369932508F3.jpg,,V20260722084213369932508
1629,V0500,SE Paraíso I,CENTRO,AL,AL01062013,22/07/2026,08:42,Mogno,39179373,URBANO,8,80,Sim,,300,0,-10.1609667,-48.8874783,0,,,,,V20260724110441070102161
1630,V0501,SE Paraíso I,CENTRO,AL,AL01062013,22/07/2026,08:45,Outros,39179388,URBANO,8,55,Sim,200,300,0,-10.15912,-48.88652,3,https://raw.githubusercontent.com/LGRSV/vera-vegetacao/main/fotos/Enecol-Centro/VER20260722084504793360306F1.jpg,https://raw.githubusercontent.com/LGRSV/vera-vegetacao/main/fotos/Enecol-Centro/VER20260722084504793360306F2.jpg,https://raw.githubusercontent.com/LGRSV/vera-vegetacao/main/fotos/Enecol-Centro/VER20260722084504793360306F3.jpg,,V20260722084504793360306
1631,V0501,SE Paraíso I,CENTRO,AL,AL01062013,22/07/2026,08:45,Outros,39179388,URBANO,8,55,Sim,200,300,0,-10.15912,-48.88652,0,,,,,V20260724110442692533352
1632,V0502,SE Paraíso I,CENTRO,AL,AL01062013,22/07/2026,08:45,Outros,39179388,URBANO,8,75,Sim,50,300,0,-10.1591883,-48.8865783,3,https://raw.githubusercontent.com/LGRSV/vera-vegetacao/main/fotos/Enecol-Centro/VER20260722084547657755145F1.jpg,https://raw.githubusercontent.com/LGRSV/vera-vegetacao/main/fotos/Enecol-Centro/VER20260722084547657755145F2.jpg,https://raw.githubusercontent.com/LGRSV/vera-vegetacao/main/fotos/Enecol-Centro/VER20260722084547657755145F3.jpg,,V20260722084547657755145
1633,V0502,SE Paraíso I,CENTRO,AL,AL01062013,22/07/2026,08:45,Outros,39179388,URBANO,8,75,Sim,50,300,0,-10.1591883,-48.8865783,0,,,,,V20260724110444389386263
1634,V0503,SE Paraíso I,CENTRO,AL,AL01062013,22/07/2026,08:46,Outros,39179388,URBANO,8,80,Sim,200,300,0,-10.159205,-48.8866183,3,https://raw.githubusercontent.com/LGRSV/vera-vegetacao/main/fotos/Enecol-Centro/VER20260722084640963827665F1.jpg,https://raw.githubusercontent.com/LGRSV/vera-vegetacao/main/fotos/Enecol-Centro/VER20260722084640963827665F2.jpg,https://raw.githubusercontent.com/LGRSV/vera-vegetacao/main/fotos/Enecol-Centro/VER20260722084640963827665F3.jpg,,V20260722084640963827665
1635,V0503,SE Paraíso I,CENTRO,AL,AL01062013,22/07/2026,08:46,Outros,39179388,URBANO,8,80,Sim,200,300,0,-10.159205,-48.8866183,0,,,,,V20260724110446119574366
1636,V0504,SE Paraíso I,CENTRO,AL,AL01062013,22/07/2026,08:47,Cajueiro,39179388,URBANO,5,45,Sim,,,0,-10.1593833,-48.88656,3,https://raw.githubusercontent.com/LGRSV/vera-vegetacao/main/fotos/Enecol-Centro/VER20260722084719707564492F1.jpg,https://raw.githubusercontent.com/LGRSV/vera-vegetacao/main/fotos/Enecol-Centro/VER20260722084719707564492F2.jpg,https://raw.githubusercontent.com/LGRSV/vera-vegetacao/main/fotos/Enecol-Centro/VER20260722084719707564492F3.jpg,,V20260722084719707564492
1637,V0504,SE Paraíso I,CENTRO,AL,AL01062013,22/07/2026,08:47,Cajueiro,39179388,URBANO,5,45,Sim,,,0,-10.1593833,-48.88656,0,,,,,V20260724110447828245488
1638,V0505,SE Paraíso I,CENTRO,AL,AL01062013,22/07/2026,08:48,Buriti,39179388,URBANO,7.5,70,Sim,,300,0,-10.1592683,-48.8865183,3,https://raw.githubusercontent.com/LGRSV/vera-vegetacao/main/fotos/Enecol-Centro/VER20260722084818990544540F1.jpg,https://raw.githubusercontent.com/LGRSV/vera-vegetacao/main/fotos/Enecol-Centro/VER20260722084818990544540F2.jpg,https://raw.githubusercontent.com/LGRSV/vera-vegetacao/main/fotos/Enecol-Centro/VER20260722084818990544540F3.jpg,,V20260722084818990544540
1639,V0505,SE Paraíso I,CENTRO,AL,AL01062013,22/07/2026,08:48,Buriti,39179388,URBANO,7.5,70,Sim,,300,0,-10.1592683,-48.8865183,0,,,,,V20260724110449513952331
1640,V0506,SE Paraíso I,CENTRO,AL,AL01062013,22/07/2026,08:49,Outros,39179388,URBANO,5.5,70,Sim,,300,0,-10.1591333,-48.886485,3,https://raw.githubusercontent.com/LGRSV/vera-vegetacao/main/fotos/Enecol-Centro/VER20260722084920295977601F1.jpg,https://raw.githubusercontent.com/LGRSV/vera-vegetacao/main/fotos/Enecol-Centro/VER20260722084920295977601F2.jpg,https://raw.githubusercontent.com/LGRSV/vera-vegetacao/main/fotos/Enecol-Centro/VER20260722084920295977601F3.jpg,,V20260722084920295977601
1641,V0506,SE Paraíso I,CENTRO,AL,AL01062013,22/07/2026,08:49,Outros,39179388,URBANO,5.5,70,Sim,,300,0,-10.1591333,-48.886485,0,,,,,V20260724110451376697366
1642,V0507,SE Paraíso I,CENTRO,AL,AL01062013,22/07/2026,08:51,Oiti,39179418,URBANO,10,90,Sim,,250,0,-10.1584783,-48.8861667,0,,,,,V20260724110453063881328
1643,V0507,SE Paraíso I,CENTRO,AL,AL01062013,22/07/2026,08:51,Oiti,39179418,URBANO,10,90,Sim,,250,0,-10.1584783,-48.8861667,3,https://raw.githubusercontent.com/LGRSV/vera-vegetacao/main/fotos/Enecol-Centro/VER20260722085125237846354F1.jpg,https://raw.githubusercontent.com/LGRSV/vera-vegetacao/main/fotos/Enecol-Centro/VER20260722085125237846354F2.jpg,https://raw.githubusercontent.com/LGRSV/vera-vegetacao/main/fotos/Enecol-Centro/VER20260722085125237846354F3.jpg,,V20260722085125237846354
1644,V0508,SE Paraíso I,CENTRO,AL,AL01062013,22/07/2026,08:54,Cajueiro,623884,URBANO,4.5,60,Sim,300,300,0,-10.1580117,-48.8859583,0,,,,,V20260724110454725218826
1645,V0508,SE Paraíso I,CENTRO,AL,AL01062013,22/07/2026,08:54,Cajueiro,623884,URBANO,4.5,60,Sim,300,300,0,-10.1580117,-48.8859583,3,https://raw.githubusercontent.com/LGRSV/vera-vegetacao/main/fotos/Enecol-Centro/VER20260722085408351908167F1.jpg,https://raw.githubusercontent.com/LGRSV/vera-vegetacao/main/fotos/Enecol-Centro/VER20260722085408351908167F2.jpg,https://raw.githubusercontent.com/LGRSV/vera-vegetacao/main/fotos/Enecol-Centro/VER20260722085408351908167F3.jpg,,V20260722085408351908167
1646,V0509,SE Paraíso I,CENTRO,AL,AL01062013,22/07/2026,08:55,Mangueira,1411852,URBANO,6.5,75,Sim,50,300,0,-10.15773,-48.88587,3,https://raw.githubusercontent.com/LGRSV/vera-vegetacao/main/fotos/Enecol-Centro/VER20260722085524442996017F1.jpg,https://raw.githubusercontent.com/LGRSV/vera-vegetacao/main/fotos/Enecol-Centro/VER20260722085524442996017F2.jpg,https://raw.githubusercontent.com/LGRSV/vera-vegetacao/main/fotos/Enecol-Centro/VER20260722085524442996017F3.jpg,,V20260722085524442996017
1647,V0509,SE Paraíso I,CENTRO,AL,AL01062013,22/07/2026,08:55,Mangueira,1411852,URBANO,6.5,75,Sim,50,300,0,-10.15773,-48.88587,0,,,,,V20260724110456317635541
1648,V0510,SE Paraíso I,CENTRO,AL,AL01062013,22/07/2026,08:57,Mogno,39179429,URBANO,8,75,Sim,,300,0,-10.1574496,-48.8856183,0,,,,,V20260724110458028336943
1649,V0510,SE Paraíso I,CENTRO,AL,AL01062013,22/07/2026,08:57,Mogno,39179429,URBANO,8,75,Sim,,300,0,-10.1574496,-48.8856183,3,https://raw.githubusercontent.com/LGRSV/vera-vegetacao/main/fotos/Enecol-Centro/VER20260722085706273865842F1.jpg,https://raw.githubusercontent.com/LGRSV/vera-vegetacao/main/fotos/Enecol-Centro/VER20260722085706273865842F2.jpg,https://raw.githubusercontent.com/LGRSV/vera-vegetacao/main/fotos/Enecol-Centro/VER20260722085706273865842F3.jpg,,V20260722085706273865842
1650,V0511,SE Paraíso I,CENTRO,AL,AL01062013,22/07/2026,08:59,Outros,39179436,URBANO,7,55,Sim,50,300,0,-10.1566275,-48.885239,0,,,,,V20260724110459707293130
1651,V0511,SE Paraíso I,CENTRO,AL,AL01062013,22/07/2026,08:59,Outros,39179436,URBANO,7,55,Sim,50,300,0,-10.1566275,-48.885239,3,https://raw.githubusercontent.com/LGRSV/vera-vegetacao/main/fotos/Enecol-Centro/VER20260722085937061419911F1.jpg,https://raw.githubusercontent.com/LGRSV/vera-vegetacao/main/fotos/Enecol-Centro/VER20260722085937061419911F2.jpg,https://raw.githubusercontent.com/LGRSV/vera-vegetacao/main/fotos/Enecol-Centro/VER20260722085937061419911F3.jpg,,V20260722085937061419911
1652,V0512,SE Paraíso I,CENTRO,AL,AL01062013,22/07/2026,09:00,Outros,39179436,URBANO,7,60,Sim,50,300,0,-10.1565871,-48.8851999,0,,,,,V20260724110501467078124
1653,V0512,SE Paraíso I,CENTRO,AL,AL01062013,22/07/2026,09:00,Outros,39179436,URBANO,7,60,Sim,50,300,0,-10.1565871,-48.8851999,3,https://raw.githubusercontent.com/LGRSV/vera-vegetacao/main/fotos/Enecol-Centro/VER20260722090031137074136F1.jpg,https://raw.githubusercontent.com/LGRSV/vera-vegetacao/main/fotos/Enecol-Centro/VER20260722090031137074136F2.jpg,https://raw.githubusercontent.com/LGRSV/vera-vegetacao/main/fotos/Enecol-Centro/VER20260722090031137074136F3.jpg,,V20260722090031137074136
1654,V0513,SE Paraíso I,CENTRO,AL,AL01062013,22/07/2026,09:01,Outros,39179436,URBANO,7,50,Sim,50,300,0,-10.1565272,-48.8852501,3,https://raw.githubusercontent.com/LGRSV/vera-vegetacao/main/fotos/Enecol-Centro/VER20260722090112739800721F1.jpg,https://raw.githubusercontent.com/LGRSV/vera-vegetacao/main/fotos/Enecol-Centro/VER20260722090112739800721F2.jpg,https://raw.githubusercontent.com/LGRSV/vera-vegetacao/main/fotos/Enecol-Centro/VER20260722090112739800721F3.jpg,,V20260722090112739800721
1655,V0513,SE Paraíso I,CENTRO,AL,AL01062013,22/07/2026,09:01,Outros,39179436,URBANO,7,50,Sim,50,300,0,-10.1565272,-48.8852501,0,,,,,V20260724110503299996862
1656,V0514,SE Paraíso I,CENTRO,AL,AL01062013,22/07/2026,09:02,Outros,39179436,URBANO,7,60,Sim,50,300,0,-10.1565531,-48.88525,3,https://raw.githubusercontent.com/LGRSV/vera-vegetacao/main/fotos/Enecol-Centro/VER20260722090213576923963F1.jpg,https://raw.githubusercontent.com/LGRSV/vera-vegetacao/main/fotos/Enecol-Centro/VER20260722090213576923963F2.jpg,https://raw.githubusercontent.com/LGRSV/vera-vegetacao/main/fotos/Enecol-Centro/VER20260722090213576923963F3.jpg,,V20260722090213576923963
1657,V0514,SE Paraíso I,CENTRO,AL,AL01062013,22/07/2026,09:02,Outros,39179436,URBANO,7,60,Sim,50,300,0,-10.1565531,-48.88525,0,,,,,V20260724110505068731142
1658,V0515,SE Paraíso I,CENTRO,AL,AL01062013,22/07/2026,09:03,Outros,39179436,URBANO,7.5,65,Sim,50,300,0,-10.1565051,-48.8852408,0,,,,,V20260724110506939767883
1659,V0515,SE Paraíso I,CENTRO,AL,AL01062013,22/07/2026,09:03,Outros,39179436,URBANO,7.5,65,Sim,50,300,0,-10.1565051,-48.8852408,3,https://raw.githubusercontent.com/LGRSV/vera-vegetacao/main/fotos/Enecol-Centro/VER20260722090305401372319F1.jpg,https://raw.githubusercontent.com/LGRSV/vera-vegetacao/main/fotos/Enecol-Centro/VER20260722090305401372319F2.jpg,https://raw.githubusercontent.com/LGRSV/vera-vegetacao/main/fotos/Enecol-Centro/VER20260722090305401372319F3.jpg,,V20260722090305401372319
1660,V0516,SE Paraíso I,CENTRO,AL,AL01062013,22/07/2026,09:03,Outros,39179436,URBANO,7,70,Sim,50,250,0,-10.156477,-48.885221,3,https://raw.githubusercontent.com/LGRSV/vera-vegetacao/main/fotos/Enecol-Centro/VER20260722090350788032243F1.jpg,https://raw.githubusercontent.com/LGRSV/vera-vegetacao/main/fotos/Enecol-Centro/VER20260722090350788032243F2.jpg,https://raw.githubusercontent.com/LGRSV/vera-vegetacao/main/fotos/Enecol-Centro/VER20260722090350788032243F3.jpg,,V20260722090350788032243
1661,V0516,SE Paraíso I,CENTRO,AL,AL01062013,22/07/2026,09:03,Outros,39179436,URBANO,7,70,Sim,50,250,0,-10.156477,-48.885221,0,,,,,V20260724110508752424964
1662,V0517,SE Paraíso I,CENTRO,AL,AL01062013,22/07/2026,09:04,Outros,39179439,URBANO,7,75,Sim,50,300,0,-10.1564566,-48.8851664,0,,,,,V20260724110510380391016
1663,V0517,SE Paraíso I,CENTRO,AL,AL01062013,22/07/2026,09:04,Outros,39179439,URBANO,7,75,Sim,50,300,0,-10.1564566,-48.8851664,4,https://raw.githubusercontent.com/LGRSV/vera-vegetacao/main/fotos/Enecol-Centro/VER20260722090456710196241F1.jpg,https://raw.githubusercontent.com/LGRSV/vera-vegetacao/main/fotos/Enecol-Centro/VER20260722090456710196241F2.jpg,https://raw.githubusercontent.com/LGRSV/vera-vegetacao/main/fotos/Enecol-Centro/VER20260722090456710196241F3.jpg,https://raw.githubusercontent.com/LGRSV/vera-vegetacao/main/fotos/Enecol-Centro/VER20260722090456710196241F4.jpg,V20260722090456710196241
1664,V0518,SE Paraíso I,CENTRO,AL,AL01062013,22/07/2026,09:05,Oiti,39179436,URBANO,6,70,Sim,,,0,-10.1565908,-48.8852117,0,,,,,V20260724110512026173080
1665,V0518,SE Paraíso I,CENTRO,AL,AL01062013,22/07/2026,09:05,Oiti,39179436,URBANO,6,70,Sim,,,0,-10.1565908,-48.8852117,3,https://raw.githubusercontent.com/LGRSV/vera-vegetacao/main/fotos/Enecol-Centro/VER20260722090551993563586F1.jpg,https://raw.githubusercontent.com/LGRSV/vera-vegetacao/main/fotos/Enecol-Centro/VER20260722090551993563586F2.jpg,https://raw.githubusercontent.com/LGRSV/vera-vegetacao/main/fotos/Enecol-Centro/VER20260722090551993563586F3.jpg,,V20260722090551993563586
1666,V0519,SE Paraíso I,CENTRO,AL,AL01062013,22/07/2026,09:06,Oiti,39179439,URBANO,5.5,50,Sim,,,0,-10.1564339,-48.8851617,3,https://raw.githubusercontent.com/LGRSV/vera-vegetacao/main/fotos/Enecol-Centro/VER20260722090643974308681F1.jpg,https://raw.githubusercontent.com/LGRSV/vera-vegetacao/main/fotos/Enecol-Centro/VER20260722090643974308681F2.jpg,https://raw.githubusercontent.com/LGRSV/vera-vegetacao/main/fotos/Enecol-Centro/VER20260722090643974308681F3.jpg,,V20260722090643974308681
1667,V0519,SE Paraíso I,CENTRO,AL,AL01062013,22/07/2026,09:06,Oiti,39179439,URBANO,5.5,50,Sim,,,0,-10.1564339,-48.8851617,0,,,,,V20260724110513751966315
1668,V0520,SE Paraíso I,CENTRO,AL,AL01062013,22/07/2026,09:07,Outros,39179423,URBANO,12,80,Sim,,0,0,-10.156172,-48.8850706,3,https://raw.githubusercontent.com/LGRSV/vera-vegetacao/main/fotos/Enecol-Centro/VER20260722090757126631281F1.jpg,https://raw.githubusercontent.com/LGRSV/vera-vegetacao/main/fotos/Enecol-Centro/VER20260722090757126631281F2.jpg,https://raw.githubusercontent.com/LGRSV/vera-vegetacao/main/fotos/Enecol-Centro/VER20260722090757126631281F3.jpg,,V20260722090757126631281
1669,V0520,SE Paraíso I,CENTRO,AL,AL01062013,22/07/2026,09:07,Outros,39179423,URBANO,12,80,Sim,,0,0,-10.156172,-48.8850706,0,,,,,V20260724110515471377612
1670,V0521,SE Paraíso I,CENTRO,AL,AL01062013,22/07/2026,09:15,Oiti,622140,URBANO,8,85,Sim,150,300,0,-10.1539309,-48.8851325,3,https://raw.githubusercontent.com/LGRSV/vera-vegetacao/main/fotos/Enecol-Centro/VER20260722091523857742513F1.jpg,https://raw.githubusercontent.com/LGRSV/vera-vegetacao/main/fotos/Enecol-Centro/VER20260722091523857742513F2.jpg,https://raw.githubusercontent.com/LGRSV/vera-vegetacao/main/fotos/Enecol-Centro/VER20260722091523857742513F3.jpg,,V20260722091523857742513
1671,V0521,SE Paraíso I,CENTRO,AL,AL01062013,22/07/2026,09:15,Oiti,622140,URBANO,8,85,Sim,150,300,0,-10.1539309,-48.8851325,0,,,,,V20260724110517220997813
1672,V0522,SE Paraíso I,CENTRO,AL,AL01062013,22/07/2026,09:16,Mangueira,622140,URBANO,8.5,80,Sim,0,200,0,-10.1541816,-48.8850285,3,https://raw.githubusercontent.com/LGRSV/vera-vegetacao/main/fotos/Enecol-Centro/VER20260722091642689576081F1.jpg,https://raw.githubusercontent.com/LGRSV/vera-vegetacao/main/fotos/Enecol-Centro/VER20260722091642689576081F2.jpg,https://raw.githubusercontent.com/LGRSV/vera-vegetacao/main/fotos/Enecol-Centro/VER20260722091642689576081F3.jpg,,V20260722091642689576081
1673,V0522,SE Paraíso I,CENTRO,AL,AL01062013,22/07/2026,09:16,Mangueira,622140,URBANO,8.5,80,Sim,0,200,0,-10.1541816,-48.8850285,0,,,,,V20260724110519432450231
1674,V0523,SE Paraíso I,CENTRO,AL,AL01062013,22/07/2026,09:18,Oiti,622411,URBANO,6.5,75,Sim,300,300,0,-10.1549021,-48.8847815,0,,,,,V20260724110521156843092
1675,V0523,SE Paraíso I,CENTRO,AL,AL01062013,22/07/2026,09:18,Oiti,622411,URBANO,6.5,75,Sim,300,300,0,-10.1549021,-48.8847815,3,https://raw.githubusercontent.com/LGRSV/vera-vegetacao/main/fotos/Enecol-Centro/VER20260722091833462836994F1.jpg,https://raw.githubusercontent.com/LGRSV/vera-vegetacao/main/fotos/Enecol-Centro/VER20260722091833462836994F2.jpg,https://raw.githubusercontent.com/LGRSV/vera-vegetacao/main/fotos/Enecol-Centro/VER20260722091833462836994F3.jpg,,V20260722091833462836994
1676,V0524,SE Paraíso I,CENTRO,AL,AL01062013,22/07/2026,09:19,Oiti,,URBANO,5.5,70,Sim,,,0,-10.1549639,-48.8847618,0,,,,,V20260724110522903690736
1677,V0524,SE Paraíso I,CENTRO,AL,AL01062013,22/07/2026,09:19,Oiti,,URBANO,5.5,70,Sim,,,0,-10.1549639,-48.8847618,3,https://raw.githubusercontent.com/LGRSV/vera-vegetacao/main/fotos/Enecol-Centro/VER20260722091936015191273F1.jpg,https://raw.githubusercontent.com/LGRSV/vera-vegetacao/main/fotos/Enecol-Centro/VER20260722091936015191273F2.jpg,https://raw.githubusercontent.com/LGRSV/vera-vegetacao/main/fotos/Enecol-Centro/VER20260722091936015191273F3.jpg,,V20260722091936015191273
1678,V0525,SE Paraíso I,CENTRO,AL,AL01062013,22/07/2026,09:28,Oiti,621860,URBANO,5,55,Sim,100,300,0,-10.15571,-48.884205,3,https://raw.githubusercontent.com/LGRSV/vera-vegetacao/main/fotos/Enecol-Centro/VER20260722092811247704185F1.jpg,https://raw.githubusercontent.com/LGRSV/vera-vegetacao/main/fotos/Enecol-Centro/VER20260722092811247704185F2.jpg,https://raw.githubusercontent.com/LGRSV/vera-vegetacao/main/fotos/Enecol-Centro/VER20260722092811247704185F3.jpg,,V20260722092811247704185
1679,V0525,SE Paraíso I,CENTRO,AL,AL01062013,22/07/2026,09:28,Oiti,621860,URBANO,5,55,Sim,100,300,0,-10.15571,-48.884205,0,,,,,V20260724110526185222380
1680,V0526,SE Paraíso I,CENTRO,AL,AL01062013,22/07/2026,09:29,Oiti,621860,URBANO,5.5,80,Sim,150,,0,-10.155695,-48.8841833,3,https://raw.githubusercontent.com/LGRSV/vera-vegetacao/main/fotos/Enecol-Centro/VER20260722092914207902608F1.jpg,https://raw.githubusercontent.com/LGRSV/vera-vegetacao/main/fotos/Enecol-Centro/VER20260722092914207902608F2.jpg,https://raw.githubusercontent.com/LGRSV/vera-vegetacao/main/fotos/Enecol-Centro/VER20260722092914207902608F3.jpg,,V20260722092914207902608
1681,V0526,SE Paraíso I,CENTRO,AL,AL01062013,22/07/2026,09:29,Oiti,621860,URBANO,5.5,80,Sim,150,,0,-10.155695,-48.8841833,0,,,,,V20260724110527977643439
1682,V0527,SE Paraíso I,CENTRO,AL,AL01062013,22/07/2026,09:30,Oiti,621860,URBANO,5.5,60,Sim,150,,0,-10.1556833,-48.8841033,3,https://raw.githubusercontent.com/LGRSV/vera-vegetacao/main/fotos/Enecol-Centro/VER20260722093012435825447F1.jpg,https://raw.githubusercontent.com/LGRSV/vera-vegetacao/main/fotos/Enecol-Centro/VER20260722093012435825447F2.jpg,https://raw.githubusercontent.com/LGRSV/vera-vegetacao/main/fotos/Enecol-Centro/VER20260722093012435825447F3.jpg,,V20260722093012435825447
1683,V0527,SE Paraíso I,CENTRO,AL,AL01062013,22/07/2026,09:30,Oiti,621860,URBANO,5.5,60,Sim,150,,0,-10.1556833,-48.8841033,0,,,,,V20260724110529625358809
1684,V0528,SE Paraíso I,CENTRO,AL,AL01062013,22/07/2026,09:31,Oiti,621858,URBANO,5.5,60,Sim,150,300,0,-10.155625,-48.8839467,3,https://raw.githubusercontent.com/LGRSV/vera-vegetacao/main/fotos/Enecol-Centro/VER20260722093117958259769F1.jpg,https://raw.githubusercontent.com/LGRSV/vera-vegetacao/main/fotos/Enecol-Centro/VER20260722093117958259769F2.jpg,https://raw.githubusercontent.com/LGRSV/vera-vegetacao/main/fotos/Enecol-Centro/VER20260722093117958259769F3.jpg,,V20260722093117958259769
1685,V0528,SE Paraíso I,CENTRO,AL,AL01062013,22/07/2026,09:31,Oiti,621858,URBANO,5.5,60,Sim,150,300,0,-10.155625,-48.8839467,0,,,,,V20260724110531267403633
1686,V0529,SE Paraíso I,CENTRO,AL,AL01062013,22/07/2026,09:32,Oiti,621858,URBANO,5,60,Sim,150,300,0,-10.155625,-48.88398,3,https://raw.githubusercontent.com/LGRSV/vera-vegetacao/main/fotos/Enecol-Centro/VER20260722093210468795095F1.jpg,https://raw.githubusercontent.com/LGRSV/vera-vegetacao/main/fotos/Enecol-Centro/VER20260722093210468795095F2.jpg,https://raw.githubusercontent.com/LGRSV/vera-vegetacao/main/fotos/Enecol-Centro/VER20260722093210468795095F3.jpg,,V20260722093210468795095
1687,V0529,SE Paraíso I,CENTRO,AL,AL01062013,22/07/2026,09:32,Oiti,621858,URBANO,5,60,Sim,150,300,0,-10.155625,-48.88398,0,,,,,V20260724110532999493076
1688,V0530,SE Paraíso I,CENTRO,AL,AL01062013,22/07/2026,09:37,Mangueira,91825,URBANO,6.5,50,Sim,,300,0,-10.1547367,-48.8837,3,https://raw.githubusercontent.com/LGRSV/vera-vegetacao/main/fotos/Enecol-Centro/VER20260722093724407026264F1.jpg,https://raw.githubusercontent.com/LGRSV/vera-vegetacao/main/fotos/Enecol-Centro/VER20260722093724407026264F2.jpg,https://raw.githubusercontent.com/LGRSV/vera-vegetacao/main/fotos/Enecol-Centro/VER20260722093724407026264F3.jpg,,V20260722093724407026264
1689,V0530,SE Paraíso I,CENTRO,AL,AL01062013,22/07/2026,09:37,Mangueira,91825,URBANO,6.5,50,Sim,,300,0,-10.1547367,-48.8837,0,,,,,V20260724110536582112718
1690,V0531,SE Paraíso I,CENTRO,AL,AL01062013,22/07/2026,09:40,Outros,39179621,URBANO,4.5,50,Sim,,,0,-10.161915,-48.8815583,0,,,,,V20260724110538025584362
1691,V0531,SE Paraíso I,CENTRO,AL,AL01062013,22/07/2026,09:40,Outros,39179621,URBANO,4.5,50,Sim,,,0,-10.161915,-48.8815583,3,https://raw.githubusercontent.com/LGRSV/vera-vegetacao/main/fotos/Enecol-Centro/VER20260722094024732550983F1.jpg,https://raw.githubusercontent.com/LGRSV/vera-vegetacao/main/fotos/Enecol-Centro/VER20260722094024732550983F2.jpg,https://raw.githubusercontent.com/LGRSV/vera-vegetacao/main/fotos/Enecol-Centro/VER20260722094024732550983F3.jpg,,V20260722094024732550983
1692,V0532,Rota Paraíso SE 2,CENTRO,LD,LD01004013,23/07/2026,09:29,Outros,42261836,URBANO,12,145,Sim,,150,0,-10.213,-48.8747983,0,,,,,V20260724110539664573205
1693,V0532,Rota Paraíso SE 2,CENTRO,LD,LD01004013,23/07/2026,09:29,Outros,42261836,URBANO,12,145,Sim,,150,0,-10.213,-48.8747983,3,https://raw.githubusercontent.com/LGRSV/vera-vegetacao/main/fotos/Enecol-Centro/VER20260723092934731508621F1.jpg,https://raw.githubusercontent.com/LGRSV/vera-vegetacao/main/fotos/Enecol-Centro/VER20260723092934731508621F2.jpg,https://raw.githubusercontent.com/LGRSV/vera-vegetacao/main/fotos/Enecol-Centro/VER20260723092934731508621F3.jpg,,V20260723092934731508621
1694,V0533,Rota Paraíso SE 2,CENTRO,LD,LD01004013,23/07/2026,09:38,Outros,42261882,URBANO,6,50,Sim,,,0,-10.2197017,-48.8755383,0,,,,,V20260724110541610798788
1695,V0533,Rota Paraíso SE 2,CENTRO,LD,LD01004013,23/07/2026,09:38,Outros,42261882,URBANO,6,50,Sim,,,0,-10.2197017,-48.8755383,3,https://raw.githubusercontent.com/LGRSV/vera-vegetacao/main/fotos/Enecol-Centro/VER20260723093835606770294F1.jpg,https://raw.githubusercontent.com/LGRSV/vera-vegetacao/main/fotos/Enecol-Centro/VER20260723093835606770294F2.jpg,https://raw.githubusercontent.com/LGRSV/vera-vegetacao/main/fotos/Enecol-Centro/VER20260723093835606770294F3.jpg,,V20260723093835606770294
1696,V0534,Rota Paraíso SE 2,CENTRO,LD,LD01004013,23/07/2026,09:39,Outros,42261882,URBANO,7,40,,,,0,-10.2198817,-48.87552,3,https://raw.githubusercontent.com/LGRSV/vera-vegetacao/main/fotos/Enecol-Centro/VER20260723093935447926689F1.jpg,https://raw.githubusercontent.com/LGRSV/vera-vegetacao/main/fotos/Enecol-Centro/VER20260723093935447926689F2.jpg,https://raw.githubusercontent.com/LGRSV/vera-vegetacao/main/fotos/Enecol-Centro/VER20260723093935447926689F3.jpg,,V20260723093935447926689
1697,V0534,Rota Paraíso SE 2,CENTRO,LD,LD01004013,23/07/2026,09:39,Outros,42261882,URBANO,7,40,,,,0,-10.2198817,-48.87552,0,,,,,V20260724110543145997587
1698,V0535,Rota Paraíso SE 2,CENTRO,LD,LD01004013,23/07/2026,09:40,Outros,42261882,URBANO,7.5,40,Não,,300,0,-10.2199117,-48.87554,3,https://raw.githubusercontent.com/LGRSV/vera-vegetacao/main/fotos/Enecol-Centro/VER20260723094023411491540F1.jpg,https://raw.githubusercontent.com/LGRSV/vera-vegetacao/main/fotos/Enecol-Centro/VER20260723094023411491540F2.jpg,https://raw.githubusercontent.com/LGRSV/vera-vegetacao/main/fotos/Enecol-Centro/VER20260723094023411491540F3.jpg,,V20260723094023411491540
1699,V0535,Rota Paraíso SE 2,CENTRO,LD,LD01004013,23/07/2026,09:40,Outros,42261882,URBANO,7.5,40,Não,,300,0,-10.2199117,-48.87554,0,,,,,V20260724110544782175088
1700,V0536,Rota Guaraí,NORTE,AL,AL01038009,24/07/2026,09:20,Outros,1774346,URBANO,8.5,60,Sim,,150,0,-8.823545,-48.517176,3,https://raw.githubusercontent.com/LGRSV/vera-vegetacao/main/fotos/Enecol-Centro/VER20260724110546448170786F1.jpg,https://raw.githubusercontent.com/LGRSV/vera-vegetacao/main/fotos/Enecol-Centro/VER20260724110546448170786F2.jpg,https://raw.githubusercontent.com/LGRSV/vera-vegetacao/main/fotos/Enecol-Centro/VER20260724110546448170786F3.jpg,,V20260724110546448170786
1701,V0537,Rota Guaraí,NORTE,AL,AL01038009,24/07/2026,09:27,Outros,1774346,URBANO,8.5,75,Sim,,150,0,-8.8235382,-48.5171174,3,https://raw.githubusercontent.com/LGRSV/vera-vegetacao/main/fotos/Enecol-Centro/VER20260724110549139884942F1.jpg,https://raw.githubusercontent.com/LGRSV/vera-vegetacao/main/fotos/Enecol-Centro/VER20260724110549139884942F2.jpg,https://raw.githubusercontent.com/LGRSV/vera-vegetacao/main/fotos/Enecol-Centro/VER20260724110549139884942F3.jpg,,V20260724110549139884942
1702,V0538,Rota Guaraí,NORTE,AL,AL01038009,24/07/2026,09:28,Cajueiro,1774345,URBANO,6,50,Sim,,,0,-8.8234762,-48.5170073,3,https://raw.githubusercontent.com/LGRSV/vera-vegetacao/main/fotos/Enecol-Centro/VER20260724110555729898472F1.jpg,https://raw.githubusercontent.com/LGRSV/vera-vegetacao/main/fotos/Enecol-Centro/VER20260724110555729898472F2.jpg,https://raw.githubusercontent.com/LGRSV/vera-vegetacao/main/fotos/Enecol-Centro/VER20260724110555729898472F3.jpg,,V20260724110555729898472
1703,V0539,Rota Guaraí,NORTE,LD,LD04038009,24/07/2026,14:17,Outros,893890,URBANO,19,200,Sim,,50,0,-8.82137,-48.5126067,3,https://raw.githubusercontent.com/LGRSV/vera-vegetacao/main/fotos/Enecol-Centro/VER20260724141739257577377F1.jpg,https://raw.githubusercontent.com/LGRSV/vera-vegetacao/main/fotos/Enecol-Centro/VER20260724141739257577377F2.jpg,https://raw.githubusercontent.com/LGRSV/vera-vegetacao/main/fotos/Enecol-Centro/VER20260724141739257577377F3.jpg,,V20260724141739257577377
1704,V0540,Rota Guaraí,NORTE,AL,AL01038009,24/07/2026,14:19,Outros,912533,URBANO,12,140,Sim,,50,0,-8.82164,-48.5126167,3,https://raw.githubusercontent.com/LGRSV/vera-vegetacao/main/fotos/Enecol-Centro/VER20260724141957461088412F1.jpg,https://raw.githubusercontent.com/LGRSV/vera-vegetacao/main/fotos/Enecol-Centro/VER20260724141957461088412F2.jpg,https://raw.githubusercontent.com/LGRSV/vera-vegetacao/main/fotos/Enecol-Centro/VER20260724141957461088412F3.jpg,,V20260724141957461088412
1705,V0541,Rota Guaraí,NORTE,AL,AL01038009,24/07/2026,14:21,Cajueiro,912533,URBANO,9,,Sim,,300,0,-8.821725,-48.5125933,3,https://raw.githubusercontent.com/LGRSV/vera-vegetacao/main/fotos/Enecol-Centro/VER20260724142104423749760F1.jpg,https://raw.githubusercontent.com/LGRSV/vera-vegetacao/main/fotos/Enecol-Centro/VER20260724142104423749760F2.jpg,https://raw.githubusercontent.com/LGRSV/vera-vegetacao/main/fotos/Enecol-Centro/VER20260724142104423749760F3.jpg,,V20260724142104423749760
1706,V0542,Rota Guaraí,NORTE,AL,AL01038009,24/07/2026,14:22,Outros,303262,URBANO,4.5,40,Sim,,,0,-8.82122,-48.5127083,3,https://raw.githubusercontent.com/LGRSV/vera-vegetacao/main/fotos/Enecol-Centro/VER20260724142300904459967F1.jpg,https://raw.githubusercontent.com/LGRSV/vera-vegetacao/main/fotos/Enecol-Centro/VER20260724142300904459967F2.jpg,https://raw.githubusercontent.com/LGRSV/vera-vegetacao/main/fotos/Enecol-Centro/VER20260724142300904459967F3.jpg,,V20260724142300904459967
1707,V0543,Rota Guaraí,NORTE,LD,LD04038009,24/07/2026,14:23,Outros,893891,URBANO,4.5,40,,,,0,-8.8210633,-48.5126867,3,https://raw.githubusercontent.com/LGRSV/vera-vegetacao/main/fotos/Enecol-Centro/VER20260724142356841781511F1.jpg,https://raw.githubusercontent.com/LGRSV/vera-vegetacao/main/fotos/Enecol-Centro/VER20260724142356841781511F2.jpg,https://raw.githubusercontent.com/LGRSV/vera-vegetacao/main/fotos/Enecol-Centro/VER20260724142356841781511F3.jpg,,V20260724142356841781511
1708,V0544,Rota Guaraí,NORTE,AL,AL01038009,24/07/2026,14:33,Oiti,914223,URBANO,9,50,Sim,200,250,0,-8.8297817,-48.514275,3,https://raw.githubusercontent.com/LGRSV/vera-vegetacao/main/fotos/Enecol-Centro/VER20260724143359551497538F1.jpg,https://raw.githubusercontent.com/LGRSV/vera-vegetacao/main/fotos/Enecol-Centro/VER20260724143359551497538F2.jpg,https://raw.githubusercontent.com/LGRSV/vera-vegetacao/main/fotos/Enecol-Centro/VER20260724143359551497538F3.jpg,,V20260724143359551497538
1709,V0545,Rota Guaraí,NORTE,AL,AL01038009,24/07/2026,14:34,Oiti,914223,URBANO,9,50,Sim,200,300,0,-8.827095,-48.5079183,3,https://raw.githubusercontent.com/LGRSV/vera-vegetacao/main/fotos/Enecol-Centro/VER20260724143455441132558F1.jpg,https://raw.githubusercontent.com/LGRSV/vera-vegetacao/main/fotos/Enecol-Centro/VER20260724143455441132558F2.jpg,https://raw.githubusercontent.com/LGRSV/vera-vegetacao/main/fotos/Enecol-Centro/VER20260724143455441132558F3.jpg,,V20260724143455441132558
1710,V0546,Rota Guaraí,NORTE,AL,AL01038009,24/07/2026,14:35,Oiti,914223,URBANO,10,60,Sim,300,300,0,-8.829805,-48.514295,3,https://raw.githubusercontent.com/LGRSV/vera-vegetacao/main/fotos/Enecol-Centro/VER20260724143550215593304F1.jpg,https://raw.githubusercontent.com/LGRSV/vera-vegetacao/main/fotos/Enecol-Centro/VER20260724143550215593304F2.jpg,https://raw.githubusercontent.com/LGRSV/vera-vegetacao/main/fotos/Enecol-Centro/VER20260724143550215593304F3.jpg,,V20260724143550215593304
1711,V0547,Rota Guaraí,NORTE,AL,AL01038009,24/07/2026,14:39,Cajueiro,913039,URBANO,8.5,70,Sim,250,300,0,-8.8305517,-48.515645,3,https://raw.githubusercontent.com/LGRSV/vera-vegetacao/main/fotos/Enecol-Centro/VER20260724143942707144303F1.jpg,https://raw.githubusercontent.com/LGRSV/vera-vegetacao/main/fotos/Enecol-Centro/VER20260724143942707144303F2.jpg,https://raw.githubusercontent.com/LGRSV/vera-vegetacao/main/fotos/Enecol-Centro/VER20260724143942707144303F3.jpg,,V20260724143942707144303
1712,V0548,Rota Guaraí,NORTE,AL,AL01038009,24/07/2026,14:40,Outros,123243,URBANO,4,25,Sim,,,0,-8.8305833,-48.51571,3,https://raw.githubusercontent.com/LGRSV/vera-vegetacao/main/fotos/Enecol-Centro/VER20260724144040365479884F1.jpg,https://raw.githubusercontent.com/LGRSV/vera-vegetacao/main/fotos/Enecol-Centro/VER20260724144040365479884F2.jpg,https://raw.githubusercontent.com/LGRSV/vera-vegetacao/main/fotos/Enecol-Centro/VER20260724144040365479884F3.jpg,,V20260724144040365479884
1713,V0549,Rota Guaraí,NORTE,AL,AL01038009,24/07/2026,14:51,Oiti,914006,URBANO,9,80,Sim,0,150,0,-8.8369475,-48.5184375,3,https://raw.githubusercontent.com/LGRSV/vera-vegetacao/main/fotos/Enecol-Centro/VER20260724145103992563820F1.jpg,https://raw.githubusercontent.com/LGRSV/vera-vegetacao/main/fotos/Enecol-Centro/VER20260724145103992563820F2.jpg,https://raw.githubusercontent.com/LGRSV/vera-vegetacao/main/fotos/Enecol-Centro/VER20260724145103992563820F3.jpg,,V20260724145103992563820
1714,V0550,Rota Guaraí,NORTE,AL,AL01038009,24/07/2026,14:52,Oiti,911213,URBANO,6.5,70,Sim,300,300,0,-8.8369986,-48.5185295,3,https://raw.githubusercontent.com/LGRSV/vera-vegetacao/main/fotos/Enecol-Centro/VER20260724145216914414687F1.jpg,https://raw.githubusercontent.com/LGRSV/vera-vegetacao/main/fotos/Enecol-Centro/VER20260724145216914414687F2.jpg,https://raw.githubusercontent.com/LGRSV/vera-vegetacao/main/fotos/Enecol-Centro/VER20260724145216914414687F3.jpg,,V20260724145216914414687
1715,V0551,Rota Guaraí,NORTE,AL,AL01038009,24/07/2026,14:53,Oiti,911213,URBANO,6,40,Sim,300,300,0,-8.8369759,-48.5185817,3,https://raw.githubusercontent.com/LGRSV/vera-vegetacao/main/fotos/Enecol-Centro/VER20260724145317409908774F1.jpg,https://raw.githubusercontent.com/LGRSV/vera-vegetacao/main/fotos/Enecol-Centro/VER20260724145317409908774F2.jpg,https://raw.githubusercontent.com/LGRSV/vera-vegetacao/main/fotos/Enecol-Centro/VER20260724145317409908774F3.jpg,,V20260724145317409908774
1716,V0552,Rota Guaraí,NORTE,AL,AL01038009,24/07/2026,14:54,Oiti,911212,URBANO,6.5,55,Sim,300,300,0,-8.8369101,-48.5183707,3,https://raw.githubusercontent.com/LGRSV/vera-vegetacao/main/fotos/Enecol-Centro/VER20260724145435702268417F1.jpg,https://raw.githubusercontent.com/LGRSV/vera-vegetacao/main/fotos/Enecol-Centro/VER20260724145435702268417F2.jpg,https://raw.githubusercontent.com/LGRSV/vera-vegetacao/main/fotos/Enecol-Centro/VER20260724145435702268417F3.jpg,,V20260724145435702268417
1717,V0553,Rota Guaraí,NORTE,AL,AL01038009,24/07/2026,14:57,Goiaba,910938,URBANO,7,70,Sim,300,300,0,-8.8368803,-48.5173278,3,https://raw.githubusercontent.com/LGRSV/vera-vegetacao/main/fotos/Enecol-Centro/VER20260724145735524079948F1.jpg,https://raw.githubusercontent.com/LGRSV/vera-vegetacao/main/fotos/Enecol-Centro/VER20260724145735524079948F2.jpg,https://raw.githubusercontent.com/LGRSV/vera-vegetacao/main/fotos/Enecol-Centro/VER20260724145735524079948F3.jpg,,V20260724145735524079948
1718,V0554,Rota Guaraí,NORTE,AL,AL01038009,24/07/2026,15:00,Outros,914499,URBANO,7.5,50,Sim,0,250,0,-8.8370077,-48.5165856,3,https://raw.githubusercontent.com/LGRSV/vera-vegetacao/main/fotos/Enecol-Centro/VER20260724150053043501637F1.jpg,https://raw.githubusercontent.com/LGRSV/vera-vegetacao/main/fotos/Enecol-Centro/VER20260724150053043501637F2.jpg,https://raw.githubusercontent.com/LGRSV/vera-vegetacao/main/fotos/Enecol-Centro/VER20260724150053043501637F3.jpg,,V20260724150053043501637
1719,V0555,Rota Guaraí,NORTE,AL,AL01038009,24/07/2026,15:04,Oiti,126889,URBANO,6.5,70,Sim,200,300,0,-8.8374105,-48.5166282,3,https://raw.githubusercontent.com/LGRSV/vera-vegetacao/main/fotos/Enecol-Centro/VER20260724150416481789598F1.jpg,https://raw.githubusercontent.com/LGRSV/vera-vegetacao/main/fotos/Enecol-Centro/VER20260724150416481789598F2.jpg,https://raw.githubusercontent.com/LGRSV/vera-vegetacao/main/fotos/Enecol-Centro/VER20260724150416481789598F3.jpg,,V20260724150416481789598
1720,V0556,Rota Guaraí,NORTE,AL,AL01038009,24/07/2026,15:05,Oiti,126889,URBANO,6.5,70,Sim,200,300,0,-8.8373747,-48.5165538,3,https://raw.githubusercontent.com/LGRSV/vera-vegetacao/main/fotos/Enecol-Centro/VER20260724150530185919318F1.jpg,https://raw.githubusercontent.com/LGRSV/vera-vegetacao/main/fotos/Enecol-Centro/VER20260724150530185919318F2.jpg,https://raw.githubusercontent.com/LGRSV/vera-vegetacao/main/fotos/Enecol-Centro/VER20260724150530185919318F3.jpg,,V20260724150530185919318
1721,V0557,Rota Guaraí,NORTE,AL,AL01038009,24/07/2026,15:06,Outros,126889,URBANO,6.5,50,Sim,50,300,0,-8.837344,-48.5165952,3,https://raw.githubusercontent.com/LGRSV/vera-vegetacao/main/fotos/Enecol-Centro/VER20260724150630148521055F1.jpg,https://raw.githubusercontent.com/LGRSV/vera-vegetacao/main/fotos/Enecol-Centro/VER20260724150630148521055F2.jpg,https://raw.githubusercontent.com/LGRSV/vera-vegetacao/main/fotos/Enecol-Centro/VER20260724150630148521055F3.jpg,,V20260724150630148521055
1722,V0558,Rota Guaraí,NORTE,AL,AL01038009,24/07/2026,15:07,Oiti,914499,URBANO,5,60,Sim,50,300,0,-8.8372556,-48.5165859,3,https://raw.githubusercontent.com/LGRSV/vera-vegetacao/main/fotos/Enecol-Centro/VER20260724150728995756904F1.jpg,https://raw.githubusercontent.com/LGRSV/vera-vegetacao/main/fotos/Enecol-Centro/VER20260724150728995756904F2.jpg,https://raw.githubusercontent.com/LGRSV/vera-vegetacao/main/fotos/Enecol-Centro/VER20260724150728995756904F3.jpg,,V20260724150728995756904
1723,V0559,Rota Guaraí,NORTE,AL,AL01038009,24/07/2026,15:08,Outros,914499,URBANO,4.5,80,Sim,300,300,0,-8.8372125,-48.5165739,3,https://raw.githubusercontent.com/LGRSV/vera-vegetacao/main/fotos/Enecol-Centro/VER20260724150819513224937F1.jpg,https://raw.githubusercontent.com/LGRSV/vera-vegetacao/main/fotos/Enecol-Centro/VER20260724150819513224937F2.jpg,https://raw.githubusercontent.com/LGRSV/vera-vegetacao/main/fotos/Enecol-Centro/VER20260724150819513224937F3.jpg,,V20260724150819513224937
1724,V0560,Rota Guaraí,NORTE,AL,AL01038009,24/07/2026,15:09,Mangueira,914499,URBANO,7.5,50,Sim,100,300,0,-8.8370583,-48.5165883,3,https://raw.githubusercontent.com/LGRSV/vera-vegetacao/main/fotos/Enecol-Centro/VER20260724150919862113040F1.jpg,https://raw.githubusercontent.com/LGRSV/vera-vegetacao/main/fotos/Enecol-Centro/VER20260724150919862113040F2.jpg,https://raw.githubusercontent.com/LGRSV/vera-vegetacao/main/fotos/Enecol-Centro/VER20260724150919862113040F3.jpg,,V20260724150919862113040
1725,V0561,Rota Guaraí,NORTE,AL,AL01038009,24/07/2026,15:21,Oiti,862246,URBANO,7.5,65,Sim,0,300,0,-8.8358317,-48.51669,3,https://raw.githubusercontent.com/LGRSV/vera-vegetacao/main/fotos/Enecol-Centro/VER20260724152117879941865F1.jpg,https://raw.githubusercontent.com/LGRSV/vera-vegetacao/main/fotos/Enecol-Centro/VER20260724152117879941865F2.jpg,https://raw.githubusercontent.com/LGRSV/vera-vegetacao/main/fotos/Enecol-Centro/VER20260724152117879941865F3.jpg,,V20260724152117879941865
1726,V0562,Rota Guaraí,NORTE,AL,AL01038009,24/07/2026,15:48,Oiti,911211,URBANO,8,70,Sim,200,300,0,-8.8361383,-48.516005,3,https://raw.githubusercontent.com/LGRSV/vera-vegetacao/main/fotos/Enecol-Centro/VER20260724154849233935579F1.jpg,https://raw.githubusercontent.com/LGRSV/vera-vegetacao/main/fotos/Enecol-Centro/VER20260724154849233935579F2.jpg,https://raw.githubusercontent.com/LGRSV/vera-vegetacao/main/fotos/Enecol-Centro/VER20260724154849233935579F3.jpg,,V20260724154849233935579
1727,V0563,Rota Guaraí,NORTE,AL,AL01038009,24/07/2026,15:55,Oiti,,URBANO,8,65,Sim,50,300,0,-8.8355083,-48.5167317,3,https://raw.githubusercontent.com/LGRSV/vera-vegetacao/main/fotos/Enecol-Centro/VER20260724155514564910808F1.jpg,https://raw.githubusercontent.com/LGRSV/vera-vegetacao/main/fotos/Enecol-Centro/VER20260724155514564910808F2.jpg,https://raw.githubusercontent.com/LGRSV/vera-vegetacao/main/fotos/Enecol-Centro/VER20260724155514564910808F3.jpg,,V20260724155514564910808
1728,V0564,Rota Guaraí,NORTE,AL,AL01038009,24/07/2026,15:57,Outros,126998,URBANO,9,50,Sim,250,300,0,-8.8352214,-48.5167506,3,https://raw.githubusercontent.com/LGRSV/vera-vegetacao/main/fotos/Enecol-Centro/VER20260724155705236403895F1.jpg,https://raw.githubusercontent.com/LGRSV/vera-vegetacao/main/fotos/Enecol-Centro/VER20260724155705236403895F2.jpg,https://raw.githubusercontent.com/LGRSV/vera-vegetacao/main/fotos/Enecol-Centro/VER20260724155705236403895F3.jpg,,V20260724155705236403895
1729,V0565,Rota Guaraí,NORTE,AL,AL01038009,24/07/2026,15:58,Outros,126998,URBANO,10.5,80,Sim,0,150,0,-8.8351781,-48.516727,3,https://raw.githubusercontent.com/LGRSV/vera-vegetacao/main/fotos/Enecol-Centro/VER20260724155813901925524F1.jpg,https://raw.githubusercontent.com/LGRSV/vera-vegetacao/main/fotos/Enecol-Centro/VER20260724155813901925524F2.jpg,https://raw.githubusercontent.com/LGRSV/vera-vegetacao/main/fotos/Enecol-Centro/VER20260724155813901925524F3.jpg,,V20260724155813901925524
1730,V0566,Rota Guaraí,NORTE,AL,AL01038009,24/07/2026,15:59,Mogno,126998,URBANO,6.5,50,Sim,150,300,0,-8.8349537,-48.5167604,3,https://raw.githubusercontent.com/LGRSV/vera-vegetacao/main/fotos/Enecol-Centro/VER20260724155944478844841F1.jpg,https://raw.githubusercontent.com/LGRSV/vera-vegetacao/main/fotos/Enecol-Centro/VER20260724155944478844841F2.jpg,https://raw.githubusercontent.com/LGRSV/vera-vegetacao/main/fotos/Enecol-Centro/VER20260724155944478844841F3.jpg,,V20260724155944478844841
1731,V0567,Rota Guaraí,NORTE,AL,AL01038009,24/07/2026,16:00,Outros,126998,URBANO,2.5,50,Sim,,,0,-8.8349464,-48.5167853,3,https://raw.githubusercontent.com/LGRSV/vera-vegetacao/main/fotos/Enecol-Centro/VER20260724160036844239540F1.jpg,https://raw.githubusercontent.com/LGRSV/vera-vegetacao/main/fotos/Enecol-Centro/VER20260724160036844239540F2.jpg,https://raw.githubusercontent.com/LGRSV/vera-vegetacao/main/fotos/Enecol-Centro/VER20260724160036844239540F3.jpg,,V20260724160036844239540
1732,V0568,Rota Guaraí,NORTE,AL,AL01038009,24/07/2026,16:04,Oiti,914496,URBANO,5.5,50,Sim,300,300,0,-8.83424,-48.516475,3,https://raw.githubusercontent.com/LGRSV/vera-vegetacao/main/fotos/Enecol-Centro/VER20260724160440358593440F1.jpg,https://raw.githubusercontent.com/LGRSV/vera-vegetacao/main/fotos/Enecol-Centro/VER20260724160440358593440F2.jpg,https://raw.githubusercontent.com/LGRSV/vera-vegetacao/main/fotos/Enecol-Centro/VER20260724160440358593440F3.jpg,,V20260724160440358593440
1733,V0569,Rota Guaraí,NORTE,AL,AL01038009,24/07/2026,16:05,Outros,914496,URBANO,4.5,30,Sim,,,0,-8.834225,-48.51636,3,https://raw.githubusercontent.com/LGRSV/vera-vegetacao/main/fotos/Enecol-Centro/VER20260724160531234222164F1.jpg,https://raw.githubusercontent.com/LGRSV/vera-vegetacao/main/fotos/Enecol-Centro/VER20260724160531234222164F2.jpg,https://raw.githubusercontent.com/LGRSV/vera-vegetacao/main/fotos/Enecol-Centro/VER20260724160531234222164F3.jpg,,V20260724160531234222164
1734,V0570,Rota Guaraí,NORTE,AL,AL01038009,24/07/2026,16:08,Oiti,91682,URBANO,6,50,Sim,300,300,0,-8.8340783,-48.51455,3,https://raw.githubusercontent.com/LGRSV/vera-vegetacao/main/fotos/Enecol-Centro/VER20260724160806963665979F1.jpg,https://raw.githubusercontent.com/LGRSV/vera-vegetacao/main/fotos/Enecol-Centro/VER20260724160806963665979F2.jpg,https://raw.githubusercontent.com/LGRSV/vera-vegetacao/main/fotos/Enecol-Centro/VER20260724160806963665979F3.jpg,,V20260724160806963665979
1735,V0571,Rota Guaraí,NORTE,AL,AL01038009,24/07/2026,16:09,Oiti,91682,URBANO,9.5,80,Sim,0,150,0,-8.8340217,-48.5144917,3,https://raw.githubusercontent.com/LGRSV/vera-vegetacao/main/fotos/Enecol-Centro/VER20260724160928258824154F1.jpg,https://raw.githubusercontent.com/LGRSV/vera-vegetacao/main/fotos/Enecol-Centro/VER20260724160928258824154F2.jpg,https://raw.githubusercontent.com/LGRSV/vera-vegetacao/main/fotos/Enecol-Centro/VER20260724160928258824154F3.jpg,,V20260724160928258824154
1736,V0572,Rota Guaraí,NORTE,AL,AL01038009,24/07/2026,16:14,Oiti,911469,URBANO,7,85,Sim,250,300,0,-8.8339817,-48.5137633,3,https://raw.githubusercontent.com/LGRSV/vera-vegetacao/main/fotos/Enecol-Centro/VER20260724161410050177404F1.jpg,https://raw.githubusercontent.com/LGRSV/vera-vegetacao/main/fotos/Enecol-Centro/VER20260724161410050177404F2.jpg,https://raw.githubusercontent.com/LGRSV/vera-vegetacao/main/fotos/Enecol-Centro/VER20260724161410050177404F3.jpg,,V20260724161410050177404
1737,V0573,Rota Guaraí,NORTE,AL,AL01038009,24/07/2026,16:15,Oiti,48277733,URBANO,8,80,Sim,50,300,0,-8.833855,-48.5131933,3,https://raw.githubusercontent.com/LGRSV/vera-vegetacao/main/fotos/Enecol-Centro/VER20260724161556912405741F1.jpg,https://raw.githubusercontent.com/LGRSV/vera-vegetacao/main/fotos/Enecol-Centro/VER20260724161556912405741F2.jpg,https://raw.githubusercontent.com/LGRSV/vera-vegetacao/main/fotos/Enecol-Centro/VER20260724161556912405741F3.jpg,,V20260724161556912405741
1738,V0574,Rota Guaraí,NORTE,AL,AL01038009,24/07/2026,16:19,Outros,91603,URBANO,10,75,Sim,,50,0,-8.8337398,-48.5123664,3,https://raw.githubusercontent.com/LGRSV/vera-vegetacao/main/fotos/Enecol-Centro/VER20260724161958038503890F1.jpg,https://raw.githubusercontent.com/LGRSV/vera-vegetacao/main/fotos/Enecol-Centro/VER20260724161958038503890F2.jpg,https://raw.githubusercontent.com/LGRSV/vera-vegetacao/main/fotos/Enecol-Centro/VER20260724161958038503890F3.jpg,,V20260724161958038503890
1739,V0575,Rota Guaraí,NORTE,AL,AL01037009,24/07/2026,16:39,Oiti,33433135,URBANO,7,70,Sim,150,300,0,-8.83941,-48.5130133,3,https://raw.githubusercontent.com/LGRSV/vera-vegetacao/main/fotos/Enecol-Centro/VER20260724163926259291195F1.jpg,https://raw.githubusercontent.com/LGRSV/vera-vegetacao/main/fotos/Enecol-Centro/VER20260724163926259291195F2.jpg,https://raw.githubusercontent.com/LGRSV/vera-vegetacao/main/fotos/Enecol-Centro/VER20260724163926259291195F3.jpg,,V20260724163926259291195
1740,V0576,Rota Guaraí,NORTE,AL,AL01037009,24/07/2026,16:40,Oiti,33433118,URBANO,5,60,Sim,300,300,0,-8.8395123,-48.5130313,3,https://raw.githubusercontent.com/LGRSV/vera-vegetacao/main/fotos/Enecol-Centro/VER20260724164021744883325F1.jpg,https://raw.githubusercontent.com/LGRSV/vera-vegetacao/main/fotos/Enecol-Centro/VER20260724164021744883325F2.jpg,https://raw.githubusercontent.com/LGRSV/vera-vegetacao/main/fotos/Enecol-Centro/VER20260724164021744883325F3.jpg,,V20260724164021744883325
1741,V0577,Rota Guaraí,NORTE,AL,AL01037009,24/07/2026,16:41,Oiti,33433118,URBANO,5,60,Sim,300,300,0,-8.8393454,-48.5130288,3,https://raw.githubusercontent.com/LGRSV/vera-vegetacao/main/fotos/Enecol-Centro/VER20260724164102424016139F1.jpg,https://raw.githubusercontent.com/LGRSV/vera-vegetacao/main/fotos/Enecol-Centro/VER20260724164102424016139F2.jpg,https://raw.githubusercontent.com/LGRSV/vera-vegetacao/main/fotos/Enecol-Centro/VER20260724164102424016139F3.jpg,,V20260724164102424016139
1742,V0578,Rota Guaraí,NORTE,AL,AL01037009,24/07/2026,16:41,Oiti,33433118,URBANO,5,60,Sim,300,300,0,-8.8395686,-48.5130034,3,https://raw.githubusercontent.com/LGRSV/vera-vegetacao/main/fotos/Enecol-Centro/VER20260724164153086447763F1.jpg,https://raw.githubusercontent.com/LGRSV/vera-vegetacao/main/fotos/Enecol-Centro/VER20260724164153086447763F2.jpg,https://raw.githubusercontent.com/LGRSV/vera-vegetacao/main/fotos/Enecol-Centro/VER20260724164153086447763F3.jpg,,V20260724164153086447763
1743,V0579,Rota Guaraí,NORTE,AL,AL01037009,24/07/2026,16:42,Oiti,33433118,URBANO,5,60,Sim,300,300,0,-8.839642,-48.5129801,3,https://raw.githubusercontent.com/LGRSV/vera-vegetacao/main/fotos/Enecol-Centro/VER20260724164244842512735F1.jpg,https://raw.githubusercontent.com/LGRSV/vera-vegetacao/main/fotos/Enecol-Centro/VER20260724164244842512735F2.jpg,https://raw.githubusercontent.com/LGRSV/vera-vegetacao/main/fotos/Enecol-Centro/VER20260724164244842512735F3.jpg,,V20260724164244842512735
1744,V0580,Rota Guaraí,NORTE,AL,AL01037009,24/07/2026,16:44,Outros,33433085,URBANO,8.5,70,Sim,100,300,0,-8.8398131,-48.5130003,3,https://raw.githubusercontent.com/LGRSV/vera-vegetacao/main/fotos/Enecol-Centro/VER20260724164415767769947F1.jpg,https://raw.githubusercontent.com/LGRSV/vera-vegetacao/main/fotos/Enecol-Centro/VER20260724164415767769947F2.jpg,https://raw.githubusercontent.com/LGRSV/vera-vegetacao/main/fotos/Enecol-Centro/VER20260724164415767769947F3.jpg,,V20260724164415767769947
1745,V0581,Rota Guaraí,NORTE,AL,AL01037009,24/07/2026,16:45,Oiti,913724,URBANO,7.5,50,Sim,250,300,0,-8.8396472,-48.5128764,3,https://raw.githubusercontent.com/LGRSV/vera-vegetacao/main/fotos/Enecol-Centro/VER20260724164537817311826F1.jpg,https://raw.githubusercontent.com/LGRSV/vera-vegetacao/main/fotos/Enecol-Centro/VER20260724164537817311826F2.jpg,https://raw.githubusercontent.com/LGRSV/vera-vegetacao/main/fotos/Enecol-Centro/VER20260724164537817311826F3.jpg,,V20260724164537817311826
1746,V0582,Rota Guaraí,NORTE,AL,AL01037009,24/07/2026,16:47,Oiti,910853,URBANO,7,60,,200,300,0,-8.8396707,-48.5130982,3,https://raw.githubusercontent.com/LGRSV/vera-vegetacao/main/fotos/Enecol-Centro/VER20260724164725418786828F1.jpg,https://raw.githubusercontent.com/LGRSV/vera-vegetacao/main/fotos/Enecol-Centro/VER20260724164725418786828F2.jpg,https://raw.githubusercontent.com/LGRSV/vera-vegetacao/main/fotos/Enecol-Centro/VER20260724164725418786828F3.jpg,,V20260724164725418786828
1747,V0583,Rota Guaraí,NORTE,AL,AL01037009,24/07/2026,16:53,Oiti,126993,URBANO,3.5,30,Sim,300,300,0,-8.8397883,-48.5147317,3,https://raw.githubusercontent.com/LGRSV/vera-vegetacao/main/fotos/Enecol-Centro/VER20260724165352855376789F1.jpg,https://raw.githubusercontent.com/LGRSV/vera-vegetacao/main/fotos/Enecol-Centro/VER20260724165352855376789F2.jpg,https://raw.githubusercontent.com/LGRSV/vera-vegetacao/main/fotos/Enecol-Centro/VER20260724165352855376789F3.jpg,,V20260724165352855376789
1748,V0584,Rota Guaraí,NORTE,AL,AL01037009,24/07/2026,16:58,Oiti,912453,URBANO,4.5,30,Sim,300,300,0,-8.83985,-48.514765,3,https://raw.githubusercontent.com/LGRSV/vera-vegetacao/main/fotos/Enecol-Centro/VER20260724165847319896379F1.jpg,https://raw.githubusercontent.com/LGRSV/vera-vegetacao/main/fotos/Enecol-Centro/VER20260724165847319896379F2.jpg,https://raw.githubusercontent.com/LGRSV/vera-vegetacao/main/fotos/Enecol-Centro/VER20260724165847319896379F3.jpg,,V20260724165847319896379
1749,V0585,Rota Guaraí,NORTE,AL,AL01037009,24/07/2026,16:59,Oiti,912453,URBANO,5,30,Sim,300,300,0,-8.839775,-48.514815,3,https://raw.githubusercontent.com/LGRSV/vera-vegetacao/main/fotos/Enecol-Centro/VER20260724165957031632907F1.jpg,https://raw.githubusercontent.com/LGRSV/vera-vegetacao/main/fotos/Enecol-Centro/VER20260724165957031632907F2.jpg,https://raw.githubusercontent.com/LGRSV/vera-vegetacao/main/fotos/Enecol-Centro/VER20260724165957031632907F3.jpg,,V20260724165957031632907
1750,V0586,Rota Guaraí,NORTE,AL,AL01037009,24/07/2026,17:02,Oiti,912453,URBANO,4.5,30,Sim,300,300,0,-8.83982,-48.5148483,3,https://raw.githubusercontent.com/LGRSV/vera-vegetacao/main/fotos/Enecol-Centro/VER20260724170242009706209F1.jpg,https://raw.githubusercontent.com/LGRSV/vera-vegetacao/main/fotos/Enecol-Centro/VER20260724170242009706209F2.jpg,https://raw.githubusercontent.com/LGRSV/vera-vegetacao/main/fotos/Enecol-Centro/VER20260724170242009706209F3.jpg,,V20260724170242009706209
1751,V0587,Rota Guaraí,NORTE,AL,AL01037009,24/07/2026,17:04,Outros,912453,URBANO,5.5,50,Sim,300,300,0,-8.8397816,-48.5149116,3,https://raw.githubusercontent.com/LGRSV/vera-vegetacao/main/fotos/Enecol-Centro/VER20260724170455508828943F1.jpg,https://raw.githubusercontent.com/LGRSV/vera-vegetacao/main/fotos/Enecol-Centro/VER20260724170455508828943F2.jpg,https://raw.githubusercontent.com/LGRSV/vera-vegetacao/main/fotos/Enecol-Centro/VER20260724170455508828943F3.jpg,,V20260724170455508828943
1752,V0588,Rota Guaraí,NORTE,AL,AL01037009,24/07/2026,17:08,Oiti,,URBANO,5,50,Sim,300,300,0,-8.8397517,-48.5150886,3,https://raw.githubusercontent.com/LGRSV/vera-vegetacao/main/fotos/Enecol-Centro/VER20260724170826944379922F1.jpg,https://raw.githubusercontent.com/LGRSV/vera-vegetacao/main/fotos/Enecol-Centro/VER20260724170826944379922F2.jpg,https://raw.githubusercontent.com/LGRSV/vera-vegetacao/main/fotos/Enecol-Centro/VER20260724170826944379922F3.jpg,,V20260724170826944379922
1753,V0589,Rota Guaraí,NORTE,AL,AL01037009,24/07/2026,17:19,Outros,912212,URBANO,14,80,Sim,300,300,0,-8.839833,-48.5154828,3,https://raw.githubusercontent.com/LGRSV/vera-vegetacao/main/fotos/Enecol-Centro/VER20260724171956436472355F1.jpg,https://raw.githubusercontent.com/LGRSV/vera-vegetacao/main/fotos/Enecol-Centro/VER20260724171956436472355F2.jpg,https://raw.githubusercontent.com/LGRSV/vera-vegetacao/main/fotos/Enecol-Centro/VER20260724171956436472355F3.jpg,,V20260724171956436472355
1754,V0590,Rota Guaraí,NORTE,AL,AL01037009,24/07/2026,17:27,Outros,911119,URBANO,2.5,35,Sim,300,300,0,-8.8398711,-48.5163054,3,https://raw.githubusercontent.com/LGRSV/vera-vegetacao/main/fotos/Enecol-Centro/VER20260724172747166602698F1.jpg,https://raw.githubusercontent.com/LGRSV/vera-vegetacao/main/fotos/Enecol-Centro/VER20260724172747166602698F2.jpg,https://raw.githubusercontent.com/LGRSV/vera-vegetacao/main/fotos/Enecol-Centro/VER20260724172747166602698F3.jpg,,V20260724172747166602698
1755,V0591,Rota Guaraí,NORTE,AL,AL01037009,24/07/2026,17:29,Outros,1775656,URBANO,3.5,50,Sim,300,300,0,-8.839857,-48.516437,3,https://raw.githubusercontent.com/LGRSV/vera-vegetacao/main/fotos/Enecol-Centro/VER20260724172920697430129F1.jpg,https://raw.githubusercontent.com/LGRSV/vera-vegetacao/main/fotos/Enecol-Centro/VER20260724172920697430129F2.jpg,https://raw.githubusercontent.com/LGRSV/vera-vegetacao/main/fotos/Enecol-Centro/VER20260724172920697430129F3.jpg,,V20260724172920697430129
1756,V0592,Rota Guaraí,NORTE,AL,AL01037009,24/07/2026,17:30,Outros,911118,URBANO,6,50,Sim,300,300,0,-8.83988,-48.51659,3,https://raw.githubusercontent.com/LGRSV/vera-vegetacao/main/fotos/Enecol-Centro/VER20260724173046042546990F1.jpg,https://raw.githubusercontent.com/LGRSV/vera-vegetacao/main/fotos/Enecol-Centro/VER20260724173046042546990F2.jpg,https://raw.githubusercontent.com/LGRSV/vera-vegetacao/main/fotos/Enecol-Centro/VER20260724173046042546990F3.jpg,,V20260724173046042546990
1757,V0593,Rota Guaraí,NORTE,AL,AL01037009,24/07/2026,17:31,Cajueiro,911118,URBANO,6,50,Sim,300,300,0,-8.8398767,-48.516645,3,https://raw.githubusercontent.com/LGRSV/vera-vegetacao/main/fotos/Enecol-Centro/VER20260724173149836156248F1.jpg,https://raw.githubusercontent.com/LGRSV/vera-vegetacao/main/fotos/Enecol-Centro/VER20260724173149836156248F2.jpg,https://raw.githubusercontent.com/LGRSV/vera-vegetacao/main/fotos/Enecol-Centro/VER20260724173149836156248F3.jpg,,V20260724173149836156248
1758,V0594,Rota Guaraí,NORTE,AL,AL01037009,24/07/2026,17:33,Cajueiro,911118,URBANO,6.5,50,Sim,300,300,0,-8.8399183,-48.5166467,3,https://raw.githubusercontent.com/LGRSV/vera-vegetacao/main/fotos/Enecol-Centro/VER20260724173354282465426F1.jpg,https://raw.githubusercontent.com/LGRSV/vera-vegetacao/main/fotos/Enecol-Centro/VER20260724173354282465426F2.jpg,https://raw.githubusercontent.com/LGRSV/vera-vegetacao/main/fotos/Enecol-Centro/VER20260724173354282465426F3.jpg,,V20260724173354282465426
1759,V0595,Rota Guaraí,NORTE,AL,AL01037009,24/07/2026,17:34,Cajueiro,911118,URBANO,5.5,50,Sim,300,300,0,-8.8398933,-48.5167367,3,https://raw.githubusercontent.com/LGRSV/vera-vegetacao/main/fotos/Enecol-Centro/VER20260724173449978200966F1.jpg,https://raw.githubusercontent.com/LGRSV/vera-vegetacao/main/fotos/Enecol-Centro/VER20260724173449978200966F2.jpg,https://raw.githubusercontent.com/LGRSV/vera-vegetacao/main/fotos/Enecol-Centro/VER20260724173449978200966F3.jpg,,V20260724173449978200966
1760,V0596,Rota Guaraí,NORTE,AL,AL01037009,24/07/2026,17:35,Cajueiro,911118,URBANO,,40,Sim,300,300,0,-8.8398867,-48.5166133,3,https://raw.githubusercontent.com/LGRSV/vera-vegetacao/main/fotos/Enecol-Centro/VER20260724173600578441979F1.jpg,https://raw.githubusercontent.com/LGRSV/vera-vegetacao/main/fotos/Enecol-Centro/VER20260724173600578441979F2.jpg,https://raw.githubusercontent.com/LGRSV/vera-vegetacao/main/fotos/Enecol-Centro/VER20260724173600578441979F3.jpg,,V20260724173600578441979
1761,V0597,Rota Guaraí,NORTE,AL,AL01037009,27/07/2026,09:03,Oiti,308316,URBANO,8,75,Sim,200,300,0,-8.85235,-48.51042,3,https://raw.githubusercontent.com/LGRSV/vera-vegetacao/main/fotos/Enecol-Centro/VER20260727090400274692893F1.jpg,https://raw.githubusercontent.com/LGRSV/vera-vegetacao/main/fotos/Enecol-Centro/VER20260727090400274692893F2.jpg,https://raw.githubusercontent.com/LGRSV/vera-vegetacao/main/fotos/Enecol-Centro/VER20260727090400274692893F3.jpg,,V20260727090400274692893
1762,V0598,Rota Guaraí,NORTE,AL,AL01037009,27/07/2026,09:04,Oiti,308316,URBANO,10,80,Sim,50,300,0,-8.8524183,-48.5104183,3,https://raw.githubusercontent.com/LGRSV/vera-vegetacao/main/fotos/Enecol-Centro/VER20260727090459857256347F1.jpg,https://raw.githubusercontent.com/LGRSV/vera-vegetacao/main/fotos/Enecol-Centro/VER20260727090459857256347F2.jpg,https://raw.githubusercontent.com/LGRSV/vera-vegetacao/main/fotos/Enecol-Centro/VER20260727090459857256347F3.jpg,,V20260727090459857256347
1763,V0599,Rota Guaraí,NORTE,AL,AL01037009,27/07/2026,09:06,Outros,308316,URBANO,13,80,Sim,300,250,0,-8.8524717,-48.5103783,3,https://raw.githubusercontent.com/LGRSV/vera-vegetacao/main/fotos/Enecol-Centro/VER20260727090614657013297F1.jpg,https://raw.githubusercontent.com/LGRSV/vera-vegetacao/main/fotos/Enecol-Centro/VER20260727090614657013297F2.jpg,https://raw.githubusercontent.com/LGRSV/vera-vegetacao/main/fotos/Enecol-Centro/VER20260727090614657013297F3.jpg,,V20260727090614657013297
1764,V0600,Rota Guaraí,NORTE,AL,AL01037009,27/07/2026,09:08,Outros,913564,URBANO,10,120,Sim,100,300,0,-8.850955,-48.510675,3,https://raw.githubusercontent.com/LGRSV/vera-vegetacao/main/fotos/Enecol-Centro/VER20260727090826502808053F1.jpg,https://raw.githubusercontent.com/LGRSV/vera-vegetacao/main/fotos/Enecol-Centro/VER20260727090826502808053F2.jpg,https://raw.githubusercontent.com/LGRSV/vera-vegetacao/main/fotos/Enecol-Centro/VER20260727090826502808053F3.jpg,,V20260727090826502808053
1765,V0601,Rota Guaraí,NORTE,AL,AL01037009,27/07/2026,09:09,Outros,913564,URBANO,12,100,Sim,50,50,0,-8.850955,-48.51064,3,https://raw.githubusercontent.com/LGRSV/vera-vegetacao/main/fotos/Enecol-Centro/VER20260727090922890176310F1.jpg,https://raw.githubusercontent.com/LGRSV/vera-vegetacao/main/fotos/Enecol-Centro/VER20260727090922890176310F2.jpg,https://raw.githubusercontent.com/LGRSV/vera-vegetacao/main/fotos/Enecol-Centro/VER20260727090922890176310F3.jpg,,V20260727090922890176310
1766,V0602,Rota Guaraí,NORTE,AL,AL01037009,27/07/2026,09:13,Outros,1775702,URBANO,11,120,Sim,0,300,0,-8.851745,-48.5097183,3,https://raw.githubusercontent.com/LGRSV/vera-vegetacao/main/fotos/Enecol-Centro/VER20260727091356224811429F1.jpg,https://raw.githubusercontent.com/LGRSV/vera-vegetacao/main/fotos/Enecol-Centro/VER20260727091356224811429F2.jpg,https://raw.githubusercontent.com/LGRSV/vera-vegetacao/main/fotos/Enecol-Centro/VER20260727091356224811429F3.jpg,,V20260727091356224811429
1767,V0603,Rota Guaraí,NORTE,AL,AL01037009,27/07/2026,09:20,Mangueira,913554,URBANO,13,140,Sim,300,300,0,-8.8481633,-48.51129,3,https://raw.githubusercontent.com/LGRSV/vera-vegetacao/main/fotos/Enecol-Centro/VER20260727092016353964997F1.jpg,https://raw.githubusercontent.com/LGRSV/vera-vegetacao/main/fotos/Enecol-Centro/VER20260727092016353964997F2.jpg,https://raw.githubusercontent.com/LGRSV/vera-vegetacao/main/fotos/Enecol-Centro/VER20260727092016353964997F3.jpg,,V20260727092016353964997
1768,V0604,Rota Guaraí,NORTE,AL,AL01037009,27/07/2026,09:21,Mangueira,913554,URBANO,12,140,Sim,300,300,0,-8.8480517,-48.5113133,3,https://raw.githubusercontent.com/LGRSV/vera-vegetacao/main/fotos/Enecol-Centro/VER20260727092110326651780F1.jpg,https://raw.githubusercontent.com/LGRSV/vera-vegetacao/main/fotos/Enecol-Centro/VER20260727092110326651780F2.jpg,https://raw.githubusercontent.com/LGRSV/vera-vegetacao/main/fotos/Enecol-Centro/VER20260727092110326651780F3.jpg,,V20260727092110326651780
1769,V0605,Rota Guaraí,NORTE,AL,AL01037009,27/07/2026,09:22,Mangueira,913554,URBANO,12.5,115,Sim,300,300,0,-8.847985,-48.51128,3,https://raw.githubusercontent.com/LGRSV/vera-vegetacao/main/fotos/Enecol-Centro/VER20260727092211477537546F1.jpg,https://raw.githubusercontent.com/LGRSV/vera-vegetacao/main/fotos/Enecol-Centro/VER20260727092211477537546F2.jpg,https://raw.githubusercontent.com/LGRSV/vera-vegetacao/main/fotos/Enecol-Centro/VER20260727092211477537546F3.jpg,,V20260727092211477537546
1770,V0606,Rota Guaraí,NORTE,AL,AL01037009,27/07/2026,09:35,Mangueira,1394674,URBANO,12,140,Sim,300,100,0,-8.847095,-48.5111683,3,https://raw.githubusercontent.com/LGRSV/vera-vegetacao/main/fotos/Enecol-Centro/VER20260727093518533851514F1.jpg,https://raw.githubusercontent.com/LGRSV/vera-vegetacao/main/fotos/Enecol-Centro/VER20260727093518533851514F2.jpg,https://raw.githubusercontent.com/LGRSV/vera-vegetacao/main/fotos/Enecol-Centro/VER20260727093518533851514F3.jpg,,V20260727093518533851514
1771,V0607,Rota Guaraí,NORTE,AL,AL01037009,27/07/2026,09:36,Caja,1394674,URBANO,12,130,Sim,0,50,0,-8.8471367,-48.5113517,3,https://raw.githubusercontent.com/LGRSV/vera-vegetacao/main/fotos/Enecol-Centro/VER20260727093636956001912F1.jpg,https://raw.githubusercontent.com/LGRSV/vera-vegetacao/main/fotos/Enecol-Centro/VER20260727093636956001912F2.jpg,https://raw.githubusercontent.com/LGRSV/vera-vegetacao/main/fotos/Enecol-Centro/VER20260727093636956001912F3.jpg,,V20260727093636956001912
1772,V0608,Rota Guaraí,NORTE,AL,AL01037009,27/07/2026,09:37,Oiti,915146,URBANO,5,100,Sim,300,300,0,-8.8471967,-48.511485,3,https://raw.githubusercontent.com/LGRSV/vera-vegetacao/main/fotos/Enecol-Centro/VER20260727093748276870693F1.jpg,https://raw.githubusercontent.com/LGRSV/vera-vegetacao/main/fotos/Enecol-Centro/VER20260727093748276870693F2.jpg,https://raw.githubusercontent.com/LGRSV/vera-vegetacao/main/fotos/Enecol-Centro/VER20260727093748276870693F3.jpg,,V20260727093748276870693
1773,V0609,Rota Guaraí,NORTE,AL,AL01037009,27/07/2026,09:38,Oiti,915146,URBANO,5,100,Sim,300,300,0,-8.847185,-48.5115417,3,https://raw.githubusercontent.com/LGRSV/vera-vegetacao/main/fotos/Enecol-Centro/VER20260727093845025634285F1.jpg,https://raw.githubusercontent.com/LGRSV/vera-vegetacao/main/fotos/Enecol-Centro/VER20260727093845025634285F2.jpg,https://raw.githubusercontent.com/LGRSV/vera-vegetacao/main/fotos/Enecol-Centro/VER20260727093845025634285F3.jpg,,V20260727093845025634285
1774,V0610,Rota Guaraí,NORTE,AL,AL01037009,27/07/2026,09:39,Oiti,913804,URBANO,5,100,Sim,300,300,0,-8.8472367,-48.5115517,3,https://raw.githubusercontent.com/LGRSV/vera-vegetacao/main/fotos/Enecol-Centro/VER20260727093938256139516F1.jpg,https://raw.githubusercontent.com/LGRSV/vera-vegetacao/main/fotos/Enecol-Centro/VER20260727093938256139516F2.jpg,https://raw.githubusercontent.com/LGRSV/vera-vegetacao/main/fotos/Enecol-Centro/VER20260727093938256139516F3.jpg,,V20260727093938256139516
1775,V0611,Rota Guaraí,NORTE,AL,AL01037009,27/07/2026,09:53,Mogno,32948158,URBANO,9,90,Sim,50,300,0,-8.8457473,-48.5117287,3,https://raw.githubusercontent.com/LGRSV/vera-vegetacao/main/fotos/Enecol-Centro/VER20260727095354027260975F1.jpg,https://raw.githubusercontent.com/LGRSV/vera-vegetacao/main/fotos/Enecol-Centro/VER20260727095354027260975F2.jpg,https://raw.githubusercontent.com/LGRSV/vera-vegetacao/main/fotos/Enecol-Centro/VER20260727095354027260975F3.jpg,,V20260727095354027260975
1776,V0612,Rota Guaraí,NORTE,AL,AL01037009,27/07/2026,09:54,Mogno,32948158,URBANO,8.5,80,Sim,50,300,0,-8.8459058,-48.5117827,3,https://raw.githubusercontent.com/LGRSV/vera-vegetacao/main/fotos/Enecol-Centro/VER20260727095450448752163F1.jpg,https://raw.githubusercontent.com/LGRSV/vera-vegetacao/main/fotos/Enecol-Centro/VER20260727095450448752163F2.jpg,https://raw.githubusercontent.com/LGRSV/vera-vegetacao/main/fotos/Enecol-Centro/VER20260727095450448752163F3.jpg,,V20260727095450448752163
1777,V0613,Rota Guaraí,NORTE,AL,AL01037009,27/07/2026,10:06,Oiti,911660,URBANO,5.5,75,Sim,300,300,0,-8.8464156,-48.5137523,3,https://raw.githubusercontent.com/LGRSV/vera-vegetacao/main/fotos/Enecol-Centro/VER20260727100602528201978F1.jpg,https://raw.githubusercontent.com/LGRSV/vera-vegetacao/main/fotos/Enecol-Centro/VER20260727100602528201978F2.jpg,https://raw.githubusercontent.com/LGRSV/vera-vegetacao/main/fotos/Enecol-Centro/VER20260727100602528201978F3.jpg,,V20260727100602528201978
1778,V0614,Rota Guaraí,NORTE,AL,AL01037009,27/07/2026,10:07,Oiti,911396,URBANO,8,90,Sim,50,150,0,-8.845924,-48.5138511,3,https://raw.githubusercontent.com/LGRSV/vera-vegetacao/main/fotos/Enecol-Centro/VER20260727100742012164737F1.jpg,https://raw.githubusercontent.com/LGRSV/vera-vegetacao/main/fotos/Enecol-Centro/VER20260727100742012164737F2.jpg,https://raw.githubusercontent.com/LGRSV/vera-vegetacao/main/fotos/Enecol-Centro/VER20260727100742012164737F3.jpg,,V20260727100742012164737
1779,V0615,Rota Guaraí,NORTE,AL,AL01037009,27/07/2026,10:08,Mogno,911396,URBANO,9,90,Sim,50,300,0,-8.8458009,-48.5138241,3,https://raw.githubusercontent.com/LGRSV/vera-vegetacao/main/fotos/Enecol-Centro/VER20260727100839557081953F1.jpg,https://raw.githubusercontent.com/LGRSV/vera-vegetacao/main/fotos/Enecol-Centro/VER20260727100839557081953F2.jpg,https://raw.githubusercontent.com/LGRSV/vera-vegetacao/main/fotos/Enecol-Centro/VER20260727100839557081953F3.jpg,,V20260727100839557081953
1780,V0616,Rota Guaraí,NORTE,AL,AL01037009,27/07/2026,10:09,Cajueiro,911659,URBANO,11,130,Sim,300,50,0,-8.845645,-48.5138457,3,https://raw.githubusercontent.com/LGRSV/vera-vegetacao/main/fotos/Enecol-Centro/VER20260727100943685440774F1.jpg,https://raw.githubusercontent.com/LGRSV/vera-vegetacao/main/fotos/Enecol-Centro/VER20260727100943685440774F2.jpg,https://raw.githubusercontent.com/LGRSV/vera-vegetacao/main/fotos/Enecol-Centro/VER20260727100943685440774F3.jpg,,V20260727100943685440774
1781,V0617,Rota Guaraí,NORTE,AL,AL01037009,27/07/2026,10:11,Mogno,911658,URBANO,8,75,Sim,100,300,0,-8.8454803,-48.513898,3,https://raw.githubusercontent.com/LGRSV/vera-vegetacao/main/fotos/Enecol-Centro/VER20260727101117206088921F1.jpg,https://raw.githubusercontent.com/LGRSV/vera-vegetacao/main/fotos/Enecol-Centro/VER20260727101117206088921F2.jpg,https://raw.githubusercontent.com/LGRSV/vera-vegetacao/main/fotos/Enecol-Centro/VER20260727101117206088921F3.jpg,,V20260727101117206088921
1782,V0618,Rota Guaraí,NORTE,AL,AL01037009,27/07/2026,10:15,Oiti,1774412,URBANO,7,80,Sim,50,300,0,-8.8446767,-48.5139368,3,https://raw.githubusercontent.com/LGRSV/vera-vegetacao/main/fotos/Enecol-Centro/VER20260727101536517018121F1.jpg,https://raw.githubusercontent.com/LGRSV/vera-vegetacao/main/fotos/Enecol-Centro/VER20260727101536517018121F2.jpg,https://raw.githubusercontent.com/LGRSV/vera-vegetacao/main/fotos/Enecol-Centro/VER20260727101536517018121F3.jpg,,V20260727101536517018121
1783,V0619,Rota Guaraí,NORTE,AL,AL01037009,27/07/2026,10:18,Oiti,912469,URBANO,2.5,30,Sim,300,300,0,-8.8436154,-48.5139964,3,https://raw.githubusercontent.com/LGRSV/vera-vegetacao/main/fotos/Enecol-Centro/VER20260727101841978131767F1.jpg,https://raw.githubusercontent.com/LGRSV/vera-vegetacao/main/fotos/Enecol-Centro/VER20260727101841978131767F2.jpg,https://raw.githubusercontent.com/LGRSV/vera-vegetacao/main/fotos/Enecol-Centro/VER20260727101841978131767F3.jpg,,V20260727101841978131767
1784,V0620,Rota Guaraí,NORTE,AL,AL01037009,27/07/2026,10:20,Oiti,912468,URBANO,9,80,Sim,250,300,0,-8.8431987,-48.5139979,3,https://raw.githubusercontent.com/LGRSV/vera-vegetacao/main/fotos/Enecol-Centro/VER20260727102002945952034F1.jpg,https://raw.githubusercontent.com/LGRSV/vera-vegetacao/main/fotos/Enecol-Centro/VER20260727102002945952034F2.jpg,https://raw.githubusercontent.com/LGRSV/vera-vegetacao/main/fotos/Enecol-Centro/VER20260727102002945952034F3.jpg,,V20260727102002945952034
1785,V0621,Rota Guaraí,NORTE,AL,AL01037009,27/07/2026,10:21,Mogno,912467,URBANO,12,105,Sim,0,0,0,-8.8429086,-48.5140676,3,https://raw.githubusercontent.com/LGRSV/vera-vegetacao/main/fotos/Enecol-Centro/VER20260727102123561686807F1.jpg,https://raw.githubusercontent.com/LGRSV/vera-vegetacao/main/fotos/Enecol-Centro/VER20260727102123561686807F2.jpg,https://raw.githubusercontent.com/LGRSV/vera-vegetacao/main/fotos/Enecol-Centro/VER20260727102123561686807F3.jpg,,V20260727102123561686807
1786,V0622,Rota Guaraí,NORTE,AL,AL01037009,27/07/2026,10:22,Mogno,912467,URBANO,12,75,Sim,100,50,0,-8.8427757,-48.5140676,3,https://raw.githubusercontent.com/LGRSV/vera-vegetacao/main/fotos/Enecol-Centro/VER20260727102238014770957F1.jpg,https://raw.githubusercontent.com/LGRSV/vera-vegetacao/main/fotos/Enecol-Centro/VER20260727102238014770957F2.jpg,https://raw.githubusercontent.com/LGRSV/vera-vegetacao/main/fotos/Enecol-Centro/VER20260727102238014770957F3.jpg,,V20260727102238014770957
1787,V0623,Rota Guaraí,NORTE,AL,AL01037009,27/07/2026,10:24,Oiti,912464,URBANO,6.5,65,Sim,300,300,0,-8.8426795,-48.5140859,3,https://raw.githubusercontent.com/LGRSV/vera-vegetacao/main/fotos/Enecol-Centro/VER20260727102409609100543F1.jpg,https://raw.githubusercontent.com/LGRSV/vera-vegetacao/main/fotos/Enecol-Centro/VER20260727102409609100543F2.jpg,https://raw.githubusercontent.com/LGRSV/vera-vegetacao/main/fotos/Enecol-Centro/VER20260727102409609100543F3.jpg,,V20260727102409609100543
1788,V0624,Rota Guaraí,NORTE,AL,AL01037009,27/07/2026,10:34,Mangueira,911655,URBANO,7,90,Sim,50,300,0,-8.8416548,-48.5141568,3,https://raw.githubusercontent.com/LGRSV/vera-vegetacao/main/fotos/Enecol-Centro/VER20260727103453785613636F1.jpg,https://raw.githubusercontent.com/LGRSV/vera-vegetacao/main/fotos/Enecol-Centro/VER20260727103453785613636F2.jpg,https://raw.githubusercontent.com/LGRSV/vera-vegetacao/main/fotos/Enecol-Centro/VER20260727103453785613636F3.jpg,,V20260727103453785613636
1789,V0625,Rota Guaraí,NORTE,AL,AL01037009,27/07/2026,10:38,Oiti,912957,URBANO,5.5,70,Sim,300,300,0,-8.839987,-48.5143041,3,https://raw.githubusercontent.com/LGRSV/vera-vegetacao/main/fotos/Enecol-Centro/VER20260727103801643655302F1.jpg,https://raw.githubusercontent.com/LGRSV/vera-vegetacao/main/fotos/Enecol-Centro/VER20260727103801643655302F2.jpg,https://raw.githubusercontent.com/LGRSV/vera-vegetacao/main/fotos/Enecol-Centro/VER20260727103801643655302F3.jpg,,V20260727103801643655302
1790,V0626,Rota Guaraí,NORTE,AL,AL01037009,27/07/2026,10:38,Oiti,912957,URBANO,5,60,Sim,300,300,0,-8.840063,-48.5142578,3,https://raw.githubusercontent.com/LGRSV/vera-vegetacao/main/fotos/Enecol-Centro/VER20260727103855268100419F1.jpg,https://raw.githubusercontent.com/LGRSV/vera-vegetacao/main/fotos/Enecol-Centro/VER20260727103855268100419F2.jpg,https://raw.githubusercontent.com/LGRSV/vera-vegetacao/main/fotos/Enecol-Centro/VER20260727103855268100419F3.jpg,,V20260727103855268100419
1791,V0627,Rota Guaraí,NORTE,AL,AL01037009,27/07/2026,10:39,Oiti,912455,URBANO,5,70,Sim,300,300,0,-8.8400606,-48.5143257,3,https://raw.githubusercontent.com/LGRSV/vera-vegetacao/main/fotos/Enecol-Centro/VER20260727103945807245791F1.jpg,https://raw.githubusercontent.com/LGRSV/vera-vegetacao/main/fotos/Enecol-Centro/VER20260727103945807245791F2.jpg,https://raw.githubusercontent.com/LGRSV/vera-vegetacao/main/fotos/Enecol-Centro/VER20260727103945807245791F3.jpg,,V20260727103945807245791
1792,V0628,Rota Guaraí,NORTE,AL,AL01037009,27/07/2026,10:40,Oiti,912455,URBANO,6.5,80,Sim,100,300,0,-8.8401357,-48.5142887,3,https://raw.githubusercontent.com/LGRSV/vera-vegetacao/main/fotos/Enecol-Centro/VER20260727104038830569405F1.jpg,https://raw.githubusercontent.com/LGRSV/vera-vegetacao/main/fotos/Enecol-Centro/VER20260727104038830569405F2.jpg,https://raw.githubusercontent.com/LGRSV/vera-vegetacao/main/fotos/Enecol-Centro/VER20260727104038830569405F3.jpg,,V20260727104038830569405
1793,V0629,Rota Guaraí,NORTE,AL,AL01037009,27/07/2026,10:41,Oiti,912455,URBANO,6.5,50,Sim,100,300,0,-8.8401867,-48.5143221,3,https://raw.githubusercontent.com/LGRSV/vera-vegetacao/main/fotos/Enecol-Centro/VER20260727104130542426673F1.jpg,https://raw.githubusercontent.com/LGRSV/vera-vegetacao/main/fotos/Enecol-Centro/VER20260727104130542426673F2.jpg,https://raw.githubusercontent.com/LGRSV/vera-vegetacao/main/fotos/Enecol-Centro/VER20260727104130542426673F3.jpg,,V20260727104130542426673
1794,V0630,Rota Guaraí,NORTE,AL,AL01037009,27/07/2026,10:42,Outros,912455,URBANO,6,80,Sim,150,300,0,-8.840189,-48.5143213,3,https://raw.githubusercontent.com/LGRSV/vera-vegetacao/main/fotos/Enecol-Centro/VER20260727104223438938031F1.jpg,https://raw.githubusercontent.com/LGRSV/vera-vegetacao/main/fotos/Enecol-Centro/VER20260727104223438938031F2.jpg,https://raw.githubusercontent.com/LGRSV/vera-vegetacao/main/fotos/Enecol-Centro/VER20260727104223438938031F3.jpg,,V20260727104223438938031
1795,V0631,Rota Guaraí,NORTE,AL,AL01037009,27/07/2026,10:43,Outros,912455,URBANO,6.5,70,Sim,100,300,0,-8.8402417,-48.5143382,3,https://raw.githubusercontent.com/LGRSV/vera-vegetacao/main/fotos/Enecol-Centro/VER20260727104319354779311F1.jpg,https://raw.githubusercontent.com/LGRSV/vera-vegetacao/main/fotos/Enecol-Centro/VER20260727104319354779311F2.jpg,https://raw.githubusercontent.com/LGRSV/vera-vegetacao/main/fotos/Enecol-Centro/VER20260727104319354779311F3.jpg,,V20260727104319354779311
1796,V0632,Rota Guaraí,NORTE,AL,AL01037009,27/07/2026,10:44,Outros,912455,URBANO,8.5,100,Sim,0,50,0,-8.8403187,-48.5142932,3,https://raw.githubusercontent.com/LGRSV/vera-vegetacao/main/fotos/Enecol-Centro/VER20260727104417682529058F1.jpg,https://raw.githubusercontent.com/LGRSV/vera-vegetacao/main/fotos/Enecol-Centro/VER20260727104417682529058F2.jpg,https://raw.githubusercontent.com/LGRSV/vera-vegetacao/main/fotos/Enecol-Centro/VER20260727104417682529058F3.jpg,,V20260727104417682529058
1797,V0633,Rota Guaraí,NORTE,AL,AL01037009,27/07/2026,10:45,Outros,912455,URBANO,6.5,90,Sim,50,300,0,-8.8404657,-48.5141624,3,https://raw.githubusercontent.com/LGRSV/vera-vegetacao/main/fotos/Enecol-Centro/VER20260727104532012161098F1.jpg,https://raw.githubusercontent.com/LGRSV/vera-vegetacao/main/fotos/Enecol-Centro/VER20260727104532012161098F2.jpg,https://raw.githubusercontent.com/LGRSV/vera-vegetacao/main/fotos/Enecol-Centro/VER20260727104532012161098F3.jpg,,V20260727104532012161098
1798,V0634,Rota Guaraí,NORTE,AL,AL01037009,27/07/2026,10:46,Outros,912457,URBANO,3,45,Sim,300,300,0,-8.8405002,-48.5142172,3,https://raw.githubusercontent.com/LGRSV/vera-vegetacao/main/fotos/Enecol-Centro/VER20260727104626574382633F1.jpg,https://raw.githubusercontent.com/LGRSV/vera-vegetacao/main/fotos/Enecol-Centro/VER20260727104626574382633F2.jpg,https://raw.githubusercontent.com/LGRSV/vera-vegetacao/main/fotos/Enecol-Centro/VER20260727104626574382633F3.jpg,,V20260727104626574382633
1799,V0635,Rota Guaraí,NORTE,AL,AL01037009,27/07/2026,10:47,Outros,912457,URBANO,3,45,Sim,300,300,0,-8.84063,-48.5142412,3,https://raw.githubusercontent.com/LGRSV/vera-vegetacao/main/fotos/Enecol-Centro/VER20260727104740023098368F1.jpg,https://raw.githubusercontent.com/LGRSV/vera-vegetacao/main/fotos/Enecol-Centro/VER20260727104740023098368F2.jpg,https://raw.githubusercontent.com/LGRSV/vera-vegetacao/main/fotos/Enecol-Centro/VER20260727104740023098368F3.jpg,,V20260727104740023098368
1800,V0636,Rota Guaraí,NORTE,AL,AL01037009,27/07/2026,10:48,Outros,912457,URBANO,3,50,Sim,300,300,0,-8.8406024,-48.5142729,3,https://raw.githubusercontent.com/LGRSV/vera-vegetacao/main/fotos/Enecol-Centro/VER20260727104844374432431F1.jpg,https://raw.githubusercontent.com/LGRSV/vera-vegetacao/main/fotos/Enecol-Centro/VER20260727104844374432431F2.jpg,https://raw.githubusercontent.com/LGRSV/vera-vegetacao/main/fotos/Enecol-Centro/VER20260727104844374432431F3.jpg,,V20260727104844374432431
1801,V0637,Rota Guaraí,NORTE,AL,AL01038009,27/07/2026,14:34,Goiaba,911452,URBANO,8,70,Sim,100,300,0,-8.827215,-48.5125467,3,https://raw.githubusercontent.com/LGRSV/vera-vegetacao/main/fotos/Enecol-Centro/VER20260727143459804666575F1.jpg,https://raw.githubusercontent.com/LGRSV/vera-vegetacao/main/fotos/Enecol-Centro/VER20260727143459804666575F2.jpg,https://raw.githubusercontent.com/LGRSV/vera-vegetacao/main/fotos/Enecol-Centro/VER20260727143459804666575F3.jpg,,V20260727143459804666575
1802,V0638,Rota Guaraí,NORTE,AL,AL01038009,27/07/2026,14:36,Mangueira,91699,URBANO,10.5,130,Sim,,50,0,-8.8269483,-48.5124517,3,https://raw.githubusercontent.com/LGRSV/vera-vegetacao/main/fotos/Enecol-Centro/VER20260727143655091699078F1.jpg,https://raw.githubusercontent.com/LGRSV/vera-vegetacao/main/fotos/Enecol-Centro/VER20260727143655091699078F2.jpg,https://raw.githubusercontent.com/LGRSV/vera-vegetacao/main/fotos/Enecol-Centro/VER20260727143655091699078F3.jpg,,V20260727143655091699078
1803,V0639,Rota Guaraí,NORTE,AL,AL01038009,27/07/2026,14:40,Outros,126988,URBANO,6,70,Sim,300,300,0,-8.8280857,-48.5126034,3,https://raw.githubusercontent.com/LGRSV/vera-vegetacao/main/fotos/Enecol-Centro/VER20260727144001792140192F1.jpg,https://raw.githubusercontent.com/LGRSV/vera-vegetacao/main/fotos/Enecol-Centro/VER20260727144001792140192F2.jpg,https://raw.githubusercontent.com/LGRSV/vera-vegetacao/main/fotos/Enecol-Centro/VER20260727144001792140192F3.jpg,,V20260727144001792140192
1804,V0640,Rota Guaraí,NORTE,AL,AL01038009,27/07/2026,14:41,Mangueira,913781,URBANO,9.5,90,Sim,0,150,0,-8.8284357,-48.5125335,3,https://raw.githubusercontent.com/LGRSV/vera-vegetacao/main/fotos/Enecol-Centro/VER20260727144146667013944F1.jpg,https://raw.githubusercontent.com/LGRSV/vera-vegetacao/main/fotos/Enecol-Centro/VER20260727144146667013944F2.jpg,https://raw.githubusercontent.com/LGRSV/vera-vegetacao/main/fotos/Enecol-Centro/VER20260727144146667013944F3.jpg,,V20260727144146667013944
1805,V0641,Rota Guaraí,NORTE,AL,AL01037009,27/07/2026,15:06,Coqueiro,913490,URBANO,10,60,Sim,100,50,0,-8.84236,-48.5116787,3,https://raw.githubusercontent.com/LGRSV/vera-vegetacao/main/fotos/Enecol-Centro/VER20260727150643618315629F1.jpg,https://raw.githubusercontent.com/LGRSV/vera-vegetacao/main/fotos/Enecol-Centro/VER20260727150643618315629F2.jpg,https://raw.githubusercontent.com/LGRSV/vera-vegetacao/main/fotos/Enecol-Centro/VER20260727150643618315629F3.jpg,,V20260727150643618315629
1806,V0642,Rota Guaraí,NORTE,AL,AL01037009,27/07/2026,15:07,Coqueiro,912454,URBANO,7,60,Sim,50,300,0,-8.8424703,-48.5115815,3,https://raw.githubusercontent.com/LGRSV/vera-vegetacao/main/fotos/Enecol-Centro/VER20260727150750586105808F1.jpg,https://raw.githubusercontent.com/LGRSV/vera-vegetacao/main/fotos/Enecol-Centro/VER20260727150750586105808F2.jpg,https://raw.githubusercontent.com/LGRSV/vera-vegetacao/main/fotos/Enecol-Centro/VER20260727150750586105808F3.jpg,,V20260727150750586105808
1807,V0643,Rota Guaraí,NORTE,AL,AL01037009,27/07/2026,15:08,Coqueiro,913490,URBANO,7.5,40,Sim,300,300,0,-8.8425125,-48.5115903,3,https://raw.githubusercontent.com/LGRSV/vera-vegetacao/main/fotos/Enecol-Centro/VER20260727150855607165837F1.jpg,https://raw.githubusercontent.com/LGRSV/vera-vegetacao/main/fotos/Enecol-Centro/VER20260727150855607165837F2.jpg,https://raw.githubusercontent.com/LGRSV/vera-vegetacao/main/fotos/Enecol-Centro/VER20260727150855607165837F3.jpg,,V20260727150855607165837
1808,V0644,Rota Guaraí,NORTE,AL,AL01037009,27/07/2026,15:10,Mangueira,913490,URBANO,9,130,Sim,150,300,0,-8.8426118,-48.5115486,3,https://raw.githubusercontent.com/LGRSV/vera-vegetacao/main/fotos/Enecol-Centro/VER20260727151007645976774F1.jpg,https://raw.githubusercontent.com/LGRSV/vera-vegetacao/main/fotos/Enecol-Centro/VER20260727151007645976774F2.jpg,https://raw.githubusercontent.com/LGRSV/vera-vegetacao/main/fotos/Enecol-Centro/VER20260727151007645976774F3.jpg,,V20260727151007645976774
1809,V0645,Rota Guaraí,NORTE,AL,AL01037009,27/07/2026,15:11,Coqueiro,913490,URBANO,7,60,Sim,100,150,0,-8.8426941,-48.5115313,3,https://raw.githubusercontent.com/LGRSV/vera-vegetacao/main/fotos/Enecol-Centro/VER20260727151120273323789F1.jpg,https://raw.githubusercontent.com/LGRSV/vera-vegetacao/main/fotos/Enecol-Centro/VER20260727151120273323789F2.jpg,https://raw.githubusercontent.com/LGRSV/vera-vegetacao/main/fotos/Enecol-Centro/VER20260727151120273323789F3.jpg,,V20260727151120273323789
1810,V0646,Rota Guaraí,NORTE,AL,AL01037009,27/07/2026,15:12,Coqueiro,913490,URBANO,7,60,Sim,50,200,0,-8.8427572,-48.5115434,3,https://raw.githubusercontent.com/LGRSV/vera-vegetacao/main/fotos/Enecol-Centro/VER20260727151235727771845F1.jpg,https://raw.githubusercontent.com/LGRSV/vera-vegetacao/main/fotos/Enecol-Centro/VER20260727151235727771845F2.jpg,https://raw.githubusercontent.com/LGRSV/vera-vegetacao/main/fotos/Enecol-Centro/VER20260727151235727771845F3.jpg,,V20260727151235727771845
1811,V0647,Rota Guaraí,NORTE,AL,AL01037009,27/07/2026,15:13,Coqueiro,913490,URBANO,10,80,Sim,300,50,0,-8.8428537,-48.5115182,3,https://raw.githubusercontent.com/LGRSV/vera-vegetacao/main/fotos/Enecol-Centro/VER20260727151357289100164F1.jpg,https://raw.githubusercontent.com/LGRSV/vera-vegetacao/main/fotos/Enecol-Centro/VER20260727151357289100164F2.jpg,https://raw.githubusercontent.com/LGRSV/vera-vegetacao/main/fotos/Enecol-Centro/VER20260727151357289100164F3.jpg,,V20260727151357289100164
1812,V0648,Rota Guaraí,NORTE,AL,AL01037009,27/07/2026,15:14,Mangueira,913728,URBANO,12,140,Sim,300,100,0,-8.842842,-48.5115107,3,https://raw.githubusercontent.com/LGRSV/vera-vegetacao/main/fotos/Enecol-Centro/VER20260727151458676167642F1.jpg,https://raw.githubusercontent.com/LGRSV/vera-vegetacao/main/fotos/Enecol-Centro/VER20260727151458676167642F2.jpg,https://raw.githubusercontent.com/LGRSV/vera-vegetacao/main/fotos/Enecol-Centro/VER20260727151458676167642F3.jpg,,V20260727151458676167642
1813,V0649,Rota Guaraí,NORTE,AL,AL01037009,27/07/2026,15:16,Coqueiro,913728,URBANO,8,70,Sim,100,300,0,-8.8429934,-48.5115101,3,https://raw.githubusercontent.com/LGRSV/vera-vegetacao/main/fotos/Enecol-Centro/VER20260727151613561428602F1.jpg,https://raw.githubusercontent.com/LGRSV/vera-vegetacao/main/fotos/Enecol-Centro/VER20260727151613561428602F2.jpg,https://raw.githubusercontent.com/LGRSV/vera-vegetacao/main/fotos/Enecol-Centro/VER20260727151613561428602F3.jpg,,V20260727151613561428602
1814,V0650,Rota Guaraí,NORTE,AL,AL01037009,27/07/2026,15:17,Mangueira,913728,URBANO,11,150,Sim,150,200,0,-8.8431768,-48.5114727,3,https://raw.githubusercontent.com/LGRSV/vera-vegetacao/main/fotos/Enecol-Centro/VER20260727151744756010933F1.jpg,https://raw.githubusercontent.com/LGRSV/vera-vegetacao/main/fotos/Enecol-Centro/VER20260727151744756010933F2.jpg,https://raw.githubusercontent.com/LGRSV/vera-vegetacao/main/fotos/Enecol-Centro/VER20260727151744756010933F3.jpg,,V20260727151744756010933
1815,V0651,Rota Guaraí,NORTE,AL,AL01037009,27/07/2026,15:18,Coqueiro,913729,URBANO,10,80,Sim,200,0,0,-8.8431672,-48.5114048,3,https://raw.githubusercontent.com/LGRSV/vera-vegetacao/main/fotos/Enecol-Centro/VER20260727151859168396394F1.jpg,https://raw.githubusercontent.com/LGRSV/vera-vegetacao/main/fotos/Enecol-Centro/VER20260727151859168396394F2.jpg,https://raw.githubusercontent.com/LGRSV/vera-vegetacao/main/fotos/Enecol-Centro/VER20260727151859168396394F3.jpg,,V20260727151859168396394
1816,V0652,Rota Guaraí,NORTE,AL,AL01037009,27/07/2026,15:20,Coqueiro,913729,URBANO,10,80,Sim,250,300,0,-8.843245,-48.5114351,3,https://raw.githubusercontent.com/LGRSV/vera-vegetacao/main/fotos/Enecol-Centro/VER20260727152017313824149F1.jpg,https://raw.githubusercontent.com/LGRSV/vera-vegetacao/main/fotos/Enecol-Centro/VER20260727152017313824149F2.jpg,https://raw.githubusercontent.com/LGRSV/vera-vegetacao/main/fotos/Enecol-Centro/VER20260727152017313824149F3.jpg,,V20260727152017313824149
1817,V0653,Rota Guaraí,NORTE,AL,AL01037009,27/07/2026,15:21,Coqueiro,913729,URBANO,10,75,Sim,250,50,0,-8.8433951,-48.5113873,3,https://raw.githubusercontent.com/LGRSV/vera-vegetacao/main/fotos/Enecol-Centro/VER20260727152129976665545F1.jpg,https://raw.githubusercontent.com/LGRSV/vera-vegetacao/main/fotos/Enecol-Centro/VER20260727152129976665545F2.jpg,https://raw.githubusercontent.com/LGRSV/vera-vegetacao/main/fotos/Enecol-Centro/VER20260727152129976665545F3.jpg,,V20260727152129976665545
1818,V0654,Rota Guaraí,NORTE,AL,AL01037009,27/07/2026,15:22,Coqueiro,913729,URBANO,10,70,Sim,250,300,0,-8.8434625,-48.5113899,3,https://raw.githubusercontent.com/LGRSV/vera-vegetacao/main/fotos/Enecol-Centro/VER20260727152240622778798F1.jpg,https://raw.githubusercontent.com/LGRSV/vera-vegetacao/main/fotos/Enecol-Centro/VER20260727152240622778798F2.jpg,https://raw.githubusercontent.com/LGRSV/vera-vegetacao/main/fotos/Enecol-Centro/VER20260727152240622778798F3.jpg,,V20260727152240622778798
1819,V0655,Rota Guaraí,NORTE,AL,AL01037009,27/07/2026,15:25,Coqueiro,913730,URBANO,10,65,Sim,200,100,0,-8.8429851,-48.5115238,3,https://raw.githubusercontent.com/LGRSV/vera-vegetacao/main/fotos/Enecol-Centro/VER20260727152546227903097F1.jpg,https://raw.githubusercontent.com/LGRSV/vera-vegetacao/main/fotos/Enecol-Centro/VER20260727152546227903097F2.jpg,https://raw.githubusercontent.com/LGRSV/vera-vegetacao/main/fotos/Enecol-Centro/VER20260727152546227903097F3.jpg,,V20260727152546227903097
1820,V0656,Rota Guaraí,NORTE,AL,AL01037009,27/07/2026,15:42,Outros,913571,URBANO,11,110,Sim,0,100,0,-8.8465786,-48.5107238,3,https://raw.githubusercontent.com/LGRSV/vera-vegetacao/main/fotos/Enecol-Centro/VER20260727154204048890314F1.jpg,https://raw.githubusercontent.com/LGRSV/vera-vegetacao/main/fotos/Enecol-Centro/VER20260727154204048890314F2.jpg,https://raw.githubusercontent.com/LGRSV/vera-vegetacao/main/fotos/Enecol-Centro/VER20260727154204048890314F3.jpg,,V20260727154204048890314
1821,V0657,Rota Guaraí,NORTE,AL,AL01037009,27/07/2026,15:43,Mangueira,,URBANO,10,120,Sim,,50,0,-8.8465383,-48.5105083,3,https://raw.githubusercontent.com/LGRSV/vera-vegetacao/main/fotos/Enecol-Centro/VER20260727154333509373843F1.jpg,https://raw.githubusercontent.com/LGRSV/vera-vegetacao/main/fotos/Enecol-Centro/VER20260727154333509373843F2.jpg,https://raw.githubusercontent.com/LGRSV/vera-vegetacao/main/fotos/Enecol-Centro/VER20260727154333509373843F3.jpg,,V20260727154333509373843
1822,V0658,Rota Guaraí,NORTE,AL,AL01037009,27/07/2026,15:44,Mangueira,913568,URBANO,15,150,Sim,,150,0,-8.8465367,-48.510495,3,https://raw.githubusercontent.com/LGRSV/vera-vegetacao/main/fotos/Enecol-Centro/VER20260727154438706473327F1.jpg,https://raw.githubusercontent.com/LGRSV/vera-vegetacao/main/fotos/Enecol-Centro/VER20260727154438706473327F2.jpg,https://raw.githubusercontent.com/LGRSV/vera-vegetacao/main/fotos/Enecol-Centro/VER20260727154438706473327F3.jpg,,V20260727154438706473327
1823,V0659,Rota Guaraí,NORTE,AL,AL02037009,27/07/2026,16:01,Mangueira,1776351,URBANO,11,130,Sim,,50,0,-8.8465227,-48.5102666,3,https://raw.githubusercontent.com/LGRSV/vera-vegetacao/main/fotos/Enecol-Centro/VER20260727160137290723507F1.jpg,https://raw.githubusercontent.com/LGRSV/vera-vegetacao/main/fotos/Enecol-Centro/VER20260727160137290723507F2.jpg,https://raw.githubusercontent.com/LGRSV/vera-vegetacao/main/fotos/Enecol-Centro/VER20260727160137290723507F3.jpg,,V20260727160137290723507
1824,V0660,Rota Guaraí,NORTE,AL,AL01037009,27/07/2026,16:04,Outros,913301,URBANO,17,150,Sim,300,50,0,-8.8462963,-48.5097654,3,https://raw.githubusercontent.com/LGRSV/vera-vegetacao/main/fotos/Enecol-Centro/VER20260727160403055806286F1.jpg,https://raw.githubusercontent.com/LGRSV/vera-vegetacao/main/fotos/Enecol-Centro/VER20260727160403055806286F2.jpg,https://raw.githubusercontent.com/LGRSV/vera-vegetacao/main/fotos/Enecol-Centro/VER20260727160403055806286F3.jpg,,V20260727160403055806286
1825,V0661,Rota Guaraí,NORTE,AL,AL01037009,27/07/2026,16:05,Mangueira,913301,URBANO,9,90,Sim,150,300,0,-8.8462465,-48.5096655,3,https://raw.githubusercontent.com/LGRSV/vera-vegetacao/main/fotos/Enecol-Centro/VER20260727160502444238996F1.jpg,https://raw.githubusercontent.com/LGRSV/vera-vegetacao/main/fotos/Enecol-Centro/VER20260727160502444238996F2.jpg,https://raw.githubusercontent.com/LGRSV/vera-vegetacao/main/fotos/Enecol-Centro/VER20260727160502444238996F3.jpg,,V20260727160502444238996
1826,V0662,Rota Guaraí,NORTE,AL,AL02037009,27/07/2026,16:27,Mangueira,913198,URBANO,14,140,Sim,,200,0,-8.8356383,-48.5117117,3,https://raw.githubusercontent.com/LGRSV/vera-vegetacao/main/fotos/Enecol-Centro/VER20260727162721171889645F1.jpg,https://raw.githubusercontent.com/LGRSV/vera-vegetacao/main/fotos/Enecol-Centro/VER20260727162721171889645F2.jpg,https://raw.githubusercontent.com/LGRSV/vera-vegetacao/main/fotos/Enecol-Centro/VER20260727162721171889645F3.jpg,,V20260727162721171889645
1827,V0663,Rota Guaraí,NORTE,AL,AL02037009,27/07/2026,16:28,Mangueira,913197,URBANO,13,115,Sim,50,200,0,-8.8359967,-48.5117583,3,https://raw.githubusercontent.com/LGRSV/vera-vegetacao/main/fotos/Enecol-Centro/VER20260727162850692016841F1.jpg,https://raw.githubusercontent.com/LGRSV/vera-vegetacao/main/fotos/Enecol-Centro/VER20260727162850692016841F2.jpg,https://raw.githubusercontent.com/LGRSV/vera-vegetacao/main/fotos/Enecol-Centro/VER20260727162850692016841F3.jpg,,V20260727162850692016841
1828,V0664,Rota Guaraí,NORTE,AL,AL02037009,27/07/2026,16:30,Mangueira,913195,URBANO,13,120,Sim,300,50,0,-8.83623,-48.5117283,3,https://raw.githubusercontent.com/LGRSV/vera-vegetacao/main/fotos/Enecol-Centro/VER20260727163015247899675F1.jpg,https://raw.githubusercontent.com/LGRSV/vera-vegetacao/main/fotos/Enecol-Centro/VER20260727163015247899675F2.jpg,https://raw.githubusercontent.com/LGRSV/vera-vegetacao/main/fotos/Enecol-Centro/VER20260727163015247899675F3.jpg,,V20260727163015247899675
1829,V0665,Rota Guaraí,NORTE,AL,AL01038009,27/07/2026,16:41,Cajueiro,1774648,URBANO,8,90,Sim,150,300,0,-8.8268053,-48.511327,3,https://raw.githubusercontent.com/LGRSV/vera-vegetacao/main/fotos/Enecol-Centro/VER20260727164115667320971F1.jpg,https://raw.githubusercontent.com/LGRSV/vera-vegetacao/main/fotos/Enecol-Centro/VER20260727164115667320971F2.jpg,https://raw.githubusercontent.com/LGRSV/vera-vegetacao/main/fotos/Enecol-Centro/VER20260727164115667320971F3.jpg,,V20260727164115667320971
1830,V0666,Rota Guaraí,NORTE,AL,AL01038009,27/07/2026,16:57,Coqueiro,910943,URBANO,10,70,Sim,0,50,0,-8.8264496,-48.5097245,3,https://raw.githubusercontent.com/LGRSV/vera-vegetacao/main/fotos/Enecol-Centro/VER20260727165718058224824F1.jpg,https://raw.githubusercontent.com/LGRSV/vera-vegetacao/main/fotos/Enecol-Centro/VER20260727165718058224824F2.jpg,https://raw.githubusercontent.com/LGRSV/vera-vegetacao/main/fotos/Enecol-Centro/VER20260727165718058224824F3.jpg,,V20260727165718058224824
1831,V0667,Rota Guaraí,NORTE,AL,AL01038009,27/07/2026,16:58,Cajueiro,910944,URBANO,9.5,80,Sim,300,300,0,-8.8262672,-48.5094611,3,https://raw.githubusercontent.com/LGRSV/vera-vegetacao/main/fotos/Enecol-Centro/VER20260727165817690800056F1.jpg,https://raw.githubusercontent.com/LGRSV/vera-vegetacao/main/fotos/Enecol-Centro/VER20260727165817690800056F2.jpg,https://raw.githubusercontent.com/LGRSV/vera-vegetacao/main/fotos/Enecol-Centro/VER20260727165817690800056F3.jpg,,V20260727165817690800056
1832,V0668,Rota Guaraí,NORTE,AL,AL01038009,27/07/2026,17:06,Mangueira,911759,URBANO,11,100,Sim,0,150,0,-8.8255135,-48.5075585,3,https://raw.githubusercontent.com/LGRSV/vera-vegetacao/main/fotos/Enecol-Centro/VER20260727170656841536099F1.jpg,https://raw.githubusercontent.com/LGRSV/vera-vegetacao/main/fotos/Enecol-Centro/VER20260727170656841536099F2.jpg,https://raw.githubusercontent.com/LGRSV/vera-vegetacao/main/fotos/Enecol-Centro/VER20260727170656841536099F3.jpg,,V20260727170656841536099
1833,V0669,Rota Guaraí,NORTE,AL,AL01038009,27/07/2026,17:09,Mangueira,55431314,URBANO,11,130,Sim,100,200,0,-8.8264505,-48.5072225,3,https://raw.githubusercontent.com/LGRSV/vera-vegetacao/main/fotos/Enecol-Centro/VER20260727170958694739717F1.jpg,https://raw.githubusercontent.com/LGRSV/vera-vegetacao/main/fotos/Enecol-Centro/VER20260727170958694739717F2.jpg,https://raw.githubusercontent.com/LGRSV/vera-vegetacao/main/fotos/Enecol-Centro/VER20260727170958694739717F3.jpg,,V20260727170958694739717
1834,V0670,Rota Guaraí,NORTE,AL,AL01038009,28/07/2026,09:20,Mangueira,911761,URBANO,8,90,Sim,0,250,0,-8.8247567,-48.50784,3,https://raw.githubusercontent.com/LGRSV/vera-vegetacao/main/fotos/Enecol-Centro/VER20260728092041853963878F1.jpg,https://raw.githubusercontent.com/LGRSV/vera-vegetacao/main/fotos/Enecol-Centro/VER20260728092041853963878F2.jpg,https://raw.githubusercontent.com/LGRSV/vera-vegetacao/main/fotos/Enecol-Centro/VER20260728092041853963878F3.jpg,,V20260728092041853963878
1835,V0671,Rota Guaraí,NORTE,AL,AL01038009,28/07/2026,09:21,Goiaba,911761,URBANO,8,90,Sim,150,300,0,-8.8248383,-48.507845,3,https://raw.githubusercontent.com/LGRSV/vera-vegetacao/main/fotos/Enecol-Centro/VER20260728092159571390821F1.jpg,https://raw.githubusercontent.com/LGRSV/vera-vegetacao/main/fotos/Enecol-Centro/VER20260728092159571390821F2.jpg,https://raw.githubusercontent.com/LGRSV/vera-vegetacao/main/fotos/Enecol-Centro/VER20260728092159571390821F3.jpg,,V20260728092159571390821
1836,V0672,Rota Guaraí,NORTE,AL,AL01038009,28/07/2026,09:23,Babaçu,911761,URBANO,10,90,Sim,300,50,0,-8.8248883,-48.507805,3,https://raw.githubusercontent.com/LGRSV/vera-vegetacao/main/fotos/Enecol-Centro/VER20260728092303184577868F1.jpg,https://raw.githubusercontent.com/LGRSV/vera-vegetacao/main/fotos/Enecol-Centro/VER20260728092303184577868F2.jpg,https://raw.githubusercontent.com/LGRSV/vera-vegetacao/main/fotos/Enecol-Centro/VER20260728092303184577868F3.jpg,,V20260728092303184577868
1837,V0673,Rota Guaraí,NORTE,AL,AL01038009,28/07/2026,09:37,Outros,126989,URBANO,8,60,Sim,150,300,0,-8.8241,-48.50738,3,https://raw.githubusercontent.com/LGRSV/vera-vegetacao/main/fotos/Enecol-Centro/VER20260728093756338880811F1.jpg,https://raw.githubusercontent.com/LGRSV/vera-vegetacao/main/fotos/Enecol-Centro/VER20260728093756338880811F2.jpg,https://raw.githubusercontent.com/LGRSV/vera-vegetacao/main/fotos/Enecol-Centro/VER20260728093756338880811F3.jpg,,V20260728093756338880811
1838,V0674,Rota Guaraí,NORTE,AL,AL02037009,28/07/2026,10:10,Outros,37499927,URBANO,8,80,Sim,,200,0,-8.8302333,-48.5025733,3,https://raw.githubusercontent.com/LGRSV/vera-vegetacao/main/fotos/Enecol-Centro/VER20260728101055311308391F1.jpg,https://raw.githubusercontent.com/LGRSV/vera-vegetacao/main/fotos/Enecol-Centro/VER20260728101055311308391F2.jpg,https://raw.githubusercontent.com/LGRSV/vera-vegetacao/main/fotos/Enecol-Centro/VER20260728101055311308391F3.jpg,,V20260728101055311308391
1839,V0675,Rota Guaraí,NORTE,AL,AL02037009,28/07/2026,10:14,Cajueiro,1817163,URBANO,7,70,Sim,100,300,0,-8.830468,-48.5032211,3,https://raw.githubusercontent.com/LGRSV/vera-vegetacao/main/fotos/Enecol-Centro/VER20260728101414461253721F1.jpg,https://raw.githubusercontent.com/LGRSV/vera-vegetacao/main/fotos/Enecol-Centro/VER20260728101414461253721F2.jpg,https://raw.githubusercontent.com/LGRSV/vera-vegetacao/main/fotos/Enecol-Centro/VER20260728101414461253721F3.jpg,,V20260728101414461253721
1840,V0676,Rota Guaraí,NORTE,AL,AL02037009,28/07/2026,10:16,Outros,37499939,URBANO,7.5,110,Sim,,300,0,-8.8305373,-48.5034874,3,https://raw.githubusercontent.com/LGRSV/vera-vegetacao/main/fotos/Enecol-Centro/VER20260728101625946158515F1.jpg,https://raw.githubusercontent.com/LGRSV/vera-vegetacao/main/fotos/Enecol-Centro/VER20260728101625946158515F2.jpg,https://raw.githubusercontent.com/LGRSV/vera-vegetacao/main/fotos/Enecol-Centro/VER20260728101625946158515F3.jpg,,V20260728101625946158515
1841,V0677,Rota Guaraí,NORTE,LD,LD01038009,28/07/2026,10:25,Mangueira,1067243,URBANO,5,50,Sim,,300,0,-8.8307533,-48.5041784,3,https://raw.githubusercontent.com/LGRSV/vera-vegetacao/main/fotos/Enecol-Centro/VER20260728102550033362338F1.jpg,https://raw.githubusercontent.com/LGRSV/vera-vegetacao/main/fotos/Enecol-Centro/VER20260728102550033362338F2.jpg,https://raw.githubusercontent.com/LGRSV/vera-vegetacao/main/fotos/Enecol-Centro/VER20260728102550033362338F3.jpg,,V20260728102550033362338
1842,V0678,Rota Guaraí,NORTE,AL,AL02037009,28/07/2026,10:27,Oiti,41003611,URBANO,7,70,Sim,,300,0,-8.8308444,-48.5044345,3,https://raw.githubusercontent.com/LGRSV/vera-vegetacao/main/fotos/Enecol-Centro/VER20260728102732415581562F1.jpg,https://raw.githubusercontent.com/LGRSV/vera-vegetacao/main/fotos/Enecol-Centro/VER20260728102732415581562F2.jpg,https://raw.githubusercontent.com/LGRSV/vera-vegetacao/main/fotos/Enecol-Centro/VER20260728102732415581562F3.jpg,,V20260728102732415581562
1843,V0679,Rota Guaraí,NORTE,LD,LD01038009,28/07/2026,10:28,Oiti,30796584,URBANO,,70,Sim,,300,0,-8.8308526,-48.504451,3,https://raw.githubusercontent.com/LGRSV/vera-vegetacao/main/fotos/Enecol-Centro/VER20260728102816691905194F1.jpg,https://raw.githubusercontent.com/LGRSV/vera-vegetacao/main/fotos/Enecol-Centro/VER20260728102816691905194F2.jpg,https://raw.githubusercontent.com/LGRSV/vera-vegetacao/main/fotos/Enecol-Centro/VER20260728102816691905194F3.jpg,,V20260728102816691905194
1844,V0680,Rota Guaraí,NORTE,LD,LD01038009,28/07/2026,10:31,Oiti,30796575,URBANO,6,50,Sim,,300,0,-8.8311111,-48.5047808,3,https://raw.githubusercontent.com/LGRSV/vera-vegetacao/main/fotos/Enecol-Centro/VER20260728103145481302469F1.jpg,https://raw.githubusercontent.com/LGRSV/vera-vegetacao/main/fotos/Enecol-Centro/VER20260728103145481302469F2.jpg,https://raw.githubusercontent.com/LGRSV/vera-vegetacao/main/fotos/Enecol-Centro/VER20260728103145481302469F3.jpg,,V20260728103145481302469
1845,V0681,Rota Guaraí,NORTE,AL,AL02037009,28/07/2026,10:36,Oiti,1067251,URBANO,7,70,Sim,,300,0,-8.8325936,-48.5043303,3,https://raw.githubusercontent.com/LGRSV/vera-vegetacao/main/fotos/Enecol-Centro/VER20260728103647953274463F1.jpg,https://raw.githubusercontent.com/LGRSV/vera-vegetacao/main/fotos/Enecol-Centro/VER20260728103647953274463F2.jpg,https://raw.githubusercontent.com/LGRSV/vera-vegetacao/main/fotos/Enecol-Centro/VER20260728103647953274463F3.jpg,,V20260728103647953274463
1846,V0682,Rota Guaraí,NORTE,LD,LD01038009,28/07/2026,10:47,Outros,924613,URBANO,2,30,Sim,,300,0,-8.8344805,-48.5036488,3,https://raw.githubusercontent.com/LGRSV/vera-vegetacao/main/fotos/Enecol-Centro/VER20260728104719594577196F1.jpg,https://raw.githubusercontent.com/LGRSV/vera-vegetacao/main/fotos/Enecol-Centro/VER20260728104719594577196F2.jpg,https://raw.githubusercontent.com/LGRSV/vera-vegetacao/main/fotos/Enecol-Centro/VER20260728104719594577196F3.jpg,,V20260728104719594577196
1847,V0683,Rota Guaraí,NORTE,AL,AL02037009,28/07/2026,10:48,Outros,1776501,URBANO,2.5,40,Sim,,300,0,-8.8347668,-48.503538,3,https://raw.githubusercontent.com/LGRSV/vera-vegetacao/main/fotos/Enecol-Centro/VER20260728104835146584545F1.jpg,https://raw.githubusercontent.com/LGRSV/vera-vegetacao/main/fotos/Enecol-Centro/VER20260728104835146584545F2.jpg,https://raw.githubusercontent.com/LGRSV/vera-vegetacao/main/fotos/Enecol-Centro/VER20260728104835146584545F3.jpg,,V20260728104835146584545
1848,V0684,Rota Guaraí,NORTE,AL,AL02037009,28/07/2026,10:50,Outros,1776501,URBANO,3.5,30,Sim,,300,0,-8.8348529,-48.5035185,3,https://raw.githubusercontent.com/LGRSV/vera-vegetacao/main/fotos/Enecol-Centro/VER20260728105005667798447F1.jpg,https://raw.githubusercontent.com/LGRSV/vera-vegetacao/main/fotos/Enecol-Centro/VER20260728105005667798447F2.jpg,https://raw.githubusercontent.com/LGRSV/vera-vegetacao/main/fotos/Enecol-Centro/VER20260728105005667798447F3.jpg,,V20260728105005667798447
1849,V0685,Rota Guaraí,NORTE,LD,LD01038009,28/07/2026,10:51,Outros,924253,URBANO,3.5,40,Sim,,300,0,-8.835114,-48.5034576,3,https://raw.githubusercontent.com/LGRSV/vera-vegetacao/main/fotos/Enecol-Centro/VER20260728105123830641905F1.jpg,https://raw.githubusercontent.com/LGRSV/vera-vegetacao/main/fotos/Enecol-Centro/VER20260728105123830641905F2.jpg,https://raw.githubusercontent.com/LGRSV/vera-vegetacao/main/fotos/Enecol-Centro/VER20260728105123830641905F3.jpg,,V20260728105123830641905
1850,V0686,Rota Guaraí,NORTE,AL,AL02037009,28/07/2026,10:52,Outros,1776503,URBANO,7,90,Sim,,300,0,-8.8353367,-48.5033578,3,https://raw.githubusercontent.com/LGRSV/vera-vegetacao/main/fotos/Enecol-Centro/VER20260728105255323062637F1.jpg,https://raw.githubusercontent.com/LGRSV/vera-vegetacao/main/fotos/Enecol-Centro/VER20260728105255323062637F2.jpg,https://raw.githubusercontent.com/LGRSV/vera-vegetacao/main/fotos/Enecol-Centro/VER20260728105255323062637F3.jpg,,V20260728105255323062637
1851,V0687,Rota Guaraí,NORTE,LD,LD01038009,28/07/2026,10:57,Cajueiro,27000738,URBANO,9.5,100,Sim,,50,0,-8.8359553,-48.5031667,3,https://raw.githubusercontent.com/LGRSV/vera-vegetacao/main/fotos/Enecol-Centro/VER20260728105749179751353F1.jpg,https://raw.githubusercontent.com/LGRSV/vera-vegetacao/main/fotos/Enecol-Centro/VER20260728105749179751353F2.jpg,https://raw.githubusercontent.com/LGRSV/vera-vegetacao/main/fotos/Enecol-Centro/VER20260728105749179751353F3.jpg,,V20260728105749179751353
1852,V0688,Rota Guaraí,NORTE,AL,AL02037009,28/07/2026,10:59,Goiaba,913759,URBANO,8.5,100,Sim,,200,0,-8.8363913,-48.5030337,3,https://raw.githubusercontent.com/LGRSV/vera-vegetacao/main/fotos/Enecol-Centro/VER20260728105950620984585F1.jpg,https://raw.githubusercontent.com/LGRSV/vera-vegetacao/main/fotos/Enecol-Centro/VER20260728105950620984585F2.jpg,https://raw.githubusercontent.com/LGRSV/vera-vegetacao/main/fotos/Enecol-Centro/VER20260728105950620984585F3.jpg,,V20260728105950620984585
1853,V0689,Rota Guaraí,NORTE,LD,LD01038009,28/07/2026,11:02,Mangueira,27001140,URBANO,8,120,Sim,,150,0,-8.8372622,-48.5027435,3,https://raw.githubusercontent.com/LGRSV/vera-vegetacao/main/fotos/Enecol-Centro/VER20260728110248326231631F1.jpg,https://raw.githubusercontent.com/LGRSV/vera-vegetacao/main/fotos/Enecol-Centro/VER20260728110248326231631F2.jpg,https://raw.githubusercontent.com/LGRSV/vera-vegetacao/main/fotos/Enecol-Centro/VER20260728110248326231631F3.jpg,,V20260728110248326231631
1854,V0690,Rota Guaraí,NORTE,LD,LD01038009,28/07/2026,11:04,Mangueira,27001140,URBANO,7.5,110,Sim,,200,0,-8.8374043,-48.5027157,3,https://raw.githubusercontent.com/LGRSV/vera-vegetacao/main/fotos/Enecol-Centro/VER20260728110421256785575F1.jpg,https://raw.githubusercontent.com/LGRSV/vera-vegetacao/main/fotos/Enecol-Centro/VER20260728110421256785575F2.jpg,https://raw.githubusercontent.com/LGRSV/vera-vegetacao/main/fotos/Enecol-Centro/VER20260728110421256785575F3.jpg,,V20260728110421256785575
1855,V0691,Rota Guaraí,NORTE,LD,LD01038009,28/07/2026,11:05,Caja,27001140,URBANO,11,110,Sim,,300,0,-8.8374218,-48.5026841,3,https://raw.githubusercontent.com/LGRSV/vera-vegetacao/main/fotos/Enecol-Centro/VER20260728110538063438525F1.jpg,https://raw.githubusercontent.com/LGRSV/vera-vegetacao/main/fotos/Enecol-Centro/VER20260728110538063438525F2.jpg,https://raw.githubusercontent.com/LGRSV/vera-vegetacao/main/fotos/Enecol-Centro/VER20260728110538063438525F3.jpg,,V20260728110538063438525
1856,V0692,Rota Guaraí,NORTE,LD,LD01038009,28/07/2026,11:06,Outros,27001140,URBANO,10,110,Sim,,50,0,-8.8374541,-48.502677,3,https://raw.githubusercontent.com/LGRSV/vera-vegetacao/main/fotos/Enecol-Centro/VER20260728110655901337207F1.jpg,https://raw.githubusercontent.com/LGRSV/vera-vegetacao/main/fotos/Enecol-Centro/VER20260728110655901337207F2.jpg,https://raw.githubusercontent.com/LGRSV/vera-vegetacao/main/fotos/Enecol-Centro/VER20260728110655901337207F3.jpg,,V20260728110655901337207
1857,V0693,Rota Guaraí,NORTE,LD,LD01038009,28/07/2026,11:08,Goiaba,27001140,URBANO,8,70,Sim,,300,0,-8.837447,-48.5026947,3,https://raw.githubusercontent.com/LGRSV/vera-vegetacao/main/fotos/Enecol-Centro/VER20260728110805682575076F1.jpg,https://raw.githubusercontent.com/LGRSV/vera-vegetacao/main/fotos/Enecol-Centro/VER20260728110805682575076F2.jpg,https://raw.githubusercontent.com/LGRSV/vera-vegetacao/main/fotos/Enecol-Centro/VER20260728110805682575076F3.jpg,,V20260728110805682575076
1858,V0694,Rota Guaraí,NORTE,AL,AL02037009,28/07/2026,11:09,Outros,913972,URBANO,8,50,Sim,,300,0,-8.8375178,-48.5026793,3,https://raw.githubusercontent.com/LGRSV/vera-vegetacao/main/fotos/Enecol-Centro/VER20260728110906251001942F1.jpg,https://raw.githubusercontent.com/LGRSV/vera-vegetacao/main/fotos/Enecol-Centro/VER20260728110906251001942F2.jpg,https://raw.githubusercontent.com/LGRSV/vera-vegetacao/main/fotos/Enecol-Centro/VER20260728110906251001942F3.jpg,,V20260728110906251001942
1859,V0695,Rota Guaraí,NORTE,AL,AL02037009,28/07/2026,11:10,Azeitona,913972,URBANO,9,90,Sim,,300,0,-8.8375933,-48.502605,3,https://raw.githubusercontent.com/LGRSV/vera-vegetacao/main/fotos/Enecol-Centro/VER20260728111043413257957F1.jpg,https://raw.githubusercontent.com/LGRSV/vera-vegetacao/main/fotos/Enecol-Centro/VER20260728111043413257957F2.jpg,https://raw.githubusercontent.com/LGRSV/vera-vegetacao/main/fotos/Enecol-Centro/VER20260728111043413257957F3.jpg,,V20260728111043413257957
1860,V0696,Rota Guaraí,NORTE,AL,AL02037009,28/07/2026,11:26,Oiti,913980,URBANO,6,85,Sim,,300,0,-8.8383467,-48.5026583,3,https://raw.githubusercontent.com/LGRSV/vera-vegetacao/main/fotos/Enecol-Centro/VER20260728112633651359829F1.jpg,https://raw.githubusercontent.com/LGRSV/vera-vegetacao/main/fotos/Enecol-Centro/VER20260728112633651359829F2.jpg,https://raw.githubusercontent.com/LGRSV/vera-vegetacao/main/fotos/Enecol-Centro/VER20260728112633651359829F3.jpg,,V20260728112633651359829
1861,V0697,Rota Guaraí,NORTE,AL,AL02037009,28/07/2026,11:28,Cajueiro,913975,URBANO,7.5,105,Sim,,200,0,-8.8387733,-48.5025183,3,https://raw.githubusercontent.com/LGRSV/vera-vegetacao/main/fotos/Enecol-Centro/VER20260728112819958056396F1.jpg,https://raw.githubusercontent.com/LGRSV/vera-vegetacao/main/fotos/Enecol-Centro/VER20260728112819958056396F2.jpg,https://raw.githubusercontent.com/LGRSV/vera-vegetacao/main/fotos/Enecol-Centro/VER20260728112819958056396F3.jpg,,V20260728112819958056396
1862,V0698,Rota Guaraí,NORTE,AL,AL02037009,28/07/2026,11:29,Outros,913975,URBANO,3.5,30,Sim,,300,0,-8.8387867,-48.50249,3,https://raw.githubusercontent.com/LGRSV/vera-vegetacao/main/fotos/Enecol-Centro/VER20260728112922721770526F1.jpg,https://raw.githubusercontent.com/LGRSV/vera-vegetacao/main/fotos/Enecol-Centro/VER20260728112922721770526F2.jpg,https://raw.githubusercontent.com/LGRSV/vera-vegetacao/main/fotos/Enecol-Centro/VER20260728112922721770526F3.jpg,,V20260728112922721770526
1863,V0699,Rota Guaraí,NORTE,LD,LD01038009,28/07/2026,11:31,Mogno,924243,URBANO,8,80,Sim,,100,0,-8.8392684,-48.5022751,3,https://raw.githubusercontent.com/LGRSV/vera-vegetacao/main/fotos/Enecol-Centro/VER20260728113106194396101F1.jpg,https://raw.githubusercontent.com/LGRSV/vera-vegetacao/main/fotos/Enecol-Centro/VER20260728113106194396101F2.jpg,https://raw.githubusercontent.com/LGRSV/vera-vegetacao/main/fotos/Enecol-Centro/VER20260728113106194396101F3.jpg,,V20260728113106194396101
1864,V0700,Rota Guaraí,NORTE,LD,LD01038009,28/07/2026,14:35,Mangueira,923458,URBANO,15,180,Sim,300,300,0,-8.839545,-48.50194,3,https://raw.githubusercontent.com/LGRSV/vera-vegetacao/main/fotos/Enecol-Centro/VER20260728143517682362245F1.jpg,https://raw.githubusercontent.com/LGRSV/vera-vegetacao/main/fotos/Enecol-Centro/VER20260728143517682362245F2.jpg,https://raw.githubusercontent.com/LGRSV/vera-vegetacao/main/fotos/Enecol-Centro/VER20260728143517682362245F3.jpg,,V20260728143517682362245
1865,V0701,Rota Guaraí,NORTE,AL,AL02037009,28/07/2026,14:37,Outros,1775081,URBANO,2,20,Sim,,,0,-8.8397533,-48.501855,3,https://raw.githubusercontent.com/LGRSV/vera-vegetacao/main/fotos/Enecol-Centro/VER20260728143704580633583F1.jpg,https://raw.githubusercontent.com/LGRSV/vera-vegetacao/main/fotos/Enecol-Centro/VER20260728143704580633583F2.jpg,https://raw.githubusercontent.com/LGRSV/vera-vegetacao/main/fotos/Enecol-Centro/VER20260728143704580633583F3.jpg,,V20260728143704580633583
1866,V0702,Rota Guaraí,NORTE,AL,AL02037009,28/07/2026,14:38,Goiaba,1775081,URBANO,6,70,Sim,,300,0,-8.8398733,-48.50182,3,https://raw.githubusercontent.com/LGRSV/vera-vegetacao/main/fotos/Enecol-Centro/VER20260728143819781080621F1.jpg,https://raw.githubusercontent.com/LGRSV/vera-vegetacao/main/fotos/Enecol-Centro/VER20260728143819781080621F2.jpg,https://raw.githubusercontent.com/LGRSV/vera-vegetacao/main/fotos/Enecol-Centro/VER20260728143819781080621F3.jpg,,V20260728143819781080621
1867,V0703,Rota Guaraí,NORTE,LD,LD01038009,28/07/2026,14:39,Oiti,923456,URBANO,7,80,Sim,,300,0,-8.8399933,-48.5017867,3,https://raw.githubusercontent.com/LGRSV/vera-vegetacao/main/fotos/Enecol-Centro/VER20260728143938366104535F1.jpg,https://raw.githubusercontent.com/LGRSV/vera-vegetacao/main/fotos/Enecol-Centro/VER20260728143938366104535F2.jpg,https://raw.githubusercontent.com/LGRSV/vera-vegetacao/main/fotos/Enecol-Centro/VER20260728143938366104535F3.jpg,,V20260728143938366104535
1868,V0704,Rota Guaraí,NORTE,LD,LD01038009,28/07/2026,14:44,Ipê,923452,URBANO,8,70,Sim,,300,0,-8.8412012,-48.5014046,3,https://raw.githubusercontent.com/LGRSV/vera-vegetacao/main/fotos/Enecol-Centro/VER20260728144403649949595F1.jpg,https://raw.githubusercontent.com/LGRSV/vera-vegetacao/main/fotos/Enecol-Centro/VER20260728144403649949595F2.jpg,https://raw.githubusercontent.com/LGRSV/vera-vegetacao/main/fotos/Enecol-Centro/VER20260728144403649949595F3.jpg,,V20260728144403649949595
1869,V0705,Rota Guaraí,NORTE,AL,AL02037009,28/07/2026,14:45,Oiti,1774961,URBANO,7,60,Sim,,300,0,-8.8414602,-48.5012462,3,https://raw.githubusercontent.com/LGRSV/vera-vegetacao/main/fotos/Enecol-Centro/VER20260728144511638726819F1.jpg,https://raw.githubusercontent.com/LGRSV/vera-vegetacao/main/fotos/Enecol-Centro/VER20260728144511638726819F2.jpg,https://raw.githubusercontent.com/LGRSV/vera-vegetacao/main/fotos/Enecol-Centro/VER20260728144511638726819F3.jpg,,V20260728144511638726819
1870,V0706,Rota Guaraí,NORTE,AL,AL02037009,28/07/2026,14:47,Oiti,1774961,URBANO,7,60,Sim,,300,0,-8.8415467,-48.5011859,3,https://raw.githubusercontent.com/LGRSV/vera-vegetacao/main/fotos/Enecol-Centro/VER20260728144705997764821F1.jpg,https://raw.githubusercontent.com/LGRSV/vera-vegetacao/main/fotos/Enecol-Centro/VER20260728144705997764821F2.jpg,https://raw.githubusercontent.com/LGRSV/vera-vegetacao/main/fotos/Enecol-Centro/VER20260728144705997764821F3.jpg,,V20260728144705997764821
1871,V0707,Rota Guaraí,NORTE,AL,AL02037009,28/07/2026,14:48,Outros,1774959,URBANO,5,40,Sim,,300,0,-8.8419085,-48.5010706,3,https://raw.githubusercontent.com/LGRSV/vera-vegetacao/main/fotos/Enecol-Centro/VER20260728144830589680478F1.jpg,https://raw.githubusercontent.com/LGRSV/vera-vegetacao/main/fotos/Enecol-Centro/VER20260728144830589680478F2.jpg,https://raw.githubusercontent.com/LGRSV/vera-vegetacao/main/fotos/Enecol-Centro/VER20260728144830589680478F3.jpg,,V20260728144830589680478
1872,V0708,Rota Guaraí,NORTE,AL,AL02037009,28/07/2026,14:49,Outros,1774959,URBANO,8.5,70,Sim,,100,0,-8.8418817,-48.5010617,3,https://raw.githubusercontent.com/LGRSV/vera-vegetacao/main/fotos/Enecol-Centro/VER20260728144919604010716F1.jpg,https://raw.githubusercontent.com/LGRSV/vera-vegetacao/main/fotos/Enecol-Centro/VER20260728144919604010716F2.jpg,https://raw.githubusercontent.com/LGRSV/vera-vegetacao/main/fotos/Enecol-Centro/VER20260728144919604010716F3.jpg,,V20260728144919604010716
1873,V0709,Rota Guaraí,NORTE,AL,AL02037009,28/07/2026,14:50,Coqueiro,1774959,URBANO,10.5,70,Sim,,50,0,-8.8419182,-48.5010538,3,https://raw.githubusercontent.com/LGRSV/vera-vegetacao/main/fotos/Enecol-Centro/VER20260728145034794128347F1.jpg,https://raw.githubusercontent.com/LGRSV/vera-vegetacao/main/fotos/Enecol-Centro/VER20260728145034794128347F2.jpg,https://raw.githubusercontent.com/LGRSV/vera-vegetacao/main/fotos/Enecol-Centro/VER20260728145034794128347F3.jpg,,V20260728145034794128347
1874,V0710,Rota Guaraí,NORTE,AL,AL02037009,28/07/2026,14:51,Ipê,1774959,URBANO,9,70,Sim,,100,0,-8.8419767,-48.50104,3,https://raw.githubusercontent.com/LGRSV/vera-vegetacao/main/fotos/Enecol-Centro/VER20260728145149561451559F1.jpg,https://raw.githubusercontent.com/LGRSV/vera-vegetacao/main/fotos/Enecol-Centro/VER20260728145149561451559F2.jpg,https://raw.githubusercontent.com/LGRSV/vera-vegetacao/main/fotos/Enecol-Centro/VER20260728145149561451559F3.jpg,,V20260728145149561451559
1875,V0711,Rota Guaraí,NORTE,LD,LD01038009,28/07/2026,14:53,Oiti,126600,URBANO,7,80,Sim,200,300,0,-8.8422648,-48.5011258,3,https://raw.githubusercontent.com/LGRSV/vera-vegetacao/main/fotos/Enecol-Centro/VER20260728145329407907678F1.jpg,https://raw.githubusercontent.com/LGRSV/vera-vegetacao/main/fotos/Enecol-Centro/VER20260728145329407907678F2.jpg,https://raw.githubusercontent.com/LGRSV/vera-vegetacao/main/fotos/Enecol-Centro/VER20260728145329407907678F3.jpg,,V20260728145329407907678
1876,V0712,Rota Guaraí,NORTE,LD,LD01038009,28/07/2026,14:54,Oiti,126600,URBANO,7,70,Sim,200,300,0,-8.8422585,-48.5010983,3,https://raw.githubusercontent.com/LGRSV/vera-vegetacao/main/fotos/Enecol-Centro/VER20260728145430598129776F1.jpg,https://raw.githubusercontent.com/LGRSV/vera-vegetacao/main/fotos/Enecol-Centro/VER20260728145430598129776F2.jpg,https://raw.githubusercontent.com/LGRSV/vera-vegetacao/main/fotos/Enecol-Centro/VER20260728145430598129776F3.jpg,,V20260728145430598129776
1877,V0713,Rota Guaraí,NORTE,AL,AL02037009,28/07/2026,15:05,Mangueira,913277,URBANO,10,110,Sim,0,150,0,-8.8422605,-48.5015033,3,https://raw.githubusercontent.com/LGRSV/vera-vegetacao/main/fotos/Enecol-Centro/VER20260728150545538575038F1.jpg,https://raw.githubusercontent.com/LGRSV/vera-vegetacao/main/fotos/Enecol-Centro/VER20260728150545538575038F2.jpg,https://raw.githubusercontent.com/LGRSV/vera-vegetacao/main/fotos/Enecol-Centro/VER20260728150545538575038F3.jpg,,V20260728150545538575038
1878,V0714,Rota Guaraí,NORTE,AL,AL02037009,28/07/2026,15:08,Abacateiro,1854741,URBANO,16,120,Sim,300,300,0,-8.8425156,-48.5019181,3,https://raw.githubusercontent.com/LGRSV/vera-vegetacao/main/fotos/Enecol-Centro/VER20260728150832523930905F1.jpg,https://raw.githubusercontent.com/LGRSV/vera-vegetacao/main/fotos/Enecol-Centro/VER20260728150832523930905F2.jpg,https://raw.githubusercontent.com/LGRSV/vera-vegetacao/main/fotos/Enecol-Centro/VER20260728150832523930905F3.jpg,,V20260728150832523930905
1879,V0715,Rota Guaraí,NORTE,LD,LD01038009,28/07/2026,15:14,Outros,126977,URBANO,7,50,Sim,0,300,0,-8.8435067,-48.5046833,3,https://raw.githubusercontent.com/LGRSV/vera-vegetacao/main/fotos/Enecol-Centro/VER20260728151428322272279F1.jpg,https://raw.githubusercontent.com/LGRSV/vera-vegetacao/main/fotos/Enecol-Centro/VER20260728151428322272279F2.jpg,https://raw.githubusercontent.com/LGRSV/vera-vegetacao/main/fotos/Enecol-Centro/VER20260728151428322272279F3.jpg,,V20260728151428322272279
1880,V0716,Rota Guaraí,NORTE,LD,LD01038009,28/07/2026,15:15,Outros,126977,URBANO,6,50,Sim,300,300,0,-8.8435317,-48.5046833,3,https://raw.githubusercontent.com/LGRSV/vera-vegetacao/main/fotos/Enecol-Centro/VER20260728151531084361226F1.jpg,https://raw.githubusercontent.com/LGRSV/vera-vegetacao/main/fotos/Enecol-Centro/VER20260728151531084361226F2.jpg,https://raw.githubusercontent.com/LGRSV/vera-vegetacao/main/fotos/Enecol-Centro/VER20260728151531084361226F3.jpg,,V20260728151531084361226
1881,V0717,Rota Guaraí,NORTE,AL,AL03037009,28/07/2026,15:28,Oiti,913307,URBANO,9,80,Sim,50,200,0,-8.8465783,-48.50461,3,https://raw.githubusercontent.com/LGRSV/vera-vegetacao/main/fotos/Enecol-Centro/VER20260728152832256403643F1.jpg,https://raw.githubusercontent.com/LGRSV/vera-vegetacao/main/fotos/Enecol-Centro/VER20260728152832256403643F2.jpg,https://raw.githubusercontent.com/LGRSV/vera-vegetacao/main/fotos/Enecol-Centro/VER20260728152832256403643F3.jpg,,V20260728152832256403643
1882,V0718,Rota Guaraí,NORTE,AL,AL03037009,28/07/2026,15:30,Outros,911181,URBANO,11,160,Sim,150,150,0,-8.8466467,-48.5042733,3,https://raw.githubusercontent.com/LGRSV/vera-vegetacao/main/fotos/Enecol-Centro/VER20260728153006274165235F1.jpg,https://raw.githubusercontent.com/LGRSV/vera-vegetacao/main/fotos/Enecol-Centro/VER20260728153006274165235F2.jpg,https://raw.githubusercontent.com/LGRSV/vera-vegetacao/main/fotos/Enecol-Centro/VER20260728153006274165235F3.jpg,,V20260728153006274165235
1883,V0719,Rota Guaraí,NORTE,AL,AL03037009,28/07/2026,15:31,Outros,911181,URBANO,9,110,Sim,250,300,0,-8.846665,-48.50434,3,https://raw.githubusercontent.com/LGRSV/vera-vegetacao/main/fotos/Enecol-Centro/VER20260728153129976581359F1.jpg,https://raw.githubusercontent.com/LGRSV/vera-vegetacao/main/fotos/Enecol-Centro/VER20260728153129976581359F2.jpg,https://raw.githubusercontent.com/LGRSV/vera-vegetacao/main/fotos/Enecol-Centro/VER20260728153129976581359F3.jpg,,V20260728153129976581359
1884,V0720,Rota Guaraí,NORTE,AL,AL03037009,28/07/2026,15:32,Cajueiro,911181,URBANO,15,140,Sim,250,300,0,-8.8467317,-48.5043267,3,https://raw.githubusercontent.com/LGRSV/vera-vegetacao/main/fotos/Enecol-Centro/VER20260728153238014029707F1.jpg,https://raw.githubusercontent.com/LGRSV/vera-vegetacao/main/fotos/Enecol-Centro/VER20260728153238014029707F2.jpg,https://raw.githubusercontent.com/LGRSV/vera-vegetacao/main/fotos/Enecol-Centro/VER20260728153238014029707F3.jpg,,V20260728153238014029707
1885,V0721,Rota Guaraí,NORTE,AL,AL03037009,28/07/2026,15:33,Cajueiro,911181,URBANO,15,130,Sim,300,300,0,-8.8469333,-48.5042317,3,https://raw.githubusercontent.com/LGRSV/vera-vegetacao/main/fotos/Enecol-Centro/VER20260728153359498095848F1.jpg,https://raw.githubusercontent.com/LGRSV/vera-vegetacao/main/fotos/Enecol-Centro/VER20260728153359498095848F2.jpg,https://raw.githubusercontent.com/LGRSV/vera-vegetacao/main/fotos/Enecol-Centro/VER20260728153359498095848F3.jpg,,V20260728153359498095848
1886,V0722,Rota Guaraí,NORTE,AL,AL03037009,28/07/2026,15:35,Mangueira,649903,URBANO,3.5,20,Sim,300,300,0,-8.8469517,-48.5042433,3,https://raw.githubusercontent.com/LGRSV/vera-vegetacao/main/fotos/Enecol-Centro/VER20260728153501059568428F1.jpg,https://raw.githubusercontent.com/LGRSV/vera-vegetacao/main/fotos/Enecol-Centro/VER20260728153501059568428F2.jpg,https://raw.githubusercontent.com/LGRSV/vera-vegetacao/main/fotos/Enecol-Centro/VER20260728153501059568428F3.jpg,,V20260728153501059568428
1887,V0723,Rota Guaraí,NORTE,AL,AL03037009,28/07/2026,15:39,Coqueiro,911183,URBANO,11,70,Sim,300,250,0,-8.8475479,-48.504162,3,https://raw.githubusercontent.com/LGRSV/vera-vegetacao/main/fotos/Enecol-Centro/VER20260728153934247676141F1.jpg,https://raw.githubusercontent.com/LGRSV/vera-vegetacao/main/fotos/Enecol-Centro/VER20260728153934247676141F2.jpg,https://raw.githubusercontent.com/LGRSV/vera-vegetacao/main/fotos/Enecol-Centro/VER20260728153934247676141F3.jpg,,V20260728153934247676141
1888,V0724,Rota Guaraí,NORTE,AL,AL03037009,28/07/2026,15:40,Coqueiro,911183,URBANO,11,70,Sim,50,50,0,-8.8476799,-48.5040593,3,https://raw.githubusercontent.com/LGRSV/vera-vegetacao/main/fotos/Enecol-Centro/VER20260728154039744418983F1.jpg,https://raw.githubusercontent.com/LGRSV/vera-vegetacao/main/fotos/Enecol-Centro/VER20260728154039744418983F2.jpg,https://raw.githubusercontent.com/LGRSV/vera-vegetacao/main/fotos/Enecol-Centro/VER20260728154039744418983F3.jpg,,V20260728154039744418983
1889,V0725,Rota Guaraí,NORTE,AL,AL03037009,28/07/2026,15:41,Coqueiro,913572,URBANO,11,70,Sim,0,50,0,-8.8476931,-48.5040402,3,https://raw.githubusercontent.com/LGRSV/vera-vegetacao/main/fotos/Enecol-Centro/VER20260728154140511689872F1.jpg,https://raw.githubusercontent.com/LGRSV/vera-vegetacao/main/fotos/Enecol-Centro/VER20260728154140511689872F2.jpg,https://raw.githubusercontent.com/LGRSV/vera-vegetacao/main/fotos/Enecol-Centro/VER20260728154140511689872F3.jpg,,V20260728154140511689872
1890,V0726,Rota Guaraí,NORTE,AL,AL03037009,28/07/2026,15:42,Coqueiro,913572,URBANO,11,60,Sim,0,50,0,-8.8477067,-48.5040367,3,https://raw.githubusercontent.com/LGRSV/vera-vegetacao/main/fotos/Enecol-Centro/VER20260728154241115877928F1.jpg,https://raw.githubusercontent.com/LGRSV/vera-vegetacao/main/fotos/Enecol-Centro/VER20260728154241115877928F2.jpg,https://raw.githubusercontent.com/LGRSV/vera-vegetacao/main/fotos/Enecol-Centro/VER20260728154241115877928F3.jpg,,V20260728154241115877928
1891,V0727,Rota Guaraí,NORTE,AL,AL03037009,28/07/2026,15:43,Coqueiro,913572,URBANO,11,60,Sim,0,100,0,-8.8477283,-48.50394,3,https://raw.githubusercontent.com/LGRSV/vera-vegetacao/main/fotos/Enecol-Centro/VER20260728154348271983582F1.jpg,https://raw.githubusercontent.com/LGRSV/vera-vegetacao/main/fotos/Enecol-Centro/VER20260728154348271983582F2.jpg,https://raw.githubusercontent.com/LGRSV/vera-vegetacao/main/fotos/Enecol-Centro/VER20260728154348271983582F3.jpg,,V20260728154348271983582
1892,V0728,Rota Guaraí,NORTE,AL,AL03037009,28/07/2026,15:44,Coqueiro,913572,URBANO,10,60,Sim,0,50,0,-8.84781,-48.5038483,3,https://raw.githubusercontent.com/LGRSV/vera-vegetacao/main/fotos/Enecol-Centro/VER20260728154456642142556F1.jpg,https://raw.githubusercontent.com/LGRSV/vera-vegetacao/main/fotos/Enecol-Centro/VER20260728154456642142556F2.jpg,https://raw.githubusercontent.com/LGRSV/vera-vegetacao/main/fotos/Enecol-Centro/VER20260728154456642142556F3.jpg,,V20260728154456642142556
1893,V0729,Rota Guaraí,NORTE,AL,AL03037009,28/07/2026,15:45,Coqueiro,913570,URBANO,11,70,Sim,0,50,0,-8.8478683,-48.503815,3,https://raw.githubusercontent.com/LGRSV/vera-vegetacao/main/fotos/Enecol-Centro/VER20260728154600286692104F1.jpg,https://raw.githubusercontent.com/LGRSV/vera-vegetacao/main/fotos/Enecol-Centro/VER20260728154600286692104F2.jpg,https://raw.githubusercontent.com/LGRSV/vera-vegetacao/main/fotos/Enecol-Centro/VER20260728154600286692104F3.jpg,,V20260728154600286692104
1894,V0730,Rota Guaraí,NORTE,AL,AL03037009,28/07/2026,15:47,Coqueiro,913570,URBANO,10.5,70,Sim,0,50,0,-8.8478433,-48.5037533,3,https://raw.githubusercontent.com/LGRSV/vera-vegetacao/main/fotos/Enecol-Centro/VER20260728154727693635816F1.jpg,https://raw.githubusercontent.com/LGRSV/vera-vegetacao/main/fotos/Enecol-Centro/VER20260728154727693635816F2.jpg,https://raw.githubusercontent.com/LGRSV/vera-vegetacao/main/fotos/Enecol-Centro/VER20260728154727693635816F3.jpg,,V20260728154727693635816
1895,V0731,Rota Guaraí,NORTE,AL,AL03037009,28/07/2026,15:48,Coqueiro,913570,URBANO,11,70,Sim,100,300,0,-8.847915,-48.5037267,3,https://raw.githubusercontent.com/LGRSV/vera-vegetacao/main/fotos/Enecol-Centro/VER20260728154842705113564F1.jpg,https://raw.githubusercontent.com/LGRSV/vera-vegetacao/main/fotos/Enecol-Centro/VER20260728154842705113564F2.jpg,https://raw.githubusercontent.com/LGRSV/vera-vegetacao/main/fotos/Enecol-Centro/VER20260728154842705113564F3.jpg,,V20260728154842705113564
1896,V0732,Rota Guaraí,NORTE,AL,AL03037009,28/07/2026,15:56,Oiti,912792,URBANO,11,50,Sim,50,100,0,-8.8484121,-48.5031367,3,https://raw.githubusercontent.com/LGRSV/vera-vegetacao/main/fotos/Enecol-Centro/VER20260728155619803531623F1.jpg,https://raw.githubusercontent.com/LGRSV/vera-vegetacao/main/fotos/Enecol-Centro/VER20260728155619803531623F2.jpg,https://raw.githubusercontent.com/LGRSV/vera-vegetacao/main/fotos/Enecol-Centro/VER20260728155619803531623F3.jpg,,V20260728155619803531623
1897,V0733,Rota Guaraí,NORTE,AL,AL03037009,28/07/2026,17:38,Outros,920196,URBANO,9,80,Sim,250,250,0,-8.8507063,-48.5004467,3,https://raw.githubusercontent.com/LGRSV/vera-vegetacao/main/fotos/Enecol-Centro/VER20260728173818388358257F1.jpg,https://raw.githubusercontent.com/LGRSV/vera-vegetacao/main/fotos/Enecol-Centro/VER20260728173818388358257F2.jpg,https://raw.githubusercontent.com/LGRSV/vera-vegetacao/main/fotos/Enecol-Centro/VER20260728173818388358257F3.jpg,,V20260728173818388358257
1898,V0734,Rota Guaraí,NORTE,LD,LD02038009,29/07/2026,10:13,Outros,914491,URBANO,6.5,40,Sim,300,300,0,-8.8540983,-48.4931517,3,https://raw.githubusercontent.com/LGRSV/vera-vegetacao/main/fotos/Enecol-Centro/VER20260729101343239707340F1.jpg,https://raw.githubusercontent.com/LGRSV/vera-vegetacao/main/fotos/Enecol-Centro/VER20260729101343239707340F2.jpg,https://raw.githubusercontent.com/LGRSV/vera-vegetacao/main/fotos/Enecol-Centro/VER20260729101343239707340F3.jpg,,V20260729101343239707340
1899,V0735,Rota Guaraí,NORTE,LD,LD02038009,29/07/2026,10:14,Outros,914489,URBANO,4,40,Sim,300,300,0,-8.854305,-48.49316,3,https://raw.githubusercontent.com/LGRSV/vera-vegetacao/main/fotos/Enecol-Centro/VER20260729101452369105873F1.jpg,https://raw.githubusercontent.com/LGRSV/vera-vegetacao/main/fotos/Enecol-Centro/VER20260729101452369105873F2.jpg,https://raw.githubusercontent.com/LGRSV/vera-vegetacao/main/fotos/Enecol-Centro/VER20260729101452369105873F3.jpg,,V20260729101452369105873
1900,V0736,Rota Guaraí,NORTE,LD,LD02038009,29/07/2026,10:27,Outros,123239,URBANO,4.5,30,Sim,,300,0,-8.8580734,-48.4944184,3,https://raw.githubusercontent.com/LGRSV/vera-vegetacao/main/fotos/Enecol-Centro/VER20260729102723009903806F1.jpg,https://raw.githubusercontent.com/LGRSV/vera-vegetacao/main/fotos/Enecol-Centro/VER20260729102723009903806F2.jpg,https://raw.githubusercontent.com/LGRSV/vera-vegetacao/main/fotos/Enecol-Centro/VER20260729102723009903806F3.jpg,,V20260729102723009903806
1901,V0737,Rota Guaraí,NORTE,LD,LD02038009,29/07/2026,10:28,Mangueira,123239,URBANO,15,140,Sim,300,300,0,-8.8578652,-48.4943532,3,https://raw.githubusercontent.com/LGRSV/vera-vegetacao/main/fotos/Enecol-Centro/VER20260729102854850668229F1.jpg,https://raw.githubusercontent.com/LGRSV/vera-vegetacao/main/fotos/Enecol-Centro/VER20260729102854850668229F2.jpg,https://raw.githubusercontent.com/LGRSV/vera-vegetacao/main/fotos/Enecol-Centro/VER20260729102854850668229F3.jpg,,V20260729102854850668229
1902,V0738,Rota Guaraí,NORTE,LD,LD02038009,29/07/2026,10:35,Pequi,123237,URBANO,11,80,Sim,0,,0,-8.8568329,-48.4940244,3,https://raw.githubusercontent.com/LGRSV/vera-vegetacao/main/fotos/Enecol-Centro/VER20260729103501709997322F1.jpg,https://raw.githubusercontent.com/LGRSV/vera-vegetacao/main/fotos/Enecol-Centro/VER20260729103501709997322F2.jpg,https://raw.githubusercontent.com/LGRSV/vera-vegetacao/main/fotos/Enecol-Centro/VER20260729103501709997322F3.jpg,,V20260729103501709997322
1903,V0739,Rota Guaraí,NORTE,LD,LD02038009,29/07/2026,10:43,Outros,1086564,URBANO,4,40,Sim,,300,0,-8.8521396,-48.4938801,3,https://raw.githubusercontent.com/LGRSV/vera-vegetacao/main/fotos/Enecol-Centro/VER20260729104331337564020F1.jpg,https://raw.githubusercontent.com/LGRSV/vera-vegetacao/main/fotos/Enecol-Centro/VER20260729104331337564020F2.jpg,https://raw.githubusercontent.com/LGRSV/vera-vegetacao/main/fotos/Enecol-Centro/VER20260729104331337564020F3.jpg,,V20260729104331337564020
1904,V0740,Rota Guaraí,NORTE,LD,LD02038009,29/07/2026,10:44,Cajueiro,1086564,URBANO,2.5,45,Sim,,300,0,-8.8521131,-48.4939366,3,https://raw.githubusercontent.com/LGRSV/vera-vegetacao/main/fotos/Enecol-Centro/VER20260729104426460749262F1.jpg,https://raw.githubusercontent.com/LGRSV/vera-vegetacao/main/fotos/Enecol-Centro/VER20260729104426460749262F2.jpg,https://raw.githubusercontent.com/LGRSV/vera-vegetacao/main/fotos/Enecol-Centro/VER20260729104426460749262F3.jpg,,V20260729104426460749262
1905,V0741,Rota Guaraí,NORTE,AL,AL03037009,29/07/2026,10:54,Mangueira,1158937,URBANO,7.5,70,Sim,0,200,0,-8.8507117,-48.4943917,3,https://raw.githubusercontent.com/LGRSV/vera-vegetacao/main/fotos/Enecol-Centro/VER20260729105449191754487F1.jpg,https://raw.githubusercontent.com/LGRSV/vera-vegetacao/main/fotos/Enecol-Centro/VER20260729105449191754487F2.jpg,https://raw.githubusercontent.com/LGRSV/vera-vegetacao/main/fotos/Enecol-Centro/VER20260729105449191754487F3.jpg,,V20260729105449191754487
1906,V0742,Rota Guaraí,NORTE,AL,AL03037009,29/07/2026,10:55,Outros,1158937,URBANO,5,40,Sim,300,300,0,-8.850645,-48.4943683,3,https://raw.githubusercontent.com/LGRSV/vera-vegetacao/main/fotos/Enecol-Centro/VER20260729105543228942866F1.jpg,https://raw.githubusercontent.com/LGRSV/vera-vegetacao/main/fotos/Enecol-Centro/VER20260729105543228942866F2.jpg,https://raw.githubusercontent.com/LGRSV/vera-vegetacao/main/fotos/Enecol-Centro/VER20260729105543228942866F3.jpg,,V20260729105543228942866
1907,V0743,Rota Guaraí,NORTE,LD,LD02038009,29/07/2026,11:15,Outros,1086561,URBANO,6,40,Sim,,300,0,-8.8518363,-48.4949641,3,https://raw.githubusercontent.com/LGRSV/vera-vegetacao/main/fotos/Enecol-Centro/VER20260729111526573616785F1.jpg,https://raw.githubusercontent.com/LGRSV/vera-vegetacao/main/fotos/Enecol-Centro/VER20260729111526573616785F2.jpg,https://raw.githubusercontent.com/LGRSV/vera-vegetacao/main/fotos/Enecol-Centro/VER20260729111526573616785F3.jpg,,V20260729111526573616785
1908,V0744,Rota Guaraí,NORTE,LD,LD02038009,29/07/2026,11:17,Outros,1086561,URBANO,6,60,Sim,,300,0,-8.8518733,-48.4949717,3,https://raw.githubusercontent.com/LGRSV/vera-vegetacao/main/fotos/Enecol-Centro/VER20260729111741054031490F1.jpg,https://raw.githubusercontent.com/LGRSV/vera-vegetacao/main/fotos/Enecol-Centro/VER20260729111741054031490F2.jpg,https://raw.githubusercontent.com/LGRSV/vera-vegetacao/main/fotos/Enecol-Centro/VER20260729111741054031490F3.jpg,,V20260729111741054031490
1909,V0745,Rota Guaraí,NORTE,AL,AL03037009,29/07/2026,11:25,Mangueira,1081815,URBANO,9,60,Sim,300,300,0,-8.851902,-48.4949585,3,https://raw.githubusercontent.com/LGRSV/vera-vegetacao/main/fotos/Enecol-Centro/VER20260729112554545276091F1.jpg,https://raw.githubusercontent.com/LGRSV/vera-vegetacao/main/fotos/Enecol-Centro/VER20260729112554545276091F2.jpg,https://raw.githubusercontent.com/LGRSV/vera-vegetacao/main/fotos/Enecol-Centro/VER20260729112554545276091F3.jpg,,V20260729112554545276091
1910,V0746,Rota Guaraí,NORTE,LD,LD02038009,29/07/2026,11:27,Cajueiro,1086561,URBANO,6,70,Sim,300,300,0,-8.8518583,-48.4949967,3,https://raw.githubusercontent.com/LGRSV/vera-vegetacao/main/fotos/Enecol-Centro/VER20260729112736416614113F1.jpg,https://raw.githubusercontent.com/LGRSV/vera-vegetacao/main/fotos/Enecol-Centro/VER20260729112736416614113F2.jpg,https://raw.githubusercontent.com/LGRSV/vera-vegetacao/main/fotos/Enecol-Centro/VER20260729112736416614113F3.jpg,,V20260729112736416614113
1911,V0747,Rota Guaraí,NORTE,AL,AL03037009,29/07/2026,11:36,Outros,1081814,URBANO,6,45,Sim,300,300,0,-8.8522817,-48.4962817,3,https://raw.githubusercontent.com/LGRSV/vera-vegetacao/main/fotos/Enecol-Centro/VER20260729113627102731643F1.jpg,https://raw.githubusercontent.com/LGRSV/vera-vegetacao/main/fotos/Enecol-Centro/VER20260729113627102731643F2.jpg,https://raw.githubusercontent.com/LGRSV/vera-vegetacao/main/fotos/Enecol-Centro/VER20260729113627102731643F3.jpg,,V20260729113627102731643
1912,V0748,Rota Guaraí,NORTE,AL,AL03037009,29/07/2026,11:44,Oiti,,URBANO,7,70,Sim,300,300,0,-8.8524133,-48.4972483,3,https://raw.githubusercontent.com/LGRSV/vera-vegetacao/main/fotos/Enecol-Centro/VER20260729114439166877880F1.jpg,https://raw.githubusercontent.com/LGRSV/vera-vegetacao/main/fotos/Enecol-Centro/VER20260729114439166877880F2.jpg,https://raw.githubusercontent.com/LGRSV/vera-vegetacao/main/fotos/Enecol-Centro/VER20260729114439166877880F3.jpg,,V20260729114439166877880
1913,V0749,Rota Guaraí,NORTE,AL,AL03037009,29/07/2026,11:45,Oiti,1081831,URBANO,7,70,Sim,300,300,0,-8.8524883,-48.4972583,3,https://raw.githubusercontent.com/LGRSV/vera-vegetacao/main/fotos/Enecol-Centro/VER20260729114535104144093F1.jpg,https://raw.githubusercontent.com/LGRSV/vera-vegetacao/main/fotos/Enecol-Centro/VER20260729114535104144093F2.jpg,https://raw.githubusercontent.com/LGRSV/vera-vegetacao/main/fotos/Enecol-Centro/VER20260729114535104144093F3.jpg,,V20260729114535104144093
1914,V0750,Rota Guaraí,NORTE,AL,AL03037009,29/07/2026,14:13,Outros,1081829,URBANO,4,30,Sim,300,300,0,-8.8523822,-48.4990623,3,https://raw.githubusercontent.com/LGRSV/vera-vegetacao/main/fotos/Enecol-Centro/VER20260729141348829433412F1.jpg,https://raw.githubusercontent.com/LGRSV/vera-vegetacao/main/fotos/Enecol-Centro/VER20260729141348829433412F2.jpg,https://raw.githubusercontent.com/LGRSV/vera-vegetacao/main/fotos/Enecol-Centro/VER20260729141348829433412F3.jpg,,V20260729141348829433412
1915,V0751,Rota Guaraí,NORTE,AL,AL03037009,29/07/2026,14:14,Outros,1081829,URBANO,4,30,Sim,300,300,0,-8.85233,-48.4991086,3,https://raw.githubusercontent.com/LGRSV/vera-vegetacao/main/fotos/Enecol-Centro/VER20260729141438763501314F1.jpg,https://raw.githubusercontent.com/LGRSV/vera-vegetacao/main/fotos/Enecol-Centro/VER20260729141438763501314F2.jpg,https://raw.githubusercontent.com/LGRSV/vera-vegetacao/main/fotos/Enecol-Centro/VER20260729141438763501314F3.jpg,,V20260729141438763501314
1916,V0752,Rota Guaraí,NORTE,AL,AL03037009,29/07/2026,14:18,Mangueira,1081817,URBANO,12,80,Sim,,300,0,-8.8511565,-48.4994906,3,https://raw.githubusercontent.com/LGRSV/vera-vegetacao/main/fotos/Enecol-Centro/VER20260729141815369664730F1.jpg,https://raw.githubusercontent.com/LGRSV/vera-vegetacao/main/fotos/Enecol-Centro/VER20260729141815369664730F2.jpg,https://raw.githubusercontent.com/LGRSV/vera-vegetacao/main/fotos/Enecol-Centro/VER20260729141815369664730F3.jpg,,V20260729141815369664730
1917,V0753,Rota Guaraí,NORTE,AL,AL02037009,29/07/2026,14:31,Mangueira,913202,URBANO,11,130,Sim,,300,0,-8.8337304,-48.5118855,3,https://raw.githubusercontent.com/LGRSV/vera-vegetacao/main/fotos/Enecol-Centro/VER20260729143154596372081F1.jpg,https://raw.githubusercontent.com/LGRSV/vera-vegetacao/main/fotos/Enecol-Centro/VER20260729143154596372081F2.jpg,https://raw.githubusercontent.com/LGRSV/vera-vegetacao/main/fotos/Enecol-Centro/VER20260729143154596372081F3.jpg,,V20260729143154596372081
1918,V0754,Rota Guaraí,NORTE,AL,AL02037009,29/07/2026,14:33,Coqueiro,913202,URBANO,5,90,Sim,300,300,0,-8.8337531,-48.5116418,3,https://raw.githubusercontent.com/LGRSV/vera-vegetacao/main/fotos/Enecol-Centro/VER20260729143331974573921F1.jpg,https://raw.githubusercontent.com/LGRSV/vera-vegetacao/main/fotos/Enecol-Centro/VER20260729143331974573921F2.jpg,https://raw.githubusercontent.com/LGRSV/vera-vegetacao/main/fotos/Enecol-Centro/VER20260729143331974573921F3.jpg,,V20260729143331974573921
1919,V0755,Rota Guaraí,NORTE,AL,AL01038009,29/07/2026,14:35,Coqueiro,126877,URBANO,6,100,Sim,300,300,0,-8.833706,-48.5113546,3,https://raw.githubusercontent.com/LGRSV/vera-vegetacao/main/fotos/Enecol-Centro/VER20260729143503857697425F1.jpg,https://raw.githubusercontent.com/LGRSV/vera-vegetacao/main/fotos/Enecol-Centro/VER20260729143503857697425F2.jpg,https://raw.githubusercontent.com/LGRSV/vera-vegetacao/main/fotos/Enecol-Centro/VER20260729143503857697425F3.jpg,,V20260729143503857697425
1920,V0756,Rota Guaraí,NORTE,AL,AL01038009,29/07/2026,14:36,Coqueiro,126877,URBANO,6,120,Sim,300,300,0,-8.8336318,-48.511352,3,https://raw.githubusercontent.com/LGRSV/vera-vegetacao/main/fotos/Enecol-Centro/VER20260729143604092756211F1.jpg,https://raw.githubusercontent.com/LGRSV/vera-vegetacao/main/fotos/Enecol-Centro/VER20260729143604092756211F2.jpg,https://raw.githubusercontent.com/LGRSV/vera-vegetacao/main/fotos/Enecol-Centro/VER20260729143604092756211F3.jpg,,V20260729143604092756211
1921,V0757,Rota Guaraí,NORTE,AL,AL01038009,29/07/2026,14:41,Coqueiro,1774291,URBANO,7,110,Sim,50,300,0,-8.8334734,-48.510292,3,https://raw.githubusercontent.com/LGRSV/vera-vegetacao/main/fotos/Enecol-Centro/VER20260729144116487909799F1.jpg,https://raw.githubusercontent.com/LGRSV/vera-vegetacao/main/fotos/Enecol-Centro/VER20260729144116487909799F2.jpg,https://raw.githubusercontent.com/LGRSV/vera-vegetacao/main/fotos/Enecol-Centro/VER20260729144116487909799F3.jpg,,V20260729144116487909799
1922,V0758,Rota Guaraí,NORTE,AL,AL01038009,29/07/2026,14:42,Coqueiro,366489,URBANO,7,100,Sim,300,300,0,-8.8334327,-48.5099104,3,https://raw.githubusercontent.com/LGRSV/vera-vegetacao/main/fotos/Enecol-Centro/VER20260729144236239869192F1.jpg,https://raw.githubusercontent.com/LGRSV/vera-vegetacao/main/fotos/Enecol-Centro/VER20260729144236239869192F2.jpg,https://raw.githubusercontent.com/LGRSV/vera-vegetacao/main/fotos/Enecol-Centro/VER20260729144236239869192F3.jpg,,V20260729144236239869192
1923,V0759,Rota Guaraí,NORTE,AL,AL01038009,29/07/2026,14:44,Outros,911099,URBANO,9,120,Sim,100,300,0,-8.8333917,-48.5098833,3,https://raw.githubusercontent.com/LGRSV/vera-vegetacao/main/fotos/Enecol-Centro/VER20260729144416799010609F1.jpg,https://raw.githubusercontent.com/LGRSV/vera-vegetacao/main/fotos/Enecol-Centro/VER20260729144416799010609F2.jpg,https://raw.githubusercontent.com/LGRSV/vera-vegetacao/main/fotos/Enecol-Centro/VER20260729144416799010609F3.jpg,,V20260729144416799010609
1924,V0760,Rota Guaraí,NORTE,AL,AL01038009,29/07/2026,14:45,Outros,911099,URBANO,9,80,Sim,200,300,0,-8.8333727,-48.5096451,3,https://raw.githubusercontent.com/LGRSV/vera-vegetacao/main/fotos/Enecol-Centro/VER20260729144517568749878F1.jpg,https://raw.githubusercontent.com/LGRSV/vera-vegetacao/main/fotos/Enecol-Centro/VER20260729144517568749878F2.jpg,https://raw.githubusercontent.com/LGRSV/vera-vegetacao/main/fotos/Enecol-Centro/VER20260729144517568749878F3.jpg,,V20260729144517568749878
1925,V0761,Rota Guaraí,NORTE,AL,AL01038009,29/07/2026,14:46,Coqueiro,911100,URBANO,10,90,Sim,50,0,0,-8.8333709,-48.5096587,3,https://raw.githubusercontent.com/LGRSV/vera-vegetacao/main/fotos/Enecol-Centro/VER20260729144646640734560F1.jpg,https://raw.githubusercontent.com/LGRSV/vera-vegetacao/main/fotos/Enecol-Centro/VER20260729144646640734560F2.jpg,https://raw.githubusercontent.com/LGRSV/vera-vegetacao/main/fotos/Enecol-Centro/VER20260729144646640734560F3.jpg,,V20260729144646640734560
1926,V0762,Rota Guaraí,NORTE,AL,AL01038009,29/07/2026,14:48,Outros,911100,URBANO,7.5,60,Sim,150,300,0,-8.8333077,-48.5095742,3,https://raw.githubusercontent.com/LGRSV/vera-vegetacao/main/fotos/Enecol-Centro/VER20260729144812070762756F1.jpg,https://raw.githubusercontent.com/LGRSV/vera-vegetacao/main/fotos/Enecol-Centro/VER20260729144812070762756F2.jpg,https://raw.githubusercontent.com/LGRSV/vera-vegetacao/main/fotos/Enecol-Centro/VER20260729144812070762756F3.jpg,,V20260729144812070762756
1927,V0763,Rota Guaraí,NORTE,AL,AL01038009,29/07/2026,14:50,Coqueiro,126792,URBANO,11,100,Sim,250,50,0,-8.8331667,-48.5094167,3,https://raw.githubusercontent.com/LGRSV/vera-vegetacao/main/fotos/Enecol-Centro/VER20260729145041914489654F1.jpg,https://raw.githubusercontent.com/LGRSV/vera-vegetacao/main/fotos/Enecol-Centro/VER20260729145041914489654F2.jpg,https://raw.githubusercontent.com/LGRSV/vera-vegetacao/main/fotos/Enecol-Centro/VER20260729145041914489654F3.jpg,,V20260729145041914489654
1928,V0764,Rota Guaraí,NORTE,AL,AL01038009,29/07/2026,14:53,Oiti,126787,URBANO,10.5,90,Sim,200,150,0,-8.8333953,-48.5094044,3,https://raw.githubusercontent.com/LGRSV/vera-vegetacao/main/fotos/Enecol-Centro/VER20260729145334211901078F1.jpg,https://raw.githubusercontent.com/LGRSV/vera-vegetacao/main/fotos/Enecol-Centro/VER20260729145334211901078F2.jpg,https://raw.githubusercontent.com/LGRSV/vera-vegetacao/main/fotos/Enecol-Centro/VER20260729145334211901078F3.jpg,,V20260729145334211901078
1929,V0765,Rota Guaraí,NORTE,AL,AL01038009,29/07/2026,14:54,Oiti,912945,URBANO,14,80,Sim,200,200,0,-8.8335172,-48.5092925,3,https://raw.githubusercontent.com/LGRSV/vera-vegetacao/main/fotos/Enecol-Centro/VER20260729145457301552654F1.jpg,https://raw.githubusercontent.com/LGRSV/vera-vegetacao/main/fotos/Enecol-Centro/VER20260729145457301552654F2.jpg,https://raw.githubusercontent.com/LGRSV/vera-vegetacao/main/fotos/Enecol-Centro/VER20260729145457301552654F3.jpg,,V20260729145457301552654
1930,V0766,Rota Guaraí,NORTE,AL,AL01038009,29/07/2026,14:55,Oiti,,URBANO,14,85,Sim,200,200,0,-8.8335524,-48.5092877,3,https://raw.githubusercontent.com/LGRSV/vera-vegetacao/main/fotos/Enecol-Centro/VER20260729145600266400800F1.jpg,https://raw.githubusercontent.com/LGRSV/vera-vegetacao/main/fotos/Enecol-Centro/VER20260729145600266400800F2.jpg,https://raw.githubusercontent.com/LGRSV/vera-vegetacao/main/fotos/Enecol-Centro/VER20260729145600266400800F3.jpg,,V20260729145600266400800
1931,V0767,Rota Guaraí,NORTE,AL,AL01038009,29/07/2026,14:57,Oiti,912945,URBANO,13.5,80,Sim,200,200,0,-8.833706,-48.509356,3,https://raw.githubusercontent.com/LGRSV/vera-vegetacao/main/fotos/Enecol-Centro/VER20260729145716586906294F1.jpg,https://raw.githubusercontent.com/LGRSV/vera-vegetacao/main/fotos/Enecol-Centro/VER20260729145716586906294F2.jpg,https://raw.githubusercontent.com/LGRSV/vera-vegetacao/main/fotos/Enecol-Centro/VER20260729145716586906294F3.jpg,,V20260729145716586906294
1932,V0768,Rota Guaraí,NORTE,AL,AL01038009,29/07/2026,14:58,Oiti,912945,URBANO,14,80,Sim,200,200,0,-8.833722,-48.5093501,3,https://raw.githubusercontent.com/LGRSV/vera-vegetacao/main/fotos/Enecol-Centro/VER20260729145843748050482F1.jpg,https://raw.githubusercontent.com/LGRSV/vera-vegetacao/main/fotos/Enecol-Centro/VER20260729145843748050482F2.jpg,https://raw.githubusercontent.com/LGRSV/vera-vegetacao/main/fotos/Enecol-Centro/VER20260729145843748050482F3.jpg,,V20260729145843748050482
1933,V0769,Rota Guaraí,NORTE,AL,AL01038009,29/07/2026,15:00,Oiti,912945,URBANO,14,80,Sim,200,200,0,-8.833795,-48.50925,3,https://raw.githubusercontent.com/LGRSV/vera-vegetacao/main/fotos/Enecol-Centro/VER20260729150017229990290F1.jpg,https://raw.githubusercontent.com/LGRSV/vera-vegetacao/main/fotos/Enecol-Centro/VER20260729150017229990290F2.jpg,https://raw.githubusercontent.com/LGRSV/vera-vegetacao/main/fotos/Enecol-Centro/VER20260729150017229990290F3.jpg,,V20260729150017229990290
1934,V0770,Rota Guaraí,NORTE,AL,AL01038009,29/07/2026,15:01,Oiti,912948,URBANO,14,85,Sim,250,200,0,-8.83387,-48.509237,3,https://raw.githubusercontent.com/LGRSV/vera-vegetacao/main/fotos/Enecol-Centro/VER20260729150144800806535F1.jpg,https://raw.githubusercontent.com/LGRSV/vera-vegetacao/main/fotos/Enecol-Centro/VER20260729150144800806535F2.jpg,https://raw.githubusercontent.com/LGRSV/vera-vegetacao/main/fotos/Enecol-Centro/VER20260729150144800806535F3.jpg,,V20260729150144800806535
1935,V0771,Rota Guaraí,NORTE,AL,AL01038009,29/07/2026,15:03,Oiti,912948,URBANO,14,100,Sim,100,150,0,-8.8339698,-48.509189,3,https://raw.githubusercontent.com/LGRSV/vera-vegetacao/main/fotos/Enecol-Centro/VER20260729150311876632240F1.jpg,https://raw.githubusercontent.com/LGRSV/vera-vegetacao/main/fotos/Enecol-Centro/VER20260729150311876632240F2.jpg,https://raw.githubusercontent.com/LGRSV/vera-vegetacao/main/fotos/Enecol-Centro/VER20260729150311876632240F3.jpg,,V20260729150311876632240
1936,V0772,Rota Guaraí,NORTE,AL,AL01038009,29/07/2026,15:04,Oiti,912948,URBANO,15,80,Sim,100,50,0,-8.8340626,-48.5092364,3,https://raw.githubusercontent.com/LGRSV/vera-vegetacao/main/fotos/Enecol-Centro/VER20260729150455742356775F1.jpg,https://raw.githubusercontent.com/LGRSV/vera-vegetacao/main/fotos/Enecol-Centro/VER20260729150455742356775F2.jpg,https://raw.githubusercontent.com/LGRSV/vera-vegetacao/main/fotos/Enecol-Centro/VER20260729150455742356775F3.jpg,,V20260729150455742356775
1937,V0773,Rota Guaraí,NORTE,AL,AL01038009,29/07/2026,15:16,Mangueira,913477,URBANO,15,160,Sim,300,300,0,-8.83505,-48.5089263,3,https://raw.githubusercontent.com/LGRSV/vera-vegetacao/main/fotos/Enecol-Centro/VER20260729151622430131347F1.jpg,https://raw.githubusercontent.com/LGRSV/vera-vegetacao/main/fotos/Enecol-Centro/VER20260729151622430131347F2.jpg,https://raw.githubusercontent.com/LGRSV/vera-vegetacao/main/fotos/Enecol-Centro/VER20260729151622430131347F3.jpg,,V20260729151622430131347
1938,V0774,Rota Guaraí,NORTE,AL,AL01038009,29/07/2026,15:17,Coqueiro,126796,URBANO,9.5,100,Sim,100,50,0,-8.8350966,-48.508887,3,https://raw.githubusercontent.com/LGRSV/vera-vegetacao/main/fotos/Enecol-Centro/VER20260729151734873505942F1.jpg,https://raw.githubusercontent.com/LGRSV/vera-vegetacao/main/fotos/Enecol-Centro/VER20260729151734873505942F2.jpg,https://raw.githubusercontent.com/LGRSV/vera-vegetacao/main/fotos/Enecol-Centro/VER20260729151734873505942F3.jpg,,V20260729151734873505942
1939,V0775,Rota Guaraí,NORTE,AL,AL02037009,29/07/2026,15:20,Mangueira,30775281,URBANO,19,120,Sim,300,300,0,-8.8361986,-48.508601,3,https://raw.githubusercontent.com/LGRSV/vera-vegetacao/main/fotos/Enecol-Centro/VER20260729152005419617675F1.jpg,https://raw.githubusercontent.com/LGRSV/vera-vegetacao/main/fotos/Enecol-Centro/VER20260729152005419617675F2.jpg,https://raw.githubusercontent.com/LGRSV/vera-vegetacao/main/fotos/Enecol-Centro/VER20260729152005419617675F3.jpg,,V20260729152005419617675
1940,V0776,Rota Guaraí,NORTE,AL,AL02037009,29/07/2026,15:21,Cajueiro,126799,URBANO,10,115,Sim,,50,0,-8.8361421,-48.5085613,3,https://raw.githubusercontent.com/LGRSV/vera-vegetacao/main/fotos/Enecol-Centro/VER20260729152113666693614F1.jpg,https://raw.githubusercontent.com/LGRSV/vera-vegetacao/main/fotos/Enecol-Centro/VER20260729152113666693614F2.jpg,https://raw.githubusercontent.com/LGRSV/vera-vegetacao/main/fotos/Enecol-Centro/VER20260729152113666693614F3.jpg,,V20260729152113666693614
1941,V0777,Rota Guaraí,NORTE,AL,AL02037009,29/07/2026,15:28,Oiti,912205,URBANO,4,35,Sim,300,300,0,-8.8376384,-48.508239,3,https://raw.githubusercontent.com/LGRSV/vera-vegetacao/main/fotos/Enecol-Centro/VER20260729152810047377128F1.jpg,https://raw.githubusercontent.com/LGRSV/vera-vegetacao/main/fotos/Enecol-Centro/VER20260729152810047377128F2.jpg,https://raw.githubusercontent.com/LGRSV/vera-vegetacao/main/fotos/Enecol-Centro/VER20260729152810047377128F3.jpg,,V20260729152810047377128
1942,V0778,Rota Guaraí,NORTE,AL,AL02037009,29/07/2026,15:29,Oiti,912205,URBANO,5,50,Sim,250,300,0,-8.8376078,-48.5082229,3,https://raw.githubusercontent.com/LGRSV/vera-vegetacao/main/fotos/Enecol-Centro/VER20260729152932256430281F1.jpg,https://raw.githubusercontent.com/LGRSV/vera-vegetacao/main/fotos/Enecol-Centro/VER20260729152932256430281F2.jpg,https://raw.githubusercontent.com/LGRSV/vera-vegetacao/main/fotos/Enecol-Centro/VER20260729152932256430281F3.jpg,,V20260729152932256430281
1943,V0779,Rota Guaraí,NORTE,AL,AL02037009,29/07/2026,15:30,Outros,123968,URBANO,5,60,Sim,300,300,0,-8.8379392,-48.5080789,3,https://raw.githubusercontent.com/LGRSV/vera-vegetacao/main/fotos/Enecol-Centro/VER20260729153051738032722F1.jpg,https://raw.githubusercontent.com/LGRSV/vera-vegetacao/main/fotos/Enecol-Centro/VER20260729153051738032722F2.jpg,https://raw.githubusercontent.com/LGRSV/vera-vegetacao/main/fotos/Enecol-Centro/VER20260729153051738032722F3.jpg,,V20260729153051738032722
1944,V0780,Rota Guaraí,NORTE,AL,AL02037009,29/07/2026,15:35,Outros,126590,URBANO,5,40,Sim,300,300,0,-8.8385822,-48.5080062,3,https://raw.githubusercontent.com/LGRSV/vera-vegetacao/main/fotos/Enecol-Centro/VER20260729153520503550641F1.jpg,https://raw.githubusercontent.com/LGRSV/vera-vegetacao/main/fotos/Enecol-Centro/VER20260729153520503550641F2.jpg,https://raw.githubusercontent.com/LGRSV/vera-vegetacao/main/fotos/Enecol-Centro/VER20260729153520503550641F3.jpg,,V20260729153520503550641
1945,V0781,Rota Guaraí,NORTE,AL,AL02037009,29/07/2026,15:36,Buriti,913939,URBANO,11,80,Sim,300,100,0,-8.838304,-48.5080683,3,https://raw.githubusercontent.com/LGRSV/vera-vegetacao/main/fotos/Enecol-Centro/VER20260729153640249776464F1.jpg,https://raw.githubusercontent.com/LGRSV/vera-vegetacao/main/fotos/Enecol-Centro/VER20260729153640249776464F2.jpg,https://raw.githubusercontent.com/LGRSV/vera-vegetacao/main/fotos/Enecol-Centro/VER20260729153640249776464F3.jpg,,V20260729153640249776464
1946,V0782,Rota Guaraí,NORTE,AL,AL02037009,29/07/2026,15:44,Oiti,911726,URBANO,3,30,Sim,300,300,0,-8.8409183,-48.50734,3,https://raw.githubusercontent.com/LGRSV/vera-vegetacao/main/fotos/Enecol-Centro/VER20260729154457288069085F1.jpg,https://raw.githubusercontent.com/LGRSV/vera-vegetacao/main/fotos/Enecol-Centro/VER20260729154457288069085F2.jpg,https://raw.githubusercontent.com/LGRSV/vera-vegetacao/main/fotos/Enecol-Centro/VER20260729154457288069085F3.jpg,,V20260729154457288069085
1947,V0783,Rota Guaraí,NORTE,AL,AL02037009,29/07/2026,15:46,Oiti,911726,URBANO,5,60,Sim,300,300,0,-8.8409033,-48.5073367,3,https://raw.githubusercontent.com/LGRSV/vera-vegetacao/main/fotos/Enecol-Centro/VER20260729154614519480697F1.jpg,https://raw.githubusercontent.com/LGRSV/vera-vegetacao/main/fotos/Enecol-Centro/VER20260729154614519480697F2.jpg,https://raw.githubusercontent.com/LGRSV/vera-vegetacao/main/fotos/Enecol-Centro/VER20260729154614519480697F3.jpg,,V20260729154614519480697
1948,V0784,Rota Guaraí,NORTE,AL,AL02037009,29/07/2026,15:47,Oiti,911725,URBANO,5,40,Sim,300,300,0,-8.84088,-48.50735,3,https://raw.githubusercontent.com/LGRSV/vera-vegetacao/main/fotos/Enecol-Centro/VER20260729154715067668064F1.jpg,https://raw.githubusercontent.com/LGRSV/vera-vegetacao/main/fotos/Enecol-Centro/VER20260729154715067668064F2.jpg,https://raw.githubusercontent.com/LGRSV/vera-vegetacao/main/fotos/Enecol-Centro/VER20260729154715067668064F3.jpg,,V20260729154715067668064
1949,V0785,Rota Guaraí,NORTE,AL,AL02037009,29/07/2026,15:48,Oiti,911725,URBANO,4,40,Sim,300,300,0,-8.84076,-48.5073917,3,https://raw.githubusercontent.com/LGRSV/vera-vegetacao/main/fotos/Enecol-Centro/VER20260729154828219462194F1.jpg,https://raw.githubusercontent.com/LGRSV/vera-vegetacao/main/fotos/Enecol-Centro/VER20260729154828219462194F2.jpg,https://raw.githubusercontent.com/LGRSV/vera-vegetacao/main/fotos/Enecol-Centro/VER20260729154828219462194F3.jpg,,V20260729154828219462194
1950,V0786,Rota Guaraí,NORTE,AL,AL02037009,29/07/2026,15:54,Outros,126587,URBANO,7,60,Sim,300,300,0,-8.84212,-48.507035,3,https://raw.githubusercontent.com/LGRSV/vera-vegetacao/main/fotos/Enecol-Centro/VER20260729155432753967085F1.jpg,https://raw.githubusercontent.com/LGRSV/vera-vegetacao/main/fotos/Enecol-Centro/VER20260729155432753967085F2.jpg,https://raw.githubusercontent.com/LGRSV/vera-vegetacao/main/fotos/Enecol-Centro/VER20260729155432753967085F3.jpg,,V20260729155432753967085
1951,V0787,Rota Guaraí,NORTE,AL,AL02037009,29/07/2026,16:02,Oiti,911190,URBANO,4,70,Sim,300,300,0,-8.8440033,-48.5064883,3,https://raw.githubusercontent.com/LGRSV/vera-vegetacao/main/fotos/Enecol-Centro/VER20260729160232996428405F1.jpg,https://raw.githubusercontent.com/LGRSV/vera-vegetacao/main/fotos/Enecol-Centro/VER20260729160232996428405F2.jpg,https://raw.githubusercontent.com/LGRSV/vera-vegetacao/main/fotos/Enecol-Centro/VER20260729160232996428405F3.jpg,,V20260729160232996428405
1952,V0788,Rota Guaraí,NORTE,AL,AL02037009,29/07/2026,16:08,Mangueira,911190,URBANO,12,120,Sim,300,200,0,-8.8441636,-48.5064482,3,https://raw.githubusercontent.com/LGRSV/vera-vegetacao/main/fotos/Enecol-Centro/VER20260729160817952662705F1.jpg,https://raw.githubusercontent.com/LGRSV/vera-vegetacao/main/fotos/Enecol-Centro/VER20260729160817952662705F2.jpg,https://raw.githubusercontent.com/LGRSV/vera-vegetacao/main/fotos/Enecol-Centro/VER20260729160817952662705F3.jpg,,V20260729160817952662705
1953,V0789,Rota Guaraí,NORTE,AL,AL01037009,29/07/2026,16:18,Oiti,123864,URBANO,3.5,40,Sim,300,300,0,-8.8470667,-48.50566,3,https://raw.githubusercontent.com/LGRSV/vera-vegetacao/main/fotos/Enecol-Centro/VER20260729161834949830001F1.jpg,https://raw.githubusercontent.com/LGRSV/vera-vegetacao/main/fotos/Enecol-Centro/VER20260729161834949830001F2.jpg,https://raw.githubusercontent.com/LGRSV/vera-vegetacao/main/fotos/Enecol-Centro/VER20260729161834949830001F3.jpg,,V20260729161834949830001
1954,V0790,Rota Guaraí,NORTE,AL,AL01037009,29/07/2026,16:22,Outros,914002,URBANO,3.5,40,Sim,,300,0,-8.8495381,-48.5051263,3,https://raw.githubusercontent.com/LGRSV/vera-vegetacao/main/fotos/Enecol-Centro/VER20260729162235733838999F1.jpg,https://raw.githubusercontent.com/LGRSV/vera-vegetacao/main/fotos/Enecol-Centro/VER20260729162235733838999F2.jpg,https://raw.githubusercontent.com/LGRSV/vera-vegetacao/main/fotos/Enecol-Centro/VER20260729162235733838999F3.jpg,,V20260729162235733838999
1955,V0791,Rota Guaraí,NORTE,AL,AL01037009,29/07/2026,16:25,Outros,913538,URBANO,4.5,50,Sim,300,300,0,-8.850348,-48.504545,3,https://raw.githubusercontent.com/LGRSV/vera-vegetacao/main/fotos/Enecol-Centro/VER20260729162533909715754F1.jpg,https://raw.githubusercontent.com/LGRSV/vera-vegetacao/main/fotos/Enecol-Centro/VER20260729162533909715754F2.jpg,https://raw.githubusercontent.com/LGRSV/vera-vegetacao/main/fotos/Enecol-Centro/VER20260729162533909715754F3.jpg,,V20260729162533909715754
1956,V0792,Rota Guaraí,NORTE,AL,AL01037009,29/07/2026,16:26,Outros,913538,URBANO,2.5,30,Sim,300,300,0,-8.8506251,-48.5045183,3,https://raw.githubusercontent.com/LGRSV/vera-vegetacao/main/fotos/Enecol-Centro/VER20260729162648339587929F1.jpg,https://raw.githubusercontent.com/LGRSV/vera-vegetacao/main/fotos/Enecol-Centro/VER20260729162648339587929F2.jpg,https://raw.githubusercontent.com/LGRSV/vera-vegetacao/main/fotos/Enecol-Centro/VER20260729162648339587929F3.jpg,,V20260729162648339587929
1957,V0793,Rota Guaraí,NORTE,AL,AL01037009,29/07/2026,16:36,Outros,912550,URBANO,7,50,Sim,50,300,0,-8.851859,-48.5043001,3,https://raw.githubusercontent.com/LGRSV/vera-vegetacao/main/fotos/Enecol-Centro/VER20260729163655788538928F1.jpg,https://raw.githubusercontent.com/LGRSV/vera-vegetacao/main/fotos/Enecol-Centro/VER20260729163655788538928F2.jpg,https://raw.githubusercontent.com/LGRSV/vera-vegetacao/main/fotos/Enecol-Centro/VER20260729163655788538928F3.jpg,,V20260729163655788538928
1958,V0794,Rota Guaraí,NORTE,AL,AL01037009,29/07/2026,16:37,Outros,912550,URBANO,4,40,Sim,300,300,0,-8.8519146,-48.5042346,3,https://raw.githubusercontent.com/LGRSV/vera-vegetacao/main/fotos/Enecol-Centro/VER20260729163751784751451F1.jpg,https://raw.githubusercontent.com/LGRSV/vera-vegetacao/main/fotos/Enecol-Centro/VER20260729163751784751451F2.jpg,https://raw.githubusercontent.com/LGRSV/vera-vegetacao/main/fotos/Enecol-Centro/VER20260729163751784751451F3.jpg,,V20260729163751784751451
1959,V0795,Rota Guaraí,NORTE,AL,AL01037009,29/07/2026,16:40,Goiaba,123960,URBANO,8,80,Sim,50,300,0,-8.8523692,-48.5045206,3,https://raw.githubusercontent.com/LGRSV/vera-vegetacao/main/fotos/Enecol-Centro/VER20260729164053745675077F1.jpg,https://raw.githubusercontent.com/LGRSV/vera-vegetacao/main/fotos/Enecol-Centro/VER20260729164053745675077F2.jpg,https://raw.githubusercontent.com/LGRSV/vera-vegetacao/main/fotos/Enecol-Centro/VER20260729164053745675077F3.jpg,,V20260729164053745675077
1960,V0796,Rota Guaraí,NORTE,AL,AL01037009,29/07/2026,16:43,Outros,920192,URBANO,4,60,Sim,300,300,0,-8.8526348,-48.5056029,3,https://raw.githubusercontent.com/LGRSV/vera-vegetacao/main/fotos/Enecol-Centro/VER20260729164315037013352F1.jpg,https://raw.githubusercontent.com/LGRSV/vera-vegetacao/main/fotos/Enecol-Centro/VER20260729164315037013352F2.jpg,https://raw.githubusercontent.com/LGRSV/vera-vegetacao/main/fotos/Enecol-Centro/VER20260729164315037013352F3.jpg,,V20260729164315037013352
1961,V0797,Rota Guaraí,NORTE,AL,AL01037009,29/07/2026,16:44,Outros,920189,URBANO,2.5,40,Sim,300,300,0,-8.8527796,-48.5059577,3,https://raw.githubusercontent.com/LGRSV/vera-vegetacao/main/fotos/Enecol-Centro/VER20260729164500180029992F1.jpg,https://raw.githubusercontent.com/LGRSV/vera-vegetacao/main/fotos/Enecol-Centro/VER20260729164500180029992F2.jpg,https://raw.githubusercontent.com/LGRSV/vera-vegetacao/main/fotos/Enecol-Centro/VER20260729164500180029992F3.jpg,,V20260729164500180029992
1962,V0798,Rota Guaraí,NORTE,AL,AL01037009,29/07/2026,16:46,Oiti,920189,URBANO,7,80,Sim,300,300,0,-8.8527553,-48.5059605,3,https://raw.githubusercontent.com/LGRSV/vera-vegetacao/main/fotos/Enecol-Centro/VER20260729164617597618679F1.jpg,https://raw.githubusercontent.com/LGRSV/vera-vegetacao/main/fotos/Enecol-Centro/VER20260729164617597618679F2.jpg,https://raw.githubusercontent.com/LGRSV/vera-vegetacao/main/fotos/Enecol-Centro/VER20260729164617597618679F3.jpg,,V20260729164617597618679
1963,V0799,Rota Guaraí,NORTE,AL,AL01037009,29/07/2026,16:51,Cajueiro,918862,URBANO,6,70,Sim,50,300,0,-8.8518653,-48.5070194,3,https://raw.githubusercontent.com/LGRSV/vera-vegetacao/main/fotos/Enecol-Centro/VER20260729165102993523681F1.jpg,https://raw.githubusercontent.com/LGRSV/vera-vegetacao/main/fotos/Enecol-Centro/VER20260729165102993523681F2.jpg,https://raw.githubusercontent.com/LGRSV/vera-vegetacao/main/fotos/Enecol-Centro/VER20260729165102993523681F3.jpg,,V20260729165102993523681
1964,V0800,Rota Guaraí,NORTE,AL,AL01037009,29/07/2026,16:52,Coqueiro,918862,URBANO,6,50,Sim,300,300,0,-8.8519784,-48.506973,3,https://raw.githubusercontent.com/LGRSV/vera-vegetacao/main/fotos/Enecol-Centro/VER20260729165210316136069F1.jpg,https://raw.githubusercontent.com/LGRSV/vera-vegetacao/main/fotos/Enecol-Centro/VER20260729165210316136069F2.jpg,https://raw.githubusercontent.com/LGRSV/vera-vegetacao/main/fotos/Enecol-Centro/VER20260729165210316136069F3.jpg,,V20260729165210316136069
1965,V0801,Rota Guaraí,NORTE,AL,AL01037009,29/07/2026,16:59,Mogno,920178,URBANO,10,70,Sim,0,100,0,-8.8531198,-48.5077414,3,https://raw.githubusercontent.com/LGRSV/vera-vegetacao/main/fotos/Enecol-Centro/VER20260729165915080368054F1.jpg,https://raw.githubusercontent.com/LGRSV/vera-vegetacao/main/fotos/Enecol-Centro/VER20260729165915080368054F2.jpg,https://raw.githubusercontent.com/LGRSV/vera-vegetacao/main/fotos/Enecol-Centro/VER20260729165915080368054F3.jpg,,V20260729165915080368054
1966,V0802,Rota Guaraí,NORTE,AL,AL01037009,29/07/2026,17:00,Oiti,919547,URBANO,7,60,Sim,150,300,0,-8.8531229,-48.5077648,3,https://raw.githubusercontent.com/LGRSV/vera-vegetacao/main/fotos/Enecol-Centro/VER20260729170017320164387F1.jpg,https://raw.githubusercontent.com/LGRSV/vera-vegetacao/main/fotos/Enecol-Centro/VER20260729170017320164387F2.jpg,https://raw.githubusercontent.com/LGRSV/vera-vegetacao/main/fotos/Enecol-Centro/VER20260729170017320164387F3.jpg,,V20260729170017320164387
1967,V0803,Rota Guaraí,NORTE,AL,AL01037009,29/07/2026,17:01,Mangueira,919547,URBANO,13,140,Sim,300,50,0,-8.8531465,-48.5077602,3,https://raw.githubusercontent.com/LGRSV/vera-vegetacao/main/fotos/Enecol-Centro/VER20260729170120504362956F1.jpg,https://raw.githubusercontent.com/LGRSV/vera-vegetacao/main/fotos/Enecol-Centro/VER20260729170120504362956F2.jpg,https://raw.githubusercontent.com/LGRSV/vera-vegetacao/main/fotos/Enecol-Centro/VER20260729170120504362956F3.jpg,,V20260729170120504362956
1968,V0804,Rota Guaraí,NORTE,AL,AL01037009,29/07/2026,17:02,Oiti,919547,URBANO,7.5,60,Sim,150,300,0,-8.8531714,-48.5078773,3,https://raw.githubusercontent.com/LGRSV/vera-vegetacao/main/fotos/Enecol-Centro/VER20260729170224360901678F1.jpg,https://raw.githubusercontent.com/LGRSV/vera-vegetacao/main/fotos/Enecol-Centro/VER20260729170224360901678F2.jpg,https://raw.githubusercontent.com/LGRSV/vera-vegetacao/main/fotos/Enecol-Centro/VER20260729170224360901678F3.jpg,,V20260729170224360901678
1969,V0805,Rota Guaraí,NORTE,AL,AL01037009,29/07/2026,17:03,Oiti,919547,URBANO,7,60,Sim,100,300,0,-8.8531526,-48.5080232,3,https://raw.githubusercontent.com/LGRSV/vera-vegetacao/main/fotos/Enecol-Centro/VER20260729170321471492006F1.jpg,https://raw.githubusercontent.com/LGRSV/vera-vegetacao/main/fotos/Enecol-Centro/VER20260729170321471492006F2.jpg,https://raw.githubusercontent.com/LGRSV/vera-vegetacao/main/fotos/Enecol-Centro/VER20260729170321471492006F3.jpg,,V20260729170321471492006
1970,V0806,Rota Guaraí,NORTE,AL,AL01037009,29/07/2026,17:04,Outros,910931,URBANO,5,40,Sim,300,300,0,-8.8532086,-48.5084118,3,https://raw.githubusercontent.com/LGRSV/vera-vegetacao/main/fotos/Enecol-Centro/VER20260729170452516161464F1.jpg,https://raw.githubusercontent.com/LGRSV/vera-vegetacao/main/fotos/Enecol-Centro/VER20260729170452516161464F2.jpg,https://raw.githubusercontent.com/LGRSV/vera-vegetacao/main/fotos/Enecol-Centro/VER20260729170452516161464F3.jpg,,V20260729170452516161464
1971,V0807,Rota Guaraí,NORTE,AL,AL01037009,29/07/2026,17:06,Mangueira,126685,URBANO,10,130,Sim,,50,0,-8.8532394,-48.5086516,3,https://raw.githubusercontent.com/LGRSV/vera-vegetacao/main/fotos/Enecol-Centro/VER20260729170620987305630F1.jpg,https://raw.githubusercontent.com/LGRSV/vera-vegetacao/main/fotos/Enecol-Centro/VER20260729170620987305630F2.jpg,https://raw.githubusercontent.com/LGRSV/vera-vegetacao/main/fotos/Enecol-Centro/VER20260729170620987305630F3.jpg,,V20260729170620987305630
1972,V0808,Rota Guaraí,NORTE,AL,AL01037009,30/07/2026,09:27,Outros,126982,URBANO,5,50,Sim,300,300,0,-8.8457833,-48.508525,3,https://raw.githubusercontent.com/LGRSV/vera-vegetacao/main/fotos/Enecol-Centro/VER20260730092705032009298F1.jpg,https://raw.githubusercontent.com/LGRSV/vera-vegetacao/main/fotos/Enecol-Centro/VER20260730092705032009298F2.jpg,https://raw.githubusercontent.com/LGRSV/vera-vegetacao/main/fotos/Enecol-Centro/VER20260730092705032009298F3.jpg,,V20260730092705032009298
1973,V0809,Rota Guaraí,NORTE,AL,AL01037009,30/07/2026,09:28,Oiti,123869,URBANO,7,80,Sim,250,300,0,-8.8456817,-48.50828,3,https://raw.githubusercontent.com/LGRSV/vera-vegetacao/main/fotos/Enecol-Centro/VER20260730092823710327818F1.jpg,https://raw.githubusercontent.com/LGRSV/vera-vegetacao/main/fotos/Enecol-Centro/VER20260730092823710327818F2.jpg,https://raw.githubusercontent.com/LGRSV/vera-vegetacao/main/fotos/Enecol-Centro/VER20260730092823710327818F3.jpg,,V20260730092823710327818
1974,V0810,Rota Guaraí,NORTE,AL,AL01037009,30/07/2026,09:29,Outros,914456,URBANO,6,50,Sim,250,300,0,-8.8458583,-48.5080467,3,https://raw.githubusercontent.com/LGRSV/vera-vegetacao/main/fotos/Enecol-Centro/VER20260730092947179523536F1.jpg,https://raw.githubusercontent.com/LGRSV/vera-vegetacao/main/fotos/Enecol-Centro/VER20260730092947179523536F2.jpg,https://raw.githubusercontent.com/LGRSV/vera-vegetacao/main/fotos/Enecol-Centro/VER20260730092947179523536F3.jpg,,V20260730092947179523536
1975,V0811,Rota Guaraí,NORTE,AL,AL01037009,30/07/2026,09:39,Cajueiro,913796,URBANO,9,80,Sim,300,300,0,-8.8472689,-48.5068484,3,https://raw.githubusercontent.com/LGRSV/vera-vegetacao/main/fotos/Enecol-Centro/VER20260730093955944072592F1.jpg,https://raw.githubusercontent.com/LGRSV/vera-vegetacao/main/fotos/Enecol-Centro/VER20260730093955944072592F2.jpg,https://raw.githubusercontent.com/LGRSV/vera-vegetacao/main/fotos/Enecol-Centro/VER20260730093955944072592F3.jpg,,V20260730093955944072592
1976,V0812,Rota Guaraí,NORTE,AL,AL01037009,30/07/2026,09:40,Oiti,913796,URBANO,7,45,Sim,150,300,0,-8.8472284,-48.506878,3,https://raw.githubusercontent.com/LGRSV/vera-vegetacao/main/fotos/Enecol-Centro/VER20260730094053892418093F1.jpg,https://raw.githubusercontent.com/LGRSV/vera-vegetacao/main/fotos/Enecol-Centro/VER20260730094053892418093F2.jpg,https://raw.githubusercontent.com/LGRSV/vera-vegetacao/main/fotos/Enecol-Centro/VER20260730094053892418093F3.jpg,,V20260730094053892418093
1977,V0813,Rota Guaraí,NORTE,AL,AL01037009,30/07/2026,09:41,Oiti,913794,URBANO,7,50,Sim,150,300,0,-8.8471715,-48.5069075,3,https://raw.githubusercontent.com/LGRSV/vera-vegetacao/main/fotos/Enecol-Centro/VER20260730094150979462139F1.jpg,https://raw.githubusercontent.com/LGRSV/vera-vegetacao/main/fotos/Enecol-Centro/VER20260730094150979462139F2.jpg,https://raw.githubusercontent.com/LGRSV/vera-vegetacao/main/fotos/Enecol-Centro/VER20260730094150979462139F3.jpg,,V20260730094150979462139
1978,V0814,Rota Guaraí,NORTE,AL,AL01037009,30/07/2026,09:42,Oiti,913794,URBANO,7,45,Sim,150,300,0,-8.8471274,-48.5068793,3,https://raw.githubusercontent.com/LGRSV/vera-vegetacao/main/fotos/Enecol-Centro/VER20260730094237811499934F1.jpg,https://raw.githubusercontent.com/LGRSV/vera-vegetacao/main/fotos/Enecol-Centro/VER20260730094237811499934F2.jpg,https://raw.githubusercontent.com/LGRSV/vera-vegetacao/main/fotos/Enecol-Centro/VER20260730094237811499934F3.jpg,,V20260730094237811499934
1979,V0815,Rota Guaraí,NORTE,AL,AL02037009,30/07/2026,10:03,Outros,914460,URBANO,7,55,Sim,250,300,0,-8.8452433,-48.5090667,3,https://raw.githubusercontent.com/LGRSV/vera-vegetacao/main/fotos/Enecol-Centro/VER20260730100321979969628F1.jpg,https://raw.githubusercontent.com/LGRSV/vera-vegetacao/main/fotos/Enecol-Centro/VER20260730100321979969628F2.jpg,https://raw.githubusercontent.com/LGRSV/vera-vegetacao/main/fotos/Enecol-Centro/VER20260730100321979969628F3.jpg,,V20260730100321979969628
1980,V0816,Rota Guaraí,NORTE,AL,AL02037009,30/07/2026,10:04,Mangueira,126980,URBANO,14,140,Sim,300,100,0,-8.8450917,-48.5090133,3,https://raw.githubusercontent.com/LGRSV/vera-vegetacao/main/fotos/Enecol-Centro/VER20260730100436873703301F1.jpg,https://raw.githubusercontent.com/LGRSV/vera-vegetacao/main/fotos/Enecol-Centro/VER20260730100436873703301F2.jpg,https://raw.githubusercontent.com/LGRSV/vera-vegetacao/main/fotos/Enecol-Centro/VER20260730100436873703301F3.jpg,,V20260730100436873703301
1981,V0817,Rota Guaraí,NORTE,AL,AL02037009,30/07/2026,10:09,Outros,912527,URBANO,8,70,Sim,0,300,0,-8.8442167,-48.509135,3,https://raw.githubusercontent.com/LGRSV/vera-vegetacao/main/fotos/Enecol-Centro/VER20260730100948673765109F1.jpg,https://raw.githubusercontent.com/LGRSV/vera-vegetacao/main/fotos/Enecol-Centro/VER20260730100948673765109F2.jpg,https://raw.githubusercontent.com/LGRSV/vera-vegetacao/main/fotos/Enecol-Centro/VER20260730100948673765109F3.jpg,,V20260730100948673765109
1982,V0818,Rota Guaraí,NORTE,AL,AL02037009,30/07/2026,10:11,Buriti,912527,URBANO,17,120,Sim,300,50,0,-8.844075,-48.5091817,3,https://raw.githubusercontent.com/LGRSV/vera-vegetacao/main/fotos/Enecol-Centro/VER20260730101118571039711F1.jpg,https://raw.githubusercontent.com/LGRSV/vera-vegetacao/main/fotos/Enecol-Centro/VER20260730101118571039711F2.jpg,https://raw.githubusercontent.com/LGRSV/vera-vegetacao/main/fotos/Enecol-Centro/VER20260730101118571039711F3.jpg,,V20260730101118571039711
1983,V0819,Rota Guaraí,NORTE,AL,AL02037009,30/07/2026,10:17,Outros,911980,URBANO,8,50,Sim,0,300,0,-8.8421007,-48.5096118,3,https://raw.githubusercontent.com/LGRSV/vera-vegetacao/main/fotos/Enecol-Centro/VER20260730101753234948509F1.jpg,https://raw.githubusercontent.com/LGRSV/vera-vegetacao/main/fotos/Enecol-Centro/VER20260730101753234948509F2.jpg,https://raw.githubusercontent.com/LGRSV/vera-vegetacao/main/fotos/Enecol-Centro/VER20260730101753234948509F3.jpg,,V20260730101753234948509
1984,V0820,Rota Guaraí,NORTE,AL,AL02037009,30/07/2026,10:19,Coqueiro,911980,URBANO,4,40,Sim,300,300,0,-8.8421684,-48.5095395,3,https://raw.githubusercontent.com/LGRSV/vera-vegetacao/main/fotos/Enecol-Centro/VER20260730101918159357669F1.jpg,https://raw.githubusercontent.com/LGRSV/vera-vegetacao/main/fotos/Enecol-Centro/VER20260730101918159357669F2.jpg,https://raw.githubusercontent.com/LGRSV/vera-vegetacao/main/fotos/Enecol-Centro/VER20260730101918159357669F3.jpg,,V20260730101918159357669
1985,V0821,Rota Guaraí,NORTE,AL,AL02037009,30/07/2026,10:20,Outros,,URBANO,2,40,Sim,300,300,0,-8.8419753,-48.50957,3,https://raw.githubusercontent.com/LGRSV/vera-vegetacao/main/fotos/Enecol-Centro/VER20260730102049131175978F1.jpg,https://raw.githubusercontent.com/LGRSV/vera-vegetacao/main/fotos/Enecol-Centro/VER20260730102049131175978F2.jpg,https://raw.githubusercontent.com/LGRSV/vera-vegetacao/main/fotos/Enecol-Centro/VER20260730102049131175978F3.jpg,,V20260730102049131175978
1986,V0822,Rota Guaraí,NORTE,AL,AL02037009,30/07/2026,10:24,Oiti,913982,URBANO,3.5,50,Sim,200,300,0,-8.8413657,-48.5097078,3,https://raw.githubusercontent.com/LGRSV/vera-vegetacao/main/fotos/Enecol-Centro/VER20260730102407483802075F1.jpg,https://raw.githubusercontent.com/LGRSV/vera-vegetacao/main/fotos/Enecol-Centro/VER20260730102407483802075F2.jpg,https://raw.githubusercontent.com/LGRSV/vera-vegetacao/main/fotos/Enecol-Centro/VER20260730102407483802075F3.jpg,,V20260730102407483802075
1987,V0823,Rota Guaraí,NORTE,AL,AL02037009,30/07/2026,10:25,Outros,913982,URBANO,2,40,Sim,300,300,0,-8.841418,-48.5096926,3,https://raw.githubusercontent.com/LGRSV/vera-vegetacao/main/fotos/Enecol-Centro/VER20260730102506139862124F1.jpg,https://raw.githubusercontent.com/LGRSV/vera-vegetacao/main/fotos/Enecol-Centro/VER20260730102506139862124F2.jpg,https://raw.githubusercontent.com/LGRSV/vera-vegetacao/main/fotos/Enecol-Centro/VER20260730102506139862124F3.jpg,,V20260730102506139862124
1988,V0824,Rota Guaraí,NORTE,AL,AL02037009,30/07/2026,10:28,Oiti,911364,URBANO,5,80,Sim,300,300,0,-8.83819,-48.5100467,3,https://raw.githubusercontent.com/LGRSV/vera-vegetacao/main/fotos/Enecol-Centro/VER20260730102854799853774F1.jpg,https://raw.githubusercontent.com/LGRSV/vera-vegetacao/main/fotos/Enecol-Centro/VER20260730102854799853774F2.jpg,https://raw.githubusercontent.com/LGRSV/vera-vegetacao/main/fotos/Enecol-Centro/VER20260730102854799853774F3.jpg,,V20260730102854799853774
1989,V0825,Rota Guaraí,NORTE,AL,AL02037009,30/07/2026,10:30,Oiti,911364,URBANO,5,80,Sim,300,300,0,-8.8382217,-48.5099567,3,https://raw.githubusercontent.com/LGRSV/vera-vegetacao/main/fotos/Enecol-Centro/VER20260730103011302315747F1.jpg,https://raw.githubusercontent.com/LGRSV/vera-vegetacao/main/fotos/Enecol-Centro/VER20260730103011302315747F2.jpg,https://raw.githubusercontent.com/LGRSV/vera-vegetacao/main/fotos/Enecol-Centro/VER20260730103011302315747F3.jpg,,V20260730103011302315747
1990,V0826,Rota Guaraí,NORTE,AL,AL02037009,30/07/2026,10:38,Mangueira,912717,URBANO,16,200,Sim,300,200,0,-8.8374117,-48.509405,3,https://raw.githubusercontent.com/LGRSV/vera-vegetacao/main/fotos/Enecol-Centro/VER20260730103822824114374F1.jpg,https://raw.githubusercontent.com/LGRSV/vera-vegetacao/main/fotos/Enecol-Centro/VER20260730103822824114374F2.jpg,https://raw.githubusercontent.com/LGRSV/vera-vegetacao/main/fotos/Enecol-Centro/VER20260730103822824114374F3.jpg,,V20260730103822824114374
1991,V0827,Rota Guaraí,NORTE,AL,AL02037009,30/07/2026,10:40,Mangueira,912718,URBANO,17,200,Sim,300,100,0,-8.8373383,-48.5097117,3,https://raw.githubusercontent.com/LGRSV/vera-vegetacao/main/fotos/Enecol-Centro/VER20260730104023058756671F1.jpg,https://raw.githubusercontent.com/LGRSV/vera-vegetacao/main/fotos/Enecol-Centro/VER20260730104023058756671F2.jpg,https://raw.githubusercontent.com/LGRSV/vera-vegetacao/main/fotos/Enecol-Centro/VER20260730104023058756671F3.jpg,,V20260730104023058756671
1992,V0828,Rota Guaraí,NORTE,AL,AL02037009,30/07/2026,10:49,Outros,912722,URBANO,14,115,Sim,300,150,0,-8.8374189,-48.5106942,3,https://raw.githubusercontent.com/LGRSV/vera-vegetacao/main/fotos/Enecol-Centro/VER20260730104950309199694F1.jpg,https://raw.githubusercontent.com/LGRSV/vera-vegetacao/main/fotos/Enecol-Centro/VER20260730104950309199694F2.jpg,https://raw.githubusercontent.com/LGRSV/vera-vegetacao/main/fotos/Enecol-Centro/VER20260730104950309199694F3.jpg,,V20260730104950309199694
1993,V0829,Rota Guaraí,NORTE,AL,AL02037009,30/07/2026,10:51,Oiti,912722,URBANO,10,95,Sim,100,100,0,-8.83737,-48.510915,3,https://raw.githubusercontent.com/LGRSV/vera-vegetacao/main/fotos/Enecol-Centro/VER20260730105104772553670F1.jpg,https://raw.githubusercontent.com/LGRSV/vera-vegetacao/main/fotos/Enecol-Centro/VER20260730105104772553670F2.jpg,https://raw.githubusercontent.com/LGRSV/vera-vegetacao/main/fotos/Enecol-Centro/VER20260730105104772553670F3.jpg,,V20260730105104772553670
1994,V0830,Rota Guaraí,NORTE,AL,AL02037009,30/07/2026,10:52,Oiti,912723,URBANO,10,85,Sim,50,100,0,-8.8373818,-48.5110364,3,https://raw.githubusercontent.com/LGRSV/vera-vegetacao/main/fotos/Enecol-Centro/VER20260730105215635875039F1.jpg,https://raw.githubusercontent.com/LGRSV/vera-vegetacao/main/fotos/Enecol-Centro/VER20260730105215635875039F2.jpg,https://raw.githubusercontent.com/LGRSV/vera-vegetacao/main/fotos/Enecol-Centro/VER20260730105215635875039F3.jpg,,V20260730105215635875039
1995,V0831,Rota Guaraí,NORTE,AL,AL02037009,30/07/2026,10:53,Oiti,912723,URBANO,10,85,Sim,100,100,0,-8.8373986,-48.5111181,3,https://raw.githubusercontent.com/LGRSV/vera-vegetacao/main/fotos/Enecol-Centro/VER20260730105324960770821F1.jpg,https://raw.githubusercontent.com/LGRSV/vera-vegetacao/main/fotos/Enecol-Centro/VER20260730105324960770821F2.jpg,https://raw.githubusercontent.com/LGRSV/vera-vegetacao/main/fotos/Enecol-Centro/VER20260730105324960770821F3.jpg,,V20260730105324960770821
1996,V0832,Rota Guaraí,NORTE,AL,AL02037009,30/07/2026,10:54,Oiti,912723,URBANO,3,35,Sim,300,300,0,-8.8373969,-48.5112294,3,https://raw.githubusercontent.com/LGRSV/vera-vegetacao/main/fotos/Enecol-Centro/VER20260730105447317773818F1.jpg,https://raw.githubusercontent.com/LGRSV/vera-vegetacao/main/fotos/Enecol-Centro/VER20260730105447317773818F2.jpg,https://raw.githubusercontent.com/LGRSV/vera-vegetacao/main/fotos/Enecol-Centro/VER20260730105447317773818F3.jpg,,V20260730105447317773818
1997,V0833,Rota Guaraí,NORTE,AL,AL02037009,30/07/2026,10:56,Coqueiro,912725,URBANO,11,70,Sim,300,300,0,-8.837353,-48.511706,3,https://raw.githubusercontent.com/LGRSV/vera-vegetacao/main/fotos/Enecol-Centro/VER20260730105633904264800F1.jpg,https://raw.githubusercontent.com/LGRSV/vera-vegetacao/main/fotos/Enecol-Centro/VER20260730105633904264800F2.jpg,https://raw.githubusercontent.com/LGRSV/vera-vegetacao/main/fotos/Enecol-Centro/VER20260730105633904264800F3.jpg,,V20260730105633904264800
1998,V0834,Rota Guaraí,NORTE,AL,AL02037009,30/07/2026,10:57,Outros,912725,URBANO,2.5,70,Sim,300,300,0,-8.8373553,-48.5116984,3,https://raw.githubusercontent.com/LGRSV/vera-vegetacao/main/fotos/Enecol-Centro/VER20260730105732948642067F1.jpg,https://raw.githubusercontent.com/LGRSV/vera-vegetacao/main/fotos/Enecol-Centro/VER20260730105732948642067F2.jpg,https://raw.githubusercontent.com/LGRSV/vera-vegetacao/main/fotos/Enecol-Centro/VER20260730105732948642067F3.jpg,,V20260730105732948642067
1999,V0835,Rota Guaraí,NORTE,AL,AL02037009,30/07/2026,10:58,Oiti,912724,URBANO,2.5,40,Sim,300,300,0,-8.8373227,-48.511558,3,https://raw.githubusercontent.com/LGRSV/vera-vegetacao/main/fotos/Enecol-Centro/VER20260730105836854147862F1.jpg,https://raw.githubusercontent.com/LGRSV/vera-vegetacao/main/fotos/Enecol-Centro/VER20260730105836854147862F2.jpg,https://raw.githubusercontent.com/LGRSV/vera-vegetacao/main/fotos/Enecol-Centro/VER20260730105836854147862F3.jpg,,V20260730105836854147862
2000,V0836,Rota Guaraí,NORTE,AL,AL02037009,30/07/2026,10:59,Oiti,912724,URBANO,3,40,Sim,300,300,0,-8.8373582,-48.5114623,3,https://raw.githubusercontent.com/LGRSV/vera-vegetacao/main/fotos/Enecol-Centro/VER20260730105939842870264F1.jpg,https://raw.githubusercontent.com/LGRSV/vera-vegetacao/main/fotos/Enecol-Centro/VER20260730105939842870264F2.jpg,https://raw.githubusercontent.com/LGRSV/vera-vegetacao/main/fotos/Enecol-Centro/VER20260730105939842870264F3.jpg,,V20260730105939842870264
2001,V0837,Rota Guaraí,NORTE,AL,AL02037009,30/07/2026,11:00,Oiti,912724,URBANO,3,40,Sim,300,300,0,-8.8373494,-48.5113844,3,https://raw.githubusercontent.com/LGRSV/vera-vegetacao/main/fotos/Enecol-Centro/VER20260730110050817244519F1.jpg,https://raw.githubusercontent.com/LGRSV/vera-vegetacao/main/fotos/Enecol-Centro/VER20260730110050817244519F2.jpg,https://raw.githubusercontent.com/LGRSV/vera-vegetacao/main/fotos/Enecol-Centro/VER20260730110050817244519F3.jpg,,V20260730110050817244519
2002,V0838,Rota Guaraí,NORTE,AL,AL02037009,30/07/2026,11:01,Oiti,912724,URBANO,2.5,35,Sim,300,300,0,-8.8373449,-48.5113478,3,https://raw.githubusercontent.com/LGRSV/vera-vegetacao/main/fotos/Enecol-Centro/VER20260730110149734003929F1.jpg,https://raw.githubusercontent.com/LGRSV/vera-vegetacao/main/fotos/Enecol-Centro/VER20260730110149734003929F2.jpg,https://raw.githubusercontent.com/LGRSV/vera-vegetacao/main/fotos/Enecol-Centro/VER20260730110149734003929F3.jpg,,V20260730110149734003929
2003,V0839,Rota Guaraí,NORTE,AL,AL02037009,30/07/2026,11:12,Outros,1455326,URBANO,8.5,90,Sim,,250,0,-8.8364898,-48.5106791,3,https://raw.githubusercontent.com/LGRSV/vera-vegetacao/main/fotos/Enecol-Centro/VER20260730111208836462544F1.jpg,https://raw.githubusercontent.com/LGRSV/vera-vegetacao/main/fotos/Enecol-Centro/VER20260730111208836462544F2.jpg,https://raw.githubusercontent.com/LGRSV/vera-vegetacao/main/fotos/Enecol-Centro/VER20260730111208836462544F3.jpg,,V20260730111208836462544
2004,V0840,Rota Guaraí,NORTE,AL,AL02037009,30/07/2026,11:13,Outros,1455326,URBANO,9.5,80,Sim,,300,0,-8.8363334,-48.5106764,3,https://raw.githubusercontent.com/LGRSV/vera-vegetacao/main/fotos/Enecol-Centro/VER20260730111311407059654F1.jpg,https://raw.githubusercontent.com/LGRSV/vera-vegetacao/main/fotos/Enecol-Centro/VER20260730111311407059654F2.jpg,https://raw.githubusercontent.com/LGRSV/vera-vegetacao/main/fotos/Enecol-Centro/VER20260730111311407059654F3.jpg,,V20260730111311407059654
2005,V0841,Rota Guaraí,NORTE,AL,AL02037009,30/07/2026,11:14,Outros,1455327,URBANO,10,60,Sim,,250,0,-8.8363392,-48.5106982,3,https://raw.githubusercontent.com/LGRSV/vera-vegetacao/main/fotos/Enecol-Centro/VER20260730111416834753842F1.jpg,https://raw.githubusercontent.com/LGRSV/vera-vegetacao/main/fotos/Enecol-Centro/VER20260730111416834753842F2.jpg,https://raw.githubusercontent.com/LGRSV/vera-vegetacao/main/fotos/Enecol-Centro/VER20260730111416834753842F3.jpg,,V20260730111416834753842
2006,V0842,Rota Guaraí,NORTE,AL,AL02037009,30/07/2026,11:15,Outros,1455327,URBANO,9,70,Sim,,300,0,-8.8362358,-48.5106566,3,https://raw.githubusercontent.com/LGRSV/vera-vegetacao/main/fotos/Enecol-Centro/VER20260730111520544750900F1.jpg,https://raw.githubusercontent.com/LGRSV/vera-vegetacao/main/fotos/Enecol-Centro/VER20260730111520544750900F2.jpg,https://raw.githubusercontent.com/LGRSV/vera-vegetacao/main/fotos/Enecol-Centro/VER20260730111520544750900F3.jpg,,V20260730111520544750900
2007,V0843,Rota Guaraí,NORTE,AL,AL02037009,30/07/2026,11:16,Outros,1455327,URBANO,9.5,65,Sim,,300,0,-8.8362175,-48.5106538,3,https://raw.githubusercontent.com/LGRSV/vera-vegetacao/main/fotos/Enecol-Centro/VER20260730111613410173850F1.jpg,https://raw.githubusercontent.com/LGRSV/vera-vegetacao/main/fotos/Enecol-Centro/VER20260730111613410173850F2.jpg,https://raw.githubusercontent.com/LGRSV/vera-vegetacao/main/fotos/Enecol-Centro/VER20260730111613410173850F3.jpg,,V20260730111613410173850
2008,V0844,Rota Guaraí,NORTE,AL,AL02037009,30/07/2026,11:17,Mangueira,1455327,URBANO,14,160,Sim,,100,0,-8.836125,-48.5106717,3,https://raw.githubusercontent.com/LGRSV/vera-vegetacao/main/fotos/Enecol-Centro/VER20260730111726780844205F1.jpg,https://raw.githubusercontent.com/LGRSV/vera-vegetacao/main/fotos/Enecol-Centro/VER20260730111726780844205F2.jpg,https://raw.githubusercontent.com/LGRSV/vera-vegetacao/main/fotos/Enecol-Centro/VER20260730111726780844205F3.jpg,,V20260730111726780844205
2009,V0845,Rota Guaraí,NORTE,AL,AL02037009,30/07/2026,11:28,Outros,32115129,URBANO,2,25,Sim,300,300,0,-8.8417983,-48.510675,3,https://raw.githubusercontent.com/LGRSV/vera-vegetacao/main/fotos/Enecol-Centro/VER20260730112836705871702F1.jpg,https://raw.githubusercontent.com/LGRSV/vera-vegetacao/main/fotos/Enecol-Centro/VER20260730112836705871702F2.jpg,https://raw.githubusercontent.com/LGRSV/vera-vegetacao/main/fotos/Enecol-Centro/VER20260730112836705871702F3.jpg,,V20260730112836705871702
2010,V0846,Rota Guaraí,NORTE,AL,AL02037009,30/07/2026,11:31,Oiti,126785,URBANO,4,40,Sim,300,300,0,-8.8413703,-48.5106051,3,https://raw.githubusercontent.com/LGRSV/vera-vegetacao/main/fotos/Enecol-Centro/VER20260730113104739784626F1.jpg,https://raw.githubusercontent.com/LGRSV/vera-vegetacao/main/fotos/Enecol-Centro/VER20260730113104739784626F2.jpg,https://raw.githubusercontent.com/LGRSV/vera-vegetacao/main/fotos/Enecol-Centro/VER20260730113104739784626F3.jpg,,V20260730113104739784626
2011,V0847,Rota Guaraí,NORTE,AL,AL02037009,30/07/2026,11:32,Oiti,126785,URBANO,5,40,Sim,300,300,0,-8.8413063,-48.5105703,3,https://raw.githubusercontent.com/LGRSV/vera-vegetacao/main/fotos/Enecol-Centro/VER20260730113206566335642F1.jpg,https://raw.githubusercontent.com/LGRSV/vera-vegetacao/main/fotos/Enecol-Centro/VER20260730113206566335642F2.jpg,https://raw.githubusercontent.com/LGRSV/vera-vegetacao/main/fotos/Enecol-Centro/VER20260730113206566335642F3.jpg,,V20260730113206566335642
2012,V0848,Rota SE Colinas,NORTE,AL,AL01020023,31/07/2026,11:14,Cajueiro,1123879,URBANO,7,60,Sim,,300,0,-8.0377728,-48.4971965,3,https://raw.githubusercontent.com/LGRSV/vera-vegetacao/main/fotos/Enecol-Centro/VER20260731111458431695690F1.jpg,https://raw.githubusercontent.com/LGRSV/vera-vegetacao/main/fotos/Enecol-Centro/VER20260731111458431695690F2.jpg,https://raw.githubusercontent.com/LGRSV/vera-vegetacao/main/fotos/Enecol-Centro/VER20260731111458431695690F3.jpg,,V20260731111458431695690
2013,V0849,Rota SE Colinas,NORTE,AL,AL01020023,31/07/2026,11:16,Outros,1123879,URBANO,9,60,Sim,,50,0,-8.0380224,-48.4972087,3,https://raw.githubusercontent.com/LGRSV/vera-vegetacao/main/fotos/Enecol-Centro/VER20260731111618426931427F1.jpg,https://raw.githubusercontent.com/LGRSV/vera-vegetacao/main/fotos/Enecol-Centro/VER20260731111618426931427F2.jpg,https://raw.githubusercontent.com/LGRSV/vera-vegetacao/main/fotos/Enecol-Centro/VER20260731111618426931427F3.jpg,,V20260731111618426931427
2014,V0850,Rota SE Colinas,NORTE,AL,AL01020023,31/07/2026,11:17,Outros,1123879,URBANO,6,50,Sim,,300,0,-8.0380254,-48.4972214,3,https://raw.githubusercontent.com/LGRSV/vera-vegetacao/main/fotos/Enecol-Centro/VER20260731111712665184026F1.jpg,https://raw.githubusercontent.com/LGRSV/vera-vegetacao/main/fotos/Enecol-Centro/VER20260731111712665184026F2.jpg,https://raw.githubusercontent.com/LGRSV/vera-vegetacao/main/fotos/Enecol-Centro/VER20260731111712665184026F3.jpg,,V20260731111712665184026
2015,V0851,Rota SE Colinas,NORTE,AL,AL01020023,31/07/2026,14:00,Jatobá,1123878,URBANO,13,130,Sim,,100,0,-8.0386867,-48.4972117,3,https://raw.githubusercontent.com/LGRSV/vera-vegetacao/main/fotos/Enecol-Centro/VER20260731140032615671963F1.jpg,https://raw.githubusercontent.com/LGRSV/vera-vegetacao/main/fotos/Enecol-Centro/VER20260731140032615671963F2.jpg,https://raw.githubusercontent.com/LGRSV/vera-vegetacao/main/fotos/Enecol-Centro/VER20260731140032615671963F3.jpg,,V20260731140032615671963
2016,V0852,Rota SE Colinas,NORTE,AL,AL01020023,31/07/2026,14:01,Jatobá,1123877,URBANO,14,120,Sim,,100,0,-8.0388433,-48.4972767,3,https://raw.githubusercontent.com/LGRSV/vera-vegetacao/main/fotos/Enecol-Centro/VER20260731140137088232561F1.jpg,https://raw.githubusercontent.com/LGRSV/vera-vegetacao/main/fotos/Enecol-Centro/VER20260731140137088232561F2.jpg,https://raw.githubusercontent.com/LGRSV/vera-vegetacao/main/fotos/Enecol-Centro/VER20260731140137088232561F3.jpg,,V20260731140137088232561
2017,V0853,Rota SE Colinas,NORTE,AL,AL01020023,31/07/2026,14:03,Jatobá,1123877,URBANO,11,115,Sim,,300,0,-8.0390567,-48.4972667,3,https://raw.githubusercontent.com/LGRSV/vera-vegetacao/main/fotos/Enecol-Centro/VER20260731140304569626966F1.jpg,https://raw.githubusercontent.com/LGRSV/vera-vegetacao/main/fotos/Enecol-Centro/VER20260731140304569626966F2.jpg,https://raw.githubusercontent.com/LGRSV/vera-vegetacao/main/fotos/Enecol-Centro/VER20260731140304569626966F3.jpg,,V20260731140304569626966
2018,V0854,Rota SE Colinas,NORTE,AL,AL01020023,31/07/2026,14:04,Outros,1123877,URBANO,6,50,Sim,,300,0,-8.0393233,-48.4972733,3,https://raw.githubusercontent.com/LGRSV/vera-vegetacao/main/fotos/Enecol-Centro/VER20260731140430513860897F1.jpg,https://raw.githubusercontent.com/LGRSV/vera-vegetacao/main/fotos/Enecol-Centro/VER20260731140430513860897F2.jpg,https://raw.githubusercontent.com/LGRSV/vera-vegetacao/main/fotos/Enecol-Centro/VER20260731140430513860897F3.jpg,,V20260731140430513860897
2019,V0855,Rota SE Colinas,NORTE,AL,AL01020023,31/07/2026,14:06,Jatobá,1123876,URBANO,8,80,Sim,,300,0,-8.039822,-48.4971522,3,https://raw.githubusercontent.com/LGRSV/vera-vegetacao/main/fotos/Enecol-Centro/VER20260731140621161774432F1.jpg,https://raw.githubusercontent.com/LGRSV/vera-vegetacao/main/fotos/Enecol-Centro/VER20260731140621161774432F2.jpg,https://raw.githubusercontent.com/LGRSV/vera-vegetacao/main/fotos/Enecol-Centro/VER20260731140621161774432F3.jpg,,V20260731140621161774432
2020,V0856,Rota SE Colinas,NORTE,AL,AL01020023,31/07/2026,14:07,Outros,1123876,URBANO,10.5,90,Sim,,0,0,-8.0400517,-48.497235,3,https://raw.githubusercontent.com/LGRSV/vera-vegetacao/main/fotos/Enecol-Centro/VER20260731140728578811393F1.jpg,https://raw.githubusercontent.com/LGRSV/vera-vegetacao/main/fotos/Enecol-Centro/VER20260731140728578811393F2.jpg,https://raw.githubusercontent.com/LGRSV/vera-vegetacao/main/fotos/Enecol-Centro/VER20260731140728578811393F3.jpg,,V20260731140728578811393
2021,V0857,Rota SE Colinas,NORTE,AL,AL01020023,31/07/2026,14:10,Outros,1088729,URBANO,7,40,Sim,,300,0,-8.0423467,-48.4970633,3,https://raw.githubusercontent.com/LGRSV/vera-vegetacao/main/fotos/Enecol-Centro/VER20260731141015967383211F1.jpg,https://raw.githubusercontent.com/LGRSV/vera-vegetacao/main/fotos/Enecol-Centro/VER20260731141015967383211F2.jpg,https://raw.githubusercontent.com/LGRSV/vera-vegetacao/main/fotos/Enecol-Centro/VER20260731141015967383211F3.jpg,,V20260731141015967383211
2022,V0858,Rota SE Colinas,NORTE,AL,AL02020023,31/07/2026,14:11,Outros,1825956,URBANO,6.5,60,Sim,,200,0,-8.0425467,-48.4971083,3,https://raw.githubusercontent.com/LGRSV/vera-vegetacao/main/fotos/Enecol-Centro/VER20260731141123265032303F1.jpg,https://raw.githubusercontent.com/LGRSV/vera-vegetacao/main/fotos/Enecol-Centro/VER20260731141123265032303F2.jpg,https://raw.githubusercontent.com/LGRSV/vera-vegetacao/main/fotos/Enecol-Centro/VER20260731141123265032303F3.jpg,,V20260731141123265032303
2023,V0859,Rota SE Colinas,NORTE,AL,AL01020023,31/07/2026,14:12,Outros,1088730,URBANO,7,40,Sim,,300,0,-8.0425867,-48.4970833,3,https://raw.githubusercontent.com/LGRSV/vera-vegetacao/main/fotos/Enecol-Centro/VER20260731141213210745525F1.jpg,https://raw.githubusercontent.com/LGRSV/vera-vegetacao/main/fotos/Enecol-Centro/VER20260731141213210745525F2.jpg,https://raw.githubusercontent.com/LGRSV/vera-vegetacao/main/fotos/Enecol-Centro/VER20260731141213210745525F3.jpg,,V20260731141213210745525
2024,V0860,Rota SE Colinas,NORTE,AL,AL02020023,31/07/2026,14:14,Ipê,1825954,URBANO,12,150,Sim,,50,0,-8.0431633,-48.4970967,3,https://raw.githubusercontent.com/LGRSV/vera-vegetacao/main/fotos/Enecol-Centro/VER20260731141426736932963F1.jpg,https://raw.githubusercontent.com/LGRSV/vera-vegetacao/main/fotos/Enecol-Centro/VER20260731141426736932963F2.jpg,https://raw.githubusercontent.com/LGRSV/vera-vegetacao/main/fotos/Enecol-Centro/VER20260731141426736932963F3.jpg,,V20260731141426736932963
2025,V0861,Rota SE Colinas,NORTE,AL,AL04020023,31/07/2026,14:18,Oiti,1088725,URBANO,3,40,Sim,,300,0,-8.0415181,-48.496199,3,https://raw.githubusercontent.com/LGRSV/vera-vegetacao/main/fotos/Enecol-Centro/VER20260731141826584325333F1.jpg,https://raw.githubusercontent.com/LGRSV/vera-vegetacao/main/fotos/Enecol-Centro/VER20260731141826584325333F2.jpg,https://raw.githubusercontent.com/LGRSV/vera-vegetacao/main/fotos/Enecol-Centro/VER20260731141826584325333F3.jpg,,V20260731141826584325333
2026,V0862,Rota SE Colinas,NORTE,AL,AL04020023,31/07/2026,14:19,Cajueiro,1088725,URBANO,4,30,Sim,,300,0,-8.0415277,-48.4961823,3,https://raw.githubusercontent.com/LGRSV/vera-vegetacao/main/fotos/Enecol-Centro/VER20260731141925274549786F1.jpg,https://raw.githubusercontent.com/LGRSV/vera-vegetacao/main/fotos/Enecol-Centro/VER20260731141925274549786F2.jpg,https://raw.githubusercontent.com/LGRSV/vera-vegetacao/main/fotos/Enecol-Centro/VER20260731141925274549786F3.jpg,,V20260731141925274549786
2027,V0863,Rota SE Colinas,NORTE,AL,AL02020023,31/07/2026,14:23,Oiti,1090574,URBANO,3,30,Sim,300,300,0,-8.04142,-48.4927917,3,https://raw.githubusercontent.com/LGRSV/vera-vegetacao/main/fotos/Enecol-Centro/VER20260731142313154602690F1.jpg,https://raw.githubusercontent.com/LGRSV/vera-vegetacao/main/fotos/Enecol-Centro/VER20260731142313154602690F2.jpg,https://raw.githubusercontent.com/LGRSV/vera-vegetacao/main/fotos/Enecol-Centro/VER20260731142313154602690F3.jpg,,V20260731142313154602690
2028,V0864,Rota SE Colinas,NORTE,AL,AL02020023,31/07/2026,14:25,Outros,1825016,URBANO,7,50,Sim,,300,0,-8.04142,-48.4924717,3,https://raw.githubusercontent.com/LGRSV/vera-vegetacao/main/fotos/Enecol-Centro/VER20260731142510174455124F1.jpg,https://raw.githubusercontent.com/LGRSV/vera-vegetacao/main/fotos/Enecol-Centro/VER20260731142510174455124F2.jpg,https://raw.githubusercontent.com/LGRSV/vera-vegetacao/main/fotos/Enecol-Centro/VER20260731142510174455124F3.jpg,,V20260731142510174455124
2029,V0865,Rota SE Colinas,NORTE,LD,LD01020023,31/07/2026,14:32,Outros,873060,URBANO,8,50,Sim,,300,0,-8.0421276,-48.4910931,3,https://raw.githubusercontent.com/LGRSV/vera-vegetacao/main/fotos/Enecol-Centro/VER20260731143255760065513F1.jpg,https://raw.githubusercontent.com/LGRSV/vera-vegetacao/main/fotos/Enecol-Centro/VER20260731143255760065513F2.jpg,https://raw.githubusercontent.com/LGRSV/vera-vegetacao/main/fotos/Enecol-Centro/VER20260731143255760065513F3.jpg,,V20260731143255760065513
2030,V0866,Rota SE Colinas,NORTE,AL,AL02020023,31/07/2026,14:40,Outros,1826127,URBANO,9.5,65,Sim,,50,0,-8.0456149,-48.4969598,3,https://raw.githubusercontent.com/LGRSV/vera-vegetacao/main/fotos/Enecol-Centro/VER20260731144037459320071F1.jpg,https://raw.githubusercontent.com/LGRSV/vera-vegetacao/main/fotos/Enecol-Centro/VER20260731144037459320071F2.jpg,https://raw.githubusercontent.com/LGRSV/vera-vegetacao/main/fotos/Enecol-Centro/VER20260731144037459320071F3.jpg,,V20260731144037459320071
2031,V0867,Rota SE Colinas,NORTE,AL,AL01020023,31/07/2026,14:41,Outros,1089668,URBANO,6,40,Sim,,300,0,-8.0458199,-48.4969581,3,https://raw.githubusercontent.com/LGRSV/vera-vegetacao/main/fotos/Enecol-Centro/VER20260731144150224908916F1.jpg,https://raw.githubusercontent.com/LGRSV/vera-vegetacao/main/fotos/Enecol-Centro/VER20260731144150224908916F2.jpg,https://raw.githubusercontent.com/LGRSV/vera-vegetacao/main/fotos/Enecol-Centro/VER20260731144150224908916F3.jpg,,V20260731144150224908916
2032,V0868,Rota SE Colinas,NORTE,AL,AL02020023,31/07/2026,14:43,Outros,1089671,URBANO,5.5,50,Sim,250,300,0,-8.04591,-48.4963583,3,https://raw.githubusercontent.com/LGRSV/vera-vegetacao/main/fotos/Enecol-Centro/VER20260731144400574536543F1.jpg,https://raw.githubusercontent.com/LGRSV/vera-vegetacao/main/fotos/Enecol-Centro/VER20260731144400574536543F2.jpg,https://raw.githubusercontent.com/LGRSV/vera-vegetacao/main/fotos/Enecol-Centro/VER20260731144400574536543F3.jpg,,V20260731144400574536543
2033,V0869,Rota SE Colinas,NORTE,AL,AL02020023,31/07/2026,14:44,Outros,1089671,URBANO,5.5,45,Sim,250,300,0,-8.0459388,-48.4964057,3,https://raw.githubusercontent.com/LGRSV/vera-vegetacao/main/fotos/Enecol-Centro/VER20260731144455693159832F1.jpg,https://raw.githubusercontent.com/LGRSV/vera-vegetacao/main/fotos/Enecol-Centro/VER20260731144455693159832F2.jpg,https://raw.githubusercontent.com/LGRSV/vera-vegetacao/main/fotos/Enecol-Centro/VER20260731144455693159832F3.jpg,,V20260731144455693159832
2034,V0870,Rota SE Colinas,NORTE,AL,AL02020023,31/07/2026,14:46,Outros,1089669,URBANO,7,45,Sim,300,300,0,-8.0459587,-48.496475,3,https://raw.githubusercontent.com/LGRSV/vera-vegetacao/main/fotos/Enecol-Centro/VER20260731144604457724977F1.jpg,https://raw.githubusercontent.com/LGRSV/vera-vegetacao/main/fotos/Enecol-Centro/VER20260731144604457724977F2.jpg,https://raw.githubusercontent.com/LGRSV/vera-vegetacao/main/fotos/Enecol-Centro/VER20260731144604457724977F3.jpg,,V20260731144604457724977
2035,V0871,Rota SE Colinas,NORTE,AL,AL02020023,31/07/2026,14:46,Outros,1089669,URBANO,6.5,50,Sim,300,300,0,-8.0459769,-48.4965513,3,https://raw.githubusercontent.com/LGRSV/vera-vegetacao/main/fotos/Enecol-Centro/VER20260731144700085610927F1.jpg,https://raw.githubusercontent.com/LGRSV/vera-vegetacao/main/fotos/Enecol-Centro/VER20260731144700085610927F2.jpg,https://raw.githubusercontent.com/LGRSV/vera-vegetacao/main/fotos/Enecol-Centro/VER20260731144700085610927F3.jpg,,V20260731144700085610927
2036,V0872,Rota SE Colinas,NORTE,AL,AL01020023,31/07/2026,14:51,Mangueira,1089670,URBANO,11.5,130,Sim,0,150,0,-8.046405,-48.4961983,3,https://raw.githubusercontent.com/LGRSV/vera-vegetacao/main/fotos/Enecol-Centro/VER20260731145141487901898F1.jpg,https://raw.githubusercontent.com/LGRSV/vera-vegetacao/main/fotos/Enecol-Centro/VER20260731145141487901898F2.jpg,https://raw.githubusercontent.com/LGRSV/vera-vegetacao/main/fotos/Enecol-Centro/VER20260731145141487901898F3.jpg,,V20260731145141487901898
2037,V0873,Rota SE Colinas,NORTE,AL,AL01020023,31/07/2026,14:54,Mangueira,1123154,URBANO,13,140,Sim,,50,0,-8.0471821,-48.4967781,3,https://raw.githubusercontent.com/LGRSV/vera-vegetacao/main/fotos/Enecol-Centro/VER20260731145434411033376F1.jpg,https://raw.githubusercontent.com/LGRSV/vera-vegetacao/main/fotos/Enecol-Centro/VER20260731145434411033376F2.jpg,https://raw.githubusercontent.com/LGRSV/vera-vegetacao/main/fotos/Enecol-Centro/VER20260731145434411033376F3.jpg,,V20260731145434411033376
2038,V0874,Rota SE Colinas,NORTE,AL,AL01020023,31/07/2026,15:24,Mogno,1758507,URBANO,11,70,Sim,,100,0,-8.0487681,-48.4969438,3,https://raw.githubusercontent.com/LGRSV/vera-vegetacao/main/fotos/Enecol-Centro/VER20260731152441182422605F1.jpg,https://raw.githubusercontent.com/LGRSV/vera-vegetacao/main/fotos/Enecol-Centro/VER20260731152441182422605F2.jpg,https://raw.githubusercontent.com/LGRSV/vera-vegetacao/main/fotos/Enecol-Centro/VER20260731152441182422605F3.jpg,,V20260731152441182422605
2039,V0875,Rota SE Colinas,NORTE,AL,AL01020023,31/07/2026,15:26,Oiti,1758507,URBANO,8,70,Sim,,250,0,-8.0489842,-48.4970235,3,https://raw.githubusercontent.com/LGRSV/vera-vegetacao/main/fotos/Enecol-Centro/VER20260731152602453130133F1.jpg,https://raw.githubusercontent.com/LGRSV/vera-vegetacao/main/fotos/Enecol-Centro/VER20260731152602453130133F2.jpg,https://raw.githubusercontent.com/LGRSV/vera-vegetacao/main/fotos/Enecol-Centro/VER20260731152602453130133F3.jpg,,V20260731152602453130133
2040,V0876,Rota SE Colinas,NORTE,AL,AL01020023,31/07/2026,15:27,Outros,37349994,URBANO,4,55,Sim,300,300,0,-8.048985,-48.497045,3,https://raw.githubusercontent.com/LGRSV/vera-vegetacao/main/fotos/Enecol-Centro/VER20260731152702861642020F1.jpg,https://raw.githubusercontent.com/LGRSV/vera-vegetacao/main/fotos/Enecol-Centro/VER20260731152702861642020F2.jpg,https://raw.githubusercontent.com/LGRSV/vera-vegetacao/main/fotos/Enecol-Centro/VER20260731152702861642020F3.jpg,,V20260731152702861642020
2041,V0877,Rota SE Colinas,NORTE,AL,AL01020023,31/07/2026,15:29,Outros,37349994,URBANO,5,35,Sim,300,300,0,-8.04935,-48.497125,3,https://raw.githubusercontent.com/LGRSV/vera-vegetacao/main/fotos/Enecol-Centro/VER20260731152950935832018F1.jpg,https://raw.githubusercontent.com/LGRSV/vera-vegetacao/main/fotos/Enecol-Centro/VER20260731152950935832018F2.jpg,https://raw.githubusercontent.com/LGRSV/vera-vegetacao/main/fotos/Enecol-Centro/VER20260731152950935832018F3.jpg,,V20260731152950935832018
2042,V0878,Rota SE Colinas,NORTE,AL,AL01020023,31/07/2026,15:30,Outros,37349975,URBANO,6,40,Sim,300,300,0,-8.0494933,-48.49718,3,https://raw.githubusercontent.com/LGRSV/vera-vegetacao/main/fotos/Enecol-Centro/VER20260731153056142803138F1.jpg,https://raw.githubusercontent.com/LGRSV/vera-vegetacao/main/fotos/Enecol-Centro/VER20260731153056142803138F2.jpg,https://raw.githubusercontent.com/LGRSV/vera-vegetacao/main/fotos/Enecol-Centro/VER20260731153056142803138F3.jpg,,V20260731153056142803138
2043,V0879,Rota SE Colinas,NORTE,AL,AL01020023,31/07/2026,15:32,Buriti,1757796,URBANO,15,100,Sim,100,100,0,-8.049825,-48.4972867,3,https://raw.githubusercontent.com/LGRSV/vera-vegetacao/main/fotos/Enecol-Centro/VER20260731153230474165502F1.jpg,https://raw.githubusercontent.com/LGRSV/vera-vegetacao/main/fotos/Enecol-Centro/VER20260731153230474165502F2.jpg,https://raw.githubusercontent.com/LGRSV/vera-vegetacao/main/fotos/Enecol-Centro/VER20260731153230474165502F3.jpg,,V20260731153230474165502
2044,V0880,Rota SE Colinas,NORTE,AL,AL01020023,31/07/2026,15:45,Outros,870403,URBANO,2.5,40,Sim,300,300,0,-8.0514407,-48.4976783,3,https://raw.githubusercontent.com/LGRSV/vera-vegetacao/main/fotos/Enecol-Centro/VER20260731154532262252733F1.jpg,https://raw.githubusercontent.com/LGRSV/vera-vegetacao/main/fotos/Enecol-Centro/VER20260731154532262252733F2.jpg,https://raw.githubusercontent.com/LGRSV/vera-vegetacao/main/fotos/Enecol-Centro/VER20260731154532262252733F3.jpg,,V20260731154532262252733
2045,V0881,Rota SE Colinas,NORTE,AL,AL01020023,31/07/2026,15:46,Outros,870403,URBANO,3.5,60,Sim,300,300,0,-8.0513879,-48.4976687,3,https://raw.githubusercontent.com/LGRSV/vera-vegetacao/main/fotos/Enecol-Centro/VER20260731154640290509044F1.jpg,https://raw.githubusercontent.com/LGRSV/vera-vegetacao/main/fotos/Enecol-Centro/VER20260731154640290509044F2.jpg,https://raw.githubusercontent.com/LGRSV/vera-vegetacao/main/fotos/Enecol-Centro/VER20260731154640290509044F3.jpg,,V20260731154640290509044
2046,V0882,Rota SE Colinas,NORTE,AL,AL01020023,31/07/2026,15:47,Outros,870403,URBANO,6,55,Sim,300,300,0,-8.0512066,-48.4976198,3,https://raw.githubusercontent.com/LGRSV/vera-vegetacao/main/fotos/Enecol-Centro/VER20260731154741210104507F1.jpg,https://raw.githubusercontent.com/LGRSV/vera-vegetacao/main/fotos/Enecol-Centro/VER20260731154741210104507F2.jpg,https://raw.githubusercontent.com/LGRSV/vera-vegetacao/main/fotos/Enecol-Centro/VER20260731154741210104507F3.jpg,,V20260731154741210104507
2047,V0883,Rota SE Colinas,NORTE,AL,AL01020023,31/07/2026,15:48,Outros,1421135,URBANO,6,50,Sim,300,300,0,-8.0511134,-48.4976402,3,https://raw.githubusercontent.com/LGRSV/vera-vegetacao/main/fotos/Enecol-Centro/VER20260731154833091003243F1.jpg,https://raw.githubusercontent.com/LGRSV/vera-vegetacao/main/fotos/Enecol-Centro/VER20260731154833091003243F2.jpg,https://raw.githubusercontent.com/LGRSV/vera-vegetacao/main/fotos/Enecol-Centro/VER20260731154833091003243F3.jpg,,V20260731154833091003243
2048,V0884,Rota SE Colinas,NORTE,AL,AL01020023,31/07/2026,15:49,Outros,1421135,URBANO,6,50,Sim,300,300,0,-8.0511114,-48.4976485,3,https://raw.githubusercontent.com/LGRSV/vera-vegetacao/main/fotos/Enecol-Centro/VER20260731154942621221078F1.jpg,https://raw.githubusercontent.com/LGRSV/vera-vegetacao/main/fotos/Enecol-Centro/VER20260731154942621221078F2.jpg,https://raw.githubusercontent.com/LGRSV/vera-vegetacao/main/fotos/Enecol-Centro/VER20260731154942621221078F3.jpg,,V20260731154942621221078
2049,V0885,Rota SE Colinas,NORTE,AL,AL01020023,31/07/2026,15:51,Oiti,1139658,URBANO,1.5,25,Sim,300,300,0,-8.0518547,-48.4978345,3,https://raw.githubusercontent.com/LGRSV/vera-vegetacao/main/fotos/Enecol-Centro/VER20260731155154443896271F1.jpg,https://raw.githubusercontent.com/LGRSV/vera-vegetacao/main/fotos/Enecol-Centro/VER20260731155154443896271F2.jpg,https://raw.githubusercontent.com/LGRSV/vera-vegetacao/main/fotos/Enecol-Centro/VER20260731155154443896271F3.jpg,,V20260731155154443896271
2050,V0886,Rota SE Colinas,NORTE,AL,AL01020023,31/07/2026,15:52,Oiti,1139658,URBANO,1.5,20,Sim,300,300,0,-8.0519181,-48.4978321,3,https://raw.githubusercontent.com/LGRSV/vera-vegetacao/main/fotos/Enecol-Centro/VER20260731155247038562477F1.jpg,https://raw.githubusercontent.com/LGRSV/vera-vegetacao/main/fotos/Enecol-Centro/VER20260731155247038562477F2.jpg,https://raw.githubusercontent.com/LGRSV/vera-vegetacao/main/fotos/Enecol-Centro/VER20260731155247038562477F3.jpg,,V20260731155247038562477
2051,V0887,Rota SE Colinas,NORTE,AL,AL01020023,31/07/2026,16:11,Mangueira,888290,URBANO,10,75,Sim,300,300,0,-8.05356,-48.4980069,3,https://raw.githubusercontent.com/LGRSV/vera-vegetacao/main/fotos/Enecol-Centro/VER20260731161104185464212F1.jpg,https://raw.githubusercontent.com/LGRSV/vera-vegetacao/main/fotos/Enecol-Centro/VER20260731161104185464212F2.jpg,https://raw.githubusercontent.com/LGRSV/vera-vegetacao/main/fotos/Enecol-Centro/VER20260731161104185464212F3.jpg,,V20260731161104185464212
2052,V0888,Rota SE Colinas,NORTE,AL,AL01020023,31/07/2026,16:12,Outros,1878261,URBANO,10,40,Sim,300,300,0,-8.0536328,-48.4977938,3,https://raw.githubusercontent.com/LGRSV/vera-vegetacao/main/fotos/Enecol-Centro/VER20260803132447744579439F1.jpg,https://raw.githubusercontent.com/LGRSV/vera-vegetacao/main/fotos/Enecol-Centro/VER20260803132447744579439F2.jpg,https://raw.githubusercontent.com/LGRSV/vera-vegetacao/main/fotos/Enecol-Centro/VER20260803132447744579439F3.jpg,,V20260803132447744579439
2053,V0889,Rota SE Colinas,NORTE,AL,AL01020023,03/08/2026,13:33,Outros,1098460,URBANO,5,45,Sim,300,300,0,-8.0532519,-48.4990517,3,https://raw.githubusercontent.com/LGRSV/vera-vegetacao/main/fotos/Enecol-Centro/VER20260803133330954510502F1.jpg,https://raw.githubusercontent.com/LGRSV/vera-vegetacao/main/fotos/Enecol-Centro/VER20260803133330954510502F2.jpg,https://raw.githubusercontent.com/LGRSV/vera-vegetacao/main/fotos/Enecol-Centro/VER20260803133330954510502F3.jpg,,V20260803133330954510502
2054,V0890,Rota SE Colinas,NORTE,AL,AL01020023,03/08/2026,13:34,Outros,890995,URBANO,2.5,30,Sim,,300,0,-8.0534788,-48.4989082,3,https://raw.githubusercontent.com/LGRSV/vera-vegetacao/main/fotos/Enecol-Centro/VER20260803133435737189004F1.jpg,https://raw.githubusercontent.com/LGRSV/vera-vegetacao/main/fotos/Enecol-Centro/VER20260803133435737189004F2.jpg,https://raw.githubusercontent.com/LGRSV/vera-vegetacao/main/fotos/Enecol-Centro/VER20260803133435737189004F3.jpg,,V20260803133435737189004
2055,V0891,Rota SE Colinas,NORTE,AL,AL01020023,03/08/2026,13:35,Outros,890995,URBANO,2,20,Sim,300,300,0,-8.0535468,-48.4988088,3,https://raw.githubusercontent.com/LGRSV/vera-vegetacao/main/fotos/Enecol-Centro/VER20260803133533027580156F1.jpg,https://raw.githubusercontent.com/LGRSV/vera-vegetacao/main/fotos/Enecol-Centro/VER20260803133533027580156F2.jpg,https://raw.githubusercontent.com/LGRSV/vera-vegetacao/main/fotos/Enecol-Centro/VER20260803133533027580156F3.jpg,,V20260803133533027580156
2056,V0892,Rota SE Colinas,NORTE,AL,AL01020023,03/08/2026,13:36,Outros,890995,URBANO,2,20,Sim,300,300,0,-8.0535433,-48.4987993,3,https://raw.githubusercontent.com/LGRSV/vera-vegetacao/main/fotos/Enecol-Centro/VER20260803133625033811554F1.jpg,https://raw.githubusercontent.com/LGRSV/vera-vegetacao/main/fotos/Enecol-Centro/VER20260803133625033811554F2.jpg,https://raw.githubusercontent.com/LGRSV/vera-vegetacao/main/fotos/Enecol-Centro/VER20260803133625033811554F3.jpg,,V20260803133625033811554
2057,V0893,Rota SE Colinas,NORTE,AL,AL01020023,03/08/2026,13:37,Outros,890994,URBANO,2,20,Sim,300,300,0,-8.0535851,-48.4987986,3,https://raw.githubusercontent.com/LGRSV/vera-vegetacao/main/fotos/Enecol-Centro/VER20260803133717505714614F1.jpg,https://raw.githubusercontent.com/LGRSV/vera-vegetacao/main/fotos/Enecol-Centro/VER20260803133717505714614F2.jpg,https://raw.githubusercontent.com/LGRSV/vera-vegetacao/main/fotos/Enecol-Centro/VER20260803133717505714614F3.jpg,,V20260803133717505714614
2058,V0894,Rota SE Colinas,NORTE,AL,AL01020023,03/08/2026,13:38,Outros,890994,URBANO,2,20,Sim,300,300,0,-8.053567,-48.4988371,3,https://raw.githubusercontent.com/LGRSV/vera-vegetacao/main/fotos/Enecol-Centro/VER20260803133809162755324F1.jpg,https://raw.githubusercontent.com/LGRSV/vera-vegetacao/main/fotos/Enecol-Centro/VER20260803133809162755324F2.jpg,https://raw.githubusercontent.com/LGRSV/vera-vegetacao/main/fotos/Enecol-Centro/VER20260803133809162755324F3.jpg,,V20260803133809162755324
2059,V0895,Rota SE Colinas,NORTE,AL,AL01020023,03/08/2026,13:39,Outros,890332,URBANO,4.5,30,Sim,300,300,0,-8.053898,-48.4985967,3,https://raw.githubusercontent.com/LGRSV/vera-vegetacao/main/fotos/Enecol-Centro/VER20260803133916012574658F1.jpg,https://raw.githubusercontent.com/LGRSV/vera-vegetacao/main/fotos/Enecol-Centro/VER20260803133916012574658F2.jpg,https://raw.githubusercontent.com/LGRSV/vera-vegetacao/main/fotos/Enecol-Centro/VER20260803133916012574658F3.jpg,,V20260803133916012574658
2060,V0896,Rota SE Colinas,NORTE,AL,AL01020023,03/08/2026,13:42,Outros,887636,URBANO,8,80,Sim,0,300,0,-8.0542929,-48.4981381,3,https://raw.githubusercontent.com/LGRSV/vera-vegetacao/main/fotos/Enecol-Centro/VER20260803134205133125967F1.jpg,https://raw.githubusercontent.com/LGRSV/vera-vegetacao/main/fotos/Enecol-Centro/VER20260803134205133125967F2.jpg,https://raw.githubusercontent.com/LGRSV/vera-vegetacao/main/fotos/Enecol-Centro/VER20260803134205133125967F3.jpg,,V20260803134205133125967
2061,V0897,Rota SE Colinas,NORTE,AL,AL01020023,03/08/2026,13:43,Cajueiro,887636,URBANO,8,90,Sim,0,300,0,-8.0543904,-48.4980841,3,https://raw.githubusercontent.com/LGRSV/vera-vegetacao/main/fotos/Enecol-Centro/VER20260803134316507084715F1.jpg,https://raw.githubusercontent.com/LGRSV/vera-vegetacao/main/fotos/Enecol-Centro/VER20260803134316507084715F2.jpg,https://raw.githubusercontent.com/LGRSV/vera-vegetacao/main/fotos/Enecol-Centro/VER20260803134316507084715F3.jpg,,V20260803134316507084715
2062,V0898,Rota SE Colinas,NORTE,AL,AL01020023,03/08/2026,13:44,Oiti,887635,URBANO,7,65,Sim,250,300,0,-8.0545811,-48.497927,3,https://raw.githubusercontent.com/LGRSV/vera-vegetacao/main/fotos/Enecol-Centro/VER20260803134443921776607F1.jpg,https://raw.githubusercontent.com/LGRSV/vera-vegetacao/main/fotos/Enecol-Centro/VER20260803134443921776607F2.jpg,https://raw.githubusercontent.com/LGRSV/vera-vegetacao/main/fotos/Enecol-Centro/VER20260803134443921776607F3.jpg,,V20260803134443921776607
2063,V0899,Rota SE Colinas,NORTE,AL,AL01020023,03/08/2026,13:45,Cajueiro,887635,URBANO,7,80,Sim,100,300,0,-8.0546292,-48.4978465,3,https://raw.githubusercontent.com/LGRSV/vera-vegetacao/main/fotos/Enecol-Centro/VER20260803134546067093471F1.jpg,https://raw.githubusercontent.com/LGRSV/vera-vegetacao/main/fotos/Enecol-Centro/VER20260803134546067093471F2.jpg,https://raw.githubusercontent.com/LGRSV/vera-vegetacao/main/fotos/Enecol-Centro/VER20260803134546067093471F3.jpg,,V20260803134546067093471
2064,V0900,Rota SE Colinas,NORTE,AL,AL01020023,03/08/2026,13:46,Oiti,887635,URBANO,7,65,Sim,150,300,0,-8.0545941,-48.4980009,3,https://raw.githubusercontent.com/LGRSV/vera-vegetacao/main/fotos/Enecol-Centro/VER20260803134651293464165F1.jpg,https://raw.githubusercontent.com/LGRSV/vera-vegetacao/main/fotos/Enecol-Centro/VER20260803134651293464165F2.jpg,https://raw.githubusercontent.com/LGRSV/vera-vegetacao/main/fotos/Enecol-Centro/VER20260803134651293464165F3.jpg,,V20260803134651293464165
2065,V0901,Rota SE Colinas,NORTE,AL,AL01020023,03/08/2026,13:48,Mangueira,887636,URBANO,8.5,85,Sim,50,250,0,-8.054664,-48.4980988,3,https://raw.githubusercontent.com/LGRSV/vera-vegetacao/main/fotos/Enecol-Centro/VER20260803134817398558243F1.jpg,https://raw.githubusercontent.com/LGRSV/vera-vegetacao/main/fotos/Enecol-Centro/VER20260803134817398558243F2.jpg,https://raw.githubusercontent.com/LGRSV/vera-vegetacao/main/fotos/Enecol-Centro/VER20260803134817398558243F3.jpg,,V20260803134817398558243
2066,V0902,Rota SE Colinas,NORTE,AL,AL01020023,03/08/2026,13:59,Oiti,1750479,URBANO,7.5,60,Sim,250,300,0,-8.0547535,-48.498528,3,https://raw.githubusercontent.com/LGRSV/vera-vegetacao/main/fotos/Enecol-Centro/VER20260803135932186648608F1.jpg,https://raw.githubusercontent.com/LGRSV/vera-vegetacao/main/fotos/Enecol-Centro/VER20260803135932186648608F2.jpg,https://raw.githubusercontent.com/LGRSV/vera-vegetacao/main/fotos/Enecol-Centro/VER20260803135932186648608F3.jpg,,V20260803135932186648608
2067,V0903,Rota SE Colinas,NORTE,AL,AL01020023,03/08/2026,14:00,Outros,887588,URBANO,6.5,50,Sim,300,300,0,-8.0548034,-48.4987545,3,https://raw.githubusercontent.com/LGRSV/vera-vegetacao/main/fotos/Enecol-Centro/VER20260803140047242914065F1.jpg,https://raw.githubusercontent.com/LGRSV/vera-vegetacao/main/fotos/Enecol-Centro/VER20260803140047242914065F2.jpg,https://raw.githubusercontent.com/LGRSV/vera-vegetacao/main/fotos/Enecol-Centro/VER20260803140047242914065F3.jpg,,V20260803140047242914065
2068,V0904,Rota SE Colinas,NORTE,AL,AL01020023,03/08/2026,14:02,Outros,887587,URBANO,7,60,Sim,250,300,0,-8.0548814,-48.4992212,3,https://raw.githubusercontent.com/LGRSV/vera-vegetacao/main/fotos/Enecol-Centro/VER20260803140211696780035F1.jpg,https://raw.githubusercontent.com/LGRSV/vera-vegetacao/main/fotos/Enecol-Centro/VER20260803140211696780035F2.jpg,https://raw.githubusercontent.com/LGRSV/vera-vegetacao/main/fotos/Enecol-Centro/VER20260803140211696780035F3.jpg,,V20260803140211696780035
2069,V0905,Rota SE Colinas,NORTE,AL,AL01020023,03/08/2026,14:04,Outros,890626,URBANO,8,55,Sim,150,300,0,-8.0550122,-48.4998134,3,https://raw.githubusercontent.com/LGRSV/vera-vegetacao/main/fotos/Enecol-Centro/VER20260803140403399941578F1.jpg,https://raw.githubusercontent.com/LGRSV/vera-vegetacao/main/fotos/Enecol-Centro/VER20260803140403399941578F2.jpg,https://raw.githubusercontent.com/LGRSV/vera-vegetacao/main/fotos/Enecol-Centro/VER20260803140403399941578F3.jpg,,V20260803140403399941578
2070,V0906,Rota SE Colinas,NORTE,AL,AL01020023,03/08/2026,14:05,Outros,890626,URBANO,7.5,55,Sim,150,300,0,-8.055025,-48.4998841,3,https://raw.githubusercontent.com/LGRSV/vera-vegetacao/main/fotos/Enecol-Centro/VER20260803140544568646048F1.jpg,https://raw.githubusercontent.com/LGRSV/vera-vegetacao/main/fotos/Enecol-Centro/VER20260803140544568646048F2.jpg,https://raw.githubusercontent.com/LGRSV/vera-vegetacao/main/fotos/Enecol-Centro/VER20260803140544568646048F3.jpg,,V20260803140544568646048
2071,V0907,Rota SE Colinas,NORTE,AL,AL01020023,03/08/2026,14:06,Outros,98000,URBANO,4,40,Sim,300,300,0,-8.0550039,-48.5000136,3,https://raw.githubusercontent.com/LGRSV/vera-vegetacao/main/fotos/Enecol-Centro/VER20260803140637389186474F1.jpg,https://raw.githubusercontent.com/LGRSV/vera-vegetacao/main/fotos/Enecol-Centro/VER20260803140637389186474F2.jpg,https://raw.githubusercontent.com/LGRSV/vera-vegetacao/main/fotos/Enecol-Centro/VER20260803140637389186474F3.jpg,,V20260803140637389186474
2072,V0908,Rota SE Colinas,NORTE,AL,AL01020023,03/08/2026,14:07,Outros,98000,URBANO,3,40,Sim,300,300,0,-8.0551036,-48.5001304,3,https://raw.githubusercontent.com/LGRSV/vera-vegetacao/main/fotos/Enecol-Centro/VER20260803140737646955926F1.jpg,https://raw.githubusercontent.com/LGRSV/vera-vegetacao/main/fotos/Enecol-Centro/VER20260803140737646955926F2.jpg,https://raw.githubusercontent.com/LGRSV/vera-vegetacao/main/fotos/Enecol-Centro/VER20260803140737646955926F3.jpg,,V20260803140737646955926
2073,V0909,Rota SE Colinas,NORTE,AL,AL01020023,03/08/2026,14:08,Outros,890625,URBANO,2.5,40,Sim,300,300,0,-8.0551368,-48.5002136,3,https://raw.githubusercontent.com/LGRSV/vera-vegetacao/main/fotos/Enecol-Centro/VER20260803140830039531381F1.jpg,https://raw.githubusercontent.com/LGRSV/vera-vegetacao/main/fotos/Enecol-Centro/VER20260803140830039531381F2.jpg,https://raw.githubusercontent.com/LGRSV/vera-vegetacao/main/fotos/Enecol-Centro/VER20260803140830039531381F3.jpg,,V20260803140830039531381
2074,V0910,Rota SE Colinas,NORTE,AL,AL01020023,03/08/2026,14:09,Outros,890625,URBANO,3,35,Sim,300,300,0,-8.0550904,-48.5003842,3,https://raw.githubusercontent.com/LGRSV/vera-vegetacao/main/fotos/Enecol-Centro/VER20260803140935115262069F1.jpg,https://raw.githubusercontent.com/LGRSV/vera-vegetacao/main/fotos/Enecol-Centro/VER20260803140935115262069F2.jpg,https://raw.githubusercontent.com/LGRSV/vera-vegetacao/main/fotos/Enecol-Centro/VER20260803140935115262069F3.jpg,,V20260803140935115262069
2075,V0911,Rota SE Colinas,NORTE,AL,AL01020023,03/08/2026,14:12,Oiti,869443,URBANO,7.5,70,Sim,100,300,0,-8.0552822,-48.5009899,3,https://raw.githubusercontent.com/LGRSV/vera-vegetacao/main/fotos/Enecol-Centro/VER20260803141235533091338F1.jpg,https://raw.githubusercontent.com/LGRSV/vera-vegetacao/main/fotos/Enecol-Centro/VER20260803141235533091338F2.jpg,https://raw.githubusercontent.com/LGRSV/vera-vegetacao/main/fotos/Enecol-Centro/VER20260803141235533091338F3.jpg,,V20260803141235533091338
2076,V0912,Rota SE Colinas,NORTE,AL,AL01020023,03/08/2026,14:13,Outros,869443,URBANO,6.5,50,Sim,100,300,0,-8.0552266,-48.5010974,3,https://raw.githubusercontent.com/LGRSV/vera-vegetacao/main/fotos/Enecol-Centro/VER20260803141344255579088F1.jpg,https://raw.githubusercontent.com/LGRSV/vera-vegetacao/main/fotos/Enecol-Centro/VER20260803141344255579088F2.jpg,https://raw.githubusercontent.com/LGRSV/vera-vegetacao/main/fotos/Enecol-Centro/VER20260803141344255579088F3.jpg,,V20260803141344255579088
2077,V0913,Rota SE Colinas,NORTE,AL,AL01020023,03/08/2026,14:14,Outros,869443,URBANO,6.5,60,Sim,250,300,0,-8.0552129,-48.5011103,3,https://raw.githubusercontent.com/LGRSV/vera-vegetacao/main/fotos/Enecol-Centro/VER20260803141453397436234F1.jpg,https://raw.githubusercontent.com/LGRSV/vera-vegetacao/main/fotos/Enecol-Centro/VER20260803141453397436234F2.jpg,https://raw.githubusercontent.com/LGRSV/vera-vegetacao/main/fotos/Enecol-Centro/VER20260803141453397436234F3.jpg,,V20260803141453397436234
2078,V0914,Rota SE Colinas,NORTE,AL,AL01020023,03/08/2026,14:15,Oiti,869443,URBANO,6,40,Sim,300,300,0,-8.0552495,-48.5010967,3,https://raw.githubusercontent.com/LGRSV/vera-vegetacao/main/fotos/Enecol-Centro/VER20260803141559889639156F1.jpg,https://raw.githubusercontent.com/LGRSV/vera-vegetacao/main/fotos/Enecol-Centro/VER20260803141559889639156F2.jpg,https://raw.githubusercontent.com/LGRSV/vera-vegetacao/main/fotos/Enecol-Centro/VER20260803141559889639156F3.jpg,,V20260803141559889639156
2079,V0915,Rota SE Colinas,NORTE,AL,AL01020023,03/08/2026,14:17,Oiti,869443,URBANO,7.5,60,Sim,300,300,0,-8.05525,-48.5011,3,https://raw.githubusercontent.com/LGRSV/vera-vegetacao/main/fotos/Enecol-Centro/VER20260803141723582294819F1.jpg,https://raw.githubusercontent.com/LGRSV/vera-vegetacao/main/fotos/Enecol-Centro/VER20260803141723582294819F2.jpg,https://raw.githubusercontent.com/LGRSV/vera-vegetacao/main/fotos/Enecol-Centro/VER20260803141723582294819F3.jpg,,V20260803141723582294819
2080,V0916,Rota SE Colinas,NORTE,AL,AL01020023,03/08/2026,14:26,Oiti,297495,URBANO,7.5,60,Sim,50,300,0,-8.0554717,-48.5022233,3,https://raw.githubusercontent.com/LGRSV/vera-vegetacao/main/fotos/Enecol-Centro/VER20260803142636479789661F1.jpg,https://raw.githubusercontent.com/LGRSV/vera-vegetacao/main/fotos/Enecol-Centro/VER20260803142636479789661F2.jpg,https://raw.githubusercontent.com/LGRSV/vera-vegetacao/main/fotos/Enecol-Centro/VER20260803142636479789661F3.jpg,,V20260803142636479789661
2081,V0917,Rota SE Colinas,NORTE,AL,AL01020023,03/08/2026,14:27,Oiti,297495,URBANO,7.5,60,Sim,150,300,0,-8.0555017,-48.5022733,3,https://raw.githubusercontent.com/LGRSV/vera-vegetacao/main/fotos/Enecol-Centro/VER20260803142734580353313F1.jpg,https://raw.githubusercontent.com/LGRSV/vera-vegetacao/main/fotos/Enecol-Centro/VER20260803142734580353313F2.jpg,https://raw.githubusercontent.com/LGRSV/vera-vegetacao/main/fotos/Enecol-Centro/VER20260803142734580353313F3.jpg,,V20260803142734580353313
2082,V0918,Rota SE Colinas,NORTE,AL,AL01020023,03/08/2026,14:29,Oiti,1750781,URBANO,5.5,50,Sim,200,300,0,-8.0555283,-48.502625,3,https://raw.githubusercontent.com/LGRSV/vera-vegetacao/main/fotos/Enecol-Centro/VER20260803142957343807123F1.jpg,https://raw.githubusercontent.com/LGRSV/vera-vegetacao/main/fotos/Enecol-Centro/VER20260803142957343807123F2.jpg,https://raw.githubusercontent.com/LGRSV/vera-vegetacao/main/fotos/Enecol-Centro/VER20260803142957343807123F3.jpg,,V20260803142957343807123
2083,V0919,Rota SE Colinas,NORTE,AL,AL01020023,03/08/2026,14:30,Oiti,872099,URBANO,5.5,45,Sim,250,300,0,-8.0556067,-48.5026417,3,https://raw.githubusercontent.com/LGRSV/vera-vegetacao/main/fotos/Enecol-Centro/VER20260803143058241701769F1.jpg,https://raw.githubusercontent.com/LGRSV/vera-vegetacao/main/fotos/Enecol-Centro/VER20260803143058241701769F2.jpg,https://raw.githubusercontent.com/LGRSV/vera-vegetacao/main/fotos/Enecol-Centro/VER20260803143058241701769F3.jpg,,V20260803143058241701769
2084,V0920,Rota SE Colinas,NORTE,AL,AL01020023,03/08/2026,14:33,Outros,872097,URBANO,5,55,Sim,300,300,0,-8.0557233,-48.50309,3,https://raw.githubusercontent.com/LGRSV/vera-vegetacao/main/fotos/Enecol-Centro/VER20260803143352660452264F1.jpg,https://raw.githubusercontent.com/LGRSV/vera-vegetacao/main/fotos/Enecol-Centro/VER20260803143352660452264F2.jpg,https://raw.githubusercontent.com/LGRSV/vera-vegetacao/main/fotos/Enecol-Centro/VER20260803143352660452264F3.jpg,,V20260803143352660452264
2085,V0921,Rota SE Colinas,NORTE,AL,AL01020023,03/08/2026,14:34,Oiti,872097,URBANO,5,45,Sim,300,300,0,-8.0557183,-48.503175,3,https://raw.githubusercontent.com/LGRSV/vera-vegetacao/main/fotos/Enecol-Centro/VER20260803143449859450343F1.jpg,https://raw.githubusercontent.com/LGRSV/vera-vegetacao/main/fotos/Enecol-Centro/VER20260803143449859450343F2.jpg,https://raw.githubusercontent.com/LGRSV/vera-vegetacao/main/fotos/Enecol-Centro/VER20260803143449859450343F3.jpg,,V20260803143449859450343
2086,V0922,Rota SE Colinas,NORTE,AL,AL01020023,03/08/2026,14:38,Mangueira,874048,URBANO,9.5,85,Sim,0,50,0,-8.0559239,-48.5041221,3,https://raw.githubusercontent.com/LGRSV/vera-vegetacao/main/fotos/Enecol-Centro/VER20260803143853169415380F1.jpg,https://raw.githubusercontent.com/LGRSV/vera-vegetacao/main/fotos/Enecol-Centro/VER20260803143853169415380F2.jpg,https://raw.githubusercontent.com/LGRSV/vera-vegetacao/main/fotos/Enecol-Centro/VER20260803143853169415380F3.jpg,,V20260803143853169415380
2087,V0923,Rota SE Colinas,NORTE,AL,AL01020023,03/08/2026,14:39,Outros,874046,URBANO,3.5,25,Sim,300,300,0,-8.0558751,-48.5041499,3,https://raw.githubusercontent.com/LGRSV/vera-vegetacao/main/fotos/Enecol-Centro/VER20260803143941702303514F1.jpg,https://raw.githubusercontent.com/LGRSV/vera-vegetacao/main/fotos/Enecol-Centro/VER20260803143941702303514F2.jpg,https://raw.githubusercontent.com/LGRSV/vera-vegetacao/main/fotos/Enecol-Centro/VER20260803143941702303514F3.jpg,,V20260803143941702303514
2088,V0924,Rota SE Colinas,NORTE,AL,AL01020023,03/08/2026,14:40,Mangueira,874045,URBANO,9,100,Sim,0,50,0,-8.055819,-48.5039643,3,https://raw.githubusercontent.com/LGRSV/vera-vegetacao/main/fotos/Enecol-Centro/VER20260803144055824174132F1.jpg,https://raw.githubusercontent.com/LGRSV/vera-vegetacao/main/fotos/Enecol-Centro/VER20260803144055824174132F2.jpg,https://raw.githubusercontent.com/LGRSV/vera-vegetacao/main/fotos/Enecol-Centro/VER20260803144055824174132F3.jpg,,V20260803144055824174132
2089,V0925,Rota SE Colinas,NORTE,AL,AL01020023,03/08/2026,14:41,Cajueiro,874045,URBANO,5,50,Sim,300,300,0,-8.0558918,-48.5039331,3,https://raw.githubusercontent.com/LGRSV/vera-vegetacao/main/fotos/Enecol-Centro/VER20260803144144560411841F1.jpg,https://raw.githubusercontent.com/LGRSV/vera-vegetacao/main/fotos/Enecol-Centro/VER20260803144144560411841F2.jpg,https://raw.githubusercontent.com/LGRSV/vera-vegetacao/main/fotos/Enecol-Centro/VER20260803144144560411841F3.jpg,,V20260803144144560411841
2090,V0926,Rota SE Colinas,NORTE,AL,AL01020023,03/08/2026,14:42,Mangueira,874048,URBANO,10,110,Sim,250,100,0,-8.0560613,-48.5038907,3,https://raw.githubusercontent.com/LGRSV/vera-vegetacao/main/fotos/Enecol-Centro/VER20260803144243266993659F1.jpg,https://raw.githubusercontent.com/LGRSV/vera-vegetacao/main/fotos/Enecol-Centro/VER20260803144243266993659F2.jpg,https://raw.githubusercontent.com/LGRSV/vera-vegetacao/main/fotos/Enecol-Centro/VER20260803144243266993659F3.jpg,,V20260803144243266993659
2091,V0927,Rota SE Colinas,NORTE,AL,AL01020023,03/08/2026,14:43,Outros,874049,URBANO,3.5,35,Sim,300,300,0,-8.0561244,-48.5038915,3,https://raw.githubusercontent.com/LGRSV/vera-vegetacao/main/fotos/Enecol-Centro/VER20260803144336193256913F1.jpg,https://raw.githubusercontent.com/LGRSV/vera-vegetacao/main/fotos/Enecol-Centro/VER20260803144336193256913F2.jpg,https://raw.githubusercontent.com/LGRSV/vera-vegetacao/main/fotos/Enecol-Centro/VER20260803144336193256913F3.jpg,,V20260803144336193256913
2092,V0928,Rota SE Colinas,NORTE,AL,AL01020023,03/08/2026,14:44,Outros,859834,URBANO,3,25,Sim,300,300,0,-8.0562804,-48.5039749,3,https://raw.githubusercontent.com/LGRSV/vera-vegetacao/main/fotos/Enecol-Centro/VER20260803144453580825268F1.jpg,https://raw.githubusercontent.com/LGRSV/vera-vegetacao/main/fotos/Enecol-Centro/VER20260803144453580825268F2.jpg,https://raw.githubusercontent.com/LGRSV/vera-vegetacao/main/fotos/Enecol-Centro/VER20260803144453580825268F3.jpg,,V20260803144453580825268
2093,V0929,Rota SE Colinas,NORTE,AL,AL01020023,03/08/2026,14:47,Mangueira,874045,URBANO,13,120,Sim,0,0,0,-8.0558046,-48.5037297,3,https://raw.githubusercontent.com/LGRSV/vera-vegetacao/main/fotos/Enecol-Centro/VER20260803144701767219206F1.jpg,https://raw.githubusercontent.com/LGRSV/vera-vegetacao/main/fotos/Enecol-Centro/VER20260803144701767219206F2.jpg,https://raw.githubusercontent.com/LGRSV/vera-vegetacao/main/fotos/Enecol-Centro/VER20260803144701767219206F3.jpg,,V20260803144701767219206
2094,V0930,Rota SE Colinas,NORTE,AL,AL01020023,03/08/2026,14:52,Oiti,55998128,URBANO,4.5,60,Sim,300,300,0,-8.0548067,-48.5002732,3,https://raw.githubusercontent.com/LGRSV/vera-vegetacao/main/fotos/Enecol-Centro/VER20260803145216654061137F1.jpg,https://raw.githubusercontent.com/LGRSV/vera-vegetacao/main/fotos/Enecol-Centro/VER20260803145216654061137F2.jpg,https://raw.githubusercontent.com/LGRSV/vera-vegetacao/main/fotos/Enecol-Centro/VER20260803145216654061137F3.jpg,,V20260803145216654061137
2095,V0931,Rota SE Colinas,NORTE,AL,AL01020023,03/08/2026,14:53,Outros,890625,URBANO,10.5,65,Sim,300,300,0,-8.0549982,-48.5001706,3,https://raw.githubusercontent.com/LGRSV/vera-vegetacao/main/fotos/Enecol-Centro/VER20260803145318189038590F1.jpg,https://raw.githubusercontent.com/LGRSV/vera-vegetacao/main/fotos/Enecol-Centro/VER20260803145318189038590F2.jpg,https://raw.githubusercontent.com/LGRSV/vera-vegetacao/main/fotos/Enecol-Centro/VER20260803145318189038590F3.jpg,,V20260803145318189038590
2096,V0932,Rota SE Colinas,NORTE,AL,AL01020023,03/08/2026,14:57,Outros,874040,URBANO,6.5,55,Sim,300,300,0,-8.0554858,-48.4998986,3,https://raw.githubusercontent.com/LGRSV/vera-vegetacao/main/fotos/Enecol-Centro/VER20260803145715571928718F1.jpg,https://raw.githubusercontent.com/LGRSV/vera-vegetacao/main/fotos/Enecol-Centro/VER20260803145715571928718F2.jpg,https://raw.githubusercontent.com/LGRSV/vera-vegetacao/main/fotos/Enecol-Centro/VER20260803145715571928718F3.jpg,,V20260803145715571928718
2097,V0933,Rota SE Colinas,NORTE,AL,AL01020023,03/08/2026,14:58,Outros,874039,URBANO,5,45,Sim,300,300,0,-8.0556985,-48.4997627,3,https://raw.githubusercontent.com/LGRSV/vera-vegetacao/main/fotos/Enecol-Centro/VER20260803145820965411388F1.jpg,https://raw.githubusercontent.com/LGRSV/vera-vegetacao/main/fotos/Enecol-Centro/VER20260803145820965411388F2.jpg,https://raw.githubusercontent.com/LGRSV/vera-vegetacao/main/fotos/Enecol-Centro/VER20260803145820965411388F3.jpg,,V20260803145820965411388
2098,V0934,Rota SE Colinas,NORTE,AL,AL01020023,03/08/2026,14:59,Outros,874039,URBANO,7,70,Sim,100,300,0,-8.0557763,-48.4996669,3,https://raw.githubusercontent.com/LGRSV/vera-vegetacao/main/fotos/Enecol-Centro/VER20260803145924001182624F1.jpg,https://raw.githubusercontent.com/LGRSV/vera-vegetacao/main/fotos/Enecol-Centro/VER20260803145924001182624F2.jpg,https://raw.githubusercontent.com/LGRSV/vera-vegetacao/main/fotos/Enecol-Centro/VER20260803145924001182624F3.jpg,,V20260803145924001182624
2099,V0935,Rota SE Colinas,NORTE,AL,AL01020023,03/08/2026,15:01,Coqueiro,874039,URBANO,8.5,65,Sim,100,150,0,-8.0558166,-48.4996902,3,https://raw.githubusercontent.com/LGRSV/vera-vegetacao/main/fotos/Enecol-Centro/VER20260803150149931912973F1.jpg,https://raw.githubusercontent.com/LGRSV/vera-vegetacao/main/fotos/Enecol-Centro/VER20260803150149931912973F2.jpg,https://raw.githubusercontent.com/LGRSV/vera-vegetacao/main/fotos/Enecol-Centro/VER20260803150149931912973F3.jpg,,V20260803150149931912973
2100,V0936,Rota SE Colinas,NORTE,AL,AL01020023,03/08/2026,15:02,Outros,874039,URBANO,4,30,Sim,300,300,0,-8.055845,-48.4996881,3,https://raw.githubusercontent.com/LGRSV/vera-vegetacao/main/fotos/Enecol-Centro/VER20260803150246584975658F1.jpg,https://raw.githubusercontent.com/LGRSV/vera-vegetacao/main/fotos/Enecol-Centro/VER20260803150246584975658F2.jpg,https://raw.githubusercontent.com/LGRSV/vera-vegetacao/main/fotos/Enecol-Centro/VER20260803150246584975658F3.jpg,,V20260803150246584975658
2101,V0937,Rota SE Colinas,NORTE,AL,AL01020023,03/08/2026,15:05,Outros,874038,URBANO,10,70,Sim,50,50,0,-8.0559982,-48.49959,3,https://raw.githubusercontent.com/LGRSV/vera-vegetacao/main/fotos/Enecol-Centro/VER20260803150531048824939F1.jpg,https://raw.githubusercontent.com/LGRSV/vera-vegetacao/main/fotos/Enecol-Centro/VER20260803150531048824939F2.jpg,https://raw.githubusercontent.com/LGRSV/vera-vegetacao/main/fotos/Enecol-Centro/VER20260803150531048824939F3.jpg,,V20260803150531048824939
2102,V0938,Rota SE Colinas,NORTE,AL,AL01020023,03/08/2026,15:14,Outros,1138964,URBANO,6.5,60,Sim,300,300,0,-8.0570767,-48.499125,3,https://raw.githubusercontent.com/LGRSV/vera-vegetacao/main/fotos/Enecol-Centro/VER20260803151410528664145F1.jpg,https://raw.githubusercontent.com/LGRSV/vera-vegetacao/main/fotos/Enecol-Centro/VER20260803151410528664145F2.jpg,https://raw.githubusercontent.com/LGRSV/vera-vegetacao/main/fotos/Enecol-Centro/VER20260803151410528664145F3.jpg,,V20260803151410528664145
2103,V0939,Rota SE Colinas,NORTE,AL,AL01020023,03/08/2026,15:15,Outros,1138964,URBANO,2.5,55,Sim,300,300,0,-8.0571533,-48.4991533,3,https://raw.githubusercontent.com/LGRSV/vera-vegetacao/main/fotos/Enecol-Centro/VER20260803151508197592044F1.jpg,https://raw.githubusercontent.com/LGRSV/vera-vegetacao/main/fotos/Enecol-Centro/VER20260803151508197592044F2.jpg,https://raw.githubusercontent.com/LGRSV/vera-vegetacao/main/fotos/Enecol-Centro/VER20260803151508197592044F3.jpg,,V20260803151508197592044
2104,V0940,Rota SE Colinas,NORTE,AL,AL01020023,03/08/2026,15:18,Outros,1138967,URBANO,7,55,Sim,150,300,0,-8.0578068,-48.4990386,3,https://raw.githubusercontent.com/LGRSV/vera-vegetacao/main/fotos/Enecol-Centro/VER20260803151844058114363F1.jpg,https://raw.githubusercontent.com/LGRSV/vera-vegetacao/main/fotos/Enecol-Centro/VER20260803151844058114363F2.jpg,https://raw.githubusercontent.com/LGRSV/vera-vegetacao/main/fotos/Enecol-Centro/VER20260803151844058114363F3.jpg,,V20260803151844058114363
2105,V0941,Rota SE Colinas,NORTE,AL,AL01020023,03/08/2026,15:19,Outros,1138967,URBANO,8.5,60,Sim,50,250,0,-8.0579078,-48.4990687,3,https://raw.githubusercontent.com/LGRSV/vera-vegetacao/main/fotos/Enecol-Centro/VER20260803151941038197749F1.jpg,https://raw.githubusercontent.com/LGRSV/vera-vegetacao/main/fotos/Enecol-Centro/VER20260803151941038197749F2.jpg,https://raw.githubusercontent.com/LGRSV/vera-vegetacao/main/fotos/Enecol-Centro/VER20260803151941038197749F3.jpg,,V20260803151941038197749
2106,V0942,Rota SE Colinas,NORTE,AL,AL01020023,03/08/2026,15:21,Outros,1138967,URBANO,8,70,Sim,0,250,0,-8.0580856,-48.4990598,3,https://raw.githubusercontent.com/LGRSV/vera-vegetacao/main/fotos/Enecol-Centro/VER20260803152101540294058F1.jpg,https://raw.githubusercontent.com/LGRSV/vera-vegetacao/main/fotos/Enecol-Centro/VER20260803152101540294058F2.jpg,https://raw.githubusercontent.com/LGRSV/vera-vegetacao/main/fotos/Enecol-Centro/VER20260803152101540294058F3.jpg,,V20260803152101540294058
2107,V0943,Rota SE Colinas,NORTE,AL,AL01020023,03/08/2026,15:25,Outros,1138968,URBANO,2,20,Sim,300,300,0,-8.0583629,-48.4990721,3,https://raw.githubusercontent.com/LGRSV/vera-vegetacao/main/fotos/Enecol-Centro/VER20260803152522427119092F1.jpg,https://raw.githubusercontent.com/LGRSV/vera-vegetacao/main/fotos/Enecol-Centro/VER20260803152522427119092F2.jpg,https://raw.githubusercontent.com/LGRSV/vera-vegetacao/main/fotos/Enecol-Centro/VER20260803152522427119092F3.jpg,,V20260803152522427119092
2108,V0944,Rota SE Colinas,NORTE,AL,AL01020023,03/08/2026,15:26,Outros,1138968,URBANO,2.5,20,Sim,300,300,0,-8.0584875,-48.4990238,3,https://raw.githubusercontent.com/LGRSV/vera-vegetacao/main/fotos/Enecol-Centro/VER20260803152626225730114F1.jpg,https://raw.githubusercontent.com/LGRSV/vera-vegetacao/main/fotos/Enecol-Centro/VER20260803152626225730114F2.jpg,https://raw.githubusercontent.com/LGRSV/vera-vegetacao/main/fotos/Enecol-Centro/VER20260803152626225730114F3.jpg,,V20260803152626225730114
2109,V0945,Rota SE Colinas,NORTE,AL,AL01020023,03/08/2026,15:27,Oiti,1139263,URBANO,7.5,50,Sim,0,300,0,-8.0588219,-48.4990221,3,https://raw.githubusercontent.com/LGRSV/vera-vegetacao/main/fotos/Enecol-Centro/VER20260803152747884910900F1.jpg,https://raw.githubusercontent.com/LGRSV/vera-vegetacao/main/fotos/Enecol-Centro/VER20260803152747884910900F2.jpg,https://raw.githubusercontent.com/LGRSV/vera-vegetacao/main/fotos/Enecol-Centro/VER20260803152747884910900F3.jpg,,V20260803152747884910900
2110,V0946,Rota SE Colinas,NORTE,AL,AL01020023,03/08/2026,15:29,Outros,1139264,URBANO,6,50,Sim,250,300,0,-8.0590978,-48.4989466,3,https://raw.githubusercontent.com/LGRSV/vera-vegetacao/main/fotos/Enecol-Centro/VER20260803152953397624628F1.jpg,https://raw.githubusercontent.com/LGRSV/vera-vegetacao/main/fotos/Enecol-Centro/VER20260803152953397624628F2.jpg,https://raw.githubusercontent.com/LGRSV/vera-vegetacao/main/fotos/Enecol-Centro/VER20260803152953397624628F3.jpg,,V20260803152953397624628
2111,V0947,Rota SE Colinas,NORTE,AL,AL01020023,03/08/2026,15:30,Outros,1139265,URBANO,5,60,Sim,300,300,0,-8.0592942,-48.4989613,3,https://raw.githubusercontent.com/LGRSV/vera-vegetacao/main/fotos/Enecol-Centro/VER20260803153044355041523F1.jpg,https://raw.githubusercontent.com/LGRSV/vera-vegetacao/main/fotos/Enecol-Centro/VER20260803153044355041523F2.jpg,https://raw.githubusercontent.com/LGRSV/vera-vegetacao/main/fotos/Enecol-Centro/VER20260803153044355041523F3.jpg,,V20260803153044355041523
2112,V0948,Rota SE Colinas,NORTE,AL,AL01020023,03/08/2026,15:33,Oiti,1139267,URBANO,4.5,50,Sim,300,300,0,-8.0601361,-48.4989146,3,https://raw.githubusercontent.com/LGRSV/vera-vegetacao/main/fotos/Enecol-Centro/VER20260803153320519166926F1.jpg,https://raw.githubusercontent.com/LGRSV/vera-vegetacao/main/fotos/Enecol-Centro/VER20260803153320519166926F2.jpg,https://raw.githubusercontent.com/LGRSV/vera-vegetacao/main/fotos/Enecol-Centro/VER20260803153320519166926F3.jpg,,V20260803153320519166926
2113,V0949,Rota SE Colinas,NORTE,AL,AL01020023,03/08/2026,15:34,Oiti,1139267,URBANO,5.5,55,Sim,300,300,0,-8.0602008,-48.4989052,3,https://raw.githubusercontent.com/LGRSV/vera-vegetacao/main/fotos/Enecol-Centro/VER20260803153431159265749F1.jpg,https://raw.githubusercontent.com/LGRSV/vera-vegetacao/main/fotos/Enecol-Centro/VER20260803153431159265749F2.jpg,https://raw.githubusercontent.com/LGRSV/vera-vegetacao/main/fotos/Enecol-Centro/VER20260803153431159265749F3.jpg,,V20260803153431159265749
2114,V0950,Rota SE Colinas,NORTE,AL,AL01020023,03/08/2026,15:35,Oiti,1139267,URBANO,5.5,55,Sim,300,300,0,-8.060257,-48.4989167,3,https://raw.githubusercontent.com/LGRSV/vera-vegetacao/main/fotos/Enecol-Centro/VER20260803153531569424727F1.jpg,https://raw.githubusercontent.com/LGRSV/vera-vegetacao/main/fotos/Enecol-Centro/VER20260803153531569424727F2.jpg,https://raw.githubusercontent.com/LGRSV/vera-vegetacao/main/fotos/Enecol-Centro/VER20260803153531569424727F3.jpg,,V20260803153531569424727
2115,V0951,Rota SE Colinas,NORTE,AL,AL01020023,03/08/2026,15:37,Pequi,1139271,URBANO,11,90,Sim,0,0,0,-8.0603617,-48.4993567,3,https://raw.githubusercontent.com/LGRSV/vera-vegetacao/main/fotos/Enecol-Centro/VER20260803153724660684288F1.jpg,https://raw.githubusercontent.com/LGRSV/vera-vegetacao/main/fotos/Enecol-Centro/VER20260803153724660684288F2.jpg,https://raw.githubusercontent.com/LGRSV/vera-vegetacao/main/fotos/Enecol-Centro/VER20260803153724660684288F3.jpg,,V20260803153724660684288
2116,V0952,Rota SE Colinas,NORTE,AL,AL01020023,03/08/2026,15:39,Outros,1139268,URBANO,12,90,Sim,300,300,0,-8.0603715,-48.4988538,3,https://raw.githubusercontent.com/LGRSV/vera-vegetacao/main/fotos/Enecol-Centro/VER20260803153901484791670F1.jpg,https://raw.githubusercontent.com/LGRSV/vera-vegetacao/main/fotos/Enecol-Centro/VER20260803153901484791670F2.jpg,https://raw.githubusercontent.com/LGRSV/vera-vegetacao/main/fotos/Enecol-Centro/VER20260803153901484791670F3.jpg,,V20260803153901484791670
2117,V0953,Rota SE Colinas,NORTE,AL,AL01020023,03/08/2026,15:41,Outros,,URBANO,8.5,75,Sim,50,300,0,-8.0602565,-48.4986571,3,https://raw.githubusercontent.com/LGRSV/vera-vegetacao/main/fotos/Enecol-Centro/VER20260803154115449345916F1.jpg,https://raw.githubusercontent.com/LGRSV/vera-vegetacao/main/fotos/Enecol-Centro/VER20260803154115449345916F2.jpg,https://raw.githubusercontent.com/LGRSV/vera-vegetacao/main/fotos/Enecol-Centro/VER20260803154115449345916F3.jpg,,V20260803154115449345916
2118,V0954,Rota SE Colinas,NORTE,AL,AL01020023,03/08/2026,15:44,Mogno,1139275,URBANO,7.5,50,Sim,50,300,0,-8.0598494,-48.4978915,3,https://raw.githubusercontent.com/LGRSV/vera-vegetacao/main/fotos/Enecol-Centro/VER20260803154425594732954F1.jpg,https://raw.githubusercontent.com/LGRSV/vera-vegetacao/main/fotos/Enecol-Centro/VER20260803154425594732954F2.jpg,https://raw.githubusercontent.com/LGRSV/vera-vegetacao/main/fotos/Enecol-Centro/VER20260803154425594732954F3.jpg,,V20260803154425594732954
2119,V0955,Rota SE Colinas,NORTE,AL,AL01020023,03/08/2026,15:45,Outros,1139275,URBANO,11,130,Sim,300,50,0,-8.0598433,-48.4978733,3,https://raw.githubusercontent.com/LGRSV/vera-vegetacao/main/fotos/Enecol-Centro/VER20260803154513086546189F1.jpg,https://raw.githubusercontent.com/LGRSV/vera-vegetacao/main/fotos/Enecol-Centro/VER20260803154513086546189F2.jpg,https://raw.githubusercontent.com/LGRSV/vera-vegetacao/main/fotos/Enecol-Centro/VER20260803154513086546189F3.jpg,,V20260803154513086546189
2120,V0956,Rota SE Colinas,NORTE,AL,AL01020023,03/08/2026,15:52,Oiti,1139281,URBANO,3.5,50,Sim,300,300,0,-8.0584665,-48.4981605,3,https://raw.githubusercontent.com/LGRSV/vera-vegetacao/main/fotos/Enecol-Centro/VER20260803155219996683057F1.jpg,https://raw.githubusercontent.com/LGRSV/vera-vegetacao/main/fotos/Enecol-Centro/VER20260803155219996683057F2.jpg,https://raw.githubusercontent.com/LGRSV/vera-vegetacao/main/fotos/Enecol-Centro/VER20260803155219996683057F3.jpg,,V20260803155219996683057
2121,V0957,Rota SE Colinas,NORTE,AL,AL01020023,03/08/2026,15:53,Oiti,1139284,URBANO,2.5,20,Sim,300,300,0,-8.0579706,-48.4979389,3,https://raw.githubusercontent.com/LGRSV/vera-vegetacao/main/fotos/Enecol-Centro/VER20260803155354018413647F1.jpg,https://raw.githubusercontent.com/LGRSV/vera-vegetacao/main/fotos/Enecol-Centro/VER20260803155354018413647F2.jpg,https://raw.githubusercontent.com/LGRSV/vera-vegetacao/main/fotos/Enecol-Centro/VER20260803155354018413647F3.jpg,,V20260803155354018413647
2122,V0958,Rota SE Colinas,NORTE,AL,AL01020023,03/08/2026,15:54,Outros,1139284,URBANO,9.5,80,Sim,150,200,0,-8.0579706,-48.4979452,3,https://raw.githubusercontent.com/LGRSV/vera-vegetacao/main/fotos/Enecol-Centro/VER20260803155452244762590F1.jpg,https://raw.githubusercontent.com/LGRSV/vera-vegetacao/main/fotos/Enecol-Centro/VER20260803155452244762590F2.jpg,https://raw.githubusercontent.com/LGRSV/vera-vegetacao/main/fotos/Enecol-Centro/VER20260803155452244762590F3.jpg,,V20260803155452244762590
2123,V0959,Rota SE Colinas,NORTE,AL,AL01020023,03/08/2026,15:58,Oiti,1139286,URBANO,3,45,Sim,300,300,0,-8.0572917,-48.4979904,3,https://raw.githubusercontent.com/LGRSV/vera-vegetacao/main/fotos/Enecol-Centro/VER20260803155816798579707F1.jpg,https://raw.githubusercontent.com/LGRSV/vera-vegetacao/main/fotos/Enecol-Centro/VER20260803155816798579707F2.jpg,https://raw.githubusercontent.com/LGRSV/vera-vegetacao/main/fotos/Enecol-Centro/VER20260803155816798579707F3.jpg,,V20260803155816798579707
2124,V0960,Rota SE Colinas,NORTE,AL,AL01020023,03/08/2026,15:59,Outros,1139287,URBANO,5,40,Sim,300,300,0,-8.0568033,-48.4979985,3,https://raw.githubusercontent.com/LGRSV/vera-vegetacao/main/fotos/Enecol-Centro/VER20260803155947985904155F1.jpg,https://raw.githubusercontent.com/LGRSV/vera-vegetacao/main/fotos/Enecol-Centro/VER20260803155947985904155F2.jpg,https://raw.githubusercontent.com/LGRSV/vera-vegetacao/main/fotos/Enecol-Centro/VER20260803155947985904155F3.jpg,,V20260803155947985904155
2125,V0961,Rota SE Colinas,NORTE,AL,AL01020023,03/08/2026,16:01,Outros,1139596,URBANO,5.5,40,Sim,250,300,0,-8.0567164,-48.4974939,3,https://raw.githubusercontent.com/LGRSV/vera-vegetacao/main/fotos/Enecol-Centro/VER20260803160138157282355F1.jpg,https://raw.githubusercontent.com/LGRSV/vera-vegetacao/main/fotos/Enecol-Centro/VER20260803160138157282355F2.jpg,https://raw.githubusercontent.com/LGRSV/vera-vegetacao/main/fotos/Enecol-Centro/VER20260803160138157282355F3.jpg,,V20260803160138157282355
2126,V0962,Rota SE Colinas,NORTE,AL,AL01020023,03/08/2026,16:02,Mogno,1139596,URBANO,9.5,60,Sim,50,100,0,-8.0567306,-48.4974955,3,https://raw.githubusercontent.com/LGRSV/vera-vegetacao/main/fotos/Enecol-Centro/VER20260803160240831398366F1.jpg,https://raw.githubusercontent.com/LGRSV/vera-vegetacao/main/fotos/Enecol-Centro/VER20260803160240831398366F2.jpg,https://raw.githubusercontent.com/LGRSV/vera-vegetacao/main/fotos/Enecol-Centro/VER20260803160240831398366F3.jpg,,V20260803160240831398366
2127,V0963,Rota SE Colinas,NORTE,AL,AL01020023,03/08/2026,16:04,Mogno,1837672,URBANO,2.5,25,Sim,300,300,0,-8.0566546,-48.4968781,3,https://raw.githubusercontent.com/LGRSV/vera-vegetacao/main/fotos/Enecol-Centro/VER20260803160448513368544F1.jpg,https://raw.githubusercontent.com/LGRSV/vera-vegetacao/main/fotos/Enecol-Centro/VER20260803160448513368544F2.jpg,https://raw.githubusercontent.com/LGRSV/vera-vegetacao/main/fotos/Enecol-Centro/VER20260803160448513368544F3.jpg,,V20260803160448513368544
2128,V0964,Rota SE Colinas,NORTE,AL,AL01020023,03/08/2026,16:05,Oiti,1139598,URBANO,9.5,55,Sim,100,50,0,-8.0566351,-48.4967301,3,https://raw.githubusercontent.com/LGRSV/vera-vegetacao/main/fotos/Enecol-Centro/VER20260803160541598909264F1.jpg,https://raw.githubusercontent.com/LGRSV/vera-vegetacao/main/fotos/Enecol-Centro/VER20260803160541598909264F2.jpg,https://raw.githubusercontent.com/LGRSV/vera-vegetacao/main/fotos/Enecol-Centro/VER20260803160541598909264F3.jpg,,V20260803160541598909264
2129,V0965,Rota SE Colinas,NORTE,AL,AL01020023,03/08/2026,16:06,Oiti,1139598,URBANO,9.5,60,Sim,50,100,0,-8.0566494,-48.4966862,3,https://raw.githubusercontent.com/LGRSV/vera-vegetacao/main/fotos/Enecol-Centro/VER20260803160641784535550F1.jpg,https://raw.githubusercontent.com/LGRSV/vera-vegetacao/main/fotos/Enecol-Centro/VER20260803160641784535550F2.jpg,https://raw.githubusercontent.com/LGRSV/vera-vegetacao/main/fotos/Enecol-Centro/VER20260803160641784535550F3.jpg,,V20260803160641784535550
2130,V0966,Rota SE Colinas,NORTE,AL,AL01020023,03/08/2026,16:07,Oiti,1139598,URBANO,9,50,Sim,100,150,0,-8.0566255,-48.496607,3,https://raw.githubusercontent.com/LGRSV/vera-vegetacao/main/fotos/Enecol-Centro/VER20260803160755001428941F1.jpg,https://raw.githubusercontent.com/LGRSV/vera-vegetacao/main/fotos/Enecol-Centro/VER20260803160755001428941F2.jpg,https://raw.githubusercontent.com/LGRSV/vera-vegetacao/main/fotos/Enecol-Centro/VER20260803160755001428941F3.jpg,,V20260803160755001428941
2131,V0967,Rota SE Colinas,NORTE,AL,AL01020023,03/08/2026,16:08,Oiti,1139599,URBANO,2,20,Sim,300,300,0,-8.056591,-48.4964712,3,https://raw.githubusercontent.com/LGRSV/vera-vegetacao/main/fotos/Enecol-Centro/VER20260803160852987527290F1.jpg,https://raw.githubusercontent.com/LGRSV/vera-vegetacao/main/fotos/Enecol-Centro/VER20260803160852987527290F2.jpg,https://raw.githubusercontent.com/LGRSV/vera-vegetacao/main/fotos/Enecol-Centro/VER20260803160852987527290F3.jpg,,V20260803160852987527290
2132,V0968,Rota SE Colinas,NORTE,AL,AL01020023,03/08/2026,16:10,Oiti,1139599,URBANO,2,40,Sim,300,300,0,-8.0566018,-48.4963424,3,https://raw.githubusercontent.com/LGRSV/vera-vegetacao/main/fotos/Enecol-Centro/VER20260803161004897221431F1.jpg,https://raw.githubusercontent.com/LGRSV/vera-vegetacao/main/fotos/Enecol-Centro/VER20260803161004897221431F2.jpg,https://raw.githubusercontent.com/LGRSV/vera-vegetacao/main/fotos/Enecol-Centro/VER20260803161004897221431F3.jpg,,V20260803161004897221431
2133,V0969,Rota SE Colinas,NORTE,AL,AL01020023,03/08/2026,16:11,Outros,1139600,URBANO,6,55,Sim,100,300,0,-8.0566434,-48.4962243,3,https://raw.githubusercontent.com/LGRSV/vera-vegetacao/main/fotos/Enecol-Centro/VER20260803161112292802153F1.jpg,https://raw.githubusercontent.com/LGRSV/vera-vegetacao/main/fotos/Enecol-Centro/VER20260803161112292802153F2.jpg,https://raw.githubusercontent.com/LGRSV/vera-vegetacao/main/fotos/Enecol-Centro/VER20260803161112292802153F3.jpg,,V20260803161112292802153
2134,V0970,Rota SE Colinas,NORTE,AL,AL01020023,03/08/2026,16:13,Outros,1139601,URBANO,11,70,Sim,150,50,0,-8.0570768,-48.4958413,3,https://raw.githubusercontent.com/LGRSV/vera-vegetacao/main/fotos/Enecol-Centro/VER20260803161325391672660F1.jpg,https://raw.githubusercontent.com/LGRSV/vera-vegetacao/main/fotos/Enecol-Centro/VER20260803161325391672660F2.jpg,https://raw.githubusercontent.com/LGRSV/vera-vegetacao/main/fotos/Enecol-Centro/VER20260803161325391672660F3.jpg,,V20260803161325391672660
2135,V0971,Rota SE Colinas,NORTE,AL,AL01020023,03/08/2026,16:16,Oiti,1139607,URBANO,10,80,Sim,300,50,0,-8.0585514,-48.4944375,3,https://raw.githubusercontent.com/LGRSV/vera-vegetacao/main/fotos/Enecol-Centro/VER20260803161635568436716F1.jpg,https://raw.githubusercontent.com/LGRSV/vera-vegetacao/main/fotos/Enecol-Centro/VER20260803161635568436716F2.jpg,https://raw.githubusercontent.com/LGRSV/vera-vegetacao/main/fotos/Enecol-Centro/VER20260803161635568436716F3.jpg,,V20260803161635568436716
2136,V0972,Rota SE Colinas,NORTE,AL,AL01020023,03/08/2026,16:24,Outros,37091704,URBANO,3.5,40,Sim,300,300,0,-8.0525734,-48.4919134,3,https://raw.githubusercontent.com/LGRSV/vera-vegetacao/main/fotos/Enecol-Centro/VER20260803162428415667505F1.jpg,https://raw.githubusercontent.com/LGRSV/vera-vegetacao/main/fotos/Enecol-Centro/VER20260803162428415667505F2.jpg,https://raw.githubusercontent.com/LGRSV/vera-vegetacao/main/fotos/Enecol-Centro/VER20260803162428415667505F3.jpg,,V20260803162428415667505
2137,V0973,Rota SE Colinas,NORTE,AL,AL01020023,03/08/2026,16:25,Outros,139498,URBANO,3.5,40,Sim,300,300,0,-8.0525473,-48.4918445,3,https://raw.githubusercontent.com/LGRSV/vera-vegetacao/main/fotos/Enecol-Centro/VER20260803162519834514818F1.jpg,https://raw.githubusercontent.com/LGRSV/vera-vegetacao/main/fotos/Enecol-Centro/VER20260803162519834514818F2.jpg,https://raw.githubusercontent.com/LGRSV/vera-vegetacao/main/fotos/Enecol-Centro/VER20260803162519834514818F3.jpg,,V20260803162519834514818
2138,V0974,Rota SE Colinas,NORTE,AL,AL01020023,03/08/2026,16:28,Mogno,37091662,URBANO,7,75,Sim,50,250,0,-8.0522381,-48.4930801,3,https://raw.githubusercontent.com/LGRSV/vera-vegetacao/main/fotos/Enecol-Centro/VER20260803162830552424774F1.jpg,https://raw.githubusercontent.com/LGRSV/vera-vegetacao/main/fotos/Enecol-Centro/VER20260803162830552424774F2.jpg,https://raw.githubusercontent.com/LGRSV/vera-vegetacao/main/fotos/Enecol-Centro/VER20260803162830552424774F3.jpg,,V20260803162830552424774
2139,V0975,Rota SE Colinas,NORTE,AL,AL01020023,03/08/2026,16:29,Oiti,37091662,URBANO,10.5,115,Sim,200,100,0,-8.0522454,-48.4931269,3,https://raw.githubusercontent.com/LGRSV/vera-vegetacao/main/fotos/Enecol-Centro/VER20260803162924319225279F1.jpg,https://raw.githubusercontent.com/LGRSV/vera-vegetacao/main/fotos/Enecol-Centro/VER20260803162924319225279F2.jpg,https://raw.githubusercontent.com/LGRSV/vera-vegetacao/main/fotos/Enecol-Centro/VER20260803162924319225279F3.jpg,,V20260803162924319225279
2140,V0976,Rota SE Colinas,NORTE,AL,AL01020023,03/08/2026,16:30,Outros,37091662,URBANO,7,60,Sim,300,300,0,-8.0522013,-48.493152,3,https://raw.githubusercontent.com/LGRSV/vera-vegetacao/main/fotos/Enecol-Centro/VER20260803163012842346161F1.jpg,https://raw.githubusercontent.com/LGRSV/vera-vegetacao/main/fotos/Enecol-Centro/VER20260803163012842346161F2.jpg,https://raw.githubusercontent.com/LGRSV/vera-vegetacao/main/fotos/Enecol-Centro/VER20260803163012842346161F3.jpg,,V20260803163012842346161
2141,V0977,Rota SE Colinas,NORTE,AL,AL01020023,03/08/2026,16:31,Cajueiro,37091662,URBANO,6,70,Sim,300,300,0,-8.0521854,-48.493205,3,https://raw.githubusercontent.com/LGRSV/vera-vegetacao/main/fotos/Enecol-Centro/VER20260803163107010948275F1.jpg,https://raw.githubusercontent.com/LGRSV/vera-vegetacao/main/fotos/Enecol-Centro/VER20260803163107010948275F2.jpg,https://raw.githubusercontent.com/LGRSV/vera-vegetacao/main/fotos/Enecol-Centro/VER20260803163107010948275F3.jpg,,V20260803163107010948275
2142,V0978,Rota SE Colinas,NORTE,AL,AL01020023,03/08/2026,16:32,Oiti,37091657,URBANO,7,70,Sim,100,300,0,-8.0521762,-48.4934146,3,https://raw.githubusercontent.com/LGRSV/vera-vegetacao/main/fotos/Enecol-Centro/VER20260803163204255504593F1.jpg,https://raw.githubusercontent.com/LGRSV/vera-vegetacao/main/fotos/Enecol-Centro/VER20260803163204255504593F2.jpg,https://raw.githubusercontent.com/LGRSV/vera-vegetacao/main/fotos/Enecol-Centro/VER20260803163204255504593F3.jpg,,V20260803163204255504593
2143,V0979,Rota SE Colinas,NORTE,AL,AL01020023,03/08/2026,16:32,Oiti,37091657,URBANO,6,65,Sim,300,300,0,-8.0521168,-48.4935713,3,https://raw.githubusercontent.com/LGRSV/vera-vegetacao/main/fotos/Enecol-Centro/VER20260803163256453443862F1.jpg,https://raw.githubusercontent.com/LGRSV/vera-vegetacao/main/fotos/Enecol-Centro/VER20260803163256453443862F2.jpg,https://raw.githubusercontent.com/LGRSV/vera-vegetacao/main/fotos/Enecol-Centro/VER20260803163256453443862F3.jpg,,V20260803163256453443862
2144,V0980,Rota SE Colinas,NORTE,AL,AL01020023,03/08/2026,16:33,Oiti,37091657,URBANO,5,75,Sim,300,300,0,-8.0520978,-48.4936314,3,https://raw.githubusercontent.com/LGRSV/vera-vegetacao/main/fotos/Enecol-Centro/VER20260803163351734906815F1.jpg,https://raw.githubusercontent.com/LGRSV/vera-vegetacao/main/fotos/Enecol-Centro/VER20260803163351734906815F2.jpg,https://raw.githubusercontent.com/LGRSV/vera-vegetacao/main/fotos/Enecol-Centro/VER20260803163351734906815F3.jpg,,V20260803163351734906815
2145,V0981,Rota SE Colinas,NORTE,AL,AL01020023,03/08/2026,16:34,Oiti,37091626,URBANO,3.5,40,Sim,300,300,0,-8.052051,-48.4936648,3,https://raw.githubusercontent.com/LGRSV/vera-vegetacao/main/fotos/Enecol-Centro/VER20260803163440908333188F1.jpg,https://raw.githubusercontent.com/LGRSV/vera-vegetacao/main/fotos/Enecol-Centro/VER20260803163440908333188F2.jpg,https://raw.githubusercontent.com/LGRSV/vera-vegetacao/main/fotos/Enecol-Centro/VER20260803163440908333188F3.jpg,,V20260803163440908333188
2146,V0982,Rota SE Colinas,NORTE,AL,AL06020023,04/08/2026,10:11,Outros,889295,URBANO,11,85,Sim,150,200,0,-8.041788,-48.4642881,3,https://raw.githubusercontent.com/LGRSV/vera-vegetacao/main/fotos/Enecol-Centro/VER20260804101142412257007F1.jpg,https://raw.githubusercontent.com/LGRSV/vera-vegetacao/main/fotos/Enecol-Centro/VER20260804101142412257007F2.jpg,https://raw.githubusercontent.com/LGRSV/vera-vegetacao/main/fotos/Enecol-Centro/VER20260804101142412257007F3.jpg,,V20260804101142412257007
2147,V0983,Rota SE Colinas,NORTE,AL,AL06020023,04/08/2026,10:13,Oiti,136721,URBANO,8,85,Sim,150,250,0,-8.0417733,-48.46415,3,https://raw.githubusercontent.com/LGRSV/vera-vegetacao/main/fotos/Enecol-Centro/VER20260804101331846026108F1.jpg,https://raw.githubusercontent.com/LGRSV/vera-vegetacao/main/fotos/Enecol-Centro/VER20260804101331846026108F2.jpg,https://raw.githubusercontent.com/LGRSV/vera-vegetacao/main/fotos/Enecol-Centro/VER20260804101331846026108F3.jpg,,V20260804101331846026108
2148,V0984,Rota SE Colinas,NORTE,AL,AL06020023,04/08/2026,10:14,Oiti,136723,URBANO,9,80,Sim,200,300,0,-8.04198,-48.4641917,3,https://raw.githubusercontent.com/LGRSV/vera-vegetacao/main/fotos/Enecol-Centro/VER20260804101436967440939F1.jpg,https://raw.githubusercontent.com/LGRSV/vera-vegetacao/main/fotos/Enecol-Centro/VER20260804101436967440939F2.jpg,https://raw.githubusercontent.com/LGRSV/vera-vegetacao/main/fotos/Enecol-Centro/VER20260804101436967440939F3.jpg,,V20260804101436967440939
2149,V0985,Rota SE Colinas,NORTE,AL,AL06020023,04/08/2026,10:15,Outros,136723,URBANO,8,80,Sim,250,300,0,-8.042035,-48.4641717,3,https://raw.githubusercontent.com/LGRSV/vera-vegetacao/main/fotos/Enecol-Centro/VER20260804101543688584951F1.jpg,https://raw.githubusercontent.com/LGRSV/vera-vegetacao/main/fotos/Enecol-Centro/VER20260804101543688584951F2.jpg,https://raw.githubusercontent.com/LGRSV/vera-vegetacao/main/fotos/Enecol-Centro/VER20260804101543688584951F3.jpg,,V20260804101543688584951
2150,V0986,Rota SE Colinas,NORTE,AL,AL06020023,04/08/2026,10:18,Outros,1751139,URBANO,3,85,Sim,300,300,0,-8.04185,-48.4631667,3,https://raw.githubusercontent.com/LGRSV/vera-vegetacao/main/fotos/Enecol-Centro/VER20260804101820018258777F1.jpg,https://raw.githubusercontent.com/LGRSV/vera-vegetacao/main/fotos/Enecol-Centro/VER20260804101820018258777F2.jpg,https://raw.githubusercontent.com/LGRSV/vera-vegetacao/main/fotos/Enecol-Centro/VER20260804101820018258777F3.jpg,,V20260804101820018258777
2151,V0987,Rota SE Colinas,NORTE,AL,AL06020023,04/08/2026,10:19,Oiti,890937,URBANO,9,90,Sim,100,250,0,-8.0419,-48.462915,3,https://raw.githubusercontent.com/LGRSV/vera-vegetacao/main/fotos/Enecol-Centro/VER20260804101951688715296F1.jpg,https://raw.githubusercontent.com/LGRSV/vera-vegetacao/main/fotos/Enecol-Centro/VER20260804101951688715296F2.jpg,https://raw.githubusercontent.com/LGRSV/vera-vegetacao/main/fotos/Enecol-Centro/VER20260804101951688715296F3.jpg,,V20260804101951688715296
2152,V0988,Rota SE Colinas,NORTE,AL,AL06020023,04/08/2026,10:37,Oiti,1768857,URBANO,7,70,Sim,300,300,0,-8.0419867,-48.4611583,3,https://raw.githubusercontent.com/LGRSV/vera-vegetacao/main/fotos/Enecol-Centro/VER20260804103727998136197F1.jpg,https://raw.githubusercontent.com/LGRSV/vera-vegetacao/main/fotos/Enecol-Centro/VER20260804103727998136197F2.jpg,https://raw.githubusercontent.com/LGRSV/vera-vegetacao/main/fotos/Enecol-Centro/VER20260804103727998136197F3.jpg,,V20260804103727998136197
2153,V0989,Rota SE Colinas,NORTE,AL,AL06020023,04/08/2026,10:38,Oiti,1768857,URBANO,7,70,Sim,0,300,0,-8.0419833,-48.46112,3,https://raw.githubusercontent.com/LGRSV/vera-vegetacao/main/fotos/Enecol-Centro/VER20260804103858884443281F1.jpg,https://raw.githubusercontent.com/LGRSV/vera-vegetacao/main/fotos/Enecol-Centro/VER20260804103858884443281F2.jpg,https://raw.githubusercontent.com/LGRSV/vera-vegetacao/main/fotos/Enecol-Centro/VER20260804103858884443281F3.jpg,,V20260804103858884443281
2154,V0990,Rota SE Colinas,NORTE,AL,AL06020023,04/08/2026,10:40,Oiti,1263933,URBANO,7.5,80,Sim,0,300,0,-8.0419917,-48.4610183,3,https://raw.githubusercontent.com/LGRSV/vera-vegetacao/main/fotos/Enecol-Centro/VER20260804104005418269905F1.jpg,https://raw.githubusercontent.com/LGRSV/vera-vegetacao/main/fotos/Enecol-Centro/VER20260804104005418269905F2.jpg,https://raw.githubusercontent.com/LGRSV/vera-vegetacao/main/fotos/Enecol-Centro/VER20260804104005418269905F3.jpg,,V20260804104005418269905
2155,V0991,Rota SE Colinas,NORTE,AL,AL06020023,04/08/2026,10:42,Outros,1263933,URBANO,9.5,85,Sim,300,300,0,-8.0419517,-48.460795,3,https://raw.githubusercontent.com/LGRSV/vera-vegetacao/main/fotos/Enecol-Centro/VER20260804104218400584628F1.jpg,https://raw.githubusercontent.com/LGRSV/vera-vegetacao/main/fotos/Enecol-Centro/VER20260804104218400584628F2.jpg,https://raw.githubusercontent.com/LGRSV/vera-vegetacao/main/fotos/Enecol-Centro/VER20260804104218400584628F3.jpg,,V20260804104218400584628
2156,V0992,Rota SE Colinas,NORTE,AL,AL06020023,04/08/2026,10:43,Oiti,871992,URBANO,6,55,Sim,250,300,0,-8.041975,-48.4607683,3,https://raw.githubusercontent.com/LGRSV/vera-vegetacao/main/fotos/Enecol-Centro/VER20260804104326390341998F1.jpg,https://raw.githubusercontent.com/LGRSV/vera-vegetacao/main/fotos/Enecol-Centro/VER20260804104326390341998F2.jpg,https://raw.githubusercontent.com/LGRSV/vera-vegetacao/main/fotos/Enecol-Centro/VER20260804104326390341998F3.jpg,,V20260804104326390341998
2157,V0993,Rota SE Colinas,NORTE,AL,AL06020023,04/08/2026,10:44,Oiti,871992,URBANO,8,80,Sim,150,300,0,-8.0419983,-48.4607533,3,https://raw.githubusercontent.com/LGRSV/vera-vegetacao/main/fotos/Enecol-Centro/VER20260804104432584825443F1.jpg,https://raw.githubusercontent.com/LGRSV/vera-vegetacao/main/fotos/Enecol-Centro/VER20260804104432584825443F2.jpg,https://raw.githubusercontent.com/LGRSV/vera-vegetacao/main/fotos/Enecol-Centro/VER20260804104432584825443F3.jpg,,V20260804104432584825443
2158,V0994,Rota SE Colinas,NORTE,AL,AL06020023,04/08/2026,10:45,Outros,871992,URBANO,5.5,45,Sim,300,300,0,-8.0419933,-48.4605983,3,https://raw.githubusercontent.com/LGRSV/vera-vegetacao/main/fotos/Enecol-Centro/VER20260804104548018728574F1.jpg,https://raw.githubusercontent.com/LGRSV/vera-vegetacao/main/fotos/Enecol-Centro/VER20260804104548018728574F2.jpg,https://raw.githubusercontent.com/LGRSV/vera-vegetacao/main/fotos/Enecol-Centro/VER20260804104548018728574F3.jpg,,V20260804104548018728574
2159,V0995,Rota SE Colinas,NORTE,AL,AL01020023,04/08/2026,11:07,Oiti,1757683,URBANO,7,50,Sim,100,300,0,-8.03944,-48.4641467,3,https://raw.githubusercontent.com/LGRSV/vera-vegetacao/main/fotos/Enecol-Centro/VER20260804110743601283733F1.jpg,https://raw.githubusercontent.com/LGRSV/vera-vegetacao/main/fotos/Enecol-Centro/VER20260804110743601283733F2.jpg,https://raw.githubusercontent.com/LGRSV/vera-vegetacao/main/fotos/Enecol-Centro/VER20260804110743601283733F3.jpg,,V20260804110743601283733
2160,V0996,Rota SE Colinas,NORTE,AL,AL06020023,04/08/2026,11:09,Oiti,870012,URBANO,5.5,60,Sim,250,300,0,-8.040108,-48.4641389,3,https://raw.githubusercontent.com/LGRSV/vera-vegetacao/main/fotos/Enecol-Centro/VER20260804110943434303584F1.jpg,https://raw.githubusercontent.com/LGRSV/vera-vegetacao/main/fotos/Enecol-Centro/VER20260804110943434303584F2.jpg,https://raw.githubusercontent.com/LGRSV/vera-vegetacao/main/fotos/Enecol-Centro/VER20260804110943434303584F3.jpg,,V20260804110943434303584
2161,V0997,Rota SE Colinas,NORTE,AL,AL06020023,04/08/2026,11:10,Oiti,870012,URBANO,5.5,60,Sim,250,300,0,-8.0401689,-48.4641555,3,https://raw.githubusercontent.com/LGRSV/vera-vegetacao/main/fotos/Enecol-Centro/VER20260804111046524712795F1.jpg,https://raw.githubusercontent.com/LGRSV/vera-vegetacao/main/fotos/Enecol-Centro/VER20260804111046524712795F2.jpg,https://raw.githubusercontent.com/LGRSV/vera-vegetacao/main/fotos/Enecol-Centro/VER20260804111046524712795F3.jpg,,V20260804111046524712795
2162,V0998,Rota SE Colinas,NORTE,AL,AL06020023,04/08/2026,11:11,Cajueiro,870012,URBANO,8.5,70,Sim,200,300,0,-8.0402417,-48.46419,3,https://raw.githubusercontent.com/LGRSV/vera-vegetacao/main/fotos/Enecol-Centro/VER20260804111153551388230F1.jpg,https://raw.githubusercontent.com/LGRSV/vera-vegetacao/main/fotos/Enecol-Centro/VER20260804111153551388230F2.jpg,https://raw.githubusercontent.com/LGRSV/vera-vegetacao/main/fotos/Enecol-Centro/VER20260804111153551388230F3.jpg,,V20260804111153551388230
2163,V0999,Rota SE Colinas,NORTE,AL,AL06020023,04/08/2026,11:13,Mangueira,871660,URBANO,10.5,140,Sim,50,0,0,-8.0404933,-48.4641267,3,https://raw.githubusercontent.com/LGRSV/vera-vegetacao/main/fotos/Enecol-Centro/VER20260804111310001733641F1.jpg,https://raw.githubusercontent.com/LGRSV/vera-vegetacao/main/fotos/Enecol-Centro/VER20260804111310001733641F2.jpg,https://raw.githubusercontent.com/LGRSV/vera-vegetacao/main/fotos/Enecol-Centro/VER20260804111310001733641F3.jpg,,V20260804111310001733641
2164,V1000,Rota SE Colinas,NORTE,AL,AL06020023,04/08/2026,11:14,Outros,871339,URBANO,5,45,Sim,300,300,0,-8.04072,-48.4641733,3,https://raw.githubusercontent.com/LGRSV/vera-vegetacao/main/fotos/Enecol-Centro/VER20260804111408887834172F1.jpg,https://raw.githubusercontent.com/LGRSV/vera-vegetacao/main/fotos/Enecol-Centro/VER20260804111408887834172F2.jpg,https://raw.githubusercontent.com/LGRSV/vera-vegetacao/main/fotos/Enecol-Centro/VER20260804111408887834172F3.jpg,,V20260804111408887834172
2165,V1001,Rota SE Colinas,NORTE,AL,AL06020023,04/08/2026,11:15,Outros,871339,URBANO,8,75,Sim,150,300,0,-8.0408083,-48.46418,3,https://raw.githubusercontent.com/LGRSV/vera-vegetacao/main/fotos/Enecol-Centro/VER20260804111507669768637F1.jpg,https://raw.githubusercontent.com/LGRSV/vera-vegetacao/main/fotos/Enecol-Centro/VER20260804111507669768637F2.jpg,https://raw.githubusercontent.com/LGRSV/vera-vegetacao/main/fotos/Enecol-Centro/VER20260804111507669768637F3.jpg,,V20260804111507669768637
2166,V1002,Rota SE Colinas,NORTE,AL,AL06020023,04/08/2026,11:16,Oiti,871338,URBANO,6.5,55,Sim,250,300,0,-8.040875,-48.4641583,3,https://raw.githubusercontent.com/LGRSV/vera-vegetacao/main/fotos/Enecol-Centro/VER20260804111608815374798F1.jpg,https://raw.githubusercontent.com/LGRSV/vera-vegetacao/main/fotos/Enecol-Centro/VER20260804111608815374798F2.jpg,https://raw.githubusercontent.com/LGRSV/vera-vegetacao/main/fotos/Enecol-Centro/VER20260804111608815374798F3.jpg,,V20260804111608815374798
2167,V1003,Rota SE Colinas,NORTE,AL,AL06020023,04/08/2026,11:17,Outros,871338,URBANO,8,90,Sim,200,300,0,-8.0409666,-48.4641666,3,https://raw.githubusercontent.com/LGRSV/vera-vegetacao/main/fotos/Enecol-Centro/VER20260804111709879830091F1.jpg,https://raw.githubusercontent.com/LGRSV/vera-vegetacao/main/fotos/Enecol-Centro/VER20260804111709879830091F2.jpg,https://raw.githubusercontent.com/LGRSV/vera-vegetacao/main/fotos/Enecol-Centro/VER20260804111709879830091F3.jpg,,V20260804111709879830091
2168,V1004,Rota SE Colinas,NORTE,AL,AL06020023,04/08/2026,11:18,Goiaba,871337,URBANO,3,35,Sim,300,300,0,-8.0411717,-48.4641633,3,https://raw.githubusercontent.com/LGRSV/vera-vegetacao/main/fotos/Enecol-Centro/VER20260804111816319075861F1.jpg,https://raw.githubusercontent.com/LGRSV/vera-vegetacao/main/fotos/Enecol-Centro/VER20260804111816319075861F2.jpg,https://raw.githubusercontent.com/LGRSV/vera-vegetacao/main/fotos/Enecol-Centro/VER20260804111816319075861F3.jpg,,V20260804111816319075861
2169,V1005,Rota SE Colinas,NORTE,AL,AL06020023,04/08/2026,11:19,Outros,871337,URBANO,3,35,Sim,300,300,0,-8.0412233,-48.4641717,3,https://raw.githubusercontent.com/LGRSV/vera-vegetacao/main/fotos/Enecol-Centro/VER20260804111905254477774F1.jpg,https://raw.githubusercontent.com/LGRSV/vera-vegetacao/main/fotos/Enecol-Centro/VER20260804111905254477774F2.jpg,https://raw.githubusercontent.com/LGRSV/vera-vegetacao/main/fotos/Enecol-Centro/VER20260804111905254477774F3.jpg,,V20260804111905254477774
2170,V1006,Rota SE Colinas,NORTE,AL,AL06020023,04/08/2026,11:20,Outros,871337,URBANO,7,70,Sim,300,300,0,-8.0413633,-48.464175,3,https://raw.githubusercontent.com/LGRSV/vera-vegetacao/main/fotos/Enecol-Centro/VER20260804112007611831481F1.jpg,https://raw.githubusercontent.com/LGRSV/vera-vegetacao/main/fotos/Enecol-Centro/VER20260804112007611831481F2.jpg,https://raw.githubusercontent.com/LGRSV/vera-vegetacao/main/fotos/Enecol-Centro/VER20260804112007611831481F3.jpg,,V20260804112007611831481
2171,V1007,Rota SE Colinas,NORTE,AL,AL06020023,04/08/2026,11:21,Outros,871337,URBANO,11,70,Sim,0,0,0,-8.0413683,-48.4641633,3,https://raw.githubusercontent.com/LGRSV/vera-vegetacao/main/fotos/Enecol-Centro/VER20260804112101092922122F1.jpg,https://raw.githubusercontent.com/LGRSV/vera-vegetacao/main/fotos/Enecol-Centro/VER20260804112101092922122F2.jpg,https://raw.githubusercontent.com/LGRSV/vera-vegetacao/main/fotos/Enecol-Centro/VER20260804112101092922122F3.jpg,,V20260804112101092922122
2172,V1008,Rota SE Colinas,NORTE,AL,AL06020023,04/08/2026,11:21,Outros,871337,URBANO,4.5,55,Sim,300,300,0,-8.0414863,-48.46418,3,https://raw.githubusercontent.com/LGRSV/vera-vegetacao/main/fotos/Enecol-Centro/VER20260804112156527364934F1.jpg,https://raw.githubusercontent.com/LGRSV/vera-vegetacao/main/fotos/Enecol-Centro/VER20260804112156527364934F2.jpg,https://raw.githubusercontent.com/LGRSV/vera-vegetacao/main/fotos/Enecol-Centro/VER20260804112156527364934F3.jpg,,V20260804112156527364934
2173,V1009,Rota SE Colinas,NORTE,AL,AL06020023,04/08/2026,11:23,Mangueira,136721,URBANO,10,85,Sim,250,300,0,-8.0416117,-48.4641733,3,https://raw.githubusercontent.com/LGRSV/vera-vegetacao/main/fotos/Enecol-Centro/VER20260804112303028401226F1.jpg,https://raw.githubusercontent.com/LGRSV/vera-vegetacao/main/fotos/Enecol-Centro/VER20260804112303028401226F2.jpg,https://raw.githubusercontent.com/LGRSV/vera-vegetacao/main/fotos/Enecol-Centro/VER20260804112303028401226F3.jpg,,V20260804112303028401226
2174,V1010,Rota SE Colinas,NORTE,AL,AL06020023,04/08/2026,14:41,Oiti,896546,URBANO,8,75,Sim,0,300,0,-8.0554317,-48.4749583,3,https://raw.githubusercontent.com/LGRSV/vera-vegetacao/main/fotos/Enecol-Centro/VER20260804144141505509284F1.jpg,https://raw.githubusercontent.com/LGRSV/vera-vegetacao/main/fotos/Enecol-Centro/VER20260804144141505509284F2.jpg,https://raw.githubusercontent.com/LGRSV/vera-vegetacao/main/fotos/Enecol-Centro/VER20260804144141505509284F3.jpg,,V20260804144141505509284
2175,V1011,Rota SE Colinas,NORTE,AL,AL06020023,04/08/2026,14:48,Oiti,873084,URBANO,6,60,Sim,200,300,0,-8.0546641,-48.4744118,3,https://raw.githubusercontent.com/LGRSV/vera-vegetacao/main/fotos/Enecol-Centro/VER20260804144809588078128F1.jpg,https://raw.githubusercontent.com/LGRSV/vera-vegetacao/main/fotos/Enecol-Centro/VER20260804144809588078128F2.jpg,https://raw.githubusercontent.com/LGRSV/vera-vegetacao/main/fotos/Enecol-Centro/VER20260804144809588078128F3.jpg,,V20260804144809588078128
2176,V1012,Rota SE Colinas,NORTE,AL,AL06020023,04/08/2026,14:49,Oiti,873084,URBANO,5.5,60,Sim,250,300,0,-8.0546762,-48.4745223,3,https://raw.githubusercontent.com/LGRSV/vera-vegetacao/main/fotos/Enecol-Centro/VER20260804144911431758212F1.jpg,https://raw.githubusercontent.com/LGRSV/vera-vegetacao/main/fotos/Enecol-Centro/VER20260804144911431758212F2.jpg,https://raw.githubusercontent.com/LGRSV/vera-vegetacao/main/fotos/Enecol-Centro/VER20260804144911431758212F3.jpg,,V20260804144911431758212
2177,V1013,Rota SE Colinas,NORTE,AL,AL06020023,04/08/2026,14:50,Oiti,873084,URBANO,5.5,50,Sim,250,300,0,-8.0547497,-48.4745161,3,https://raw.githubusercontent.com/LGRSV/vera-vegetacao/main/fotos/Enecol-Centro/VER20260804145012868680772F1.jpg,https://raw.githubusercontent.com/LGRSV/vera-vegetacao/main/fotos/Enecol-Centro/VER20260804145012868680772F2.jpg,https://raw.githubusercontent.com/LGRSV/vera-vegetacao/main/fotos/Enecol-Centro/VER20260804145012868680772F3.jpg,,V20260804145012868680772
2178,V1014,Rota SE Colinas,NORTE,AL,AL06020023,04/08/2026,14:52,Oiti,873086,URBANO,7.5,70,Sim,0,300,0,-8.05391,-48.4739833,3,https://raw.githubusercontent.com/LGRSV/vera-vegetacao/main/fotos/Enecol-Centro/VER20260804145232592682631F1.jpg,https://raw.githubusercontent.com/LGRSV/vera-vegetacao/main/fotos/Enecol-Centro/VER20260804145232592682631F2.jpg,https://raw.githubusercontent.com/LGRSV/vera-vegetacao/main/fotos/Enecol-Centro/VER20260804145232592682631F3.jpg,,V20260804145232592682631
2179,V1015,Rota SE Colinas,NORTE,AL,AL06020023,04/08/2026,14:53,Oiti,873086,URBANO,7.5,80,Sim,150,300,0,-8.0538674,-48.4739967,3,https://raw.githubusercontent.com/LGRSV/vera-vegetacao/main/fotos/Enecol-Centro/VER20260804145340920509916F1.jpg,https://raw.githubusercontent.com/LGRSV/vera-vegetacao/main/fotos/Enecol-Centro/VER20260804145340920509916F2.jpg,https://raw.githubusercontent.com/LGRSV/vera-vegetacao/main/fotos/Enecol-Centro/VER20260804145340920509916F3.jpg,,V20260804145340920509916
2180,V1016,Rota SE Colinas,NORTE,AL,AL06020023,04/08/2026,14:55,Oiti,873086,URBANO,7.5,80,Sim,150,300,0,-8.0537732,-48.4738931,3,https://raw.githubusercontent.com/LGRSV/vera-vegetacao/main/fotos/Enecol-Centro/VER20260804145522281759407F1.jpg,https://raw.githubusercontent.com/LGRSV/vera-vegetacao/main/fotos/Enecol-Centro/VER20260804145522281759407F2.jpg,https://raw.githubusercontent.com/LGRSV/vera-vegetacao/main/fotos/Enecol-Centro/VER20260804145522281759407F3.jpg,,V20260804145522281759407
2181,V1017,Rota SE Colinas,NORTE,AL,AL06020023,04/08/2026,14:56,Oiti,1107107,URBANO,9.5,75,Sim,200,300,0,-8.0536388,-48.4738802,3,https://raw.githubusercontent.com/LGRSV/vera-vegetacao/main/fotos/Enecol-Centro/VER20260804145651357472320F1.jpg,https://raw.githubusercontent.com/LGRSV/vera-vegetacao/main/fotos/Enecol-Centro/VER20260804145651357472320F2.jpg,https://raw.githubusercontent.com/LGRSV/vera-vegetacao/main/fotos/Enecol-Centro/VER20260804145651357472320F3.jpg,,V20260804145651357472320
2182,V1018,Rota SE Colinas,NORTE,AL,AL06020023,04/08/2026,15:01,Oiti,1107110,URBANO,7,80,Sim,0,300,0,-8.0529232,-48.4733988,3,https://raw.githubusercontent.com/LGRSV/vera-vegetacao/main/fotos/Enecol-Centro/VER20260804150118061750262F1.jpg,https://raw.githubusercontent.com/LGRSV/vera-vegetacao/main/fotos/Enecol-Centro/VER20260804150118061750262F2.jpg,https://raw.githubusercontent.com/LGRSV/vera-vegetacao/main/fotos/Enecol-Centro/VER20260804150118061750262F3.jpg,,V20260804150118061750262
2183,V1019,Rota SE Colinas,NORTE,AL,AL06020023,04/08/2026,15:02,Oiti,1107110,URBANO,8,75,Sim,0,300,0,-8.0528736,-48.4733374,3,https://raw.githubusercontent.com/LGRSV/vera-vegetacao/main/fotos/Enecol-Centro/VER20260804150229568719194F1.jpg,https://raw.githubusercontent.com/LGRSV/vera-vegetacao/main/fotos/Enecol-Centro/VER20260804150229568719194F2.jpg,https://raw.githubusercontent.com/LGRSV/vera-vegetacao/main/fotos/Enecol-Centro/VER20260804150229568719194F3.jpg,,V20260804150229568719194
2184,V1020,Rota SE Colinas,NORTE,AL,AL06020023,04/08/2026,15:03,Oiti,1107110,URBANO,7.5,80,Sim,0,200,0,-8.0527386,-48.4732486,4,https://raw.githubusercontent.com/LGRSV/vera-vegetacao/main/fotos/Enecol-Centro/VER20260804150340800410817F1.jpg,https://raw.githubusercontent.com/LGRSV/vera-vegetacao/main/fotos/Enecol-Centro/VER20260804150340800410817F2.jpg,https://raw.githubusercontent.com/LGRSV/vera-vegetacao/main/fotos/Enecol-Centro/VER20260804150340800410817F3.jpg,https://raw.githubusercontent.com/LGRSV/vera-vegetacao/main/fotos/Enecol-Centro/VER20260804150340800410817F4.jpg,V20260804150340800410817
2185,V1021,Rota SE Colinas,NORTE,AL,AL06020023,04/08/2026,15:07,Oiti,897744,URBANO,7,85,Sim,150,300,0,-8.0528111,-48.4730217,3,https://raw.githubusercontent.com/LGRSV/vera-vegetacao/main/fotos/Enecol-Centro/VER20260804150740130432454F1.jpg,https://raw.githubusercontent.com/LGRSV/vera-vegetacao/main/fotos/Enecol-Centro/VER20260804150740130432454F2.jpg,https://raw.githubusercontent.com/LGRSV/vera-vegetacao/main/fotos/Enecol-Centro/VER20260804150740130432454F3.jpg,,V20260804150740130432454
2186,V1022,Rota SE Colinas,NORTE,AL,AL06020023,04/08/2026,15:09,Oiti,897744,URBANO,7,75,Sim,150,300,0,-8.0525117,-48.473212,4,https://raw.githubusercontent.com/LGRSV/vera-vegetacao/main/fotos/Enecol-Centro/VER20260804150921449808206F1.jpg,https://raw.githubusercontent.com/LGRSV/vera-vegetacao/main/fotos/Enecol-Centro/VER20260804150921449808206F2.jpg,https://raw.githubusercontent.com/LGRSV/vera-vegetacao/main/fotos/Enecol-Centro/VER20260804150921449808206F3.jpg,https://raw.githubusercontent.com/LGRSV/vera-vegetacao/main/fotos/Enecol-Centro/VER20260804150921449808206F4.jpg,V20260804150921449808206
2187,V1023,Rota SE Colinas,NORTE,AL,AL06020023,04/08/2026,15:11,Mangueira,41223308,URBANO,5,50,Sim,300,300,0,-8.0517298,-48.4727145,3,https://raw.githubusercontent.com/LGRSV/vera-vegetacao/main/fotos/Enecol-Centro/VER20260804151154256215506F1.jpg,https://raw.githubusercontent.com/LGRSV/vera-vegetacao/main/fotos/Enecol-Centro/VER20260804151154256215506F2.jpg,https://raw.githubusercontent.com/LGRSV/vera-vegetacao/main/fotos/Enecol-Centro/VER20260804151154256215506F3.jpg,,V20260804151154256215506
2188,V1024,Rota SE Colinas,NORTE,AL,AL06020023,04/08/2026,15:13,Mogno,36732123,URBANO,7.5,55,Sim,300,300,0,-8.0515546,-48.4726333,3,https://raw.githubusercontent.com/LGRSV/vera-vegetacao/main/fotos/Enecol-Centro/VER20260804151313433888312F1.jpg,https://raw.githubusercontent.com/LGRSV/vera-vegetacao/main/fotos/Enecol-Centro/VER20260804151313433888312F2.jpg,https://raw.githubusercontent.com/LGRSV/vera-vegetacao/main/fotos/Enecol-Centro/VER20260804151313433888312F3.jpg,,V20260804151313433888312
2189,V1025,Rota SE Colinas,NORTE,AL,AL06020023,04/08/2026,15:24,Outros,41223100,URBANO,7.5,80,Sim,300,300,0,-8.04924,-48.4711479,3,https://raw.githubusercontent.com/LGRSV/vera-vegetacao/main/fotos/Enecol-Centro/VER20260804152456527951636F1.jpg,https://raw.githubusercontent.com/LGRSV/vera-vegetacao/main/fotos/Enecol-Centro/VER20260804152456527951636F2.jpg,https://raw.githubusercontent.com/LGRSV/vera-vegetacao/main/fotos/Enecol-Centro/VER20260804152456527951636F3.jpg,,V20260804152456527951636
2190,V1026,Rota SE Colinas,NORTE,AL,AL06020023,04/08/2026,15:25,Outros,41223102,URBANO,10,75,Sim,300,300,0,-8.0493476,-48.4711975,3,https://raw.githubusercontent.com/LGRSV/vera-vegetacao/main/fotos/Enecol-Centro/VER20260804152552259951214F1.jpg,https://raw.githubusercontent.com/LGRSV/vera-vegetacao/main/fotos/Enecol-Centro/VER20260804152552259951214F2.jpg,https://raw.githubusercontent.com/LGRSV/vera-vegetacao/main/fotos/Enecol-Centro/VER20260804152552259951214F3.jpg,,V20260804152552259951214
2191,V1027,Rota SE Colinas,NORTE,AL,AL06020023,04/08/2026,15:26,Outros,41223102,URBANO,8,60,Sim,300,300,0,-8.0494691,-48.4712999,3,https://raw.githubusercontent.com/LGRSV/vera-vegetacao/main/fotos/Enecol-Centro/VER20260804152656432666390F1.jpg,https://raw.githubusercontent.com/LGRSV/vera-vegetacao/main/fotos/Enecol-Centro/VER20260804152656432666390F2.jpg,https://raw.githubusercontent.com/LGRSV/vera-vegetacao/main/fotos/Enecol-Centro/VER20260804152656432666390F3.jpg,,V20260804152656432666390
2192,V1028,Rota SE Colinas,NORTE,AL,AL06020023,04/08/2026,15:27,Outros,41223102,URBANO,8,60,Sim,300,300,0,-8.0495513,-48.4713565,3,https://raw.githubusercontent.com/LGRSV/vera-vegetacao/main/fotos/Enecol-Centro/VER20260804152749053220170F1.jpg,https://raw.githubusercontent.com/LGRSV/vera-vegetacao/main/fotos/Enecol-Centro/VER20260804152749053220170F2.jpg,https://raw.githubusercontent.com/LGRSV/vera-vegetacao/main/fotos/Enecol-Centro/VER20260804152749053220170F3.jpg,,V20260804152749053220170
2193,V1029,Rota SE Colinas,NORTE,AL,AL06020023,04/08/2026,15:28,Outros,41223104,URBANO,7.5,45,Sim,300,300,0,-8.049748,-48.4714562,3,https://raw.githubusercontent.com/LGRSV/vera-vegetacao/main/fotos/Enecol-Centro/VER20260804152859606089281F1.jpg,https://raw.githubusercontent.com/LGRSV/vera-vegetacao/main/fotos/Enecol-Centro/VER20260804152859606089281F2.jpg,https://raw.githubusercontent.com/LGRSV/vera-vegetacao/main/fotos/Enecol-Centro/VER20260804152859606089281F3.jpg,,V20260804152859606089281
2194,V1030,Rota SE Colinas,NORTE,AL,AL06020023,04/08/2026,15:39,Outros,41222862,URBANO,7,55,Sim,300,300,0,-8.0468367,-48.4696333,3,https://raw.githubusercontent.com/LGRSV/vera-vegetacao/main/fotos/Enecol-Centro/VER20260804153903619006433F1.jpg,https://raw.githubusercontent.com/LGRSV/vera-vegetacao/main/fotos/Enecol-Centro/VER20260804153903619006433F2.jpg,https://raw.githubusercontent.com/LGRSV/vera-vegetacao/main/fotos/Enecol-Centro/VER20260804153903619006433F3.jpg,,V20260804153903619006433
2195,V1031,Rota SE Colinas,NORTE,AL,AL06020023,04/08/2026,15:40,Outros,41222866,URBANO,7.5,45,Sim,300,300,0,-8.0470017,-48.4697283,3,https://raw.githubusercontent.com/LGRSV/vera-vegetacao/main/fotos/Enecol-Centro/VER20260804154001906835928F1.jpg,https://raw.githubusercontent.com/LGRSV/vera-vegetacao/main/fotos/Enecol-Centro/VER20260804154001906835928F2.jpg,https://raw.githubusercontent.com/LGRSV/vera-vegetacao/main/fotos/Enecol-Centro/VER20260804154001906835928F3.jpg,,V20260804154001906835928
2196,V1032,Rota SE Colinas,NORTE,AL,AL06020023,04/08/2026,15:45,Outros,36732109,URBANO,10,65,Sim,300,150,0,-8.0462084,-48.4692412,3,https://raw.githubusercontent.com/LGRSV/vera-vegetacao/main/fotos/Enecol-Centro/VER20260804154520892980658F1.jpg,https://raw.githubusercontent.com/LGRSV/vera-vegetacao/main/fotos/Enecol-Centro/VER20260804154520892980658F2.jpg,https://raw.githubusercontent.com/LGRSV/vera-vegetacao/main/fotos/Enecol-Centro/VER20260804154520892980658F3.jpg,,V20260804154520892980658
2197,V1033,Rota SE Colinas,NORTE,AL,AL06020023,04/08/2026,15:46,Outros,128383,URBANO,10,75,Sim,300,300,0,-8.0461414,-48.4692196,3,https://raw.githubusercontent.com/LGRSV/vera-vegetacao/main/fotos/Enecol-Centro/VER20260804154621165700978F1.jpg,https://raw.githubusercontent.com/LGRSV/vera-vegetacao/main/fotos/Enecol-Centro/VER20260804154621165700978F2.jpg,https://raw.githubusercontent.com/LGRSV/vera-vegetacao/main/fotos/Enecol-Centro/VER20260804154621165700978F3.jpg,,V20260804154621165700978
2198,V1034,Rota SE Colinas,NORTE,AL,AL06020023,04/08/2026,15:47,Outros,41222768,URBANO,8,50,Sim,300,150,0,-8.0460001,-48.4691251,3,https://raw.githubusercontent.com/LGRSV/vera-vegetacao/main/fotos/Enecol-Centro/VER20260804154714458319511F1.jpg,https://raw.githubusercontent.com/LGRSV/vera-vegetacao/main/fotos/Enecol-Centro/VER20260804154714458319511F2.jpg,https://raw.githubusercontent.com/LGRSV/vera-vegetacao/main/fotos/Enecol-Centro/VER20260804154714458319511F3.jpg,,V20260804154714458319511
2199,V1035,Rota SE Colinas,NORTE,AL,AL06020023,04/08/2026,15:48,Outros,36732109,URBANO,6,50,Sim,300,300,0,-8.0458589,-48.4690328,3,https://raw.githubusercontent.com/LGRSV/vera-vegetacao/main/fotos/Enecol-Centro/VER20260804154811014131131F1.jpg,https://raw.githubusercontent.com/LGRSV/vera-vegetacao/main/fotos/Enecol-Centro/VER20260804154811014131131F2.jpg,https://raw.githubusercontent.com/LGRSV/vera-vegetacao/main/fotos/Enecol-Centro/VER20260804154811014131131F3.jpg,,V20260804154811014131131
2200,V1036,Rota SE Colinas,NORTE,AL,AL06020023,04/08/2026,15:49,Outros,41222765,URBANO,7.5,60,Sim,300,300,0,-8.0457528,-48.4689413,3,https://raw.githubusercontent.com/LGRSV/vera-vegetacao/main/fotos/Enecol-Centro/VER20260804154915275067213F1.jpg,https://raw.githubusercontent.com/LGRSV/vera-vegetacao/main/fotos/Enecol-Centro/VER20260804154915275067213F2.jpg,https://raw.githubusercontent.com/LGRSV/vera-vegetacao/main/fotos/Enecol-Centro/VER20260804154915275067213F3.jpg,,V20260804154915275067213
2201,V1037,Rota SE Colinas,NORTE,AL,AL06020023,04/08/2026,15:50,Outros,41222765,URBANO,7.5,55,Sim,300,300,0,-8.0455955,-48.4688739,3,https://raw.githubusercontent.com/LGRSV/vera-vegetacao/main/fotos/Enecol-Centro/VER20260804155009688666197F1.jpg,https://raw.githubusercontent.com/LGRSV/vera-vegetacao/main/fotos/Enecol-Centro/VER20260804155009688666197F2.jpg,https://raw.githubusercontent.com/LGRSV/vera-vegetacao/main/fotos/Enecol-Centro/VER20260804155009688666197F3.jpg,,V20260804155009688666197
2202,V1038,Rota SE Colinas,NORTE,AL,AL06020023,04/08/2026,15:51,Outros,36732096,URBANO,7,30,Sim,300,300,0,-8.0455083,-48.468785,3,https://raw.githubusercontent.com/LGRSV/vera-vegetacao/main/fotos/Enecol-Centro/VER20260804155120654994094F1.jpg,https://raw.githubusercontent.com/LGRSV/vera-vegetacao/main/fotos/Enecol-Centro/VER20260804155120654994094F2.jpg,https://raw.githubusercontent.com/LGRSV/vera-vegetacao/main/fotos/Enecol-Centro/VER20260804155120654994094F3.jpg,,V20260804155120654994094
2203,V1039,Rota SE Colinas,NORTE,AL,AL06020023,04/08/2026,15:52,Outros,41222762,URBANO,8,50,Sim,300,50,0,-8.0454417,-48.4687783,3,https://raw.githubusercontent.com/LGRSV/vera-vegetacao/main/fotos/Enecol-Centro/VER20260804155217139259987F1.jpg,https://raw.githubusercontent.com/LGRSV/vera-vegetacao/main/fotos/Enecol-Centro/VER20260804155217139259987F2.jpg,https://raw.githubusercontent.com/LGRSV/vera-vegetacao/main/fotos/Enecol-Centro/VER20260804155217139259987F3.jpg,,V20260804155217139259987
2204,V1040,Rota SE Colinas,NORTE,AL,AL06020023,04/08/2026,16:01,Outros,1272802,URBANO,5,55,Sim,300,300,0,-8.044305,-48.4680667,3,https://raw.githubusercontent.com/LGRSV/vera-vegetacao/main/fotos/Enecol-Centro/VER20260804160115705938271F1.jpg,https://raw.githubusercontent.com/LGRSV/vera-vegetacao/main/fotos/Enecol-Centro/VER20260804160115705938271F2.jpg,https://raw.githubusercontent.com/LGRSV/vera-vegetacao/main/fotos/Enecol-Centro/VER20260804160115705938271F3.jpg,,V20260804160115705938271
2205,V1041,Rota SE Colinas,NORTE,AL,AL06020023,04/08/2026,16:02,Outros,1272802,URBANO,7,45,Sim,300,300,0,-8.0443533,-48.4680767,3,https://raw.githubusercontent.com/LGRSV/vera-vegetacao/main/fotos/Enecol-Centro/VER20260804160209112975238F1.jpg,https://raw.githubusercontent.com/LGRSV/vera-vegetacao/main/fotos/Enecol-Centro/VER20260804160209112975238F2.jpg,https://raw.githubusercontent.com/LGRSV/vera-vegetacao/main/fotos/Enecol-Centro/VER20260804160209112975238F3.jpg,,V20260804160209112975238
2206,V1042,Rota SE Colinas,NORTE,AL,AL06020023,04/08/2026,16:02,Outros,1272802,URBANO,7.5,45,Sim,300,300,0,-8.04439,-48.4681117,3,https://raw.githubusercontent.com/LGRSV/vera-vegetacao/main/fotos/Enecol-Centro/VER20260804160300472207379F1.jpg,https://raw.githubusercontent.com/LGRSV/vera-vegetacao/main/fotos/Enecol-Centro/VER20260804160300472207379F2.jpg,https://raw.githubusercontent.com/LGRSV/vera-vegetacao/main/fotos/Enecol-Centro/VER20260804160300472207379F3.jpg,,V20260804160300472207379
2207,V1043,Rota SE Colinas,NORTE,AL,AL06020023,04/08/2026,16:03,Outros,1272802,URBANO,6,50,Sim,300,300,0,-8.0444117,-48.46812,3,https://raw.githubusercontent.com/LGRSV/vera-vegetacao/main/fotos/Enecol-Centro/VER20260804160357204222148F1.jpg,https://raw.githubusercontent.com/LGRSV/vera-vegetacao/main/fotos/Enecol-Centro/VER20260804160357204222148F2.jpg,https://raw.githubusercontent.com/LGRSV/vera-vegetacao/main/fotos/Enecol-Centro/VER20260804160357204222148F3.jpg,,V20260804160357204222148
2208,V1044,Rota SE Colinas,NORTE,AL,AL06020023,04/08/2026,16:04,Outros,1272802,URBANO,7.5,55,Sim,300,300,0,-8.0444633,-48.46815,3,https://raw.githubusercontent.com/LGRSV/vera-vegetacao/main/fotos/Enecol-Centro/VER20260804160445056068277F1.jpg,https://raw.githubusercontent.com/LGRSV/vera-vegetacao/main/fotos/Enecol-Centro/VER20260804160445056068277F2.jpg,https://raw.githubusercontent.com/LGRSV/vera-vegetacao/main/fotos/Enecol-Centro/VER20260804160445056068277F3.jpg,,V20260804160445056068277
2209,V1045,Rota SE Colinas,NORTE,AL,AL06020023,04/08/2026,16:05,Jatobá,41222588,URBANO,19,145,Sim,300,300,0,-8.0445267,-48.4681367,3,https://raw.githubusercontent.com/LGRSV/vera-vegetacao/main/fotos/Enecol-Centro/VER20260804160541962157271F1.jpg,https://raw.githubusercontent.com/LGRSV/vera-vegetacao/main/fotos/Enecol-Centro/VER20260804160541962157271F2.jpg,https://raw.githubusercontent.com/LGRSV/vera-vegetacao/main/fotos/Enecol-Centro/VER20260804160541962157271F3.jpg,,V20260804160541962157271
2210,V1046,Rota SE Colinas,NORTE,AL,AL06020023,04/08/2026,16:06,Outros,41222588,URBANO,8.5,60,Sim,200,250,0,-8.0445817,-48.4681817,3,https://raw.githubusercontent.com/LGRSV/vera-vegetacao/main/fotos/Enecol-Centro/VER20260804160633217070421F1.jpg,https://raw.githubusercontent.com/LGRSV/vera-vegetacao/main/fotos/Enecol-Centro/VER20260804160633217070421F2.jpg,https://raw.githubusercontent.com/LGRSV/vera-vegetacao/main/fotos/Enecol-Centro/VER20260804160633217070421F3.jpg,,V20260804160633217070421
2211,V1047,Rota SE Colinas,NORTE,AL,AL06020023,04/08/2026,16:07,Outros,41222588,URBANO,6.5,35,Sim,300,300,0,-8.0446717,-48.4682817,3,https://raw.githubusercontent.com/LGRSV/vera-vegetacao/main/fotos/Enecol-Centro/VER20260804160744322617108F1.jpg,https://raw.githubusercontent.com/LGRSV/vera-vegetacao/main/fotos/Enecol-Centro/VER20260804160744322617108F2.jpg,https://raw.githubusercontent.com/LGRSV/vera-vegetacao/main/fotos/Enecol-Centro/VER20260804160744322617108F3.jpg,,V20260804160744322617108
2212,V1048,Rota SE Colinas,NORTE,AL,AL06020023,04/08/2026,16:08,Outros,887160,URBANO,7.5,90,Sim,300,300,0,-8.04487,-48.4683867,3,https://raw.githubusercontent.com/LGRSV/vera-vegetacao/main/fotos/Enecol-Centro/VER20260804160846910442190F1.jpg,https://raw.githubusercontent.com/LGRSV/vera-vegetacao/main/fotos/Enecol-Centro/VER20260804160846910442190F2.jpg,https://raw.githubusercontent.com/LGRSV/vera-vegetacao/main/fotos/Enecol-Centro/VER20260804160846910442190F3.jpg,,V20260804160846910442190
2213,V1049,Rota SE Colinas,NORTE,AL,AL06020023,04/08/2026,16:14,Mangueira,31294679,URBANO,8,130,Sim,300,200,0,-8.0422712,-48.4669956,3,https://raw.githubusercontent.com/LGRSV/vera-vegetacao/main/fotos/Enecol-Centro/VER20260804161453918880122F1.jpg,https://raw.githubusercontent.com/LGRSV/vera-vegetacao/main/fotos/Enecol-Centro/VER20260804161453918880122F2.jpg,https://raw.githubusercontent.com/LGRSV/vera-vegetacao/main/fotos/Enecol-Centro/VER20260804161453918880122F3.jpg,,V20260804161453918880122
2214,V1050,Rota SE Colinas,NORTE,AL,AL06020023,04/08/2026,16:19,Oiti,41222460,URBANO,5,45,Sim,300,300,0,-8.0421497,-48.4666683,3,https://raw.githubusercontent.com/LGRSV/vera-vegetacao/main/fotos/Enecol-Centro/VER20260804161955075558250F1.jpg,https://raw.githubusercontent.com/LGRSV/vera-vegetacao/main/fotos/Enecol-Centro/VER20260804161955075558250F2.jpg,https://raw.githubusercontent.com/LGRSV/vera-vegetacao/main/fotos/Enecol-Centro/VER20260804161955075558250F3.jpg,,V20260804161955075558250
2215,V1051,Rota SE Colinas,NORTE,AL,AL06020023,04/08/2026,16:37,Buriti,1462192,URBANO,15,160,Sim,300,300,0,-8.044465,-48.4815217,3,https://raw.githubusercontent.com/LGRSV/vera-vegetacao/main/fotos/Enecol-Centro/VER20260804163752889002890F1.jpg,https://raw.githubusercontent.com/LGRSV/vera-vegetacao/main/fotos/Enecol-Centro/VER20260804163752889002890F2.jpg,https://raw.githubusercontent.com/LGRSV/vera-vegetacao/main/fotos/Enecol-Centro/VER20260804163752889002890F3.jpg,,V20260804163752889002890
2216,V1052,Rota SE Colinas,NORTE,AL,AL06020023,04/08/2026,16:40,Outros,1462193,URBANO,11,90,Sim,50,50,0,-8.0450201,-48.4806481,3,https://raw.githubusercontent.com/LGRSV/vera-vegetacao/main/fotos/Enecol-Centro/VER20260804164019340932786F1.jpg,https://raw.githubusercontent.com/LGRSV/vera-vegetacao/main/fotos/Enecol-Centro/VER20260804164019340932786F2.jpg,https://raw.githubusercontent.com/LGRSV/vera-vegetacao/main/fotos/Enecol-Centro/VER20260804164019340932786F3.jpg,,V20260804164019340932786
2217,V1053,Rota SE Colinas,NORTE,LD,LD01020023,04/08/2026,16:46,Oiti,873391,URBANO,9.5,65,Sim,300,50,0,-8.0459088,-48.4795586,3,https://raw.githubusercontent.com/LGRSV/vera-vegetacao/main/fotos/Enecol-Centro/VER20260804164625284529306F1.jpg,https://raw.githubusercontent.com/LGRSV/vera-vegetacao/main/fotos/Enecol-Centro/VER20260804164625284529306F2.jpg,https://raw.githubusercontent.com/LGRSV/vera-vegetacao/main/fotos/Enecol-Centro/VER20260804164625284529306F3.jpg,,V20260804164625284529306
2218,V1054,Rota SE Colinas,NORTE,LD,LD01020023,04/08/2026,16:47,Oiti,873391,URBANO,4.5,55,Sim,300,300,0,-8.045913,-48.4796056,3,https://raw.githubusercontent.com/LGRSV/vera-vegetacao/main/fotos/Enecol-Centro/VER20260804164716816079207F1.jpg,https://raw.githubusercontent.com/LGRSV/vera-vegetacao/main/fotos/Enecol-Centro/VER20260804164716816079207F2.jpg,https://raw.githubusercontent.com/LGRSV/vera-vegetacao/main/fotos/Enecol-Centro/VER20260804164716816079207F3.jpg,,V20260804164716816079207
2219,V1055,Rota SE Colinas,NORTE,LD,LD01020023,04/08/2026,16:48,Oiti,873391,URBANO,8,75,Sim,300,300,0,-8.0459599,-48.4795613,3,https://raw.githubusercontent.com/LGRSV/vera-vegetacao/main/fotos/Enecol-Centro/VER20260804164810610793260F1.jpg,https://raw.githubusercontent.com/LGRSV/vera-vegetacao/main/fotos/Enecol-Centro/VER20260804164810610793260F2.jpg,https://raw.githubusercontent.com/LGRSV/vera-vegetacao/main/fotos/Enecol-Centro/VER20260804164810610793260F3.jpg,,V20260804164810610793260
2220,V1056,Rota SE Colinas,NORTE,AL,AL02020023,04/08/2026,16:49,Oiti,1773482,URBANO,9,75,Sim,300,50,0,-8.0459517,-48.4796483,3,https://raw.githubusercontent.com/LGRSV/vera-vegetacao/main/fotos/Enecol-Centro/VER20260804164954913762330F1.jpg,https://raw.githubusercontent.com/LGRSV/vera-vegetacao/main/fotos/Enecol-Centro/VER20260804164954913762330F2.jpg,https://raw.githubusercontent.com/LGRSV/vera-vegetacao/main/fotos/Enecol-Centro/VER20260804164954913762330F3.jpg,,V20260804164954913762330
2221,V1057,Rota SE Colinas,NORTE,LD,LD01020023,04/08/2026,16:50,Oiti,873391,URBANO,9.5,75,Sim,300,50,0,-8.04607,-48.4796517,3,https://raw.githubusercontent.com/LGRSV/vera-vegetacao/main/fotos/Enecol-Centro/VER20260804165049848096939F1.jpg,https://raw.githubusercontent.com/LGRSV/vera-vegetacao/main/fotos/Enecol-Centro/VER20260804165049848096939F2.jpg,https://raw.githubusercontent.com/LGRSV/vera-vegetacao/main/fotos/Enecol-Centro/VER20260804165049848096939F3.jpg,,V20260804165049848096939
2222,V1058,Rota SE Colinas,NORTE,LD,LD01020023,04/08/2026,16:51,Outros,870992,URBANO,3,20,Sim,300,300,0,-8.0461867,-48.4797883,3,https://raw.githubusercontent.com/LGRSV/vera-vegetacao/main/fotos/Enecol-Centro/VER20260804165134144427384F1.jpg,https://raw.githubusercontent.com/LGRSV/vera-vegetacao/main/fotos/Enecol-Centro/VER20260804165134144427384F2.jpg,https://raw.githubusercontent.com/LGRSV/vera-vegetacao/main/fotos/Enecol-Centro/VER20260804165134144427384F3.jpg,,V20260804165134144427384
2223,V1059,Rota SE Colinas,NORTE,AL,AL06020023,04/08/2026,16:52,Outros,869679,URBANO,2.5,20,Sim,300,300,0,-8.0462717,-48.4798117,3,https://raw.githubusercontent.com/LGRSV/vera-vegetacao/main/fotos/Enecol-Centro/VER20260804165218512037609F1.jpg,https://raw.githubusercontent.com/LGRSV/vera-vegetacao/main/fotos/Enecol-Centro/VER20260804165218512037609F2.jpg,https://raw.githubusercontent.com/LGRSV/vera-vegetacao/main/fotos/Enecol-Centro/VER20260804165218512037609F3.jpg,,V20260804165218512037609
2224,V1060,Rota SE Colinas,NORTE,AL,AL06020023,04/08/2026,16:53,Outros,869679,URBANO,2.5,25,Sim,300,300,0,-8.0462733,-48.4798067,3,https://raw.githubusercontent.com/LGRSV/vera-vegetacao/main/fotos/Enecol-Centro/VER20260804165316802634219F1.jpg,https://raw.githubusercontent.com/LGRSV/vera-vegetacao/main/fotos/Enecol-Centro/VER20260804165316802634219F2.jpg,https://raw.githubusercontent.com/LGRSV/vera-vegetacao/main/fotos/Enecol-Centro/VER20260804165316802634219F3.jpg,,V20260804165316802634219
2225,V1061,Rota SE Colinas,NORTE,AL,AL06020023,04/08/2026,16:54,Outros,869679,URBANO,2.5,20,Sim,300,300,0,-8.0463417,-48.479905,3,https://raw.githubusercontent.com/LGRSV/vera-vegetacao/main/fotos/Enecol-Centro/VER20260804165411516240291F1.jpg,https://raw.githubusercontent.com/LGRSV/vera-vegetacao/main/fotos/Enecol-Centro/VER20260804165411516240291F2.jpg,https://raw.githubusercontent.com/LGRSV/vera-vegetacao/main/fotos/Enecol-Centro/VER20260804165411516240291F3.jpg,,V20260804165411516240291
2226,V1062,Rota SE Colinas,NORTE,LD,LD01020023,04/08/2026,16:55,Outros,871679,URBANO,2,20,Sim,300,300,0,-8.04639,-48.4799033,3,https://raw.githubusercontent.com/LGRSV/vera-vegetacao/main/fotos/Enecol-Centro/VER20260804165527426448554F1.jpg,https://raw.githubusercontent.com/LGRSV/vera-vegetacao/main/fotos/Enecol-Centro/VER20260804165527426448554F2.jpg,https://raw.githubusercontent.com/LGRSV/vera-vegetacao/main/fotos/Enecol-Centro/VER20260804165527426448554F3.jpg,,V20260804165527426448554
2227,V1063,Rota SE Colinas,NORTE,AL,AL06020023,05/08/2026,10:19,Outros,1750227,URBANO,9,65,Sim,300,100,0,-8.0465543,-48.4797808,3,https://raw.githubusercontent.com/LGRSV/vera-vegetacao/main/fotos/Enecol-Centro/VER20260805101911527223442F1.jpg,https://raw.githubusercontent.com/LGRSV/vera-vegetacao/main/fotos/Enecol-Centro/VER20260805101911527223442F2.jpg,https://raw.githubusercontent.com/LGRSV/vera-vegetacao/main/fotos/Enecol-Centro/VER20260805101911527223442F3.jpg,,V20260805101911527223442
2228,V1064,Rota SE Colinas,NORTE,LD,LD01020023,05/08/2026,10:19,Outros,871680,URBANO,6,50,Sim,300,300,0,-8.0465933,-48.4797052,3,https://raw.githubusercontent.com/LGRSV/vera-vegetacao/main/fotos/Enecol-Centro/VER20260805102000508586828F1.jpg,https://raw.githubusercontent.com/LGRSV/vera-vegetacao/main/fotos/Enecol-Centro/VER20260805102000508586828F2.jpg,https://raw.githubusercontent.com/LGRSV/vera-vegetacao/main/fotos/Enecol-Centro/VER20260805102000508586828F3.jpg,,V20260805102000508586828
2229,V1065,Rota SE Colinas,NORTE,LD,LD01020023,05/08/2026,10:20,Outros,871680,URBANO,4.5,55,Sim,300,300,0,-8.0466403,-48.4795582,3,https://raw.githubusercontent.com/LGRSV/vera-vegetacao/main/fotos/Enecol-Centro/VER20260805102048588118098F1.jpg,https://raw.githubusercontent.com/LGRSV/vera-vegetacao/main/fotos/Enecol-Centro/VER20260805102048588118098F2.jpg,https://raw.githubusercontent.com/LGRSV/vera-vegetacao/main/fotos/Enecol-Centro/VER20260805102048588118098F3.jpg,,V20260805102048588118098
2230,V1066,Rota SE Colinas,NORTE,LD,LD01020023,05/08/2026,10:22,Outros,873997,URBANO,5.5,45,Sim,300,300,0,-8.0468877,-48.4792684,3,https://raw.githubusercontent.com/LGRSV/vera-vegetacao/main/fotos/Enecol-Centro/VER20260805102201993842043F1.jpg,https://raw.githubusercontent.com/LGRSV/vera-vegetacao/main/fotos/Enecol-Centro/VER20260805102201993842043F2.jpg,https://raw.githubusercontent.com/LGRSV/vera-vegetacao/main/fotos/Enecol-Centro/VER20260805102201993842043F3.jpg,,V20260805102201993842043
2231,V1067,Rota SE Colinas,NORTE,LD,LD01020023,05/08/2026,10:23,Oiti,873998,URBANO,5.5,60,Sim,300,300,0,-8.0470094,-48.4790192,3,https://raw.githubusercontent.com/LGRSV/vera-vegetacao/main/fotos/Enecol-Centro/VER20260805102308788118600F1.jpg,https://raw.githubusercontent.com/LGRSV/vera-vegetacao/main/fotos/Enecol-Centro/VER20260805102308788118600F2.jpg,https://raw.githubusercontent.com/LGRSV/vera-vegetacao/main/fotos/Enecol-Centro/VER20260805102308788118600F3.jpg,,V20260805102308788118600
2232,V1068,Rota SE Colinas,NORTE,LD,LD01020023,05/08/2026,10:24,Outros,873998,URBANO,8.5,70,Sim,300,150,0,-8.0470964,-48.4788205,3,https://raw.githubusercontent.com/LGRSV/vera-vegetacao/main/fotos/Enecol-Centro/VER20260805102416795475342F1.jpg,https://raw.githubusercontent.com/LGRSV/vera-vegetacao/main/fotos/Enecol-Centro/VER20260805102416795475342F2.jpg,https://raw.githubusercontent.com/LGRSV/vera-vegetacao/main/fotos/Enecol-Centro/VER20260805102416795475342F3.jpg,,V20260805102416795475342
2233,V1069,Rota SE Colinas,NORTE,LD,LD01020023,05/08/2026,10:25,Oiti,873999,URBANO,7.5,80,Sim,300,300,0,-8.047219,-48.4786752,3,https://raw.githubusercontent.com/LGRSV/vera-vegetacao/main/fotos/Enecol-Centro/VER20260805102516553969148F1.jpg,https://raw.githubusercontent.com/LGRSV/vera-vegetacao/main/fotos/Enecol-Centro/VER20260805102516553969148F2.jpg,https://raw.githubusercontent.com/LGRSV/vera-vegetacao/main/fotos/Enecol-Centro/VER20260805102516553969148F3.jpg,,V20260805102516553969148
2234,V1070,Rota SE Colinas,NORTE,AL,AL06020023,05/08/2026,10:26,Coqueiro,1750232,URBANO,2,40,Sim,300,300,0,-8.0472999,-48.4785047,3,https://raw.githubusercontent.com/LGRSV/vera-vegetacao/main/fotos/Enecol-Centro/VER20260805102640531535216F1.jpg,https://raw.githubusercontent.com/LGRSV/vera-vegetacao/main/fotos/Enecol-Centro/VER20260805102640531535216F2.jpg,https://raw.githubusercontent.com/LGRSV/vera-vegetacao/main/fotos/Enecol-Centro/VER20260805102640531535216F3.jpg,,V20260805102640531535216
2235,V1071,Rota SE Colinas,NORTE,AL,AL06020023,05/08/2026,10:27,Coqueiro,1750232,URBANO,2,40,Sim,300,300,0,-8.0473129,-48.4784846,3,https://raw.githubusercontent.com/LGRSV/vera-vegetacao/main/fotos/Enecol-Centro/VER20260805102728370604270F1.jpg,https://raw.githubusercontent.com/LGRSV/vera-vegetacao/main/fotos/Enecol-Centro/VER20260805102728370604270F2.jpg,https://raw.githubusercontent.com/LGRSV/vera-vegetacao/main/fotos/Enecol-Centro/VER20260805102728370604270F3.jpg,,V20260805102728370604270
2236,V1072,Rota SE Colinas,NORTE,LD,LD01020023,05/08/2026,10:28,Outros,870029,URBANO,7,60,Sim,300,300,0,-8.0473649,-48.4784162,3,https://raw.githubusercontent.com/LGRSV/vera-vegetacao/main/fotos/Enecol-Centro/VER20260805102819626728434F1.jpg,https://raw.githubusercontent.com/LGRSV/vera-vegetacao/main/fotos/Enecol-Centro/VER20260805102819626728434F2.jpg,https://raw.githubusercontent.com/LGRSV/vera-vegetacao/main/fotos/Enecol-Centro/VER20260805102819626728434F3.jpg,,V20260805102819626728434
2237,V1073,Rota SE Colinas,NORTE,LD,LD01020023,05/08/2026,10:29,Oiti,870029,URBANO,7,75,Sim,300,300,0,-8.0474729,-48.4783284,3,https://raw.githubusercontent.com/LGRSV/vera-vegetacao/main/fotos/Enecol-Centro/VER20260805102919586317343F1.jpg,https://raw.githubusercontent.com/LGRSV/vera-vegetacao/main/fotos/Enecol-Centro/VER20260805102919586317343F2.jpg,https://raw.githubusercontent.com/LGRSV/vera-vegetacao/main/fotos/Enecol-Centro/VER20260805102919586317343F3.jpg,,V20260805102919586317343
2238,V1074,Rota SE Colinas,NORTE,LD,LD01020023,05/08/2026,10:30,Oiti,870029,URBANO,7.5,60,Sim,300,300,0,-8.0474686,-48.4783279,3,https://raw.githubusercontent.com/LGRSV/vera-vegetacao/main/fotos/Enecol-Centro/VER20260805103016021593922F1.jpg,https://raw.githubusercontent.com/LGRSV/vera-vegetacao/main/fotos/Enecol-Centro/VER20260805103016021593922F2.jpg,https://raw.githubusercontent.com/LGRSV/vera-vegetacao/main/fotos/Enecol-Centro/VER20260805103016021593922F3.jpg,,V20260805103016021593922
2239,V1075,Rota SE Colinas,NORTE,LD,LD01020023,05/08/2026,10:31,Oiti,870029,URBANO,7,60,Sim,300,300,0,-8.04748,-48.4782152,3,https://raw.githubusercontent.com/LGRSV/vera-vegetacao/main/fotos/Enecol-Centro/VER20260805103119829644188F1.jpg,https://raw.githubusercontent.com/LGRSV/vera-vegetacao/main/fotos/Enecol-Centro/VER20260805103119829644188F2.jpg,https://raw.githubusercontent.com/LGRSV/vera-vegetacao/main/fotos/Enecol-Centro/VER20260805103119829644188F3.jpg,,V20260805103119829644188
2240,V1076,Rota SE Colinas,NORTE,AL,AL06020023,05/08/2026,10:32,Outros,1757982,URBANO,6.5,85,Sim,300,300,0,-8.0475723,-48.4781398,3,https://raw.githubusercontent.com/LGRSV/vera-vegetacao/main/fotos/Enecol-Centro/VER20260805103218285425771F1.jpg,https://raw.githubusercontent.com/LGRSV/vera-vegetacao/main/fotos/Enecol-Centro/VER20260805103218285425771F2.jpg,https://raw.githubusercontent.com/LGRSV/vera-vegetacao/main/fotos/Enecol-Centro/VER20260805103218285425771F3.jpg,,V20260805103218285425771
2241,V1077,Rota SE Colinas,NORTE,AL,AL06020023,05/08/2026,10:33,Outros,1757982,URBANO,5,60,Sim,300,300,0,-8.0475818,-48.4780414,3,https://raw.githubusercontent.com/LGRSV/vera-vegetacao/main/fotos/Enecol-Centro/VER20260805103306434569111F1.jpg,https://raw.githubusercontent.com/LGRSV/vera-vegetacao/main/fotos/Enecol-Centro/VER20260805103306434569111F2.jpg,https://raw.githubusercontent.com/LGRSV/vera-vegetacao/main/fotos/Enecol-Centro/VER20260805103306434569111F3.jpg,,V20260805103306434569111
2242,V1078,Rota SE Colinas,NORTE,AL,AL06020023,05/08/2026,10:37,Oiti,889634,URBANO,8,70,Sim,150,150,0,-8.0482633,-48.479255,3,https://raw.githubusercontent.com/LGRSV/vera-vegetacao/main/fotos/Enecol-Centro/VER20260805103719963161594F1.jpg,https://raw.githubusercontent.com/LGRSV/vera-vegetacao/main/fotos/Enecol-Centro/VER20260805103719963161594F2.jpg,https://raw.githubusercontent.com/LGRSV/vera-vegetacao/main/fotos/Enecol-Centro/VER20260805103719963161594F3.jpg,,V20260805103719963161594
2243,V1079,Rota SE Colinas,NORTE,AL,AL06020023,05/08/2026,10:38,Oiti,889634,URBANO,7,65,Sim,150,200,0,-8.0481892,-48.4791576,3,https://raw.githubusercontent.com/LGRSV/vera-vegetacao/main/fotos/Enecol-Centro/VER20260805103829171097274F1.jpg,https://raw.githubusercontent.com/LGRSV/vera-vegetacao/main/fotos/Enecol-Centro/VER20260805103829171097274F2.jpg,https://raw.githubusercontent.com/LGRSV/vera-vegetacao/main/fotos/Enecol-Centro/VER20260805103829171097274F3.jpg,,V20260805103829171097274
2244,V1080,Rota SE Colinas,NORTE,AL,AL06020023,05/08/2026,10:39,Outros,890926,URBANO,9.5,70,Sim,300,200,0,-8.0479665,-48.4792716,3,https://raw.githubusercontent.com/LGRSV/vera-vegetacao/main/fotos/Enecol-Centro/VER20260805103940527081428F1.jpg,https://raw.githubusercontent.com/LGRSV/vera-vegetacao/main/fotos/Enecol-Centro/VER20260805103940527081428F2.jpg,https://raw.githubusercontent.com/LGRSV/vera-vegetacao/main/fotos/Enecol-Centro/VER20260805103940527081428F3.jpg,,V20260805103940527081428
2245,V1081,Rota SE Colinas,NORTE,AL,AL06020023,05/08/2026,10:40,Cajueiro,890926,URBANO,3,30,Sim,300,300,0,-8.0479223,-48.4793462,3,https://raw.githubusercontent.com/LGRSV/vera-vegetacao/main/fotos/Enecol-Centro/VER20260805104042574270104F1.jpg,https://raw.githubusercontent.com/LGRSV/vera-vegetacao/main/fotos/Enecol-Centro/VER20260805104042574270104F2.jpg,https://raw.githubusercontent.com/LGRSV/vera-vegetacao/main/fotos/Enecol-Centro/VER20260805104042574270104F3.jpg,,V20260805104042574270104
2246,V1082,Rota SE Colinas,NORTE,AL,AL06020023,05/08/2026,10:42,Oiti,899464,URBANO,9,75,Sim,300,250,0,-8.0477617,-48.4795067,3,https://raw.githubusercontent.com/LGRSV/vera-vegetacao/main/fotos/Enecol-Centro/VER20260805104236216166097F1.jpg,https://raw.githubusercontent.com/LGRSV/vera-vegetacao/main/fotos/Enecol-Centro/VER20260805104236216166097F2.jpg,https://raw.githubusercontent.com/LGRSV/vera-vegetacao/main/fotos/Enecol-Centro/VER20260805104236216166097F3.jpg,,V20260805104236216166097
2247,V1083,Rota SE Colinas,NORTE,AL,AL06020023,05/08/2026,10:44,Mangueira,899464,URBANO,9,75,Sim,300,300,0,-8.0477,-48.4795933,3,https://raw.githubusercontent.com/LGRSV/vera-vegetacao/main/fotos/Enecol-Centro/VER20260805104446849753877F1.jpg,https://raw.githubusercontent.com/LGRSV/vera-vegetacao/main/fotos/Enecol-Centro/VER20260805104446849753877F2.jpg,https://raw.githubusercontent.com/LGRSV/vera-vegetacao/main/fotos/Enecol-Centro/VER20260805104446849753877F3.jpg,,V20260805104446849753877
2248,V1084,Rota SE Colinas,NORTE,AL,AL06020023,05/08/2026,10:46,Outros,888946,URBANO,3.5,40,Sim,300,300,0,-8.0473927,-48.4802096,3,https://raw.githubusercontent.com/LGRSV/vera-vegetacao/main/fotos/Enecol-Centro/VER20260805104629795018024F1.jpg,https://raw.githubusercontent.com/LGRSV/vera-vegetacao/main/fotos/Enecol-Centro/VER20260805104629795018024F2.jpg,https://raw.githubusercontent.com/LGRSV/vera-vegetacao/main/fotos/Enecol-Centro/VER20260805104629795018024F3.jpg,,V20260805104629795018024
2249,V1085,Rota SE Colinas,NORTE,AL,AL06020023,05/08/2026,10:48,Mogno,888946,URBANO,6.5,55,Sim,200,200,0,-8.0472082,-48.4803851,3,https://raw.githubusercontent.com/LGRSV/vera-vegetacao/main/fotos/Enecol-Centro/VER20260805104801858621555F1.jpg,https://raw.githubusercontent.com/LGRSV/vera-vegetacao/main/fotos/Enecol-Centro/VER20260805104801858621555F2.jpg,https://raw.githubusercontent.com/LGRSV/vera-vegetacao/main/fotos/Enecol-Centro/VER20260805104801858621555F3.jpg,,V20260805104801858621555
2250,V1086,Rota SE Colinas,NORTE,AL,AL06020023,05/08/2026,10:51,Oiti,902903,URBANO,3.5,60,Sim,300,300,0,-8.0471383,-48.4804083,3,https://raw.githubusercontent.com/LGRSV/vera-vegetacao/main/fotos/Enecol-Centro/VER20260805105106160876413F1.jpg,https://raw.githubusercontent.com/LGRSV/vera-vegetacao/main/fotos/Enecol-Centro/VER20260805105106160876413F2.jpg,https://raw.githubusercontent.com/LGRSV/vera-vegetacao/main/fotos/Enecol-Centro/VER20260805105106160876413F3.jpg,,V20260805105106160876413
2251,V1087,Rota SE Colinas,NORTE,AL,AL06020023,05/08/2026,10:52,Oiti,98020,URBANO,6,50,Sim,150,300,0,-8.0469283,-48.4802883,3,https://raw.githubusercontent.com/LGRSV/vera-vegetacao/main/fotos/Enecol-Centro/VER20260805105218364123769F1.jpg,https://raw.githubusercontent.com/LGRSV/vera-vegetacao/main/fotos/Enecol-Centro/VER20260805105218364123769F2.jpg,https://raw.githubusercontent.com/LGRSV/vera-vegetacao/main/fotos/Enecol-Centro/VER20260805105218364123769F3.jpg,,V20260805105218364123769
2252,V1088,Rota SE Colinas,NORTE,AL,AL06020023,05/08/2026,10:53,Oiti,98020,URBANO,6,55,Sim,150,300,0,-8.0468533,-48.48022,3,https://raw.githubusercontent.com/LGRSV/vera-vegetacao/main/fotos/Enecol-Centro/VER20260805105319887841186F1.jpg,https://raw.githubusercontent.com/LGRSV/vera-vegetacao/main/fotos/Enecol-Centro/VER20260805105319887841186F2.jpg,https://raw.githubusercontent.com/LGRSV/vera-vegetacao/main/fotos/Enecol-Centro/VER20260805105319887841186F3.jpg,,V20260805105319887841186
2253,V1089,Rota SE Colinas,NORTE,AL,AL06020023,05/08/2026,10:54,Oiti,98020,URBANO,6,70,Sim,150,300,0,-8.04679,-48.480225,3,https://raw.githubusercontent.com/LGRSV/vera-vegetacao/main/fotos/Enecol-Centro/VER20260805105419310984468F1.jpg,https://raw.githubusercontent.com/LGRSV/vera-vegetacao/main/fotos/Enecol-Centro/VER20260805105419310984468F2.jpg,https://raw.githubusercontent.com/LGRSV/vera-vegetacao/main/fotos/Enecol-Centro/VER20260805105419310984468F3.jpg,,V20260805105419310984468
2254,V1090,Rota SE Colinas,NORTE,AL,AL06020023,05/08/2026,10:55,Oiti,1750227,URBANO,10,75,Sim,150,100,0,-8.0465083,-48.4798317,3,https://raw.githubusercontent.com/LGRSV/vera-vegetacao/main/fotos/Enecol-Centro/VER20260805105547479024405F1.jpg,https://raw.githubusercontent.com/LGRSV/vera-vegetacao/main/fotos/Enecol-Centro/VER20260805105547479024405F2.jpg,https://raw.githubusercontent.com/LGRSV/vera-vegetacao/main/fotos/Enecol-Centro/VER20260805105547479024405F3.jpg,,V20260805105547479024405
2255,V1091,Rota SE Colinas,NORTE,LD,LD01020023,05/08/2026,11:16,Cajueiro,898600,URBANO,6.5,80,Sim,300,300,0,-8.04813,-48.4778083,3,https://raw.githubusercontent.com/LGRSV/vera-vegetacao/main/fotos/Enecol-Centro/VER20260805111642191819570F1.jpg,https://raw.githubusercontent.com/LGRSV/vera-vegetacao/main/fotos/Enecol-Centro/VER20260805111642191819570F2.jpg,https://raw.githubusercontent.com/LGRSV/vera-vegetacao/main/fotos/Enecol-Centro/VER20260805111642191819570F3.jpg,,V20260805111642191819570
2256,V1092,Rota SE Colinas,NORTE,LD,LD01020023,05/08/2026,11:19,Mangueira,887335,URBANO,8.5,80,Sim,300,150,0,-8.0486717,-48.4776266,3,https://raw.githubusercontent.com/LGRSV/vera-vegetacao/main/fotos/Enecol-Centro/VER20260805111934719598911F1.jpg,https://raw.githubusercontent.com/LGRSV/vera-vegetacao/main/fotos/Enecol-Centro/VER20260805111934719598911F2.jpg,https://raw.githubusercontent.com/LGRSV/vera-vegetacao/main/fotos/Enecol-Centro/VER20260805111934719598911F3.jpg,,V20260805111934719598911
2257,V1093,Rota SE Colinas,NORTE,AL,AL06020023,05/08/2026,11:22,Oiti,1757903,URBANO,4,55,Sim,300,300,0,-8.0490514,-48.4767974,3,https://raw.githubusercontent.com/LGRSV/vera-vegetacao/main/fotos/Enecol-Centro/VER20260805112239756501150F1.jpg,https://raw.githubusercontent.com/LGRSV/vera-vegetacao/main/fotos/Enecol-Centro/VER20260805112239756501150F2.jpg,https://raw.githubusercontent.com/LGRSV/vera-vegetacao/main/fotos/Enecol-Centro/VER20260805112239756501150F3.jpg,,V20260805112239756501150
2258,V1094,Rota SE Colinas,NORTE,LD,LD01020023,05/08/2026,11:23,Oiti,887340,URBANO,3.5,40,Sim,300,300,0,-8.0490879,-48.4767589,3,https://raw.githubusercontent.com/LGRSV/vera-vegetacao/main/fotos/Enecol-Centro/VER20260805112340111099059F1.jpg,https://raw.githubusercontent.com/LGRSV/vera-vegetacao/main/fotos/Enecol-Centro/VER20260805112340111099059F2.jpg,https://raw.githubusercontent.com/LGRSV/vera-vegetacao/main/fotos/Enecol-Centro/VER20260805112340111099059F3.jpg,,V20260805112340111099059
2259,V1095,Rota SE Colinas,NORTE,LD,LD01020023,05/08/2026,11:24,Outros,887340,URBANO,6,70,Sim,300,300,0,-8.0491261,-48.4766375,3,https://raw.githubusercontent.com/LGRSV/vera-vegetacao/main/fotos/Enecol-Centro/VER20260805112444078998383F1.jpg,https://raw.githubusercontent.com/LGRSV/vera-vegetacao/main/fotos/Enecol-Centro/VER20260805112444078998383F2.jpg,https://raw.githubusercontent.com/LGRSV/vera-vegetacao/main/fotos/Enecol-Centro/VER20260805112444078998383F3.jpg,,V20260805112444078998383
2260,V1096,Rota SE Colinas,NORTE,LD,LD01020023,05/08/2026,11:25,Oiti,889385,URBANO,6,60,Sim,300,300,0,-8.0491937,-48.476518,3,https://raw.githubusercontent.com/LGRSV/vera-vegetacao/main/fotos/Enecol-Centro/VER20260805112550150114039F1.jpg,https://raw.githubusercontent.com/LGRSV/vera-vegetacao/main/fotos/Enecol-Centro/VER20260805112550150114039F2.jpg,https://raw.githubusercontent.com/LGRSV/vera-vegetacao/main/fotos/Enecol-Centro/VER20260805112550150114039F3.jpg,,V20260805112550150114039
2261,V1097,Rota SE Colinas,NORTE,LD,LD01020023,05/08/2026,13:56,Outros,888683,URBANO,7,50,Sim,300,300,0,-8.0513767,-48.4737983,3,https://raw.githubusercontent.com/LGRSV/vera-vegetacao/main/fotos/Enecol-Centro/VER20260805135625599622871F1.jpg,https://raw.githubusercontent.com/LGRSV/vera-vegetacao/main/fotos/Enecol-Centro/VER20260805135625599622871F2.jpg,https://raw.githubusercontent.com/LGRSV/vera-vegetacao/main/fotos/Enecol-Centro/VER20260805135625599622871F3.jpg,,V20260805135625599622871
2262,V1098,Rota SE Colinas,NORTE,AL,AL06020023,05/08/2026,13:58,Outros,1758093,URBANO,3.5,40,Sim,300,300,0,-8.0511633,-48.4735933,3,https://raw.githubusercontent.com/LGRSV/vera-vegetacao/main/fotos/Enecol-Centro/VER20260805135843139862081F1.jpg,https://raw.githubusercontent.com/LGRSV/vera-vegetacao/main/fotos/Enecol-Centro/VER20260805135843139862081F2.jpg,https://raw.githubusercontent.com/LGRSV/vera-vegetacao/main/fotos/Enecol-Centro/VER20260805135843139862081F3.jpg,,V20260805135843139862081
2263,V1099,Rota SE Colinas,NORTE,LD,LD01020023,05/08/2026,14:00,Oiti,888009,URBANO,9,80,Sim,300,200,0,-8.05035,-48.473845,3,https://raw.githubusercontent.com/LGRSV/vera-vegetacao/main/fotos/Enecol-Centro/VER20260805140050159594691F1.jpg,https://raw.githubusercontent.com/LGRSV/vera-vegetacao/main/fotos/Enecol-Centro/VER20260805140050159594691F2.jpg,https://raw.githubusercontent.com/LGRSV/vera-vegetacao/main/fotos/Enecol-Centro/VER20260805140050159594691F3.jpg,,V20260805140050159594691
2264,V1100,Rota SE Colinas,NORTE,AL,AL06020023,05/08/2026,14:02,Oiti,1758265,URBANO,2.5,25,Sim,300,300,0,-8.0495967,-48.4757733,3,https://raw.githubusercontent.com/LGRSV/vera-vegetacao/main/fotos/Enecol-Centro/VER20260805140258048276417F1.jpg,https://raw.githubusercontent.com/LGRSV/vera-vegetacao/main/fotos/Enecol-Centro/VER20260805140258048276417F2.jpg,https://raw.githubusercontent.com/LGRSV/vera-vegetacao/main/fotos/Enecol-Centro/VER20260805140258048276417F3.jpg,,V20260805140258048276417
2265,V1101,Rota SE Colinas,NORTE,AL,AL06020023,05/08/2026,14:03,Outros,1758265,URBANO,3,40,Sim,300,300,0,-8.0496367,-48.475705,3,https://raw.githubusercontent.com/LGRSV/vera-vegetacao/main/fotos/Enecol-Centro/VER20260805140359174739291F1.jpg,https://raw.githubusercontent.com/LGRSV/vera-vegetacao/main/fotos/Enecol-Centro/VER20260805140359174739291F2.jpg,https://raw.githubusercontent.com/LGRSV/vera-vegetacao/main/fotos/Enecol-Centro/VER20260805140359174739291F3.jpg,,V20260805140359174739291
2266,V1102,Rota SE Colinas,NORTE,AL,AL06020023,05/08/2026,14:12,Outros,888207,URBANO,6,60,Sim,150,300,0,-8.0478688,-48.480928,3,https://raw.githubusercontent.com/LGRSV/vera-vegetacao/main/fotos/Enecol-Centro/VER20260805141208766069859F1.jpg,https://raw.githubusercontent.com/LGRSV/vera-vegetacao/main/fotos/Enecol-Centro/VER20260805141208766069859F2.jpg,https://raw.githubusercontent.com/LGRSV/vera-vegetacao/main/fotos/Enecol-Centro/VER20260805141208766069859F3.jpg,,V20260805141208766069859
2267,V1103,Rota SE Colinas,NORTE,AL,AL06020023,05/08/2026,14:13,Outros,888207,URBANO,3.5,50,Sim,300,300,0,-8.0479684,-48.4809668,3,https://raw.githubusercontent.com/LGRSV/vera-vegetacao/main/fotos/Enecol-Centro/VER20260805141307460532854F1.jpg,https://raw.githubusercontent.com/LGRSV/vera-vegetacao/main/fotos/Enecol-Centro/VER20260805141307460532854F2.jpg,https://raw.githubusercontent.com/LGRSV/vera-vegetacao/main/fotos/Enecol-Centro/VER20260805141307460532854F3.jpg,,V20260805141307460532854
2268,V1104,Rota SE Colinas,NORTE,AL,AL06020023,05/08/2026,14:14,Mogno,888206,URBANO,9.5,110,Sim,0,50,0,-8.04836,-48.4811796,3,https://raw.githubusercontent.com/LGRSV/vera-vegetacao/main/fotos/Enecol-Centro/VER20260805141422801970770F1.jpg,https://raw.githubusercontent.com/LGRSV/vera-vegetacao/main/fotos/Enecol-Centro/VER20260805141422801970770F2.jpg,https://raw.githubusercontent.com/LGRSV/vera-vegetacao/main/fotos/Enecol-Centro/VER20260805141422801970770F3.jpg,,V20260805141422801970770
2269,V1105,Rota SE Colinas,NORTE,AL,AL06020023,05/08/2026,14:15,Mogno,888206,URBANO,9.5,90,Sim,0,50,0,-8.0484283,-48.4812435,3,https://raw.githubusercontent.com/LGRSV/vera-vegetacao/main/fotos/Enecol-Centro/VER20260805141526177410093F1.jpg,https://raw.githubusercontent.com/LGRSV/vera-vegetacao/main/fotos/Enecol-Centro/VER20260805141526177410093F2.jpg,https://raw.githubusercontent.com/LGRSV/vera-vegetacao/main/fotos/Enecol-Centro/VER20260805141526177410093F3.jpg,,V20260805141526177410093
2270,V1106,Rota SE Colinas,NORTE,AL,AL06020023,05/08/2026,14:16,Goiaba,888206,URBANO,7,65,Sim,0,300,0,-8.04854,-48.4813367,3,https://raw.githubusercontent.com/LGRSV/vera-vegetacao/main/fotos/Enecol-Centro/VER20260805141634849636535F1.jpg,https://raw.githubusercontent.com/LGRSV/vera-vegetacao/main/fotos/Enecol-Centro/VER20260805141634849636535F2.jpg,https://raw.githubusercontent.com/LGRSV/vera-vegetacao/main/fotos/Enecol-Centro/VER20260805141634849636535F3.jpg,,V20260805141634849636535
2271,V1107,Rota SE Colinas,NORTE,AL,AL06020023,05/08/2026,14:17,Oiti,888205,URBANO,4,50,Sim,250,300,0,-8.048585,-48.481395,3,https://raw.githubusercontent.com/LGRSV/vera-vegetacao/main/fotos/Enecol-Centro/VER20260805141723472305062F1.jpg,https://raw.githubusercontent.com/LGRSV/vera-vegetacao/main/fotos/Enecol-Centro/VER20260805141723472305062F2.jpg,https://raw.githubusercontent.com/LGRSV/vera-vegetacao/main/fotos/Enecol-Centro/VER20260805141723472305062F3.jpg,,V20260805141723472305062
2272,V1108,Rota SE Colinas,NORTE,AL,AL06020023,05/08/2026,14:18,Oiti,888205,URBANO,6.5,70,Sim,200,300,0,-8.048755,-48.4814183,3,https://raw.githubusercontent.com/LGRSV/vera-vegetacao/main/fotos/Enecol-Centro/VER20260805141830484098495F1.jpg,https://raw.githubusercontent.com/LGRSV/vera-vegetacao/main/fotos/Enecol-Centro/VER20260805141830484098495F2.jpg,https://raw.githubusercontent.com/LGRSV/vera-vegetacao/main/fotos/Enecol-Centro/VER20260805141830484098495F3.jpg,,V20260805141830484098495
2273,V1109,Rota SE Colinas,NORTE,AL,AL06020023,05/08/2026,14:33,Oiti,328586,URBANO,10.5,85,Sim,150,100,0,-8.0504117,-48.4825,3,https://raw.githubusercontent.com/LGRSV/vera-vegetacao/main/fotos/Enecol-Centro/VER20260805143336035010295F1.jpg,https://raw.githubusercontent.com/LGRSV/vera-vegetacao/main/fotos/Enecol-Centro/VER20260805143336035010295F2.jpg,https://raw.githubusercontent.com/LGRSV/vera-vegetacao/main/fotos/Enecol-Centro/VER20260805143336035010295F3.jpg,,V20260805143336035010295
2274,V1110,Rota SE Colinas,NORTE,AL,AL06020023,05/08/2026,14:34,Buriti,328586,URBANO,4,50,Sim,300,300,0,-8.05053,-48.4826,3,https://raw.githubusercontent.com/LGRSV/vera-vegetacao/main/fotos/Enecol-Centro/VER20260805143449596080287F1.jpg,https://raw.githubusercontent.com/LGRSV/vera-vegetacao/main/fotos/Enecol-Centro/VER20260805143449596080287F2.jpg,https://raw.githubusercontent.com/LGRSV/vera-vegetacao/main/fotos/Enecol-Centro/VER20260805143449596080287F3.jpg,,V20260805143449596080287
2275,V1111,Rota SE Colinas,NORTE,AL,AL06020023,05/08/2026,14:35,Outros,328586,URBANO,6,65,Sim,300,300,0,-8.0505583,-48.4825683,3,https://raw.githubusercontent.com/LGRSV/vera-vegetacao/main/fotos/Enecol-Centro/VER20260805143544432642553F1.jpg,https://raw.githubusercontent.com/LGRSV/vera-vegetacao/main/fotos/Enecol-Centro/VER20260805143544432642553F2.jpg,https://raw.githubusercontent.com/LGRSV/vera-vegetacao/main/fotos/Enecol-Centro/VER20260805143544432642553F3.jpg,,V20260805143544432642553
2276,V1112,Rota SE Colinas,NORTE,AL,AL06020023,05/08/2026,14:36,Oiti,328586,URBANO,5.5,60,Sim,300,300,0,-8.0506217,-48.4826233,3,https://raw.githubusercontent.com/LGRSV/vera-vegetacao/main/fotos/Enecol-Centro/VER20260805143652357442306F1.jpg,https://raw.githubusercontent.com/LGRSV/vera-vegetacao/main/fotos/Enecol-Centro/VER20260805143652357442306F2.jpg,https://raw.githubusercontent.com/LGRSV/vera-vegetacao/main/fotos/Enecol-Centro/VER20260805143652357442306F3.jpg,,V20260805143652357442306
2277,V1113,Rota SE Colinas,NORTE,AL,AL02020023,05/08/2026,14:37,Oiti,901724,URBANO,6.5,65,Sim,300,300,0,-8.0507733,-48.4827533,3,https://raw.githubusercontent.com/LGRSV/vera-vegetacao/main/fotos/Enecol-Centro/VER20260805143758155216227F1.jpg,https://raw.githubusercontent.com/LGRSV/vera-vegetacao/main/fotos/Enecol-Centro/VER20260805143758155216227F2.jpg,https://raw.githubusercontent.com/LGRSV/vera-vegetacao/main/fotos/Enecol-Centro/VER20260805143758155216227F3.jpg,,V20260805143758155216227
2278,V1114,Rota SE Colinas,NORTE,AL,AL02020023,05/08/2026,14:38,Babaçu,901724,URBANO,3.5,40,Sim,300,300,0,-8.0508683,-48.482775,3,https://raw.githubusercontent.com/LGRSV/vera-vegetacao/main/fotos/Enecol-Centro/VER20260805143845885810929F1.jpg,https://raw.githubusercontent.com/LGRSV/vera-vegetacao/main/fotos/Enecol-Centro/VER20260805143845885810929F2.jpg,https://raw.githubusercontent.com/LGRSV/vera-vegetacao/main/fotos/Enecol-Centro/VER20260805143845885810929F3.jpg,,V20260805143845885810929
2279,V1115,Rota SE Colinas,NORTE,AL,AL02020023,05/08/2026,14:48,Outros,105966,URBANO,6,70,Sim,250,300,0,-8.0511374,-48.4830042,3,https://raw.githubusercontent.com/LGRSV/vera-vegetacao/main/fotos/Enecol-Centro/VER20260805144811823525685F1.jpg,https://raw.githubusercontent.com/LGRSV/vera-vegetacao/main/fotos/Enecol-Centro/VER20260805144811823525685F2.jpg,https://raw.githubusercontent.com/LGRSV/vera-vegetacao/main/fotos/Enecol-Centro/VER20260805144811823525685F3.jpg,,V20260805144811823525685
2280,V1116,Rota SE Colinas,NORTE,AL,AL02020023,05/08/2026,14:48,Outros,105966,URBANO,7,80,Sim,200,300,0,-8.0512033,-48.4829908,3,https://raw.githubusercontent.com/LGRSV/vera-vegetacao/main/fotos/Enecol-Centro/VER20260805144858054198522F1.jpg,https://raw.githubusercontent.com/LGRSV/vera-vegetacao/main/fotos/Enecol-Centro/VER20260805144858054198522F2.jpg,https://raw.githubusercontent.com/LGRSV/vera-vegetacao/main/fotos/Enecol-Centro/VER20260805144858054198522F3.jpg,,V20260805144858054198522
2281,V1117,Rota SE Colinas,NORTE,AL,AL02020023,05/08/2026,14:51,Oiti,897932,URBANO,5.5,70,Sim,150,300,0,-8.0515367,-48.4832251,3,https://raw.githubusercontent.com/LGRSV/vera-vegetacao/main/fotos/Enecol-Centro/VER20260805145121068683611F1.jpg,https://raw.githubusercontent.com/LGRSV/vera-vegetacao/main/fotos/Enecol-Centro/VER20260805145121068683611F2.jpg,https://raw.githubusercontent.com/LGRSV/vera-vegetacao/main/fotos/Enecol-Centro/VER20260805145121068683611F3.jpg,,V20260805145121068683611
2282,V1118,Rota SE Colinas,NORTE,AL,AL02020023,05/08/2026,14:52,Oiti,897932,URBANO,7.5,60,Sim,50,300,0,-8.0516785,-48.4832644,3,https://raw.githubusercontent.com/LGRSV/vera-vegetacao/main/fotos/Enecol-Centro/VER20260805145226313731210F1.jpg,https://raw.githubusercontent.com/LGRSV/vera-vegetacao/main/fotos/Enecol-Centro/VER20260805145226313731210F2.jpg,https://raw.githubusercontent.com/LGRSV/vera-vegetacao/main/fotos/Enecol-Centro/VER20260805145226313731210F3.jpg,,V20260805145226313731210
2283,V1119,Rota SE Colinas,NORTE,AL,AL02020023,05/08/2026,14:53,Oiti,897932,URBANO,7.5,60,Sim,50,300,0,-8.0516884,-48.4832586,3,https://raw.githubusercontent.com/LGRSV/vera-vegetacao/main/fotos/Enecol-Centro/VER20260805145339193320401F1.jpg,https://raw.githubusercontent.com/LGRSV/vera-vegetacao/main/fotos/Enecol-Centro/VER20260805145339193320401F2.jpg,https://raw.githubusercontent.com/LGRSV/vera-vegetacao/main/fotos/Enecol-Centro/VER20260805145339193320401F3.jpg,,V20260805145339193320401
2284,V1120,Rota SE Colinas,NORTE,AL,AL02020023,05/08/2026,14:54,Oiti,897932,URBANO,7.5,50,Sim,100,300,0,-8.0517586,-48.4832685,3,https://raw.githubusercontent.com/LGRSV/vera-vegetacao/main/fotos/Enecol-Centro/VER20260805145437543042783F1.jpg,https://raw.githubusercontent.com/LGRSV/vera-vegetacao/main/fotos/Enecol-Centro/VER20260805145437543042783F2.jpg,https://raw.githubusercontent.com/LGRSV/vera-vegetacao/main/fotos/Enecol-Centro/VER20260805145437543042783F3.jpg,,V20260805145437543042783
2285,V1121,Rota SE Colinas,NORTE,AL,AL02020023,05/08/2026,14:56,Oiti,897932,URBANO,7.5,65,Sim,50,300,0,-8.0517292,-48.4833209,3,https://raw.githubusercontent.com/LGRSV/vera-vegetacao/main/fotos/Enecol-Centro/VER20260805145645757755015F1.jpg,https://raw.githubusercontent.com/LGRSV/vera-vegetacao/main/fotos/Enecol-Centro/VER20260805145645757755015F2.jpg,https://raw.githubusercontent.com/LGRSV/vera-vegetacao/main/fotos/Enecol-Centro/VER20260805145645757755015F3.jpg,,V20260805145645757755015
2286,V1122,Rota SE Colinas,NORTE,AL,AL02020023,05/08/2026,14:57,Oiti,897932,URBANO,7.5,50,Sim,100,300,0,-8.051783,-48.4833423,3,https://raw.githubusercontent.com/LGRSV/vera-vegetacao/main/fotos/Enecol-Centro/VER20260805145731290954671F1.jpg,https://raw.githubusercontent.com/LGRSV/vera-vegetacao/main/fotos/Enecol-Centro/VER20260805145731290954671F2.jpg,https://raw.githubusercontent.com/LGRSV/vera-vegetacao/main/fotos/Enecol-Centro/VER20260805145731290954671F3.jpg,,V20260805145731290954671
2287,V1123,Rota SE Colinas,NORTE,AL,AL02020023,05/08/2026,14:58,Oiti,1767311,URBANO,7.5,60,Sim,100,300,0,-8.0518267,-48.4834115,3,https://raw.githubusercontent.com/LGRSV/vera-vegetacao/main/fotos/Enecol-Centro/VER20260805145827178705516F1.jpg,https://raw.githubusercontent.com/LGRSV/vera-vegetacao/main/fotos/Enecol-Centro/VER20260805145827178705516F2.jpg,https://raw.githubusercontent.com/LGRSV/vera-vegetacao/main/fotos/Enecol-Centro/VER20260805145827178705516F3.jpg,,V20260805145827178705516
2288,V1124,Rota SE Colinas,NORTE,AL,AL02020023,05/08/2026,15:08,Oiti,898691,URBANO,5,60,Sim,300,300,0,-8.0520033,-48.483535,3,https://raw.githubusercontent.com/LGRSV/vera-vegetacao/main/fotos/Enecol-Centro/VER20260805150859150144866F1.jpg,https://raw.githubusercontent.com/LGRSV/vera-vegetacao/main/fotos/Enecol-Centro/VER20260805150859150144866F2.jpg,https://raw.githubusercontent.com/LGRSV/vera-vegetacao/main/fotos/Enecol-Centro/VER20260805150859150144866F3.jpg,,V20260805150859150144866
2289,V1125,Rota SE Colinas,NORTE,AL,AL02020023,05/08/2026,15:10,Oiti,898691,URBANO,5,70,Sim,300,300,0,-8.0519833,-48.4834967,3,https://raw.githubusercontent.com/LGRSV/vera-vegetacao/main/fotos/Enecol-Centro/VER20260805151002213136818F1.jpg,https://raw.githubusercontent.com/LGRSV/vera-vegetacao/main/fotos/Enecol-Centro/VER20260805151002213136818F2.jpg,https://raw.githubusercontent.com/LGRSV/vera-vegetacao/main/fotos/Enecol-Centro/VER20260805151002213136818F3.jpg,,V20260805151002213136818
2290,V1126,Rota SE Colinas,NORTE,AL,AL02020023,05/08/2026,15:16,Oiti,896001,URBANO,6.5,60,Sim,100,300,0,-8.0528231,-48.4840429,3,https://raw.githubusercontent.com/LGRSV/vera-vegetacao/main/fotos/Enecol-Centro/VER20260805151619699419816F1.jpg,https://raw.githubusercontent.com/LGRSV/vera-vegetacao/main/fotos/Enecol-Centro/VER20260805151619699419816F2.jpg,https://raw.githubusercontent.com/LGRSV/vera-vegetacao/main/fotos/Enecol-Centro/VER20260805151619699419816F3.jpg,,V20260805151619699419816
2291,V1127,Rota SE Colinas,NORTE,AL,AL02020023,05/08/2026,15:17,Oiti,897940,URBANO,6.5,55,Sim,100,300,0,-8.0527978,-48.4839419,3,https://raw.githubusercontent.com/LGRSV/vera-vegetacao/main/fotos/Enecol-Centro/VER20260805151707732773716F1.jpg,https://raw.githubusercontent.com/LGRSV/vera-vegetacao/main/fotos/Enecol-Centro/VER20260805151707732773716F2.jpg,https://raw.githubusercontent.com/LGRSV/vera-vegetacao/main/fotos/Enecol-Centro/VER20260805151707732773716F3.jpg,,V20260805151707732773716
2292,V1128,Rota SE Colinas,NORTE,AL,AL02020023,05/08/2026,15:18,Oiti,897940,URBANO,7,60,Sim,150,300,0,-8.052753,-48.4839418,3,https://raw.githubusercontent.com/LGRSV/vera-vegetacao/main/fotos/Enecol-Centro/VER20260805151805542727633F1.jpg,https://raw.githubusercontent.com/LGRSV/vera-vegetacao/main/fotos/Enecol-Centro/VER20260805151805542727633F2.jpg,https://raw.githubusercontent.com/LGRSV/vera-vegetacao/main/fotos/Enecol-Centro/VER20260805151805542727633F3.jpg,,V20260805151805542727633
2293,V1129,Rota SE Colinas,NORTE,AL,AL02020023,05/08/2026,15:18,Oiti,897940,URBANO,7,65,Sim,100,300,0,-8.0527352,-48.4839565,3,https://raw.githubusercontent.com/LGRSV/vera-vegetacao/main/fotos/Enecol-Centro/VER20260805151857201567992F1.jpg,https://raw.githubusercontent.com/LGRSV/vera-vegetacao/main/fotos/Enecol-Centro/VER20260805151857201567992F2.jpg,https://raw.githubusercontent.com/LGRSV/vera-vegetacao/main/fotos/Enecol-Centro/VER20260805151857201567992F3.jpg,,V20260805151857201567992
2294,V1130,Rota SE Colinas,NORTE,AL,AL02020023,05/08/2026,15:20,Babaçu,897940,URBANO,12,70,Sim,300,300,0,-8.0527232,-48.484,3,https://raw.githubusercontent.com/LGRSV/vera-vegetacao/main/fotos/Enecol-Centro/VER20260805152004685897071F1.jpg,https://raw.githubusercontent.com/LGRSV/vera-vegetacao/main/fotos/Enecol-Centro/VER20260805152004685897071F2.jpg,https://raw.githubusercontent.com/LGRSV/vera-vegetacao/main/fotos/Enecol-Centro/VER20260805152004685897071F3.jpg,,V20260805152004685897071
2295,V1131,Rota SE Colinas,NORTE,AL,AL02020023,05/08/2026,15:20,Babaçu,897940,URBANO,12,60,Sim,300,300,0,-8.0528073,-48.4840145,3,https://raw.githubusercontent.com/LGRSV/vera-vegetacao/main/fotos/Enecol-Centro/VER20260805152059148504172F1.jpg,https://raw.githubusercontent.com/LGRSV/vera-vegetacao/main/fotos/Enecol-Centro/VER20260805152059148504172F2.jpg,https://raw.githubusercontent.com/LGRSV/vera-vegetacao/main/fotos/Enecol-Centro/VER20260805152059148504172F3.jpg,,V20260805152059148504172
2296,V1132,Rota SE Colinas,NORTE,AL,AL02020023,05/08/2026,15:21,Outros,897940,URBANO,11,100,Sim,300,50,0,-8.0528922,-48.4840103,3,https://raw.githubusercontent.com/LGRSV/vera-vegetacao/main/fotos/Enecol-Centro/VER20260805152150650677087F1.jpg,https://raw.githubusercontent.com/LGRSV/vera-vegetacao/main/fotos/Enecol-Centro/VER20260805152150650677087F2.jpg,https://raw.githubusercontent.com/LGRSV/vera-vegetacao/main/fotos/Enecol-Centro/VER20260805152150650677087F3.jpg,,V20260805152150650677087
2297,V1133,Rota SE Colinas,NORTE,AL,AL02020023,05/08/2026,15:23,Outros,896002,URBANO,7,60,Sim,50,300,0,-8.0532124,-48.4842539,3,https://raw.githubusercontent.com/LGRSV/vera-vegetacao/main/fotos/Enecol-Centro/VER20260805152328518047027F1.jpg,https://raw.githubusercontent.com/LGRSV/vera-vegetacao/main/fotos/Enecol-Centro/VER20260805152328518047027F2.jpg,https://raw.githubusercontent.com/LGRSV/vera-vegetacao/main/fotos/Enecol-Centro/VER20260805152328518047027F3.jpg,,V20260805152328518047027
2298,V1134,Rota SE Colinas,NORTE,AL,AL02020023,05/08/2026,15:24,Outros,896002,URBANO,8,80,Sim,0,300,0,-8.0533699,-48.4843497,3,https://raw.githubusercontent.com/LGRSV/vera-vegetacao/main/fotos/Enecol-Centro/VER20260805152451390601780F1.jpg,https://raw.githubusercontent.com/LGRSV/vera-vegetacao/main/fotos/Enecol-Centro/VER20260805152451390601780F2.jpg,https://raw.githubusercontent.com/LGRSV/vera-vegetacao/main/fotos/Enecol-Centro/VER20260805152451390601780F3.jpg,,V20260805152451390601780
2299,V1135,Rota SE Colinas,NORTE,AL,AL02020023,05/08/2026,15:26,Oiti,121379,URBANO,5.5,50,Sim,300,300,0,-8.053575,-48.484435,3,https://raw.githubusercontent.com/LGRSV/vera-vegetacao/main/fotos/Enecol-Centro/VER20260805152619627740582F1.jpg,https://raw.githubusercontent.com/LGRSV/vera-vegetacao/main/fotos/Enecol-Centro/VER20260805152619627740582F2.jpg,https://raw.githubusercontent.com/LGRSV/vera-vegetacao/main/fotos/Enecol-Centro/VER20260805152619627740582F3.jpg,,V20260805152619627740582
2300,V1136,Rota SE Colinas,NORTE,AL,AL01020023,05/08/2026,15:43,Oiti,902875,URBANO,8,60,Sim,100,300,0,-8.054702,-48.4835971,3,https://raw.githubusercontent.com/LGRSV/vera-vegetacao/main/fotos/Enecol-Centro/VER20260805154355399030564F1.jpg,https://raw.githubusercontent.com/LGRSV/vera-vegetacao/main/fotos/Enecol-Centro/VER20260805154355399030564F2.jpg,https://raw.githubusercontent.com/LGRSV/vera-vegetacao/main/fotos/Enecol-Centro/VER20260805154355399030564F3.jpg,,V20260805154355399030564
2301,V1137,Rota SE Colinas,NORTE,AL,AL01020023,05/08/2026,15:44,Oiti,902875,URBANO,7.5,75,Sim,200,300,0,-8.0547279,-48.4836242,3,https://raw.githubusercontent.com/LGRSV/vera-vegetacao/main/fotos/Enecol-Centro/VER20260805154450882281134F1.jpg,https://raw.githubusercontent.com/LGRSV/vera-vegetacao/main/fotos/Enecol-Centro/VER20260805154450882281134F2.jpg,https://raw.githubusercontent.com/LGRSV/vera-vegetacao/main/fotos/Enecol-Centro/VER20260805154450882281134F3.jpg,,V20260805154450882281134
2302,V1138,Rota SE Colinas,NORTE,AL,AL01020023,05/08/2026,15:45,Oiti,902875,URBANO,8,70,Sim,150,300,0,-8.0547084,-48.483673,3,https://raw.githubusercontent.com/LGRSV/vera-vegetacao/main/fotos/Enecol-Centro/VER20260805154550666733295F1.jpg,https://raw.githubusercontent.com/LGRSV/vera-vegetacao/main/fotos/Enecol-Centro/VER20260805154550666733295F2.jpg,https://raw.githubusercontent.com/LGRSV/vera-vegetacao/main/fotos/Enecol-Centro/VER20260805154550666733295F3.jpg,,V20260805154550666733295
2303,V1139,Rota SE Colinas,NORTE,AL,AL01020023,05/08/2026,15:47,Oiti,1769070,URBANO,2,40,Sim,300,300,0,-8.0552253,-48.4835015,3,https://raw.githubusercontent.com/LGRSV/vera-vegetacao/main/fotos/Enecol-Centro/VER20260805154736206979409F1.jpg,https://raw.githubusercontent.com/LGRSV/vera-vegetacao/main/fotos/Enecol-Centro/VER20260805154736206979409F2.jpg,https://raw.githubusercontent.com/LGRSV/vera-vegetacao/main/fotos/Enecol-Centro/VER20260805154736206979409F3.jpg,,V20260805154736206979409
2304,V1140,Rota SE Colinas,NORTE,AL,AL01020023,05/08/2026,15:48,Oiti,1769070,URBANO,2,50,Sim,300,300,0,-8.0552468,-48.4834682,3,https://raw.githubusercontent.com/LGRSV/vera-vegetacao/main/fotos/Enecol-Centro/VER20260805154825551938750F1.jpg,https://raw.githubusercontent.com/LGRSV/vera-vegetacao/main/fotos/Enecol-Centro/VER20260805154825551938750F2.jpg,https://raw.githubusercontent.com/LGRSV/vera-vegetacao/main/fotos/Enecol-Centro/VER20260805154825551938750F3.jpg,,V20260805154825551938750
2305,V1141,Rota SE Colinas,NORTE,AL,AL01020023,05/08/2026,15:49,Oiti,903213,URBANO,2.5,35,Sim,300,300,0,-8.0553099,-48.4835249,3,https://raw.githubusercontent.com/LGRSV/vera-vegetacao/main/fotos/Enecol-Centro/VER20260805154913509437880F1.jpg,https://raw.githubusercontent.com/LGRSV/vera-vegetacao/main/fotos/Enecol-Centro/VER20260805154913509437880F2.jpg,https://raw.githubusercontent.com/LGRSV/vera-vegetacao/main/fotos/Enecol-Centro/VER20260805154913509437880F3.jpg,,V20260805154913509437880
2306,V1142,Rota SE Colinas,NORTE,AL,AL01020023,05/08/2026,15:51,Outros,121460,URBANO,3,60,Sim,300,300,0,-8.05562,-48.4833389,3,https://raw.githubusercontent.com/LGRSV/vera-vegetacao/main/fotos/Enecol-Centro/VER20260805155112993237763F1.jpg,https://raw.githubusercontent.com/LGRSV/vera-vegetacao/main/fotos/Enecol-Centro/VER20260805155112993237763F2.jpg,https://raw.githubusercontent.com/LGRSV/vera-vegetacao/main/fotos/Enecol-Centro/VER20260805155112993237763F3.jpg,,V20260805155112993237763
2307,V1143,Rota SE Colinas,NORTE,AL,AL01020023,05/08/2026,15:52,Oiti,1768683,URBANO,7,50,Sim,200,300,0,-8.0556565,-48.4833144,3,https://raw.githubusercontent.com/LGRSV/vera-vegetacao/main/fotos/Enecol-Centro/VER20260805155201075278674F1.jpg,https://raw.githubusercontent.com/LGRSV/vera-vegetacao/main/fotos/Enecol-Centro/VER20260805155201075278674F2.jpg,https://raw.githubusercontent.com/LGRSV/vera-vegetacao/main/fotos/Enecol-Centro/VER20260805155201075278674F3.jpg,,V20260805155201075278674
2308,V1144,Rota SE Colinas,NORTE,AL,AL01020023,05/08/2026,15:53,Oiti,1768683,URBANO,7.5,60,Sim,200,300,0,-8.0557454,-48.4832748,3,https://raw.githubusercontent.com/LGRSV/vera-vegetacao/main/fotos/Enecol-Centro/VER20260805155301252813170F1.jpg,https://raw.githubusercontent.com/LGRSV/vera-vegetacao/main/fotos/Enecol-Centro/VER20260805155301252813170F2.jpg,https://raw.githubusercontent.com/LGRSV/vera-vegetacao/main/fotos/Enecol-Centro/VER20260805155301252813170F3.jpg,,V20260805155301252813170
2309,V1145,Rota SE Colinas,NORTE,AL,AL01020023,05/08/2026,15:54,Oiti,900398,URBANO,7,80,Sim,300,300,0,-8.0557716,-48.4831502,3,https://raw.githubusercontent.com/LGRSV/vera-vegetacao/main/fotos/Enecol-Centro/VER20260805155401342873481F1.jpg,https://raw.githubusercontent.com/LGRSV/vera-vegetacao/main/fotos/Enecol-Centro/VER20260805155401342873481F2.jpg,https://raw.githubusercontent.com/LGRSV/vera-vegetacao/main/fotos/Enecol-Centro/VER20260805155401342873481F3.jpg,,V20260805155401342873481
2310,V1146,Rota SE Colinas,NORTE,AL,AL01020023,05/08/2026,15:56,Oiti,94380,URBANO,6.5,60,Sim,300,300,0,-8.0555377,-48.482208,3,https://raw.githubusercontent.com/LGRSV/vera-vegetacao/main/fotos/Enecol-Centro/VER20260805155643304177478F1.jpg,https://raw.githubusercontent.com/LGRSV/vera-vegetacao/main/fotos/Enecol-Centro/VER20260805155643304177478F2.jpg,https://raw.githubusercontent.com/LGRSV/vera-vegetacao/main/fotos/Enecol-Centro/VER20260805155643304177478F3.jpg,,V20260805155643304177478
2311,V1147,Rota SE Colinas,NORTE,AL,AL01020023,05/08/2026,15:57,Oiti,94380,URBANO,6,70,,300,300,0,-8.0555915,-48.4821916,3,https://raw.githubusercontent.com/LGRSV/vera-vegetacao/main/fotos/Enecol-Centro/VER20260805155733739239453F1.jpg,https://raw.githubusercontent.com/LGRSV/vera-vegetacao/main/fotos/Enecol-Centro/VER20260805155733739239453F2.jpg,https://raw.githubusercontent.com/LGRSV/vera-vegetacao/main/fotos/Enecol-Centro/VER20260805155733739239453F3.jpg,,V20260805155733739239453
2312,V1148,Rota SE Colinas,NORTE,AL,AL01020023,05/08/2026,15:58,Oiti,94380,URBANO,7,65,Sim,150,300,0,-8.0555632,-48.4821739,3,https://raw.githubusercontent.com/LGRSV/vera-vegetacao/main/fotos/Enecol-Centro/VER20260805155826952538755F1.jpg,https://raw.githubusercontent.com/LGRSV/vera-vegetacao/main/fotos/Enecol-Centro/VER20260805155826952538755F2.jpg,https://raw.githubusercontent.com/LGRSV/vera-vegetacao/main/fotos/Enecol-Centro/VER20260805155826952538755F3.jpg,,V20260805155826952538755
2313,V1149,Rota SE Colinas,NORTE,AL,AL01020023,05/08/2026,15:59,Oiti,94380,URBANO,7,70,Sim,150,300,0,-8.0556224,-48.4820876,3,https://raw.githubusercontent.com/LGRSV/vera-vegetacao/main/fotos/Enecol-Centro/VER20260805155929463981011F1.jpg,https://raw.githubusercontent.com/LGRSV/vera-vegetacao/main/fotos/Enecol-Centro/VER20260805155929463981011F2.jpg,https://raw.githubusercontent.com/LGRSV/vera-vegetacao/main/fotos/Enecol-Centro/VER20260805155929463981011F3.jpg,,V20260805155929463981011
2314,V1150,Rota SE Colinas,NORTE,AL,AL02020023,06/08/2026,10:35,Oiti,889762,URBANO,6,60,Sim,200,300,0,-8.05541,-48.4814583,3,https://raw.githubusercontent.com/LGRSV/vera-vegetacao/main/fotos/Enecol-Centro/VER20260806103553052017493F1.jpg,https://raw.githubusercontent.com/LGRSV/vera-vegetacao/main/fotos/Enecol-Centro/VER20260806103553052017493F2.jpg,https://raw.githubusercontent.com/LGRSV/vera-vegetacao/main/fotos/Enecol-Centro/VER20260806103553052017493F3.jpg,,V20260806103553052017493
2315,V1151,Rota SE Colinas,NORTE,AL,AL02020023,06/08/2026,10:36,Oiti,889762,URBANO,,65,Sim,150,300,0,-8.055275,-48.48143,3,https://raw.githubusercontent.com/LGRSV/vera-vegetacao/main/fotos/Enecol-Centro/VER20260806103638932313918F1.jpg,https://raw.githubusercontent.com/LGRSV/vera-vegetacao/main/fotos/Enecol-Centro/VER20260806103638932313918F2.jpg,https://raw.githubusercontent.com/LGRSV/vera-vegetacao/main/fotos/Enecol-Centro/VER20260806103638932313918F3.jpg,,V20260806103638932313918
2316,V1152,Rota SE Colinas,NORTE,AL,AL02020023,06/08/2026,10:43,Oiti,889761,URBANO,6,65,Sim,250,300,0,-8.0550483,-48.4812583,3,https://raw.githubusercontent.com/LGRSV/vera-vegetacao/main/fotos/Enecol-Centro/VER20260806104334335835476F1.jpg,https://raw.githubusercontent.com/LGRSV/vera-vegetacao/main/fotos/Enecol-Centro/VER20260806104334335835476F2.jpg,https://raw.githubusercontent.com/LGRSV/vera-vegetacao/main/fotos/Enecol-Centro/VER20260806104334335835476F3.jpg,,V20260806104334335835476
2317,V1153,Rota SE Colinas,NORTE,AL,AL02020023,06/08/2026,10:49,Oiti,121461,URBANO,5.5,60,Sim,300,300,0,-8.0548711,-48.4810427,3,https://raw.githubusercontent.com/LGRSV/vera-vegetacao/main/fotos/Enecol-Centro/VER20260806104935148174280F1.jpg,https://raw.githubusercontent.com/LGRSV/vera-vegetacao/main/fotos/Enecol-Centro/VER20260806104935148174280F2.jpg,https://raw.githubusercontent.com/LGRSV/vera-vegetacao/main/fotos/Enecol-Centro/VER20260806104935148174280F3.jpg,,V20260806104935148174280
2318,V1154,Rota SE Colinas,NORTE,AL,AL02020023,06/08/2026,10:50,Oiti,121461,URBANO,5,55,Sim,300,300,0,-8.054618,-48.4813312,3,https://raw.githubusercontent.com/LGRSV/vera-vegetacao/main/fotos/Enecol-Centro/VER20260806105025904013709F1.jpg,https://raw.githubusercontent.com/LGRSV/vera-vegetacao/main/fotos/Enecol-Centro/VER20260806105025904013709F2.jpg,https://raw.githubusercontent.com/LGRSV/vera-vegetacao/main/fotos/Enecol-Centro/VER20260806105025904013709F3.jpg,,V20260806105025904013709
2319,V1155,Rota SE Colinas,NORTE,AL,AL02020023,06/08/2026,10:51,Oiti,121461,URBANO,6.5,65,Sim,250,300,0,-8.0546934,-48.4811011,3,https://raw.githubusercontent.com/LGRSV/vera-vegetacao/main/fotos/Enecol-Centro/VER20260806105137608001015F1.jpg,https://raw.githubusercontent.com/LGRSV/vera-vegetacao/main/fotos/Enecol-Centro/VER20260806105137608001015F2.jpg,https://raw.githubusercontent.com/LGRSV/vera-vegetacao/main/fotos/Enecol-Centro/VER20260806105137608001015F3.jpg,,V20260806105137608001015
2320,V1156,Rota SE Colinas,NORTE,AL,AL02020023,06/08/2026,10:52,Outros,121461,URBANO,9,80,Sim,50,0,0,-8.0546198,-48.4810283,3,https://raw.githubusercontent.com/LGRSV/vera-vegetacao/main/fotos/Enecol-Centro/VER20260806105241001825057F1.jpg,https://raw.githubusercontent.com/LGRSV/vera-vegetacao/main/fotos/Enecol-Centro/VER20260806105241001825057F2.jpg,https://raw.githubusercontent.com/LGRSV/vera-vegetacao/main/fotos/Enecol-Centro/VER20260806105241001825057F3.jpg,,V20260806105241001825057
2321,V1157,Rota SE Colinas,NORTE,AL,AL02020023,06/08/2026,10:53,Oiti,886416,URBANO,7,120,Sim,50,250,0,-8.0543977,-48.4809636,3,https://raw.githubusercontent.com/LGRSV/vera-vegetacao/main/fotos/Enecol-Centro/VER20260806105400158964504F1.jpg,https://raw.githubusercontent.com/LGRSV/vera-vegetacao/main/fotos/Enecol-Centro/VER20260806105400158964504F2.jpg,https://raw.githubusercontent.com/LGRSV/vera-vegetacao/main/fotos/Enecol-Centro/VER20260806105400158964504F3.jpg,,V20260806105400158964504
2322,V1158,Rota SE Colinas,NORTE,AL,AL02020023,06/08/2026,11:02,Oiti,1758053,URBANO,7,80,Sim,50,300,0,-8.0542752,-48.4808521,3,https://raw.githubusercontent.com/LGRSV/vera-vegetacao/main/fotos/Enecol-Centro/VER20260806110255657631210F1.jpg,https://raw.githubusercontent.com/LGRSV/vera-vegetacao/main/fotos/Enecol-Centro/VER20260806110255657631210F2.jpg,https://raw.githubusercontent.com/LGRSV/vera-vegetacao/main/fotos/Enecol-Centro/VER20260806110255657631210F3.jpg,,V20260806110255657631210
2323,V1159,Rota SE Colinas,NORTE,AL,AL02020023,06/08/2026,11:04,Oiti,1758053,URBANO,7,70,Sim,200,300,0,-8.0540392,-48.4806985,3,https://raw.githubusercontent.com/LGRSV/vera-vegetacao/main/fotos/Enecol-Centro/VER20260806110411296430978F1.jpg,https://raw.githubusercontent.com/LGRSV/vera-vegetacao/main/fotos/Enecol-Centro/VER20260806110411296430978F2.jpg,https://raw.githubusercontent.com/LGRSV/vera-vegetacao/main/fotos/Enecol-Centro/VER20260806110411296430978F3.jpg,,V20260806110411296430978
2324,V1160,Rota SE Colinas,NORTE,AL,AL02020023,06/08/2026,11:05,Outros,889378,URBANO,3.5,40,Sim,300,300,0,-8.0537384,-48.4805167,3,https://raw.githubusercontent.com/LGRSV/vera-vegetacao/main/fotos/Enecol-Centro/VER20260806110553902568527F1.jpg,https://raw.githubusercontent.com/LGRSV/vera-vegetacao/main/fotos/Enecol-Centro/VER20260806110553902568527F2.jpg,https://raw.githubusercontent.com/LGRSV/vera-vegetacao/main/fotos/Enecol-Centro/VER20260806110553902568527F3.jpg,,V20260806110553902568527
2325,V1161,Rota SE Colinas,NORTE,AL,AL02020023,06/08/2026,11:07,Oiti,889378,URBANO,5,55,Sim,300,300,0,-8.0535321,-48.4804121,3,https://raw.githubusercontent.com/LGRSV/vera-vegetacao/main/fotos/Enecol-Centro/VER20260806110713608589165F1.jpg,https://raw.githubusercontent.com/LGRSV/vera-vegetacao/main/fotos/Enecol-Centro/VER20260806110713608589165F2.jpg,https://raw.githubusercontent.com/LGRSV/vera-vegetacao/main/fotos/Enecol-Centro/VER20260806110713608589165F3.jpg,,V20260806110713608589165
2326,V1162,Rota SE Colinas,NORTE,AL,AL02020023,06/08/2026,11:08,Oiti,889378,URBANO,4,60,Sim,300,300,0,-8.0534828,-48.4803307,3,https://raw.githubusercontent.com/LGRSV/vera-vegetacao/main/fotos/Enecol-Centro/VER20260806110844998486210F1.jpg,https://raw.githubusercontent.com/LGRSV/vera-vegetacao/main/fotos/Enecol-Centro/VER20260806110844998486210F2.jpg,https://raw.githubusercontent.com/LGRSV/vera-vegetacao/main/fotos/Enecol-Centro/VER20260806110844998486210F3.jpg,,V20260806110844998486210
2327,V1163,Rota SE Colinas,NORTE,AL,AL02020023,06/08/2026,11:12,Oiti,889378,URBANO,5,60,Sim,300,300,0,-8.053447,-48.4804091,3,https://raw.githubusercontent.com/LGRSV/vera-vegetacao/main/fotos/Enecol-Centro/VER20260806111207480110811F1.jpg,https://raw.githubusercontent.com/LGRSV/vera-vegetacao/main/fotos/Enecol-Centro/VER20260806111207480110811F2.jpg,https://raw.githubusercontent.com/LGRSV/vera-vegetacao/main/fotos/Enecol-Centro/VER20260806111207480110811F3.jpg,,V20260806111207480110811
2328,V1164,Rota SE Colinas,NORTE,AL,AL02020023,06/08/2026,11:13,Oiti,889378,URBANO,5,60,Sim,300,300,0,-8.0533179,-48.4802508,3,https://raw.githubusercontent.com/LGRSV/vera-vegetacao/main/fotos/Enecol-Centro/VER20260806111317371542226F1.jpg,https://raw.githubusercontent.com/LGRSV/vera-vegetacao/main/fotos/Enecol-Centro/VER20260806111317371542226F2.jpg,https://raw.githubusercontent.com/LGRSV/vera-vegetacao/main/fotos/Enecol-Centro/VER20260806111317371542226F3.jpg,,V20260806111317371542226
2329,V1165,Rota SE Colinas,NORTE,AL,AL02020023,06/08/2026,11:18,Outros,898835,URBANO,6,65,Sim,300,300,0,-8.0531549,-48.4801187,3,https://raw.githubusercontent.com/LGRSV/vera-vegetacao/main/fotos/Enecol-Centro/VER20260806111851573210772F1.jpg,https://raw.githubusercontent.com/LGRSV/vera-vegetacao/main/fotos/Enecol-Centro/VER20260806111851573210772F2.jpg,https://raw.githubusercontent.com/LGRSV/vera-vegetacao/main/fotos/Enecol-Centro/VER20260806111851573210772F3.jpg,,V20260806111851573210772
2330,V1166,Rota SE Colinas,NORTE,AL,AL02020023,06/08/2026,11:20,Babaçu,887977,URBANO,12,70,Sim,300,100,0,-8.05322,-48.4801667,3,https://raw.githubusercontent.com/LGRSV/vera-vegetacao/main/fotos/Enecol-Centro/VER20260806112019456258838F1.jpg,https://raw.githubusercontent.com/LGRSV/vera-vegetacao/main/fotos/Enecol-Centro/VER20260806112019456258838F2.jpg,https://raw.githubusercontent.com/LGRSV/vera-vegetacao/main/fotos/Enecol-Centro/VER20260806112019456258838F3.jpg,,V20260806112019456258838
2331,V1167,Rota SE Colinas,NORTE,AL,AL02020023,06/08/2026,11:21,Oiti,887676,URBANO,6.5,65,Sim,150,300,0,-8.05301,-48.480025,3,https://raw.githubusercontent.com/LGRSV/vera-vegetacao/main/fotos/Enecol-Centro/VER20260806112147585304060F1.jpg,https://raw.githubusercontent.com/LGRSV/vera-vegetacao/main/fotos/Enecol-Centro/VER20260806112147585304060F2.jpg,https://raw.githubusercontent.com/LGRSV/vera-vegetacao/main/fotos/Enecol-Centro/VER20260806112147585304060F3.jpg,,V20260806112147585304060
2332,V1168,Rota SE Colinas,NORTE,AL,AL02020023,06/08/2026,11:22,Buriti,887676,URBANO,14,90,Sim,300,0,0,-8.0529883,-48.4800333,3,https://raw.githubusercontent.com/LGRSV/vera-vegetacao/main/fotos/Enecol-Centro/VER20260806112249563926689F1.jpg,https://raw.githubusercontent.com/LGRSV/vera-vegetacao/main/fotos/Enecol-Centro/VER20260806112249563926689F2.jpg,https://raw.githubusercontent.com/LGRSV/vera-vegetacao/main/fotos/Enecol-Centro/VER20260806112249563926689F3.jpg,,V20260806112249563926689
2333,V1169,Rota SE Colinas,NORTE,AL,AL06020023,06/08/2026,14:17,Oiti,43240740,URBANO,6,60,Sim,300,300,0,-8.0490583,-48.4786733,3,https://raw.githubusercontent.com/LGRSV/vera-vegetacao/main/fotos/Enecol-Centro/VER20260806141701748371463F1.jpg,https://raw.githubusercontent.com/LGRSV/vera-vegetacao/main/fotos/Enecol-Centro/VER20260806141701748371463F2.jpg,https://raw.githubusercontent.com/LGRSV/vera-vegetacao/main/fotos/Enecol-Centro/VER20260806141701748371463F3.jpg,,V20260806141701748371463
2334,V1170,Rota SE Colinas,NORTE,AL,AL06020023,06/08/2026,14:18,Oiti,43240740,URBANO,6,60,Sim,300,300,0,-8.0490905,-48.4787042,3,https://raw.githubusercontent.com/LGRSV/vera-vegetacao/main/fotos/Enecol-Centro/VER20260806141802441401241F1.jpg,https://raw.githubusercontent.com/LGRSV/vera-vegetacao/main/fotos/Enecol-Centro/VER20260806141802441401241F2.jpg,https://raw.githubusercontent.com/LGRSV/vera-vegetacao/main/fotos/Enecol-Centro/VER20260806141802441401241F3.jpg,,V20260806141802441401241
2335,V1171,Rota SE Colinas,NORTE,AL,AL06020023,06/08/2026,14:19,Mogno,43240740,URBANO,8,60,Sim,0,300,0,-8.0491866,-48.478795,3,https://raw.githubusercontent.com/LGRSV/vera-vegetacao/main/fotos/Enecol-Centro/VER20260806141913260787894F1.jpg,https://raw.githubusercontent.com/LGRSV/vera-vegetacao/main/fotos/Enecol-Centro/VER20260806141913260787894F2.jpg,https://raw.githubusercontent.com/LGRSV/vera-vegetacao/main/fotos/Enecol-Centro/VER20260806141913260787894F3.jpg,,V20260806141913260787894
2336,V1172,Rota SE Colinas,NORTE,AL,AL06020023,06/08/2026,14:20,Outros,43240740,URBANO,3.5,50,Sim,300,300,0,-8.0492276,-48.478826,3,https://raw.githubusercontent.com/LGRSV/vera-vegetacao/main/fotos/Enecol-Centro/VER20260806142007024217213F1.jpg,https://raw.githubusercontent.com/LGRSV/vera-vegetacao/main/fotos/Enecol-Centro/VER20260806142007024217213F2.jpg,https://raw.githubusercontent.com/LGRSV/vera-vegetacao/main/fotos/Enecol-Centro/VER20260806142007024217213F3.jpg,,V20260806142007024217213
2337,V1173,Rota SE Colinas,NORTE,AL,AL06020023,06/08/2026,14:21,Oiti,43240740,URBANO,7.5,60,Sim,0,300,0,-8.0492964,-48.4788537,3,https://raw.githubusercontent.com/LGRSV/vera-vegetacao/main/fotos/Enecol-Centro/VER20260806142111068759902F1.jpg,https://raw.githubusercontent.com/LGRSV/vera-vegetacao/main/fotos/Enecol-Centro/VER20260806142111068759902F2.jpg,https://raw.githubusercontent.com/LGRSV/vera-vegetacao/main/fotos/Enecol-Centro/VER20260806142111068759902F3.jpg,,V20260806142111068759902
2338,V1174,Rota SE Colinas,NORTE,AL,AL06020023,06/08/2026,14:22,Oiti,43240735,URBANO,8,75,Sim,0,300,0,-8.0494056,-48.4788664,3,https://raw.githubusercontent.com/LGRSV/vera-vegetacao/main/fotos/Enecol-Centro/VER20260806142208808871830F1.jpg,https://raw.githubusercontent.com/LGRSV/vera-vegetacao/main/fotos/Enecol-Centro/VER20260806142208808871830F2.jpg,https://raw.githubusercontent.com/LGRSV/vera-vegetacao/main/fotos/Enecol-Centro/VER20260806142208808871830F3.jpg,,V20260806142208808871830
2339,V1175,Rota SE Colinas,NORTE,AL,AL06020023,06/08/2026,14:23,Oiti,1758147,URBANO,7,60,Sim,100,300,0,-8.049558,-48.4789996,3,https://raw.githubusercontent.com/LGRSV/vera-vegetacao/main/fotos/Enecol-Centro/VER20260806142335214157065F1.jpg,https://raw.githubusercontent.com/LGRSV/vera-vegetacao/main/fotos/Enecol-Centro/VER20260806142335214157065F2.jpg,https://raw.githubusercontent.com/LGRSV/vera-vegetacao/main/fotos/Enecol-Centro/VER20260806142335214157065F3.jpg,,V20260806142335214157065
2340,V1176,Rota SE Colinas,NORTE,AL,AL06020023,06/08/2026,14:25,Oiti,43240724,URBANO,7,65,Sim,100,300,0,-8.0497917,-48.479115,3,https://raw.githubusercontent.com/LGRSV/vera-vegetacao/main/fotos/Enecol-Centro/VER20260806142556285881501F1.jpg,https://raw.githubusercontent.com/LGRSV/vera-vegetacao/main/fotos/Enecol-Centro/VER20260806142556285881501F2.jpg,https://raw.githubusercontent.com/LGRSV/vera-vegetacao/main/fotos/Enecol-Centro/VER20260806142556285881501F3.jpg,,V20260806142556285881501
2341,V1177,Rota SE Colinas,NORTE,AL,AL06020023,06/08/2026,14:27,Outros,43240724,URBANO,2.5,50,Sim,300,300,0,-8.04996,-48.4792667,3,https://raw.githubusercontent.com/LGRSV/vera-vegetacao/main/fotos/Enecol-Centro/VER20260806142710493594371F1.jpg,https://raw.githubusercontent.com/LGRSV/vera-vegetacao/main/fotos/Enecol-Centro/VER20260806142710493594371F2.jpg,https://raw.githubusercontent.com/LGRSV/vera-vegetacao/main/fotos/Enecol-Centro/VER20260806142710493594371F3.jpg,,V20260806142710493594371
2342,V1178,Rota SE Colinas,NORTE,AL,AL06020023,06/08/2026,14:28,Oiti,121383,URBANO,6,60,Sim,300,300,0,-8.050315,-48.4794583,3,https://raw.githubusercontent.com/LGRSV/vera-vegetacao/main/fotos/Enecol-Centro/VER20260806142839691932330F1.jpg,https://raw.githubusercontent.com/LGRSV/vera-vegetacao/main/fotos/Enecol-Centro/VER20260806142839691932330F2.jpg,https://raw.githubusercontent.com/LGRSV/vera-vegetacao/main/fotos/Enecol-Centro/VER20260806142839691932330F3.jpg,,V20260806142839691932330
2343,V1179,Rota SE Colinas,NORTE,AL,AL06020023,06/08/2026,14:29,Outros,98016,URBANO,5,60,Sim,300,300,0,-8.0504033,-48.47952,3,https://raw.githubusercontent.com/LGRSV/vera-vegetacao/main/fotos/Enecol-Centro/VER20260806142938120289662F1.jpg,https://raw.githubusercontent.com/LGRSV/vera-vegetacao/main/fotos/Enecol-Centro/VER20260806142938120289662F2.jpg,https://raw.githubusercontent.com/LGRSV/vera-vegetacao/main/fotos/Enecol-Centro/VER20260806142938120289662F3.jpg,,V20260806142938120289662
2344,V1180,Rota SE Colinas,NORTE,AL,AL06020023,06/08/2026,14:30,Oiti,98016,URBANO,5,65,Sim,300,300,0,-8.0504567,-48.4795733,3,https://raw.githubusercontent.com/LGRSV/vera-vegetacao/main/fotos/Enecol-Centro/VER20260806143039972156782F1.jpg,https://raw.githubusercontent.com/LGRSV/vera-vegetacao/main/fotos/Enecol-Centro/VER20260806143039972156782F2.jpg,https://raw.githubusercontent.com/LGRSV/vera-vegetacao/main/fotos/Enecol-Centro/VER20260806143039972156782F3.jpg,,V20260806143039972156782
2345,V1181,Rota SE Colinas,NORTE,AL,AL06020023,06/08/2026,14:31,Oiti,98016,URBANO,7,55,Sim,200,300,0,-8.050565,-48.4796183,3,https://raw.githubusercontent.com/LGRSV/vera-vegetacao/main/fotos/Enecol-Centro/VER20260806143153415629617F1.jpg,https://raw.githubusercontent.com/LGRSV/vera-vegetacao/main/fotos/Enecol-Centro/VER20260806143153415629617F2.jpg,https://raw.githubusercontent.com/LGRSV/vera-vegetacao/main/fotos/Enecol-Centro/VER20260806143153415629617F3.jpg,,V20260806143153415629617
2346,V1182,Rota SE Colinas,NORTE,AL,AL06020023,06/08/2026,14:32,Oiti,98016,URBANO,7,55,Sim,200,300,0,-8.0506017,-48.4795983,3,https://raw.githubusercontent.com/LGRSV/vera-vegetacao/main/fotos/Enecol-Centro/VER20260806143253105873879F1.jpg,https://raw.githubusercontent.com/LGRSV/vera-vegetacao/main/fotos/Enecol-Centro/VER20260806143253105873879F2.jpg,https://raw.githubusercontent.com/LGRSV/vera-vegetacao/main/fotos/Enecol-Centro/VER20260806143253105873879F3.jpg,,V20260806143253105873879
2347,V1183,Rota SE Colinas,NORTE,AL,AL06020023,06/08/2026,14:33,Oiti,98016,URBANO,7,55,Sim,200,300,0,-8.0506,-48.4796567,3,https://raw.githubusercontent.com/LGRSV/vera-vegetacao/main/fotos/Enecol-Centro/VER20260806143353900656733F1.jpg,https://raw.githubusercontent.com/LGRSV/vera-vegetacao/main/fotos/Enecol-Centro/VER20260806143353900656733F2.jpg,https://raw.githubusercontent.com/LGRSV/vera-vegetacao/main/fotos/Enecol-Centro/VER20260806143353900656733F3.jpg,,V20260806143353900656733
2348,V1184,Rota SE Colinas,NORTE,AL,AL06020023,06/08/2026,14:36,Outros,43240672,URBANO,6,60,Sim,200,300,0,-8.0507783,-48.4797617,3,https://raw.githubusercontent.com/LGRSV/vera-vegetacao/main/fotos/Enecol-Centro/VER20260806143601829819004F1.jpg,https://raw.githubusercontent.com/LGRSV/vera-vegetacao/main/fotos/Enecol-Centro/VER20260806143601829819004F2.jpg,https://raw.githubusercontent.com/LGRSV/vera-vegetacao/main/fotos/Enecol-Centro/VER20260806143601829819004F3.jpg,,V20260806143601829819004
2349,V1185,Rota SE Colinas,NORTE,AL,AL06020023,06/08/2026,14:37,Outros,43240672,URBANO,6.5,60,Sim,200,300,0,-8.0508633,-48.4797533,3,https://raw.githubusercontent.com/LGRSV/vera-vegetacao/main/fotos/Enecol-Centro/VER20260806143710968478969F1.jpg,https://raw.githubusercontent.com/LGRSV/vera-vegetacao/main/fotos/Enecol-Centro/VER20260806143710968478969F2.jpg,https://raw.githubusercontent.com/LGRSV/vera-vegetacao/main/fotos/Enecol-Centro/VER20260806143710968478969F3.jpg,,V20260806143710968478969
2350,V1186,Rota SE Colinas,NORTE,AL,AL06020023,06/08/2026,14:38,Outros,43240672,URBANO,7,60,Sim,200,300,0,-8.0508133,-48.47981,3,https://raw.githubusercontent.com/LGRSV/vera-vegetacao/main/fotos/Enecol-Centro/VER20260806143808703772684F1.jpg,https://raw.githubusercontent.com/LGRSV/vera-vegetacao/main/fotos/Enecol-Centro/VER20260806143808703772684F2.jpg,https://raw.githubusercontent.com/LGRSV/vera-vegetacao/main/fotos/Enecol-Centro/VER20260806143808703772684F3.jpg,,V20260806143808703772684
2351,V1187,Rota SE Colinas,NORTE,AL,AL06020023,06/08/2026,14:39,Outros,1767660,URBANO,7,60,Sim,200,300,0,-8.0508983,-48.479825,3,https://raw.githubusercontent.com/LGRSV/vera-vegetacao/main/fotos/Enecol-Centro/VER20260806143928706765632F1.jpg,https://raw.githubusercontent.com/LGRSV/vera-vegetacao/main/fotos/Enecol-Centro/VER20260806143928706765632F2.jpg,https://raw.githubusercontent.com/LGRSV/vera-vegetacao/main/fotos/Enecol-Centro/VER20260806143928706765632F3.jpg,,V20260806143928706765632
2352,V1188,Rota SE Colinas,NORTE,AL,AL06020023,06/08/2026,14:41,Coqueiro,1767660,URBANO,8.5,120,Sim,100,300,0,-8.0511367,-48.4799817,3,https://raw.githubusercontent.com/LGRSV/vera-vegetacao/main/fotos/Enecol-Centro/VER20260806144104697553724F1.jpg,https://raw.githubusercontent.com/LGRSV/vera-vegetacao/main/fotos/Enecol-Centro/VER20260806144104697553724F2.jpg,https://raw.githubusercontent.com/LGRSV/vera-vegetacao/main/fotos/Enecol-Centro/VER20260806144104697553724F3.jpg,,V20260806144104697553724
2353,V1189,Rota SE Colinas,NORTE,AL,AL06020023,06/08/2026,14:42,Coqueiro,1767660,URBANO,8.5,130,Sim,100,300,0,-8.0511367,-48.4799667,3,https://raw.githubusercontent.com/LGRSV/vera-vegetacao/main/fotos/Enecol-Centro/VER20260806144259821492207F1.jpg,https://raw.githubusercontent.com/LGRSV/vera-vegetacao/main/fotos/Enecol-Centro/VER20260806144259821492207F2.jpg,https://raw.githubusercontent.com/LGRSV/vera-vegetacao/main/fotos/Enecol-Centro/VER20260806144259821492207F3.jpg,,V20260806144259821492207
2354,V1190,Rota SE Colinas,NORTE,AL,AL06020023,06/08/2026,14:44,Oiti,43240679,URBANO,6,60,Sim,300,300,0,-8.05116,-48.4800767,3,https://raw.githubusercontent.com/LGRSV/vera-vegetacao/main/fotos/Enecol-Centro/VER20260806144455619029658F1.jpg,https://raw.githubusercontent.com/LGRSV/vera-vegetacao/main/fotos/Enecol-Centro/VER20260806144455619029658F2.jpg,https://raw.githubusercontent.com/LGRSV/vera-vegetacao/main/fotos/Enecol-Centro/VER20260806144455619029658F3.jpg,,V20260806144455619029658
2355,V1191,Rota SE Colinas,NORTE,AL,AL06020023,06/08/2026,14:46,Oiti,43240679,URBANO,5,55,Sim,300,300,0,-8.0511983,-48.4800183,3,https://raw.githubusercontent.com/LGRSV/vera-vegetacao/main/fotos/Enecol-Centro/VER20260806144614985124030F1.jpg,https://raw.githubusercontent.com/LGRSV/vera-vegetacao/main/fotos/Enecol-Centro/VER20260806144614985124030F2.jpg,https://raw.githubusercontent.com/LGRSV/vera-vegetacao/main/fotos/Enecol-Centro/VER20260806144614985124030F3.jpg,,V20260806144614985124030
2356,V1192,Rota SE Colinas,NORTE,AL,AL06020023,06/08/2026,14:47,Oiti,43240679,URBANO,5,60,Sim,300,300,0,-8.051355,-48.48012,3,https://raw.githubusercontent.com/LGRSV/vera-vegetacao/main/fotos/Enecol-Centro/VER20260806144738163148462F1.jpg,https://raw.githubusercontent.com/LGRSV/vera-vegetacao/main/fotos/Enecol-Centro/VER20260806144738163148462F2.jpg,https://raw.githubusercontent.com/LGRSV/vera-vegetacao/main/fotos/Enecol-Centro/VER20260806144738163148462F3.jpg,,V20260806144738163148462
2357,V1193,Rota SE Colinas,NORTE,AL,AL06020023,06/08/2026,15:13,Oiti,898834,URBANO,5,60,Sim,300,300,0,-8.0518799,-48.4803441,3,https://raw.githubusercontent.com/LGRSV/vera-vegetacao/main/fotos/Enecol-Centro/VER20260806151331865852744F1.jpg,https://raw.githubusercontent.com/LGRSV/vera-vegetacao/main/fotos/Enecol-Centro/VER20260806151331865852744F2.jpg,https://raw.githubusercontent.com/LGRSV/vera-vegetacao/main/fotos/Enecol-Centro/VER20260806151331865852744F3.jpg,,V20260806151331865852744
2358,V1194,Rota SE Colinas,NORTE,AL,AL02020023,06/08/2026,15:14,Oiti,898604,URBANO,3,20,Sim,300,300,0,-8.0518713,-48.4804491,3,https://raw.githubusercontent.com/LGRSV/vera-vegetacao/main/fotos/Enecol-Centro/VER20260806151455763114264F1.jpg,https://raw.githubusercontent.com/LGRSV/vera-vegetacao/main/fotos/Enecol-Centro/VER20260806151455763114264F2.jpg,https://raw.githubusercontent.com/LGRSV/vera-vegetacao/main/fotos/Enecol-Centro/VER20260806151455763114264F3.jpg,,V20260806151455763114264
2359,V1195,Rota SE Colinas,NORTE,AL,AL02020023,06/08/2026,15:16,Outros,898604,URBANO,3.5,35,Sim,300,300,0,-8.05192,-48.4804867,3,https://raw.githubusercontent.com/LGRSV/vera-vegetacao/main/fotos/Enecol-Centro/VER20260806151625743054807F1.jpg,https://raw.githubusercontent.com/LGRSV/vera-vegetacao/main/fotos/Enecol-Centro/VER20260806151625743054807F2.jpg,https://raw.githubusercontent.com/LGRSV/vera-vegetacao/main/fotos/Enecol-Centro/VER20260806151625743054807F3.jpg,,V20260806151625743054807
2360,V1196,Rota SE Colinas,NORTE,AL,AL02020023,06/08/2026,15:18,Oiti,898604,URBANO,8,60,Sim,50,100,0,-8.05197,-48.4804917,3,https://raw.githubusercontent.com/LGRSV/vera-vegetacao/main/fotos/Enecol-Centro/VER20260806151810611863379F1.jpg,https://raw.githubusercontent.com/LGRSV/vera-vegetacao/main/fotos/Enecol-Centro/VER20260806151810611863379F2.jpg,https://raw.githubusercontent.com/LGRSV/vera-vegetacao/main/fotos/Enecol-Centro/VER20260806151810611863379F3.jpg,,V20260806151810611863379
2361,V1197,Rota SE Colinas,NORTE,AL,AL02020023,06/08/2026,15:21,Oiti,898604,URBANO,6.5,60,Sim,250,300,0,-8.0520767,-48.4804933,3,https://raw.githubusercontent.com/LGRSV/vera-vegetacao/main/fotos/Enecol-Centro/VER20260806152120491826358F1.jpg,https://raw.githubusercontent.com/LGRSV/vera-vegetacao/main/fotos/Enecol-Centro/VER20260806152120491826358F2.jpg,https://raw.githubusercontent.com/LGRSV/vera-vegetacao/main/fotos/Enecol-Centro/VER20260806152120491826358F3.jpg,,V20260806152120491826358
2362,V1198,Rota SE Colinas,NORTE,AL,AL02020023,06/08/2026,15:22,Oiti,898604,URBANO,7,60,Sim,250,300,0,-8.0520423,-48.4805501,3,https://raw.githubusercontent.com/LGRSV/vera-vegetacao/main/fotos/Enecol-Centro/VER20260806152247756897758F1.jpg,https://raw.githubusercontent.com/LGRSV/vera-vegetacao/main/fotos/Enecol-Centro/VER20260806152247756897758F2.jpg,https://raw.githubusercontent.com/LGRSV/vera-vegetacao/main/fotos/Enecol-Centro/VER20260806152247756897758F3.jpg,,V20260806152247756897758
2363,V1199,Rota SE Colinas,NORTE,AL,AL06020023,06/08/2026,15:24,Oiti,898605,URBANO,5,70,Sim,300,300,0,-8.0521374,-48.4805754,3,https://raw.githubusercontent.com/LGRSV/vera-vegetacao/main/fotos/Enecol-Centro/VER20260806152432378842187F1.jpg,https://raw.githubusercontent.com/LGRSV/vera-vegetacao/main/fotos/Enecol-Centro/VER20260806152432378842187F2.jpg,https://raw.githubusercontent.com/LGRSV/vera-vegetacao/main/fotos/Enecol-Centro/VER20260806152432378842187F3.jpg,,V20260806152432378842187
2364,V1200,Rota SE Colinas,NORTE,AL,AL06020023,06/08/2026,15:25,Oiti,898605,URBANO,7,60,Sim,300,300,0,-8.0522234,-48.4806318,3,https://raw.githubusercontent.com/LGRSV/vera-vegetacao/main/fotos/Enecol-Centro/VER20260806152555494018731F1.jpg,https://raw.githubusercontent.com/LGRSV/vera-vegetacao/main/fotos/Enecol-Centro/VER20260806152555494018731F2.jpg,https://raw.githubusercontent.com/LGRSV/vera-vegetacao/main/fotos/Enecol-Centro/VER20260806152555494018731F3.jpg,,V20260806152555494018731
2365,V1201,Rota SE Colinas,NORTE,AL,AL06020023,06/08/2026,15:27,Outros,898605,URBANO,6,50,Sim,300,300,0,-8.0522712,-48.4805915,3,https://raw.githubusercontent.com/LGRSV/vera-vegetacao/main/fotos/Enecol-Centro/VER20260806152736535400027F1.jpg,https://raw.githubusercontent.com/LGRSV/vera-vegetacao/main/fotos/Enecol-Centro/VER20260806152736535400027F2.jpg,https://raw.githubusercontent.com/LGRSV/vera-vegetacao/main/fotos/Enecol-Centro/VER20260806152736535400027F3.jpg,,V20260806152736535400027
2366,V1202,Rota SE Colinas,NORTE,AL,AL06020023,06/08/2026,15:29,Oiti,898605,URBANO,6.5,60,Sim,300,300,0,-8.0522433,-48.4806683,3,https://raw.githubusercontent.com/LGRSV/vera-vegetacao/main/fotos/Enecol-Centro/VER20260806152915969010951F1.jpg,https://raw.githubusercontent.com/LGRSV/vera-vegetacao/main/fotos/Enecol-Centro/VER20260806152915969010951F2.jpg,https://raw.githubusercontent.com/LGRSV/vera-vegetacao/main/fotos/Enecol-Centro/VER20260806152915969010951F3.jpg,,V20260806152915969010951
2367,V1203,Rota SE Colinas,NORTE,AL,AL06020023,06/08/2026,15:30,Oiti,898605,URBANO,6,60,Sim,300,300,0,-8.0523067,-48.4807,3,https://raw.githubusercontent.com/LGRSV/vera-vegetacao/main/fotos/Enecol-Centro/VER20260806153036321516308F1.jpg,https://raw.githubusercontent.com/LGRSV/vera-vegetacao/main/fotos/Enecol-Centro/VER20260806153036321516308F2.jpg,https://raw.githubusercontent.com/LGRSV/vera-vegetacao/main/fotos/Enecol-Centro/VER20260806153036321516308F3.jpg,,V20260806153036321516308
2368,V1204,Rota SE Colinas,NORTE,AL,AL06020023,06/08/2026,15:32,Oiti,898605,URBANO,7.5,60,Sim,200,300,0,-8.0523233,-48.4807017,3,https://raw.githubusercontent.com/LGRSV/vera-vegetacao/main/fotos/Enecol-Centro/VER20260806153233061570050F1.jpg,https://raw.githubusercontent.com/LGRSV/vera-vegetacao/main/fotos/Enecol-Centro/VER20260806153233061570050F2.jpg,https://raw.githubusercontent.com/LGRSV/vera-vegetacao/main/fotos/Enecol-Centro/VER20260806153233061570050F3.jpg,,V20260806153233061570050
2369,V1205,Rota SE Colinas,NORTE,AL,AL02020023,06/08/2026,15:34,Oiti,98015,URBANO,7,80,Sim,250,300,0,-8.05247,-48.4808317,3,https://raw.githubusercontent.com/LGRSV/vera-vegetacao/main/fotos/Enecol-Centro/VER20260806153500798088630F1.jpg,https://raw.githubusercontent.com/LGRSV/vera-vegetacao/main/fotos/Enecol-Centro/VER20260806153500798088630F2.jpg,https://raw.githubusercontent.com/LGRSV/vera-vegetacao/main/fotos/Enecol-Centro/VER20260806153500798088630F3.jpg,,V20260806153500798088630
2370,V1206,Rota SE Colinas,NORTE,AL,AL02020023,06/08/2026,15:37,Outros,38096637,URBANO,4.5,70,Sim,300,300,0,-8.0528783,-48.4806467,3,https://raw.githubusercontent.com/LGRSV/vera-vegetacao/main/fotos/Enecol-Centro/VER20260806153756672120040F1.jpg,https://raw.githubusercontent.com/LGRSV/vera-vegetacao/main/fotos/Enecol-Centro/VER20260806153756672120040F2.jpg,https://raw.githubusercontent.com/LGRSV/vera-vegetacao/main/fotos/Enecol-Centro/VER20260806153756672120040F3.jpg,,V20260806153756672120040
2371,V1207,Rota SE Colinas,NORTE,AL,AL02020023,06/08/2026,15:39,Oiti,38096636,URBANO,6,80,Sim,250,300,0,-8.05269,-48.4809767,3,https://raw.githubusercontent.com/LGRSV/vera-vegetacao/main/fotos/Enecol-Centro/VER20260806153953396278600F1.jpg,https://raw.githubusercontent.com/LGRSV/vera-vegetacao/main/fotos/Enecol-Centro/VER20260806153953396278600F2.jpg,https://raw.githubusercontent.com/LGRSV/vera-vegetacao/main/fotos/Enecol-Centro/VER20260806153953396278600F3.jpg,,V20260806153953396278600
2372,V1208,Rota SE Colinas,NORTE,AL,AL02020023,06/08/2026,15:42,Oiti,38096636,URBANO,6,60,Sim,300,300,0,-8.0526683,-48.4809917,3,https://raw.githubusercontent.com/LGRSV/vera-vegetacao/main/fotos/Enecol-Centro/VER20260806154216720821168F1.jpg,https://raw.githubusercontent.com/LGRSV/vera-vegetacao/main/fotos/Enecol-Centro/VER20260806154216720821168F2.jpg,https://raw.githubusercontent.com/LGRSV/vera-vegetacao/main/fotos/Enecol-Centro/VER20260806154216720821168F3.jpg,,V20260806154216720821168
2373,V1209,Rota SE Colinas,NORTE,AL,AL02020023,06/08/2026,15:44,Oiti,38096636,URBANO,7,60,Sim,300,300,0,-8.0526017,-48.4810583,3,https://raw.githubusercontent.com/LGRSV/vera-vegetacao/main/fotos/Enecol-Centro/VER20260806154401030027657F1.jpg,https://raw.githubusercontent.com/LGRSV/vera-vegetacao/main/fotos/Enecol-Centro/VER20260806154401030027657F2.jpg,https://raw.githubusercontent.com/LGRSV/vera-vegetacao/main/fotos/Enecol-Centro/VER20260806154401030027657F3.jpg,,V20260806154401030027657
2374,V1210,Rota SE Colinas,NORTE,AL,AL02020023,06/08/2026,15:45,Oiti,38096636,URBANO,6,50,Sim,150,300,0,-8.052545,-48.4811833,3,https://raw.githubusercontent.com/LGRSV/vera-vegetacao/main/fotos/Enecol-Centro/VER20260806154554785262849F1.jpg,https://raw.githubusercontent.com/LGRSV/vera-vegetacao/main/fotos/Enecol-Centro/VER20260806154554785262849F2.jpg,https://raw.githubusercontent.com/LGRSV/vera-vegetacao/main/fotos/Enecol-Centro/VER20260806154554785262849F3.jpg,,V20260806154554785262849
2375,V1211,Rota SE Colinas,NORTE,AL,AL02020023,06/08/2026,15:49,Oiti,903506,URBANO,7,70,Sim,300,300,0,-8.052555,-48.4812953,3,https://raw.githubusercontent.com/LGRSV/vera-vegetacao/main/fotos/Enecol-Centro/VER20260806154919110165398F1.jpg,https://raw.githubusercontent.com/LGRSV/vera-vegetacao/main/fotos/Enecol-Centro/VER20260806154919110165398F2.jpg,https://raw.githubusercontent.com/LGRSV/vera-vegetacao/main/fotos/Enecol-Centro/VER20260806154919110165398F3.jpg,,V20260806154919110165398
2376,V1212,Rota SE Colinas,NORTE,AL,AL02020023,06/08/2026,15:50,Oiti,903506,URBANO,5.5,70,Sim,300,300,0,-8.0525067,-48.4812483,3,https://raw.githubusercontent.com/LGRSV/vera-vegetacao/main/fotos/Enecol-Centro/VER20260806155045365298962F1.jpg,https://raw.githubusercontent.com/LGRSV/vera-vegetacao/main/fotos/Enecol-Centro/VER20260806155045365298962F2.jpg,https://raw.githubusercontent.com/LGRSV/vera-vegetacao/main/fotos/Enecol-Centro/VER20260806155045365298962F3.jpg,,V20260806155045365298962
2377,V1213,Rota SE Colinas,NORTE,AL,AL02020023,06/08/2026,15:51,Oiti,903506,URBANO,7,80,Sim,300,300,0,-8.052455,-48.4813383,3,https://raw.githubusercontent.com/LGRSV/vera-vegetacao/main/fotos/Enecol-Centro/VER20260806155152013073109F1.jpg,https://raw.githubusercontent.com/LGRSV/vera-vegetacao/main/fotos/Enecol-Centro/VER20260806155152013073109F2.jpg,https://raw.githubusercontent.com/LGRSV/vera-vegetacao/main/fotos/Enecol-Centro/VER20260806155152013073109F3.jpg,,V20260806155152013073109
2378,V1214,Rota SE Colinas,NORTE,AL,AL02020023,06/08/2026,15:52,Oiti,903506,URBANO,6,65,Sim,300,300,0,-8.0524083,-48.48144,3,https://raw.githubusercontent.com/LGRSV/vera-vegetacao/main/fotos/Enecol-Centro/VER20260806155254194183035F1.jpg,https://raw.githubusercontent.com/LGRSV/vera-vegetacao/main/fotos/Enecol-Centro/VER20260806155254194183035F2.jpg,https://raw.githubusercontent.com/LGRSV/vera-vegetacao/main/fotos/Enecol-Centro/VER20260806155254194183035F3.jpg,,V20260806155254194183035
2379,V1215,Rota SE Colinas,NORTE,AL,AL02020023,06/08/2026,15:53,Oiti,903505,URBANO,5.5,80,Sim,300,300,0,-8.0524083,-48.4814417,3,https://raw.githubusercontent.com/LGRSV/vera-vegetacao/main/fotos/Enecol-Centro/VER20260806155352137393664F1.jpg,https://raw.githubusercontent.com/LGRSV/vera-vegetacao/main/fotos/Enecol-Centro/VER20260806155352137393664F2.jpg,https://raw.githubusercontent.com/LGRSV/vera-vegetacao/main/fotos/Enecol-Centro/VER20260806155352137393664F3.jpg,,V20260806155352137393664
2380,V1216,Rota SE Colinas,NORTE,AL,AL02020023,06/08/2026,15:54,Oiti,903505,URBANO,7,80,Sim,300,300,0,-8.05237,-48.481525,3,https://raw.githubusercontent.com/LGRSV/vera-vegetacao/main/fotos/Enecol-Centro/VER20260806155453558539248F1.jpg,https://raw.githubusercontent.com/LGRSV/vera-vegetacao/main/fotos/Enecol-Centro/VER20260806155453558539248F2.jpg,https://raw.githubusercontent.com/LGRSV/vera-vegetacao/main/fotos/Enecol-Centro/VER20260806155453558539248F3.jpg,,V20260806155453558539248
2381,V1217,Rota SE Colinas,NORTE,AL,AL02020023,06/08/2026,16:10,Oiti,105965,URBANO,9.5,70,Sim,150,100,0,-8.051485,-48.4829533,3,https://raw.githubusercontent.com/LGRSV/vera-vegetacao/main/fotos/Enecol-Centro/VER20260806161004240461098F1.jpg,https://raw.githubusercontent.com/LGRSV/vera-vegetacao/main/fotos/Enecol-Centro/VER20260806161004240461098F2.jpg,https://raw.githubusercontent.com/LGRSV/vera-vegetacao/main/fotos/Enecol-Centro/VER20260806161004240461098F3.jpg,,V20260806161004240461098
2382,V1218,Rota SE Colinas,NORTE,AL,AL02020023,06/08/2026,16:10,Outros,105965,URBANO,3.5,45,Sim,300,300,0,-8.051525,-48.48287,3,https://raw.githubusercontent.com/LGRSV/vera-vegetacao/main/fotos/Enecol-Centro/VER20260806161049643215702F1.jpg,https://raw.githubusercontent.com/LGRSV/vera-vegetacao/main/fotos/Enecol-Centro/VER20260806161049643215702F2.jpg,https://raw.githubusercontent.com/LGRSV/vera-vegetacao/main/fotos/Enecol-Centro/VER20260806161049643215702F3.jpg,,V20260806161049643215702
2383,V1219,Rota SE Colinas,NORTE,AL,AL02020023,06/08/2026,16:11,Mangueira,106432,URBANO,9.5,80,Sim,150,150,0,-8.0516017,-48.4828033,3,https://raw.githubusercontent.com/LGRSV/vera-vegetacao/main/fotos/Enecol-Centro/VER20260806161146301545461F1.jpg,https://raw.githubusercontent.com/LGRSV/vera-vegetacao/main/fotos/Enecol-Centro/VER20260806161146301545461F2.jpg,https://raw.githubusercontent.com/LGRSV/vera-vegetacao/main/fotos/Enecol-Centro/VER20260806161146301545461F3.jpg,,V20260806161146301545461
2384,V1220,Rota SE Colinas,NORTE,AL,AL02020023,06/08/2026,16:12,Outros,106432,URBANO,9,90,Sim,200,300,0,-8.0516867,-48.4826717,3,https://raw.githubusercontent.com/LGRSV/vera-vegetacao/main/fotos/Enecol-Centro/VER20260806161252527693363F1.jpg,https://raw.githubusercontent.com/LGRSV/vera-vegetacao/main/fotos/Enecol-Centro/VER20260806161252527693363F2.jpg,https://raw.githubusercontent.com/LGRSV/vera-vegetacao/main/fotos/Enecol-Centro/VER20260806161252527693363F3.jpg,,V20260806161252527693363
