Ponto,Projeto,Equipe,Data/hora,Espécie,Poste,Área,Altura (m),DAP (cm),Acesso,Dist. BT (cm),Dist. MT (cm),Dist. AT (cm),Latitude,Longitude,Qtd fotos,Foto (link),Sincronizado
V0001,Porto Nacional,Enecol Centro,"01/07/2026, 08:21:12",Mangueira,428311,URBANO,12,120,Sim,200,50,0,-10.7255155,-48.3938539,3,https://raw.githubusercontent.com/LGRSV/vera-vegetacao/main/fotos/Enecol-Centro/VER0001F1.jpg,Não
V0002,Porto Nacional,Enecol Centro,"01/07/2026, 08:27:57",Pequi,432467,URBANO,7,120,Sim,50,200,0,-10.7274788,-48.3866436,3,https://raw.githubusercontent.com/LGRSV/vera-vegetacao/main/fotos/Enecol-Centro/VER0002F1.jpg,Não
V0003,Porto Nacional,Enecol Centro,"01/07/2026, 08:33:06",Mangueira,1603202,URBANO,9,100,Sim,300,100,0,-10.725426,-48.3858752,3,https://raw.githubusercontent.com/LGRSV/vera-vegetacao/main/fotos/Enecol-Centro/VER0003F1.jpg,Não
V0004,Porto Nacional,Enecol Centro,"01/07/2026, 08:44:03",Mangueira,473665,URBANO,6.5,80,Sim,0,50,0,-10.7234754,-48.3875068,3,https://raw.githubusercontent.com/LGRSV/vera-vegetacao/main/fotos/Enecol-Centro/VER0004F1.jpg,Não
V0005,Porto Nacional,Enecol Centro,"01/07/2026, 08:46:36",Mangueira,1603092,URBANO,10.5,130,Sim,0,0,0,-10.7232953,-48.388379,3,https://raw.githubusercontent.com/LGRSV/vera-vegetacao/main/fotos/Enecol-Centro/VER0005F1.jpg,Não
V0006,Porto Nacional,Enecol Centro,"01/07/2026, 08:48:25",Outros,474716,URBANO,7,50,Sim,0,0,0,-10.7229354,-48.3888592,3,https://raw.githubusercontent.com/LGRSV/vera-vegetacao/main/fotos/Enecol-Centro/VER0006F1.jpg,Não
V0007,Porto Nacional,Enecol Centro,"01/07/2026, 08:56:58",Cajueiro,476166,URBANO,5,60,Sim,0,200,0,-10.7209085,-48.3826411,3,https://raw.githubusercontent.com/LGRSV/vera-vegetacao/main/fotos/Enecol-Centro/VER0007F1.jpg,Não
V0008,Porto Nacional,Enecol Centro,"01/07/2026, 09:05:13",Cajueiro,474814,URBANO,8,70,Sim,0,50,0,-10.7149579,-48.3900313,3,https://raw.githubusercontent.com/LGRSV/vera-vegetacao/main/fotos/Enecol-Centro/VER0008F1.jpg,Não
V0009,Porto Nacional,Enecol Centro,"01/07/2026, 09:27:18",Pequi,475097,URBANO,6,50,Sim,0,150,0,-10.7163046,-48.3915026,3,https://raw.githubusercontent.com/LGRSV/vera-vegetacao/main/fotos/Enecol-Centro/VER0009F1.jpg,Não
V0010,Porto Nacional,Enecol Centro,"01/07/2026, 09:56:58",Babaçu,1579694,URBANO,7,60,Sim,300,100,0,-10.7240082,-48.3937906,3,https://raw.githubusercontent.com/LGRSV/vera-vegetacao/main/fotos/Enecol-Centro/VER0010F1.jpg,Não
V0011,Porto Nacional,Enecol Centro,"01/07/2026, 10:02:13",Cajueiro,430431,URBANO,11,115,Sim,50,50,0,-10.7243182,-48.3976492,3,https://raw.githubusercontent.com/LGRSV/vera-vegetacao/main/fotos/Enecol-Centro/VER0011F1.jpg,Não
V0012,Porto Nacional,Enecol Centro,"01/07/2026, 10:04:30",Cajueiro,47998469,URBANO,11.5,90,Sim,100,0,0,-10.7240386,-48.3961164,3,https://raw.githubusercontent.com/LGRSV/vera-vegetacao/main/fotos/Enecol-Centro/VER0012F1.jpg,Não
V0013,Porto Nacional,Enecol Centro,"01/07/2026, 10:07:08",Mangueira,432487,URBANO,10,100,Sim,300,50,0,-10.7234298,-48.3940253,3,https://raw.githubusercontent.com/LGRSV/vera-vegetacao/main/fotos/Enecol-Centro/VER0013F1.jpg,Não
V0014,Porto Nacional,Enecol Centro,"01/07/2026, 10:08:14",Cajueiro,430170,URBANO,10,80,Sim,300,50,0,-10.7234194,-48.3940435,3,https://raw.githubusercontent.com/LGRSV/vera-vegetacao/main/fotos/Enecol-Centro/VER0014F1.jpg,Não
V0015,Porto Nacional,Enecol Centro,"01/07/2026, 10:13:14",Outros,430023,URBANO,,20,Sim,50,250,0,-10.72829,-48.3982183,3,https://raw.githubusercontent.com/LGRSV/vera-vegetacao/main/fotos/Enecol-Centro/VER0015F1.jpg,Não
V0016,Porto Nacional,Enecol Centro,"01/07/2026, 10:17:13",Mangueira,430025,URBANO,7,60,Sim,0,50,0,-10.7286854,-48.3982702,3,https://raw.githubusercontent.com/LGRSV/vera-vegetacao/main/fotos/Enecol-Centro/VER0016F1.jpg,Não
V0017,Porto Nacional,Enecol Centro,"01/07/2026, 10:26:59",Outros,141662,URBANO,7,110,Sim,100,100,0,-10.7304246,-48.4008038,3,https://raw.githubusercontent.com/LGRSV/vera-vegetacao/main/fotos/Enecol-Centro/VER0017F1.jpg,Não
V0018,Porto Nacional,Enecol Centro,"01/07/2026, 10:46:16",Outros,1870991,URBANO,6,50,Sim,0,200,0,-10.723987,-48.3997098,3,https://raw.githubusercontent.com/LGRSV/vera-vegetacao/main/fotos/Enecol-Centro/VER0018F1.jpg,Não
V0019,Porto Nacional,Enecol Centro,"01/07/2026, 10:55:40",Mangueira,474671,URBANO,4.5,100,Sim,300,150,0,-10.7232623,-48.4110262,3,https://raw.githubusercontent.com/LGRSV/vera-vegetacao/main/fotos/Enecol-Centro/VER0019F1.jpg,Não
V0020,Porto Nacional,Enecol Centro,"01/07/2026, 11:01:47",Mangueira,1603912,URBANO,10,120,Sim,300,50,0,-10.7234411,-48.411756,3,https://raw.githubusercontent.com/LGRSV/vera-vegetacao/main/fotos/Enecol-Centro/VER0020F1.jpg,Não
V0021,Porto Nacional,Enecol Centro,"01/07/2026, 11:07:21",Babaçu,431276,URBANO,5,50,Sim,0,100,0,-10.7253598,-48.4114064,3,https://raw.githubusercontent.com/LGRSV/vera-vegetacao/main/fotos/Enecol-Centro/VER0021F1.jpg,Não
V0022,Porto Nacional,Enecol Centro,"01/07/2026, 11:12:51",Outros,430530,URBANO,5,45,Sim,0,250,0,-10.7295438,-48.4097472,3,https://raw.githubusercontent.com/LGRSV/vera-vegetacao/main/fotos/Enecol-Centro/VER0022F1.jpg,Não
V0023,Porto Nacional,Enecol Centro,"01/07/2026, 14:27:23",Mangueira,47745192,URBANO,10,80,Sim,200,100,0,-10.7222488,-48.4126897,3,https://raw.githubusercontent.com/LGRSV/vera-vegetacao/main/fotos/Enecol-Centro/VER0023F1.jpg,Não
V0024,Porto Nacional,Enecol Centro,"01/07/2026, 14:31:51",Outros,472920,URBANO,6.5,40,Sim,0,0,0,-10.7191434,-48.4131418,3,https://raw.githubusercontent.com/LGRSV/vera-vegetacao/main/fotos/Enecol-Centro/VER0024F1.jpg,Não
V0025,Porto Nacional,Enecol Centro,"01/07/2026, 14:38:28",Outros,475725,URBANO,12,50,Sim,50,50,0,-10.7146289,-48.4134537,3,https://raw.githubusercontent.com/LGRSV/vera-vegetacao/main/fotos/Enecol-Centro/VER0025F1.jpg,Não
V0026,Porto Nacional,Enecol Centro,"01/07/2026, 14:51:31",Outros,450542,URBANO,10,70,Sim,100,100,0,-10.7151195,-48.4086393,3,https://raw.githubusercontent.com/LGRSV/vera-vegetacao/main/fotos/Enecol-Centro/VER0026F1.jpg,Não
V0027,Porto Nacional,Enecol Centro,"01/07/2026, 14:55:21",Mogno,39363136,URBANO,10,70,Sim,300,50,0,-10.7167558,-48.4063536,3,https://raw.githubusercontent.com/LGRSV/vera-vegetacao/main/fotos/Enecol-Centro/VER0027F1.jpg,Não
V0028,Porto Nacional,Enecol Centro,"01/07/2026, 15:20:03",Outros,91904,URBANO,12,120,Sim,50,50,0,-10.7085072,-48.412593,3,https://raw.githubusercontent.com/LGRSV/vera-vegetacao/main/fotos/Enecol-Centro/VER0028F1.jpg,Não
V0029,Porto Nacional,Enecol Centro,"01/07/2026, 15:37:27",Outros,138142,URBANO,9,70,Sim,0,0,0,-10.7050235,-48.4139426,3,https://raw.githubusercontent.com/LGRSV/vera-vegetacao/main/fotos/Enecol-Centro/VER0029F1.jpg,Não
V0030,Porto Nacional,Enecol Centro,"01/07/2026, 15:53:52",Outros,432474,URBANO,7,50,Sim,50,100,0,-10.7022501,-48.4065504,3,https://raw.githubusercontent.com/LGRSV/vera-vegetacao/main/fotos/Enecol-Centro/VER0030F1.jpg,Não
V0031,Porto Nacional,Enecol Centro,"01/07/2026, 15:55:59",Mangueira,432473,URBANO,7,70,Sim,0,200,0,-10.7019718,-48.4061685,3,https://raw.githubusercontent.com/LGRSV/vera-vegetacao/main/fotos/Enecol-Centro/VER0031F1.jpg,Não
V0032,Porto Nacional,Enecol Centro,"01/07/2026, 16:12:55",Outros,91677,URBANO,7,50,Sim,200,50,0,-10.7073059,-48.4080281,3,https://raw.githubusercontent.com/LGRSV/vera-vegetacao/main/fotos/Enecol-Centro/VER0032F1.jpg,Não
V0033,Porto Nacional,Enecol Centro,"01/07/2026, 16:25:58",Outros,39105514,URBANO,6,70,Sim,50,50,0,-10.7093853,-48.410995,3,https://raw.githubusercontent.com/LGRSV/vera-vegetacao/main/fotos/Enecol-Centro/VER0033F1.jpg,Não
V0034,Porto Nacional,Enecol Centro,"01/07/2026, 16:27:49",Pequi,91906,URBANO,8,90,Sim,50,100,0,-10.7096031,-48.4108105,3,https://raw.githubusercontent.com/LGRSV/vera-vegetacao/main/fotos/Enecol-Centro/VER0034F1.jpg,Não
V0035,Porto Nacional,Enecol Centro,"01/07/2026, 16:33:52",Cajueiro,207199,URBANO,7,130,Sim,0,150,0,-10.7114397,-48.4078869,3,https://raw.githubusercontent.com/LGRSV/vera-vegetacao/main/fotos/Enecol-Centro/VER0035F1.jpg,Não
V0036,Porto Nacional,Enecol Centro,"01/07/2026, 16:36:37",Mangueira,448993,URBANO,13,130,Sim,100,50,0,-10.7112715,-48.4081794,3,https://raw.githubusercontent.com/LGRSV/vera-vegetacao/main/fotos/Enecol-Centro/VER0036F1.jpg,Não
V0037,Porto Nacional,Enecol Centro,"01/07/2026, 16:47:44",Outros,445956,URBANO,6,40,Sim,300,100,0,-10.7146335,-48.4095684,3,https://raw.githubusercontent.com/LGRSV/vera-vegetacao/main/fotos/Enecol-Centro/VER0037F1.jpg,Não
V0038,Porto Nacional,Enecol Centro,"01/07/2026, 16:49:09",Mogno,451988,URBANO,6,100,Sim,300,50,0,-10.714823,-48.4098558,3,https://raw.githubusercontent.com/LGRSV/vera-vegetacao/main/fotos/Enecol-Centro/VER0038F1.jpg,Não
V0039,Porto Nacional,Enecol Centro,"01/07/2026, 16:54:29",Outros,450762,URBANO,9,70,Sim,150,0,0,-10.7109774,-48.4070785,3,https://raw.githubusercontent.com/LGRSV/vera-vegetacao/main/fotos/Enecol-Centro/VER0039F1.jpg,Não
V0040,Porto Nacional,Enecol Centro,"01/07/2026, 16:56:09",Outros,450763,URBANO,11,50,Sim,50,0,0,-10.710717,-48.4068434,3,https://raw.githubusercontent.com/LGRSV/vera-vegetacao/main/fotos/Enecol-Centro/VER0040F1.jpg,Não
V0041,Porto Nacional,Enecol Centro,"01/07/2026, 17:05:30",Outros,1149928,URBANO,12,80,Sim,0,50,0,-10.7081732,-48.4043456,3,https://raw.githubusercontent.com/LGRSV/vera-vegetacao/main/fotos/Enecol-Centro/VER0041F1.jpg,Não
V0042,Porto Nacional,Enecol Centro,"01/07/2026, 17:14:34",Mangueira,1604307,URBANO,12,70,Sim,300,0,0,-10.7058839,-48.4034988,3,https://raw.githubusercontent.com/LGRSV/vera-vegetacao/main/fotos/Enecol-Centro/VER0042F1.jpg,Não
V0043,Porto Nacional,Enecol Centro,"01/07/2026, 17:22:45",Outros,475453,URBANO,20,190,Sim,300,100,0,-10.7099716,-48.401266,3,https://raw.githubusercontent.com/LGRSV/vera-vegetacao/main/fotos/Enecol-Centro/VER0043F1.jpg,Não
V0044,Porto Nacional,Enecol Centro,"01/07/2026, 17:31:16",Mangueira,451202,URBANO,12,100,Sim,0,0,0,-10.7113328,-48.4049169,3,https://raw.githubusercontent.com/LGRSV/vera-vegetacao/main/fotos/Enecol-Centro/VER0044F1.jpg,Não
V0045,Porto Nacional,Enecol Centro,"01/07/2026, 17:43:52",Babaçu,473244,URBANO,12.5,50,Sim,200,100,0,-10.7064781,-48.4013856,3,https://raw.githubusercontent.com/LGRSV/vera-vegetacao/main/fotos/Enecol-Centro/VER0045F1.jpg,Não
V0046,Porto Nacional,Enecol Centro,"01/07/2026, 17:47:29",Outros,91886,URBANO,6,40,Sim,50,250,0,-10.7055147,-48.4013716,3,https://raw.githubusercontent.com/LGRSV/vera-vegetacao/main/fotos/Enecol-Centro/VER0046F1.jpg,Não
V0047,Porto Nacional,Enecol Centro,"01/07/2026, 17:51:08",Outros,472973,URBANO,11,60,Sim,0,0,0,-10.7051986,-48.400486,3,https://raw.githubusercontent.com/LGRSV/vera-vegetacao/main/fotos/Enecol-Centro/VER0047F1.jpg,Não
V0048,Porto Nacional,Enecol Centro,"01/07/2026, 17:56:25",Outros,475674,URBANO,11,60,Sim,100,50,0,-10.7050518,-48.3996688,3,https://raw.githubusercontent.com/LGRSV/vera-vegetacao/main/fotos/Enecol-Centro/VER0048F1.jpg,Não
V20260702080057105985892,Porto Nacional,Enecol Centro,"02/07/2026, 08:00:56",Mangueira,140790,URBANO,11,100,Sim,100,50,0,-10.6891243,-48.3804724,3,https://raw.githubusercontent.com/LGRSV/vera-vegetacao/main/fotos/Enecol-Centro/VER20260702080057105985892F1.jpg,Não
V20260702080834181737127,Porto Nacional,Enecol Centro,"02/07/2026, 08:08:33",Babaçu,473153,URBANO,12,120,Sim,100,100,0,-10.6926414,-48.3818367,3,https://raw.githubusercontent.com/LGRSV/vera-vegetacao/main/fotos/Enecol-Centro/VER20260702080834181737127F1.jpg,Não
V20260702081437952576112,Porto Nacional,Enecol Centro,"02/07/2026, 08:14:37",Outros,449311,URBANO,11,80,Sim,300,50,0,-10.6942844,-48.3867504,3,https://raw.githubusercontent.com/LGRSV/vera-vegetacao/main/fotos/Enecol-Centro/VER20260702081437952576112F1.jpg,Não
V20260702081920153451669,Porto Nacional,Enecol Centro,"02/07/2026, 08:19:19",Outros,475867,URBANO,8,100,Sim,0,50,0,-10.6903997,-48.389632,3,https://raw.githubusercontent.com/LGRSV/vera-vegetacao/main/fotos/Enecol-Centro/VER20260702081920153451669F1.jpg,Não
V20260702093738902428650,Porto Nacional,Enecol Centro,"02/07/2026, 09:37:38",Outros,1068230,URBANO,3,30,Sim,300,300,0,-10.6806973,-48.3926039,3,https://raw.githubusercontent.com/LGRSV/vera-vegetacao/main/fotos/Enecol-Centro/VER20260702093738902428650F1.jpg,Não
V20260702094555263431488,Porto Nacional,Enecol Centro,"02/07/2026, 09:45:54",Mangueira,449264,URBANO,12,120,Sim,300,50,0,-10.6827902,-48.3928017,3,https://raw.githubusercontent.com/LGRSV/vera-vegetacao/main/fotos/Enecol-Centro/VER20260702094555263431488F1.jpg,Não
V20260702095434148096677,Porto Nacional,Enecol Centro,"02/07/2026, 09:54:33",Mangueira,1087603,URBANO,6,45,Sim,100,300,0,-10.6814032,-48.3944199,3,https://raw.githubusercontent.com/LGRSV/vera-vegetacao/main/fotos/Enecol-Centro/VER20260702095434148096677F1.jpg,Não
V20260702095605770448071,Porto Nacional,Enecol Centro,"02/07/2026, 09:56:04",Mangueira,1367732,URBANO,5,40,Sim,150,300,0,-10.6808806,-48.3943861,3,https://raw.githubusercontent.com/LGRSV/vera-vegetacao/main/fotos/Enecol-Centro/VER20260702095605770448071F1.jpg,Não
V20260702095901566810209,Porto Nacional,Enecol Centro,"02/07/2026, 09:59:00",Pequi,452002,URBANO,6,90,Sim,0,200,0,-10.6808334,-48.3940369,3,https://raw.githubusercontent.com/LGRSV/vera-vegetacao/main/fotos/Enecol-Centro/VER20260702095901566810209F1.jpg,Não
V20260702100149676611975,Porto Nacional,Enecol Centro,"02/07/2026, 10:01:48",Mangueira,474276,URBANO,7,90,Sim,0,150,0,-10.6791876,-48.3945404,3,https://raw.githubusercontent.com/LGRSV/vera-vegetacao/main/fotos/Enecol-Centro/VER20260702100149676611975F1.jpg,Não
V20260702100302379734870,Porto Nacional,Enecol Centro,"02/07/2026, 10:03:01",Pequi,474276,URBANO,6,70,Sim,50,250,0,-10.679187,-48.3947464,3,https://raw.githubusercontent.com/LGRSV/vera-vegetacao/main/fotos/Enecol-Centro/VER20260702100302379734870F1.jpg,Não
V20260702100420230494936,Porto Nacional,Enecol Centro,"02/07/2026, 10:04:19",Mangueira,474275,URBANO,11,120,Sim,0,50,0,-10.679369,-48.3949807,3,https://raw.githubusercontent.com/LGRSV/vera-vegetacao/main/fotos/Enecol-Centro/VER20260702100420230494936F1.jpg,Não
V20260702102046452062847,Porto Nacional,Enecol Centro,"02/07/2026, 10:20:45",Oiti,474272,URBANO,5,50,Sim,150,300,0,-10.6797456,-48.3962232,3,https://raw.githubusercontent.com/LGRSV/vera-vegetacao/main/fotos/Enecol-Centro/VER20260702102046452062847F1.jpg,Não
V20260702102204057637590,Porto Nacional,Enecol Centro,"02/07/2026, 10:22:03",Oiti,474272,URBANO,3.5,40,Sim,300,300,0,-10.6799147,-48.3962471,3,https://raw.githubusercontent.com/LGRSV/vera-vegetacao/main/fotos/Enecol-Centro/VER20260702102204057637590F1.jpg,Não
V20260702102528893459555,Porto Nacional,Enecol Centro,"02/07/2026, 10:25:28",Cajueiro,475264,URBANO,10,80,Sim,100,250,0,-10.6803398,-48.3979318,3,https://raw.githubusercontent.com/LGRSV/vera-vegetacao/main/fotos/Enecol-Centro/VER20260702102528893459555F1.jpg,Não
V20260702105510133889942,Porto Nacional,Enecol Centro,"02/07/2026, 10:55:09",Outros,1604449,URBANO,3,30,Sim,300,300,0,-10.6807605,-48.3993199,3,https://raw.githubusercontent.com/LGRSV/vera-vegetacao/main/fotos/Enecol-Centro/VER20260702105510133889942F1.jpg,Não
V20260702105841508381845,Porto Nacional,Enecol Centro,"02/07/2026, 10:58:40",Babaçu,475259,URBANO,7,60,Sim,50,100,0,-10.6804255,-48.3998551,3,https://raw.githubusercontent.com/LGRSV/vera-vegetacao/main/fotos/Enecol-Centro/VER20260702105841508381845F1.jpg,Não
V20260702105942399188744,Porto Nacional,Enecol Centro,"02/07/2026, 10:59:41",Outros,1604456,URBANO,7,50,Sim,50,100,0,-10.6805995,-48.3998673,3,https://raw.githubusercontent.com/LGRSV/vera-vegetacao/main/fotos/Enecol-Centro/VER20260702105942399188744F1.jpg,Não
V20260702110507995061079,Porto Nacional,Enecol Centro,"02/07/2026, 11:05:07",Outros,473736,URBANO,10,60,Sim,200,250,0,-10.6793567,-48.4017583,3,https://raw.githubusercontent.com/LGRSV/vera-vegetacao/main/fotos/Enecol-Centro/VER20260702110507995061079F1.jpg,Não
V20260702110844125351722,Porto Nacional,Enecol Centro,"02/07/2026, 11:08:43",Oiti,475267,URBANO,5,80,Sim,50,300,0,-10.6785951,-48.4015677,3,https://raw.githubusercontent.com/LGRSV/vera-vegetacao/main/fotos/Enecol-Centro/VER20260702110844125351722F1.jpg,Não
V20260702111047052370574,Porto Nacional,Enecol Centro,"02/07/2026, 11:10:46",Oiti,91633,URBANO,5,40,Sim,0,300,0,-10.6783927,-48.4008655,3,https://raw.githubusercontent.com/LGRSV/vera-vegetacao/main/fotos/Enecol-Centro/VER20260702111047052370574F1.jpg,Não
V20260702111519332791200,Porto Nacional,Enecol Centro,"02/07/2026, 11:15:18",Pequi,473739,URBANO,6,75,Sim,0,200,0,-10.6800587,-48.4018996,3,https://raw.githubusercontent.com/LGRSV/vera-vegetacao/main/fotos/Enecol-Centro/VER20260702111519332791200F1.jpg,Não
V20260702111703912126362,Porto Nacional,Enecol Centro,"02/07/2026, 11:17:03",Outros,473740,URBANO,7,70,Sim,0,50,0,-10.6800811,-48.4021776,3,https://raw.githubusercontent.com/LGRSV/vera-vegetacao/main/fotos/Enecol-Centro/VER20260702111703912126362F1.jpg,Não
V20260702112249934848177,Porto Nacional,Enecol Centro,"02/07/2026, 11:22:48",Outros,832934,URBANO,10,100,Sim,0,150,0,-10.6802855,-48.4028128,3,https://raw.githubusercontent.com/LGRSV/vera-vegetacao/main/fotos/Enecol-Centro/VER20260702112249934848177F1.jpg,Não
V20260702142420414969636,Porto Nacional,Enecol Centro,"02/07/2026, 14:24:19",Oiti,471927,URBANO,5,60,Sim,100,300,0,-10.680846,-48.4008001,3,https://raw.githubusercontent.com/LGRSV/vera-vegetacao/main/fotos/Enecol-Centro/VER20260702142420414969636F1.jpg,Não
V20260702142529669883885,Porto Nacional,Enecol Centro,"02/07/2026, 14:25:28",Mangueira,471927,URBANO,10,120,Sim,0,150,0,-10.6809718,-48.4006953,3,https://raw.githubusercontent.com/LGRSV/vera-vegetacao/main/fotos/Enecol-Centro/VER20260702142529669883885F1.jpg,Não
V20260702142810597720197,Porto Nacional,Enecol Centro,"02/07/2026, 14:28:09",Oiti,48496636,URBANO,6.5,60,Sim,50,300,0,-10.6818824,-48.4013475,3,https://raw.githubusercontent.com/LGRSV/vera-vegetacao/main/fotos/Enecol-Centro/VER20260702142810597720197F1.jpg,Não
V20260702143128403831031,Porto Nacional,Enecol Centro,"02/07/2026, 14:31:27",Mangueira,58561597,URBANO,6,130,Sim,150,300,0,-10.682506,-48.4007384,3,https://raw.githubusercontent.com/LGRSV/vera-vegetacao/main/fotos/Enecol-Centro/VER20260702143128403831031F1.jpg,Não
V20260702143244562112779,Porto Nacional,Enecol Centro,"02/07/2026, 14:32:43",Outros,58561597,URBANO,10,130,Sim,0,300,0,-10.6825351,-48.4005572,3,https://raw.githubusercontent.com/LGRSV/vera-vegetacao/main/fotos/Enecol-Centro/VER20260702143244562112779F1.jpg,Não
V20260702143534856659635,Porto Nacional,Enecol Centro,"02/07/2026, 14:35:33",Cajueiro,451709,URBANO,5,60,Sim,50,300,0,-10.6842783,-48.400513,3,https://raw.githubusercontent.com/LGRSV/vera-vegetacao/main/fotos/Enecol-Centro/VER20260702143534856659635F1.jpg,Não
V20260702144227613581714,Porto Nacional,Enecol Centro,"02/07/2026, 14:42:26",Oiti,446495,URBANO,3.5,50,Sim,300,300,0,-10.6850139,-48.4006495,3,https://raw.githubusercontent.com/LGRSV/vera-vegetacao/main/fotos/Enecol-Centro/VER20260702144227613581714F1.jpg,Não
V20260702144628657922604,Porto Nacional,Enecol Centro,"02/07/2026, 14:46:27",Oiti,446496,URBANO,6.5,60,Sim,0,300,0,-10.6851609,-48.4009102,3,https://raw.githubusercontent.com/LGRSV/vera-vegetacao/main/fotos/Enecol-Centro/VER20260702144628657922604F1.jpg,Não
V20260702144755120422032,Porto Nacional,Enecol Centro,"02/07/2026, 14:47:54",Oiti,451699,URBANO,6,100,Sim,50,300,0,-10.685114,-48.4010433,3,https://raw.githubusercontent.com/LGRSV/vera-vegetacao/main/fotos/Enecol-Centro/VER20260702144755120422032F1.jpg,Não
V20260702145349444764363,Porto Nacional,Enecol Centro,"02/07/2026, 14:53:47",Oiti,450756,URBANO,5,90,Sim,200,300,0,-10.6870263,-48.4020107,3,https://raw.githubusercontent.com/LGRSV/vera-vegetacao/main/fotos/Enecol-Centro/VER20260702145349444764363F1.jpg,Não
V20260702145602948700610,Porto Nacional,Enecol Centro,"02/07/2026, 14:56:01",Outros,91928,URBANO,4,50,Sim,300,300,0,-10.6868536,-48.4017925,3,https://raw.githubusercontent.com/LGRSV/vera-vegetacao/main/fotos/Enecol-Centro/VER20260702145602948700610F1.jpg,Não
V20260702150123600948666,Porto Nacional,Enecol Centro,"02/07/2026, 15:01:22",Oiti,1187371,URBANO,4,50,Sim,300,300,0,-10.6874241,-48.4036798,3,https://raw.githubusercontent.com/LGRSV/vera-vegetacao/main/fotos/Enecol-Centro/VER20260702150123600948666F1.jpg,Não
V20260702150242266938193,Porto Nacional,Enecol Centro,"02/07/2026, 15:02:41",Mangueira,446206,URBANO,7,120,Sim,0,300,0,-10.6877121,-48.4038485,3,https://raw.githubusercontent.com/LGRSV/vera-vegetacao/main/fotos/Enecol-Centro/VER20260702150242266938193F1.jpg,Não
V20260702150359964673049,Porto Nacional,Enecol Centro,"02/07/2026, 15:03:58",Mangueira,1187371,URBANO,8,120,Sim,0,300,0,-10.6877527,-48.4038964,3,https://raw.githubusercontent.com/LGRSV/vera-vegetacao/main/fotos/Enecol-Centro/VER20260702150359964673049F1.jpg,Não
V20260702150601554287518,Porto Nacional,Enecol Centro,"02/07/2026, 15:06:00",Babaçu,446205,URBANO,7,80,Sim,0,300,0,-10.6879332,-48.4040352,3,https://raw.githubusercontent.com/LGRSV/vera-vegetacao/main/fotos/Enecol-Centro/VER20260702150601554287518F1.jpg,Não
V20260702150721746629710,Porto Nacional,Enecol Centro,"02/07/2026, 15:07:20",Babaçu,446205,URBANO,7,,Sim,0,200,0,-10.6878966,-48.4040403,3,https://raw.githubusercontent.com/LGRSV/vera-vegetacao/main/fotos/Enecol-Centro/VER20260702150721746629710F1.jpg,Não
V20260702150828354550855,Porto Nacional,Enecol Centro,"02/07/2026, 15:08:27",Mangueira,446204,URBANO,12,150,Sim,0,0,0,-10.6879992,-48.4040698,3,https://raw.githubusercontent.com/LGRSV/vera-vegetacao/main/fotos/Enecol-Centro/VER20260702150828354550855F1.jpg,Não
V20260702150946887456948,Porto Nacional,Enecol Centro,"02/07/2026, 15:09:45",Oiti,446204,URBANO,6,100,Sim,50,300,0,-10.6881909,-48.4040254,3,https://raw.githubusercontent.com/LGRSV/vera-vegetacao/main/fotos/Enecol-Centro/VER20260702150946887456948F1.jpg,Não
V20260702151613716987665,Porto Nacional,Enecol Centro,"02/07/2026, 15:16:12",Cajueiro,45898600,URBANO,7,70,Sim,50,300,0,-10.6893875,-48.4024024,3,https://raw.githubusercontent.com/LGRSV/vera-vegetacao/main/fotos/Enecol-Centro/VER20260702151613716987665F1.jpg,Não
V20260702151803771118740,Porto Nacional,Enecol Centro,"02/07/2026, 15:18:02",Pequi,45898620,URBANO,10,110,Sim,0,50,0,-10.6892705,-48.4019871,3,https://raw.githubusercontent.com/LGRSV/vera-vegetacao/main/fotos/Enecol-Centro/VER20260702151803771118740F1.jpg,Não
V20260702151945773542921,Porto Nacional,Enecol Centro,"02/07/2026, 15:19:44",Pequi,45898630,URBANO,11,130,Sim,50,50,0,-10.689219,-48.4017181,3,https://raw.githubusercontent.com/LGRSV/vera-vegetacao/main/fotos/Enecol-Centro/VER20260702151945773542921F1.jpg,Não
V20260702152458471607258,Porto Nacional,Enecol Centro,"02/07/2026, 15:24:57",Mangueira,361350,URBANO,14,150,Sim,150,100,0,-10.6905788,-48.4039227,3,https://raw.githubusercontent.com/LGRSV/vera-vegetacao/main/fotos/Enecol-Centro/VER20260702152458471607258F1.jpg,Não
V20260702152636379365364,Porto Nacional,Enecol Centro,"02/07/2026, 15:26:35",Jatobá,1603302,URBANO,20,200,Sim,200,150,0,-10.6906708,-48.4039799,3,https://raw.githubusercontent.com/LGRSV/vera-vegetacao/main/fotos/Enecol-Centro/VER20260702152636379365364F1.jpg,Não
V20260702152904437700107,Porto Nacional,Enecol Centro,"02/07/2026, 15:29:03",Outros,48337785,URBANO,8,100,Sim,50,150,0,-10.6908518,-48.4039879,3,https://raw.githubusercontent.com/LGRSV/vera-vegetacao/main/fotos/Enecol-Centro/VER20260702152904437700107F1.jpg,Não
V20260702153029537135651,Porto Nacional,Enecol Centro,"02/07/2026, 15:30:28",Outros,361350,URBANO,10,100,Sim,0,150,0,-10.6905752,-48.4038795,3,https://raw.githubusercontent.com/LGRSV/vera-vegetacao/main/fotos/Enecol-Centro/VER20260702153029537135651F1.jpg,Não
V20260702153914273513045,Porto Nacional,Enecol Centro,"02/07/2026, 15:39:12",Outros,1066772,URBANO,7,80,Sim,50,50,0,-10.6924117,-48.4037679,3,https://raw.githubusercontent.com/LGRSV/vera-vegetacao/main/fotos/Enecol-Centro/VER20260702153914273513045F1.jpg,Não
V20260702160949764637521,Porto Nacional,Enecol Centro,"02/07/2026, 16:09:48",Outros,526714,URBANO,10,130,Sim,300,300,0,-10.6915066,-48.4064878,3,https://raw.githubusercontent.com/LGRSV/vera-vegetacao/main/fotos/Enecol-Centro/VER20260702160949764637521F1.jpg,Não
V20260702161117112659514,Porto Nacional,Enecol Centro,"02/07/2026, 16:11:16",Outros,526714,URBANO,10,120,Sim,300,300,0,-10.6914432,-48.4065402,3,https://raw.githubusercontent.com/LGRSV/vera-vegetacao/main/fotos/Enecol-Centro/VER20260702161117112659514F1.jpg,Não
V20260702161443979485783,Porto Nacional,Enecol Centro,"02/07/2026, 16:14:42",Mangueira,526718,URBANO,14,150,Sim,300,300,0,-10.6905602,-48.4070067,3,https://raw.githubusercontent.com/LGRSV/vera-vegetacao/main/fotos/Enecol-Centro/VER20260702161443979485783F1.jpg,Não
V20260702162807262146362,Porto Nacional,Enecol Centro,"02/07/2026, 16:28:05",Outros,446554,URBANO,7,50,Sim,50,200,0,-10.6982108,-48.4114448,3,https://raw.githubusercontent.com/LGRSV/vera-vegetacao/main/fotos/Enecol-Centro/VER20260702162807262146362F1.jpg,Não
V20260702163222307247190,Porto Nacional,Enecol Centro,"02/07/2026, 16:32:21",Mangueira,474160,URBANO,14,130,Sim,250,50,0,-10.696387,-48.4104363,3,https://raw.githubusercontent.com/LGRSV/vera-vegetacao/main/fotos/Enecol-Centro/VER20260702163222307247190F1.jpg,Não
V20260702165116651925568,Porto Nacional,Enecol Centro,"02/07/2026, 16:51:15",Outros,473884,URBANO,13,110,Sim,0,50,0,-10.6951056,-48.4100982,3,https://raw.githubusercontent.com/LGRSV/vera-vegetacao/main/fotos/Enecol-Centro/VER20260702165116651925568F1.jpg,Não
V20260702165415927621887,Porto Nacional,Enecol Centro,"02/07/2026, 16:54:14",Oiti,473929,URBANO,8,70,Sim,50,200,0,-10.6943098,-48.4099213,3,https://raw.githubusercontent.com/LGRSV/vera-vegetacao/main/fotos/Enecol-Centro/VER20260702165415927621887F1.jpg,Não
V20260702165535238578559,Porto Nacional,Enecol Centro,"02/07/2026, 16:55:34",Oiti,473929,URBANO,6,60,Sim,50,200,0,-10.6943801,-48.4098398,3,https://raw.githubusercontent.com/LGRSV/vera-vegetacao/main/fotos/Enecol-Centro/VER20260702165535238578559F1.jpg,Não
V20260702165837564315488,Porto Nacional,Enecol Centro,"02/07/2026, 16:58:36",Oiti,473661,URBANO,7,70,Sim,50,300,0,-10.6940786,-48.4098058,3,https://raw.githubusercontent.com/LGRSV/vera-vegetacao/main/fotos/Enecol-Centro/VER20260702165837564315488F1.jpg,Não
V20260702165951068811541,Porto Nacional,Enecol Centro,"02/07/2026, 16:59:49",Oiti,473661,URBANO,7,50,Sim,50,300,0,-10.6940033,-48.4097305,3,https://raw.githubusercontent.com/LGRSV/vera-vegetacao/main/fotos/Enecol-Centro/VER20260702165951068811541F1.jpg,Não
V20260702170516219003094,Porto Nacional,Enecol Centro,"02/07/2026, 17:05:14",Oiti,47604190,URBANO,7,50,Sim,50,250,0,-10.6939646,-48.4083668,3,https://raw.githubusercontent.com/LGRSV/vera-vegetacao/main/fotos/Enecol-Centro/VER20260702170516219003094F1.jpg,Não
V20260702170617907486636,Porto Nacional,Enecol Centro,"02/07/2026, 17:06:16",Outros,475630,URBANO,7,80,Sim,0,250,0,-10.6939246,-48.4084015,3,https://raw.githubusercontent.com/LGRSV/vera-vegetacao/main/fotos/Enecol-Centro/VER20260702170617907486636F1.jpg,Não
V20260702170759412676425,Porto Nacional,Enecol Centro,"02/07/2026, 17:07:57",Oiti,473188,URBANO,6,60,Sim,,300,0,-10.6943222,-48.4084813,3,https://raw.githubusercontent.com/LGRSV/vera-vegetacao/main/fotos/Enecol-Centro/VER20260702170759412676425F1.jpg,Não
V20260702171336009878884,Porto Nacional,Enecol Centro,"02/07/2026, 17:13:34",Outros,431192,URBANO,9,90,Sim,0,50,0,-10.6956606,-48.4081344,3,https://raw.githubusercontent.com/LGRSV/vera-vegetacao/main/fotos/Enecol-Centro/VER20260702171336009878884F1.jpg,Não
V20260702171532212214889,Porto Nacional,Enecol Centro,"02/07/2026, 17:15:30",Oiti,431659,URBANO,5.5,50,Sim,150,300,0,-10.6957294,-48.408039,3,https://raw.githubusercontent.com/LGRSV/vera-vegetacao/main/fotos/Enecol-Centro/VER20260702171532212214889F1.jpg,Não
V20260702172202191399158,Porto Nacional,Enecol Centro,"02/07/2026, 17:22:00",Oiti,1580117,URBANO,7.5,60,Sim,50,300,0,-10.6969703,-48.4073181,3,https://raw.githubusercontent.com/LGRSV/vera-vegetacao/main/fotos/Enecol-Centro/VER20260702172202191399158F1.jpg,Não
V20260702172404827606487,Porto Nacional,Enecol Centro,"02/07/2026, 17:24:03",Oiti,430651,URBANO,4,60,Sim,300,300,0,-10.6973509,-48.4073355,3,https://raw.githubusercontent.com/LGRSV/vera-vegetacao/main/fotos/Enecol-Centro/VER20260702172404827606487F1.jpg,Não
V20260702173055810516205,Porto Nacional,Enecol Centro,"02/07/2026, 17:30:54",Oiti,431972,URBANO,8,50,Sim,0,200,0,-10.6987616,-48.40769,3,https://raw.githubusercontent.com/LGRSV/vera-vegetacao/main/fotos/Enecol-Centro/VER20260702173055810516205F1.jpg,Não
V20260702173313409027758,Porto Nacional,Enecol Centro,"02/07/2026, 17:33:12",Oiti,430657,URBANO,12,130,Sim,300,50,0,-10.6993136,-48.4077376,3,https://raw.githubusercontent.com/LGRSV/vera-vegetacao/main/fotos/Enecol-Centro/VER20260702173313409027758F1.jpg,Não
V20260702173538175787115,Porto Nacional,Enecol Centro,"02/07/2026, 17:35:36",Outros,1275296,URBANO,11,70,Sim,300,50,0,-10.6999243,-48.4078858,3,https://raw.githubusercontent.com/LGRSV/vera-vegetacao/main/fotos/Enecol-Centro/VER20260702173538175787115F1.jpg,Não
V20260702174301576700383,Porto Nacional,Enecol Centro,"02/07/2026, 17:43:00",Oiti,1290023,URBANO,6,70,Sim,300,300,0,-10.6989146,-48.4071684,3,https://raw.githubusercontent.com/LGRSV/vera-vegetacao/main/fotos/Enecol-Centro/VER20260702174301576700383F1.jpg,Não
V20260702174426141592539,Porto Nacional,Enecol Centro,"02/07/2026, 17:44:24",Oiti,1275295,URBANO,5,50,Sim,300,300,0,-10.6989442,-48.4074875,3,https://raw.githubusercontent.com/LGRSV/vera-vegetacao/main/fotos/Enecol-Centro/VER20260702174426141592539F1.jpg,Não
V20260702174721545095111,Porto Nacional,Enecol Centro,"02/07/2026, 17:47:20",Mangueira,429056,URBANO,10,120,Sim,300,300,0,-10.6990859,-48.4062676,3,https://raw.githubusercontent.com/LGRSV/vera-vegetacao/main/fotos/Enecol-Centro/VER20260702174721545095111F1.jpg,Não
V20260702180307334085517,Porto Nacional,Enecol Centro,"02/07/2026, 18:03:05",Oiti,1585341,URBANO,5,50,Sim,300,200,0,-10.6976125,-48.4057881,3,https://raw.githubusercontent.com/LGRSV/vera-vegetacao/main/fotos/Enecol-Centro/VER20260702180307334085517F1.jpg,Não
V20260702180751393066699,Porto Nacional,Enecol Centro,"02/07/2026, 18:07:50",Outros,42233414,URBANO,10,70,Sim,0,50,0,-10.696758,-48.4041425,3,https://raw.githubusercontent.com/LGRSV/vera-vegetacao/main/fotos/Enecol-Centro/VER20260702180751393066699F1.jpg,Não
V20260703080743427835507,Porto Nacional,Enecol Centro,"03/07/2026, 08:07:42",Oiti,1275299,URBANO,5,60,Sim,300,300,0,-10.6965657,-48.4035891,3,https://raw.githubusercontent.com/LGRSV/vera-vegetacao/main/fotos/Enecol-Centro/VER20260703080743427835507F1.jpg,Não
V20260703080914710178676,Porto Nacional,Enecol Centro,"03/07/2026, 08:09:13",Oiti,1275299,URBANO,5,60,Sim,300,300,0,-10.6965872,-48.4034894,3,https://raw.githubusercontent.com/LGRSV/vera-vegetacao/main/fotos/Enecol-Centro/VER20260703080914710178676F1.jpg,Não
V20260703081257538954987,Porto Nacional,Enecol Centro,"03/07/2026, 08:12:56",Oiti,1275301,URBANO,7,65,Sim,0,50,0,-10.6962795,-48.4024043,3,https://raw.githubusercontent.com/LGRSV/vera-vegetacao/main/fotos/Enecol-Centro/VER20260703081257538954987F1.jpg,Não
V20260703081422203444851,Porto Nacional,Enecol Centro,"03/07/2026, 08:14:21",Oiti,430415,URBANO,7,60,Sim,0,50,0,-10.6961901,-48.4023937,3,https://raw.githubusercontent.com/LGRSV/vera-vegetacao/main/fotos/Enecol-Centro/VER20260703081422203444851F1.jpg,Não
V20260703081648838936091,Porto Nacional,Enecol Centro,"03/07/2026, 08:16:47",Outros,430413,URBANO,7,100,Sim,0,100,0,-10.6955967,-48.4026,3,https://raw.githubusercontent.com/LGRSV/vera-vegetacao/main/fotos/Enecol-Centro/VER20260703081648838936091F1.jpg,Não
V20260703081806359795744,Porto Nacional,Enecol Centro,"03/07/2026, 08:18:05",Oiti,430413,URBANO,4,60,Sim,300,300,0,-10.6955144,-48.4026458,3,https://raw.githubusercontent.com/LGRSV/vera-vegetacao/main/fotos/Enecol-Centro/VER20260703081806359795744F1.jpg,Não
V20260703082253729135659,Porto Nacional,Enecol Centro,"03/07/2026, 08:22:52",Outros,140762,URBANO,8,120,Sim,300,300,0,-10.6947715,-48.4030252,3,https://raw.githubusercontent.com/LGRSV/vera-vegetacao/main/fotos/Enecol-Centro/VER20260703082253729135659F1.jpg,Não
V20260703082405290525680,Porto Nacional,Enecol Centro,"03/07/2026, 08:24:04",Oiti,140762,URBANO,7,60,Sim,0,200,0,-10.6946753,-48.4030516,3,https://raw.githubusercontent.com/LGRSV/vera-vegetacao/main/fotos/Enecol-Centro/VER20260703082405290525680F1.jpg,Não
V20260703082512679832711,Porto Nacional,Enecol Centro,"03/07/2026, 08:25:11",Oiti,37332159,URBANO,7,50,Sim,0,200,0,-10.6945408,-48.4030437,3,https://raw.githubusercontent.com/LGRSV/vera-vegetacao/main/fotos/Enecol-Centro/VER20260703082512679832711F1.jpg,Não
V20260703082737820053543,Porto Nacional,Enecol Centro,"03/07/2026, 08:27:36",Outros,43043493,URBANO,13,130,Sim,50,50,0,-10.6940941,-48.4032738,3,https://raw.githubusercontent.com/LGRSV/vera-vegetacao/main/fotos/Enecol-Centro/VER20260703082737820053543F1.jpg,Não
V20260703090134030139828,Porto Nacional,Enecol Centro,"03/07/2026, 09:01:32",Oiti,473447,URBANO,5,60,Sim,300,300,0,-10.6922327,-48.4093264,3,https://raw.githubusercontent.com/LGRSV/vera-vegetacao/main/fotos/Enecol-Centro/VER20260703090134030139828F1.jpg,Não
V20260703090242557347152,Porto Nacional,Enecol Centro,"03/07/2026, 09:02:41",Oiti,473447,URBANO,5,60,Sim,300,300,0,-10.692163,-48.4093403,3,https://raw.githubusercontent.com/LGRSV/vera-vegetacao/main/fotos/Enecol-Centro/VER20260703090242557347152F1.jpg,Não
V20260703090414281560417,Porto Nacional,Enecol Centro,"03/07/2026, 09:04:13",Oiti,473447,URBANO,5,60,Sim,300,300,0,-10.6920876,-48.4092466,3,https://raw.githubusercontent.com/LGRSV/vera-vegetacao/main/fotos/Enecol-Centro/VER20260703090414281560417F1.jpg,Não
V20260703090555925630130,Porto Nacional,Enecol Centro,"03/07/2026, 09:05:54",Oiti,473206,URBANO,5,60,Sim,300,300,0,-10.6917838,-48.4091721,3,https://raw.githubusercontent.com/LGRSV/vera-vegetacao/main/fotos/Enecol-Centro/VER20260703090555925630130F1.jpg,Não
V20260703090729506139401,Porto Nacional,Enecol Centro,"03/07/2026, 09:07:26",Oiti,473206,URBANO,5,50,Sim,300,300,0,-10.691715,-48.4091362,3,https://raw.githubusercontent.com/LGRSV/vera-vegetacao/main/fotos/Enecol-Centro/VER20260703090729506139401F1.jpg,Não
V20260703090905502017143,Porto Nacional,Enecol Centro,"03/07/2026, 09:09:02",Oiti,432252,URBANO,5,60,Sim,300,300,0,-10.6917056,-48.409184,3,https://raw.githubusercontent.com/LGRSV/vera-vegetacao/main/fotos/Enecol-Centro/VER20260703090905502017143F1.jpg,Não
V20260703091043053987557,Porto Nacional,Enecol Centro,"03/07/2026, 09:10:40",Outros,432252,URBANO,6,50,Sim,200,300,0,-10.6915402,-48.4091193,3,https://raw.githubusercontent.com/LGRSV/vera-vegetacao/main/fotos/Enecol-Centro/VER20260703091043053987557F1.jpg,Não
V20260703091239433539678,Porto Nacional,Enecol Centro,"03/07/2026, 09:12:38",Outros,432252,URBANO,6,70,Sim,50,300,0,-10.6914361,-48.4090977,3,https://raw.githubusercontent.com/LGRSV/vera-vegetacao/main/fotos/Enecol-Centro/VER20260703091239433539678F1.jpg,Não
V20260703091504035755581,Porto Nacional,Enecol Centro,"03/07/2026, 09:15:01",Outros,432252,URBANO,6,60,Sim,100,300,0,-10.6915292,-48.4091456,3,https://raw.githubusercontent.com/LGRSV/vera-vegetacao/main/fotos/Enecol-Centro/VER20260703091504035755581F1.jpg,Não
V20260703093339304000331,Porto Nacional,Enecol Centro,"03/07/2026, 09:33:37",Outros,472961,URBANO,8,130,Sim,300,300,0,-10.689973,-48.4086715,3,https://raw.githubusercontent.com/LGRSV/vera-vegetacao/main/fotos/Enecol-Centro/VER20260703093339304000331F1.jpg,Não
V20260703093524800541586,Porto Nacional,Enecol Centro,"03/07/2026, 09:35:21",Oiti,472961,URBANO,6,80,Sim,150,300,0,-10.6898,-48.4085727,3,https://raw.githubusercontent.com/LGRSV/vera-vegetacao/main/fotos/Enecol-Centro/VER20260703093524800541586F1.jpg,Não
V20260703094016609086574,Porto Nacional,Enecol Centro,"03/07/2026, 09:40:13",Outros,472959,URBANO,8,70,Sim,250,300,0,-10.6892083,-48.40842,3,https://raw.githubusercontent.com/LGRSV/vera-vegetacao/main/fotos/Enecol-Centro/VER20260703094016609086574F1.jpg,Não
V20260703094233019633560,Porto Nacional,Enecol Centro,"03/07/2026, 09:42:30",Outros,472959,URBANO,7,120,Sim,300,300,0,-10.6891414,-48.408415,3,https://raw.githubusercontent.com/LGRSV/vera-vegetacao/main/fotos/Enecol-Centro/VER20260703094233019633560F1.jpg,Não
V20260703094941576985304,Porto Nacional,Enecol Centro,"03/07/2026, 09:49:40",Oiti,472958,URBANO,5,90,Sim,300,300,0,-10.6887151,-48.4082897,3,https://raw.githubusercontent.com/LGRSV/vera-vegetacao/main/fotos/Enecol-Centro/VER20260703094941576985304F1.jpg,Não
V20260703095140590770048,Porto Nacional,Enecol Centro,"03/07/2026, 09:51:37",Outros,91759,URBANO,10,140,Sim,0,200,0,-10.6885317,-48.4082317,3,https://raw.githubusercontent.com/LGRSV/vera-vegetacao/main/fotos/Enecol-Centro/VER20260703095140590770048F1.jpg,Não
V20260703100138168273366,Porto Nacional,Enecol Centro,"03/07/2026, 10:01:34",Oiti,472711,URBANO,5,50,Sim,300,300,0,-10.6878683,-48.40805,3,https://raw.githubusercontent.com/LGRSV/vera-vegetacao/main/fotos/Enecol-Centro/VER20260703100138168273366F1.jpg,Não
V20260703100312731556043,Porto Nacional,Enecol Centro,"03/07/2026, 10:03:09",Outros,472711,URBANO,4,40,Sim,300,300,0,-10.6876599,-48.4080338,3,https://raw.githubusercontent.com/LGRSV/vera-vegetacao/main/fotos/Enecol-Centro/VER20260703100312731556043F1.jpg,Não
V20260703100514366538409,Porto Nacional,Enecol Centro,"03/07/2026, 10:05:11",Oiti,472111,URBANO,6,70,Sim,250,300,0,-10.6876051,-48.4080071,3,https://raw.githubusercontent.com/LGRSV/vera-vegetacao/main/fotos/Enecol-Centro/VER20260703100514366538409F1.jpg,Não
V20260703101606575951890,Porto Nacional,Enecol Centro,"03/07/2026, 10:16:03",Oiti,472981,URBANO,4,60,Sim,300,300,0,-10.68727,-48.4079883,3,https://raw.githubusercontent.com/LGRSV/vera-vegetacao/main/fotos/Enecol-Centro/VER20260703101606575951890F1.jpg,Não
V20260703102500169244617,Porto Nacional,Enecol Centro,"03/07/2026, 10:24:57",Oiti,472981,URBANO,5.5,60,Sim,50,300,0,-10.6871967,-48.4079717,3,https://raw.githubusercontent.com/LGRSV/vera-vegetacao/main/fotos/Enecol-Centro/VER20260703102500169244617F1.jpg,Não
V20260703102750669494917,Porto Nacional,Enecol Centro,"03/07/2026, 10:27:48",Oiti,472981,URBANO,5,50,Sim,50,300,0,-10.6871417,-48.4079217,3,https://raw.githubusercontent.com/LGRSV/vera-vegetacao/main/fotos/Enecol-Centro/VER20260703102750669494917F1.jpg,Não
V20260703102930679252653,Porto Nacional,Enecol Centro,"03/07/2026, 10:29:25",Oiti,472981,URBANO,5,50,Sim,50,300,0,-10.687085,-48.407915,3,https://raw.githubusercontent.com/LGRSV/vera-vegetacao/main/fotos/Enecol-Centro/VER20260703102930679252653F1.jpg,Não
V20260703103043148011036,Porto Nacional,Enecol Centro,"03/07/2026, 10:30:39",Oiti,472981,URBANO,5,50,Sim,50,300,0,-10.6870533,-48.4078767,3,https://raw.githubusercontent.com/LGRSV/vera-vegetacao/main/fotos/Enecol-Centro/VER20260703103043148011036F1.jpg,Não
V20260703103158066012490,Porto Nacional,Enecol Centro,"03/07/2026, 10:31:54",Oiti,472981,URBANO,5,50,Sim,50,300,0,-10.687015,-48.4079033,3,https://raw.githubusercontent.com/LGRSV/vera-vegetacao/main/fotos/Enecol-Centro/VER20260703103158066012490F1.jpg,Não
V20260703103344377949944,Porto Nacional,Enecol Centro,"03/07/2026, 10:33:37",Cajueiro,472110,URBANO,11,110,Sim,50,200,0,-10.6867867,-48.4078033,3,https://raw.githubusercontent.com/LGRSV/vera-vegetacao/main/fotos/Enecol-Centro/VER20260703103344377949944F1.jpg,Não
V20260703110038487640452,Porto Nacional,Enecol Centro,"03/07/2026, 11:00:35",Coqueiro,91760,URBANO,13,80,Sim,100,0,0,-10.6855817,-48.40746,3,https://raw.githubusercontent.com/LGRSV/vera-vegetacao/main/fotos/Enecol-Centro/VER20260703110038487640452F1.jpg,Não
V20260703110215147448857,Porto Nacional,Enecol Centro,"03/07/2026, 11:02:12",Cajueiro,475365,URBANO,11,130,Sim,100,100,0,-10.6852825,-48.4074417,3,https://raw.githubusercontent.com/LGRSV/vera-vegetacao/main/fotos/Enecol-Centro/VER20260703110215147448857F1.jpg,Não
V20260703110338485916162,Porto Nacional,Enecol Centro,"03/07/2026, 11:03:35",Outros,475365,URBANO,12,110,Sim,150,0,0,-10.6851435,-48.4073466,3,https://raw.githubusercontent.com/LGRSV/vera-vegetacao/main/fotos/Enecol-Centro/VER20260703110338485916162F1.jpg,Não
V20260703110455986659026,Porto Nacional,Enecol Centro,"03/07/2026, 11:04:53",Outros,475800,URBANO,9,90,Sim,250,300,0,-10.6851042,-48.4073663,3,https://raw.githubusercontent.com/LGRSV/vera-vegetacao/main/fotos/Enecol-Centro/VER20260703110455986659026F1.jpg,Não
V20260703110613992271143,Porto Nacional,Enecol Centro,"03/07/2026, 11:06:10",Pequi,475800,URBANO,6,80,Sim,300,300,0,-10.6850054,-48.4073215,3,https://raw.githubusercontent.com/LGRSV/vera-vegetacao/main/fotos/Enecol-Centro/VER20260703110613992271143F1.jpg,Não
V20260703110811689554187,Porto Nacional,Enecol Centro,"03/07/2026, 11:08:08",Pequi,475801,URBANO,10,100,Sim,250,300,0,-10.6845571,-48.4071917,3,https://raw.githubusercontent.com/LGRSV/vera-vegetacao/main/fotos/Enecol-Centro/VER20260703110811689554187F1.jpg,Não
V20260703110942815238085,Porto Nacional,Enecol Centro,"03/07/2026, 11:09:39",Outros,475802,URBANO,12,120,Sim,200,50,0,-10.6844302,-48.4071538,3,https://raw.githubusercontent.com/LGRSV/vera-vegetacao/main/fotos/Enecol-Centro/VER20260703110942815238085F1.jpg,Não
V20260703111158039191024,Porto Nacional,Enecol Centro,"03/07/2026, 11:11:54",Outros,475803,URBANO,11,100,Sim,150,50,0,-10.6838476,-48.4070157,3,https://raw.githubusercontent.com/LGRSV/vera-vegetacao/main/fotos/Enecol-Centro/VER20260703111158039191024F1.jpg,Não
V20260703111329007697178,Porto Nacional,Enecol Centro,"03/07/2026, 11:13:25",Outros,473594,URBANO,10,60,Sim,150,50,0,-10.683779,-48.4069619,3,https://raw.githubusercontent.com/LGRSV/vera-vegetacao/main/fotos/Enecol-Centro/VER20260703111329007697178F1.jpg,Não
V20260703111524688123792,Porto Nacional,Enecol Centro,"03/07/2026, 11:15:20",Cajueiro,473594,URBANO,10,110,Sim,200,300,0,-10.6835567,-48.4068697,3,https://raw.githubusercontent.com/LGRSV/vera-vegetacao/main/fotos/Enecol-Centro/VER20260703111524688123792F1.jpg,Não
V20260703111652103775271,Porto Nacional,Enecol Centro,"03/07/2026, 11:16:46",Oiti,91761,URBANO,4,70,Sim,300,300,0,-10.683363,-48.406853,3,https://raw.githubusercontent.com/LGRSV/vera-vegetacao/main/fotos/Enecol-Centro/VER20260703111652103775271F1.jpg,Não
V20260703113521498518251,Porto Nacional,Enecol Centro,"03/07/2026, 11:35:16",Oiti,942774,URBANO,5,50,Sim,300,300,0,-10.68297,-48.40674,3,https://raw.githubusercontent.com/LGRSV/vera-vegetacao/main/fotos/Enecol-Centro/VER20260703113521498518251F1.jpg,Não
V20260703113635261429640,Porto Nacional,Enecol Centro,"03/07/2026, 11:36:30",Oiti,942774,URBANO,5,50,Sim,300,300,0,-10.6829233,-48.4067183,3,https://raw.githubusercontent.com/LGRSV/vera-vegetacao/main/fotos/Enecol-Centro/VER20260703113635261429640F1.jpg,Não
V20260703113809609208836,Porto Nacional,Enecol Centro,"03/07/2026, 11:38:02",Oiti,473366,URBANO,6,60,Sim,300,300,0,-10.682815,-48.406705,3,https://raw.githubusercontent.com/LGRSV/vera-vegetacao/main/fotos/Enecol-Centro/VER20260703113809609208836F1.jpg,Não
V20260703114007623183561,Porto Nacional,Enecol Centro,"03/07/2026, 11:40:03",Oiti,473366,URBANO,5,50,Sim,300,300,0,-10.6827417,-48.4066817,3,https://raw.githubusercontent.com/LGRSV/vera-vegetacao/main/fotos/Enecol-Centro/VER20260703114007623183561F1.jpg,Não
V20260703114150318488765,Porto Nacional,Enecol Centro,"03/07/2026, 11:41:45",Oiti,473366,URBANO,4,40,Sim,300,300,0,-10.6827017,-48.406635,3,https://raw.githubusercontent.com/LGRSV/vera-vegetacao/main/fotos/Enecol-Centro/VER20260703114150318488765F1.jpg,Não
V20260703114317244200304,Porto Nacional,Enecol Centro,"03/07/2026, 11:43:12",Oiti,1604064,URBANO,4,50,Sim,300,300,0,-10.6826783,-48.4066833,3,https://raw.githubusercontent.com/LGRSV/vera-vegetacao/main/fotos/Enecol-Centro/VER20260703114317244200304F1.jpg,Não
V20260703114457740478480,Porto Nacional,Enecol Centro,"03/07/2026, 11:44:53",Oiti,1604064,URBANO,4,50,Sim,300,300,0,-10.68267,-48.4066483,3,https://raw.githubusercontent.com/LGRSV/vera-vegetacao/main/fotos/Enecol-Centro/VER20260703114457740478480F1.jpg,Não
V20260703141653761040711,Porto Nacional,Enecol Centro,"03/07/2026, 14:16:49",Outros,1603768,URBANO,9,110,Sim,100,250,0,-10.6818176,-48.4064162,3,https://raw.githubusercontent.com/LGRSV/vera-vegetacao/main/fotos/Enecol-Centro/VER20260703141653761040711F1.jpg,Não
V20260703141948141120036,Porto Nacional,Enecol Centro,"03/07/2026, 14:19:43",Outros,1603774,URBANO,9,110,Sim,0,100,0,-10.6809915,-48.4061625,3,https://raw.githubusercontent.com/LGRSV/vera-vegetacao/main/fotos/Enecol-Centro/VER20260703141948141120036F1.jpg,Não
V20260703142141865897887,Porto Nacional,Enecol Centro,"03/07/2026, 14:21:37",Outros,942777,URBANO,7,,Sim,50,200,0,-10.6808783,-48.4061539,3,https://raw.githubusercontent.com/LGRSV/vera-vegetacao/main/fotos/Enecol-Centro/VER20260703142141865897887F1.jpg,Não
V20260703142325078542789,Porto Nacional,Enecol Centro,"03/07/2026, 14:23:18",Cajueiro,942777,URBANO,5,40,Sim,200,300,0,-10.6807503,-48.4061178,3,https://raw.githubusercontent.com/LGRSV/vera-vegetacao/main/fotos/Enecol-Centro/VER20260703142325078542789F1.jpg,Não
V20260703142620312907576,Porto Nacional,Enecol Centro,"03/07/2026, 14:26:12",Outros,942777,URBANO,10,60,Sim,300,150,0,-10.6804878,-48.4060609,3,https://raw.githubusercontent.com/LGRSV/vera-vegetacao/main/fotos/Enecol-Centro/VER20260703142620312907576F1.jpg,Não
V20260703151343733372189,Porto Nacional,Enecol Centro,"03/07/2026, 15:13:42",Pequi,1603505,URBANO,11,130,Sim,300,50,0,-10.6735206,-48.4041721,3,https://raw.githubusercontent.com/LGRSV/vera-vegetacao/main/fotos/Enecol-Centro/VER20260703151343733372189F1.jpg,Não
V20260703152122843958068,Porto Nacional,Enecol Centro,"03/07/2026, 15:21:19",Outros,475122,URBANO,14,160,Sim,300,100,0,-10.6708083,-48.403495,3,https://raw.githubusercontent.com/LGRSV/vera-vegetacao/main/fotos/Enecol-Centro/VER20260703152122843958068F1.jpg,Não
V20260703152301558670718,Porto Nacional,Enecol Centro,"03/07/2026, 15:22:59",Mangueira,475122,URBANO,20,190,Sim,300,200,0,-10.6710575,-48.4038306,3,https://raw.githubusercontent.com/LGRSV/vera-vegetacao/main/fotos/Enecol-Centro/VER20260703152301558670718F1.jpg,Não
V20260703152420547317749,Porto Nacional,Enecol Centro,"03/07/2026, 15:24:18",Cajueiro,475122,URBANO,20,160,Sim,300,200,0,-10.6710603,-48.4038216,3,https://raw.githubusercontent.com/LGRSV/vera-vegetacao/main/fotos/Enecol-Centro/VER20260703152420547317749F1.jpg,Não
V20260703152536893732703,Porto Nacional,Enecol Centro,"03/07/2026, 15:25:34",Mangueira,475122,URBANO,20,180,Sim,300,200,0,-10.6710577,-48.4038234,3,https://raw.githubusercontent.com/LGRSV/vera-vegetacao/main/fotos/Enecol-Centro/VER20260703152536893732703F1.jpg,Não
V20260703152734767204768,Porto Nacional,Enecol Centro,"03/07/2026, 15:27:32",Cajueiro,475123,URBANO,15,160,Sim,300,200,0,-10.6714599,-48.4034734,3,https://raw.githubusercontent.com/LGRSV/vera-vegetacao/main/fotos/Enecol-Centro/VER20260703152734767204768F1.jpg,Não
V20260703152847066766201,Porto Nacional,Enecol Centro,"03/07/2026, 15:28:44",Outros,475123,URBANO,5,50,Sim,300,300,0,-10.6716373,-48.4032964,3,https://raw.githubusercontent.com/LGRSV/vera-vegetacao/main/fotos/Enecol-Centro/VER20260703152847066766201F1.jpg,Não
V20260703154709599403164,Porto Nacional,Enecol Centro,"03/07/2026, 15:47:07",Cajueiro,1861711,URBANO,5,50,Não,300,300,0,-10.6582244,-48.3981421,3,https://raw.githubusercontent.com/LGRSV/vera-vegetacao/main/fotos/Enecol-Centro/VER20260703154709599403164F1.jpg,Não
V20260703160307978489247,Porto Nacional,Enecol Centro,"03/07/2026, 16:03:06",Outros,832937,URBANO,15,145,Sim,200,50,0,-10.6791799,-48.4054863,3,https://raw.githubusercontent.com/LGRSV/vera-vegetacao/main/fotos/Enecol-Centro/VER20260703160307978489247F1.jpg,Não
V20260703160555619486373,Porto Nacional,Enecol Centro,"03/07/2026, 16:05:53",Pequi,1165316,URBANO,12,130,Sim,100,200,0,-10.6796907,-48.404096,3,https://raw.githubusercontent.com/LGRSV/vera-vegetacao/main/fotos/Enecol-Centro/VER20260703160555619486373F1.jpg,Não
V20260703160703977604620,Porto Nacional,Enecol Centro,"03/07/2026, 16:07:01",Oiti,474115,URBANO,7,50,Sim,0,200,0,-10.6798654,-48.4039449,3,https://raw.githubusercontent.com/LGRSV/vera-vegetacao/main/fotos/Enecol-Centro/VER20260703160703977604620F1.jpg,Não
V20260703161208300442587,Porto Nacional,Enecol Centro,"03/07/2026, 16:12:05",Oiti,527587,URBANO,4,30,Sim,,,0,-10.6716548,-48.4000889,3,https://raw.githubusercontent.com/LGRSV/vera-vegetacao/main/fotos/Enecol-Centro/VER20260703161208300442587F1.jpg,Não
V20260703161453017265188,Porto Nacional,Enecol Centro,"03/07/2026, 16:14:51",Outros,476064,URBANO,2,20,Sim,,,0,-10.6744386,-48.4012924,3,https://raw.githubusercontent.com/LGRSV/vera-vegetacao/main/fotos/Enecol-Centro/VER20260703161453017265188F1.jpg,Não
V20260703161659414659292,Porto Nacional,Enecol Centro,"03/07/2026, 16:16:58",Outros,476064,URBANO,2,20,Sim,,,0,-10.6748477,-48.4013022,3,https://raw.githubusercontent.com/LGRSV/vera-vegetacao/main/fotos/Enecol-Centro/VER20260703161659414659292F1.jpg,Não
V20260703161826328103887,Porto Nacional,Enecol Centro,"03/07/2026, 16:18:25",Outros,1888080,URBANO,2,20,Sim,,,0,-10.6747529,-48.4011653,3,https://raw.githubusercontent.com/LGRSV/vera-vegetacao/main/fotos/Enecol-Centro/VER20260703161826328103887F1.jpg,Não
V20260703161956369722412,Porto Nacional,Enecol Centro,"03/07/2026, 16:19:54",Oiti,476065,URBANO,2,20,Sim,,,0,-10.6754554,-48.4014682,3,https://raw.githubusercontent.com/LGRSV/vera-vegetacao/main/fotos/Enecol-Centro/VER20260703161956369722412F1.jpg,Não
V20260703162311162893598,Porto Nacional,Enecol Centro,"03/07/2026, 16:23:08",Oiti,527042,URBANO,2,20,Sim,,,0,-10.6759163,-48.401696,3,https://raw.githubusercontent.com/LGRSV/vera-vegetacao/main/fotos/Enecol-Centro/VER20260703162311162893598F1.jpg,Não
V20260703162425100934957,Porto Nacional,Enecol Centro,"03/07/2026, 16:24:22",Oiti,476066,URBANO,2,20,,,,0,-10.6760654,-48.4017493,3,https://raw.githubusercontent.com/LGRSV/vera-vegetacao/main/fotos/Enecol-Centro/VER20260703162425100934957F1.jpg,Não
V20260703162555701926098,Porto Nacional,Enecol Centro,"03/07/2026, 16:25:53",Oiti,52928120,URBANO,2,20,Sim,,,0,-10.6766946,-48.401648,3,https://raw.githubusercontent.com/LGRSV/vera-vegetacao/main/fotos/Enecol-Centro/VER20260703162555701926098F1.jpg,Não
V20260703165812095792584,Porto Nacional,Enecol Centro,"03/07/2026, 16:58:10",Oiti,527304,URBANO,2,20,Sim,,,0,-10.6767444,-48.4019671,3,https://raw.githubusercontent.com/LGRSV/vera-vegetacao/main/fotos/Enecol-Centro/VER20260703165812095792584F1.jpg,Não
V20260703165932477234057,Porto Nacional,Enecol Centro,"03/07/2026, 16:59:30",Oiti,476067,URBANO,2,20,Sim,,,0,-10.6770214,-48.4021749,3,https://raw.githubusercontent.com/LGRSV/vera-vegetacao/main/fotos/Enecol-Centro/VER20260703165932477234057F1.jpg,Não
V20260703170047766846978,Porto Nacional,Enecol Centro,"03/07/2026, 17:00:45",Oiti,476067,URBANO,2,20,Sim,,,0,-10.676995,-48.4021166,3,https://raw.githubusercontent.com/LGRSV/vera-vegetacao/main/fotos/Enecol-Centro/VER20260703170047766846978F1.jpg,Sim
V20260703170718315324536,Porto Nacional,Enecol Centro,"03/07/2026, 17:07:16",Oiti,527305,URBANO,2,20,Sim,,,0,-10.6776698,-48.402325,3,https://raw.githubusercontent.com/LGRSV/vera-vegetacao/main/fotos/Enecol-Centro/VER20260703170718315324536F1.jpg,Não
V20260703170921204349122,Porto Nacional,Enecol Centro,"03/07/2026, 17:09:19",Oiti,476068,URBANO,2,20,Sim,,,0,-10.6778993,-48.4024414,3,https://raw.githubusercontent.com/LGRSV/vera-vegetacao/main/fotos/Enecol-Centro/VER20260703170921204349122F1.jpg,Não
V20260703171206614284433,Porto Nacional,Enecol Centro,"03/07/2026, 17:12:04",Mangueira,476069,URBANO,3,30,Sim,,,0,-10.678469,-48.4027055,3,https://raw.githubusercontent.com/LGRSV/vera-vegetacao/main/fotos/Enecol-Centro/VER20260703171206614284433F1.jpg,Não
V20260703171317877337347,Porto Nacional,Enecol Centro,"03/07/2026, 17:13:15",Cajueiro,476069,URBANO,3.5,30,Sim,,,0,-10.6786575,-48.4028015,3,https://raw.githubusercontent.com/LGRSV/vera-vegetacao/main/fotos/Enecol-Centro/VER20260703171317877337347F1.jpg,Não
V20260703171919748140372,Porto Nacional,Enecol Centro,"03/07/2026, 17:19:17",Oiti,527300,URBANO,2,20,Sim,,,0,-10.6790005,-48.4028871,3,https://raw.githubusercontent.com/LGRSV/vera-vegetacao/main/fotos/Enecol-Centro/VER20260703171919748140372F1.jpg,Não
V20260703172029059286193,Porto Nacional,Enecol Centro,"03/07/2026, 17:20:27",Oiti,527302,URBANO,2,20,Sim,,,0,-10.6791669,-48.4029225,3,https://raw.githubusercontent.com/LGRSV/vera-vegetacao/main/fotos/Enecol-Centro/VER20260703172029059286193F1.jpg,Não
V20260703232704965317474,Porto Nacional,Enecol Centro,"02/07/2026, 08:00:56",Mangueira,140790,URBANO,11,100,Sim,100,50,0,-10.6891243,-48.3804724,3,https://raw.githubusercontent.com/LGRSV/vera-vegetacao/main/fotos/Enecol-Centro/VER20260703232704965317474F1.jpg,Não
V20260703232711868201985,Porto Nacional,Enecol Centro,"02/07/2026, 08:08:33",Babaçu,473153,URBANO,12,120,Sim,100,100,0,-10.6926414,-48.3818367,3,https://raw.githubusercontent.com/LGRSV/vera-vegetacao/main/fotos/Enecol-Centro/VER20260703232711868201985F1.jpg,Não
V20260703232718315320471,Porto Nacional,Enecol Centro,"02/07/2026, 08:14:37",Outros,449311,URBANO,11,80,Sim,300,50,0,-10.6942844,-48.3867504,3,https://raw.githubusercontent.com/LGRSV/vera-vegetacao/main/fotos/Enecol-Centro/VER20260703232718315320471F1.jpg,Não
V20260703232724972042667,Porto Nacional,Enecol Centro,"02/07/2026, 08:19:19",Outros,475867,URBANO,8,100,Sim,0,50,0,-10.6903997,-48.389632,3,https://raw.githubusercontent.com/LGRSV/vera-vegetacao/main/fotos/Enecol-Centro/VER20260703232724972042667F1.jpg,Não
V20260703232731637081059,Porto Nacional,Enecol Centro,"02/07/2026, 09:37:38",Outros,1068230,URBANO,3,30,Sim,300,300,0,-10.6806973,-48.3926039,3,https://raw.githubusercontent.com/LGRSV/vera-vegetacao/main/fotos/Enecol-Centro/VER20260703232731637081059F1.jpg,Não
V20260703232737812546916,Porto Nacional,Enecol Centro,"02/07/2026, 09:45:54",Mangueira,449264,URBANO,12,120,Sim,300,50,0,-10.6827902,-48.3928017,3,https://raw.githubusercontent.com/LGRSV/vera-vegetacao/main/fotos/Enecol-Centro/VER20260703232737812546916F1.jpg,Não
V20260703232744089823864,Porto Nacional,Enecol Centro,"02/07/2026, 09:54:33",Mangueira,1087603,URBANO,6,45,Sim,100,300,0,-10.6814032,-48.3944199,3,https://raw.githubusercontent.com/LGRSV/vera-vegetacao/main/fotos/Enecol-Centro/VER20260703232744089823864F1.jpg,Não
V20260703232750484446626,Porto Nacional,Enecol Centro,"02/07/2026, 09:56:04",Mangueira,1367732,URBANO,5,40,Sim,150,300,0,-10.6808806,-48.3943861,3,https://raw.githubusercontent.com/LGRSV/vera-vegetacao/main/fotos/Enecol-Centro/VER20260703232750484446626F1.jpg,Não
V20260703232757121942118,Porto Nacional,Enecol Centro,"02/07/2026, 09:59:00",Pequi,452002,URBANO,6,90,Sim,0,200,0,-10.6808334,-48.3940369,3,https://raw.githubusercontent.com/LGRSV/vera-vegetacao/main/fotos/Enecol-Centro/VER20260703232757121942118F1.jpg,Sim
V20260703232810084109783,Porto Nacional,Enecol Centro,"02/07/2026, 10:01:48",Mangueira,474276,URBANO,7,90,Sim,0,150,0,-10.6791876,-48.3945404,3,https://raw.githubusercontent.com/LGRSV/vera-vegetacao/main/fotos/Enecol-Centro/VER20260703232810084109783F1.jpg,Sim
V20260703232818318569898,Porto Nacional,Enecol Centro,"02/07/2026, 10:03:01",Pequi,474276,URBANO,6,70,Sim,50,250,0,-10.679187,-48.3947464,3,https://raw.githubusercontent.com/LGRSV/vera-vegetacao/main/fotos/Enecol-Centro/VER20260703232818318569898F1.jpg,Sim
V20260703232827767273312,Porto Nacional,Enecol Centro,"02/07/2026, 10:04:19",Mangueira,474275,URBANO,11,120,Sim,0,50,0,-10.679369,-48.3949807,3,https://raw.githubusercontent.com/LGRSV/vera-vegetacao/main/fotos/Enecol-Centro/VER20260703232827767273312F1.jpg,Sim
V20260703232837240424326,Porto Nacional,Enecol Centro,"02/07/2026, 10:20:45",Oiti,474272,URBANO,5,50,Sim,150,300,0,-10.6797456,-48.3962232,3,https://raw.githubusercontent.com/LGRSV/vera-vegetacao/main/fotos/Enecol-Centro/VER20260703232837240424326F1.jpg,Não
V20260703232840025542502,Porto Nacional,Enecol Centro,"02/07/2026, 10:22:03",Oiti,474272,URBANO,3.5,40,Sim,300,300,0,-10.6799147,-48.3962471,3,https://raw.githubusercontent.com/LGRSV/vera-vegetacao/main/fotos/Enecol-Centro/VER20260703232840025542502F1.jpg,Não
V20260703232846623283755,Porto Nacional,Enecol Centro,"02/07/2026, 10:25:28",Cajueiro,475264,URBANO,10,80,Sim,100,250,0,-10.6803398,-48.3979318,3,https://raw.githubusercontent.com/LGRSV/vera-vegetacao/main/fotos/Enecol-Centro/VER20260703232846623283755F1.jpg,Sim
V20260703232855762663672,Porto Nacional,Enecol Centro,"02/07/2026, 10:55:09",Outros,1604449,URBANO,3,30,Sim,300,300,0,-10.6807605,-48.3993199,3,https://raw.githubusercontent.com/LGRSV/vera-vegetacao/main/fotos/Enecol-Centro/VER20260703232855762663672F1.jpg,Não
V20260703232858312236448,Porto Nacional,Enecol Centro,"02/07/2026, 10:58:40",Babaçu,475259,URBANO,7,60,Sim,50,100,0,-10.6804255,-48.3998551,3,https://raw.githubusercontent.com/LGRSV/vera-vegetacao/main/fotos/Enecol-Centro/VER20260703232858312236448F1.jpg,Não
V20260703232905318377205,Porto Nacional,Enecol Centro,"02/07/2026, 10:59:41",Outros,1604456,URBANO,7,50,Sim,50,100,0,-10.6805995,-48.3998673,3,https://raw.githubusercontent.com/LGRSV/vera-vegetacao/main/fotos/Enecol-Centro/VER20260703232905318377205F1.jpg,Não
V20260703232911916735834,Porto Nacional,Enecol Centro,"02/07/2026, 11:05:07",Outros,473736,URBANO,10,60,Sim,200,250,0,-10.6793567,-48.4017583,3,https://raw.githubusercontent.com/LGRSV/vera-vegetacao/main/fotos/Enecol-Centro/VER20260703232911916735834F1.jpg,Não
V20260703232918843922950,Porto Nacional,Enecol Centro,"02/07/2026, 11:08:43",Oiti,475267,URBANO,5,80,Sim,50,300,0,-10.6785951,-48.4015677,3,https://raw.githubusercontent.com/LGRSV/vera-vegetacao/main/fotos/Enecol-Centro/VER20260703232918843922950F1.jpg,Não
V20260703232928052705648,Porto Nacional,Enecol Centro,"02/07/2026, 11:10:46",Oiti,91633,URBANO,5,40,Sim,0,300,0,-10.6783927,-48.4008655,3,https://raw.githubusercontent.com/LGRSV/vera-vegetacao/main/fotos/Enecol-Centro/VER20260703232928052705648F1.jpg,Não
V20260703232937518379800,Porto Nacional,Enecol Centro,"02/07/2026, 11:15:18",Pequi,473739,URBANO,6,75,Sim,0,200,0,-10.6800587,-48.4018996,3,https://raw.githubusercontent.com/LGRSV/vera-vegetacao/main/fotos/Enecol-Centro/VER20260703232937518379800F1.jpg,Não
V20260703232944099945214,Porto Nacional,Enecol Centro,"02/07/2026, 11:17:03",Outros,473740,URBANO,7,70,Sim,0,50,0,-10.6800811,-48.4021776,3,https://raw.githubusercontent.com/LGRSV/vera-vegetacao/main/fotos/Enecol-Centro/VER20260703232944099945214F1.jpg,Não
V20260703232950603560402,Porto Nacional,Enecol Centro,"02/07/2026, 11:22:48",Outros,832934,URBANO,10,100,Sim,0,150,0,-10.6802855,-48.4028128,3,https://raw.githubusercontent.com/LGRSV/vera-vegetacao/main/fotos/Enecol-Centro/VER20260703232950603560402F1.jpg,Não
V20260703232957538738242,Porto Nacional,Enecol Centro,"02/07/2026, 14:24:19",Oiti,471927,URBANO,5,60,Sim,100,300,0,-10.680846,-48.4008001,3,https://raw.githubusercontent.com/LGRSV/vera-vegetacao/main/fotos/Enecol-Centro/VER20260703232957538738242F1.jpg,Não
V20260703233004357062326,Porto Nacional,Enecol Centro,"02/07/2026, 14:25:28",Mangueira,471927,URBANO,10,120,Sim,0,150,0,-10.6809718,-48.4006953,3,https://raw.githubusercontent.com/LGRSV/vera-vegetacao/main/fotos/Enecol-Centro/VER20260703233004357062326F1.jpg,Não
V20260703233011413355365,Porto Nacional,Enecol Centro,"02/07/2026, 14:28:09",Oiti,48496636,URBANO,6.5,60,Sim,50,300,0,-10.6818824,-48.4013475,3,https://raw.githubusercontent.com/LGRSV/vera-vegetacao/main/fotos/Enecol-Centro/VER20260703233011413355365F1.jpg,Não
V20260703233017815908123,Porto Nacional,Enecol Centro,"02/07/2026, 14:31:27",Mangueira,58561597,URBANO,6,130,Sim,150,300,0,-10.682506,-48.4007384,3,https://raw.githubusercontent.com/LGRSV/vera-vegetacao/main/fotos/Enecol-Centro/VER20260703233017815908123F1.jpg,Não
V20260703233026854896152,Porto Nacional,Enecol Centro,"02/07/2026, 14:32:43",Outros,58561597,URBANO,10,130,Sim,0,300,0,-10.6825351,-48.4005572,3,https://raw.githubusercontent.com/LGRSV/vera-vegetacao/main/fotos/Enecol-Centro/VER20260703233026854896152F1.jpg,Não
V20260703233035198571658,Porto Nacional,Enecol Centro,"02/07/2026, 14:35:33",Cajueiro,451709,URBANO,5,60,Sim,50,300,0,-10.6842783,-48.400513,3,https://raw.githubusercontent.com/LGRSV/vera-vegetacao/main/fotos/Enecol-Centro/VER20260703233035198571658F1.jpg,Não
V20260703233044313162490,Porto Nacional,Enecol Centro,"02/07/2026, 14:42:26",Oiti,446495,URBANO,3.5,50,Sim,300,300,0,-10.6850139,-48.4006495,3,https://raw.githubusercontent.com/LGRSV/vera-vegetacao/main/fotos/Enecol-Centro/VER20260703233044313162490F1.jpg,Não
V20260703233052067795039,Porto Nacional,Enecol Centro,"02/07/2026, 14:46:27",Oiti,446496,URBANO,6.5,60,Sim,0,300,0,-10.6851609,-48.4009102,3,https://raw.githubusercontent.com/LGRSV/vera-vegetacao/main/fotos/Enecol-Centro/VER20260703233052067795039F1.jpg,Não
V20260703233103858187607,Porto Nacional,Enecol Centro,"02/07/2026, 14:47:54",Oiti,451699,URBANO,6,100,Sim,50,300,0,-10.685114,-48.4010433,3,https://raw.githubusercontent.com/LGRSV/vera-vegetacao/main/fotos/Enecol-Centro/VER20260703233103858187607F1.jpg,Não
V20260703233113739756660,Porto Nacional,Enecol Centro,"02/07/2026, 14:53:47",Oiti,450756,URBANO,5,90,Sim,200,300,0,-10.6870263,-48.4020107,3,https://raw.githubusercontent.com/LGRSV/vera-vegetacao/main/fotos/Enecol-Centro/VER20260703233113739756660F1.jpg,Não
V20260703233121373609026,Porto Nacional,Enecol Centro,"02/07/2026, 14:56:01",Outros,91928,URBANO,4,50,Sim,300,300,0,-10.6868536,-48.4017925,3,https://raw.githubusercontent.com/LGRSV/vera-vegetacao/main/fotos/Enecol-Centro/VER20260703233121373609026F1.jpg,Não
V20260703233128522184099,Porto Nacional,Enecol Centro,"02/07/2026, 15:01:22",Oiti,1187371,URBANO,4,50,Sim,300,300,0,-10.6874241,-48.4036798,3,https://raw.githubusercontent.com/LGRSV/vera-vegetacao/main/fotos/Enecol-Centro/VER20260703233128522184099F1.jpg,Não
V20260703233135052219046,Porto Nacional,Enecol Centro,"02/07/2026, 15:02:41",Mangueira,446206,URBANO,7,120,Sim,0,300,0,-10.6877121,-48.4038485,3,https://raw.githubusercontent.com/LGRSV/vera-vegetacao/main/fotos/Enecol-Centro/VER20260703233135052219046F1.jpg,Não
V20260703233141282919058,Porto Nacional,Enecol Centro,"02/07/2026, 15:03:58",Mangueira,1187371,URBANO,8,120,Sim,0,300,0,-10.6877527,-48.4038964,3,https://raw.githubusercontent.com/LGRSV/vera-vegetacao/main/fotos/Enecol-Centro/VER20260703233141282919058F1.jpg,Não
V20260703233150539517167,Porto Nacional,Enecol Centro,"02/07/2026, 15:06:00",Babaçu,446205,URBANO,7,80,Sim,0,300,0,-10.6879332,-48.4040352,3,https://raw.githubusercontent.com/LGRSV/vera-vegetacao/main/fotos/Enecol-Centro/VER20260703233150539517167F1.jpg,Não
V20260703233157133234542,Porto Nacional,Enecol Centro,"02/07/2026, 15:07:20",Babaçu,446205,URBANO,7,,Sim,0,200,0,-10.6878966,-48.4040403,3,https://raw.githubusercontent.com/LGRSV/vera-vegetacao/main/fotos/Enecol-Centro/VER20260703233157133234542F1.jpg,Não
V20260703233206175332700,Porto Nacional,Enecol Centro,"02/07/2026, 15:08:27",Mangueira,446204,URBANO,12,150,Sim,0,0,0,-10.6879992,-48.4040698,3,https://raw.githubusercontent.com/LGRSV/vera-vegetacao/main/fotos/Enecol-Centro/VER20260703233206175332700F1.jpg,Não
V20260703233212139456951,Porto Nacional,Enecol Centro,"02/07/2026, 15:09:45",Oiti,446204,URBANO,6,100,Sim,50,300,0,-10.6881909,-48.4040254,3,https://raw.githubusercontent.com/LGRSV/vera-vegetacao/main/fotos/Enecol-Centro/VER20260703233212139456951F1.jpg,Não
V20260703233224412249032,Porto Nacional,Enecol Centro,"02/07/2026, 15:16:12",Cajueiro,45898600,URBANO,7,70,Sim,50,300,0,-10.6893875,-48.4024024,3,https://raw.githubusercontent.com/LGRSV/vera-vegetacao/main/fotos/Enecol-Centro/VER20260703233224412249032F1.jpg,Sim
V20260703233231082598006,Porto Nacional,Enecol Centro,"02/07/2026, 15:18:02",Pequi,45898620,URBANO,10,110,Sim,0,50,0,-10.6892705,-48.4019871,3,https://raw.githubusercontent.com/LGRSV/vera-vegetacao/main/fotos/Enecol-Centro/VER20260703233231082598006F1.jpg,Sim
V20260703235907697357033,Porto Nacional,Enecol Centro,"02/07/2026, 15:19:44",Pequi,45898630,URBANO,11,130,Sim,50,50,0,-10.689219,-48.4017181,3,https://raw.githubusercontent.com/LGRSV/vera-vegetacao/main/fotos/Enecol-Centro/VER20260703235907697357033F1.jpg,Sim
V20260703235915930890771,Porto Nacional,Enecol Centro,"02/07/2026, 15:24:57",Mangueira,361350,URBANO,14,150,Sim,150,100,0,-10.6905788,-48.4039227,3,https://raw.githubusercontent.com/LGRSV/vera-vegetacao/main/fotos/Enecol-Centro/VER20260703235915930890771F1.jpg,Sim
V20260703235923630010009,Porto Nacional,Enecol Centro,"02/07/2026, 15:26:35",Jatobá,1603302,URBANO,20,200,Sim,200,150,0,-10.6906708,-48.4039799,3,https://raw.githubusercontent.com/LGRSV/vera-vegetacao/main/fotos/Enecol-Centro/VER20260703235923630010009F1.jpg,Não
V20260703235934428039136,Porto Nacional,Enecol Centro,"02/07/2026, 15:29:03",Outros,48337785,URBANO,8,100,Sim,50,150,0,-10.6908518,-48.4039879,3,https://raw.githubusercontent.com/LGRSV/vera-vegetacao/main/fotos/Enecol-Centro/VER20260703235934428039136F1.jpg,Não
V20260703235942090299482,Porto Nacional,Enecol Centro,"02/07/2026, 15:30:28",Outros,361350,URBANO,10,100,Sim,0,150,0,-10.6905752,-48.4038795,3,https://raw.githubusercontent.com/LGRSV/vera-vegetacao/main/fotos/Enecol-Centro/VER20260703235942090299482F1.jpg,Sim
V20260703235954725079351,Porto Nacional,Enecol Centro,"02/07/2026, 15:39:12",Outros,1066772,URBANO,7,80,Sim,50,50,0,-10.6924117,-48.4037679,3,https://raw.githubusercontent.com/LGRSV/vera-vegetacao/main/fotos/Enecol-Centro/VER20260703235954725079351F1.jpg,Não
V20260703235957726660503,Porto Nacional,Enecol Centro,"02/07/2026, 16:09:48",Outros,526714,URBANO,10,130,Sim,300,300,0,-10.6915066,-48.4064878,3,https://raw.githubusercontent.com/LGRSV/vera-vegetacao/main/fotos/Enecol-Centro/VER20260703235957726660503F1.jpg,Sim
V20260704001746622211000,Porto Nacional,Enecol Centro,"02/07/2026, 16:11:16",Outros,526714,URBANO,10,120,Sim,300,300,0,-10.6914432,-48.4065402,3,https://raw.githubusercontent.com/LGRSV/vera-vegetacao/main/fotos/Enecol-Centro/VER20260704001746622211000F1.jpg,Sim
V20260704001755659277368,Porto Nacional,Enecol Centro,"02/07/2026, 16:14:42",Mangueira,526718,URBANO,14,150,Sim,300,300,0,-10.6905602,-48.4070067,3,https://raw.githubusercontent.com/LGRSV/vera-vegetacao/main/fotos/Enecol-Centro/VER20260704001755659277368F1.jpg,Sim
V20260704001808038185690,Porto Nacional,Enecol Centro,"02/07/2026, 16:28:05",Outros,446554,URBANO,7,50,Sim,50,200,0,-10.6982108,-48.4114448,3,https://raw.githubusercontent.com/LGRSV/vera-vegetacao/main/fotos/Enecol-Centro/VER20260704001808038185690F1.jpg,Sim
V20260704001816302217244,Porto Nacional,Enecol Centro,"02/07/2026, 16:32:21",Mangueira,474160,URBANO,14,130,Sim,250,50,0,-10.696387,-48.4104363,3,https://raw.githubusercontent.com/LGRSV/vera-vegetacao/main/fotos/Enecol-Centro/VER20260704001816302217244F1.jpg,Não
V20260704001818182385742,Porto Nacional,Enecol Centro,"02/07/2026, 16:51:15",Outros,473884,URBANO,13,110,Sim,0,50,0,-10.6951056,-48.4100982,3,https://raw.githubusercontent.com/LGRSV/vera-vegetacao/main/fotos/Enecol-Centro/VER20260704001818182385742F1.jpg,Não
V20260704001900818873734,Porto Nacional,Enecol Centro,"02/07/2026, 16:54:14",Oiti,473929,URBANO,8,70,Sim,50,200,0,-10.6943098,-48.4099213,3,https://raw.githubusercontent.com/LGRSV/vera-vegetacao/main/fotos/Enecol-Centro/VER20260704001900818873734F1.jpg,Sim
V20260704001910814866710,Porto Nacional,Enecol Centro,"02/07/2026, 16:55:34",Oiti,473929,URBANO,6,60,Sim,50,200,0,-10.6943801,-48.4098398,3,https://raw.githubusercontent.com/LGRSV/vera-vegetacao/main/fotos/Enecol-Centro/VER20260704001910814866710F1.jpg,Não
V20260704001912765085901,Porto Nacional,Enecol Centro,"02/07/2026, 16:58:36",Oiti,473661,URBANO,7,70,Sim,50,300,0,-10.6940786,-48.4098058,3,https://raw.githubusercontent.com/LGRSV/vera-vegetacao/main/fotos/Enecol-Centro/VER20260704001912765085901F1.jpg,Não
V20260704001920205975231,Porto Nacional,Enecol Centro,"02/07/2026, 16:59:49",Oiti,473661,URBANO,7,50,Sim,50,300,0,-10.6940033,-48.4097305,3,https://raw.githubusercontent.com/LGRSV/vera-vegetacao/main/fotos/Enecol-Centro/VER20260704001920205975231F1.jpg,Não
V20260704001929444386573,Porto Nacional,Enecol Centro,"02/07/2026, 17:05:14",Oiti,47604190,URBANO,7,50,Sim,50,250,0,-10.6939646,-48.4083668,3,https://raw.githubusercontent.com/LGRSV/vera-vegetacao/main/fotos/Enecol-Centro/VER20260704001929444386573F1.jpg,Sim
V20260704001938557878217,Porto Nacional,Enecol Centro,"02/07/2026, 17:06:16",Outros,475630,URBANO,7,80,Sim,0,250,0,-10.6939246,-48.4084015,3,https://raw.githubusercontent.com/LGRSV/vera-vegetacao/main/fotos/Enecol-Centro/VER20260704001938557878217F1.jpg,Não
V20260704001941273944027,Porto Nacional,Enecol Centro,"02/07/2026, 17:07:57",Oiti,473188,URBANO,6,60,Sim,,300,0,-10.6943222,-48.4084813,3,https://raw.githubusercontent.com/LGRSV/vera-vegetacao/main/fotos/Enecol-Centro/VER20260704001941273944027F1.jpg,Não
V20260704001947980870501,Porto Nacional,Enecol Centro,"02/07/2026, 17:13:34",Outros,431192,URBANO,9,90,Sim,0,50,0,-10.6956606,-48.4081344,3,https://raw.githubusercontent.com/LGRSV/vera-vegetacao/main/fotos/Enecol-Centro/VER20260704001947980870501F1.jpg,Não
V20260704001958001533593,Porto Nacional,Enecol Centro,"02/07/2026, 17:15:30",Oiti,431659,URBANO,5.5,50,Sim,150,300,0,-10.6957294,-48.408039,3,https://raw.githubusercontent.com/LGRSV/vera-vegetacao/main/fotos/Enecol-Centro/VER20260704001958001533593F1.jpg,Não
V20260704002004715292601,Porto Nacional,Enecol Centro,"02/07/2026, 17:22:00",Oiti,1580117,URBANO,7.5,60,Sim,50,300,0,-10.6969703,-48.4073181,3,https://raw.githubusercontent.com/LGRSV/vera-vegetacao/main/fotos/Enecol-Centro/VER20260704002004715292601F1.jpg,Não
V20260704002011800132495,Porto Nacional,Enecol Centro,"02/07/2026, 17:24:03",Oiti,430651,URBANO,4,60,Sim,300,300,0,-10.6973509,-48.4073355,3,https://raw.githubusercontent.com/LGRSV/vera-vegetacao/main/fotos/Enecol-Centro/VER20260704002011800132495F1.jpg,Não
V20260704002018247646815,Porto Nacional,Enecol Centro,"02/07/2026, 17:30:54",Oiti,431972,URBANO,8,50,Sim,0,200,0,-10.6987616,-48.40769,3,https://raw.githubusercontent.com/LGRSV/vera-vegetacao/main/fotos/Enecol-Centro/VER20260704002018247646815F1.jpg,Não
V20260704002024600118802,Porto Nacional,Enecol Centro,"02/07/2026, 17:33:12",Oiti,430657,URBANO,12,130,Sim,300,50,0,-10.6993136,-48.4077376,3,https://raw.githubusercontent.com/LGRSV/vera-vegetacao/main/fotos/Enecol-Centro/VER20260704002024600118802F1.jpg,Não
V20260704002031338470341,Porto Nacional,Enecol Centro,"02/07/2026, 17:35:36",Outros,1275296,URBANO,11,70,Sim,300,50,0,-10.6999243,-48.4078858,3,https://raw.githubusercontent.com/LGRSV/vera-vegetacao/main/fotos/Enecol-Centro/VER20260704002031338470341F1.jpg,Não
V20260704002043554195254,Porto Nacional,Enecol Centro,"02/07/2026, 17:43:00",Oiti,1290023,URBANO,6,70,Sim,300,300,0,-10.6989146,-48.4071684,3,https://raw.githubusercontent.com/LGRSV/vera-vegetacao/main/fotos/Enecol-Centro/VER20260704002043554195254F1.jpg,Não
V20260704002052672298470,Porto Nacional,Enecol Centro,"02/07/2026, 17:44:24",Oiti,1275295,URBANO,5,50,Sim,300,300,0,-10.6989442,-48.4074875,3,https://raw.githubusercontent.com/LGRSV/vera-vegetacao/main/fotos/Enecol-Centro/VER20260704002052672298470F1.jpg,Não
V20260704002059087403104,Porto Nacional,Enecol Centro,"02/07/2026, 17:47:20",Mangueira,429056,URBANO,10,120,Sim,300,300,0,-10.6990859,-48.4062676,3,https://raw.githubusercontent.com/LGRSV/vera-vegetacao/main/fotos/Enecol-Centro/VER20260704002059087403104F1.jpg,Não
V20260704002109946197155,Porto Nacional,Enecol Centro,"02/07/2026, 18:03:05",Oiti,1585341,URBANO,5,50,Sim,300,200,0,-10.6976125,-48.4057881,3,https://raw.githubusercontent.com/LGRSV/vera-vegetacao/main/fotos/Enecol-Centro/VER20260704002109946197155F1.jpg,Não
V20260704002116123741638,Porto Nacional,Enecol Centro,"02/07/2026, 18:07:50",Outros,42233414,URBANO,10,70,Sim,0,50,0,-10.696758,-48.4041425,3,https://raw.githubusercontent.com/LGRSV/vera-vegetacao/main/fotos/Enecol-Centro/VER20260704002116123741638F1.jpg,Não
V20260704002122060561710,Porto Nacional,Enecol Centro,"03/07/2026, 15:13:42",Pequi,1603505,URBANO,11,130,Sim,300,50,0,-10.6735206,-48.4041721,3,https://raw.githubusercontent.com/LGRSV/vera-vegetacao/main/fotos/Enecol-Centro/VER20260704002122060561710F1.jpg,Não
V20260704002128286321427,Porto Nacional,Enecol Centro,"03/07/2026, 15:21:19",Outros,475122,URBANO,14,160,Sim,300,100,0,-10.6708083,-48.403495,3,https://raw.githubusercontent.com/LGRSV/vera-vegetacao/main/fotos/Enecol-Centro/VER20260704002128286321427F1.jpg,Não
V20260704002135083071557,Porto Nacional,Enecol Centro,"03/07/2026, 15:22:59",Mangueira,475122,URBANO,20,190,Sim,300,200,0,-10.6710575,-48.4038306,3,https://raw.githubusercontent.com/LGRSV/vera-vegetacao/main/fotos/Enecol-Centro/VER20260704002135083071557F1.jpg,Não
V20260704002142294409402,Porto Nacional,Enecol Centro,"03/07/2026, 15:24:18",Cajueiro,475122,URBANO,20,160,Sim,300,200,0,-10.6710603,-48.4038216,3,https://raw.githubusercontent.com/LGRSV/vera-vegetacao/main/fotos/Enecol-Centro/VER20260704002142294409402F1.jpg,Não
V20260704002157285075470,Porto Nacional,Enecol Centro,"03/07/2026, 15:25:34",Mangueira,475122,URBANO,20,180,Sim,300,200,0,-10.6710577,-48.4038234,3,https://raw.githubusercontent.com/LGRSV/vera-vegetacao/main/fotos/Enecol-Centro/VER20260704002157285075470F1.jpg,Não
V20260704002204499887885,Porto Nacional,Enecol Centro,"03/07/2026, 15:27:32",Cajueiro,475123,URBANO,15,160,Sim,300,200,0,-10.6714599,-48.4034734,3,https://raw.githubusercontent.com/LGRSV/vera-vegetacao/main/fotos/Enecol-Centro/VER20260704002204499887885F1.jpg,Não
V20260704002211541319055,Porto Nacional,Enecol Centro,"03/07/2026, 15:28:44",Outros,475123,URBANO,5,50,Sim,300,300,0,-10.6716373,-48.4032964,3,https://raw.githubusercontent.com/LGRSV/vera-vegetacao/main/fotos/Enecol-Centro/VER20260704002211541319055F1.jpg,Não
V20260704002218587870397,Porto Nacional,Enecol Centro,"03/07/2026, 15:47:07",Cajueiro,1861711,URBANO,5,50,Não,300,300,0,-10.6582244,-48.3981421,3,https://raw.githubusercontent.com/LGRSV/vera-vegetacao/main/fotos/Enecol-Centro/VER20260704002218587870397F1.jpg,Não
V20260704002225411527379,Porto Nacional,Enecol Centro,"03/07/2026, 16:03:06",Outros,832937,URBANO,15,145,Sim,200,50,0,-10.6791799,-48.4054863,3,https://raw.githubusercontent.com/LGRSV/vera-vegetacao/main/fotos/Enecol-Centro/VER20260704002225411527379F1.jpg,Não
V20260704002233799134308,Porto Nacional,Enecol Centro,"03/07/2026, 16:05:53",Pequi,1165316,URBANO,12,130,Sim,100,200,0,-10.6796907,-48.404096,3,https://raw.githubusercontent.com/LGRSV/vera-vegetacao/main/fotos/Enecol-Centro/VER20260704002233799134308F1.jpg,Não
V20260704002240186404805,Porto Nacional,Enecol Centro,"03/07/2026, 16:07:01",Oiti,474115,URBANO,7,50,Sim,0,200,0,-10.6798654,-48.4039449,3,https://raw.githubusercontent.com/LGRSV/vera-vegetacao/main/fotos/Enecol-Centro/VER20260704002240186404805F1.jpg,Não
V20260704002249281658071,Porto Nacional,Enecol Centro,"03/07/2026, 16:12:05",Oiti,527587,URBANO,4,30,Sim,,,0,-10.6716548,-48.4000889,3,https://raw.githubusercontent.com/LGRSV/vera-vegetacao/main/fotos/Enecol-Centro/VER20260704002249281658071F1.jpg,Não
V20260704002258703861710,Porto Nacional,Enecol Centro,"03/07/2026, 16:14:51",Outros,476064,URBANO,2,20,Sim,,,0,-10.6744386,-48.4012924,3,https://raw.githubusercontent.com/LGRSV/vera-vegetacao/main/fotos/Enecol-Centro/VER20260704002258703861710F1.jpg,Não
V20260704002305432823233,Porto Nacional,Enecol Centro,"03/07/2026, 16:16:58",Outros,476064,URBANO,2,20,Sim,,,0,-10.6748477,-48.4013022,3,https://raw.githubusercontent.com/LGRSV/vera-vegetacao/main/fotos/Enecol-Centro/VER20260704002305432823233F1.jpg,Não
V20260704002312258387398,Porto Nacional,Enecol Centro,"03/07/2026, 16:18:25",Outros,1888080,URBANO,2,20,Sim,,,0,-10.6747529,-48.4011653,3,https://raw.githubusercontent.com/LGRSV/vera-vegetacao/main/fotos/Enecol-Centro/VER20260704002312258387398F1.jpg,Não
V20260704002319027604936,Porto Nacional,Enecol Centro,"03/07/2026, 16:19:54",Oiti,476065,URBANO,2,20,Sim,,,0,-10.6754554,-48.4014682,3,https://raw.githubusercontent.com/LGRSV/vera-vegetacao/main/fotos/Enecol-Centro/VER20260704002319027604936F1.jpg,Não
V20260704002328684574281,Porto Nacional,Enecol Centro,"03/07/2026, 16:23:08",Oiti,527042,URBANO,2,20,Sim,,,0,-10.6759163,-48.401696,3,https://raw.githubusercontent.com/LGRSV/vera-vegetacao/main/fotos/Enecol-Centro/VER20260704002328684574281F1.jpg,Não
V20260704002337558773696,Porto Nacional,Enecol Centro,"03/07/2026, 16:24:22",Oiti,476066,URBANO,2,20,,,,0,-10.6760654,-48.4017493,3,https://raw.githubusercontent.com/LGRSV/vera-vegetacao/main/fotos/Enecol-Centro/VER20260704002337558773696F1.jpg,Não
V20260704002343603880328,Porto Nacional,Enecol Centro,"03/07/2026, 16:25:53",Oiti,52928120,URBANO,2,20,Sim,,,0,-10.6766946,-48.401648,3,https://raw.githubusercontent.com/LGRSV/vera-vegetacao/main/fotos/Enecol-Centro/VER20260704002343603880328F1.jpg,Sim
V20260704002350277066078,Porto Nacional,Enecol Centro,"03/07/2026, 16:58:10",Oiti,527304,URBANO,2,20,Sim,,,0,-10.6767444,-48.4019671,3,https://raw.githubusercontent.com/LGRSV/vera-vegetacao/main/fotos/Enecol-Centro/VER20260704002350277066078F1.jpg,Não
V20260704002658515296340,Porto Nacional,Enecol Centro,"03/07/2026, 16:59:30",Oiti,476067,URBANO,2,20,Sim,,,0,-10.6770214,-48.4021749,3,https://raw.githubusercontent.com/LGRSV/vera-vegetacao/main/fotos/Enecol-Centro/VER20260704002658515296340F1.jpg,Não
V20260704014207156519989,Porto Nacional,Enecol Centro,"03/07/2026, 17:00:45",Oiti,476067,URBANO,2,20,Sim,,,0,-10.676995,-48.4021166,3,https://raw.githubusercontent.com/LGRSV/vera-vegetacao/main/fotos/Enecol-Centro/VER20260704014207156519989F1.jpg,Não
V20260704014213574379386,Porto Nacional,Enecol Centro,"03/07/2026, 17:07:16",Oiti,527305,URBANO,2,20,Sim,,,0,-10.6776698,-48.402325,3,https://raw.githubusercontent.com/LGRSV/vera-vegetacao/main/fotos/Enecol-Centro/VER20260704014213574379386F1.jpg,Não
V20260704014222735601210,Porto Nacional,Enecol Centro,"03/07/2026, 17:09:19",Oiti,476068,URBANO,2,20,Sim,,,0,-10.6778993,-48.4024414,3,https://raw.githubusercontent.com/LGRSV/vera-vegetacao/main/fotos/Enecol-Centro/VER20260704014222735601210F1.jpg,Não
V20260704014229363914713,Porto Nacional,Enecol Centro,"03/07/2026, 17:12:04",Mangueira,476069,URBANO,3,30,Sim,,,0,-10.678469,-48.4027055,3,https://raw.githubusercontent.com/LGRSV/vera-vegetacao/main/fotos/Enecol-Centro/VER20260704014229363914713F1.jpg,Não
V20260704014239443781797,Porto Nacional,Enecol Centro,"03/07/2026, 17:13:15",Cajueiro,476069,URBANO,3.5,30,Sim,,,0,-10.6786575,-48.4028015,3,https://raw.githubusercontent.com/LGRSV/vera-vegetacao/main/fotos/Enecol-Centro/VER20260704014239443781797F1.jpg,Não
V20260704014249307673011,Porto Nacional,Enecol Centro,"03/07/2026, 17:19:17",Oiti,527300,URBANO,2,20,Sim,,,0,-10.6790005,-48.4028871,3,https://raw.githubusercontent.com/LGRSV/vera-vegetacao/main/fotos/Enecol-Centro/VER20260704014249307673011F1.jpg,Não
V20260704014256716900433,Porto Nacional,Enecol Centro,"03/07/2026, 17:20:27",Oiti,527302,URBANO,2,20,Sim,,,0,-10.6791669,-48.4029225,3,https://raw.githubusercontent.com/LGRSV/vera-vegetacao/main/fotos/Enecol-Centro/VER20260704014256716900433F1.jpg,Não
V20260706144601751503794,Porto Nacional,Enecol Centro,"06/07/2026, 14:45:59",Outros,1262744,URBANO,3.5,20,Sim,300,300,0,-10.6647805,-48.3998393,3,https://raw.githubusercontent.com/LGRSV/vera-vegetacao/main/fotos/Enecol-Centro/VER20260706144601751503794F1.jpg,Não
V20260706144731894677558,Porto Nacional,Enecol Centro,"06/07/2026, 14:47:28",Outros,1262744,URBANO,4,20,Sim,300,300,0,-10.6649818,-48.3995363,3,https://raw.githubusercontent.com/LGRSV/vera-vegetacao/main/fotos/Enecol-Centro/VER20260706144731894677558F1.jpg,Não
V20260706145222623368251,Porto Nacional,Enecol Centro,"06/07/2026, 14:52:19",Cajueiro,1446610,URBANO,7,50,Sim,100,300,0,-10.6694759,-48.3992148,3,https://raw.githubusercontent.com/LGRSV/vera-vegetacao/main/fotos/Enecol-Centro/VER20260706145222623368251F1.jpg,Não
V20260706145405000609421,Porto Nacional,Enecol Centro,"06/07/2026, 14:54:02",Eucalipto,1446610,URBANO,,70,,300,300,0,-10.6695988,-48.3992211,3,https://raw.githubusercontent.com/LGRSV/vera-vegetacao/main/fotos/Enecol-Centro/VER20260706145405000609421F1.jpg,Não
V20260706145607342034813,Porto Nacional,Enecol Centro,"06/07/2026, 14:56:04",Outros,527318,URBANO,17,140,Sim,300,300,0,-10.6702485,-48.3995309,3,https://raw.githubusercontent.com/LGRSV/vera-vegetacao/main/fotos/Enecol-Centro/VER20260706145607342034813F1.jpg,Não
V20260706150347292227426,Porto Nacional,Enecol Centro,"06/07/2026, 15:03:44",Oiti,527031,URBANO,2,25,Sim,300,300,0,-10.6804883,-48.403275,3,https://raw.githubusercontent.com/LGRSV/vera-vegetacao/main/fotos/Enecol-Centro/VER20260706150347292227426F1.jpg,Não
V20260706150442006992807,Porto Nacional,Enecol Centro,"06/07/2026, 15:04:39",Oiti,527031,URBANO,2,25,Sim,300,300,0,-10.6804575,-48.4034653,3,https://raw.githubusercontent.com/LGRSV/vera-vegetacao/main/fotos/Enecol-Centro/VER20260706150442006992807F1.jpg,Não
V20260706151036773389226,Porto Nacional,Enecol Centro,"06/07/2026, 15:10:35",Oiti,476070,URBANO,3.5,40,Sim,300,300,0,-10.6815559,-48.403861,3,https://raw.githubusercontent.com/LGRSV/vera-vegetacao/main/fotos/Enecol-Centro/VER20260706151036773389226F1.jpg,Não
V20260706151235200248833,Porto Nacional,Enecol Centro,"06/07/2026, 15:12:33",Oiti,476070,URBANO,4,40,Sim,300,300,0,-10.6815328,-48.4037954,3,https://raw.githubusercontent.com/LGRSV/vera-vegetacao/main/fotos/Enecol-Centro/VER20260706151235200248833F1.jpg,Não
V20260706151401715172471,Porto Nacional,Enecol Centro,"06/07/2026, 15:13:59",Oiti,476070,URBANO,4.5,40,Sim,300,300,0,-10.681579,-48.4040269,3,https://raw.githubusercontent.com/LGRSV/vera-vegetacao/main/fotos/Enecol-Centro/VER20260706151401715172471F1.jpg,Não
V20260706151506947104566,Porto Nacional,Enecol Centro,"06/07/2026, 15:15:03",Outros,476070,URBANO,4.5,40,Sim,300,300,0,-10.6815272,-48.4036467,3,https://raw.githubusercontent.com/LGRSV/vera-vegetacao/main/fotos/Enecol-Centro/VER20260706151506947104566F1.jpg,Não
V20260706151627116809996,Porto Nacional,Enecol Centro,"06/07/2026, 15:16:25",Oiti,476070,URBANO,4.5,40,Sim,300,300,0,-10.6816689,-48.4037697,3,https://raw.githubusercontent.com/LGRSV/vera-vegetacao/main/fotos/Enecol-Centro/VER20260706151627116809996F1.jpg,Não
V20260706151718367769795,Porto Nacional,Enecol Centro,"06/07/2026, 15:17:16",Oiti,527036,URBANO,4,60,Sim,300,300,0,-10.6816318,-48.4037963,3,https://raw.githubusercontent.com/LGRSV/vera-vegetacao/main/fotos/Enecol-Centro/VER20260706151718367769795F1.jpg,Não
V20260706151829461897776,Porto Nacional,Enecol Centro,"06/07/2026, 15:18:27",Oiti,527036,URBANO,3.5,40,Sim,300,300,0,-10.6816843,-48.4037955,3,https://raw.githubusercontent.com/LGRSV/vera-vegetacao/main/fotos/Enecol-Centro/VER20260706151829461897776F1.jpg,Não
V20260706151928872948465,Porto Nacional,Enecol Centro,"06/07/2026, 15:19:26",Oiti,527036,URBANO,4,40,Sim,300,300,0,-10.681846,-48.4038043,3,https://raw.githubusercontent.com/LGRSV/vera-vegetacao/main/fotos/Enecol-Centro/VER20260706151928872948465F1.jpg,Não
V20260706152044299465639,Porto Nacional,Enecol Centro,"06/07/2026, 15:20:41",Oiti,527029,URBANO,5,40,Sim,100,300,0,-10.6821023,-48.4040578,3,https://raw.githubusercontent.com/LGRSV/vera-vegetacao/main/fotos/Enecol-Centro/VER20260706152044299465639F1.jpg,Não
V20260706152145706576628,Porto Nacional,Enecol Centro,"06/07/2026, 15:21:42",Oiti,1784390,URBANO,6,50,Sim,50,300,0,-10.6822125,-48.4042276,3,https://raw.githubusercontent.com/LGRSV/vera-vegetacao/main/fotos/Enecol-Centro/VER20260706152145706576628F1.jpg,Não
V20260706152258370229298,Porto Nacional,Enecol Centro,"06/07/2026, 15:22:55",Oiti,476071,URBANO,6,40,Sim,300,300,0,-10.6822856,-48.4040787,3,https://raw.githubusercontent.com/LGRSV/vera-vegetacao/main/fotos/Enecol-Centro/VER20260706152258370229298F1.jpg,Não
V20260706152404569752020,Porto Nacional,Enecol Centro,"06/07/2026, 15:24:01",Oiti,1784395,URBANO,5,50,Sim,150,300,0,-10.6824144,-48.4042945,3,https://raw.githubusercontent.com/LGRSV/vera-vegetacao/main/fotos/Enecol-Centro/VER20260706152404569752020F1.jpg,Não
V20260706152539410179171,Porto Nacional,Enecol Centro,"06/07/2026, 15:25:36",Oiti,527040,URBANO,5,40,Sim,150,300,0,-10.6832325,-48.4046128,3,https://raw.githubusercontent.com/LGRSV/vera-vegetacao/main/fotos/Enecol-Centro/VER20260706152539410179171F1.jpg,Sim
V20260706152658922825932,Porto Nacional,Enecol Centro,"06/07/2026, 15:26:56",Oiti,1597343,URBANO,5.5,40,Sim,100,300,0,-10.6830263,-48.4044539,3,https://raw.githubusercontent.com/LGRSV/vera-vegetacao/main/fotos/Enecol-Centro/VER20260706152658922825932F1.jpg,Não
V20260706152823980146581,Porto Nacional,Enecol Centro,"06/07/2026, 15:28:21",Outros,527039,URBANO,7.5,60,Sim,0,200,0,-10.6830726,-48.4044063,3,https://raw.githubusercontent.com/LGRSV/vera-vegetacao/main/fotos/Enecol-Centro/VER20260706152823980146581F1.jpg,Não
V20260706154646983807770,Porto Nacional,Enecol Centro,"06/07/2026, 15:46:44",Oiti,527038,URBANO,7,50,Sim,50,300,0,-10.6845298,-48.4050094,3,https://raw.githubusercontent.com/LGRSV/vera-vegetacao/main/fotos/Enecol-Centro/VER20260706154646983807770F1.jpg,Não
V20260706154751928285315,Porto Nacional,Enecol Centro,"06/07/2026, 15:47:49",Oiti,527038,URBANO,7,70,Sim,50,300,0,-10.6847525,-48.4050018,3,https://raw.githubusercontent.com/LGRSV/vera-vegetacao/main/fotos/Enecol-Centro/VER20260706154751928285315F1.jpg,Não
V20260706154859169399029,Porto Nacional,Enecol Centro,"06/07/2026, 15:48:56",Oiti,471977,URBANO,7,60,Sim,0,300,0,-10.6848788,-48.4050126,3,https://raw.githubusercontent.com/LGRSV/vera-vegetacao/main/fotos/Enecol-Centro/VER20260706154859169399029F1.jpg,Não
V20260706155000227600147,Porto Nacional,Enecol Centro,"06/07/2026, 15:49:57",Oiti,1603473,URBANO,7,60,Sim,50,300,0,-10.6849053,-48.4047337,3,https://raw.githubusercontent.com/LGRSV/vera-vegetacao/main/fotos/Enecol-Centro/VER20260706155000227600147F1.jpg,Não
V20260706155120453673487,Porto Nacional,Enecol Centro,"06/07/2026, 15:51:18",Oiti,1603473,URBANO,4,40,Sim,300,300,0,-10.6849338,-48.4050179,3,https://raw.githubusercontent.com/LGRSV/vera-vegetacao/main/fotos/Enecol-Centro/VER20260706155120453673487F1.jpg,Não
V20260706155228310298494,Porto Nacional,Enecol Centro,"06/07/2026, 15:52:26",Oiti,1603473,URBANO,8,90,Sim,0,150,0,-10.6849643,-48.4050337,3,https://raw.githubusercontent.com/LGRSV/vera-vegetacao/main/fotos/Enecol-Centro/VER20260706155228310298494F1.jpg,Não
V20260706155339642075759,Porto Nacional,Enecol Centro,"06/07/2026, 15:53:37",Oiti,1603472,URBANO,8,80,Sim,0,100,0,-10.6851607,-48.4052563,3,https://raw.githubusercontent.com/LGRSV/vera-vegetacao/main/fotos/Enecol-Centro/VER20260706155339642075759F1.jpg,Não
V20260706155442688910067,Porto Nacional,Enecol Centro,"06/07/2026, 15:54:39",Mangueira,1603472,URBANO,3.5,30,Sim,300,300,0,-10.6851272,-48.4050985,3,https://raw.githubusercontent.com/LGRSV/vera-vegetacao/main/fotos/Enecol-Centro/VER20260706155442688910067F1.jpg,Não
V20260706155552412005861,Porto Nacional,Enecol Centro,"06/07/2026, 15:55:50",Cajueiro,1603472,URBANO,3,20,Sim,300,300,0,-10.6852556,-48.4052254,3,https://raw.githubusercontent.com/LGRSV/vera-vegetacao/main/fotos/Enecol-Centro/VER20260706155552412005861F1.jpg,Não
V20260706155714035958362,Porto Nacional,Enecol Centro,"06/07/2026, 15:57:11",Cajueiro,527032,URBANO,5.5,30,Sim,300,300,0,-10.6852085,-48.405253,3,https://raw.githubusercontent.com/LGRSV/vera-vegetacao/main/fotos/Enecol-Centro/VER20260706155714035958362F1.jpg,Não
V20260706155818587855662,Porto Nacional,Enecol Centro,"06/07/2026, 15:58:15",Cajueiro,527032,URBANO,7,50,Sim,50,300,0,-10.6851754,-48.4051178,3,https://raw.githubusercontent.com/LGRSV/vera-vegetacao/main/fotos/Enecol-Centro/VER20260706155818587855662F1.jpg,Não
V20260706160027008774049,Porto Nacional,Enecol Centro,"06/07/2026, 15:59:58",Cajueiro,527032,URBANO,7,50,Sim,50,300,0,-10.6852354,-48.4052758,3,https://raw.githubusercontent.com/LGRSV/vera-vegetacao/main/fotos/Enecol-Centro/VER20260706160027008774049F1.jpg,Sim
V20260706160229589885245,Porto Nacional,Enecol Centro,"06/07/2026, 16:02:26",Oiti,527032,URBANO,7.5,80,Sim,0,300,0,-10.6852312,-48.4052563,3,https://raw.githubusercontent.com/LGRSV/vera-vegetacao/main/fotos/Enecol-Centro/VER20260706160229589885245F1.jpg,Não
V20260706160355718843090,Porto Nacional,Enecol Centro,"06/07/2026, 16:03:52",Oiti,527032,URBANO,7.5,60,Sim,50,300,0,-10.6852989,-48.4052255,3,https://raw.githubusercontent.com/LGRSV/vera-vegetacao/main/fotos/Enecol-Centro/VER20260706160355718843090F1.jpg,Não
V20260706160507865033857,Porto Nacional,Enecol Centro,"06/07/2026, 16:05:05",Oiti,527032,URBANO,6,60,Sim,50,300,0,-10.6854255,-48.4054117,3,https://raw.githubusercontent.com/LGRSV/vera-vegetacao/main/fotos/Enecol-Centro/VER20260706160507865033857F1.jpg,Não
V20260706160619969503606,Porto Nacional,Enecol Centro,"06/07/2026, 16:06:16",Oiti,527026,URBANO,6,50,Sim,50,300,0,-10.6855182,-48.4054177,3,https://raw.githubusercontent.com/LGRSV/vera-vegetacao/main/fotos/Enecol-Centro/VER20260706160619969503606F1.jpg,Não
V20260706160725084818546,Porto Nacional,Enecol Centro,"06/07/2026, 16:07:22",Oiti,527026,URBANO,7,50,Sim,0,300,0,-10.6855472,-48.4052933,3,https://raw.githubusercontent.com/LGRSV/vera-vegetacao/main/fotos/Enecol-Centro/VER20260706160725084818546F1.jpg,Não
V20260706160829640785945,Porto Nacional,Enecol Centro,"06/07/2026, 16:08:26",Oiti,527032,URBANO,7.5,60,Sim,50,300,0,-10.685598,-48.40549,3,https://raw.githubusercontent.com/LGRSV/vera-vegetacao/main/fotos/Enecol-Centro/VER20260706160829640785945F1.jpg,Não
V20260706160949048688286,Porto Nacional,Enecol Centro,"06/07/2026, 16:09:46",Oiti,471978,URBANO,5.5,45,Sim,100,300,0,-10.6860101,-48.4055517,3,https://raw.githubusercontent.com/LGRSV/vera-vegetacao/main/fotos/Enecol-Centro/VER20260706160949048688286F1.jpg,Não
V20260706161135943999017,Porto Nacional,Enecol Centro,"06/07/2026, 16:11:32",Oiti,1603468,URBANO,5,50,Sim,250,300,0,-10.6862966,-48.4055365,3,https://raw.githubusercontent.com/LGRSV/vera-vegetacao/main/fotos/Enecol-Centro/VER20260706161135943999017F1.jpg,Não
V20260706161244073639469,Porto Nacional,Enecol Centro,"06/07/2026, 16:12:40",Oiti,1603308,URBANO,7,55,Sim,100,300,0,-10.6862063,-48.4056326,3,https://raw.githubusercontent.com/LGRSV/vera-vegetacao/main/fotos/Enecol-Centro/VER20260706161244073639469F1.jpg,Não
V20260706161420596268437,Porto Nacional,Enecol Centro,"06/07/2026, 16:14:17",Oiti,527025,URBANO,7,50,Sim,50,300,0,-10.6865388,-48.4058664,3,https://raw.githubusercontent.com/LGRSV/vera-vegetacao/main/fotos/Enecol-Centro/VER20260706161420596268437F1.jpg,Não
V20260706161544252774966,Porto Nacional,Enecol Centro,"06/07/2026, 16:15:40",Oiti,1784389,URBANO,6,60,Sim,100,300,0,-10.6863573,-48.4057674,3,https://raw.githubusercontent.com/LGRSV/vera-vegetacao/main/fotos/Enecol-Centro/VER20260706161544252774966F1.jpg,Não
V20260706161721451907456,Porto Nacional,Enecol Centro,"06/07/2026, 16:17:17",Oiti,1603468,URBANO,7,60,Sim,50,300,0,-10.686449,-48.4055993,3,https://raw.githubusercontent.com/LGRSV/vera-vegetacao/main/fotos/Enecol-Centro/VER20260706161721451907456F1.jpg,Não
V20260706161853068234143,Porto Nacional,Enecol Centro,"06/07/2026, 16:18:49",Oiti,1784389,URBANO,6.5,60,Sim,100,300,0,-10.6863133,-48.4059217,3,https://raw.githubusercontent.com/LGRSV/vera-vegetacao/main/fotos/Enecol-Centro/VER20260706161853068234143F1.jpg,Não
V20260706163915448410905,Porto Nacional,Enecol Centro,"06/07/2026, 16:39:12",Outros,1604807,URBANO,6.5,40,Sim,100,300,0,-10.6865209,-48.4059108,3,https://raw.githubusercontent.com/LGRSV/vera-vegetacao/main/fotos/Enecol-Centro/VER20260706163915448410905F1.jpg,Não
V20260706164028828184481,Porto Nacional,Enecol Centro,"06/07/2026, 16:40:25",Outros,1604807,URBANO,6,40,Sim,300,300,0,-10.6866298,-48.4058438,3,https://raw.githubusercontent.com/LGRSV/vera-vegetacao/main/fotos/Enecol-Centro/VER20260706164028828184481F1.jpg,Não
V20260706164137470930394,Porto Nacional,Enecol Centro,"06/07/2026, 16:41:34",Outros,527035,URBANO,6,50,Sim,300,300,0,-10.686626,-48.4058437,3,https://raw.githubusercontent.com/LGRSV/vera-vegetacao/main/fotos/Enecol-Centro/VER20260706164137470930394F1.jpg,Não
V20260706164247049871101,Porto Nacional,Enecol Centro,"06/07/2026, 16:42:43",Outros,1604807,URBANO,6,50,Sim,100,300,0,-10.6866854,-48.4058129,3,https://raw.githubusercontent.com/LGRSV/vera-vegetacao/main/fotos/Enecol-Centro/VER20260706164247049871101F1.jpg,Não
V20260706164426657913166,Porto Nacional,Enecol Centro,"06/07/2026, 16:44:23",Outros,1604807,URBANO,5,50,Sim,200,300,0,-10.6866671,-48.4058738,3,https://raw.githubusercontent.com/LGRSV/vera-vegetacao/main/fotos/Enecol-Centro/VER20260706164426657913166F1.jpg,Não
V20260706164552029692694,Porto Nacional,Enecol Centro,"06/07/2026, 16:45:48",Outros,1604807,URBANO,5,50,Sim,300,300,0,-10.6867319,-48.405965,3,https://raw.githubusercontent.com/LGRSV/vera-vegetacao/main/fotos/Enecol-Centro/VER20260706164552029692694F1.jpg,Não
V20260706164726249329068,Porto Nacional,Enecol Centro,"06/07/2026, 16:47:23",Outros,1604807,URBANO,6.5,70,Sim,0,250,0,-10.6867257,-48.4059089,3,https://raw.githubusercontent.com/LGRSV/vera-vegetacao/main/fotos/Enecol-Centro/VER20260706164726249329068F1.jpg,Não
V20260706164824121157033,Porto Nacional,Enecol Centro,"06/07/2026, 16:48:21",Outros,1604807,URBANO,6,40,Sim,0,300,0,-10.6867879,-48.4058951,3,https://raw.githubusercontent.com/LGRSV/vera-vegetacao/main/fotos/Enecol-Centro/VER20260706164824121157033F1.jpg,Não
V20260706165019470802598,Porto Nacional,Enecol Centro,"06/07/2026, 16:50:16",Outros,473983,URBANO,6,50,Sim,50,300,0,-10.6868057,-48.4058995,3,https://raw.githubusercontent.com/LGRSV/vera-vegetacao/main/fotos/Enecol-Centro/VER20260706165019470802598F1.jpg,Não
V20260707084830122903982,Porto Nacional,Enecol Centro,"07/07/2026, 08:48:27",Outros,473981,URBANO,7,50,Sim,50,300,0,-10.6875995,-48.4061255,3,https://raw.githubusercontent.com/LGRSV/vera-vegetacao/main/fotos/Enecol-Centro/VER20260707084830122903982F1.jpg,Sim
V20260707084940775658251,Porto Nacional,Enecol Centro,"07/07/2026, 08:49:38",Oiti,473981,URBANO,6,45,Sim,300,300,0,-10.6875423,-48.4060801,3,https://raw.githubusercontent.com/LGRSV/vera-vegetacao/main/fotos/Enecol-Centro/VER20260707084940775658251F1.jpg,Não
V20260707085053553958977,Porto Nacional,Enecol Centro,"07/07/2026, 08:50:51",Outros,473981,URBANO,6,75,Sim,300,300,0,-10.6875916,-48.4061341,3,https://raw.githubusercontent.com/LGRSV/vera-vegetacao/main/fotos/Enecol-Centro/VER20260707085053553958977F1.jpg,Não
V20260707085202823330347,Porto Nacional,Enecol Centro,"07/07/2026, 08:52:00",Outros,473981,URBANO,6,50,Sim,300,300,0,-10.6875754,-48.4061672,3,https://raw.githubusercontent.com/LGRSV/vera-vegetacao/main/fotos/Enecol-Centro/VER20260707085202823330347F1.jpg,Não
V20260707085320351617061,Porto Nacional,Enecol Centro,"07/07/2026, 08:53:17",Oiti,473981,URBANO,5,50,Sim,300,300,0,-10.6875676,-48.406049,3,https://raw.githubusercontent.com/LGRSV/vera-vegetacao/main/fotos/Enecol-Centro/VER20260707085320351617061F1.jpg,Não
V20260707085431897314428,Porto Nacional,Enecol Centro,"07/07/2026, 08:54:29",Outros,473981,URBANO,6.5,50,Sim,300,300,0,-10.6875456,-48.4060507,3,https://raw.githubusercontent.com/LGRSV/vera-vegetacao/main/fotos/Enecol-Centro/VER20260707085431897314428F1.jpg,Não
V20260707085531843313174,Porto Nacional,Enecol Centro,"07/07/2026, 08:55:29",Oiti,473981,URBANO,5,50,Sim,300,300,0,-10.6876115,-48.4061407,3,https://raw.githubusercontent.com/LGRSV/vera-vegetacao/main/fotos/Enecol-Centro/VER20260707085531843313174F1.jpg,Não
V20260707085704577683372,Porto Nacional,Enecol Centro,"07/07/2026, 08:57:02",Outros,91758,URBANO,7.5,50,Sim,100,300,0,-10.6878774,-48.4060331,3,https://raw.githubusercontent.com/LGRSV/vera-vegetacao/main/fotos/Enecol-Centro/VER20260707085704577683372F1.jpg,Não
V20260707085809423795173,Porto Nacional,Enecol Centro,"07/07/2026, 08:58:07",Oiti,91758,URBANO,7,70,Sim,0,300,0,-10.6877641,-48.4060503,3,https://raw.githubusercontent.com/LGRSV/vera-vegetacao/main/fotos/Enecol-Centro/VER20260707085809423795173F1.jpg,Não
V20260707090035634986789,Porto Nacional,Enecol Centro,"07/07/2026, 09:00:32",Outros,473981,URBANO,7,50,Sim,250,300,0,-10.687666,-48.4062024,3,https://raw.githubusercontent.com/LGRSV/vera-vegetacao/main/fotos/Enecol-Centro/VER20260707090035634986789F1.jpg,Não
V20260707090225784100714,Porto Nacional,Enecol Centro,"07/07/2026, 09:02:23",Outros,91758,URBANO,8,60,Sim,50,300,0,-10.6879037,-48.4061235,3,https://raw.githubusercontent.com/LGRSV/vera-vegetacao/main/fotos/Enecol-Centro/VER20260707090225784100714F1.jpg,Não
V20260707090341634226592,Porto Nacional,Enecol Centro,"07/07/2026, 09:03:38",Oiti,91758,URBANO,5,50,Sim,100,300,0,-10.6878556,-48.406097,3,https://raw.githubusercontent.com/LGRSV/vera-vegetacao/main/fotos/Enecol-Centro/VER20260707090341634226592F1.jpg,Não
V20260707090553966432190,Porto Nacional,Enecol Centro,"07/07/2026, 09:05:51",Outros,91758,URBANO,6,50,Sim,50,300,0,-10.6878483,-48.4061467,3,https://raw.githubusercontent.com/LGRSV/vera-vegetacao/main/fotos/Enecol-Centro/VER20260707090553966432190F1.jpg,Não
V20260707090726252576192,Porto Nacional,Enecol Centro,"07/07/2026, 09:07:23",Outros,1604271,URBANO,7,50,Sim,150,300,0,-10.6877371,-48.4062299,3,https://raw.githubusercontent.com/LGRSV/vera-vegetacao/main/fotos/Enecol-Centro/VER20260707090726252576192F1.jpg,Não
V20260707090859812848045,Porto Nacional,Enecol Centro,"07/07/2026, 09:08:30",Outros,527028,URBANO,5,50,Sim,50,300,0,-10.6877491,-48.4063599,3,https://raw.githubusercontent.com/LGRSV/vera-vegetacao/main/fotos/Enecol-Centro/VER20260707090859812848045F1.jpg,Sim
V20260707091032386930984,Porto Nacional,Enecol Centro,"07/07/2026, 09:10:29",Oiti,527028,URBANO,7,70,Sim,0,300,0,-10.6878458,-48.4061528,3,https://raw.githubusercontent.com/LGRSV/vera-vegetacao/main/fotos/Enecol-Centro/VER20260707091032386930984F1.jpg,Não
V20260707091154366490372,Porto Nacional,Enecol Centro,"07/07/2026, 09:11:51",Outros,527028,URBANO,8.5,65,Sim,100,300,0,-10.6878881,-48.4062159,3,https://raw.githubusercontent.com/LGRSV/vera-vegetacao/main/fotos/Enecol-Centro/VER20260707091154366490372F1.jpg,Não
V20260707091259311067492,Porto Nacional,Enecol Centro,"07/07/2026, 09:12:56",Outros,527028,URBANO,7.5,60,Sim,100,300,0,-10.6879657,-48.4063,3,https://raw.githubusercontent.com/LGRSV/vera-vegetacao/main/fotos/Enecol-Centro/VER20260707091259311067492F1.jpg,Não
V20260707091440945712850,Porto Nacional,Enecol Centro,"07/07/2026, 09:14:37",Oiti,527028,URBANO,5,50,Sim,50,300,0,-10.6879626,-48.4061888,3,https://raw.githubusercontent.com/LGRSV/vera-vegetacao/main/fotos/Enecol-Centro/VER20260707091440945712850F1.jpg,Não
V20260707091850048036231,Porto Nacional,Enecol Centro,"07/07/2026, 09:18:46",Outros,473980,URBANO,8,70,Sim,0,100,0,-10.6880987,-48.4062634,3,https://raw.githubusercontent.com/LGRSV/vera-vegetacao/main/fotos/Enecol-Centro/VER20260707091850048036231F1.jpg,Não
V20260707092030396497890,Porto Nacional,Enecol Centro,"07/07/2026, 09:20:27",Oiti,527028,URBANO,6.5,70,Sim,50,300,0,-10.6878754,-48.4061903,3,https://raw.githubusercontent.com/LGRSV/vera-vegetacao/main/fotos/Enecol-Centro/VER20260707092030396497890F1.jpg,Não
V20260707092211089543516,Porto Nacional,Enecol Centro,"07/07/2026, 09:22:07",Oiti,1604269,URBANO,6,50,Sim,50,300,0,-10.6882074,-48.4064913,3,https://raw.githubusercontent.com/LGRSV/vera-vegetacao/main/fotos/Enecol-Centro/VER20260707092211089543516F1.jpg,Não
V20260707092328246583283,Porto Nacional,Enecol Centro,"07/07/2026, 09:23:24",Oiti,1604269,URBANO,6.5,70,Sim,0,300,0,-10.6882783,-48.4064626,3,https://raw.githubusercontent.com/LGRSV/vera-vegetacao/main/fotos/Enecol-Centro/VER20260707092328246583283F1.jpg,Não
V20260707092459330370386,Porto Nacional,Enecol Centro,"07/07/2026, 09:24:56",Oiti,473977,URBANO,6,60,Sim,50,300,0,-10.6883842,-48.406483,3,https://raw.githubusercontent.com/LGRSV/vera-vegetacao/main/fotos/Enecol-Centro/VER20260707092459330370386F1.jpg,Não
V20260707092650569540928,Porto Nacional,Enecol Centro,"07/07/2026, 09:26:47",Oiti,473977,URBANO,6,60,Sim,50,300,0,-10.6884435,-48.4064712,3,https://raw.githubusercontent.com/LGRSV/vera-vegetacao/main/fotos/Enecol-Centro/VER20260707092650569540928F1.jpg,Não
V20260707092816731861836,Porto Nacional,Enecol Centro,"07/07/2026, 09:28:12",Oiti,474715,URBANO,6.5,60,Sim,50,300,0,-10.688605,-48.4064815,3,https://raw.githubusercontent.com/LGRSV/vera-vegetacao/main/fotos/Enecol-Centro/VER20260707092816731861836F1.jpg,Não
V20260707101149078499564,Porto Nacional,Enecol Centro,"07/07/2026, 10:11:45",Oiti,1603711,URBANO,6,50,Sim,50,300,0,-10.6892278,-48.406743,3,https://raw.githubusercontent.com/LGRSV/vera-vegetacao/main/fotos/Enecol-Centro/VER20260707101149078499564F1.jpg,Não
V20260707101251444211309,Porto Nacional,Enecol Centro,"07/07/2026, 10:12:48",Oiti,,URBANO,,,,,,0,-10.6893451,-48.4067665,3,https://raw.githubusercontent.com/LGRSV/vera-vegetacao/main/fotos/Enecol-Centro/VER20260707101251444211309F1.jpg,Não
V20260707101356536325557,Porto Nacional,Enecol Centro,"07/07/2026, 10:13:53",Oiti,474697,URBANO,7,50,Sim,50,300,0,-10.6893894,-48.4067809,3,https://raw.githubusercontent.com/LGRSV/vera-vegetacao/main/fotos/Enecol-Centro/VER20260707101356536325557F1.jpg,Não
V20260707101506551840104,Porto Nacional,Enecol Centro,"07/07/2026, 10:15:03",Oiti,474697,URBANO,6,50,Sim,50,300,0,-10.6894279,-48.4067961,3,https://raw.githubusercontent.com/LGRSV/vera-vegetacao/main/fotos/Enecol-Centro/VER20260707101506551840104F1.jpg,Não
V20260707101607092077361,Porto Nacional,Enecol Centro,"07/07/2026, 10:16:03",Oiti,474697,URBANO,5,45,Sim,250,300,0,-10.6895027,-48.4068047,3,https://raw.githubusercontent.com/LGRSV/vera-vegetacao/main/fotos/Enecol-Centro/VER20260707101607092077361F1.jpg,Não
V20260707101733427541867,Porto Nacional,Enecol Centro,"07/07/2026, 10:17:30",Oiti,474697,URBANO,7,50,Sim,0,300,0,-10.6895321,-48.4068366,3,https://raw.githubusercontent.com/LGRSV/vera-vegetacao/main/fotos/Enecol-Centro/VER20260707101733427541867F1.jpg,Não
V20260707101839707092409,Porto Nacional,Enecol Centro,"07/07/2026, 10:18:35",Oiti,474697,URBANO,6,60,Sim,100,300,0,-10.6896105,-48.4068477,3,https://raw.githubusercontent.com/LGRSV/vera-vegetacao/main/fotos/Enecol-Centro/VER20260707101839707092409F1.jpg,Não
V20260707101934925422971,Porto Nacional,Enecol Centro,"07/07/2026, 10:19:31",Oiti,,URBANO,,,,,,0,-10.6896572,-48.4068653,3,https://raw.githubusercontent.com/LGRSV/vera-vegetacao/main/fotos/Enecol-Centro/VER20260707101934925422971F1.jpg,Não
V20260707102106314981146,Porto Nacional,Enecol Centro,"07/07/2026, 10:21:02",Oiti,1604133,URBANO,7,50,Sim,150,300,0,-10.6896325,-48.4069429,3,https://raw.githubusercontent.com/LGRSV/vera-vegetacao/main/fotos/Enecol-Centro/VER20260707102106314981146F1.jpg,Não
V20260707143839430173227,Porto Nacional,Enecol Centro,"07/07/2026, 14:38:35",Oiti,473715,URBANO,5,40,Sim,300,300,0,-10.6898479,-48.4069302,3,https://raw.githubusercontent.com/LGRSV/vera-vegetacao/main/fotos/Enecol-Centro/VER20260707143839430173227F1.jpg,Não
V20260707143941829120392,Porto Nacional,Enecol Centro,"07/07/2026, 14:39:38",Oiti,1603580,URBANO,6,50,Sim,150,300,0,-10.6898022,-48.4071345,3,https://raw.githubusercontent.com/LGRSV/vera-vegetacao/main/fotos/Enecol-Centro/VER20260707143941829120392F1.jpg,Não
V20260707144141352097301,Porto Nacional,Enecol Centro,"07/07/2026, 14:41:36",Oiti,1603580,URBANO,6,40,Sim,300,300,0,-10.6899805,-48.4070477,3,https://raw.githubusercontent.com/LGRSV/vera-vegetacao/main/fotos/Enecol-Centro/VER20260707144141352097301F1.jpg,Não
V20260707144434521869429,Porto Nacional,Enecol Centro,"07/07/2026, 14:44:30",Oiti,1603580,URBANO,5,40,Sim,300,300,0,-10.689972,-48.4070723,3,https://raw.githubusercontent.com/LGRSV/vera-vegetacao/main/fotos/Enecol-Centro/VER20260707144434521869429F1.jpg,Não
V20260707144552985742828,Porto Nacional,Enecol Centro,"07/07/2026, 14:45:49",Oiti,526710,URBANO,5,40,Sim,200,300,0,-10.6900539,-48.4071055,3,https://raw.githubusercontent.com/LGRSV/vera-vegetacao/main/fotos/Enecol-Centro/VER20260707144552985742828F1.jpg,Não
V20260707144700779243549,Porto Nacional,Enecol Centro,"07/07/2026, 14:46:56",Oiti,526710,URBANO,3,30,Sim,300,300,0,-10.6901388,-48.4072255,3,https://raw.githubusercontent.com/LGRSV/vera-vegetacao/main/fotos/Enecol-Centro/VER20260707144700779243549F1.jpg,Não
V20260707144825777046766,Porto Nacional,Enecol Centro,"07/07/2026, 14:48:21",Oiti,1603579,URBANO,6,60,Sim,200,300,0,-10.6900846,-48.4073101,3,https://raw.githubusercontent.com/LGRSV/vera-vegetacao/main/fotos/Enecol-Centro/VER20260707144825777046766F1.jpg,Não
V20260707145538881697385,Porto Nacional,Enecol Centro,"07/07/2026, 14:55:35",Oiti,1603579,URBANO,6,55,Sim,50,300,0,-10.6904883,-48.4073333,3,https://raw.githubusercontent.com/LGRSV/vera-vegetacao/main/fotos/Enecol-Centro/VER20260707145538881697385F1.jpg,Não
V20260707145713428554662,Porto Nacional,Enecol Centro,"07/07/2026, 14:57:09",Oiti,471954,URBANO,7,70,Sim,50,300,0,-10.6906551,-48.4073245,3,https://raw.githubusercontent.com/LGRSV/vera-vegetacao/main/fotos/Enecol-Centro/VER20260707145713428554662F1.jpg,Não
V20260707150251049266939,Porto Nacional,Enecol Centro,"07/07/2026, 15:02:47",Outros,1604663,URBANO,9,80,Sim,,50,0,-10.6908348,-48.4073614,3,https://raw.githubusercontent.com/LGRSV/vera-vegetacao/main/fotos/Enecol-Centro/VER20260707150251049266939F1.jpg,Não
V20260707151837227319567,Porto Nacional,Enecol Centro,"07/07/2026, 15:18:32",Outros,1604664,URBANO,9,80,Sim,,100,0,-10.6909741,-48.4074112,3,https://raw.githubusercontent.com/LGRSV/vera-vegetacao/main/fotos/Enecol-Centro/VER20260707151837227319567F1.jpg,Não
V20260707152022186268936,Porto Nacional,Enecol Centro,"07/07/2026, 15:20:15",Outros,1604664,URBANO,8,80,Sim,,100,0,-10.6911569,-48.4075498,3,https://raw.githubusercontent.com/LGRSV/vera-vegetacao/main/fotos/Enecol-Centro/VER20260707152022186268936F1.jpg,Não
V20260707152311732323481,Porto Nacional,Enecol Centro,"07/07/2026, 15:23:07",Outros,,URBANO,8,75,Sim,,150,0,-10.6912878,-48.4075608,3,https://raw.githubusercontent.com/LGRSV/vera-vegetacao/main/fotos/Enecol-Centro/VER20260707152311732323481F1.jpg,Não
V20260707152456173788761,Porto Nacional,Enecol Centro,"07/07/2026, 15:24:52",Outros,471955,URBANO,7,70,Sim,,300,0,-10.6913978,-48.4075767,3,https://raw.githubusercontent.com/LGRSV/vera-vegetacao/main/fotos/Enecol-Centro/VER20260707152456173788761F1.jpg,Não
V20260707152703734407910,Porto Nacional,Enecol Centro,"07/07/2026, 15:26:58",Outros,1604666,URBANO,7,120,Sim,,200,0,-10.6914741,-48.4076761,3,https://raw.githubusercontent.com/LGRSV/vera-vegetacao/main/fotos/Enecol-Centro/VER20260707152703734407910F1.jpg,Não
V20260707153209925756460,Porto Nacional,Enecol Centro,"07/07/2026, 15:32:05",Pequi,475764,URBANO,12,120,Sim,,150,0,-10.6919567,-48.4077884,3,https://raw.githubusercontent.com/LGRSV/vera-vegetacao/main/fotos/Enecol-Centro/VER20260707153209925756460F1.jpg,Não
V20260707153339313195423,Porto Nacional,Enecol Centro,"07/07/2026, 15:33:34",Outros,475764,URBANO,11,120,Sim,,200,0,-10.6919049,-48.4077792,3,https://raw.githubusercontent.com/LGRSV/vera-vegetacao/main/fotos/Enecol-Centro/VER20260707153339313195423F1.jpg,Não
V20260707153620536315700,Porto Nacional,Enecol Centro,"07/07/2026, 15:36:15",Jatobá,475765,URBANO,7.5,80,Sim,,300,0,-10.6923983,-48.4079179,3,https://raw.githubusercontent.com/LGRSV/vera-vegetacao/main/fotos/Enecol-Centro/VER20260707153620536315700F1.jpg,Não
V20260707163245962113314,Porto Nacional,Enecol Centro,"07/07/2026, 16:32:41",Coqueiro,526717,URBANO,4,20,Sim,,,0,-10.6926385,-48.4067642,3,https://raw.githubusercontent.com/LGRSV/vera-vegetacao/main/fotos/Enecol-Centro/VER20260707163245962113314F1.jpg,Não
V20260707163604045025178,Porto Nacional,Enecol Centro,"07/07/2026, 16:35:59",Oiti,526706,URBANO,3,20,Sim,,,0,-10.6926873,-48.4062312,3,https://raw.githubusercontent.com/LGRSV/vera-vegetacao/main/fotos/Enecol-Centro/VER20260707163604045025178F1.jpg,Não
V20260707163738891232711,Porto Nacional,Enecol Centro,"07/07/2026, 16:37:34",Outros,526706,URBANO,,20,Sim,,,0,-10.6927825,-48.4060194,3,https://raw.githubusercontent.com/LGRSV/vera-vegetacao/main/fotos/Enecol-Centro/VER20260707163738891232711F1.jpg,Não
V20260707163928064973856,Porto Nacional,Enecol Centro,"07/07/2026, 16:39:23",Oiti,526713,URBANO,6,70,Sim,300,300,0,-10.6927219,-48.4056761,3,https://raw.githubusercontent.com/LGRSV/vera-vegetacao/main/fotos/Enecol-Centro/VER20260707163928064973856F1.jpg,Não
V20260707164051967653800,Porto Nacional,Enecol Centro,"07/07/2026, 16:40:45",Oiti,473333,URBANO,6,50,Sim,50,300,0,-10.6927829,-48.4054288,3,https://raw.githubusercontent.com/LGRSV/vera-vegetacao/main/fotos/Enecol-Centro/VER20260707164051967653800F1.jpg,Não
V20260707164209653417553,Porto Nacional,Enecol Centro,"07/07/2026, 16:42:04",Oiti,526715,URBANO,6,50,Sim,50,300,0,-10.6927915,-48.4054581,3,https://raw.githubusercontent.com/LGRSV/vera-vegetacao/main/fotos/Enecol-Centro/VER20260707164209653417553F1.jpg,Não
V20260707165938966536937,Porto Nacional,Enecol Centro,"07/07/2026, 16:59:34",Mangueira,1066770,URBANO,7,60,Sim,,300,0,-10.6927286,-48.4042779,3,https://raw.githubusercontent.com/LGRSV/vera-vegetacao/main/fotos/Enecol-Centro/VER20260707165938966536937F1.jpg,Não
V20260707170306845485741,Porto Nacional,Enecol Centro,"07/07/2026, 17:03:00",Pequi,473338,URBANO,9,130,Sim,300,300,0,-10.6928072,-48.4047061,3,https://raw.githubusercontent.com/LGRSV/vera-vegetacao/main/fotos/Enecol-Centro/VER20260707170306845485741F1.jpg,Sim
V20260707172105157450999,Porto Nacional,Enecol Centro,"07/07/2026, 17:21:01",Oiti,31360347,URBANO,6,60,Sim,300,300,0,-10.6923673,-48.4035889,3,https://raw.githubusercontent.com/LGRSV/vera-vegetacao/main/fotos/Enecol-Centro/VER20260707172105157450999F1.jpg,Não
V20260708084438216040514,Porto Nacional,Enecol Centro,"08/07/2026, 08:44:37",Cajueiro,31360549,URBANO,5,35,Sim,,300,0,-10.6876022,-48.3913693,3,https://raw.githubusercontent.com/LGRSV/vera-vegetacao/main/fotos/Enecol-Centro/VER20260708084438216040514F1.jpg,Não
V20260708084910231719433,Porto Nacional,Enecol Centro,"08/07/2026, 08:49:09",Mangueira,449539,URBANO,11,130,Sim,,50,0,-10.6876335,-48.3913118,3,https://raw.githubusercontent.com/LGRSV/vera-vegetacao/main/fotos/Enecol-Centro/VER20260708084910231719433F1.jpg,Não
V20260708085049857557239,Porto Nacional,Enecol Centro,"08/07/2026, 08:50:48",Cajueiro,449540,URBANO,8,120,Sim,50,300,0,-10.6877852,-48.3918093,3,https://raw.githubusercontent.com/LGRSV/vera-vegetacao/main/fotos/Enecol-Centro/VER20260708085049857557239F1.jpg,Não
V20260708085239383592642,Porto Nacional,Enecol Centro,"08/07/2026, 08:52:38",Outros,1106558,URBANO,13,120,Sim,50,100,0,-10.6879381,-48.3919724,3,https://raw.githubusercontent.com/LGRSV/vera-vegetacao/main/fotos/Enecol-Centro/VER20260708085239383592642F1.jpg,Não
V20260708085633206328842,Porto Nacional,Enecol Centro,"08/07/2026, 08:56:32",Coqueiro,31360545,URBANO,3.5,30,Sim,,300,0,-10.6881034,-48.392713,3,https://raw.githubusercontent.com/LGRSV/vera-vegetacao/main/fotos/Enecol-Centro/VER20260708085633206328842F1.jpg,Não
V20260708085832874244357,Porto Nacional,Enecol Centro,"08/07/2026, 08:58:31",Cajueiro,541976,URBANO,,50,Sim,50,300,0,-10.6882179,-48.3923789,3,https://raw.githubusercontent.com/LGRSV/vera-vegetacao/main/fotos/Enecol-Centro/VER20260708085832874244357F1.jpg,Não
V20260708090009490998717,Porto Nacional,Enecol Centro,"08/07/2026, 09:00:08",Cajueiro,1106557,URBANO,7,100,Sim,50,300,0,-10.6881657,-48.3928263,3,https://raw.githubusercontent.com/LGRSV/vera-vegetacao/main/fotos/Enecol-Centro/VER20260708090009490998717F1.jpg,Não
V20260708090115829199856,Porto Nacional,Enecol Centro,"08/07/2026, 09:01:14",Cajueiro,31360545,URBANO,6,80,Sim,50,300,0,-10.6881807,-48.392669,3,https://raw.githubusercontent.com/LGRSV/vera-vegetacao/main/fotos/Enecol-Centro/VER20260708090115829199856F1.jpg,Não
V20260708090311456114820,Porto Nacional,Enecol Centro,"08/07/2026, 09:03:10",Cajueiro,449542,URBANO,6.5,80,Sim,50,300,0,-10.6882373,-48.392906,3,https://raw.githubusercontent.com/LGRSV/vera-vegetacao/main/fotos/Enecol-Centro/VER20260708090311456114820F1.jpg,Não
V20260708090528724442483,Porto Nacional,Enecol Centro,"08/07/2026, 09:05:27",Cajueiro,449542,URBANO,7.5,90,Sim,150,300,0,-10.6883425,-48.3930059,3,https://raw.githubusercontent.com/LGRSV/vera-vegetacao/main/fotos/Enecol-Centro/VER20260708090528724442483F1.jpg,Não
V20260708090755103230683,Porto Nacional,Enecol Centro,"08/07/2026, 09:07:54",Cajueiro,449542,URBANO,7,85,Sim,,300,0,-10.6884115,-48.3930419,3,https://raw.githubusercontent.com/LGRSV/vera-vegetacao/main/fotos/Enecol-Centro/VER20260708090755103230683F1.jpg,Não
V20260708091149996719543,Porto Nacional,Enecol Centro,"08/07/2026, 09:11:49",Cajueiro,1836191,URBANO,3,25,Sim,,300,0,-10.6889701,-48.392944,3,https://raw.githubusercontent.com/LGRSV/vera-vegetacao/main/fotos/Enecol-Centro/VER20260708091149996719543F1.jpg,Não
V20260708091819730156531,Porto Nacional,Enecol Centro,"08/07/2026, 09:18:18",Cajueiro,449543,URBANO,6,40,Sim,,300,0,-10.6887956,-48.3928332,3,https://raw.githubusercontent.com/LGRSV/vera-vegetacao/main/fotos/Enecol-Centro/VER20260708091819730156531F1.jpg,Não
V20260708091918964317825,Porto Nacional,Enecol Centro,"08/07/2026, 09:19:18",Cajueiro,449543,URBANO,6,40,Sim,,300,0,-10.6889329,-48.3929144,3,https://raw.githubusercontent.com/LGRSV/vera-vegetacao/main/fotos/Enecol-Centro/VER20260708091918964317825F1.jpg,Sim
V20260708092110500458631,Porto Nacional,Enecol Centro,"08/07/2026, 09:21:09",Cajueiro,449543,URBANO,5,50,Sim,,300,0,-10.6887501,-48.3928257,3,https://raw.githubusercontent.com/LGRSV/vera-vegetacao/main/fotos/Enecol-Centro/VER20260708092110500458631F1.jpg,Não
V20260708092204887003191,Porto Nacional,Enecol Centro,"08/07/2026, 09:22:03",Cajueiro,449543,URBANO,7,90,Sim,,300,0,-10.688678,-48.3928809,3,https://raw.githubusercontent.com/LGRSV/vera-vegetacao/main/fotos/Enecol-Centro/VER20260708092204887003191F1.jpg,Não
V20260708092307838046061,Porto Nacional,Enecol Centro,"08/07/2026, 09:23:06",Cajueiro,449543,URBANO,7,50,Sim,,300,0,-10.6887643,-48.3928142,3,https://raw.githubusercontent.com/LGRSV/vera-vegetacao/main/fotos/Enecol-Centro/VER20260708092307838046061F1.jpg,Não
V20260708092423274255372,Porto Nacional,Enecol Centro,"08/07/2026, 09:24:22",Cajueiro,449543,URBANO,8,100,Sim,,50,0,-10.688576,-48.3929368,3,https://raw.githubusercontent.com/LGRSV/vera-vegetacao/main/fotos/Enecol-Centro/VER20260708092423274255372F1.jpg,Não
V20260708092610007685831,Porto Nacional,Enecol Centro,"08/07/2026, 09:26:09",Cajueiro,449543,URBANO,8,100,Sim,,50,0,-10.6881686,-48.3931227,3,https://raw.githubusercontent.com/LGRSV/vera-vegetacao/main/fotos/Enecol-Centro/VER20260708092610007685831F1.jpg,Não
V20260708093016179549282,Porto Nacional,Enecol Centro,"08/07/2026, 09:30:15",Oiti,31360543,URBANO,12,120,Sim,0,300,0,-10.6881534,-48.3932622,3,https://raw.githubusercontent.com/LGRSV/vera-vegetacao/main/fotos/Enecol-Centro/VER20260708093016179549282F1.jpg,Não
V20260708093123675642157,Porto Nacional,Enecol Centro,"08/07/2026, 09:31:22",Oiti,31360543,URBANO,10,110,Sim,0,100,0,-10.6881817,-48.3932844,3,https://raw.githubusercontent.com/LGRSV/vera-vegetacao/main/fotos/Enecol-Centro/VER20260708093123675642157F1.jpg,Não
V20260708093242668088917,Porto Nacional,Enecol Centro,"08/07/2026, 09:32:41",Oiti,31360543,URBANO,11,130,Sim,0,50,0,-10.6882668,-48.3933015,4,https://raw.githubusercontent.com/LGRSV/vera-vegetacao/main/fotos/Enecol-Centro/VER20260708093242668088917F1.jpg,Não
V20260708093457232759426,Porto Nacional,Enecol Centro,"08/07/2026, 09:34:56",Mangueira,31360543,URBANO,10,110,Sim,50,300,0,-10.6882837,-48.3933463,3,https://raw.githubusercontent.com/LGRSV/vera-vegetacao/main/fotos/Enecol-Centro/VER20260708093457232759426F1.jpg,Não
V20260708102019161732875,Porto Nacional,Enecol Centro,"08/07/2026, 10:20:18",Outros,31360526,URBANO,8,100,Sim,50,300,0,-10.6896513,-48.3970161,3,https://raw.githubusercontent.com/LGRSV/vera-vegetacao/main/fotos/Enecol-Centro/VER20260708102019161732875F1.jpg,Não
V20260708102135199125151,Porto Nacional,Enecol Centro,"08/07/2026, 10:21:34",Outros,31360521,URBANO,11,90,Sim,0,50,0,-10.6896429,-48.3973144,3,https://raw.githubusercontent.com/LGRSV/vera-vegetacao/main/fotos/Enecol-Centro/VER20260708102135199125151F1.jpg,Não
V20260708103339531070875,Porto Nacional,Enecol Centro,"08/07/2026, 10:33:38",Pequi,31360471,URBANO,10,120,Sim,300,300,0,-10.6903516,-48.3987399,3,https://raw.githubusercontent.com/LGRSV/vera-vegetacao/main/fotos/Enecol-Centro/VER20260708103339531070875F1.jpg,Não
V20260708104407982231620,Porto Nacional,Enecol Centro,"08/07/2026, 10:44:06",Pequi,31360456,URBANO,10,110,Sim,,50,0,-10.6908944,-48.4004562,3,https://raw.githubusercontent.com/LGRSV/vera-vegetacao/main/fotos/Enecol-Centro/VER20260708104407982231620F1.jpg,Não
V20260708104551277778500,Porto Nacional,Enecol Centro,"08/07/2026, 10:45:50",Oiti,445748,URBANO,9,110,Sim,0,200,0,-10.6909136,-48.4002492,3,https://raw.githubusercontent.com/LGRSV/vera-vegetacao/main/fotos/Enecol-Centro/VER20260708104551277778500F1.jpg,Não
V20260708104713231131640,Porto Nacional,Enecol Centro,"08/07/2026, 10:47:12",Cajueiro,445748,URBANO,10,80,Sim,,150,0,-10.6912138,-48.400164,3,https://raw.githubusercontent.com/LGRSV/vera-vegetacao/main/fotos/Enecol-Centro/VER20260708104713231131640F1.jpg,Não
V20260708104950974403987,Porto Nacional,Enecol Centro,"08/07/2026, 10:49:49",Cajueiro,31360454,URBANO,7,40,Sim,,300,0,-10.6912603,-48.4011589,3,https://raw.githubusercontent.com/LGRSV/vera-vegetacao/main/fotos/Enecol-Centro/VER20260708104950974403987F1.jpg,Não
V20260708105210585393582,Porto Nacional,Enecol Centro,"08/07/2026, 10:52:09",Outros,1602880,URBANO,7,100,Sim,150,300,0,-10.6913643,-48.4015749,3,https://raw.githubusercontent.com/LGRSV/vera-vegetacao/main/fotos/Enecol-Centro/VER20260708105210585393582F1.jpg,Não
V20260708105623650457843,Porto Nacional,Enecol Centro,"08/07/2026, 10:56:22",Mangueira,1066773,URBANO,7,45,Sim,50,300,0,-10.6917979,-48.4022709,3,https://raw.githubusercontent.com/LGRSV/vera-vegetacao/main/fotos/Enecol-Centro/VER20260708105623650457843F1.jpg,Não
V20260708105752252540454,Porto Nacional,Enecol Centro,"08/07/2026, 10:57:51",Outros,31360418,URBANO,5,50,Sim,300,300,0,-10.6918876,-48.4027773,3,https://raw.githubusercontent.com/LGRSV/vera-vegetacao/main/fotos/Enecol-Centro/VER20260708105752252540454F1.jpg,Não
V20260708105911546961499,Porto Nacional,Enecol Centro,"08/07/2026, 10:59:10",Oiti,31360371,URBANO,6,65,Sim,50,300,0,-10.6921299,-48.4030652,3,https://raw.githubusercontent.com/LGRSV/vera-vegetacao/main/fotos/Enecol-Centro/VER20260708105911546961499F1.jpg,Não
V20260708110008104191017,Porto Nacional,Enecol Centro,"08/07/2026, 11:00:07",Oiti,31360371,URBANO,6,45,Sim,50,300,0,-10.6921206,-48.4031592,3,https://raw.githubusercontent.com/LGRSV/vera-vegetacao/main/fotos/Enecol-Centro/VER20260708110008104191017F1.jpg,Não
V20260708110125754877181,Porto Nacional,Enecol Centro,"08/07/2026, 11:01:24",Mangueira,31360371,URBANO,8,70,Sim,,200,0,-10.6921722,-48.4030927,3,https://raw.githubusercontent.com/LGRSV/vera-vegetacao/main/fotos/Enecol-Centro/VER20260708110125754877181F1.jpg,Não
V20260708110349885736927,Porto Nacional,Enecol Centro,"08/07/2026, 11:03:48",Cajueiro,31360371,URBANO,4,40,Sim,0,300,0,-10.6921241,-48.4030935,3,https://raw.githubusercontent.com/LGRSV/vera-vegetacao/main/fotos/Enecol-Centro/VER20260708110349885736927F1.jpg,Não
V20260708142022773800895,Porto Nacional,Enecol Centro,"08/07/2026, 14:20:21",Oiti,31360418,URBANO,3.5,60,Sim,,300,0,-10.6918963,-48.4022872,3,https://raw.githubusercontent.com/LGRSV/vera-vegetacao/main/fotos/Enecol-Centro/VER20260708142022773800895F1.jpg,Não
V20260708142113130649721,Porto Nacional,Enecol Centro,"08/07/2026, 14:21:12",Oiti,1066773,URBANO,3.5,50,Sim,,300,0,-10.6918936,-48.4021935,3,https://raw.githubusercontent.com/LGRSV/vera-vegetacao/main/fotos/Enecol-Centro/VER20260708142113130649721F1.jpg,Não
V20260708142235874186224,Porto Nacional,Enecol Centro,"08/07/2026, 14:22:34",Cajueiro,1066773,URBANO,8,80,Sim,,50,0,-10.6918077,-48.4020461,3,https://raw.githubusercontent.com/LGRSV/vera-vegetacao/main/fotos/Enecol-Centro/VER20260708142235874186224F1.jpg,Não
V20260708142352815918000,Porto Nacional,Enecol Centro,"08/07/2026, 14:23:51",Oiti,1066773,URBANO,7,50,Sim,,300,0,-10.6917413,-48.4019715,3,https://raw.githubusercontent.com/LGRSV/vera-vegetacao/main/fotos/Enecol-Centro/VER20260708142352815918000F1.jpg,Não
V20260708142608510520932,Porto Nacional,Enecol Centro,"08/07/2026, 14:26:07",Oiti,31360431,URBANO,7,50,Sim,,300,0,-10.6917013,-48.401941,3,https://raw.githubusercontent.com/LGRSV/vera-vegetacao/main/fotos/Enecol-Centro/VER20260708142608510520932F1.jpg,Não
V20260708142749319095777,Porto Nacional,Enecol Centro,"08/07/2026, 14:27:48",Oiti,1066773,URBANO,7,45,Sim,,300,0,-10.6916465,-48.401935,3,https://raw.githubusercontent.com/LGRSV/vera-vegetacao/main/fotos/Enecol-Centro/VER20260708142749319095777F1.jpg,Não
V20260708144055233019387,Porto Nacional,Enecol Centro,"08/07/2026, 14:40:54",Pequi,832939,URBANO,8,110,Sim,300,300,0,-10.6934884,-48.4077688,3,https://raw.githubusercontent.com/LGRSV/vera-vegetacao/main/fotos/Enecol-Centro/VER20260708144055233019387F1.jpg,Não
V20260708144320767012026,Porto Nacional,Enecol Centro,"08/07/2026, 14:43:19",Pequi,833796,URBANO,7,90,Sim,300,300,0,-10.6935448,-48.407181,3,https://raw.githubusercontent.com/LGRSV/vera-vegetacao/main/fotos/Enecol-Centro/VER20260708144320767012026F1.jpg,Não
V20260708145515928533293,Porto Nacional,Enecol Centro,"08/07/2026, 14:55:15",Coqueiro,140642,URBANO,,20,Sim,,300,0,-10.6931983,-48.4026615,3,https://raw.githubusercontent.com/LGRSV/vera-vegetacao/main/fotos/Enecol-Centro/VER20260708145515928533293F1.jpg,Não
V20260708145925909670070,Porto Nacional,Enecol Centro,"08/07/2026, 14:59:25",Mangueira,475376,URBANO,6,70,Sim,,300,0,-10.6930789,-48.4018953,3,https://raw.githubusercontent.com/LGRSV/vera-vegetacao/main/fotos/Enecol-Centro/VER20260708145925909670070F1.jpg,Não
V20260708150358619964160,Porto Nacional,Enecol Centro,"08/07/2026, 15:03:57",Outros,475109,URBANO,6,100,Sim,,300,0,-10.6923297,-48.4002843,3,https://raw.githubusercontent.com/LGRSV/vera-vegetacao/main/fotos/Enecol-Centro/VER20260708150358619964160F1.jpg,Não
V20260708151320231339618,Porto Nacional,Enecol Centro,"08/07/2026, 15:13:19",Outros,429336,URBANO,14,90,Sim,100,100,0,-10.6922329,-48.3996214,3,https://raw.githubusercontent.com/LGRSV/vera-vegetacao/main/fotos/Enecol-Centro/VER20260708151320231339618F1.jpg,Não
V20260708151410885119464,Porto Nacional,Enecol Centro,"08/07/2026, 15:14:10",Oiti,429336,URBANO,5,40,Sim,300,300,0,-10.6921642,-48.3992183,3,https://raw.githubusercontent.com/LGRSV/vera-vegetacao/main/fotos/Enecol-Centro/VER20260708151410885119464F1.jpg,Não
V20260708151505420063221,Porto Nacional,Enecol Centro,"08/07/2026, 15:15:04",Oiti,432036,URBANO,5,40,Sim,300,300,0,-10.6921083,-48.3993719,3,https://raw.githubusercontent.com/LGRSV/vera-vegetacao/main/fotos/Enecol-Centro/VER20260708151505420063221F1.jpg,Não
V20260708151644012887524,Porto Nacional,Enecol Centro,"08/07/2026, 15:16:43",Outros,432036,URBANO,9,110,Sim,50,150,0,-10.6921519,-48.3991378,3,https://raw.githubusercontent.com/LGRSV/vera-vegetacao/main/fotos/Enecol-Centro/VER20260708151644012887524F1.jpg,Não
V20260708151802205351490,Porto Nacional,Enecol Centro,"08/07/2026, 15:18:01",Oiti,432036,URBANO,5,40,Sim,300,300,0,-10.692144,-48.3991962,3,https://raw.githubusercontent.com/LGRSV/vera-vegetacao/main/fotos/Enecol-Centro/VER20260708151802205351490F1.jpg,Não
V20260708151907226468751,Porto Nacional,Enecol Centro,"08/07/2026, 15:19:06",Outros,432036,URBANO,12,110,Sim,300,200,0,-10.6920783,-48.3993967,3,https://raw.githubusercontent.com/LGRSV/vera-vegetacao/main/fotos/Enecol-Centro/VER20260708151907226468751F1.jpg,Não
V20260708152013723396503,Porto Nacional,Enecol Centro,"08/07/2026, 15:20:12",Pequi,432036,URBANO,9,120,Sim,50,250,0,-10.6920459,-48.3993669,3,https://raw.githubusercontent.com/LGRSV/vera-vegetacao/main/fotos/Enecol-Centro/VER20260708152013723396503F1.jpg,Não
V20260708152159279869600,Porto Nacional,Enecol Centro,"08/07/2026, 15:21:58",Outros,432282,URBANO,12,110,Sim,50,50,0,-10.692058,-48.3987875,3,https://raw.githubusercontent.com/LGRSV/vera-vegetacao/main/fotos/Enecol-Centro/VER20260708152159279869600F1.jpg,Não
V20260708152311238982111,Porto Nacional,Enecol Centro,"08/07/2026, 15:23:10",Oiti,432282,URBANO,7,50,Sim,300,300,0,-10.6921344,-48.3987283,3,https://raw.githubusercontent.com/LGRSV/vera-vegetacao/main/fotos/Enecol-Centro/VER20260708152311238982111F1.jpg,Não
V20260708152440124161231,Porto Nacional,Enecol Centro,"08/07/2026, 15:24:39",Outros,449805,URBANO,8,100,Sim,50,150,0,-10.691614,-48.3985757,3,https://raw.githubusercontent.com/LGRSV/vera-vegetacao/main/fotos/Enecol-Centro/VER20260708152440124161231F1.jpg,Não
V20260708152551271643443,Porto Nacional,Enecol Centro,"08/07/2026, 15:25:50",Outros,449805,URBANO,14,190,Sim,250,50,0,-10.6917184,-48.3985443,3,https://raw.githubusercontent.com/LGRSV/vera-vegetacao/main/fotos/Enecol-Centro/VER20260708152551271643443F1.jpg,Não
V20260708152744464949375,Porto Nacional,Enecol Centro,"08/07/2026, 15:27:43",Outros,449806,URBANO,12,100,Sim,300,300,0,-10.6914213,-48.3981873,3,https://raw.githubusercontent.com/LGRSV/vera-vegetacao/main/fotos/Enecol-Centro/VER20260708152744464949375F1.jpg,Não
V20260708152858832343115,Porto Nacional,Enecol Centro,"08/07/2026, 15:28:57",Outros,449806,URBANO,7.5,80,Sim,300,300,0,-10.6915855,-48.3982147,3,https://raw.githubusercontent.com/LGRSV/vera-vegetacao/main/fotos/Enecol-Centro/VER20260708152858832343115F1.jpg,Não
V20260708153018868140532,Porto Nacional,Enecol Centro,"08/07/2026, 15:30:17",Outros,432284,URBANO,12,110,Sim,300,300,0,-10.691422,-48.3981871,3,https://raw.githubusercontent.com/LGRSV/vera-vegetacao/main/fotos/Enecol-Centro/VER20260708153018868140532F1.jpg,Não
V20260708153141802161867,Porto Nacional,Enecol Centro,"08/07/2026, 15:31:40",Outros,432285,URBANO,8,80,Sim,50,50,0,-10.6914109,-48.3981086,3,https://raw.githubusercontent.com/LGRSV/vera-vegetacao/main/fotos/Enecol-Centro/VER20260708153141802161867F1.jpg,Não
V20260708153256280158323,Porto Nacional,Enecol Centro,"08/07/2026, 15:32:55",Pequi,432285,URBANO,8.5,110,Sim,0,0,0,-10.6912786,-48.3980363,3,https://raw.githubusercontent.com/LGRSV/vera-vegetacao/main/fotos/Enecol-Centro/VER20260708153256280158323F1.jpg,Não
V20260708154217172096313,Porto Nacional,Enecol Centro,"08/07/2026, 15:42:16",Outros,445732,URBANO,7,45,Sim,50,200,0,-10.6907138,-48.3965176,3,https://raw.githubusercontent.com/LGRSV/vera-vegetacao/main/fotos/Enecol-Centro/VER20260708154217172096313F1.jpg,Não
V20260708154411009601890,Porto Nacional,Enecol Centro,"08/07/2026, 15:44:09",Goiaba,473597,URBANO,5,40,Sim,,300,0,-10.6906103,-48.3958639,3,https://raw.githubusercontent.com/LGRSV/vera-vegetacao/main/fotos/Enecol-Centro/VER20260708154411009601890F1.jpg,Não
V20260708154750274791531,Porto Nacional,Enecol Centro,"08/07/2026, 15:47:48",Cajueiro,473179,URBANO,4.5,50,Sim,300,300,0,-10.6898427,-48.3943497,3,https://raw.githubusercontent.com/LGRSV/vera-vegetacao/main/fotos/Enecol-Centro/VER20260708154750274791531F1.jpg,Não
V20260708154858937539727,Porto Nacional,Enecol Centro,"08/07/2026, 15:48:57",Outros,473179,URBANO,8,100,Sim,300,300,0,-10.6898902,-48.3942576,3,https://raw.githubusercontent.com/LGRSV/vera-vegetacao/main/fotos/Enecol-Centro/VER20260708154858937539727F1.jpg,Não
V20260708155212460588786,Porto Nacional,Enecol Centro,"08/07/2026, 15:52:11",Pequi,472905,URBANO,8,60,Sim,50,300,0,-10.6893858,-48.393141,3,https://raw.githubusercontent.com/LGRSV/vera-vegetacao/main/fotos/Enecol-Centro/VER20260708155212460588786F1.jpg,Não
V20260708155331393857877,Porto Nacional,Enecol Centro,"08/07/2026, 15:53:30",Outros,,URBANO,8,50,Sim,300,300,0,-10.6893544,-48.3930245,3,https://raw.githubusercontent.com/LGRSV/vera-vegetacao/main/fotos/Enecol-Centro/VER20260708155331393857877F1.jpg,Não
V20260708155650056765224,Porto Nacional,Enecol Centro,"08/07/2026, 15:56:48",Outros,474656,URBANO,6,30,Sim,150,300,0,-10.6891767,-48.39248,3,https://raw.githubusercontent.com/LGRSV/vera-vegetacao/main/fotos/Enecol-Centro/VER20260708155650056765224F1.jpg,Não
V20260708155818679590994,Porto Nacional,Enecol Centro,"08/07/2026, 15:58:17",Outros,449026,URBANO,9,50,Sim,100,50,0,-10.6891313,-48.3924242,3,https://raw.githubusercontent.com/LGRSV/vera-vegetacao/main/fotos/Enecol-Centro/VER20260708155818679590994F1.jpg,Não
V20260708155944475557095,Porto Nacional,Enecol Centro,"08/07/2026, 15:59:43",Tamarindo,140754,URBANO,6,70,Sim,50,300,0,-10.6889998,-48.3922842,3,https://raw.githubusercontent.com/LGRSV/vera-vegetacao/main/fotos/Enecol-Centro/VER20260708155944475557095F1.jpg,Não
V20260708160404740444721,Porto Nacional,Enecol Centro,"08/07/2026, 16:04:03",Outros,165216,URBANO,13,110,Sim,300,300,0,-10.6886521,-48.3917471,3,https://raw.githubusercontent.com/LGRSV/vera-vegetacao/main/fotos/Enecol-Centro/VER20260708160404740444721F1.jpg,Não
V20260708160515658386438,Porto Nacional,Enecol Centro,"08/07/2026, 16:05:14",Outros,165216,URBANO,14,140,Sim,300,300,0,-10.6890274,-48.3914431,3,https://raw.githubusercontent.com/LGRSV/vera-vegetacao/main/fotos/Enecol-Centro/VER20260708160515658386438F1.jpg,Não
V20260708160633660780223,Porto Nacional,Enecol Centro,"08/07/2026, 16:06:32",Outros,57977761,URBANO,14,120,Sim,300,300,0,-10.6883926,-48.3914186,3,https://raw.githubusercontent.com/LGRSV/vera-vegetacao/main/fotos/Enecol-Centro/VER20260708160633660780223F1.jpg,Não
V20260708163124518034344,Porto Nacional,Enecol Centro,"08/07/2026, 16:31:23",Outros,474685,URBANO,5,30,,,300,0,-10.6926396,-48.3790052,3,https://raw.githubusercontent.com/LGRSV/vera-vegetacao/main/fotos/Enecol-Centro/VER20260708163124518034344F1.jpg,Não
V20260708163242216836675,Porto Nacional,Enecol Centro,"08/07/2026, 16:32:41",Outros,474686,URBANO,6,40,Sim,300,300,0,-10.6923203,-48.3792917,3,https://raw.githubusercontent.com/LGRSV/vera-vegetacao/main/fotos/Enecol-Centro/VER20260708163242216836675F1.jpg,Não
V20260708163552850991043,Porto Nacional,Enecol Centro,"08/07/2026, 16:35:51",Outros,473634,URBANO,7,30,Sim,50,300,0,-10.6914791,-48.3795105,3,https://raw.githubusercontent.com/LGRSV/vera-vegetacao/main/fotos/Enecol-Centro/VER20260708163552850991043F1.jpg,Não
V20260709084436428814422,Porto Nacional,Enecol Centro,"09/07/2026, 08:44:35",Outros,526087,URBANO,5,40,Sim,300,300,0,-10.6931819,-48.3907982,3,https://raw.githubusercontent.com/LGRSV/vera-vegetacao/main/fotos/Enecol-Centro/VER20260709084436428814422F1.jpg,Não
V20260709084957846701598,Porto Nacional,Enecol Centro,"09/07/2026, 08:49:56",Outros,473599,URBANO,6.5,25,Sim,300,300,0,-10.6911598,-48.3910387,3,https://raw.githubusercontent.com/LGRSV/vera-vegetacao/main/fotos/Enecol-Centro/VER20260709084957846701598F1.jpg,Não
V20260709085106858337710,Porto Nacional,Enecol Centro,"09/07/2026, 08:51:05",Outros,474654,URBANO,7,20,Sim,,300,0,-10.6910218,-48.3908165,3,https://raw.githubusercontent.com/LGRSV/vera-vegetacao/main/fotos/Enecol-Centro/VER20260709085106858337710F1.jpg,Não
V20260709085208796426926,Porto Nacional,Enecol Centro,"09/07/2026, 08:52:07",Outros,474654,URBANO,5,20,Sim,,300,0,-10.6908999,-48.3908087,3,https://raw.githubusercontent.com/LGRSV/vera-vegetacao/main/fotos/Enecol-Centro/VER20260709085208796426926F1.jpg,Não
V20260709085304067596654,Porto Nacional,Enecol Centro,"09/07/2026, 08:53:02",Outros,161984,URBANO,9,25,Sim,,150,0,-10.6911414,-48.3906679,3,https://raw.githubusercontent.com/LGRSV/vera-vegetacao/main/fotos/Enecol-Centro/VER20260709085304067596654F1.jpg,Não
V20260709085417576405850,Porto Nacional,Enecol Centro,"09/07/2026, 08:54:16",Outros,161984,URBANO,9,25,Sim,,150,0,-10.6910291,-48.3905354,3,https://raw.githubusercontent.com/LGRSV/vera-vegetacao/main/fotos/Enecol-Centro/VER20260709085417576405850F1.jpg,Não
V20260709085605133255966,Porto Nacional,Enecol Centro,"09/07/2026, 08:56:04",Outros,338956,URBANO,8,80,Sim,,300,0,-10.6909662,-48.3902046,3,https://raw.githubusercontent.com/LGRSV/vera-vegetacao/main/fotos/Enecol-Centro/VER20260709085605133255966F1.jpg,Não
V20260709085825074798958,Porto Nacional,Enecol Centro,"09/07/2026, 08:58:23",Mangueira,45812700,URBANO,12,120,Sim,,50,0,-10.6905853,-48.390225,3,https://raw.githubusercontent.com/LGRSV/vera-vegetacao/main/fotos/Enecol-Centro/VER20260709085825074798958F1.jpg,Não
V20260709090032365738741,Porto Nacional,Enecol Centro,"09/07/2026, 09:00:31",Mangueira,473183,URBANO,8,110,,,300,0,-10.6906914,-48.3899412,3,https://raw.githubusercontent.com/LGRSV/vera-vegetacao/main/fotos/Enecol-Centro/VER20260709090032365738741F1.jpg,Não
V20260709090144329101732,Porto Nacional,Enecol Centro,"09/07/2026, 09:01:43",Outros,475867,URBANO,7,95,Sim,,150,0,-10.6906644,-48.389817,3,https://raw.githubusercontent.com/LGRSV/vera-vegetacao/main/fotos/Enecol-Centro/VER20260709090144329101732F1.jpg,Não
V20260709092846431177896,Porto Nacional,Enecol Centro,"09/07/2026, 09:28:45",Outros,370696,URBANO,9,80,Sim,0,100,0,-10.6931166,-48.3953674,3,https://raw.githubusercontent.com/LGRSV/vera-vegetacao/main/fotos/Enecol-Centro/VER20260709092846431177896F1.jpg,Não
V20260709093009843061000,Porto Nacional,Enecol Centro,"09/07/2026, 09:30:08",Outros,432317,URBANO,10,70,Sim,50,200,0,-10.6929706,-48.3953686,3,https://raw.githubusercontent.com/LGRSV/vera-vegetacao/main/fotos/Enecol-Centro/VER20260709093009843061000F1.jpg,Não
V20260709093342787749566,Porto Nacional,Enecol Centro,"09/07/2026, 09:33:41",Coqueiro,472281,URBANO,8,80,Sim,50,300,0,-10.6923246,-48.3957207,3,https://raw.githubusercontent.com/LGRSV/vera-vegetacao/main/fotos/Enecol-Centro/VER20260709093342787749566F1.jpg,Não
V20260709093623976151157,Porto Nacional,Enecol Centro,"09/07/2026, 09:36:22",Coqueiro,472283,URBANO,,50,Sim,50,300,0,-10.6918757,-48.3958545,3,https://raw.githubusercontent.com/LGRSV/vera-vegetacao/main/fotos/Enecol-Centro/VER20260709093623976151157F1.jpg,Não
V20260709094402760953434,Porto Nacional,Enecol Centro,"09/07/2026, 09:44:01",Cajueiro,429087,URBANO,11,80,Sim,300,300,0,-10.6938246,-48.3993715,3,https://raw.githubusercontent.com/LGRSV/vera-vegetacao/main/fotos/Enecol-Centro/VER20260709094402760953434F1.jpg,Não
V20260709095452379688015,Porto Nacional,Enecol Centro,"09/07/2026, 09:54:51",Outros,1585368,URBANO,,40,Sim,,300,0,-10.6948292,-48.398901,3,https://raw.githubusercontent.com/LGRSV/vera-vegetacao/main/fotos/Enecol-Centro/VER20260709095452379688015F1.jpg,Não
V20260709095557650998104,Porto Nacional,Enecol Centro,"09/07/2026, 09:55:56",Oiti,430263,URBANO,2.5,40,Sim,,300,0,-10.6949476,-48.3988461,3,https://raw.githubusercontent.com/LGRSV/vera-vegetacao/main/fotos/Enecol-Centro/VER20260709095557650998104F1.jpg,Não
V20260709095833547340970,Porto Nacional,Enecol Centro,"09/07/2026, 09:58:32",Outros,430263,URBANO,7,50,,,300,0,-10.6949188,-48.3987986,3,https://raw.githubusercontent.com/LGRSV/vera-vegetacao/main/fotos/Enecol-Centro/VER20260709095833547340970F1.jpg,Não
V20260709100645920980118,Porto Nacional,Enecol Centro,"09/07/2026, 10:06:44",Coqueiro,433002,URBANO,3.5,40,Sim,,300,0,-10.6971892,-48.3979468,3,https://raw.githubusercontent.com/LGRSV/vera-vegetacao/main/fotos/Enecol-Centro/VER20260709100645920980118F1.jpg,Não
V20260709102700749562186,Porto Nacional,Enecol Centro,"09/07/2026, 10:26:59",Mangueira,1605019,URBANO,11,90,Sim,,0,0,-10.6959004,-48.3898436,3,https://raw.githubusercontent.com/LGRSV/vera-vegetacao/main/fotos/Enecol-Centro/VER20260709102700749562186F1.jpg,Não
V20260709102804434698358,Porto Nacional,Enecol Centro,"09/07/2026, 10:28:03",Mangueira,1605019,URBANO,11,120,Sim,,250,0,-10.6958761,-48.3898531,3,https://raw.githubusercontent.com/LGRSV/vera-vegetacao/main/fotos/Enecol-Centro/VER20260709102804434698358F1.jpg,Não
V20260709103109386388061,Porto Nacional,Enecol Centro,"09/07/2026, 10:31:08",Pequi,475604,URBANO,8,80,,,300,0,-10.6968209,-48.3895057,3,https://raw.githubusercontent.com/LGRSV/vera-vegetacao/main/fotos/Enecol-Centro/VER20260709103109386388061F1.jpg,Não
V20260709103253264789830,Porto Nacional,Enecol Centro,"09/07/2026, 10:32:52",Mangueira,52713406,URBANO,9,50,Sim,50,100,0,-10.6968131,-48.3894417,3,https://raw.githubusercontent.com/LGRSV/vera-vegetacao/main/fotos/Enecol-Centro/VER20260709103253264789830F1.jpg,Não
V20260709103428817305367,Porto Nacional,Enecol Centro,"09/07/2026, 10:34:27",Pequi,52713446,URBANO,11,130,Sim,50,300,0,-10.6967939,-48.3894793,3,https://raw.githubusercontent.com/LGRSV/vera-vegetacao/main/fotos/Enecol-Centro/VER20260709103428817305367F1.jpg,Não
V20260709103728011243897,Porto Nacional,Enecol Centro,"09/07/2026, 10:37:26",Outros,473604,URBANO,8,80,,300,300,0,-10.6963171,-48.3891039,3,https://raw.githubusercontent.com/LGRSV/vera-vegetacao/main/fotos/Enecol-Centro/VER20260709103728011243897F1.jpg,Sim
V20260709103832853047549,Porto Nacional,Enecol Centro,"09/07/2026, 10:38:31",Outros,473604,URBANO,10,80,Sim,300,300,0,-10.6963771,-48.3891482,3,https://raw.githubusercontent.com/LGRSV/vera-vegetacao/main/fotos/Enecol-Centro/VER20260709103832853047549F1.jpg,Não
V20260709103941972122927,Porto Nacional,Enecol Centro,"09/07/2026, 10:39:40",Outros,473604,URBANO,9,,Sim,150,300,0,-10.6961851,-48.3890536,3,https://raw.githubusercontent.com/LGRSV/vera-vegetacao/main/fotos/Enecol-Centro/VER20260709103941972122927F1.jpg,Não
V20260709104124159185456,Porto Nacional,Enecol Centro,"09/07/2026, 10:41:22",Mangueira,473603,URBANO,14,140,Sim,50,250,0,-10.6962165,-48.3888731,4,https://raw.githubusercontent.com/LGRSV/vera-vegetacao/main/fotos/Enecol-Centro/VER20260709104124159185456F1.jpg,Não
V20260709104223191220928,Porto Nacional,Enecol Centro,"09/07/2026, 10:42:22",Outros,473603,URBANO,10,90,Sim,,300,0,-10.6961565,-48.3888144,3,https://raw.githubusercontent.com/LGRSV/vera-vegetacao/main/fotos/Enecol-Centro/VER20260709104223191220928F1.jpg,Não
V20260709144806509775335,Porto Nacional,Enecol Centro,"09/07/2026, 14:48:05",Outros,473394,URBANO,8,40,Sim,,300,0,-10.6987222,-48.3973421,3,https://raw.githubusercontent.com/LGRSV/vera-vegetacao/main/fotos/Enecol-Centro/VER20260709144806509775335F1.jpg,Não
V20260709144906752928877,Porto Nacional,Enecol Centro,"09/07/2026, 14:49:05",Outros,473395,URBANO,8,40,Sim,,300,0,-10.6987661,-48.3972449,3,https://raw.githubusercontent.com/LGRSV/vera-vegetacao/main/fotos/Enecol-Centro/VER20260709144906752928877F1.jpg,Não
V20260709144954640205803,Porto Nacional,Enecol Centro,"09/07/2026, 14:49:53",Outros,431797,URBANO,8,40,Sim,,300,0,-10.6988944,-48.3971274,3,https://raw.githubusercontent.com/LGRSV/vera-vegetacao/main/fotos/Enecol-Centro/VER20260709144954640205803F1.jpg,Não
V20260709145048361214350,Porto Nacional,Enecol Centro,"09/07/2026, 14:50:47",Outros,431797,URBANO,8,40,Sim,,300,0,-10.6989474,-48.397158,3,https://raw.githubusercontent.com/LGRSV/vera-vegetacao/main/fotos/Enecol-Centro/VER20260709145048361214350F1.jpg,Não
V20260709145140057905109,Porto Nacional,Enecol Centro,"09/07/2026, 14:51:38",Outros,431797,URBANO,8,40,Sim,,300,0,-10.6989829,-48.3971231,3,https://raw.githubusercontent.com/LGRSV/vera-vegetacao/main/fotos/Enecol-Centro/VER20260709145140057905109F1.jpg,Sim
V20260709145238036996322,Porto Nacional,Enecol Centro,"09/07/2026, 14:52:36",Outros,431798,URBANO,8,40,Sim,,300,0,-10.6990358,-48.3969965,3,https://raw.githubusercontent.com/LGRSV/vera-vegetacao/main/fotos/Enecol-Centro/VER20260709145238036996322F1.jpg,Não
V20260709145340758532681,Porto Nacional,Enecol Centro,"09/07/2026, 14:53:39",Outros,431797,URBANO,8,40,Sim,,300,0,-10.6992075,-48.3972228,3,https://raw.githubusercontent.com/LGRSV/vera-vegetacao/main/fotos/Enecol-Centro/VER20260709145340758532681F1.jpg,Não
V20260709145452922739597,Porto Nacional,Enecol Centro,"09/07/2026, 14:54:49",Outros,431800,URBANO,8,40,Sim,,300,0,-10.6993597,-48.3963926,3,https://raw.githubusercontent.com/LGRSV/vera-vegetacao/main/fotos/Enecol-Centro/VER20260709145452922739597F1.jpg,Sim
V20260709145603853910616,Porto Nacional,Enecol Centro,"09/07/2026, 14:56:02",Outros,431799,URBANO,8,40,Sim,,300,0,-10.6993993,-48.3969514,3,https://raw.githubusercontent.com/LGRSV/vera-vegetacao/main/fotos/Enecol-Centro/VER20260709145603853910616F1.jpg,Não
V20260709145702312700883,Porto Nacional,Enecol Centro,"09/07/2026, 14:57:00",Outros,1603789,URBANO,8,40,Sim,,300,0,-10.69936,-48.3965731,3,https://raw.githubusercontent.com/LGRSV/vera-vegetacao/main/fotos/Enecol-Centro/VER20260709145702312700883F1.jpg,Não
V20260709145845417266595,Porto Nacional,Enecol Centro,"09/07/2026, 14:58:43",Outros,431800,URBANO,8,40,Sim,,300,0,-10.6993139,-48.3965277,3,https://raw.githubusercontent.com/LGRSV/vera-vegetacao/main/fotos/Enecol-Centro/VER20260709145845417266595F1.jpg,Não
V20260709145954012881795,Porto Nacional,Enecol Centro,"09/07/2026, 14:59:51",Outros,1603789,URBANO,8,40,Sim,,300,0,-10.6994188,-48.3962829,3,https://raw.githubusercontent.com/LGRSV/vera-vegetacao/main/fotos/Enecol-Centro/VER20260709145954012881795F1.jpg,Sim
V20260709150042312940197,Porto Nacional,Enecol Centro,"09/07/2026, 15:00:39",Outros,431800,URBANO,8,40,Sim,,300,0,-10.6994971,-48.3963231,3,https://raw.githubusercontent.com/LGRSV/vera-vegetacao/main/fotos/Enecol-Centro/VER20260709150042312940197F1.jpg,Não
V20260709150156787074423,Porto Nacional,Enecol Centro,"09/07/2026, 15:01:54",Outros,1139659,URBANO,8,40,Sim,,300,0,-10.6997062,-48.3965698,3,https://raw.githubusercontent.com/LGRSV/vera-vegetacao/main/fotos/Enecol-Centro/VER20260709150156787074423F1.jpg,Não
V20260709150404622681020,Porto Nacional,Enecol Centro,"09/07/2026, 15:04:02",Outros,1603790,URBANO,8,40,Sim,,300,0,-10.6995211,-48.396329,3,https://raw.githubusercontent.com/LGRSV/vera-vegetacao/main/fotos/Enecol-Centro/VER20260709150404622681020F1.jpg,Não
V20260709150455314393359,Porto Nacional,Enecol Centro,"09/07/2026, 15:04:52",Outros,1603789,URBANO,8,40,Sim,,300,0,-10.6996249,-48.3962974,3,https://raw.githubusercontent.com/LGRSV/vera-vegetacao/main/fotos/Enecol-Centro/VER20260709150455314393359F1.jpg,Não
V20260709150616298030320,Porto Nacional,Enecol Centro,"09/07/2026, 15:06:13",Outros,428924,URBANO,8,40,Sim,,300,0,-10.6997832,-48.3963045,3,https://raw.githubusercontent.com/LGRSV/vera-vegetacao/main/fotos/Enecol-Centro/VER20260709150616298030320F1.jpg,Não
V20260709150742079999851,Porto Nacional,Enecol Centro,"09/07/2026, 15:07:39",Outros,474129,URBANO,8,40,Sim,,300,0,-10.6998181,-48.3962281,3,https://raw.githubusercontent.com/LGRSV/vera-vegetacao/main/fotos/Enecol-Centro/VER20260709150742079999851F1.jpg,Sim
V20260709150908332712725,Porto Nacional,Enecol Centro,"09/07/2026, 15:09:05",Outros,1603789,URBANO,8,40,Sim,,300,0,-10.6996166,-48.3962531,3,https://raw.githubusercontent.com/LGRSV/vera-vegetacao/main/fotos/Enecol-Centro/VER20260709150908332712725F1.jpg,Não
V20260709151029586173942,Porto Nacional,Enecol Centro,"09/07/2026, 15:10:26",Outros,474129,URBANO,8,40,Sim,,300,0,-10.6997574,-48.3961029,3,https://raw.githubusercontent.com/LGRSV/vera-vegetacao/main/fotos/Enecol-Centro/VER20260709151029586173942F1.jpg,Não
V20260709151130634104850,Porto Nacional,Enecol Centro,"09/07/2026, 15:11:27",Outros,474129,URBANO,8,40,Sim,,200,0,-10.700014,-48.3960944,3,https://raw.githubusercontent.com/LGRSV/vera-vegetacao/main/fotos/Enecol-Centro/VER20260709151130634104850F1.jpg,Sim
V20260709151242393368501,Porto Nacional,Enecol Centro,"09/07/2026, 15:12:39",Outros,474129,URBANO,8,40,Sim,,200,0,-10.6999898,-48.3959778,3,https://raw.githubusercontent.com/LGRSV/vera-vegetacao/main/fotos/Enecol-Centro/VER20260709151242393368501F1.jpg,Não
V20260709151441463076199,Porto Nacional,Enecol Centro,"09/07/2026, 15:14:40",Outros,474129,URBANO,8,40,Sim,,200,0,-10.7000682,-48.3959557,3,https://raw.githubusercontent.com/LGRSV/vera-vegetacao/main/fotos/Enecol-Centro/VER20260709151441463076199F1.jpg,Não
V20260709151613641255425,Porto Nacional,Enecol Centro,"09/07/2026, 15:16:10",Outros,57728685,URBANO,8,40,Sim,,200,0,-10.7001423,-48.3959261,3,https://raw.githubusercontent.com/LGRSV/vera-vegetacao/main/fotos/Enecol-Centro/VER20260709151613641255425F1.jpg,Não
V20260709151754258345005,Porto Nacional,Enecol Centro,"09/07/2026, 15:17:51",Outros,57728685,URBANO,9,45,Sim,,50,0,-10.7001597,-48.3958722,3,https://raw.githubusercontent.com/LGRSV/vera-vegetacao/main/fotos/Enecol-Centro/VER20260709151754258345005F1.jpg,Não
V20260709154102045896164,Porto Nacional,Enecol Centro,"09/07/2026, 15:41:00",Outros,1251079,URBANO,6,30,Sim,,300,0,-10.7004703,-48.3961079,3,https://raw.githubusercontent.com/LGRSV/vera-vegetacao/main/fotos/Enecol-Centro/VER20260709154102045896164F1.jpg,Não
V20260709154619152050795,Porto Nacional,Enecol Centro,"09/07/2026, 15:46:17",Jatobá,472965,URBANO,20,140,Sim,,300,0,-10.7011322,-48.396341,4,https://raw.githubusercontent.com/LGRSV/vera-vegetacao/main/fotos/Enecol-Centro/VER20260709154619152050795F1.jpg,Não
V20260709154834833135448,Porto Nacional,Enecol Centro,"09/07/2026, 15:48:32",Outros,1066961,URBANO,10,60,Sim,,300,0,-10.7014573,-48.3965121,3,https://raw.githubusercontent.com/LGRSV/vera-vegetacao/main/fotos/Enecol-Centro/VER20260709154834833135448F1.jpg,Não
V20260709155028298917214,Porto Nacional,Enecol Centro,"09/07/2026, 15:50:26",Outros,472966,URBANO,9,50,Sim,,300,0,-10.7015843,-48.3967564,3,https://raw.githubusercontent.com/LGRSV/vera-vegetacao/main/fotos/Enecol-Centro/VER20260709155028298917214F1.jpg,Não
V20260709155318728624905,Porto Nacional,Enecol Centro,"09/07/2026, 15:53:17",Outros,472968,URBANO,9,60,Sim,,250,0,-10.7023672,-48.3974132,3,https://raw.githubusercontent.com/LGRSV/vera-vegetacao/main/fotos/Enecol-Centro/VER20260709155318728624905F1.jpg,Não
V20260709155547910682110,Porto Nacional,Enecol Centro,"09/07/2026, 15:55:46",Outros,472970,URBANO,9,50,Sim,300,250,0,-10.7026305,-48.3975637,3,https://raw.githubusercontent.com/LGRSV/vera-vegetacao/main/fotos/Enecol-Centro/VER20260709155547910682110F1.jpg,Não
V20260709155710672943583,Porto Nacional,Enecol Centro,"09/07/2026, 15:57:08",Outros,472970,URBANO,8,50,Sim,300,300,0,-10.7027292,-48.3974807,3,https://raw.githubusercontent.com/LGRSV/vera-vegetacao/main/fotos/Enecol-Centro/VER20260709155710672943583F1.jpg,Não
V20260709155832838519173,Porto Nacional,Enecol Centro,"09/07/2026, 15:58:31",Mangueira,472705,URBANO,13,130,Sim,150,50,0,-10.703171,-48.3975894,3,https://raw.githubusercontent.com/LGRSV/vera-vegetacao/main/fotos/Enecol-Centro/VER20260709155832838519173F1.jpg,Não
V20260709155945875675616,Porto Nacional,Enecol Centro,"09/07/2026, 15:59:44",Mangueira,472705,URBANO,13,150,Sim,150,50,0,-10.7031743,-48.3976599,3,https://raw.githubusercontent.com/LGRSV/vera-vegetacao/main/fotos/Enecol-Centro/VER20260709155945875675616F1.jpg,Não
V20260709160156378322015,Porto Nacional,Enecol Centro,"09/07/2026, 16:01:54",Mangueira,472705,URBANO,12,140,Sim,,150,0,-10.7033663,-48.3977449,3,https://raw.githubusercontent.com/LGRSV/vera-vegetacao/main/fotos/Enecol-Centro/VER20260709160156378322015F1.jpg,Sim
V20260709164422545713720,Porto Nacional,Enecol Centro,"09/07/2026, 16:06:57",Mogno,473486,URBANO,3,20,Sim,,300,0,-10.703546,-48.3980033,3,https://raw.githubusercontent.com/LGRSV/vera-vegetacao/main/fotos/Enecol-Centro/VER20260709164422545713720F1.jpg,Sim
V20260709165243173778420,Porto Nacional,Enecol Centro,"09/07/2026, 16:52:41",Oiti,473713,URBANO,5,60,Sim,200,300,0,-10.7052492,-48.3993455,3,https://raw.githubusercontent.com/LGRSV/vera-vegetacao/main/fotos/Enecol-Centro/VER20260709165243173778420F1.jpg,Não
V20260709165343143912395,Porto Nacional,Enecol Centro,"09/07/2026, 16:53:41",Oiti,473713,URBANO,5,60,Sim,200,300,0,-10.7051494,-48.399273,3,https://raw.githubusercontent.com/LGRSV/vera-vegetacao/main/fotos/Enecol-Centro/VER20260709165343143912395F1.jpg,Não
V20260709170904663896359,Porto Nacional,Enecol Centro,"09/07/2026, 17:09:02",Mangueira,473714,URBANO,8,100,Sim,,100,0,-10.7053127,-48.3991453,3,https://raw.githubusercontent.com/LGRSV/vera-vegetacao/main/fotos/Enecol-Centro/VER20260709170904663896359F1.jpg,Não
V20260709171216339797932,Porto Nacional,Enecol Centro,"09/07/2026, 17:12:13",Laranja,1603568,URBANO,8,60,Sim,200,300,0,-10.7061882,-48.3980577,3,https://raw.githubusercontent.com/LGRSV/vera-vegetacao/main/fotos/Enecol-Centro/VER20260709171216339797932F1.jpg,Sim
V20260709171701367318875,Porto Nacional,Enecol Centro,"09/07/2026, 17:16:59",Outros,473484,URBANO,,60,Sim,150,300,0,-10.7065419,-48.3977265,3,https://raw.githubusercontent.com/LGRSV/vera-vegetacao/main/fotos/Enecol-Centro/VER20260709171701367318875F1.jpg,Não
V20260709171809112987306,Porto Nacional,Enecol Centro,"09/07/2026, 17:18:06",Mangueira,473484,URBANO,10,120,Sim,100,50,0,-10.7065797,-48.3976178,3,https://raw.githubusercontent.com/LGRSV/vera-vegetacao/main/fotos/Enecol-Centro/VER20260709171809112987306F1.jpg,Sim
V20260709171918996281701,Porto Nacional,Enecol Centro,"09/07/2026, 17:19:16",Outros,473483,URBANO,8,60,Sim,50,300,0,-10.706623,-48.3974791,3,https://raw.githubusercontent.com/LGRSV/vera-vegetacao/main/fotos/Enecol-Centro/VER20260709171918996281701F1.jpg,Não
V20260709173015205385990,Porto Nacional,Enecol Centro,"09/07/2026, 17:30:13",Outros,475919,URBANO,15,150,Sim,300,300,0,-10.7071107,-48.3968994,3,https://raw.githubusercontent.com/LGRSV/vera-vegetacao/main/fotos/Enecol-Centro/VER20260709173015205385990F1.jpg,Não
V20260709173732852952535,Porto Nacional,Enecol Centro,"09/07/2026, 17:37:30",Oiti,473693,URBANO,5,80,Sim,300,300,0,-10.7071036,-48.3976432,3,https://raw.githubusercontent.com/LGRSV/vera-vegetacao/main/fotos/Enecol-Centro/VER20260709173732852952535F1.jpg,Não
V20260709173903037762887,Porto Nacional,Enecol Centro,"09/07/2026, 17:39:00",Mangueira,473693,URBANO,7,80,Sim,300,300,0,-10.7073479,-48.3977393,3,https://raw.githubusercontent.com/LGRSV/vera-vegetacao/main/fotos/Enecol-Centro/VER20260709173903037762887F1.jpg,Não
V20260709174723187252242,Porto Nacional,Enecol Centro,"09/07/2026, 17:47:20",Oiti,59209977,URBANO,6,70,Sim,300,300,0,-10.7074277,-48.3978273,3,https://raw.githubusercontent.com/LGRSV/vera-vegetacao/main/fotos/Enecol-Centro/VER20260709174723187252242F1.jpg,Não
V20260709174842274043924,Porto Nacional,Enecol Centro,"09/07/2026, 17:48:39",Outros,473222,URBANO,6,70,Sim,300,300,0,-10.7075179,-48.3978441,3,https://raw.githubusercontent.com/LGRSV/vera-vegetacao/main/fotos/Enecol-Centro/VER20260709174842274043924F1.jpg,Não
V20260709180340710929772,Porto Nacional,Enecol Centro,"09/07/2026, 18:03:38",Mangueira,471937,URBANO,8,80,Sim,,200,0,-10.7092059,-48.3954463,3,https://raw.githubusercontent.com/LGRSV/vera-vegetacao/main/fotos/Enecol-Centro/VER20260709180340710929772F1.jpg,Não
V20260709180504328341701,Porto Nacional,Enecol Centro,"09/07/2026, 18:05:02",Oiti,1066964,URBANO,6,60,Sim,300,300,0,-10.7091576,-48.3953987,3,https://raw.githubusercontent.com/LGRSV/vera-vegetacao/main/fotos/Enecol-Centro/VER20260709180504328341701F1.jpg,Não
V20260710091149017659750,Porto Nacional,Enecol Centro,"10/07/2026, 09:11:46",Outros,473713,URBANO,13,130,Sim,150,200,0,-10.7053669,-48.3991241,3,https://raw.githubusercontent.com/LGRSV/vera-vegetacao/main/fotos/Enecol-Centro/VER20260710091149017659750F1.jpg,Não
V20260710091325174534309,Porto Nacional,Enecol Centro,"10/07/2026, 09:13:22",Outros,472718,URBANO,12,50,Sim,300,50,0,-10.7053549,-48.3990277,3,https://raw.githubusercontent.com/LGRSV/vera-vegetacao/main/fotos/Enecol-Centro/VER20260710091325174534309F1.jpg,Não
V20260710091502591490431,Porto Nacional,Enecol Centro,"10/07/2026, 09:14:58",Oiti,472718,URBANO,5,40,Sim,300,300,0,-10.7051887,-48.3991589,3,https://raw.githubusercontent.com/LGRSV/vera-vegetacao/main/fotos/Enecol-Centro/VER20260710091502591490431F1.jpg,Não
V20260710091611076276071,Porto Nacional,Enecol Centro,"10/07/2026, 09:16:08",Oiti,473712,URBANO,6,50,Sim,300,300,0,-10.7049325,-48.3989224,3,https://raw.githubusercontent.com/LGRSV/vera-vegetacao/main/fotos/Enecol-Centro/VER20260710091611076276071F1.jpg,Não
V20260710091835879741742,Porto Nacional,Enecol Centro,"10/07/2026, 09:18:33",Oiti,473713,URBANO,6,40,Sim,300,300,0,-10.7051836,-48.3991223,3,https://raw.githubusercontent.com/LGRSV/vera-vegetacao/main/fotos/Enecol-Centro/VER20260710091835879741742F1.jpg,Não
V20260710092021224438155,Porto Nacional,Enecol Centro,"10/07/2026, 09:20:18",Oiti,472719,URBANO,6,40,Sim,300,300,0,-10.7048495,-48.3987302,3,https://raw.githubusercontent.com/LGRSV/vera-vegetacao/main/fotos/Enecol-Centro/VER20260710092021224438155F1.jpg,Não
V20260710092145712357695,Porto Nacional,Enecol Centro,"10/07/2026, 09:21:43",Oiti,473710,URBANO,7,50,Sim,300,300,0,-10.704518,-48.3988363,3,https://raw.githubusercontent.com/LGRSV/vera-vegetacao/main/fotos/Enecol-Centro/VER20260710092145712357695F1.jpg,Não
V20260710092325893568656,Porto Nacional,Enecol Centro,"10/07/2026, 09:23:23",Mangueira,1603576,URBANO,7,60,Sim,300,300,0,-10.7044559,-48.3985447,3,https://raw.githubusercontent.com/LGRSV/vera-vegetacao/main/fotos/Enecol-Centro/VER20260710092325893568656F1.jpg,Não
V20260710092725836290919,Porto Nacional,Enecol Centro,"10/07/2026, 09:27:23",Mangueira,473705,URBANO,7,50,Sim,50,300,0,-10.7042103,-48.3983425,3,https://raw.githubusercontent.com/LGRSV/vera-vegetacao/main/fotos/Enecol-Centro/VER20260710092725836290919F1.jpg,Não
V20260710093121720187655,Porto Nacional,Enecol Centro,"10/07/2026, 09:31:17",Oiti,475476,URBANO,6,40,Sim,50,300,0,-10.7041982,-48.3976948,3,https://raw.githubusercontent.com/LGRSV/vera-vegetacao/main/fotos/Enecol-Centro/VER20260710093121720187655F1.jpg,Sim
V20260710093536840773606,Porto Nacional,Enecol Centro,"10/07/2026, 09:35:33",Oiti,475476,URBANO,6,40,Sim,50,300,0,-10.7041668,-48.3977338,3,https://raw.githubusercontent.com/LGRSV/vera-vegetacao/main/fotos/Enecol-Centro/VER20260710093536840773606F1.jpg,Não
V20260710093704698814860,Porto Nacional,Enecol Centro,"10/07/2026, 09:37:00",Oiti,475476,URBANO,5,80,Sim,250,300,0,-10.7042727,-48.3976874,3,https://raw.githubusercontent.com/LGRSV/vera-vegetacao/main/fotos/Enecol-Centro/VER20260710093704698814860F1.jpg,Não
V20260710094100680725932,Porto Nacional,Enecol Centro,"10/07/2026, 09:40:20",Oiti,475476,URBANO,5,60,Sim,300,300,0,-10.704227,-48.3976399,3,https://raw.githubusercontent.com/LGRSV/vera-vegetacao/main/fotos/Enecol-Centro/VER20260710094100680725932F1.jpg,Não
V20260710094223441009382,Porto Nacional,Enecol Centro,"10/07/2026, 09:42:20",Oiti,475475,URBANO,5,50,Sim,300,300,0,-10.7043753,-48.3973571,3,https://raw.githubusercontent.com/LGRSV/vera-vegetacao/main/fotos/Enecol-Centro/VER20260710094223441009382F1.jpg,Não
V20260710094328180223746,Porto Nacional,Enecol Centro,"10/07/2026, 09:43:25",Oiti,475475,URBANO,5,50,Sim,300,300,0,-10.7042881,-48.3974152,3,https://raw.githubusercontent.com/LGRSV/vera-vegetacao/main/fotos/Enecol-Centro/VER20260710094328180223746F1.jpg,Não
V20260710094435635991404,Porto Nacional,Enecol Centro,"10/07/2026, 09:44:22",Oiti,475475,URBANO,5,50,Sim,300,300,0,-10.7042783,-48.3975347,3,https://raw.githubusercontent.com/LGRSV/vera-vegetacao/main/fotos/Enecol-Centro/VER20260710094435635991404F1.jpg,Não
V20260710094826556693941,Porto Nacional,Enecol Centro,"10/07/2026, 09:48:23",Outros,475475,URBANO,7.5,70,,50,300,0,-10.704157,-48.3973641,3,https://raw.githubusercontent.com/LGRSV/vera-vegetacao/main/fotos/Enecol-Centro/VER20260710094826556693941F1.jpg,Não
V20260710095003863269266,Porto Nacional,Enecol Centro,"10/07/2026, 09:50:00",Oiti,475479,URBANO,7,110,Sim,300,300,0,-10.7036062,-48.3972139,3,https://raw.githubusercontent.com/LGRSV/vera-vegetacao/main/fotos/Enecol-Centro/VER20260710095003863269266F1.jpg,Sim
V20260710095113306093803,Porto Nacional,Enecol Centro,"10/07/2026, 09:51:10",Oiti,1602954,URBANO,6,50,Sim,300,300,0,-10.7036372,-48.3972133,3,https://raw.githubusercontent.com/LGRSV/vera-vegetacao/main/fotos/Enecol-Centro/VER20260710095113306093803F1.jpg,Não
V20260710095638843903995,Porto Nacional,Enecol Centro,"10/07/2026, 09:56:33",Outros,475479,URBANO,6,50,Sim,300,300,0,-10.7036344,-48.3971033,3,https://raw.githubusercontent.com/LGRSV/vera-vegetacao/main/fotos/Enecol-Centro/VER20260710095638843903995F1.jpg,Sim
V20260710100744419902249,Porto Nacional,Enecol Centro,"10/07/2026, 10:07:41",Oiti,1602956,URBANO,6,40,Sim,300,300,0,-10.7031331,-48.3974688,3,https://raw.githubusercontent.com/LGRSV/vera-vegetacao/main/fotos/Enecol-Centro/VER20260710100744419902249F1.jpg,Não
V20260710100915384408487,Porto Nacional,Enecol Centro,"10/07/2026, 10:09:12",Outros,1602956,URBANO,6,50,Sim,300,300,0,-10.7029829,-48.3973175,3,https://raw.githubusercontent.com/LGRSV/vera-vegetacao/main/fotos/Enecol-Centro/VER20260710100915384408487F1.jpg,Não
V20260710101023122841106,Porto Nacional,Enecol Centro,"10/07/2026, 10:10:19",Outros,472706,URBANO,8,40,Sim,50,300,0,-10.7029487,-48.3971839,3,https://raw.githubusercontent.com/LGRSV/vera-vegetacao/main/fotos/Enecol-Centro/VER20260710101023122841106F1.jpg,Não
V20260710101305563556166,Porto Nacional,Enecol Centro,"10/07/2026, 10:13:02",Outros,472707,URBANO,6,40,Sim,,300,0,-10.7025053,-48.3970367,3,https://raw.githubusercontent.com/LGRSV/vera-vegetacao/main/fotos/Enecol-Centro/VER20260710101305563556166F1.jpg,Não
V20260710104917149304243,Porto Nacional,Enecol Centro,"10/07/2026, 10:49:13",Outros,1066962,URBANO,8,50,Sim,,50,0,-10.7019083,-48.396647,3,https://raw.githubusercontent.com/LGRSV/vera-vegetacao/main/fotos/Enecol-Centro/VER20260710104917149304243F1.jpg,Não
V20260710105140267045423,Porto Nacional,Enecol Centro,"10/07/2026, 10:51:36",Outros,1066958,URBANO,7,60,Sim,,300,0,-10.7019641,-48.3966583,3,https://raw.githubusercontent.com/LGRSV/vera-vegetacao/main/fotos/Enecol-Centro/VER20260710105140267045423F1.jpg,Não
V20260710105400650817780,Porto Nacional,Enecol Centro,"10/07/2026, 10:53:57",Outros,1066961,URBANO,7,40,Sim,,50,0,-10.7014956,-48.3963366,3,https://raw.githubusercontent.com/LGRSV/vera-vegetacao/main/fotos/Enecol-Centro/VER20260710105400650817780F1.jpg,Não
V20260710132851619809415,Porto Nacional,Enecol Centro,"10/07/2026, 13:28:49",Mangueira,473236,URBANO,12,120,Sim,250,100,0,-10.7038079,-48.3982291,3,https://raw.githubusercontent.com/LGRSV/vera-vegetacao/main/fotos/Enecol-Centro/VER20260710132851619809415F1.jpg,Não
V20260710133033624582264,Porto Nacional,Enecol Centro,"10/07/2026, 13:30:31",Mangueira,473707,URBANO,11,120,Sim,300,300,0,-10.7038531,-48.3981546,3,https://raw.githubusercontent.com/LGRSV/vera-vegetacao/main/fotos/Enecol-Centro/VER20260710133033624582264F1.jpg,Sim
V20260710133142225752048,Porto Nacional,Enecol Centro,"10/07/2026, 13:31:39",Babaçu,473707,URBANO,11,60,Sim,250,50,0,-10.7038705,-48.3981473,3,https://raw.githubusercontent.com/LGRSV/vera-vegetacao/main/fotos/Enecol-Centro/VER20260710133142225752048F1.jpg,Não
V20260710135530196321209,Porto Nacional,Enecol Centro,"10/07/2026, 13:55:27",Oiti,430965,URBANO,5,40,Sim,250,300,0,-10.7385981,-48.391053,3,https://raw.githubusercontent.com/LGRSV/vera-vegetacao/main/fotos/Enecol-Centro/VER20260710135530196321209F1.jpg,Não
V20260710135620760158037,Porto Nacional,Enecol Centro,"10/07/2026, 13:56:18",Oiti,430965,URBANO,5,40,,250,300,0,-10.7386734,-48.3910882,3,https://raw.githubusercontent.com/LGRSV/vera-vegetacao/main/fotos/Enecol-Centro/VER20260710135620760158037F1.jpg,Não
V20260710140346609105705,Porto Nacional,Enecol Centro,"10/07/2026, 14:03:44",Outros,20104972,URBANO,4,30,Sim,300,300,0,-10.7361432,-48.3855291,3,https://raw.githubusercontent.com/LGRSV/vera-vegetacao/main/fotos/Enecol-Centro/VER20260710140346609105705F1.jpg,Não
V20260710140459981738588,Porto Nacional,Enecol Centro,"10/07/2026, 14:04:57",Outros,20104984,URBANO,3.5,30,Sim,300,300,0,-10.7361419,-48.385488,3,https://raw.githubusercontent.com/LGRSV/vera-vegetacao/main/fotos/Enecol-Centro/VER20260710140459981738588F1.jpg,Não
V20260710140727220172327,Porto Nacional,Enecol Centro,"10/07/2026, 14:07:24",Cajueiro,20105390,URBANO,11,100,Sim,50,300,0,-10.7354242,-48.3870692,3,https://raw.githubusercontent.com/LGRSV/vera-vegetacao/main/fotos/Enecol-Centro/VER20260710140727220172327F1.jpg,Não
V20260710141036524438110,Porto Nacional,Enecol Centro,"10/07/2026, 14:10:33",Oiti,91636,URBANO,5,40,Sim,300,300,0,-10.7326812,-48.3880467,3,https://raw.githubusercontent.com/LGRSV/vera-vegetacao/main/fotos/Enecol-Centro/VER20260710141036524438110F1.jpg,Não
V20260710141250074488338,Porto Nacional,Enecol Centro,"10/07/2026, 14:12:46",Oiti,429064,URBANO,6,50,Sim,100,300,0,-10.7298299,-48.3889296,3,https://raw.githubusercontent.com/LGRSV/vera-vegetacao/main/fotos/Enecol-Centro/VER20260710141250074488338F1.jpg,Não
V20260710141629712110894,Porto Nacional,Enecol Centro,"10/07/2026, 14:16:26",Oiti,1585221,URBANO,4,60,Sim,,300,0,-10.7281583,-48.391101,3,https://raw.githubusercontent.com/LGRSV/vera-vegetacao/main/fotos/Enecol-Centro/VER20260710141629712110894F1.jpg,Não
V20260710141730977229576,Porto Nacional,Enecol Centro,"10/07/2026, 14:17:27",Oiti,431190,URBANO,4,60,Sim,300,300,0,-10.7281096,-48.3911448,3,https://raw.githubusercontent.com/LGRSV/vera-vegetacao/main/fotos/Enecol-Centro/VER20260710141730977229576F1.jpg,Não
V20260710142454989216200,Porto Nacional,Enecol Centro,"10/07/2026, 14:24:51",Outros,106888,URBANO,7,60,Sim,200,300,0,-10.7116207,-48.3919987,3,https://raw.githubusercontent.com/LGRSV/vera-vegetacao/main/fotos/Enecol-Centro/VER20260710142454989216200F1.jpg,Não
V20260714090231959507904,SE Paraíso I,Enecol Centro,"14/07/2026, 09:02:30",Outros,1105694,URBANO,7,50,Sim,50,300,0,-10.1973348,-48.9201847,3,https://raw.githubusercontent.com/LGRSV/vera-vegetacao/main/fotos/Enecol-Centro/VER20260714090231959507904F1.jpg,Não
V20260714090711972411342,SE Paraíso I,Enecol Centro,"14/07/2026, 09:07:11",Mangueira,1835061,URBANO,4,25,Sim,,,0,-10.1968342,-48.9204273,3,https://raw.githubusercontent.com/LGRSV/vera-vegetacao/main/fotos/Enecol-Centro/VER20260714090711972411342F1.jpg,Não
V20260714090839739672717,SE Paraíso I,Enecol Centro,"14/07/2026, 09:08:38",Outros,1105449,URBANO,3.5,25,Sim,,,0,-10.1966975,-48.9202154,3,https://raw.githubusercontent.com/LGRSV/vera-vegetacao/main/fotos/Enecol-Centro/VER20260714090839739672717F1.jpg,Não
V20260714091017204856358,SE Paraíso I,Enecol Centro,"14/07/2026, 09:10:16",Outros,1105697,URBANO,3.5,20,Sim,,,0,-10.1966546,-48.9201762,3,https://raw.githubusercontent.com/LGRSV/vera-vegetacao/main/fotos/Enecol-Centro/VER20260714091017204856358F1.jpg,Não
V20260714091428054205319,SE Paraíso I,Enecol Centro,"14/07/2026, 09:14:27",Outros,1105702,URBANO,2,20,Sim,,,0,-10.1948581,-48.9199718,3,https://raw.githubusercontent.com/LGRSV/vera-vegetacao/main/fotos/Enecol-Centro/VER20260714091428054205319F1.jpg,Não
V20260714091558620019160,SE Paraíso I,Enecol Centro,"14/07/2026, 09:15:57",Outros,1105702,URBANO,3.5,35,Sim,,,0,-10.1945581,-48.9199016,3,https://raw.githubusercontent.com/LGRSV/vera-vegetacao/main/fotos/Enecol-Centro/VER20260714091558620019160F1.jpg,Não
V20260714092130848896838,SE Paraíso I,Enecol Centro,"14/07/2026, 09:21:29",Outros,1105702,URBANO,4,25,Sim,,,0,-10.1943991,-48.9199286,3,https://raw.githubusercontent.com/LGRSV/vera-vegetacao/main/fotos/Enecol-Centro/VER20260714092130848896838F1.jpg,Não
V20260714093147801927553,SE Paraíso I,Enecol Centro,"14/07/2026, 09:31:46",Cajueiro,1106739,URBANO,2,20,Sim,,,0,-10.1938083,-48.91624,3,https://raw.githubusercontent.com/LGRSV/vera-vegetacao/main/fotos/Enecol-Centro/VER20260714093147801927553F1.jpg,Não
V20260714093246911662593,SE Paraíso I,Enecol Centro,"14/07/2026, 09:32:45",Cajueiro,1106739,URBANO,2.5,20,Sim,,,0,-10.193925,-48.9162517,3,https://raw.githubusercontent.com/LGRSV/vera-vegetacao/main/fotos/Enecol-Centro/VER20260714093246911662593F1.jpg,Não
V20260714093406310898466,SE Paraíso I,Enecol Centro,"14/07/2026, 09:34:05",Outros,1106554,URBANO,4,40,Sim,,,0,-10.1943417,-48.91632,3,https://raw.githubusercontent.com/LGRSV/vera-vegetacao/main/fotos/Enecol-Centro/VER20260714093406310898466F1.jpg,Não
V20260714093507211761606,SE Paraíso I,Enecol Centro,"14/07/2026, 09:35:06",Outros,1106554,URBANO,3.5,20,Sim,,,0,-10.1942183,-48.9162917,3,https://raw.githubusercontent.com/LGRSV/vera-vegetacao/main/fotos/Enecol-Centro/VER20260714093507211761606F1.jpg,Não
V20260714094000445539700,SE Paraíso I,Enecol Centro,"14/07/2026, 09:39:59",Outros,1835078,URBANO,,30,Não,,,0,-10.1932025,-48.9157179,3,https://raw.githubusercontent.com/LGRSV/vera-vegetacao/main/fotos/Enecol-Centro/VER20260714094000445539700F1.jpg,Não
V20260714095306692022792,SE Paraíso I,Enecol Centro,"14/07/2026, 09:53:05",Outros,1454986,URBANO,3.5,40,Sim,,,0,-10.18482,-48.90404,3,https://raw.githubusercontent.com/LGRSV/vera-vegetacao/main/fotos/Enecol-Centro/VER20260714095306692022792F1.jpg,Não
V20260714095511445116025,SE Paraíso I,Enecol Centro,"14/07/2026, 09:55:10",Outros,46748881,URBANO,7,50,Não,,300,0,-10.1853117,-48.9038917,3,https://raw.githubusercontent.com/LGRSV/vera-vegetacao/main/fotos/Enecol-Centro/VER20260714095511445116025F1.jpg,Não
V20260714100254615699680,SE Paraíso I,Enecol Centro,"14/07/2026, 10:02:53",Outros,1436009,URBANO,9,70,Não,,250,0,-10.1859733,-48.9013183,3,https://raw.githubusercontent.com/LGRSV/vera-vegetacao/main/fotos/Enecol-Centro/VER20260714100254615699680F1.jpg,Não
V20260714101157845150040,SE Paraíso I,Enecol Centro,"14/07/2026, 10:11:56",Outros,1436007,URBANO,13,110,Sim,150,50,0,-10.1864318,-48.9014611,3,https://raw.githubusercontent.com/LGRSV/vera-vegetacao/main/fotos/Enecol-Centro/VER20260714101157845150040F1.jpg,Não
V20260714101311767379659,SE Paraíso I,Enecol Centro,"14/07/2026, 10:13:10",Mangueira,1436003,URBANO,8,130,Sim,0,50,0,-10.1864718,-48.9015257,3,https://raw.githubusercontent.com/LGRSV/vera-vegetacao/main/fotos/Enecol-Centro/VER20260714101311767379659F1.jpg,Não
V20260714101428371021883,SE Paraíso I,Enecol Centro,"14/07/2026, 10:14:27",Outros,1436003,URBANO,7,60,Sim,0,200,0,-10.1864972,-48.9016003,3,https://raw.githubusercontent.com/LGRSV/vera-vegetacao/main/fotos/Enecol-Centro/VER20260714101428371021883F1.jpg,Não
V20260714101549648296558,SE Paraíso I,Enecol Centro,"14/07/2026, 10:15:48",Coqueiro,1436003,URBANO,10,60,Sim,0,0,0,-10.186497,-48.9017478,3,https://raw.githubusercontent.com/LGRSV/vera-vegetacao/main/fotos/Enecol-Centro/VER20260714101549648296558F1.jpg,Não
V20260714102715453535981,SE Paraíso I,Enecol Centro,"14/07/2026, 10:27:13",Cajueiro,1454991,URBANO,3,20,Sim,,,0,-10.1879517,-48.9028967,3,https://raw.githubusercontent.com/LGRSV/vera-vegetacao/main/fotos/Enecol-Centro/VER20260714102715453535981F1.jpg,Não
V20260714102845508709277,SE Paraíso I,Enecol Centro,"14/07/2026, 10:28:44",Mangueira,1454991,URBANO,6.5,80,Sim,0,250,0,-10.18783,-48.9028417,3,https://raw.githubusercontent.com/LGRSV/vera-vegetacao/main/fotos/Enecol-Centro/VER20260714102845508709277F1.jpg,Não
V20260714103027822598401,SE Paraíso I,Enecol Centro,"14/07/2026, 10:30:26",Mangueira,1455003,URBANO,9,80,Sim,0,50,0,-10.188099,-48.9027937,3,https://raw.githubusercontent.com/LGRSV/vera-vegetacao/main/fotos/Enecol-Centro/VER20260714103027822598401F1.jpg,Não
V20260714103156179191804,SE Paraíso I,Enecol Centro,"14/07/2026, 10:31:54",Mangueira,1455003,URBANO,9,100,Sim,0,50,0,-10.1882149,-48.902702,3,https://raw.githubusercontent.com/LGRSV/vera-vegetacao/main/fotos/Enecol-Centro/VER20260714103156179191804F1.jpg,Não
V20260714104509313888524,SE Paraíso I,Enecol Centro,"14/07/2026, 10:45:08",Mangueira,23587096,URBANO,14,130,Sim,300,300,0,-10.1891069,-48.90191,3,https://raw.githubusercontent.com/LGRSV/vera-vegetacao/main/fotos/Enecol-Centro/VER20260714104509313888524F1.jpg,Não
V20260714104727865125596,SE Paraíso I,Enecol Centro,"14/07/2026, 10:47:25",Mangueira,1454990,URBANO,5.5,60,Sim,250,300,0,-10.1892315,-48.9024399,3,https://raw.githubusercontent.com/LGRSV/vera-vegetacao/main/fotos/Enecol-Centro/VER20260714104727865125596F1.jpg,Não
V20260714105207421356093,SE Paraíso I,Enecol Centro,"14/07/2026, 10:52:05",Oiti,1454995,URBANO,5,80,Sim,,,0,-10.1903169,-48.9026433,3,https://raw.githubusercontent.com/LGRSV/vera-vegetacao/main/fotos/Enecol-Centro/VER20260714105207421356093F1.jpg,Não
V20260714105333865541721,SE Paraíso I,Enecol Centro,"14/07/2026, 10:53:32",Mogno,1455316,URBANO,6,55,Sim,50,300,0,-10.1903679,-48.9028566,3,https://raw.githubusercontent.com/LGRSV/vera-vegetacao/main/fotos/Enecol-Centro/VER20260714105333865541721F1.jpg,Não
V20260714105855574406984,SE Paraíso I,Enecol Centro,"14/07/2026, 10:58:53",Oiti,611053,URBANO,8,60,Sim,0,200,0,-10.1929206,-48.9023514,3,https://raw.githubusercontent.com/LGRSV/vera-vegetacao/main/fotos/Enecol-Centro/VER20260714105855574406984F1.jpg,Não
V20260714110007806399029,SE Paraíso I,Enecol Centro,"14/07/2026, 11:00:05",Mangueira,611053,URBANO,11.5,100,Sim,50,100,0,-10.1929368,-48.9024318,3,https://raw.githubusercontent.com/LGRSV/vera-vegetacao/main/fotos/Enecol-Centro/VER20260714110007806399029F1.jpg,Não
V20260714110122033944660,SE Paraíso I,Enecol Centro,"14/07/2026, 11:01:19",Oiti,611053,URBANO,9,80,Sim,50,250,0,-10.1930346,-48.9025662,3,https://raw.githubusercontent.com/LGRSV/vera-vegetacao/main/fotos/Enecol-Centro/VER20260714110122033944660F1.jpg,Não
V20260714111721575351736,SE Paraíso I,Enecol Centro,"14/07/2026, 11:17:19",Cajueiro,1455010,URBANO,6,80,Sim,300,300,0,-10.181695,-48.9043033,3,https://raw.githubusercontent.com/LGRSV/vera-vegetacao/main/fotos/Enecol-Centro/VER20260714111721575351736F1.jpg,Não
V20260714111847016889327,SE Paraíso I,Enecol Centro,"14/07/2026, 11:18:44",Mangueira,1455321,URBANO,8,80,Sim,50,250,0,-10.1816317,-48.9041117,3,https://raw.githubusercontent.com/LGRSV/vera-vegetacao/main/fotos/Enecol-Centro/VER20260714111847016889327F1.jpg,Não
V20260714112931533810705,SE Paraíso I,Enecol Centro,"14/07/2026, 11:29:29",Outros,1688143,URBANO,4,30,Não,,300,0,-10.1898083,-48.9072767,3,https://raw.githubusercontent.com/LGRSV/vera-vegetacao/main/fotos/Enecol-Centro/VER20260714112931533810705F1.jpg,Não
V20260714114039350143395,SE Paraíso I,Enecol Centro,"14/07/2026, 11:40:37",Oiti,1454988,URBANO,8,80,Sim,,150,0,-10.1812044,-48.9031693,3,https://raw.githubusercontent.com/LGRSV/vera-vegetacao/main/fotos/Enecol-Centro/VER20260714114039350143395F1.jpg,Não
V20260714114137050477938,SE Paraíso I,Enecol Centro,"14/07/2026, 11:41:34",Cajueiro,1454988,URBANO,5,40,Sim,,,0,-10.1812032,-48.9030679,3,https://raw.githubusercontent.com/LGRSV/vera-vegetacao/main/fotos/Enecol-Centro/VER20260714114137050477938F1.jpg,Não
V20260714114354653228521,SE Paraíso I,Enecol Centro,"14/07/2026, 11:43:52",Mangueira,1455315,URBANO,7,110,Sim,100,300,0,-10.1810867,-48.9028133,3,https://raw.githubusercontent.com/LGRSV/vera-vegetacao/main/fotos/Enecol-Centro/VER20260714114354653228521F1.jpg,Não
V20260714115218268759648,SE Paraíso I,Enecol Centro,"14/07/2026, 11:52:15",Coqueiro,615140,URBANO,10,50,Sim,,100,0,-10.1789749,-48.9011925,3,https://raw.githubusercontent.com/LGRSV/vera-vegetacao/main/fotos/Enecol-Centro/VER20260714115218268759648F1.jpg,Não
V20260714115925063826489,SE Paraíso I,Enecol Centro,"14/07/2026, 11:59:23",Cajueiro,604975,URBANO,4.5,30,Sim,,,0,-10.1825467,-48.9001767,3,https://raw.githubusercontent.com/LGRSV/vera-vegetacao/main/fotos/Enecol-Centro/VER20260714115925063826489F1.jpg,Não
V20260714120247370504136,SE Paraíso I,Enecol Centro,"14/07/2026, 12:02:44",Mangueira,604976,URBANO,8.5,80,Sim,,50,0,-10.1829717,-48.9007133,3,https://raw.githubusercontent.com/LGRSV/vera-vegetacao/main/fotos/Enecol-Centro/VER20260714120247370504136F1.jpg,Não
V20260714120406684624825,SE Paraíso I,Enecol Centro,"14/07/2026, 12:04:03",Mangueira,1682127,URBANO,6.5,60,Sim,,200,0,-10.18278,-48.9009883,3,https://raw.githubusercontent.com/LGRSV/vera-vegetacao/main/fotos/Enecol-Centro/VER20260714120406684624825F1.jpg,Não
V20260714143902839214113,SE Paraíso I,Enecol Centro,"14/07/2026, 14:39:01",Coqueiro,602293,URBANO,8.5,70,Sim,300,250,0,-10.1772333,-48.9003867,3,https://raw.githubusercontent.com/LGRSV/vera-vegetacao/main/fotos/Enecol-Centro/VER20260714143902839214113F1.jpg,Não
V20260714144047941914172,SE Paraíso I,Enecol Centro,"14/07/2026, 14:40:46",Outros,619605,URBANO,3.5,40,Sim,,,0,-10.1779967,-48.8999383,3,https://raw.githubusercontent.com/LGRSV/vera-vegetacao/main/fotos/Enecol-Centro/VER20260714144047941914172F1.jpg,Não
V20260714144143583914459,SE Paraíso I,Enecol Centro,"14/07/2026, 14:41:42",Outros,619605,URBANO,3.5,30,Sim,,,0,-10.1782017,-48.899905,3,https://raw.githubusercontent.com/LGRSV/vera-vegetacao/main/fotos/Enecol-Centro/VER20260714144143583914459F1.jpg,Não
V20260714144413838315506,SE Paraíso I,Enecol Centro,"14/07/2026, 14:44:12",Outros,602290,URBANO,5,40,Sim,300,300,0,-10.1785817,-48.89963,3,https://raw.githubusercontent.com/LGRSV/vera-vegetacao/main/fotos/Enecol-Centro/VER20260714144413838315506F1.jpg,Não
V20260714144600059595521,SE Paraíso I,Enecol Centro,"14/07/2026, 14:45:58",Coqueiro,619604,URBANO,10,70,Sim,50,200,0,-10.1791133,-48.8993617,3,https://raw.githubusercontent.com/LGRSV/vera-vegetacao/main/fotos/Enecol-Centro/VER20260714144600059595521F1.jpg,Não
V20260714144723994706071,SE Paraíso I,Enecol Centro,"14/07/2026, 14:47:22",Oiti,619604,URBANO,7,50,Sim,100,300,0,-10.1791633,-48.8993817,3,https://raw.githubusercontent.com/LGRSV/vera-vegetacao/main/fotos/Enecol-Centro/VER20260714144723994706071F1.jpg,Não
V20260714145509983304132,SE Paraíso I,Enecol Centro,"14/07/2026, 14:55:08",Cajueiro,128415,URBANO,10,110,Sim,150,150,0,-10.18028,-48.8986133,3,https://raw.githubusercontent.com/LGRSV/vera-vegetacao/main/fotos/Enecol-Centro/VER20260714145509983304132F1.jpg,Não
V20260714145632424753927,SE Paraíso I,Enecol Centro,"14/07/2026, 14:56:30",Cajueiro,600713,URBANO,8,80,Sim,300,300,0,-10.18011,-48.8987483,3,https://raw.githubusercontent.com/LGRSV/vera-vegetacao/main/fotos/Enecol-Centro/VER20260714145632424753927F1.jpg,Não
V20260714145737000696774,SE Paraíso I,Enecol Centro,"14/07/2026, 14:57:34",Outros,600713,URBANO,6,40,Sim,300,300,0,-10.1801367,-48.898715,3,https://raw.githubusercontent.com/LGRSV/vera-vegetacao/main/fotos/Enecol-Centro/VER20260714145737000696774F1.jpg,Não
V20260714145838654660976,SE Paraíso I,Enecol Centro,"14/07/2026, 14:58:36",Outros,600713,URBANO,7,45,Sim,100,300,0,-10.180205,-48.89869,3,https://raw.githubusercontent.com/LGRSV/vera-vegetacao/main/fotos/Enecol-Centro/VER20260714145838654660976F1.jpg,Não
V20260714145953233588172,SE Paraíso I,Enecol Centro,"14/07/2026, 14:59:51",Cajueiro,128415,URBANO,11,70,Sim,150,50,0,-10.180235,-48.8987917,3,https://raw.githubusercontent.com/LGRSV/vera-vegetacao/main/fotos/Enecol-Centro/VER20260714145953233588172F1.jpg,Não
V20260714150335792543342,SE Paraíso I,Enecol Centro,"14/07/2026, 15:03:33",Coqueiro,600711,URBANO,8,70,Sim,150,50,0,-10.180565,-48.8985067,3,https://raw.githubusercontent.com/LGRSV/vera-vegetacao/main/fotos/Enecol-Centro/VER20260714150335792543342F1.jpg,Não
V20260714150446634634107,SE Paraíso I,Enecol Centro,"14/07/2026, 15:04:44",Coqueiro,600711,URBANO,8,70,Sim,50,50,0,-10.180675,-48.898475,3,https://raw.githubusercontent.com/LGRSV/vera-vegetacao/main/fotos/Enecol-Centro/VER20260714150446634634107F1.jpg,Não
V20260714150930935573273,SE Paraíso I,Enecol Centro,"14/07/2026, 15:09:28",Oiti,601645,URBANO,9,75,Sim,100,50,0,-10.1816467,-48.8987467,3,https://raw.githubusercontent.com/LGRSV/vera-vegetacao/main/fotos/Enecol-Centro/VER20260714150930935573273F1.jpg,Não
V20260714151137824768903,SE Paraíso I,Enecol Centro,"14/07/2026, 15:11:35",Oiti,601645,URBANO,7,65,Sim,,300,0,-10.1816467,-48.8986267,3,https://raw.githubusercontent.com/LGRSV/vera-vegetacao/main/fotos/Enecol-Centro/VER20260714151137824768903F1.jpg,Não
V20260714151336350630020,SE Paraíso I,Enecol Centro,"14/07/2026, 15:13:33",Oiti,601645,URBANO,5.5,35,Sim,,300,0,-10.1816533,-48.8986283,3,https://raw.githubusercontent.com/LGRSV/vera-vegetacao/main/fotos/Enecol-Centro/VER20260714151336350630020F1.jpg,Não
V20260714151559042374319,SE Paraíso I,Enecol Centro,"14/07/2026, 15:15:56",Cajueiro,619313,URBANO,11,110,Sim,,50,0,-10.181385,-48.8981033,4,https://raw.githubusercontent.com/LGRSV/vera-vegetacao/main/fotos/Enecol-Centro/VER20260714151559042374319F1.jpg,Não
V20260714152610213201800,SE Paraíso I,Enecol Centro,"14/07/2026, 15:26:07",Outros,590854,URBANO,6,50,Sim,300,300,0,-10.1827882,-48.8965444,3,https://raw.githubusercontent.com/LGRSV/vera-vegetacao/main/fotos/Enecol-Centro/VER20260714152610213201800F1.jpg,Não
V20260714152730541910728,SE Paraíso I,Enecol Centro,"14/07/2026, 15:27:27",Outros,590854,URBANO,7,70,Sim,250,300,0,-10.182773,-48.8965074,3,https://raw.githubusercontent.com/LGRSV/vera-vegetacao/main/fotos/Enecol-Centro/VER20260714152730541910728F1.jpg,Não
