{"t1":[[[-48.35773,-10.60109],[-48.35749,-10.60137]]],"t2":[[[-48.3563,-10.60285],[-48.35615,-10.60306]],[[-48.3563,-10.60285],[-48.35621,-10.60277]],[[-48.35666,-10.60236],[-48.3563,-10.60285]],[[-48.3563,-10.60285],[-48.35648,-10.60298]],[[-48.35621,-10.60277],[-48.35618,-10.60276]],[[-48.35678,-10.60221],[-48.35666,-10.60236]],[[-48.35618,-10.60276],[-48.35466,-10.60161]],[[-48.35731,-10.60154],[-48.35678,-10.60221]],[[-48.35466,-10.60161],[-48.35444,-10.60145]],[[-48.35747,-10.60138],[-48.35731,-10.60154]],[[-48.35444,-10.60145],[-48.35417,-10.60125]],[[-48.35731,-10.60155],[-48.35738,-10.60164]],[[-48.35283,-10.60655],[-48.35281,-10.60653]],[[-48.35281,-10.60653],[-48.35126,-10.60536]],[[-48.35281,-10.60653],[-48.35282,-10.60652]],[[-48.35331,-10.60684],[-48.35283,-10.60655]],[[-48.35126,-10.60536],[-48.35022,-10.60464]],[[-48.35331,-10.60684],[-48.35345,-10.60697]],[[-48.35483,-10.60481],[-48.35331,-10.60684]],[[-48.35331,-10.60684],[-48.35317,-10.60702]],[[-48.35022,-10.60464],[-48.35014,-10.60458]],[[-48.35022,-10.60464],[-48.34955,-10.60537]],[[-48.35022,-10.60464],[-48.35039,-10.60441]],[[-48.35483,-10.60481],[-48.35484,-10.60482]],[[-48.35518,-10.60434],[-48.35483,-10.60481]],[[-48.35317,-10.60702],[-48.35315,-10.60704]],[[-48.34955,-10.60537],[-48.34934,-10.60562]],[[-48.35484,-10.60482],[-48.3551,-10.60507]],[[-48.35547,-10.60396],[-48.35518,-10.60434]],[[-48.35315,-10.60704],[-48.35275,-10.60756]],[[-48.35612,-10.60311],[-48.35547,-10.60396]],[[-48.35275,-10.60756],[-48.35262,-10.60773]],[[-48.35435,-10.60156],[-48.35417,-10.60158]],[[-48.35443,-10.60146],[-48.35435,-10.60156]],[[-48.36918,-10.60525],[-48.36918,-10.60543]],[[-48.36843,-10.60517],[-48.36918,-10.60525]],[[-48.36918,-10.60525],[-48.37005,-10.60535]],[[-48.36918,-10.60525],[-48.36929,-10.60433]],[[-48.36643,-10.60494],[-48.36843,-10.60517]],[[-48.37005,-10.60535],[-48.37009,-10.60535]],[[-48.36643,-10.60494],[-48.36644,-10.60492]],[[-48.36643,-10.60494],[-48.36644,-10.60495]],[[-48.36584,-10.60487],[-48.36643,-10.60494]],[[-48.37009,-10.60535],[-48.37078,-10.60543]],[[-48.36644,-10.60492],[-48.36677,-10.60303]],[[-48.365,-10.60478],[-48.36584,-10.60487]],[[-48.37078,-10.60543],[-48.371,-10.60545]],[[-48.36677,-10.60303],[-48.36675,-10.60301]],[[-48.36417,-10.60469],[-48.365,-10.60478]],[[-48.371,-10.60545],[-48.37103,-10.60545]],[[-48.36675,-10.60301],[-48.36623,-10.6029]],[[-48.36414,-10.60469],[-48.36417,-10.60469]],[[-48.37103,-10.60545],[-48.37277,-10.60564]],[[-48.36623,-10.6029],[-48.36621,-10.6029]],[[-48.36154,-10.60441],[-48.36414,-10.60469]],[[-48.37277,-10.60564],[-48.37301,-10.60567]],[[-48.36621,-10.6029],[-48.36617,-10.60288]],[[-48.3594,-10.60418],[-48.36154,-10.60441]],[[-48.36617,-10.60288],[-48.3659,-10.60286]],[[-48.35937,-10.60418],[-48.3594,-10.60418]],[[-48.35901,-10.60414],[-48.35937,-10.60418]],[[-48.35651,-10.603],[-48.35901,-10.60414]],[[-48.35357,-10.60705],[-48.35398,-10.60736]],[[-48.35347,-10.60698],[-48.35357,-10.60705]],[[-48.35398,-10.60736],[-48.35399,-10.60739]],[[-48.35399,-10.60739],[-48.35424,-10.60829]],[[-48.35424,-10.60829],[-48.35646,-10.61702]],[[-48.35646,-10.61702],[-48.35647,-10.61705]],[[-48.35647,-10.61705],[-48.35712,-10.61969]],[[-48.35712,-10.61969],[-48.3571,-10.6197]],[[-48.35712,-10.61969],[-48.36035,-10.62509]],[[-48.3571,-10.6197],[-48.35679,-10.61977]],[[-48.36035,-10.62509],[-48.36037,-10.62511]],[[-48.36037,-10.62511],[-48.36036,-10.62778]],[[-48.36036,-10.62778],[-48.36038,-10.62778]],[[-48.36036,-10.62778],[-48.36033,-10.63051]],[[-48.36038,-10.62778],[-48.36776,-10.62528]],[[-48.36033,-10.63051],[-48.36033,-10.63139]],[[-48.34954,-10.60535],[-48.34947,-10.60522]],[[-48.35551,-10.60401],[-48.35589,-10.60445]],[[-48.35517,-10.60434],[-48.35502,-10.60434]],[[-48.35502,-10.60434],[-48.35503,-10.60431]],[[-48.35283,-10.60651],[-48.35291,-10.60641]],[[-48.35512,-10.6051],[-48.35573,-10.60566]],[[-48.36501,-10.60474],[-48.36511,-10.60388]],[[-48.36511,-10.60388],[-48.36483,-10.60386]],[[-48.36931,-10.60431],[-48.36945,-10.60411]],[[-48.37277,-10.60562],[-48.3728,-10.60544]],[[-48.37078,-10.60544],[-48.37078,-10.60563]],[[-48.36155,-10.60439],[-48.36173,-10.60379]],[[-48.36645,-10.60494],[-48.36645,-10.60492]],[[-48.36029,-10.63052],[-48.35988,-10.63063]],[[-48.36779,-10.62527],[-48.36807,-10.62521]],[[-48.35428,-10.6083],[-48.35428,-10.60826]],[[-48.35428,-10.6083],[-48.35427,-10.60828]],[[-48.35425,-10.60829],[-48.35428,-10.6083]],[[-48.35428,-10.60826],[-48.35427,-10.60828]],[[-48.36033,-10.63143],[-48.36031,-10.63172]],[[-48.35346,-10.60721],[-48.35326,-10.60721]],[[-48.35356,-10.60707],[-48.35346,-10.60721]],[[-48.35446,-10.62086],[-48.35339,-10.62138]],[[-48.35339,-10.62138],[-48.35331,-10.6214]],[[-48.35446,-10.62086],[-48.35447,-10.62083]],[[-48.35667,-10.61982],[-48.35446,-10.62086]],[[-48.35327,-10.62142],[-48.35295,-10.62155]],[[-48.35337,-10.62151],[-48.35309,-10.62406]],[[-48.35427,-10.62065],[-48.34916,-10.62361]],[[-48.34916,-10.62361],[-48.34834,-10.62411]],[[-48.3543,-10.62065],[-48.35427,-10.62065]],[[-48.34834,-10.62411],[-48.34833,-10.62412]],[[-48.35444,-10.62083],[-48.3543,-10.62065]],[[-48.34833,-10.62412],[-48.34678,-10.62503]],[[-48.35446,-10.62085],[-48.35444,-10.62083]],[[-48.35444,-10.62083],[-48.35446,-10.62083]],[[-48.34678,-10.62503],[-48.34631,-10.6253]],[[-48.34631,-10.6253],[-48.3463,-10.62532]],[[-48.3463,-10.62532],[-48.34628,-10.62531]],[[-48.3463,-10.62532],[-48.347,-10.62762]],[[-48.34628,-10.62531],[-48.34603,-10.62536]],[[-48.347,-10.62762],[-48.34699,-10.62765]],[[-48.34603,-10.62536],[-48.346,-10.62537]],[[-48.34699,-10.62765],[-48.34734,-10.62765]],[[-48.34699,-10.62765],[-48.34534,-10.62874]],[[-48.346,-10.62537],[-48.34337,-10.62576]],[[-48.34528,-10.62877],[-48.34472,-10.62912]],[[-48.3474,-10.62765],[-48.35026,-10.62635]]]}