{"t1":[[[-48.30982,-10.20414],[-48.31008,-10.20407]],[[-48.3105,-10.20395],[-48.31052,-10.20394]],[[-48.3101,-10.20406],[-48.3105,-10.20395]],[[-48.31052,-10.20394],[-48.31059,-10.20418]],[[-48.31052,-10.20394],[-48.31051,-10.20389]],[[-48.3113,-10.20556],[-48.31132,-10.20558]],[[-48.31103,-10.20506],[-48.3113,-10.20556]],[[-48.31067,-10.20444],[-48.31103,-10.20506]],[[-48.31066,-10.2044],[-48.31067,-10.20444]],[[-48.3106,-10.2042],[-48.31066,-10.2044]]],"t2":[[[-48.31132,-10.20558],[-48.31312,-10.20878]],[[-48.3131,-10.20875],[-48.31314,-10.20882]],[[-48.31314,-10.20882],[-48.31326,-10.20904]],[[-48.31326,-10.20904],[-48.31348,-10.20894]],[[-48.31326,-10.20904],[-48.31441,-10.21107]],[[-48.31348,-10.20894],[-48.31338,-10.20871]],[[-48.31348,-10.20894],[-48.31362,-10.20914]],[[-48.31441,-10.21107],[-48.31441,-10.21105]],[[-48.31441,-10.21107],[-48.31442,-10.21106]],[[-48.31362,-10.20914],[-48.3136,-10.20914]],[[-48.31441,-10.21105],[-48.31444,-10.21102]],[[-48.31444,-10.21107],[-48.31449,-10.21102]],[[-48.31442,-10.21106],[-48.31444,-10.21107]],[[-48.31314,-10.20882],[-48.31317,-10.20881]]]}