<?xml version="1.0" encoding="UTF-8"?>
<kml xmlns="http://www.opengis.net/kml/2.2"><Document><name>Rota Miracema do Tocantins — pontos VERA</name>
<Placemark><name>V20260911095827959658087 — Pequi</name><description><![CDATA[Espécie: Pequi<br/>Poste: 1478966<br/>Área: URBANO<br/>Altura: 8 m · DAP: 100 cm<br/>Dist. BT/MT/AT: /150/0 cm<br/>Equipe: Enecol Centro · 11/09/2026, 09:58:27<br/><a href="https://raw.githubusercontent.com/LGRSV/vera-vegetacao/main/fotos/Enecol-Centro/VER20260911095827959658087F1.jpg">Foto</a>]]></description><Point><coordinates>-48.4164116,-9.5610218,0</coordinates></Point></Placemark>
<Placemark><name>V20260911100229571591125 — Palmeira</name><description><![CDATA[Espécie: Palmeira<br/>Poste: 145620<br/>Área: URBANO<br/>Altura: 3 m · DAP: 75 cm<br/>Dist. BT/MT/AT: 300/300/0 cm<br/>Equipe: Enecol Centro · 11/09/2026, 10:02:28<br/><a href="https://raw.githubusercontent.com/LGRSV/vera-vegetacao/main/fotos/Enecol-Centro/VER20260911100229571591125F1.jpg">Foto</a>]]></description><Point><coordinates>-48.4150651,-9.5607246,0</coordinates></Point></Placemark>
<Placemark><name>V20260911100516201501138 — Outros</name><description><![CDATA[Espécie: Outros<br/>Poste: 1445142<br/>Área: URBANO<br/>Altura: 19 m · DAP: 175 cm<br/>Dist. BT/MT/AT: /150/0 cm<br/>Equipe: Enecol Centro · 11/09/2026, 10:05:15<br/><a href="https://raw.githubusercontent.com/LGRSV/vera-vegetacao/main/fotos/Enecol-Centro/VER20260911100516201501138F1.jpg">Foto</a>]]></description><Point><coordinates>-48.4147833,-9.5605183,0</coordinates></Point></Placemark>
<Placemark><name>V20260911100811895047600 — Outros</name><description><![CDATA[Espécie: Outros<br/>Poste: 145642<br/>Área: URBANO<br/>Altura: 4.5 m · DAP: 40 cm<br/>Dist. BT/MT/AT: 300/300/0 cm<br/>Equipe: Enecol Centro · 11/09/2026, 10:08:11<br/><a href="https://raw.githubusercontent.com/LGRSV/vera-vegetacao/main/fotos/Enecol-Centro/VER20260911100811895047600F1.jpg">Foto</a>]]></description><Point><coordinates>-48.4138267,-9.560605,0</coordinates></Point></Placemark>
<Placemark><name>V20260911101030293019434 — Cajueiro</name><description><![CDATA[Espécie: Cajueiro<br/>Poste: 145566<br/>Área: URBANO<br/>Altura: 10.5 m · DAP: 120 cm<br/>Dist. BT/MT/AT: 100/200/0 cm<br/>Equipe: Enecol Centro · 11/09/2026, 10:10:29<br/><a href="https://raw.githubusercontent.com/LGRSV/vera-vegetacao/main/fotos/Enecol-Centro/VER20260911101030293019434F1.jpg">Foto</a>]]></description><Point><coordinates>-48.413285,-9.56063,0</coordinates></Point></Placemark>
<Placemark><name>V20260911101321264591816 — Mangueira</name><description><![CDATA[Espécie: Mangueira<br/>Poste: 145252<br/>Área: URBANO<br/>Altura: 8.5 m · DAP: 105 cm<br/>Dist. BT/MT/AT: /100/0 cm<br/>Equipe: Enecol Centro · 11/09/2026, 10:13:20<br/><a href="https://raw.githubusercontent.com/LGRSV/vera-vegetacao/main/fotos/Enecol-Centro/VER20260911101321264591816F1.jpg">Foto</a>]]></description><Point><coordinates>-48.412605,-9.560695,0</coordinates></Point></Placemark>
<Placemark><name>V20260911101422848847614 — Cajueiro</name><description><![CDATA[Espécie: Cajueiro<br/>Poste: 145252<br/>Área: URBANO<br/>Altura: 3.5 m · DAP: 60 cm<br/>Dist. BT/MT/AT: /300/0 cm<br/>Equipe: Enecol Centro · 11/09/2026, 10:14:21<br/><a href="https://raw.githubusercontent.com/LGRSV/vera-vegetacao/main/fotos/Enecol-Centro/VER20260911101422848847614F1.jpg">Foto</a>]]></description><Point><coordinates>-48.4126,-9.5607133,0</coordinates></Point></Placemark>
<Placemark><name>V20260911101750656319108 — Mangueira</name><description><![CDATA[Espécie: Mangueira<br/>Poste: 1504181<br/>Área: URBANO<br/>Altura: 8 m · DAP: 85 cm<br/>Dist. BT/MT/AT: 50/100/0 cm<br/>Equipe: Enecol Centro · 11/09/2026, 10:17:49<br/><a href="https://raw.githubusercontent.com/LGRSV/vera-vegetacao/main/fotos/Enecol-Centro/VER20260911101750656319108F1.jpg">Foto</a>]]></description><Point><coordinates>-48.4122733,-9.5608167,0</coordinates></Point></Placemark>
<Placemark><name>V20260911102000299493380 — Flamboyant</name><description><![CDATA[Espécie: Flamboyant<br/>Poste: 145254<br/>Área: URBANO<br/>Altura: 5.5 m · DAP: 60 cm<br/>Dist. BT/MT/AT: 100/300/0 cm<br/>Equipe: Enecol Centro · 11/09/2026, 10:19:59<br/><a href="https://raw.githubusercontent.com/LGRSV/vera-vegetacao/main/fotos/Enecol-Centro/VER20260911102000299493380F1.jpg">Foto</a>]]></description><Point><coordinates>-48.4120417,-9.5608617,0</coordinates></Point></Placemark>
<Placemark><name>V20260911102208613344337 — Outros</name><description><![CDATA[Espécie: Outros<br/>Poste: 145255<br/>Área: URBANO<br/>Altura: 6 m · DAP: 85 cm<br/>Dist. BT/MT/AT: 0/200/0 cm<br/>Equipe: Enecol Centro · 11/09/2026, 10:22:07<br/><a href="https://raw.githubusercontent.com/LGRSV/vera-vegetacao/main/fotos/Enecol-Centro/VER20260911102208613344337F1.jpg">Foto</a>]]></description><Point><coordinates>-48.411535,-9.5610467,0</coordinates></Point></Placemark>
<Placemark><name>V20260911102433894091901 — Outros</name><description><![CDATA[Espécie: Outros<br/>Poste: 145256<br/>Área: URBANO<br/>Altura: 7 m · DAP: 90 cm<br/>Dist. BT/MT/AT: 0/150/0 cm<br/>Equipe: Enecol Centro · 11/09/2026, 10:24:32<br/><a href="https://raw.githubusercontent.com/LGRSV/vera-vegetacao/main/fotos/Enecol-Centro/VER20260911102433894091901F1.jpg">Foto</a>]]></description><Point><coordinates>-48.4113133,-9.5611167,0</coordinates></Point></Placemark>
<Placemark><name>V20260911104049470924239 — Outros</name><description><![CDATA[Espécie: Outros<br/>Poste: 211433<br/>Área: URBANO<br/>Altura: 5.5 m · DAP: 80 cm<br/>Dist. BT/MT/AT: /300/0 cm<br/>Equipe: Enecol Centro · 11/09/2026, 10:40:48<br/><a href="https://raw.githubusercontent.com/LGRSV/vera-vegetacao/main/fotos/Enecol-Centro/VER20260911104049470924239F1.jpg">Foto</a>]]></description><Point><coordinates>-48.4102933,-9.5612383,0</coordinates></Point></Placemark>
<Placemark><name>V20260911104205377022790 — Outros</name><description><![CDATA[Espécie: Outros<br/>Poste: 55680317<br/>Área: URBANO<br/>Altura: 5 m · DAP: 75 cm<br/>Dist. BT/MT/AT: /300/0 cm<br/>Equipe: Enecol Centro · 11/09/2026, 10:42:04<br/><a href="https://raw.githubusercontent.com/LGRSV/vera-vegetacao/main/fotos/Enecol-Centro/VER20260911104205377022790F1.jpg">Foto</a>]]></description><Point><coordinates>-48.4102433,-9.5610433,0</coordinates></Point></Placemark>
<Placemark><name>V20260911104351160272295 — Outros</name><description><![CDATA[Espécie: Outros<br/>Poste: 35472814<br/>Área: URBANO<br/>Altura: 5.5 m · DAP: 65 cm<br/>Dist. BT/MT/AT: /150/0 cm<br/>Equipe: Enecol Centro · 11/09/2026, 10:43:50<br/><a href="https://raw.githubusercontent.com/LGRSV/vera-vegetacao/main/fotos/Enecol-Centro/VER20260911104351160272295F1.jpg">Foto</a>]]></description><Point><coordinates>-48.4100667,-9.5613983,0</coordinates></Point></Placemark>
<Placemark><name>V20260911104555736858593 — Mangueira</name><description><![CDATA[Espécie: Mangueira<br/>Poste: 35472814<br/>Área: URBANO<br/>Altura: 8 m · DAP: 170 cm<br/>Dist. BT/MT/AT: /50/0 cm<br/>Equipe: Enecol Centro · 11/09/2026, 10:45:54<br/><a href="https://raw.githubusercontent.com/LGRSV/vera-vegetacao/main/fotos/Enecol-Centro/VER20260911104555736858593F1.jpg">Foto</a>]]></description><Point><coordinates>-48.4099617,-9.5615483,0</coordinates></Point></Placemark>
<Placemark><name>V20260911105231635893146 — Cajueiro</name><description><![CDATA[Espécie: Cajueiro<br/>Poste: 145720<br/>Área: URBANO<br/>Altura: 5.5 m · DAP: 90 cm<br/>Dist. BT/MT/AT: 150/300/0 cm<br/>Equipe: Enecol Centro · 11/09/2026, 10:52:30<br/><a href="https://raw.githubusercontent.com/LGRSV/vera-vegetacao/main/fotos/Enecol-Centro/VER20260911105231635893146F1.jpg">Foto</a>]]></description><Point><coordinates>-48.4087433,-9.56295,0</coordinates></Point></Placemark>
<Placemark><name>V20260911105419609722747 — Outros</name><description><![CDATA[Espécie: Outros<br/>Poste: 145219<br/>Área: URBANO<br/>Altura: 6 m · DAP: 95 cm<br/>Dist. BT/MT/AT: 50/250/0 cm<br/>Equipe: Enecol Centro · 11/09/2026, 10:54:18<br/><a href="https://raw.githubusercontent.com/LGRSV/vera-vegetacao/main/fotos/Enecol-Centro/VER20260911105419609722747F1.jpg">Foto</a>]]></description><Point><coordinates>-48.4086483,-9.5630283,0</coordinates></Point></Placemark>
<Placemark><name>V20260911105619700197293 — Tamarindo</name><description><![CDATA[Espécie: Tamarindo<br/>Poste: 145219<br/>Área: URBANO<br/>Altura: 7 m · DAP: 100 cm<br/>Dist. BT/MT/AT: 0/0/0 cm<br/>Equipe: Enecol Centro · 11/09/2026, 10:56:18<br/><a href="https://raw.githubusercontent.com/LGRSV/vera-vegetacao/main/fotos/Enecol-Centro/VER20260911105619700197293F1.jpg">Foto</a>]]></description><Point><coordinates>-48.4086217,-9.56314,0</coordinates></Point></Placemark>
<Placemark><name>V20260911105913807732165 — Outros</name><description><![CDATA[Espécie: Outros<br/>Poste: 145693<br/>Área: URBANO<br/>Altura: 6 m · DAP: 80 cm<br/>Dist. BT/MT/AT: 0/150/0 cm<br/>Equipe: Enecol Centro · 11/09/2026, 10:59:12<br/><a href="https://raw.githubusercontent.com/LGRSV/vera-vegetacao/main/fotos/Enecol-Centro/VER20260911105913807732165F1.jpg">Foto</a>]]></description><Point><coordinates>-48.4080833,-9.5637267,0</coordinates></Point></Placemark>
<Placemark><name>V20260911110235919683854 — Outros</name><description><![CDATA[Espécie: Outros<br/>Poste: 145681<br/>Área: URBANO<br/>Altura: 5.5 m · DAP: 55 cm<br/>Dist. BT/MT/AT: 0/50/ cm<br/>Equipe: Enecol Centro · 11/09/2026, 11:02:35<br/><a href="https://raw.githubusercontent.com/LGRSV/vera-vegetacao/main/fotos/Enecol-Centro/VER20260911110235919683854F1.jpg">Foto</a>]]></description><Point><coordinates>-48.4080083,-9.5638267,0</coordinates></Point></Placemark>
<Placemark><name>V20260911110615787950252 — Outros</name><description><![CDATA[Espécie: Outros<br/>Poste: 145681<br/>Área: URBANO<br/>Altura: 5.5 m · DAP: 90 cm<br/>Dist. BT/MT/AT: 0/50/0 cm<br/>Equipe: Enecol Centro · 11/09/2026, 11:06:14<br/><a href="https://raw.githubusercontent.com/LGRSV/vera-vegetacao/main/fotos/Enecol-Centro/VER20260911110615787950252F1.jpg">Foto</a>]]></description><Point><coordinates>-48.40791,-9.5639317,0</coordinates></Point></Placemark>
<Placemark><name>V20260911110811220738002 — Outros</name><description><![CDATA[Espécie: Outros<br/>Poste: 145679<br/>Área: URBANO<br/>Altura: 5.5 m · DAP: 80 cm<br/>Dist. BT/MT/AT: 50/200/0 cm<br/>Equipe: Enecol Centro · 11/09/2026, 11:08:10<br/><a href="https://raw.githubusercontent.com/LGRSV/vera-vegetacao/main/fotos/Enecol-Centro/VER20260911110811220738002F1.jpg">Foto</a>]]></description><Point><coordinates>-48.4075383,-9.5643633,0</coordinates></Point></Placemark>
<Placemark><name>V20260911111541334173097 — Outros</name><description><![CDATA[Espécie: Outros<br/>Poste: 145679<br/>Área: URBANO<br/>Altura: 5.5 m · DAP: 50 cm<br/>Dist. BT/MT/AT: 100/250/0 cm<br/>Equipe: Enecol Centro · 11/09/2026, 11:15:40<br/><a href="https://raw.githubusercontent.com/LGRSV/vera-vegetacao/main/fotos/Enecol-Centro/VER20260911111541334173097F1.jpg">Foto</a>]]></description><Point><coordinates>-48.407475,-9.56438,0</coordinates></Point></Placemark>
<Placemark><name>V20260911111716201970728 — Outros</name><description><![CDATA[Espécie: Outros<br/>Poste: 145677<br/>Área: URBANO<br/>Altura: 4 m · DAP: 35 cm<br/>Dist. BT/MT/AT: 300/300/0 cm<br/>Equipe: Enecol Centro · 11/09/2026, 11:17:15<br/><a href="https://raw.githubusercontent.com/LGRSV/vera-vegetacao/main/fotos/Enecol-Centro/VER20260911111716201970728F1.jpg">Foto</a>]]></description><Point><coordinates>-48.4071017,-9.5648483,0</coordinates></Point></Placemark>
<Placemark><name>V20260911112024576552182 — Outros</name><description><![CDATA[Espécie: Outros<br/>Poste: 145626<br/>Área: URBANO<br/>Altura: 6.5 m · DAP: 80 cm<br/>Dist. BT/MT/AT: /200/0 cm<br/>Equipe: Enecol Centro · 11/09/2026, 11:20:23<br/><a href="https://raw.githubusercontent.com/LGRSV/vera-vegetacao/main/fotos/Enecol-Centro/VER20260911112024576552182F1.jpg">Foto</a>]]></description><Point><coordinates>-48.4060817,-9.5659867,0</coordinates></Point></Placemark>
<Placemark><name>V20260911112213049191693 — Outros</name><description><![CDATA[Espécie: Outros<br/>Poste: 145626<br/>Área: URBANO<br/>Altura: 6 m · DAP: 70 cm<br/>Dist. BT/MT/AT: /250/0 cm<br/>Equipe: Enecol Centro · 11/09/2026, 11:22:12<br/><a href="https://raw.githubusercontent.com/LGRSV/vera-vegetacao/main/fotos/Enecol-Centro/VER20260911112213049191693F1.jpg">Foto</a>]]></description><Point><coordinates>-48.4060183,-9.5661033,0</coordinates></Point></Placemark>
<Placemark><name>V20260911112540374920398 — Cajueiro</name><description><![CDATA[Espécie: Cajueiro<br/>Poste: 145626<br/>Área: URBANO<br/>Altura: 5.5 m · DAP: 80 cm<br/>Dist. BT/MT/AT: 50/250/0 cm<br/>Equipe: Enecol Centro · 11/09/2026, 11:25:39<br/><a href="https://raw.githubusercontent.com/LGRSV/vera-vegetacao/main/fotos/Enecol-Centro/VER20260911112540374920398F1.jpg">Foto</a>]]></description><Point><coordinates>-48.40584,-9.5662933,0</coordinates></Point></Placemark>
<Placemark><name>V20260911112758287745853 — Outros</name><description><![CDATA[Espécie: Outros<br/>Poste: 145626<br/>Área: URBANO<br/>Altura: 3.5 m · DAP: 55 cm<br/>Dist. BT/MT/AT: 300/300/0 cm<br/>Equipe: Enecol Centro · 11/09/2026, 11:27:57<br/><a href="https://raw.githubusercontent.com/LGRSV/vera-vegetacao/main/fotos/Enecol-Centro/VER20260911112758287745853F1.jpg">Foto</a>]]></description><Point><coordinates>-48.4057767,-9.566385,0</coordinates></Point></Placemark>
<Placemark><name>V20260911113001803640791 — Outros</name><description><![CDATA[Espécie: Outros<br/>Poste: 145626<br/>Área: URBANO<br/>Altura: 5.5 m · DAP: 55 cm<br/>Dist. BT/MT/AT: 100/250/0 cm<br/>Equipe: Enecol Centro · 11/09/2026, 11:30:00<br/><a href="https://raw.githubusercontent.com/LGRSV/vera-vegetacao/main/fotos/Enecol-Centro/VER20260911113001803640791F1.jpg">Foto</a>]]></description><Point><coordinates>-48.4056167,-9.566535,0</coordinates></Point></Placemark>
<Placemark><name>V20260911113140604234365 — Outros</name><description><![CDATA[Espécie: Outros<br/>Poste: 145628<br/>Área: URBANO<br/>Altura: 6.5 m · DAP: 55 cm<br/>Dist. BT/MT/AT: 50/50/0 cm<br/>Equipe: Enecol Centro · 11/09/2026, 11:31:39<br/><a href="https://raw.githubusercontent.com/LGRSV/vera-vegetacao/main/fotos/Enecol-Centro/VER20260911113140604234365F1.jpg">Foto</a>]]></description><Point><coordinates>-48.4054433,-9.5666967,0</coordinates></Point></Placemark>
<Placemark><name>V20260911113411675107850 — Cajueiro</name><description><![CDATA[Espécie: Cajueiro<br/>Poste: 145629<br/>Área: URBANO<br/>Altura: 6.5 m · DAP: 105 cm<br/>Dist. BT/MT/AT: 0/250/0 cm<br/>Equipe: Enecol Centro · 11/09/2026, 11:34:10<br/><a href="https://raw.githubusercontent.com/LGRSV/vera-vegetacao/main/fotos/Enecol-Centro/VER20260911113411675107850F1.jpg">Foto</a>]]></description><Point><coordinates>-48.40494,-9.5672867,0</coordinates></Point></Placemark>
<Placemark><name>V20260911114527930366311 — Outros</name><description><![CDATA[Espécie: Outros<br/>Poste: 145630<br/>Área: URBANO<br/>Altura: 5.5 m · DAP: 50 cm<br/>Dist. BT/MT/AT: 50/200/0 cm<br/>Equipe: Enecol Centro · 11/09/2026, 11:45:27<br/><a href="https://raw.githubusercontent.com/LGRSV/vera-vegetacao/main/fotos/Enecol-Centro/VER20260911114527930366311F1.jpg">Foto</a>]]></description><Point><coordinates>-48.4047317,-9.56752,0</coordinates></Point></Placemark>
<Placemark><name>V20260911115000587129897 — Cajueiro</name><description><![CDATA[Espécie: Cajueiro<br/>Poste: 145631<br/>Área: URBANO<br/>Altura: 5 m · DAP: 65 cm<br/>Dist. BT/MT/AT: 100/250/0 cm<br/>Equipe: Enecol Centro · 11/09/2026, 11:49:59<br/><a href="https://raw.githubusercontent.com/LGRSV/vera-vegetacao/main/fotos/Enecol-Centro/VER20260911115000587129897F1.jpg">Foto</a>]]></description><Point><coordinates>-48.4045517,-9.5677167,0</coordinates></Point></Placemark>
<Placemark><name>V20260911135737789981882 — Outros</name><description><![CDATA[Espécie: Outros<br/>Poste: 144453<br/>Área: URBANO<br/>Altura: 7 m · DAP: 100 cm<br/>Dist. BT/MT/AT: 150/100/0 cm<br/>Equipe: Enecol Centro · 11/09/2026, 13:57:36<br/><a href="https://raw.githubusercontent.com/LGRSV/vera-vegetacao/main/fotos/Enecol-Centro/VER20260911135737789981882F1.jpg">Foto</a>]]></description><Point><coordinates>-48.3957617,-9.57381,0</coordinates></Point></Placemark>
<Placemark><name>V20260911140023518212483 — Cajueiro</name><description><![CDATA[Espécie: Cajueiro<br/>Poste: 144457<br/>Área: URBANO<br/>Altura: 6 m · DAP: 85 cm<br/>Dist. BT/MT/AT: 200/300/0 cm<br/>Equipe: Enecol Centro · 11/09/2026, 14:00:22<br/><a href="https://raw.githubusercontent.com/LGRSV/vera-vegetacao/main/fotos/Enecol-Centro/VER20260911140023518212483F1.jpg">Foto</a>]]></description><Point><coordinates>-48.3974867,-9.5733433,0</coordinates></Point></Placemark>
<Placemark><name>V20260911140411757476544 — Outros</name><description><![CDATA[Espécie: Outros<br/>Poste: 144460<br/>Área: URBANO<br/>Altura: 6 m · DAP: 65 cm<br/>Dist. BT/MT/AT: 100/300/0 cm<br/>Equipe: Enecol Centro · 11/09/2026, 14:04:10<br/><a href="https://raw.githubusercontent.com/LGRSV/vera-vegetacao/main/fotos/Enecol-Centro/VER20260911140411757476544F1.jpg">Foto</a>]]></description><Point><coordinates>-48.398415,-9.573085,0</coordinates></Point></Placemark>
<Placemark><name>V20260911140718928534594 — Outros</name><description><![CDATA[Espécie: Outros<br/>Poste: 144460<br/>Área: URBANO<br/>Altura: 5.5 m · DAP: 50 cm<br/>Dist. BT/MT/AT: 50/200/0 cm<br/>Equipe: Enecol Centro · 11/09/2026, 14:07:18<br/><a href="https://raw.githubusercontent.com/LGRSV/vera-vegetacao/main/fotos/Enecol-Centro/VER20260911140718928534594F1.jpg">Foto</a>]]></description><Point><coordinates>-48.3985567,-9.5730333,0</coordinates></Point></Placemark>
<Placemark><name>V20260911141354919102165 — Outros</name><description><![CDATA[Espécie: Outros<br/>Poste: 145243<br/>Área: URBANO<br/>Altura: 7 m · DAP: 120 cm<br/>Dist. BT/MT/AT: 300/150/0 cm<br/>Equipe: Enecol Centro · 11/09/2026, 14:13:54<br/><a href="https://raw.githubusercontent.com/LGRSV/vera-vegetacao/main/fotos/Enecol-Centro/VER20260911141354919102165F1.jpg">Foto</a>]]></description><Point><coordinates>-48.3997633,-9.5726667,0</coordinates></Point></Placemark>
<Placemark><name>V20260911141515898184040 — Outros</name><description><![CDATA[Espécie: Outros<br/>Poste: 145243<br/>Área: URBANO<br/>Altura: 7.5 m · DAP: 105 cm<br/>Dist. BT/MT/AT: 300/300/0 cm<br/>Equipe: Enecol Centro · 11/09/2026, 14:15:14<br/><a href="https://raw.githubusercontent.com/LGRSV/vera-vegetacao/main/fotos/Enecol-Centro/VER20260911141515898184040F1.jpg">Foto</a>]]></description><Point><coordinates>-48.3996767,-9.5727033,0</coordinates></Point></Placemark>
<Placemark><name>V20260911141701971181247 — Outros</name><description><![CDATA[Espécie: Outros<br/>Poste: 145242<br/>Área: URBANO<br/>Altura: 7 m · DAP: 110 cm<br/>Dist. BT/MT/AT: 300/250/0 cm<br/>Equipe: Enecol Centro · 11/09/2026, 14:17:01<br/><a href="https://raw.githubusercontent.com/LGRSV/vera-vegetacao/main/fotos/Enecol-Centro/VER20260911141701971181247F1.jpg">Foto</a>]]></description><Point><coordinates>-48.3999233,-9.572635,0</coordinates></Point></Placemark>
<Placemark><name>V20260911141909796351015 — Outros</name><description><![CDATA[Espécie: Outros<br/>Poste: 145242<br/>Área: URBANO<br/>Altura: 8 m · DAP: 105 cm<br/>Dist. BT/MT/AT: 100/100/0 cm<br/>Equipe: Enecol Centro · 11/09/2026, 14:19:08<br/><a href="https://raw.githubusercontent.com/LGRSV/vera-vegetacao/main/fotos/Enecol-Centro/VER20260911141909796351015F1.jpg">Foto</a>]]></description><Point><coordinates>-48.4000783,-9.5725517,0</coordinates></Point></Placemark>
<Placemark><name>V20260911142059995105783 — Outros</name><description><![CDATA[Espécie: Outros<br/>Poste: 145285<br/>Área: URBANO<br/>Altura: 7.5 m · DAP: 110 cm<br/>Dist. BT/MT/AT: 150/100/0 cm<br/>Equipe: Enecol Centro · 11/09/2026, 14:20:59<br/><a href="https://raw.githubusercontent.com/LGRSV/vera-vegetacao/main/fotos/Enecol-Centro/VER20260911142059995105783F1.jpg">Foto</a>]]></description><Point><coordinates>-48.4001483,-9.572585,0</coordinates></Point></Placemark>
<Placemark><name>V20260911142256941086107 — Outros</name><description><![CDATA[Espécie: Outros<br/>Poste: 145285<br/>Área: URBANO<br/>Altura:  m · DAP: 130 cm<br/>Dist. BT/MT/AT: 50/100/0 cm<br/>Equipe: Enecol Centro · 11/09/2026, 14:22:56<br/><a href="https://raw.githubusercontent.com/LGRSV/vera-vegetacao/main/fotos/Enecol-Centro/VER20260911142256941086107F1.jpg">Foto</a>]]></description><Point><coordinates>-48.4002117,-9.5724683,0</coordinates></Point></Placemark>
<Placemark><name>V20260911142419342997076 — Outros</name><description><![CDATA[Espécie: Outros<br/>Poste: 145285<br/>Área: URBANO<br/>Altura:  m · DAP: 120 cm<br/>Dist. BT/MT/AT: 0/0/0 cm<br/>Equipe: Enecol Centro · 11/09/2026, 14:24:18<br/><a href="https://raw.githubusercontent.com/LGRSV/vera-vegetacao/main/fotos/Enecol-Centro/VER20260911142419342997076F1.jpg">Foto</a>]]></description><Point><coordinates>-48.400285,-9.57254,0</coordinates></Point></Placemark>
<Placemark><name>V20260911142712030949575 — Outros</name><description><![CDATA[Espécie: Outros<br/>Poste: 145246<br/>Área: URBANO<br/>Altura: 8.5 m · DAP: 140 cm<br/>Dist. BT/MT/AT: 100/250/0 cm<br/>Equipe: Enecol Centro · 11/09/2026, 14:27:11<br/><a href="https://raw.githubusercontent.com/LGRSV/vera-vegetacao/main/fotos/Enecol-Centro/VER20260911142712030949575F1.jpg">Foto</a>]]></description><Point><coordinates>-48.3997667,-9.5729183,0</coordinates></Point></Placemark>
<Placemark><name>V20260911143857231279751 — Outros</name><description><![CDATA[Espécie: Outros<br/>Poste: 35472804<br/>Área: URBANO<br/>Altura: 4.5 m · DAP: 45 cm<br/>Dist. BT/MT/AT: /300/0 cm<br/>Equipe: Enecol Centro · 11/09/2026, 14:38:56<br/><a href="https://raw.githubusercontent.com/LGRSV/vera-vegetacao/main/fotos/Enecol-Centro/VER20260911143857231279751F1.jpg">Foto</a>]]></description><Point><coordinates>-48.400445,-9.5722167,0</coordinates></Point></Placemark>
<Placemark><name>V20260911143959532680406 — Outros</name><description><![CDATA[Espécie: Outros<br/>Poste: 35472804<br/>Área: URBANO<br/>Altura: 5.5 m · DAP: 85 cm<br/>Dist. BT/MT/AT: /300/0 cm<br/>Equipe: Enecol Centro · 11/09/2026, 14:39:58<br/><a href="https://raw.githubusercontent.com/LGRSV/vera-vegetacao/main/fotos/Enecol-Centro/VER20260911143959532680406F1.jpg">Foto</a>]]></description><Point><coordinates>-48.4005017,-9.5721817,0</coordinates></Point></Placemark>
<Placemark><name>V20260911144204370615440 — Outros</name><description><![CDATA[Espécie: Outros<br/>Poste: 145698<br/>Área: URBANO<br/>Altura: 3.5 m · DAP: 75 cm<br/>Dist. BT/MT/AT: 300/300/0 cm<br/>Equipe: Enecol Centro · 11/09/2026, 14:42:03<br/><a href="https://raw.githubusercontent.com/LGRSV/vera-vegetacao/main/fotos/Enecol-Centro/VER20260911144204370615440F1.jpg">Foto</a>]]></description><Point><coordinates>-48.4010133,-9.5716267,0</coordinates></Point></Placemark>
<Placemark><name>V20260911144505749078985 — Outros</name><description><![CDATA[Espécie: Outros<br/>Poste: 145697<br/>Área: URBANO<br/>Altura: 4 m · DAP: 75 cm<br/>Dist. BT/MT/AT: 150/300/0 cm<br/>Equipe: Enecol Centro · 11/09/2026, 14:45:04<br/><a href="https://raw.githubusercontent.com/LGRSV/vera-vegetacao/main/fotos/Enecol-Centro/VER20260911144505749078985F1.jpg">Foto</a>]]></description><Point><coordinates>-48.4011933,-9.5714267,0</coordinates></Point></Placemark>
<Placemark><name>V20260911144826866646396 — Outros</name><description><![CDATA[Espécie: Outros<br/>Poste: 145697<br/>Área: URBANO<br/>Altura: 5.5 m · DAP: 45 cm<br/>Dist. BT/MT/AT: 250/300/0 cm<br/>Equipe: Enecol Centro · 11/09/2026, 14:48:25<br/><a href="https://raw.githubusercontent.com/LGRSV/vera-vegetacao/main/fotos/Enecol-Centro/VER20260911144826866646396F1.jpg">Foto</a>]]></description><Point><coordinates>-48.4013183,-9.5712717,0</coordinates></Point></Placemark>
<Placemark><name>V20260911145043507838168 — Outros</name><description><![CDATA[Espécie: Outros<br/>Poste: 145696<br/>Área: URBANO<br/>Altura: 5 m · DAP: 95 cm<br/>Dist. BT/MT/AT: 150/300/0 cm<br/>Equipe: Enecol Centro · 11/09/2026, 14:50:42<br/><a href="https://raw.githubusercontent.com/LGRSV/vera-vegetacao/main/fotos/Enecol-Centro/VER20260911145043507838168F1.jpg">Foto</a>]]></description><Point><coordinates>-48.4013983,-9.5711533,0</coordinates></Point></Placemark>
<Placemark><name>V20260911145303586252365 — Outros</name><description><![CDATA[Espécie: Outros<br/>Poste: 145695<br/>Área: URBANO<br/>Altura: 4.5 m · DAP: 50 cm<br/>Dist. BT/MT/AT: 200/300/0 cm<br/>Equipe: Enecol Centro · 11/09/2026, 14:53:02<br/><a href="https://raw.githubusercontent.com/LGRSV/vera-vegetacao/main/fotos/Enecol-Centro/VER20260911145303586252365F1.jpg">Foto</a>]]></description><Point><coordinates>-48.4018517,-9.5706767,0</coordinates></Point></Placemark>
<Placemark><name>V20260911145459882558407 — Outros</name><description><![CDATA[Espécie: Outros<br/>Poste: 145688<br/>Área: URBANO<br/>Altura: 5.5 m · DAP: 75 cm<br/>Dist. BT/MT/AT: 50/300/0 cm<br/>Equipe: Enecol Centro · 11/09/2026, 14:54:58<br/><a href="https://raw.githubusercontent.com/LGRSV/vera-vegetacao/main/fotos/Enecol-Centro/VER20260911145459882558407F1.jpg">Foto</a>]]></description><Point><coordinates>-48.4019467,-9.5705833,0</coordinates></Point></Placemark>
<Placemark><name>V20260911145714823543908 — Outros</name><description><![CDATA[Espécie: Outros<br/>Poste: 145687<br/>Área: URBANO<br/>Altura: 6 m · DAP: 70 cm<br/>Dist. BT/MT/AT: 0/200/0 cm<br/>Equipe: Enecol Centro · 11/09/2026, 14:57:13<br/><a href="https://raw.githubusercontent.com/LGRSV/vera-vegetacao/main/fotos/Enecol-Centro/VER20260911145714823543908F1.jpg">Foto</a>]]></description><Point><coordinates>-48.4023117,-9.5702017,0</coordinates></Point></Placemark>
<Placemark><name>V20260911145924744040171 — Outros</name><description><![CDATA[Espécie: Outros<br/>Poste: 145685<br/>Área: URBANO<br/>Altura: 3.5 m · DAP: 35 cm<br/>Dist. BT/MT/AT: 300/300/0 cm<br/>Equipe: Enecol Centro · 11/09/2026, 14:59:23<br/><a href="https://raw.githubusercontent.com/LGRSV/vera-vegetacao/main/fotos/Enecol-Centro/VER20260911145924744040171F1.jpg">Foto</a>]]></description><Point><coordinates>-48.4027233,-9.569755,0</coordinates></Point></Placemark>
<Placemark><name>V20260911150242215916416 — Outros</name><description><![CDATA[Espécie: Outros<br/>Poste: 145637<br/>Área: URBANO<br/>Altura: 6.5 m · DAP: 90 cm<br/>Dist. BT/MT/AT: 200/300/0 cm<br/>Equipe: Enecol Centro · 11/09/2026, 15:02:41<br/><a href="https://raw.githubusercontent.com/LGRSV/vera-vegetacao/main/fotos/Enecol-Centro/VER20260911150242215916416F1.jpg">Foto</a>]]></description><Point><coordinates>-48.40314,-9.5692667,0</coordinates></Point></Placemark>
<Placemark><name>V20260911150426417413733 — Outros</name><description><![CDATA[Espécie: Outros<br/>Poste: 145635<br/>Área: URBANO<br/>Altura: 3.5 m · DAP: 30 cm<br/>Dist. BT/MT/AT: 300/300/0 cm<br/>Equipe: Enecol Centro · 11/09/2026, 15:04:25<br/><a href="https://raw.githubusercontent.com/LGRSV/vera-vegetacao/main/fotos/Enecol-Centro/VER20260911150426417413733F1.jpg">Foto</a>]]></description><Point><coordinates>-48.4035883,-9.5687633,0</coordinates></Point></Placemark>
<Placemark><name>V20260911150637120652352 — Outros</name><description><![CDATA[Espécie: Outros<br/>Poste: 145634<br/>Área: URBANO<br/>Altura: 4 m · DAP: 25 cm<br/>Dist. BT/MT/AT: 300/300/0 cm<br/>Equipe: Enecol Centro · 11/09/2026, 15:06:36<br/><a href="https://raw.githubusercontent.com/LGRSV/vera-vegetacao/main/fotos/Enecol-Centro/VER20260911150637120652352F1.jpg">Foto</a>]]></description><Point><coordinates>-48.4039017,-9.56846,0</coordinates></Point></Placemark>
<Placemark><name>V20260911151130751206791 — Outros</name><description><![CDATA[Espécie: Outros<br/>Poste: 145633<br/>Área: URBANO<br/>Altura: 5.5 m · DAP: 80 cm<br/>Dist. BT/MT/AT: 50/300/0 cm<br/>Equipe: Enecol Centro · 11/09/2026, 15:11:29<br/><a href="https://raw.githubusercontent.com/LGRSV/vera-vegetacao/main/fotos/Enecol-Centro/VER20260911151130751206791F1.jpg">Foto</a>]]></description><Point><coordinates>-48.4041867,-9.5680683,0</coordinates></Point></Placemark>
<Placemark><name>V20260911151330667597805 — Mangueira</name><description><![CDATA[Espécie: Mangueira<br/>Poste: 1504429<br/>Área: URBANO<br/>Altura: 7 m · DAP: 100 cm<br/>Dist. BT/MT/AT: 100/300/0 cm<br/>Equipe: Enecol Centro · 11/09/2026, 15:13:29<br/><a href="https://raw.githubusercontent.com/LGRSV/vera-vegetacao/main/fotos/Enecol-Centro/VER20260911151330667597805F1.jpg">Foto</a>]]></description><Point><coordinates>-48.4044383,-9.5678617,0</coordinates></Point></Placemark>
<Placemark><name>V20260914103914433980557 — Outros</name><description><![CDATA[Espécie: Outros<br/>Poste: 145249<br/>Área: URBANO<br/>Altura: 6.5 m · DAP: 80 cm<br/>Dist. BT/MT/AT: 100/250/0 cm<br/>Equipe: Enecol Centro · 14/09/2026, 10:39:13<br/><a href="https://raw.githubusercontent.com/LGRSV/vera-vegetacao/main/fotos/Enecol-Centro/VER20260914103914433980557F1.jpg">Foto</a>]]></description><Point><coordinates>-48.4129709,-9.5600477,0</coordinates></Point></Placemark>
<Placemark><name>V20260914104111002912594 — Outros</name><description><![CDATA[Espécie: Outros<br/>Poste: 145218<br/>Área: URBANO<br/>Altura: 7 m · DAP: 85 cm<br/>Dist. BT/MT/AT: 0/100/0 cm<br/>Equipe: Enecol Centro · 14/09/2026, 10:41:10<br/><a href="https://raw.githubusercontent.com/LGRSV/vera-vegetacao/main/fotos/Enecol-Centro/VER20260914104111002912594F1.jpg">Foto</a>]]></description><Point><coordinates>-48.412743,-9.5593212,0</coordinates></Point></Placemark>
<Placemark><name>V20260914104500621897028 — Outros</name><description><![CDATA[Espécie: Outros<br/>Poste: 388140<br/>Área: URBANO<br/>Altura: 6 m · DAP: 90 cm<br/>Dist. BT/MT/AT: 0/200/0 cm<br/>Equipe: Enecol Centro · 14/09/2026, 10:44:59<br/><a href="https://raw.githubusercontent.com/LGRSV/vera-vegetacao/main/fotos/Enecol-Centro/VER20260914104500621897028F1.jpg">Foto</a>]]></description><Point><coordinates>-48.4125175,-9.5587141,0</coordinates></Point></Placemark>
<Placemark><name>V20260914104608828427959 — Outros</name><description><![CDATA[Espécie: Outros<br/>Poste: 388139<br/>Área: URBANO<br/>Altura: 6.5 m · DAP: 75 cm<br/>Dist. BT/MT/AT: 0/50/0 cm<br/>Equipe: Enecol Centro · 14/09/2026, 10:46:07<br/><a href="https://raw.githubusercontent.com/LGRSV/vera-vegetacao/main/fotos/Enecol-Centro/VER20260914104608828427959F1.jpg">Foto</a>]]></description><Point><coordinates>-48.412478,-9.5585778,0</coordinates></Point></Placemark>
<Placemark><name>V20260914104733406986420 — Outros</name><description><![CDATA[Espécie: Outros<br/>Poste: 388139<br/>Área: URBANO<br/>Altura: 6 m · DAP: 80 cm<br/>Dist. BT/MT/AT: 50/100/0 cm<br/>Equipe: Enecol Centro · 14/09/2026, 10:47:32<br/><a href="https://raw.githubusercontent.com/LGRSV/vera-vegetacao/main/fotos/Enecol-Centro/VER20260914104733406986420F1.jpg">Foto</a>]]></description><Point><coordinates>-48.4125089,-9.5585229,0</coordinates></Point></Placemark>
<Placemark><name>V20260914105543473949129 — Outros</name><description><![CDATA[Espécie: Outros<br/>Poste: 388139<br/>Área: URBANO<br/>Altura: 5 m · DAP:  cm<br/>Dist. BT/MT/AT: 0/100/ cm<br/>Equipe: Enecol Centro · 14/09/2026, 10:55:42<br/><a href="https://raw.githubusercontent.com/LGRSV/vera-vegetacao/main/fotos/Enecol-Centro/VER20260914105543473949129F1.jpg">Foto</a>]]></description><Point><coordinates>-48.4124267,-9.5583983,0</coordinates></Point></Placemark>
<Placemark><name>V20260914105736800175600 — Pequi</name><description><![CDATA[Espécie: Pequi<br/>Poste: 388138<br/>Área: URBANO<br/>Altura: 8.5 m · DAP: 100 cm<br/>Dist. BT/MT/AT: /100/0 cm<br/>Equipe: Enecol Centro · 14/09/2026, 10:57:35<br/><a href="https://raw.githubusercontent.com/LGRSV/vera-vegetacao/main/fotos/Enecol-Centro/VER20260914105736800175600F1.jpg">Foto</a>]]></description><Point><coordinates>-48.412355,-9.55818,0</coordinates></Point></Placemark>
<Placemark><name>V20260914110000344541262 — Pequi</name><description><![CDATA[Espécie: Pequi<br/>Poste: 388136<br/>Área: URBANO<br/>Altura: 3.5 m · DAP: 55 cm<br/>Dist. BT/MT/AT: /300/0 cm<br/>Equipe: Enecol Centro · 14/09/2026, 10:59:59<br/><a href="https://raw.githubusercontent.com/LGRSV/vera-vegetacao/main/fotos/Enecol-Centro/VER20260914110000344541262F1.jpg">Foto</a>]]></description><Point><coordinates>-48.4122017,-9.5577267,0</coordinates></Point></Placemark>
<Placemark><name>V20260914110225500249386 — Pequi</name><description><![CDATA[Espécie: Pequi<br/>Poste: 388135<br/>Área: URBANO<br/>Altura: 5.5 m · DAP: 55 cm<br/>Dist. BT/MT/AT: /150/0 cm<br/>Equipe: Enecol Centro · 14/09/2026, 11:02:24<br/><a href="https://raw.githubusercontent.com/LGRSV/vera-vegetacao/main/fotos/Enecol-Centro/VER20260914110225500249386F1.jpg">Foto</a>]]></description><Point><coordinates>-48.4120574,-9.55726,0</coordinates></Point></Placemark>
<Placemark><name>V20260914110916249643708 — Mangueira</name><description><![CDATA[Espécie: Mangueira<br/>Poste: 141410<br/>Área: URBANO<br/>Altura: 9 m · DAP: 155 cm<br/>Dist. BT/MT/AT: 150/0/0 cm<br/>Equipe: Enecol Centro · 14/09/2026, 11:09:15<br/><a href="https://raw.githubusercontent.com/LGRSV/vera-vegetacao/main/fotos/Enecol-Centro/VER20260914110916249643708F1.jpg">Foto</a>]]></description><Point><coordinates>-48.4087004,-9.5526625,0</coordinates></Point></Placemark>
<Placemark><name>V20260914111116197343734 — Outros</name><description><![CDATA[Espécie: Outros<br/>Poste: 1497416<br/>Área: URBANO<br/>Altura: 7 m · DAP: 75 cm<br/>Dist. BT/MT/AT: 0/50/0 cm<br/>Equipe: Enecol Centro · 14/09/2026, 11:11:15<br/><a href="https://raw.githubusercontent.com/LGRSV/vera-vegetacao/main/fotos/Enecol-Centro/VER20260914111116197343734F1.jpg">Foto</a>]]></description><Point><coordinates>-48.4086586,-9.552386,0</coordinates></Point></Placemark>
<Placemark><name>V20260914111751536598135 — Pequi</name><description><![CDATA[Espécie: Pequi<br/>Poste: 141348<br/>Área: URBANO<br/>Altura: 6.5 m · DAP: 75 cm<br/>Dist. BT/MT/AT: 50/150/0 cm<br/>Equipe: Enecol Centro · 14/09/2026, 11:17:50<br/><a href="https://raw.githubusercontent.com/LGRSV/vera-vegetacao/main/fotos/Enecol-Centro/VER20260914111751536598135F1.jpg">Foto</a>]]></description><Point><coordinates>-48.4085483,-9.5521083,0</coordinates></Point></Placemark>
<Placemark><name>V20260914111937347479349 — Outros</name><description><![CDATA[Espécie: Outros<br/>Poste: 141347<br/>Área: URBANO<br/>Altura: 6 m · DAP: 55 cm<br/>Dist. BT/MT/AT: 0/150/0 cm<br/>Equipe: Enecol Centro · 14/09/2026, 11:19:36<br/><a href="https://raw.githubusercontent.com/LGRSV/vera-vegetacao/main/fotos/Enecol-Centro/VER20260914111937347479349F1.jpg">Foto</a>]]></description><Point><coordinates>-48.40846,-9.5518233,0</coordinates></Point></Placemark>
<Placemark><name>V20260914112127026942931 — Outros</name><description><![CDATA[Espécie: Outros<br/>Poste: 141346<br/>Área: URBANO<br/>Altura: 7.5 m · DAP: 55 cm<br/>Dist. BT/MT/AT: 50/200/0 cm<br/>Equipe: Enecol Centro · 14/09/2026, 11:21:26<br/><a href="https://raw.githubusercontent.com/LGRSV/vera-vegetacao/main/fotos/Enecol-Centro/VER20260914112127026942931F1.jpg">Foto</a>]]></description><Point><coordinates>-48.4083,-9.5513033,0</coordinates></Point></Placemark>
<Placemark><name>V20260914112326122212137 — Cajueiro</name><description><![CDATA[Espécie: Cajueiro<br/>Poste: 141381<br/>Área: URBANO<br/>Altura: 6.5 m · DAP: 85 cm<br/>Dist. BT/MT/AT: 50/50/0 cm<br/>Equipe: Enecol Centro · 14/09/2026, 11:23:25<br/><a href="https://raw.githubusercontent.com/LGRSV/vera-vegetacao/main/fotos/Enecol-Centro/VER20260914112326122212137F1.jpg">Foto</a>]]></description><Point><coordinates>-48.4082183,-9.550885,0</coordinates></Point></Placemark>
<Placemark><name>V20260914112528020895684 — Outros</name><description><![CDATA[Espécie: Outros<br/>Poste: 141342<br/>Área: URBANO<br/>Altura: 5 m · DAP: 100 cm<br/>Dist. BT/MT/AT: /200/0 cm<br/>Equipe: Enecol Centro · 14/09/2026, 11:25:27<br/><a href="https://raw.githubusercontent.com/LGRSV/vera-vegetacao/main/fotos/Enecol-Centro/VER20260914112528020895684F1.jpg">Foto</a>]]></description><Point><coordinates>-48.4079183,-9.5500583,0</coordinates></Point></Placemark>
<Placemark><name>V20260914112915383033268 — Outros</name><description><![CDATA[Espécie: Outros<br/>Poste: 141299<br/>Área: URBANO<br/>Altura: 6 m · DAP: 75 cm<br/>Dist. BT/MT/AT: 50/250/0 cm<br/>Equipe: Enecol Centro · 14/09/2026, 11:29:14<br/><a href="https://raw.githubusercontent.com/LGRSV/vera-vegetacao/main/fotos/Enecol-Centro/VER20260914112915383033268F1.jpg">Foto</a>]]></description><Point><coordinates>-48.40447,-9.55294,0</coordinates></Point></Placemark>
<Placemark><name>V20260914113316714076877 — Pequi</name><description><![CDATA[Espécie: Pequi<br/>Poste: 568494<br/>Área: URBANO<br/>Altura: 7 m · DAP: 85 cm<br/>Dist. BT/MT/AT: 250/200/0 cm<br/>Equipe: Enecol Centro · 14/09/2026, 11:33:15<br/><a href="https://raw.githubusercontent.com/LGRSV/vera-vegetacao/main/fotos/Enecol-Centro/VER20260914113316714076877F1.jpg">Foto</a>]]></description><Point><coordinates>-48.4087767,-9.5493067,0</coordinates></Point></Placemark>
<Placemark><name>V20260914113839793670075 — Outros</name><description><![CDATA[Espécie: Outros<br/>Poste: 568498<br/>Área: URBANO<br/>Altura: 7.5 m · DAP: 65 cm<br/>Dist. BT/MT/AT: 50/200/0 cm<br/>Equipe: Enecol Centro · 14/09/2026, 11:35:22<br/><a href="https://raw.githubusercontent.com/LGRSV/vera-vegetacao/main/fotos/Enecol-Centro/VER20260914113839793670075F1.jpg">Foto</a>]]></description><Point><coordinates>-48.410105,-9.548665,0</coordinates></Point></Placemark>
<Placemark><name>V20260914113959112572086 — Cajueiro</name><description><![CDATA[Espécie: Cajueiro<br/>Poste: 141384<br/>Área: URBANO<br/>Altura:  m · DAP: 90 cm<br/>Dist. BT/MT/AT: 150/250/0 cm<br/>Equipe: Enecol Centro · 14/09/2026, 11:39:58<br/><a href="https://raw.githubusercontent.com/LGRSV/vera-vegetacao/main/fotos/Enecol-Centro/VER20260914113959112572086F1.jpg">Foto</a>]]></description><Point><coordinates>-48.4092733,-9.5505617,0</coordinates></Point></Placemark>
<Placemark><name>V20260914114236655767577 — Pequi</name><description><![CDATA[Espécie: Pequi<br/>Poste: 141349<br/>Área: URBANO<br/>Altura: 7 m · DAP: 90 cm<br/>Dist. BT/MT/AT: 0/250/0 cm<br/>Equipe: Enecol Centro · 14/09/2026, 11:42:35<br/><a href="https://raw.githubusercontent.com/LGRSV/vera-vegetacao/main/fotos/Enecol-Centro/VER20260914114236655767577F1.jpg">Foto</a>]]></description><Point><coordinates>-48.4088717,-9.5521183,0</coordinates></Point></Placemark>
<Placemark><name>V20260914114607292904666 — Outros</name><description><![CDATA[Espécie: Outros<br/>Poste: 141447<br/>Área: URBANO<br/>Altura: 4 m · DAP: 90 cm<br/>Dist. BT/MT/AT: 150/300/0 cm<br/>Equipe: Enecol Centro · 14/09/2026, 11:46:06<br/><a href="https://raw.githubusercontent.com/LGRSV/vera-vegetacao/main/fotos/Enecol-Centro/VER20260914114607292904666F1.jpg">Foto</a>]]></description><Point><coordinates>-48.4112367,-9.55214,0</coordinates></Point></Placemark>
<Placemark><name>V20260914114928043203467 — Outros</name><description><![CDATA[Espécie: Outros<br/>Poste: 141448<br/>Área: URBANO<br/>Altura: 6.5 m · DAP: 75 cm<br/>Dist. BT/MT/AT: 50/300/0 cm<br/>Equipe: Enecol Centro · 14/09/2026, 11:47:43<br/><a href="https://raw.githubusercontent.com/LGRSV/vera-vegetacao/main/fotos/Enecol-Centro/VER20260914114928043203467F1.jpg">Foto</a>]]></description><Point><coordinates>-48.4114217,-9.552125,0</coordinates></Point></Placemark>
<Placemark><name>V20260914115152817560580 — Cajueiro</name><description><![CDATA[Espécie: Cajueiro<br/>Poste: 141455<br/>Área: URBANO<br/>Altura: 7.5 m · DAP: 110 cm<br/>Dist. BT/MT/AT: 50/150/0 cm<br/>Equipe: Enecol Centro · 14/09/2026, 11:50:14<br/><a href="https://raw.githubusercontent.com/LGRSV/vera-vegetacao/main/fotos/Enecol-Centro/VER20260914115152817560580F1.jpg">Foto</a>]]></description><Point><coordinates>-48.4137683,-9.5519917,0</coordinates></Point></Placemark>
<Placemark><name>V20260914115441191667705 — Outros</name><description><![CDATA[Espécie: Outros<br/>Poste: 141458<br/>Área: URBANO<br/>Altura: 5.5 m · DAP: 80 cm<br/>Dist. BT/MT/AT: 50/300/0 cm<br/>Equipe: Enecol Centro · 14/09/2026, 11:52:37<br/><a href="https://raw.githubusercontent.com/LGRSV/vera-vegetacao/main/fotos/Enecol-Centro/VER20260914115441191667705F1.jpg">Foto</a>]]></description><Point><coordinates>-48.41467,-9.55199,0</coordinates></Point></Placemark>
<Placemark><name>V20260914115832015444860 — Outros</name><description><![CDATA[Espécie: Outros<br/>Poste: 141461<br/>Área: URBANO<br/>Altura: 6 m · DAP: 75 cm<br/>Dist. BT/MT/AT: 50/200/0 cm<br/>Equipe: Enecol Centro · 14/09/2026, 11:54:49<br/><a href="https://raw.githubusercontent.com/LGRSV/vera-vegetacao/main/fotos/Enecol-Centro/VER20260914115832015444860F1.jpg">Foto</a>]]></description><Point><coordinates>-48.415595,-9.5519333,0</coordinates></Point></Placemark>
<Placemark><name>V20260914120627263255373 — Mangueira</name><description><![CDATA[Espécie: Mangueira<br/>Poste: 141463<br/>Área: URBANO<br/>Altura: 10 m · DAP: 165 cm<br/>Dist. BT/MT/AT: 150/100/ cm<br/>Equipe: Enecol Centro · 14/09/2026, 11:57:03<br/><a href="https://raw.githubusercontent.com/LGRSV/vera-vegetacao/main/fotos/Enecol-Centro/VER20260914120627263255373F1.jpg">Foto</a>]]></description><Point><coordinates>-48.4165217,-9.5518817,0</coordinates></Point></Placemark>
<Placemark><name>V20260914120838238147575 — Outros</name><description><![CDATA[Espécie: Outros<br/>Poste: 387958<br/>Área: URBANO<br/>Altura: 13.5 m · DAP: 200 cm<br/>Dist. BT/MT/AT: /150/0 cm<br/>Equipe: Enecol Centro · 14/09/2026, 12:00:03<br/><a href="https://raw.githubusercontent.com/LGRSV/vera-vegetacao/main/fotos/Enecol-Centro/VER20260914120838238147575F1.jpg">Foto</a>]]></description><Point><coordinates>-48.4138917,-9.5524533,0</coordinates></Point></Placemark>
<Placemark><name>V20260914120842219255466 — Outros</name><description><![CDATA[Espécie: Outros<br/>Poste: 141415<br/>Área: URBANO<br/>Altura: 6 m · DAP: 80 cm<br/>Dist. BT/MT/AT: /200/0 cm<br/>Equipe: Enecol Centro · 14/09/2026, 12:03:44<br/><a href="https://raw.githubusercontent.com/LGRSV/vera-vegetacao/main/fotos/Enecol-Centro/VER20260914120842219255466F1.jpg">Foto</a>]]></description><Point><coordinates>-48.41399,-9.55526,0</coordinates></Point></Placemark>
<Placemark><name>V20260914120846197144973 — Mangueira</name><description><![CDATA[Espécie: Mangueira<br/>Poste: 1497500<br/>Área: URBANO<br/>Altura: 18 m · DAP: 200 cm<br/>Dist. BT/MT/AT: /50/0 cm<br/>Equipe: Enecol Centro · 14/09/2026, 12:05:30<br/><a href="https://raw.githubusercontent.com/LGRSV/vera-vegetacao/main/fotos/Enecol-Centro/VER20260914120846197144973F1.jpg">Foto</a>]]></description><Point><coordinates>-48.414025,-9.55552,0</coordinates></Point></Placemark>
<Placemark><name>V20260914121002203123576 — Cajueiro</name><description><![CDATA[Espécie: Cajueiro<br/>Poste: 1497502<br/>Área: URBANO<br/>Altura: 4.5 m · DAP: 80 cm<br/>Dist. BT/MT/AT: 100/300/0 cm<br/>Equipe: Enecol Centro · 14/09/2026, 12:09:47<br/><a href="https://raw.githubusercontent.com/LGRSV/vera-vegetacao/main/fotos/Enecol-Centro/VER20260914121002203123576F1.jpg">Foto</a>]]></description><Point><coordinates>-48.414855,-9.5563617,0</coordinates></Point></Placemark>
<Placemark><name>V20260914121155706557700 — Pequi</name><description><![CDATA[Espécie: Pequi<br/>Poste: 1894099<br/>Área: URBANO<br/>Altura: 13.5 m · DAP: 175 cm<br/>Dist. BT/MT/AT: 0/50/0 cm<br/>Equipe: Enecol Centro · 14/09/2026, 12:11:54<br/><a href="https://raw.githubusercontent.com/LGRSV/vera-vegetacao/main/fotos/Enecol-Centro/VER20260914121155706557700F1.jpg">Foto</a>]]></description><Point><coordinates>-48.4153483,-9.5558267,0</coordinates></Point></Placemark>
<Placemark><name>V20260914121436622180797 — Pequi</name><description><![CDATA[Espécie: Pequi<br/>Poste: 141428<br/>Área: URBANO<br/>Altura: 8 m · DAP: 125 cm<br/>Dist. BT/MT/AT: 100/300/0 cm<br/>Equipe: Enecol Centro · 14/09/2026, 12:14:35<br/><a href="https://raw.githubusercontent.com/LGRSV/vera-vegetacao/main/fotos/Enecol-Centro/VER20260914121436622180797F1.jpg">Foto</a>]]></description><Point><coordinates>-48.4167733,-9.5542683,0</coordinates></Point></Placemark>
<Placemark><name>V20260914121628844052846 — Pequi</name><description><![CDATA[Espécie: Pequi<br/>Poste: 141414<br/>Área: URBANO<br/>Altura: 9.5 m · DAP: 190 cm<br/>Dist. BT/MT/AT: 0/50/0 cm<br/>Equipe: Enecol Centro · 14/09/2026, 12:16:27<br/><a href="https://raw.githubusercontent.com/LGRSV/vera-vegetacao/main/fotos/Enecol-Centro/VER20260914121628844052846F1.jpg">Foto</a>]]></description><Point><coordinates>-48.41706,-9.554,0</coordinates></Point></Placemark>
<Placemark><name>V20260914142236445819732 — Pequi</name><description><![CDATA[Espécie: Pequi<br/>Poste: 211439<br/>Área: URBANO<br/>Altura: 8 m · DAP: 100 cm<br/>Dist. BT/MT/AT: 0/0/ cm<br/>Equipe: Enecol Centro · 14/09/2026, 14:22:35<br/><a href="https://raw.githubusercontent.com/LGRSV/vera-vegetacao/main/fotos/Enecol-Centro/VER20260914142236445819732F1.jpg">Foto</a>]]></description><Point><coordinates>-48.4111267,-9.5596017,0</coordinates></Point></Placemark>
<Placemark><name>V20260914142422711148183 — Outros</name><description><![CDATA[Espécie: Outros<br/>Poste: 211440<br/>Área: URBANO<br/>Altura: 7 m · DAP: 80 cm<br/>Dist. BT/MT/AT: 50/150/0 cm<br/>Equipe: Enecol Centro · 14/09/2026, 14:24:21<br/><a href="https://raw.githubusercontent.com/LGRSV/vera-vegetacao/main/fotos/Enecol-Centro/VER20260914142422711148183F1.jpg">Foto</a>]]></description><Point><coordinates>-48.4111917,-9.559555,0</coordinates></Point></Placemark>
<Placemark><name>V20260914142649035495682 — Pequi</name><description><![CDATA[Espécie: Pequi<br/>Poste: 55680320<br/>Área: URBANO<br/>Altura: 7 m · DAP: 85 cm<br/>Dist. BT/MT/AT: 0/50/0 cm<br/>Equipe: Enecol Centro · 14/09/2026, 14:26:48<br/><a href="https://raw.githubusercontent.com/LGRSV/vera-vegetacao/main/fotos/Enecol-Centro/VER20260914142649035495682F1.jpg">Foto</a>]]></description><Point><coordinates>-48.4100583,-9.5601033,0</coordinates></Point></Placemark>
<Placemark><name>V20260914142828133905706 — Outros</name><description><![CDATA[Espécie: Outros<br/>Poste: 26545625<br/>Área: URBANO<br/>Altura: 3.5 m · DAP: 50 cm<br/>Dist. BT/MT/AT: 300/300/0 cm<br/>Equipe: Enecol Centro · 14/09/2026, 14:28:27<br/><a href="https://raw.githubusercontent.com/LGRSV/vera-vegetacao/main/fotos/Enecol-Centro/VER20260914142828133905706F1.jpg">Foto</a>]]></description><Point><coordinates>-48.4101617,-9.56058,0</coordinates></Point></Placemark>
<Placemark><name>V20260914143418843110739 — Mangueira</name><description><![CDATA[Espécie: Mangueira<br/>Poste: 145489<br/>Área: URBANO<br/>Altura: 8 m · DAP: 80 cm<br/>Dist. BT/MT/AT: 0/100/0 cm<br/>Equipe: Enecol Centro · 14/09/2026, 14:34:17<br/><a href="https://raw.githubusercontent.com/LGRSV/vera-vegetacao/main/fotos/Enecol-Centro/VER20260914143418843110739F1.jpg">Foto</a>]]></description><Point><coordinates>-48.4005033,-9.5628067,0</coordinates></Point></Placemark>
<Placemark><name>V20260914143530687513822 — Mangueira</name><description><![CDATA[Espécie: Mangueira<br/>Poste: 145489<br/>Área: URBANO<br/>Altura: 12 m · DAP: 140 cm<br/>Dist. BT/MT/AT: 300/150/0 cm<br/>Equipe: Enecol Centro · 14/09/2026, 14:35:29<br/><a href="https://raw.githubusercontent.com/LGRSV/vera-vegetacao/main/fotos/Enecol-Centro/VER20260914143530687513822F1.jpg">Foto</a>]]></description><Point><coordinates>-48.4005783,-9.5627717,0</coordinates></Point></Placemark>
<Placemark><name>V20260914143714743875538 — Outros</name><description><![CDATA[Espécie: Outros<br/>Poste: 145488<br/>Área: URBANO<br/>Altura: 5.5 m · DAP: 65 cm<br/>Dist. BT/MT/AT: 50/250/0 cm<br/>Equipe: Enecol Centro · 14/09/2026, 14:37:13<br/><a href="https://raw.githubusercontent.com/LGRSV/vera-vegetacao/main/fotos/Enecol-Centro/VER20260914143714743875538F1.jpg">Foto</a>]]></description><Point><coordinates>-48.4008417,-9.5625567,0</coordinates></Point></Placemark>
<Placemark><name>V20260914143932941222654 — Outros</name><description><![CDATA[Espécie: Outros<br/>Poste: 145482<br/>Área: URBANO<br/>Altura: 8.5 m · DAP: 100 cm<br/>Dist. BT/MT/AT: 100/150/0 cm<br/>Equipe: Enecol Centro · 14/09/2026, 14:39:32<br/><a href="https://raw.githubusercontent.com/LGRSV/vera-vegetacao/main/fotos/Enecol-Centro/VER20260914143932941222654F1.jpg">Foto</a>]]></description><Point><coordinates>-48.4027067,-9.5618217,0</coordinates></Point></Placemark>
<Placemark><name>V20260914144155565233476 — Coqueiro</name><description><![CDATA[Espécie: Coqueiro<br/>Poste: 145427<br/>Área: URBANO<br/>Altura: 9 m · DAP: 90 cm<br/>Dist. BT/MT/AT: 50/50/0 cm<br/>Equipe: Enecol Centro · 14/09/2026, 14:41:54<br/><a href="https://raw.githubusercontent.com/LGRSV/vera-vegetacao/main/fotos/Enecol-Centro/VER20260914144155565233476F1.jpg">Foto</a>]]></description><Point><coordinates>-48.4027333,-9.5612117,0</coordinates></Point></Placemark>
<Placemark><name>V20260914144429897912148 — Pequi</name><description><![CDATA[Espécie: Pequi<br/>Poste: 145477<br/>Área: URBANO<br/>Altura: 11 m · DAP: 200 cm<br/>Dist. BT/MT/AT: 300/300/0 cm<br/>Equipe: Enecol Centro · 14/09/2026, 14:44:28<br/><a href="https://raw.githubusercontent.com/LGRSV/vera-vegetacao/main/fotos/Enecol-Centro/VER20260914144429897912148F1.jpg">Foto</a>]]></description><Point><coordinates>-48.4040833,-9.5616533,0</coordinates></Point></Placemark>
<Placemark><name>V20260914144646291858260 — Outros</name><description><![CDATA[Espécie: Outros<br/>Poste: 145724<br/>Área: URBANO<br/>Altura: 8 m · DAP: 90 cm<br/>Dist. BT/MT/AT: 100/100/0 cm<br/>Equipe: Enecol Centro · 14/09/2026, 14:46:45<br/><a href="https://raw.githubusercontent.com/LGRSV/vera-vegetacao/main/fotos/Enecol-Centro/VER20260914144646291858260F1.jpg">Foto</a>]]></description><Point><coordinates>-48.4049817,-9.5615167,0</coordinates></Point></Placemark>
<Placemark><name>V20260914144943312408203 — Outros</name><description><![CDATA[Espécie: Outros<br/>Poste: 145225<br/>Área: URBANO<br/>Altura: 3.5 m · DAP: 65 cm<br/>Dist. BT/MT/AT: 300/300/0 cm<br/>Equipe: Enecol Centro · 14/09/2026, 14:49:42<br/><a href="https://raw.githubusercontent.com/LGRSV/vera-vegetacao/main/fotos/Enecol-Centro/VER20260914144943312408203F1.jpg">Foto</a>]]></description><Point><coordinates>-48.4073117,-9.5635883,0</coordinates></Point></Placemark>
<Placemark><name>V20260914145759277135050 — Outros</name><description><![CDATA[Espécie: Outros<br/>Poste: 145575<br/>Área: URBANO<br/>Altura: 7 m · DAP: 75 cm<br/>Dist. BT/MT/AT: 50/100/0 cm<br/>Equipe: Enecol Centro · 14/09/2026, 14:57:58<br/><a href="https://raw.githubusercontent.com/LGRSV/vera-vegetacao/main/fotos/Enecol-Centro/VER20260914145759277135050F1.jpg">Foto</a>]]></description><Point><coordinates>-48.4075917,-9.5612467,0</coordinates></Point></Placemark>
<Placemark><name>V20260914150029787354452 — Outros</name><description><![CDATA[Espécie: Outros<br/>Poste: 45778534<br/>Área: URBANO<br/>Altura: 6 m · DAP: 80 cm<br/>Dist. BT/MT/AT: 50/200/0 cm<br/>Equipe: Enecol Centro · 14/09/2026, 15:00:28<br/><a href="https://raw.githubusercontent.com/LGRSV/vera-vegetacao/main/fotos/Enecol-Centro/VER20260914150029787354452F1.jpg">Foto</a>]]></description><Point><coordinates>-48.4095033,-9.5609567,0</coordinates></Point></Placemark>
<Placemark><name>V20260914150352744251925 — Pequi</name><description><![CDATA[Espécie: Pequi<br/>Poste: 145712<br/>Área: URBANO<br/>Altura: 7.5 m · DAP: 90 cm<br/>Dist. BT/MT/AT: 0/150/0 cm<br/>Equipe: Enecol Centro · 14/09/2026, 15:03:51<br/><a href="https://raw.githubusercontent.com/LGRSV/vera-vegetacao/main/fotos/Enecol-Centro/VER20260914150352744251925F1.jpg">Foto</a>]]></description><Point><coordinates>-48.4095833,-9.5587567,0</coordinates></Point></Placemark>
<Placemark><name>V20260914150602789547412 — Pequi</name><description><![CDATA[Espécie: Pequi<br/>Poste: 145709<br/>Área: URBANO<br/>Altura: 7.5 m · DAP: 105 cm<br/>Dist. BT/MT/AT: 0/250/0 cm<br/>Equipe: Enecol Centro · 14/09/2026, 15:06:01<br/><a href="https://raw.githubusercontent.com/LGRSV/vera-vegetacao/main/fotos/Enecol-Centro/VER20260914150602789547412F1.jpg">Foto</a>]]></description><Point><coordinates>-48.4091617,-9.5575917,0</coordinates></Point></Placemark>
<Placemark><name>V20260914150736742853451 — Pequi</name><description><![CDATA[Espécie: Pequi<br/>Poste: 145707<br/>Área: URBANO<br/>Altura: 6.5 m · DAP: 90 cm<br/>Dist. BT/MT/AT: 150/300/0 cm<br/>Equipe: Enecol Centro · 14/09/2026, 15:07:35<br/><a href="https://raw.githubusercontent.com/LGRSV/vera-vegetacao/main/fotos/Enecol-Centro/VER20260914150736742853451F1.jpg">Foto</a>]]></description><Point><coordinates>-48.4089817,-9.557055,0</coordinates></Point></Placemark>
<Placemark><name>V20260914150921401771487 — Outros</name><description><![CDATA[Espécie: Outros<br/>Poste: 145707<br/>Área: URBANO<br/>Altura: 7 m · DAP: 85 cm<br/>Dist. BT/MT/AT: 150/100/0 cm<br/>Equipe: Enecol Centro · 14/09/2026, 15:09:20<br/><a href="https://raw.githubusercontent.com/LGRSV/vera-vegetacao/main/fotos/Enecol-Centro/VER20260914150921401771487F1.jpg">Foto</a>]]></description><Point><coordinates>-48.4088967,-9.5569917,0</coordinates></Point></Placemark>
<Placemark><name>V20260914151135130961835 — Outros</name><description><![CDATA[Espécie: Outros<br/>Poste: 145705<br/>Área: URBANO<br/>Altura: 9.5 m · DAP: 100 cm<br/>Dist. BT/MT/AT: 0/0/ cm<br/>Equipe: Enecol Centro · 14/09/2026, 15:11:34<br/><a href="https://raw.githubusercontent.com/LGRSV/vera-vegetacao/main/fotos/Enecol-Centro/VER20260914151135130961835F1.jpg">Foto</a>]]></description><Point><coordinates>-48.4087467,-9.5561733,0</coordinates></Point></Placemark>
<Placemark><name>V20260914151351811562055 — Mangueira</name><description><![CDATA[Espécie: Mangueira<br/>Poste: 145601<br/>Área: URBANO<br/>Altura: 8 m · DAP: 85 cm<br/>Dist. BT/MT/AT: 150/150/0 cm<br/>Equipe: Enecol Centro · 14/09/2026, 15:13:50<br/><a href="https://raw.githubusercontent.com/LGRSV/vera-vegetacao/main/fotos/Enecol-Centro/VER20260914151351811562055F1.jpg">Foto</a>]]></description><Point><coordinates>-48.4084517,-9.5570567,0</coordinates></Point></Placemark>
<Placemark><name>V20260914151605002730837 — Mangueira</name><description><![CDATA[Espécie: Mangueira<br/>Poste: 145604<br/>Área: URBANO<br/>Altura: 15 m · DAP: 200 cm<br/>Dist. BT/MT/AT: 300/300/0 cm<br/>Equipe: Enecol Centro · 14/09/2026, 15:16:04<br/><a href="https://raw.githubusercontent.com/LGRSV/vera-vegetacao/main/fotos/Enecol-Centro/VER20260914151605002730837F1.jpg">Foto</a>]]></description><Point><coordinates>-48.407155,-9.5575083,0</coordinates></Point></Placemark>
<Placemark><name>V20260914151848549591195 — Pequi</name><description><![CDATA[Espécie: Pequi<br/>Poste: 145608<br/>Área: URBANO<br/>Altura: 9 m · DAP: 145 cm<br/>Dist. BT/MT/AT: 150/0/0 cm<br/>Equipe: Enecol Centro · 14/09/2026, 15:18:47<br/><a href="https://raw.githubusercontent.com/LGRSV/vera-vegetacao/main/fotos/Enecol-Centro/VER20260914151848549591195F1.jpg">Foto</a>]]></description><Point><coordinates>-48.4061283,-9.5578267,0</coordinates></Point></Placemark>
<Placemark><name>V20260914152201193367650 — Outros</name><description><![CDATA[Espécie: Outros<br/>Poste: 145610<br/>Área: URBANO<br/>Altura: 7 m · DAP: 85 cm<br/>Dist. BT/MT/AT: 0/50/0 cm<br/>Equipe: Enecol Centro · 14/09/2026, 15:22:00<br/><a href="https://raw.githubusercontent.com/LGRSV/vera-vegetacao/main/fotos/Enecol-Centro/VER20260914152201193367650F1.jpg">Foto</a>]]></description><Point><coordinates>-48.406595,-9.56035,0</coordinates></Point></Placemark>
<Placemark><name>V20260914152506437429329 — Outros</name><description><![CDATA[Espécie: Outros<br/>Poste: 145216<br/>Área: URBANO<br/>Altura: 3.5 m · DAP:  cm<br/>Dist. BT/MT/AT: 300/300/0 cm<br/>Equipe: Enecol Centro · 14/09/2026, 15:25:05<br/><a href="https://raw.githubusercontent.com/LGRSV/vera-vegetacao/main/fotos/Enecol-Centro/VER20260914152506437429329F1.jpg">Foto</a>]]></description><Point><coordinates>-48.4062067,-9.5592167,0</coordinates></Point></Placemark>
<Placemark><name>V20260914152659701554972 — Outros</name><description><![CDATA[Espécie: Outros<br/>Poste: 145664<br/>Área: URBANO<br/>Altura: 5.5 m · DAP: 100 cm<br/>Dist. BT/MT/AT: 0/300/0 cm<br/>Equipe: Enecol Centro · 14/09/2026, 15:26:58<br/><a href="https://raw.githubusercontent.com/LGRSV/vera-vegetacao/main/fotos/Enecol-Centro/VER20260914152659701554972F1.jpg">Foto</a>]]></description><Point><coordinates>-48.4058917,-9.5581483,0</coordinates></Point></Placemark>
<Placemark><name>V20260914152859864133165 — Outros</name><description><![CDATA[Espécie: Outros<br/>Poste: 1436812<br/>Área: URBANO<br/>Altura: 7 m · DAP: 110 cm<br/>Dist. BT/MT/AT: 50/300/0 cm<br/>Equipe: Enecol Centro · 14/09/2026, 15:28:58<br/><a href="https://raw.githubusercontent.com/LGRSV/vera-vegetacao/main/fotos/Enecol-Centro/VER20260914152859864133165F1.jpg">Foto</a>]]></description><Point><coordinates>-48.405715,-9.5577383,0</coordinates></Point></Placemark>
<Placemark><name>V20260914153041888848270 — Outros</name><description><![CDATA[Espécie: Outros<br/>Poste: 1436812<br/>Área: URBANO<br/>Altura: 4.5 m · DAP: 85 cm<br/>Dist. BT/MT/AT: 150/300/0 cm<br/>Equipe: Enecol Centro · 14/09/2026, 15:30:40<br/><a href="https://raw.githubusercontent.com/LGRSV/vera-vegetacao/main/fotos/Enecol-Centro/VER20260914153041888848270F1.jpg">Foto</a>]]></description><Point><coordinates>-48.4056583,-9.5574683,0</coordinates></Point></Placemark>
<Placemark><name>V20260914153215760781530 — Outros</name><description><![CDATA[Espécie: Outros<br/>Poste: 145666<br/>Área: URBANO<br/>Altura: 6.5 m · DAP: 90 cm<br/>Dist. BT/MT/AT: 0/150/0 cm<br/>Equipe: Enecol Centro · 14/09/2026, 15:32:14<br/><a href="https://raw.githubusercontent.com/LGRSV/vera-vegetacao/main/fotos/Enecol-Centro/VER20260914153215760781530F1.jpg">Foto</a>]]></description><Point><coordinates>-48.4055117,-9.557075,0</coordinates></Point></Placemark>
<Placemark><name>V20260914153419231519679 — Cajueiro</name><description><![CDATA[Espécie: Cajueiro<br/>Poste: 145667<br/>Área: URBANO<br/>Altura: 7 m · DAP: 95 cm<br/>Dist. BT/MT/AT: 0/250/0 cm<br/>Equipe: Enecol Centro · 14/09/2026, 15:34:18<br/><a href="https://raw.githubusercontent.com/LGRSV/vera-vegetacao/main/fotos/Enecol-Centro/VER20260914153419231519679F1.jpg">Foto</a>]]></description><Point><coordinates>-48.405375,-9.556515,0</coordinates></Point></Placemark>
<Placemark><name>V20260914153612663740435 — Palmeira</name><description><![CDATA[Espécie: Palmeira<br/>Poste: 1436811<br/>Área: URBANO<br/>Altura: 7 m · DAP: 200 cm<br/>Dist. BT/MT/AT: 0/250/0 cm<br/>Equipe: Enecol Centro · 14/09/2026, 15:36:11<br/><a href="https://raw.githubusercontent.com/LGRSV/vera-vegetacao/main/fotos/Enecol-Centro/VER20260914153612663740435F1.jpg">Foto</a>]]></description><Point><coordinates>-48.4052283,-9.55609,0</coordinates></Point></Placemark>
<Placemark><name>V20260914153755348578016 — Palmeira</name><description><![CDATA[Espécie: Palmeira<br/>Poste: 145668<br/>Área: URBANO<br/>Altura: 5.5 m · DAP: 135 cm<br/>Dist. BT/MT/AT: 150/300/0 cm<br/>Equipe: Enecol Centro · 14/09/2026, 15:37:54<br/><a href="https://raw.githubusercontent.com/LGRSV/vera-vegetacao/main/fotos/Enecol-Centro/VER20260914153755348578016F1.jpg">Foto</a>]]></description><Point><coordinates>-48.4051783,-9.5559183,0</coordinates></Point></Placemark>
<Placemark><name>V20260914154235607212357 — Outros</name><description><![CDATA[Espécie: Outros<br/>Poste: 145669<br/>Área: URBANO<br/>Altura: 7.5 m · DAP: 80 cm<br/>Dist. BT/MT/AT: 0/100/0 cm<br/>Equipe: Enecol Centro · 14/09/2026, 15:42:34<br/><a href="https://raw.githubusercontent.com/LGRSV/vera-vegetacao/main/fotos/Enecol-Centro/VER20260914154235607212357F1.jpg">Foto</a>]]></description><Point><coordinates>-48.4050133,-9.55544,0</coordinates></Point></Placemark>
<Placemark><name>V20260914154515347883236 — Outros</name><description><![CDATA[Espécie: Outros<br/>Poste: 145689<br/>Área: URBANO<br/>Altura: 7 m · DAP: 90 cm<br/>Dist. BT/MT/AT: 50/250/0 cm<br/>Equipe: Enecol Centro · 14/09/2026, 15:45:14<br/><a href="https://raw.githubusercontent.com/LGRSV/vera-vegetacao/main/fotos/Enecol-Centro/VER20260914154515347883236F1.jpg">Foto</a>]]></description><Point><coordinates>-48.4049483,-9.5552233,0</coordinates></Point></Placemark>
<Placemark><name>V20260914154714791439242 — Outros</name><description><![CDATA[Espécie: Outros<br/>Poste: 145690<br/>Área: URBANO<br/>Altura: 6.5 m · DAP: 80 cm<br/>Dist. BT/MT/AT: 100/300/0 cm<br/>Equipe: Enecol Centro · 14/09/2026, 15:47:13<br/><a href="https://raw.githubusercontent.com/LGRSV/vera-vegetacao/main/fotos/Enecol-Centro/VER20260914154714791439242F1.jpg">Foto</a>]]></description><Point><coordinates>-48.404805,-9.55484,0</coordinates></Point></Placemark>
<Placemark><name>V20260914155118264316946 — Outros</name><description><![CDATA[Espécie: Outros<br/>Poste: 141423<br/>Área: URBANO<br/>Altura: 5.5 m · DAP: 85 cm<br/>Dist. BT/MT/AT: 300/300/0 cm<br/>Equipe: Enecol Centro · 14/09/2026, 15:51:17<br/><a href="https://raw.githubusercontent.com/LGRSV/vera-vegetacao/main/fotos/Enecol-Centro/VER20260914155118264316946F1.jpg">Foto</a>]]></description><Point><coordinates>-48.4045871,-9.5540677,0</coordinates></Point></Placemark>
<Placemark><name>V20260914155530509205488 — Outros</name><description><![CDATA[Espécie: Outros<br/>Poste: 141441<br/>Área: URBANO<br/>Altura: 6 m · DAP: 75 cm<br/>Dist. BT/MT/AT: 150/300/0 cm<br/>Equipe: Enecol Centro · 14/09/2026, 15:55:29<br/><a href="https://raw.githubusercontent.com/LGRSV/vera-vegetacao/main/fotos/Enecol-Centro/VER20260914155530509205488F1.jpg">Foto</a>]]></description><Point><coordinates>-48.403435,-9.5522393,0</coordinates></Point></Placemark>
<Placemark><name>V20260914160104855524864 — Outros</name><description><![CDATA[Espécie: Outros<br/>Poste: 294932<br/>Área: URBANO<br/>Altura: 3.5 m · DAP: 105 cm<br/>Dist. BT/MT/AT: 200/300/0 cm<br/>Equipe: Enecol Centro · 14/09/2026, 16:01:03<br/><a href="https://raw.githubusercontent.com/LGRSV/vera-vegetacao/main/fotos/Enecol-Centro/VER20260914160104855524864F1.jpg">Foto</a>]]></description><Point><coordinates>-48.4000117,-9.5484,0</coordinates></Point></Placemark>
<Placemark><name>V20260914160302969463731 — Mangueira</name><description><![CDATA[Espécie: Mangueira<br/>Poste: 57938954<br/>Área: URBANO<br/>Altura: 14.5 m · DAP: 200 cm<br/>Dist. BT/MT/AT: 50/100/0 cm<br/>Equipe: Enecol Centro · 14/09/2026, 16:03:02<br/><a href="https://raw.githubusercontent.com/LGRSV/vera-vegetacao/main/fotos/Enecol-Centro/VER20260914160302969463731F1.jpg">Foto</a>]]></description><Point><coordinates>-48.3997733,-9.5504933,0</coordinates></Point></Placemark>
<Placemark><name>V20260914160726395527934 — Mangueira</name><description><![CDATA[Espécie: Mangueira<br/>Poste: 141406<br/>Área: URBANO<br/>Altura: 10.5 m · DAP: 200 cm<br/>Dist. BT/MT/AT: 100/50/0 cm<br/>Equipe: Enecol Centro · 14/09/2026, 16:07:25<br/><a href="https://raw.githubusercontent.com/LGRSV/vera-vegetacao/main/fotos/Enecol-Centro/VER20260914160726395527934F1.jpg">Foto</a>]]></description><Point><coordinates>-48.40083,-9.5520667,0</coordinates></Point></Placemark>
<Placemark><name>V20260914160924120167865 — Mangueira</name><description><![CDATA[Espécie: Mangueira<br/>Poste: 141419<br/>Área: URBANO<br/>Altura: 11 m · DAP: 200 cm<br/>Dist. BT/MT/AT: 150/250/0 cm<br/>Equipe: Enecol Centro · 14/09/2026, 16:09:23<br/><a href="https://raw.githubusercontent.com/LGRSV/vera-vegetacao/main/fotos/Enecol-Centro/VER20260914160924120167865F1.jpg">Foto</a>]]></description><Point><coordinates>-48.4009617,-9.5522933,0</coordinates></Point></Placemark>
<Placemark><name>V20260914161209898115867 — Mangueira</name><description><![CDATA[Espécie: Mangueira<br/>Poste: 141443<br/>Área: URBANO<br/>Altura: 9 m · DAP: 180 cm<br/>Dist. BT/MT/AT: 0/50/0 cm<br/>Equipe: Enecol Centro · 14/09/2026, 16:12:09<br/><a href="https://raw.githubusercontent.com/LGRSV/vera-vegetacao/main/fotos/Enecol-Centro/VER20260914161209898115867F1.jpg">Foto</a>]]></description><Point><coordinates>-48.4019067,-9.553635,0</coordinates></Point></Placemark>
<Placemark><name>V20260914161438231166992 — Mangueira</name><description><![CDATA[Espécie: Mangueira<br/>Poste: 1089975<br/>Área: URBANO<br/>Altura: 10 m · DAP: 200 cm<br/>Dist. BT/MT/AT: 200/150/0 cm<br/>Equipe: Enecol Centro · 14/09/2026, 16:14:37<br/><a href="https://raw.githubusercontent.com/LGRSV/vera-vegetacao/main/fotos/Enecol-Centro/VER20260914161438231166992F1.jpg">Foto</a>]]></description><Point><coordinates>-48.4025,-9.5544283,0</coordinates></Point></Placemark>
<Placemark><name>V20260914161711159286861 — Outros</name><description><![CDATA[Espécie: Outros<br/>Poste: 145700<br/>Área: URBANO<br/>Altura: 9.5 m · DAP: 165 cm<br/>Dist. BT/MT/AT: 0/300/0 cm<br/>Equipe: Enecol Centro · 14/09/2026, 16:17:10<br/><a href="https://raw.githubusercontent.com/LGRSV/vera-vegetacao/main/fotos/Enecol-Centro/VER20260914161711159286861F1.jpg">Foto</a>]]></description><Point><coordinates>-48.4034067,-9.556745,0</coordinates></Point></Placemark>
<Placemark><name>V20260915102410475412997 — Outros</name><description><![CDATA[Espécie: Outros<br/>Poste: 145618<br/>Área: URBANO<br/>Altura: 10.5 m · DAP: 80 cm<br/>Dist. BT/MT/AT: 300/100/0 cm<br/>Equipe: Enecol Centro · 15/09/2026, 10:24:09<br/><a href="https://raw.githubusercontent.com/LGRSV/vera-vegetacao/main/fotos/Enecol-Centro/VER20260915102410475412997F1.jpg">Foto</a>]]></description><Point><coordinates>-48.4131783,-9.5609683,0</coordinates></Point></Placemark>
<Placemark><name>V20260915102648240264065 — Outros</name><description><![CDATA[Espécie: Outros<br/>Poste: 1504459<br/>Área: URBANO<br/>Altura: 3 m · DAP: 80 cm<br/>Dist. BT/MT/AT: 300/300/0 cm<br/>Equipe: Enecol Centro · 15/09/2026, 10:26:47<br/><a href="https://raw.githubusercontent.com/LGRSV/vera-vegetacao/main/fotos/Enecol-Centro/VER20260915102648240264065F1.jpg">Foto</a>]]></description><Point><coordinates>-48.4133367,-9.5615067,0</coordinates></Point></Placemark>
<Placemark><name>V20260915102745774596933 — Outros</name><description><![CDATA[Espécie: Outros<br/>Poste: 1504459<br/>Área: URBANO<br/>Altura: 3.5 m · DAP: 65 cm<br/>Dist. BT/MT/AT: 300/300/0 cm<br/>Equipe: Enecol Centro · 15/09/2026, 10:27:44<br/><a href="https://raw.githubusercontent.com/LGRSV/vera-vegetacao/main/fotos/Enecol-Centro/VER20260915102745774596933F1.jpg">Foto</a>]]></description><Point><coordinates>-48.4133317,-9.5616133,0</coordinates></Point></Placemark>
<Placemark><name>V20260915104623399946827 — Cajueiro</name><description><![CDATA[Espécie: Cajueiro<br/>Poste: 145614<br/>Área: URBANO<br/>Altura: 10.5 m · DAP: 200 cm<br/>Dist. BT/MT/AT: 150/50/ cm<br/>Equipe: Enecol Centro · 15/09/2026, 10:46:22<br/><a href="https://raw.githubusercontent.com/LGRSV/vera-vegetacao/main/fotos/Enecol-Centro/VER20260915104623399946827F1.jpg">Foto</a>]]></description><Point><coordinates>-48.41355,-9.5622017,0</coordinates></Point></Placemark>
<Placemark><name>V20260915104804745497785 — Outros</name><description><![CDATA[Espécie: Outros<br/>Poste: 145643<br/>Área: URBANO<br/>Altura: 6.5 m · DAP: 80 cm<br/>Dist. BT/MT/AT: 50/300/0 cm<br/>Equipe: Enecol Centro · 15/09/2026, 10:48:03<br/><a href="https://raw.githubusercontent.com/LGRSV/vera-vegetacao/main/fotos/Enecol-Centro/VER20260915104804745497785F1.jpg">Foto</a>]]></description><Point><coordinates>-48.4136317,-9.562495,0</coordinates></Point></Placemark>
<Placemark><name>V20260915105007694363713 — Mangueira</name><description><![CDATA[Espécie: Mangueira<br/>Poste: 1437321<br/>Área: URBANO<br/>Altura: 12.5 m · DAP: 170 cm<br/>Dist. BT/MT/AT: 300/300/0 cm<br/>Equipe: Enecol Centro · 15/09/2026, 10:50:06<br/><a href="https://raw.githubusercontent.com/LGRSV/vera-vegetacao/main/fotos/Enecol-Centro/VER20260915105007694363713F1.jpg">Foto</a>]]></description><Point><coordinates>-48.4138167,-9.56305,0</coordinates></Point></Placemark>
<Placemark><name>V20260915105213809592228 — Mangueira</name><description><![CDATA[Espécie: Mangueira<br/>Poste: 145652<br/>Área: URBANO<br/>Altura: 7.5 m · DAP: 110 cm<br/>Dist. BT/MT/AT: 150/300/0 cm<br/>Equipe: Enecol Centro · 15/09/2026, 10:52:12<br/><a href="https://raw.githubusercontent.com/LGRSV/vera-vegetacao/main/fotos/Enecol-Centro/VER20260915105213809592228F1.jpg">Foto</a>]]></description><Point><coordinates>-48.414195,-9.56429,0</coordinates></Point></Placemark>
<Placemark><name>V20260915105315806072646 — Cajueiro</name><description><![CDATA[Espécie: Cajueiro<br/>Poste: 145652<br/>Área: URBANO<br/>Altura: 6 m · DAP: 100 cm<br/>Dist. BT/MT/AT: 300/300/0 cm<br/>Equipe: Enecol Centro · 15/09/2026, 10:53:14<br/><a href="https://raw.githubusercontent.com/LGRSV/vera-vegetacao/main/fotos/Enecol-Centro/VER20260915105315806072646F1.jpg">Foto</a>]]></description><Point><coordinates>-48.4142417,-9.5643917,0</coordinates></Point></Placemark>
<Placemark><name>V20260915105422969799016 — Cajueiro</name><description><![CDATA[Espécie: Cajueiro<br/>Poste: 145652<br/>Área: URBANO<br/>Altura: 6.5 m · DAP: 100 cm<br/>Dist. BT/MT/AT: 150/300/0 cm<br/>Equipe: Enecol Centro · 15/09/2026, 10:54:22<br/><a href="https://raw.githubusercontent.com/LGRSV/vera-vegetacao/main/fotos/Enecol-Centro/VER20260915105422969799016F1.jpg">Foto</a>]]></description><Point><coordinates>-48.4142433,-9.5644967,0</coordinates></Point></Placemark>
<Placemark><name>V20260915105657104239720 — Cajueiro</name><description><![CDATA[Espécie: Cajueiro<br/>Poste: 145646<br/>Área: URBANO<br/>Altura: 6 m · DAP: 75 cm<br/>Dist. BT/MT/AT: 100/300/0 cm<br/>Equipe: Enecol Centro · 15/09/2026, 10:56:56<br/><a href="https://raw.githubusercontent.com/LGRSV/vera-vegetacao/main/fotos/Enecol-Centro/VER20260915105657104239720F1.jpg">Foto</a>]]></description><Point><coordinates>-48.4141167,-9.563545,0</coordinates></Point></Placemark>
<Placemark><name>V20260915105834691186625 — Outros</name><description><![CDATA[Espécie: Outros<br/>Poste: 145650<br/>Área: URBANO<br/>Altura: 4.5 m · DAP: 75 cm<br/>Dist. BT/MT/AT: 200/300/0 cm<br/>Equipe: Enecol Centro · 15/09/2026, 10:58:33<br/><a href="https://raw.githubusercontent.com/LGRSV/vera-vegetacao/main/fotos/Enecol-Centro/VER20260915105834691186625F1.jpg">Foto</a>]]></description><Point><coordinates>-48.4138183,-9.5636817,0</coordinates></Point></Placemark>
<Placemark><name>V20260915110159365428638 — Outros</name><description><![CDATA[Espécie: Outros<br/>Poste: 145716<br/>Área: URBANO<br/>Altura: 7 m · DAP: 90 cm<br/>Dist. BT/MT/AT: 0/300/ cm<br/>Equipe: Enecol Centro · 15/09/2026, 11:01:58<br/><a href="https://raw.githubusercontent.com/LGRSV/vera-vegetacao/main/fotos/Enecol-Centro/VER20260915110159365428638F1.jpg">Foto</a>]]></description><Point><coordinates>-48.412815,-9.5640167,0</coordinates></Point></Placemark>
<Placemark><name>V20260915110414931441843 — Cajueiro</name><description><![CDATA[Espécie: Cajueiro<br/>Poste: 145714<br/>Área: URBANO<br/>Altura: 10.5 m · DAP: 170 cm<br/>Dist. BT/MT/AT: 300/150/0 cm<br/>Equipe: Enecol Centro · 15/09/2026, 11:04:14<br/><a href="https://raw.githubusercontent.com/LGRSV/vera-vegetacao/main/fotos/Enecol-Centro/VER20260915110414931441843F1.jpg">Foto</a>]]></description><Point><coordinates>-48.4121017,-9.5642417,0</coordinates></Point></Placemark>
<Placemark><name>V20260915110706892810351 — Outros</name><description><![CDATA[Espécie: Outros<br/>Poste: 145692<br/>Área: URBANO<br/>Altura: 7.5 m · DAP: 100 cm<br/>Dist. BT/MT/AT: 0/250/0 cm<br/>Equipe: Enecol Centro · 15/09/2026, 11:07:06<br/><a href="https://raw.githubusercontent.com/LGRSV/vera-vegetacao/main/fotos/Enecol-Centro/VER20260915110706892810351F1.jpg">Foto</a>]]></description><Point><coordinates>-48.4113867,-9.5644517,0</coordinates></Point></Placemark>
<Placemark><name>V20260915111054988477443 — Outros</name><description><![CDATA[Espécie: Outros<br/>Poste: 37014415<br/>Área: URBANO<br/>Altura: 4 m · DAP: 75 cm<br/>Dist. BT/MT/AT: 300/300/0 cm<br/>Equipe: Enecol Centro · 15/09/2026, 11:10:54<br/><a href="https://raw.githubusercontent.com/LGRSV/vera-vegetacao/main/fotos/Enecol-Centro/VER20260915111054988477443F1.jpg">Foto</a>]]></description><Point><coordinates>-48.4110817,-9.5655733,0</coordinates></Point></Placemark>
<Placemark><name>V20260915111339523742546 — Outros</name><description><![CDATA[Espécie: Outros<br/>Poste: 37014410<br/>Área: URBANO<br/>Altura: 9 m · DAP: 110 cm<br/>Dist. BT/MT/AT: 200/300/0 cm<br/>Equipe: Enecol Centro · 15/09/2026, 11:13:38<br/><a href="https://raw.githubusercontent.com/LGRSV/vera-vegetacao/main/fotos/Enecol-Centro/VER20260915111339523742546F1.jpg">Foto</a>]]></description><Point><coordinates>-48.4106067,-9.565685,0</coordinates></Point></Placemark>
<Placemark><name>V20260915111522942063183 — Outros</name><description><![CDATA[Espécie: Outros<br/>Poste: 37014400<br/>Área: URBANO<br/>Altura: 7.5 m · DAP: 60 cm<br/>Dist. BT/MT/AT: 0/300/0 cm<br/>Equipe: Enecol Centro · 15/09/2026, 11:15:22<br/><a href="https://raw.githubusercontent.com/LGRSV/vera-vegetacao/main/fotos/Enecol-Centro/VER20260915111522942063183F1.jpg">Foto</a>]]></description><Point><coordinates>-48.4101933,-9.56582,0</coordinates></Point></Placemark>
<Placemark><name>V20260915111757840867042 — Outros</name><description><![CDATA[Espécie: Outros<br/>Poste: 1095764<br/>Área: URBANO<br/>Altura: 7.5 m · DAP: 90 cm<br/>Dist. BT/MT/AT: 100/300/0 cm<br/>Equipe: Enecol Centro · 15/09/2026, 11:17:56<br/><a href="https://raw.githubusercontent.com/LGRSV/vera-vegetacao/main/fotos/Enecol-Centro/VER20260915111757840867042F1.jpg">Foto</a>]]></description><Point><coordinates>-48.41062,-9.5644533,0</coordinates></Point></Placemark>
<Placemark><name>V20260915111941746851821 — Outros</name><description><![CDATA[Espécie: Outros<br/>Poste: 145672<br/>Área: URBANO<br/>Altura: 8 m · DAP: 140 cm<br/>Dist. BT/MT/AT: /50/0 cm<br/>Equipe: Enecol Centro · 15/09/2026, 11:19:40<br/><a href="https://raw.githubusercontent.com/LGRSV/vera-vegetacao/main/fotos/Enecol-Centro/VER20260915111941746851821F1.jpg">Foto</a>]]></description><Point><coordinates>-48.4110667,-9.5638967,0</coordinates></Point></Placemark>
<Placemark><name>V20260915112250767217837 — Outros</name><description><![CDATA[Espécie: Outros<br/>Poste: 145673<br/>Área: URBANO<br/>Altura: 3 m · DAP: 25 cm<br/>Dist. BT/MT/AT: 300/300/0 cm<br/>Equipe: Enecol Centro · 15/09/2026, 11:22:49<br/><a href="https://raw.githubusercontent.com/LGRSV/vera-vegetacao/main/fotos/Enecol-Centro/VER20260915112250767217837F1.jpg">Foto</a>]]></description><Point><coordinates>-48.4108633,-9.563045,0</coordinates></Point></Placemark>
<Placemark><name>V20260915112826957760557 — Outros</name><description><![CDATA[Espécie: Outros<br/>Poste: 145228<br/>Área: URBANO<br/>Altura: 4.5 m · DAP: 90 cm<br/>Dist. BT/MT/AT: 300/300/0 cm<br/>Equipe: Enecol Centro · 15/09/2026, 11:28:26<br/><a href="https://raw.githubusercontent.com/LGRSV/vera-vegetacao/main/fotos/Enecol-Centro/VER20260915112826957760557F1.jpg">Foto</a>]]></description><Point><coordinates>-48.4146017,-9.5654617,0</coordinates></Point></Placemark>
<Placemark><name>V20260915113101670100281 — Outros</name><description><![CDATA[Espécie: Outros<br/>Poste: 145228<br/>Área: URBANO<br/>Altura: 4 m · DAP: 75 cm<br/>Dist. BT/MT/AT: 300/300/0 cm<br/>Equipe: Enecol Centro · 15/09/2026, 11:31:00<br/><a href="https://raw.githubusercontent.com/LGRSV/vera-vegetacao/main/fotos/Enecol-Centro/VER20260915113101670100281F1.jpg">Foto</a>]]></description><Point><coordinates>-48.4146383,-9.5655883,0</coordinates></Point></Placemark>
<Placemark><name>V20260915113441160444673 — Outros</name><description><![CDATA[Espécie: Outros<br/>Poste: 145228<br/>Área: URBANO<br/>Altura: 3.5 m · DAP: 70 cm<br/>Dist. BT/MT/AT: 300/300/0 cm<br/>Equipe: Enecol Centro · 15/09/2026, 11:34:40<br/><a href="https://raw.githubusercontent.com/LGRSV/vera-vegetacao/main/fotos/Enecol-Centro/VER20260915113441160444673F1.jpg">Foto</a>]]></description><Point><coordinates>-48.4146633,-9.5657217,0</coordinates></Point></Placemark>
<Placemark><name>V20260915140642464354694 — Outros</name><description><![CDATA[Espécie: Outros<br/>Poste: 145274<br/>Área: URBANO<br/>Altura: 8.5 m · DAP: 145 cm<br/>Dist. BT/MT/AT: 0/150/0 cm<br/>Equipe: Enecol Centro · 15/09/2026, 14:06:41<br/><a href="https://raw.githubusercontent.com/LGRSV/vera-vegetacao/main/fotos/Enecol-Centro/VER20260915140642464354694F1.jpg">Foto</a>]]></description><Point><coordinates>-48.41554,-9.5660133,0</coordinates></Point></Placemark>
<Placemark><name>V20260915140840886065216 — Pequi</name><description><![CDATA[Espécie: Pequi<br/>Poste: 145273<br/>Área: URBANO<br/>Altura: 9.5 m · DAP: 200 cm<br/>Dist. BT/MT/AT: 300/300/0 cm<br/>Equipe: Enecol Centro · 15/09/2026, 14:08:39<br/><a href="https://raw.githubusercontent.com/LGRSV/vera-vegetacao/main/fotos/Enecol-Centro/VER20260915140840886065216F1.jpg">Foto</a>]]></description><Point><coordinates>-48.4153933,-9.5657633,0</coordinates></Point></Placemark>
<Placemark><name>V20260915141034638602861 — Cajueiro</name><description><![CDATA[Espécie: Cajueiro<br/>Poste: 145236<br/>Área: URBANO<br/>Altura: 9 m · DAP: 110 cm<br/>Dist. BT/MT/AT: 0/0/0 cm<br/>Equipe: Enecol Centro · 15/09/2026, 14:10:33<br/><a href="https://raw.githubusercontent.com/LGRSV/vera-vegetacao/main/fotos/Enecol-Centro/VER20260915141034638602861F1.jpg">Foto</a>]]></description><Point><coordinates>-48.4153133,-9.565325,0</coordinates></Point></Placemark>
<Placemark><name>V20260915141221585878490 — Outros</name><description><![CDATA[Espécie: Outros<br/>Poste: 145271<br/>Área: URBANO<br/>Altura: 8 m · DAP: 100 cm<br/>Dist. BT/MT/AT: 0/0/ cm<br/>Equipe: Enecol Centro · 15/09/2026, 14:12:20<br/><a href="https://raw.githubusercontent.com/LGRSV/vera-vegetacao/main/fotos/Enecol-Centro/VER20260915141221585878490F1.jpg">Foto</a>]]></description><Point><coordinates>-48.415235,-9.56518,0</coordinates></Point></Placemark>
<Placemark><name>V20260915141607966056577 — Outros</name><description><![CDATA[Espécie: Outros<br/>Poste: 145233<br/>Área: URBANO<br/>Altura: 8 m · DAP:  cm<br/>Dist. BT/MT/AT: 0/0/0 cm<br/>Equipe: Enecol Centro · 15/09/2026, 14:16:06<br/><a href="https://raw.githubusercontent.com/LGRSV/vera-vegetacao/main/fotos/Enecol-Centro/VER20260915141607966056577F1.jpg">Foto</a>]]></description><Point><coordinates>-48.41429,-9.5658983,0</coordinates></Point></Placemark>
<Placemark><name>V20260915141714347743521 — Outros</name><description><![CDATA[Espécie: Outros<br/>Poste: 145580<br/>Área: URBANO<br/>Altura: 9.5 m · DAP: 95 cm<br/>Dist. BT/MT/AT: 0/0/0 cm<br/>Equipe: Enecol Centro · 15/09/2026, 14:17:13<br/><a href="https://raw.githubusercontent.com/LGRSV/vera-vegetacao/main/fotos/Enecol-Centro/VER20260915141714347743521F1.jpg">Foto</a>]]></description><Point><coordinates>-48.4141567,-9.5659183,0</coordinates></Point></Placemark>
<Placemark><name>V20260915142021879584609 — Cajueiro</name><description><![CDATA[Espécie: Cajueiro<br/>Poste: 145582<br/>Área: URBANO<br/>Altura: 8.5 m · DAP: 165 cm<br/>Dist. BT/MT/AT: 0/100/0 cm<br/>Equipe: Enecol Centro · 15/09/2026, 14:20:20<br/><a href="https://raw.githubusercontent.com/LGRSV/vera-vegetacao/main/fotos/Enecol-Centro/VER20260915142021879584609F1.jpg">Foto</a>]]></description><Point><coordinates>-48.4131017,-9.5663017,0</coordinates></Point></Placemark>
<Placemark><name>V20260915142233029443942 — Mangueira</name><description><![CDATA[Espécie: Mangueira<br/>Poste: 334297<br/>Área: URBANO<br/>Altura: 8 m · DAP: 105 cm<br/>Dist. BT/MT/AT: 200/200/0 cm<br/>Equipe: Enecol Centro · 15/09/2026, 14:22:32<br/><a href="https://raw.githubusercontent.com/LGRSV/vera-vegetacao/main/fotos/Enecol-Centro/VER20260915142233029443942F1.jpg">Foto</a>]]></description><Point><coordinates>-48.4120267,-9.5666117,0</coordinates></Point></Placemark>
<Placemark><name>V20260915142359722725612 — Outros</name><description><![CDATA[Espécie: Outros<br/>Poste: 334297<br/>Área: URBANO<br/>Altura: 6.5 m · DAP: 60 cm<br/>Dist. BT/MT/AT: 0/250/0 cm<br/>Equipe: Enecol Centro · 15/09/2026, 14:23:58<br/><a href="https://raw.githubusercontent.com/LGRSV/vera-vegetacao/main/fotos/Enecol-Centro/VER20260915142359722725612F1.jpg">Foto</a>]]></description><Point><coordinates>-48.4118867,-9.566635,0</coordinates></Point></Placemark>
<Placemark><name>V20260915142647454162049 — Outros</name><description><![CDATA[Espécie: Outros<br/>Poste: 145656<br/>Área: URBANO<br/>Altura: 5 m · DAP: 70 cm<br/>Dist. BT/MT/AT: 200/300/0 cm<br/>Equipe: Enecol Centro · 15/09/2026, 14:26:46<br/><a href="https://raw.githubusercontent.com/LGRSV/vera-vegetacao/main/fotos/Enecol-Centro/VER20260915142647454162049F1.jpg">Foto</a>]]></description><Point><coordinates>-48.411645,-9.5667483,0</coordinates></Point></Placemark>
<Placemark><name>V20260915143039749053654 — Outros</name><description><![CDATA[Espécie: Outros<br/>Poste: 1428805<br/>Área: URBANO<br/>Altura: 5.5 m · DAP: 100 cm<br/>Dist. BT/MT/AT: 150/300/0 cm<br/>Equipe: Enecol Centro · 15/09/2026, 14:30:38<br/><a href="https://raw.githubusercontent.com/LGRSV/vera-vegetacao/main/fotos/Enecol-Centro/VER20260915143039749053654F1.jpg">Foto</a>]]></description><Point><coordinates>-48.4114483,-9.56679,0</coordinates></Point></Placemark>
<Placemark><name>V20260915143257778747802 — Outros</name><description><![CDATA[Espécie: Outros<br/>Poste: 145655<br/>Área: URBANO<br/>Altura: 6.5 m · DAP: 65 cm<br/>Dist. BT/MT/AT: 150/300/0 cm<br/>Equipe: Enecol Centro · 15/09/2026, 14:32:56<br/><a href="https://raw.githubusercontent.com/LGRSV/vera-vegetacao/main/fotos/Enecol-Centro/VER20260915143257778747802F1.jpg">Foto</a>]]></description><Point><coordinates>-48.4111183,-9.5668767,0</coordinates></Point></Placemark>
<Placemark><name>V20260915143656460690318 — Outros</name><description><![CDATA[Espécie: Outros<br/>Poste: 145593<br/>Área: URBANO<br/>Altura: 3.5 m · DAP: 30 cm<br/>Dist. BT/MT/AT: 300/300/0 cm<br/>Equipe: Enecol Centro · 15/09/2026, 14:36:55<br/><a href="https://raw.githubusercontent.com/LGRSV/vera-vegetacao/main/fotos/Enecol-Centro/VER20260915143656460690318F1.jpg">Foto</a>]]></description><Point><coordinates>-48.4095017,-9.5674117,0</coordinates></Point></Placemark>
<Placemark><name>V20260915144035272262969 — Outros</name><description><![CDATA[Espécie: Outros<br/>Poste: 380324<br/>Área: URBANO<br/>Altura: 5 m · DAP: 75 cm<br/>Dist. BT/MT/AT: 300/300/0 cm<br/>Equipe: Enecol Centro · 15/09/2026, 14:40:34<br/><a href="https://raw.githubusercontent.com/LGRSV/vera-vegetacao/main/fotos/Enecol-Centro/VER20260915144035272262969F1.jpg">Foto</a>]]></description><Point><coordinates>-48.40998,-9.5680633,0</coordinates></Point></Placemark>
<Placemark><name>V20260915144201291950696 — Outros</name><description><![CDATA[Espécie: Outros<br/>Poste: 380324<br/>Área: URBANO<br/>Altura: 5.5 m · DAP: 65 cm<br/>Dist. BT/MT/AT: 200/300/0 cm<br/>Equipe: Enecol Centro · 15/09/2026, 14:42:00<br/><a href="https://raw.githubusercontent.com/LGRSV/vera-vegetacao/main/fotos/Enecol-Centro/VER20260915144201291950696F1.jpg">Foto</a>]]></description><Point><coordinates>-48.4101667,-9.568015,0</coordinates></Point></Placemark>
<Placemark><name>V20260915144417738099315 — Outros</name><description><![CDATA[Espécie: Outros<br/>Poste: 228264<br/>Área: URBANO<br/>Altura: 7 m · DAP: 95 cm<br/>Dist. BT/MT/AT: 0/150/0 cm<br/>Equipe: Enecol Centro · 15/09/2026, 14:44:16<br/><a href="https://raw.githubusercontent.com/LGRSV/vera-vegetacao/main/fotos/Enecol-Centro/VER20260915144417738099315F1.jpg">Foto</a>]]></description><Point><coordinates>-48.4091767,-9.5683017,0</coordinates></Point></Placemark>
<Placemark><name>V20260915144655175020805 — Cajueiro</name><description><![CDATA[Espécie: Cajueiro<br/>Poste: 145591<br/>Área: URBANO<br/>Altura: 5.5 m · DAP: 80 cm<br/>Dist. BT/MT/AT: 300/300/0 cm<br/>Equipe: Enecol Centro · 15/09/2026, 14:46:54<br/><a href="https://raw.githubusercontent.com/LGRSV/vera-vegetacao/main/fotos/Enecol-Centro/VER20260915144655175020805F1.jpg">Foto</a>]]></description><Point><coordinates>-48.4087633,-9.567625,0</coordinates></Point></Placemark>
<Placemark><name>V20260915145336517639920 — Outros</name><description><![CDATA[Espécie: Outros<br/>Poste: 228261<br/>Área: URBANO<br/>Altura: 7.5 m · DAP: 90 cm<br/>Dist. BT/MT/AT: 0/50/0 cm<br/>Equipe: Enecol Centro · 15/09/2026, 14:53:35<br/><a href="https://raw.githubusercontent.com/LGRSV/vera-vegetacao/main/fotos/Enecol-Centro/VER20260915145336517639920F1.jpg">Foto</a>]]></description><Point><coordinates>-48.4085267,-9.5679617,0</coordinates></Point></Placemark>
<Placemark><name>V20260915145627613844759 — Outros</name><description><![CDATA[Espécie: Outros<br/>Poste: 228262<br/>Área: URBANO<br/>Altura: 7 m · DAP: 80 cm<br/>Dist. BT/MT/AT: 0/300/0 cm<br/>Equipe: Enecol Centro · 15/09/2026, 14:56:26<br/><a href="https://raw.githubusercontent.com/LGRSV/vera-vegetacao/main/fotos/Enecol-Centro/VER20260915145627613844759F1.jpg">Foto</a>]]></description><Point><coordinates>-48.408775,-9.56828,0</coordinates></Point></Placemark>
<Placemark><name>V20260915145919330853570 — Outros</name><description><![CDATA[Espécie: Outros<br/>Poste: 228263<br/>Área: URBANO<br/>Altura: 8 m · DAP: 110 cm<br/>Dist. BT/MT/AT: 0/200/0 cm<br/>Equipe: Enecol Centro · 15/09/2026, 14:59:18<br/><a href="https://raw.githubusercontent.com/LGRSV/vera-vegetacao/main/fotos/Enecol-Centro/VER20260915145919330853570F1.jpg">Foto</a>]]></description><Point><coordinates>-48.4088983,-9.568525,0</coordinates></Point></Placemark>
<Placemark><name>V20260915150059526632983 — Outros</name><description><![CDATA[Espécie: Outros<br/>Poste: 1428249<br/>Área: URBANO<br/>Altura: 7 m · DAP: 80 cm<br/>Dist. BT/MT/AT: 50/50/0 cm<br/>Equipe: Enecol Centro · 15/09/2026, 15:00:58<br/><a href="https://raw.githubusercontent.com/LGRSV/vera-vegetacao/main/fotos/Enecol-Centro/VER20260915150059526632983F1.jpg">Foto</a>]]></description><Point><coordinates>-48.40881,-9.568405,0</coordinates></Point></Placemark>
<Placemark><name>V20260915150640340144341 — Outros</name><description><![CDATA[Espécie: Outros<br/>Poste: 145589<br/>Área: URBANO<br/>Altura: 7 m · DAP: 80 cm<br/>Dist. BT/MT/AT: 0/0/0 cm<br/>Equipe: Enecol Centro · 15/09/2026, 15:06:39<br/><a href="https://raw.githubusercontent.com/LGRSV/vera-vegetacao/main/fotos/Enecol-Centro/VER20260915150640340144341F1.jpg">Foto</a>]]></description><Point><coordinates>-48.40774,-9.5679367,0</coordinates></Point></Placemark>
<Placemark><name>V20260915150902325802835 — Outros</name><description><![CDATA[Espécie: Outros<br/>Poste: 145284<br/>Área: URBANO<br/>Altura: 4.5 m · DAP: 70 cm<br/>Dist. BT/MT/AT: 300/300/0 cm<br/>Equipe: Enecol Centro · 15/09/2026, 15:09:01<br/><a href="https://raw.githubusercontent.com/LGRSV/vera-vegetacao/main/fotos/Enecol-Centro/VER20260915150902325802835F1.jpg">Foto</a>]]></description><Point><coordinates>-48.4074417,-9.5680783,0</coordinates></Point></Placemark>
<Placemark><name>V20260915151104004050703 — Outros</name><description><![CDATA[Espécie: Outros<br/>Poste: 145284<br/>Área: URBANO<br/>Altura: 7 m · DAP: 85 cm<br/>Dist. BT/MT/AT: 150/300/0 cm<br/>Equipe: Enecol Centro · 15/09/2026, 15:11:03<br/><a href="https://raw.githubusercontent.com/LGRSV/vera-vegetacao/main/fotos/Enecol-Centro/VER20260915151104004050703F1.jpg">Foto</a>]]></description><Point><coordinates>-48.4072167,-9.568095,0</coordinates></Point></Placemark>
<Placemark><name>V20260915151320288390456 — Outros</name><description><![CDATA[Espécie: Outros<br/>Poste: 145281<br/>Área: URBANO<br/>Altura: 6.5 m · DAP: 90 cm<br/>Dist. BT/MT/AT: 200/300/0 cm<br/>Equipe: Enecol Centro · 15/09/2026, 15:13:19<br/><a href="https://raw.githubusercontent.com/LGRSV/vera-vegetacao/main/fotos/Enecol-Centro/VER20260915151320288390456F1.jpg">Foto</a>]]></description><Point><coordinates>-48.4065183,-9.5682983,0</coordinates></Point></Placemark>
<Placemark><name>V20260915151415925986688 — Outros</name><description><![CDATA[Espécie: Outros<br/>Poste: 145281<br/>Área: URBANO<br/>Altura: 7 m · DAP: 80 cm<br/>Dist. BT/MT/AT: 300/300/0 cm<br/>Equipe: Enecol Centro · 15/09/2026, 15:14:14<br/><a href="https://raw.githubusercontent.com/LGRSV/vera-vegetacao/main/fotos/Enecol-Centro/VER20260915151415925986688F1.jpg">Foto</a>]]></description><Point><coordinates>-48.4065583,-9.5682867,0</coordinates></Point></Placemark>
<Placemark><name>V20260915151656171119576 — Outros</name><description><![CDATA[Espécie: Outros<br/>Poste: 36778468<br/>Área: URBANO<br/>Altura: 5 m · DAP: 75 cm<br/>Dist. BT/MT/AT: 50/300/0 cm<br/>Equipe: Enecol Centro · 15/09/2026, 15:16:55<br/><a href="https://raw.githubusercontent.com/LGRSV/vera-vegetacao/main/fotos/Enecol-Centro/VER20260915151656171119576F1.jpg">Foto</a>]]></description><Point><coordinates>-48.4053983,-9.56893,0</coordinates></Point></Placemark>
<Placemark><name>V20260915152042072128883 — Flamboyant</name><description><![CDATA[Espécie: Flamboyant<br/>Poste: 145599<br/>Área: URBANO<br/>Altura: 6 m · DAP: 115 cm<br/>Dist. BT/MT/AT: 150/300/0 cm<br/>Equipe: Enecol Centro · 15/09/2026, 15:20:41<br/><a href="https://raw.githubusercontent.com/LGRSV/vera-vegetacao/main/fotos/Enecol-Centro/VER20260915152042072128883F1.jpg">Foto</a>]]></description><Point><coordinates>-48.4069983,-9.5683883,0</coordinates></Point></Placemark>
<Placemark><name>V20260915152532907367063 — Outros</name><description><![CDATA[Espécie: Outros<br/>Poste: 145369<br/>Área: URBANO<br/>Altura: 5 m · DAP: 55 cm<br/>Dist. BT/MT/AT: 50/300/0 cm<br/>Equipe: Enecol Centro · 15/09/2026, 15:25:31<br/><a href="https://raw.githubusercontent.com/LGRSV/vera-vegetacao/main/fotos/Enecol-Centro/VER20260915152532907367063F1.jpg">Foto</a>]]></description><Point><coordinates>-48.40669,-9.571815,0</coordinates></Point></Placemark>
<Placemark><name>V20260915152702620595702 — Outros</name><description><![CDATA[Espécie: Outros<br/>Poste: 40088825<br/>Área: URBANO<br/>Altura: 3.5 m · DAP: 85 cm<br/>Dist. BT/MT/AT: 100/300/0 cm<br/>Equipe: Enecol Centro · 15/09/2026, 15:27:01<br/><a href="https://raw.githubusercontent.com/LGRSV/vera-vegetacao/main/fotos/Enecol-Centro/VER20260915152702620595702F1.jpg">Foto</a>]]></description><Point><coordinates>-48.4064833,-9.57205,0</coordinates></Point></Placemark>
<Placemark><name>V20260915152843836201621 — Outros</name><description><![CDATA[Espécie: Outros<br/>Poste: 40088810<br/>Área: URBANO<br/>Altura: 9.5 m · DAP: 140 cm<br/>Dist. BT/MT/AT: 0/50/0 cm<br/>Equipe: Enecol Centro · 15/09/2026, 15:28:42<br/><a href="https://raw.githubusercontent.com/LGRSV/vera-vegetacao/main/fotos/Enecol-Centro/VER20260915152843836201621F1.jpg">Foto</a>]]></description><Point><coordinates>-48.4061,-9.57246,0</coordinates></Point></Placemark>
<Placemark><name>V20260915153012895007126 — Outros</name><description><![CDATA[Espécie: Outros<br/>Poste: 40088810<br/>Área: URBANO<br/>Altura: 7 m · DAP: 75 cm<br/>Dist. BT/MT/AT: 0/50/0 cm<br/>Equipe: Enecol Centro · 15/09/2026, 15:30:11<br/><a href="https://raw.githubusercontent.com/LGRSV/vera-vegetacao/main/fotos/Enecol-Centro/VER20260915153012895007126F1.jpg">Foto</a>]]></description><Point><coordinates>-48.4060067,-9.5725267,0</coordinates></Point></Placemark>
<Placemark><name>V20260915153142091504281 — Outros</name><description><![CDATA[Espécie: Outros<br/>Poste: 145366<br/>Área: URBANO<br/>Altura: 8 m · DAP: 115 cm<br/>Dist. BT/MT/AT: 0/100/0 cm<br/>Equipe: Enecol Centro · 15/09/2026, 15:31:41<br/><a href="https://raw.githubusercontent.com/LGRSV/vera-vegetacao/main/fotos/Enecol-Centro/VER20260915153142091504281F1.jpg">Foto</a>]]></description><Point><coordinates>-48.4058317,-9.5727467,0</coordinates></Point></Placemark>
<Placemark><name>V20260915153426896071522 — Outros</name><description><![CDATA[Espécie: Outros<br/>Poste: 145380<br/>Área: URBANO<br/>Altura: 5 m · DAP: 95 cm<br/>Dist. BT/MT/AT: 250/300/0 cm<br/>Equipe: Enecol Centro · 15/09/2026, 15:34:26<br/><a href="https://raw.githubusercontent.com/LGRSV/vera-vegetacao/main/fotos/Enecol-Centro/VER20260915153426896071522F1.jpg">Foto</a>]]></description><Point><coordinates>-48.4065333,-9.5736083,0</coordinates></Point></Placemark>
<Placemark><name>V20260915153806723013446 — Outros</name><description><![CDATA[Espécie: Outros<br/>Poste: 145441<br/>Área: URBANO<br/>Altura: 5.5 m · DAP: 85 cm<br/>Dist. BT/MT/AT: 100/300/0 cm<br/>Equipe: Enecol Centro · 15/09/2026, 15:38:05<br/><a href="https://raw.githubusercontent.com/LGRSV/vera-vegetacao/main/fotos/Enecol-Centro/VER20260915153806723013446F1.jpg">Foto</a>]]></description><Point><coordinates>-48.4046017,-9.57407,0</coordinates></Point></Placemark>
<Placemark><name>V20260915154034722146671 — Outros</name><description><![CDATA[Espécie: Outros<br/>Poste: 145440<br/>Área: URBANO<br/>Altura: 5.5 m · DAP: 95 cm<br/>Dist. BT/MT/AT: 300/300/0 cm<br/>Equipe: Enecol Centro · 15/09/2026, 15:40:33<br/><a href="https://raw.githubusercontent.com/LGRSV/vera-vegetacao/main/fotos/Enecol-Centro/VER20260915154034722146671F1.jpg">Foto</a>]]></description><Point><coordinates>-48.404195,-9.57444,0</coordinates></Point></Placemark>
<Placemark><name>V20260915154239369704586 — Outros</name><description><![CDATA[Espécie: Outros<br/>Poste: 145446<br/>Área: URBANO<br/>Altura: 7.5 m · DAP: 70 cm<br/>Dist. BT/MT/AT: 0/200/0 cm<br/>Equipe: Enecol Centro · 15/09/2026, 15:42:38<br/><a href="https://raw.githubusercontent.com/LGRSV/vera-vegetacao/main/fotos/Enecol-Centro/VER20260915154239369704586F1.jpg">Foto</a>]]></description><Point><coordinates>-48.4036667,-9.57512,0</coordinates></Point></Placemark>
<Placemark><name>V20260915154401063819177 — Mangueira</name><description><![CDATA[Espécie: Mangueira<br/>Poste: 145447<br/>Área: URBANO<br/>Altura: 3.5 m · DAP: 85 cm<br/>Dist. BT/MT/AT: 300/300/ cm<br/>Equipe: Enecol Centro · 15/09/2026, 15:44:00<br/><a href="https://raw.githubusercontent.com/LGRSV/vera-vegetacao/main/fotos/Enecol-Centro/VER20260915154401063819177F1.jpg">Foto</a>]]></description><Point><coordinates>-48.403605,-9.5752,0</coordinates></Point></Placemark>
<Placemark><name>V20260915154524640016199 — Outros</name><description><![CDATA[Espécie: Outros<br/>Poste: 145448<br/>Área: URBANO<br/>Altura: 7 m · DAP: 85 cm<br/>Dist. BT/MT/AT: 200/300/0 cm<br/>Equipe: Enecol Centro · 15/09/2026, 15:45:23<br/><a href="https://raw.githubusercontent.com/LGRSV/vera-vegetacao/main/fotos/Enecol-Centro/VER20260915154524640016199F1.jpg">Foto</a>]]></description><Point><coordinates>-48.4033983,-9.575425,0</coordinates></Point></Placemark>
<Placemark><name>V20260915154659039589035 — Outros</name><description><![CDATA[Espécie: Outros<br/>Poste: 145449<br/>Área: URBANO<br/>Altura: 5.5 m · DAP: 60 cm<br/>Dist. BT/MT/AT: 250/300/0 cm<br/>Equipe: Enecol Centro · 15/09/2026, 15:46:58<br/><a href="https://raw.githubusercontent.com/LGRSV/vera-vegetacao/main/fotos/Enecol-Centro/VER20260915154659039589035F1.jpg">Foto</a>]]></description><Point><coordinates>-48.403155,-9.57567,0</coordinates></Point></Placemark>
<Placemark><name>V20260915154912432497889 — Outros</name><description><![CDATA[Espécie: Outros<br/>Poste: 145452<br/>Área: URBANO<br/>Altura: 10.5 m · DAP: 185 cm<br/>Dist. BT/MT/AT: 0/50/0 cm<br/>Equipe: Enecol Centro · 15/09/2026, 15:49:11<br/><a href="https://raw.githubusercontent.com/LGRSV/vera-vegetacao/main/fotos/Enecol-Centro/VER20260915154912432497889F1.jpg">Foto</a>]]></description><Point><coordinates>-48.402475,-9.5763933,0</coordinates></Point></Placemark>
<Placemark><name>V20260915155254342662607 — Outros</name><description><![CDATA[Espécie: Outros<br/>Poste: 145519<br/>Área: URBANO<br/>Altura: 8.5 m · DAP: 70 cm<br/>Dist. BT/MT/AT: 0/150/0 cm<br/>Equipe: Enecol Centro · 15/09/2026, 15:52:53<br/><a href="https://raw.githubusercontent.com/LGRSV/vera-vegetacao/main/fotos/Enecol-Centro/VER20260915155254342662607F1.jpg">Foto</a>]]></description><Point><coordinates>-48.40372,-9.5748233,0</coordinates></Point></Placemark>
<Placemark><name>V20260915155510778885491 — Outros</name><description><![CDATA[Espécie: Outros<br/>Poste: 145293<br/>Área: URBANO<br/>Altura: 8 m · DAP: 90 cm<br/>Dist. BT/MT/AT: 0/200/0 cm<br/>Equipe: Enecol Centro · 15/09/2026, 15:55:09<br/><a href="https://raw.githubusercontent.com/LGRSV/vera-vegetacao/main/fotos/Enecol-Centro/VER20260915155510778885491F1.jpg">Foto</a>]]></description><Point><coordinates>-48.4030417,-9.5741783,0</coordinates></Point></Placemark>
<Placemark><name>V20260915155715497481769 — Outros</name><description><![CDATA[Espécie: Outros<br/>Poste: 145290<br/>Área: URBANO<br/>Altura: 5 m · DAP: 60 cm<br/>Dist. BT/MT/AT: 250/300/0 cm<br/>Equipe: Enecol Centro · 15/09/2026, 15:57:14<br/><a href="https://raw.githubusercontent.com/LGRSV/vera-vegetacao/main/fotos/Enecol-Centro/VER20260915155715497481769F1.jpg">Foto</a>]]></description><Point><coordinates>-48.4022533,-9.5734617,0</coordinates></Point></Placemark>
<Placemark><name>V20260915155926198119470 — Outros</name><description><![CDATA[Espécie: Outros<br/>Poste: 145288<br/>Área: URBANO<br/>Altura: 3 m · DAP: 45 cm<br/>Dist. BT/MT/AT: 300/300/0 cm<br/>Equipe: Enecol Centro · 15/09/2026, 15:59:25<br/><a href="https://raw.githubusercontent.com/LGRSV/vera-vegetacao/main/fotos/Enecol-Centro/VER20260915155926198119470F1.jpg">Foto</a>]]></description><Point><coordinates>-48.4017317,-9.5729417,0</coordinates></Point></Placemark>
<Placemark><name>V20260915160345972224506 — Outros</name><description><![CDATA[Espécie: Outros<br/>Poste: 942520<br/>Área: URBANO<br/>Altura: 5.5 m · DAP: 90 cm<br/>Dist. BT/MT/AT: 300/300/0 cm<br/>Equipe: Enecol Centro · 15/09/2026, 16:03:44<br/><a href="https://raw.githubusercontent.com/LGRSV/vera-vegetacao/main/fotos/Enecol-Centro/VER20260915160345972224506F1.jpg">Foto</a>]]></description><Point><coordinates>-48.403085,-9.57336,0</coordinates></Point></Placemark>
<Placemark><name>V20260915160521334156909 — Outros</name><description><![CDATA[Espécie: Outros<br/>Poste: 528300<br/>Área: URBANO<br/>Altura: 7 m · DAP: 80 cm<br/>Dist. BT/MT/AT: 0/150/0 cm<br/>Equipe: Enecol Centro · 15/09/2026, 16:05:20<br/><a href="https://raw.githubusercontent.com/LGRSV/vera-vegetacao/main/fotos/Enecol-Centro/VER20260915160521334156909F1.jpg">Foto</a>]]></description><Point><coordinates>-48.4036267,-9.572735,0</coordinates></Point></Placemark>
<Placemark><name>V20260915160700632624157 — Outros</name><description><![CDATA[Espécie: Outros<br/>Poste: 528301<br/>Área: URBANO<br/>Altura: 7 m · DAP: 90 cm<br/>Dist. BT/MT/AT: 0/300/0 cm<br/>Equipe: Enecol Centro · 15/09/2026, 16:06:59<br/><a href="https://raw.githubusercontent.com/LGRSV/vera-vegetacao/main/fotos/Enecol-Centro/VER20260915160700632624157F1.jpg">Foto</a>]]></description><Point><coordinates>-48.4039817,-9.5724017,0</coordinates></Point></Placemark>
<Placemark><name>V20260915161006535914774 — Outros</name><description><![CDATA[Espécie: Outros<br/>Poste: 145438<br/>Área: URBANO<br/>Altura: 8 m · DAP: 75 cm<br/>Dist. BT/MT/AT: 0/0/0 cm<br/>Equipe: Enecol Centro · 15/09/2026, 16:10:05<br/><a href="https://raw.githubusercontent.com/LGRSV/vera-vegetacao/main/fotos/Enecol-Centro/VER20260915161006535914774F1.jpg">Foto</a>]]></description><Point><coordinates>-48.4049,-9.574825,0</coordinates></Point></Placemark>
<Placemark><name>V20260915161130854050620 — Outros</name><description><![CDATA[Espécie: Outros<br/>Poste: 145438<br/>Área: URBANO<br/>Altura:  m · DAP: 65 cm<br/>Dist. BT/MT/AT: 0/300/0 cm<br/>Equipe: Enecol Centro · 15/09/2026, 16:11:29<br/><a href="https://raw.githubusercontent.com/LGRSV/vera-vegetacao/main/fotos/Enecol-Centro/VER20260915161130854050620F1.jpg">Foto</a>]]></description><Point><coordinates>-48.4048917,-9.57492,0</coordinates></Point></Placemark>
<Placemark><name>V20260915161334520533367 — Outros</name><description><![CDATA[Espécie: Outros<br/>Poste: 145433<br/>Área: URBANO<br/>Altura: 7 m · DAP: 125 cm<br/>Dist. BT/MT/AT: 100/300/0 cm<br/>Equipe: Enecol Centro · 15/09/2026, 16:13:33<br/><a href="https://raw.githubusercontent.com/LGRSV/vera-vegetacao/main/fotos/Enecol-Centro/VER20260915161334520533367F1.jpg">Foto</a>]]></description><Point><coordinates>-48.4064067,-9.5762183,0</coordinates></Point></Placemark>
<Placemark><name>V20260915162011634242178 — Outros</name><description><![CDATA[Espécie: Outros<br/>Poste: 1825732<br/>Área: URBANO<br/>Altura: 8 m · DAP: 100 cm<br/>Dist. BT/MT/AT: 200/250/0 cm<br/>Equipe: Enecol Centro · 15/09/2026, 16:20:10<br/><a href="https://raw.githubusercontent.com/LGRSV/vera-vegetacao/main/fotos/Enecol-Centro/VER20260915162011634242178F1.jpg">Foto</a>]]></description><Point><coordinates>-48.4065783,-9.5789883,0</coordinates></Point></Placemark>
<Placemark><name>V20260915162351047489442 — Pequi</name><description><![CDATA[Espécie: Pequi<br/>Poste: 1088776<br/>Área: URBANO<br/>Altura: 8 m · DAP: 95 cm<br/>Dist. BT/MT/AT: 300/300/0 cm<br/>Equipe: Enecol Centro · 15/09/2026, 16:23:50<br/><a href="https://raw.githubusercontent.com/LGRSV/vera-vegetacao/main/fotos/Enecol-Centro/VER20260915162351047489442F1.jpg">Foto</a>]]></description><Point><coordinates>-48.4070667,-9.582145,0</coordinates></Point></Placemark>
<Placemark><name>V20260915163427237430146 — Outros</name><description><![CDATA[Espécie: Outros<br/>Poste: 1088770<br/>Área: URBANO<br/>Altura: 9 m · DAP: 90 cm<br/>Dist. BT/MT/AT: 150/50/0 cm<br/>Equipe: Enecol Centro · 15/09/2026, 16:34:26<br/><a href="https://raw.githubusercontent.com/LGRSV/vera-vegetacao/main/fotos/Enecol-Centro/VER20260915163427237430146F1.jpg">Foto</a>]]></description><Point><coordinates>-48.4075783,-9.5820917,0</coordinates></Point></Placemark>
<Placemark><name>V20260915163558654376390 — Outros</name><description><![CDATA[Espécie: Outros<br/>Poste: 1088508<br/>Área: URBANO<br/>Altura: 6.5 m · DAP: 90 cm<br/>Dist. BT/MT/AT: 300/300/0 cm<br/>Equipe: Enecol Centro · 15/09/2026, 16:35:57<br/><a href="https://raw.githubusercontent.com/LGRSV/vera-vegetacao/main/fotos/Enecol-Centro/VER20260915163558654376390F1.jpg">Foto</a>]]></description><Point><coordinates>-48.4080333,-9.582045,0</coordinates></Point></Placemark>
<Placemark><name>V20260915164159560112274 — Outros</name><description><![CDATA[Espécie: Outros<br/>Poste: 145374<br/>Área: URBANO<br/>Altura: 10 m · DAP:  cm<br/>Dist. BT/MT/AT: 50/0/0 cm<br/>Equipe: Enecol Centro · 15/09/2026, 16:41:58<br/><a href="https://raw.githubusercontent.com/LGRSV/vera-vegetacao/main/fotos/Enecol-Centro/VER20260915164159560112274F1.jpg">Foto</a>]]></description><Point><coordinates>-48.4088067,-9.5717067,0</coordinates></Point></Placemark>
<Placemark><name>V20260915164601716535788 — Outros</name><description><![CDATA[Espécie: Outros<br/>Poste: 145354<br/>Área: URBANO<br/>Altura: 5 m · DAP: 65 cm<br/>Dist. BT/MT/AT: 300/300/0 cm<br/>Equipe: Enecol Centro · 15/09/2026, 16:46:00<br/><a href="https://raw.githubusercontent.com/LGRSV/vera-vegetacao/main/fotos/Enecol-Centro/VER20260915164601716535788F1.jpg">Foto</a>]]></description><Point><coordinates>-48.40935,-9.57085,0</coordinates></Point></Placemark>
<Placemark><name>V20260915164747141063789 — Outros</name><description><![CDATA[Espécie: Outros<br/>Poste: 145364<br/>Área: URBANO<br/>Altura: 4 m · DAP: 60 cm<br/>Dist. BT/MT/AT: 300/300/0 cm<br/>Equipe: Enecol Centro · 15/09/2026, 16:47:46<br/><a href="https://raw.githubusercontent.com/LGRSV/vera-vegetacao/main/fotos/Enecol-Centro/VER20260915164747141063789F1.jpg">Foto</a>]]></description><Point><coordinates>-48.410045,-9.5714517,0</coordinates></Point></Placemark>
<Placemark><name>V20260915164916836390225 — Cajueiro</name><description><![CDATA[Espécie: Cajueiro<br/>Poste: 145363<br/>Área: URBANO<br/>Altura: 9 m · DAP: 140 cm<br/>Dist. BT/MT/AT: 0/200/0 cm<br/>Equipe: Enecol Centro · 15/09/2026, 16:49:15<br/><a href="https://raw.githubusercontent.com/LGRSV/vera-vegetacao/main/fotos/Enecol-Centro/VER20260915164916836390225F1.jpg">Foto</a>]]></description><Point><coordinates>-48.410425,-9.5720017,0</coordinates></Point></Placemark>
<Placemark><name>V20260915165105931385131 — Outros</name><description><![CDATA[Espécie: Outros<br/>Poste: 145362<br/>Área: URBANO<br/>Altura: 6.5 m · DAP: 85 cm<br/>Dist. BT/MT/AT: 200/300/0 cm<br/>Equipe: Enecol Centro · 15/09/2026, 16:51:04<br/><a href="https://raw.githubusercontent.com/LGRSV/vera-vegetacao/main/fotos/Enecol-Centro/VER20260915165105931385131F1.jpg">Foto</a>]]></description><Point><coordinates>-48.4106683,-9.5724333,0</coordinates></Point></Placemark>
<Placemark><name>V20260915165227836942633 — Outros</name><description><![CDATA[Espécie: Outros<br/>Poste: 145361<br/>Área: URBANO<br/>Altura: 7 m · DAP: 90 cm<br/>Dist. BT/MT/AT: 100/300/0 cm<br/>Equipe: Enecol Centro · 15/09/2026, 16:52:26<br/><a href="https://raw.githubusercontent.com/LGRSV/vera-vegetacao/main/fotos/Enecol-Centro/VER20260915165227836942633F1.jpg">Foto</a>]]></description><Point><coordinates>-48.4109733,-9.5728633,0</coordinates></Point></Placemark>
<Placemark><name>V20260915165610615026863 — Outros</name><description><![CDATA[Espécie: Outros<br/>Poste: 145353<br/>Área: URBANO<br/>Altura: 5.5 m · DAP: 60 cm<br/>Dist. BT/MT/AT: 200/300/0 cm<br/>Equipe: Enecol Centro · 15/09/2026, 16:56:09<br/><a href="https://raw.githubusercontent.com/LGRSV/vera-vegetacao/main/fotos/Enecol-Centro/VER20260915165610615026863F1.jpg">Foto</a>]]></description><Point><coordinates>-48.40998,-9.5706633,0</coordinates></Point></Placemark>
</Document></kml>
