{"t1":[[[-46.40833,-12.71809],[-46.40831,-12.71803]],[[-46.40831,-12.71803],[-46.40829,-12.71801]],[[-46.40831,-12.71803],[-46.40831,-12.71802]],[[-46.40831,-12.71802],[-46.4083,-12.718]],[[-46.40827,-12.71791],[-46.40828,-12.71787]],[[-46.40829,-12.71797],[-46.40827,-12.71791]],[[-46.4083,-12.718],[-46.40829,-12.71797]],[[-46.40829,-12.71797],[-46.40829,-12.71801]]],"t2":[[[-46.40826,-12.71791],[-46.40824,-12.7179]],[[-46.40824,-12.7179],[-46.40824,-12.71789]],[[-46.40814,-12.71749],[-46.40812,-12.71746]],[[-46.40817,-12.71766],[-46.40814,-12.71749]],[[-46.40818,-12.71769],[-46.40817,-12.71766]],[[-46.40824,-12.71786],[-46.40818,-12.71769]],[[-46.40824,-12.71786],[-46.40828,-12.71787]],[[-46.40824,-12.71788],[-46.40824,-12.71786]],[[-46.40814,-12.71749],[-46.40814,-12.71747]],[[-46.40813,-12.71743],[-46.40812,-12.71746]],[[-46.40813,-12.71743],[-46.40814,-12.7161]],[[-46.40814,-12.71747],[-46.40813,-12.71743]],[[-46.40814,-12.7161],[-46.40814,-12.71607]],[[-46.40814,-12.71607],[-46.40834,-12.71552]],[[-46.40834,-12.71552],[-46.40838,-12.71542]],[[-46.40834,-12.71552],[-46.40821,-12.71548]],[[-46.40834,-12.71552],[-46.40847,-12.71556]],[[-46.40862,-12.71477],[-46.40848,-12.71477]],[[-46.40862,-12.71477],[-46.40874,-12.71445]],[[-46.40839,-12.71539],[-46.40862,-12.71477]],[[-46.40874,-12.71445],[-46.40928,-12.7128]],[[-46.40928,-12.7128],[-46.40936,-12.71254]],[[-46.40936,-12.71254],[-46.40937,-12.71251]],[[-46.40937,-12.71251],[-46.41034,-12.71269]],[[-46.41034,-12.71269],[-46.41036,-12.71269]],[[-46.41036,-12.71269],[-46.41036,-12.71234]],[[-46.41036,-12.71269],[-46.41036,-12.7128]],[[-46.41036,-12.7128],[-46.41036,-12.71299]],[[-46.41036,-12.7128],[-46.41245,-12.71325]],[[-46.41036,-12.7128],[-46.4103,-12.71279]],[[-46.40547,-12.71467],[-46.40488,-12.71451]],[[-46.40488,-12.71451],[-46.40492,-12.71464]],[[-46.40488,-12.71451],[-46.40438,-12.71326]],[[-46.40488,-12.71451],[-46.40484,-12.71454]],[[-46.40817,-12.71547],[-46.40547,-12.71467]],[[-46.40438,-12.71326],[-46.40452,-12.71324]],[[-46.40438,-12.71326],[-46.40436,-12.71321]],[[-46.40438,-12.71326],[-46.40327,-12.71366]],[[-46.40452,-12.71324],[-46.40453,-12.71324]],[[-46.40327,-12.71366],[-46.40298,-12.71377]],[[-46.40453,-12.71324],[-46.40399,-12.71194]],[[-46.40399,-12.71194],[-46.40397,-12.71189]],[[-46.40399,-12.71194],[-46.40393,-12.71197]],[[-46.40399,-12.71194],[-46.40461,-12.71153]],[[-46.40461,-12.71153],[-46.4046,-12.71152]],[[-46.40461,-12.71153],[-46.40506,-12.71143]],[[-46.4046,-12.71152],[-46.40393,-12.71104]],[[-46.41225,-12.71388],[-46.41218,-12.7141]],[[-46.41225,-12.71388],[-46.41215,-12.71387]],[[-46.41225,-12.71388],[-46.41239,-12.7139]],[[-46.41244,-12.71327],[-46.41225,-12.71388]],[[-46.41239,-12.7139],[-46.41242,-12.7139]],[[-46.41242,-12.7139],[-46.41455,-12.71356]],[[-46.41455,-12.71356],[-46.41486,-12.71352]],[[-46.41038,-12.71199],[-46.41036,-12.71196]],[[-46.41036,-12.71196],[-46.40894,-12.71159]],[[-46.41036,-12.71231],[-46.41038,-12.71199]],[[-46.40894,-12.71159],[-46.40876,-12.71155]],[[-46.40874,-12.71444],[-46.40952,-12.71464]],[[-46.3987,-12.7142],[-46.39833,-12.7143]],[[-46.40287,-12.71382],[-46.3987,-12.7142]],[[-46.40287,-12.71382],[-46.4029,-12.71391]],[[-46.40287,-12.71382],[-46.40272,-12.71387]],[[-46.40297,-12.71378],[-46.40287,-12.71382]],[[-46.40862,-12.71151],[-46.40864,-12.71148]],[[-46.40862,-12.71151],[-46.40838,-12.71191]],[[-46.40875,-12.71154],[-46.40862,-12.71151]],[[-46.40862,-12.71151],[-46.40594,-12.71067]],[[-46.40594,-12.71067],[-46.40513,-12.71033]],[[-46.40513,-12.71033],[-46.4051,-12.71032]],[[-46.4051,-12.71032],[-46.40431,-12.70999]],[[-46.40431,-12.70999],[-46.40428,-12.71]],[[-46.40428,-12.71],[-46.40415,-12.71019]],[[-46.40952,-12.71464],[-46.40951,-12.71471]],[[-46.40865,-12.71144],[-46.40906,-12.71009]],[[-46.40364,-12.71084],[-46.40249,-12.71005]],[[-46.40249,-12.71005],[-46.40225,-12.70989]],[[-46.40364,-12.71084],[-46.4039,-12.71102]],[[-46.40383,-12.71059],[-46.40364,-12.71084]],[[-46.40364,-12.71084],[-46.40354,-12.71099]],[[-46.40413,-12.71021],[-46.40383,-12.71059]],[[-46.40576,-12.70817],[-46.40577,-12.70813]],[[-46.40576,-12.70817],[-46.40562,-12.70821]],[[-46.40552,-12.70915],[-46.40576,-12.70817]],[[-46.40576,-12.70817],[-46.40679,-12.7078]],[[-46.40552,-12.70915],[-46.40529,-12.70908]],[[-46.40552,-12.70915],[-46.40552,-12.70918]],[[-46.40635,-12.7094],[-46.40552,-12.70915]],[[-46.40679,-12.7078],[-46.40678,-12.70778]],[[-46.40679,-12.7078],[-46.40704,-12.7077]],[[-46.40634,-12.70942],[-46.40635,-12.7094]],[[-46.40635,-12.7094],[-46.40663,-12.70949]],[[-46.40678,-12.70778],[-46.40648,-12.70721]],[[-46.40619,-12.70988],[-46.40634,-12.70942]],[[-46.40648,-12.70721],[-46.40634,-12.70693]],[[-46.40595,-12.71065],[-46.40619,-12.70988]]]}