<?xml version="1.0" encoding="UTF-8"?>
<kml xmlns="http://www.opengis.net/kml/2.2"><Document>
<name>SE-2PDA — Pedro Afonso: pipeline T1/T2 + perimetro urbano</name>
<Style id="stPerim"><LineStyle><color>ff0000ff</color><width>2.5</width></LineStyle><PolyStyle><fill>0</fill></PolyStyle></Style>
<Style id="stPoste"><IconStyle><scale>0.5</scale><color>ffff0000</color><Icon><href>http://maps.google.com/mapfiles/kml/paddle/wht-circle.png</href></Icon></IconStyle><LabelStyle><scale>0</scale></LabelStyle></Style>
<Style id="stChave"><IconStyle><scale>0.7</scale><Icon><href>http://maps.google.com/mapfiles/kml/paddle/wht-circle.png</href></Icon></IconStyle></Style>
<Style id="stAL01065015"><LineStyle><color>ff40ff00</color><width>2.4</width></LineStyle></Style>
<Style id="stAL02065015"><LineStyle><color>ff808040</color><width>2.4</width></LineStyle></Style>
<Style id="stLD01065015"><LineStyle><color>ff0080ff</color><width>2.4</width></LineStyle></Style>
<Style id="stLD02065015"><LineStyle><color>ff80ffff</color><width>2.4</width></LineStyle></Style>
<Folder><name>SE_2PDA</name><Placemark><name>2PDA</name><description>SE PEDRO AFONSO</description><Point><coordinates>-48.175458,-8.978758,0</coordinates></Point></Placemark></Folder>
<Folder><name>Perimetro urbano (aprox. por densidade)</name>
<Placemark><styleUrl>#stPerim</styleUrl><LineString><coordinates>-48.184000,-9.018000,0 -48.182000,-9.018000,0</coordinates></LineString></Placemark>
<Placemark><styleUrl>#stPerim</styleUrl><LineString><coordinates>-48.184000,-9.018000,0 -48.184000,-9.016000,0</coordinates></LineString></Placemark>
<Placemark><styleUrl>#stPerim</styleUrl><LineString><coordinates>-48.182000,-9.018000,0 -48.180000,-9.018000,0</coordinates></LineString></Placemark>
<Placemark><styleUrl>#stPerim</styleUrl><LineString><coordinates>-48.180000,-9.018000,0 -48.178000,-9.018000,0</coordinates></LineString></Placemark>
<Placemark><styleUrl>#stPerim</styleUrl><LineString><coordinates>-48.178000,-9.018000,0 -48.176000,-9.018000,0</coordinates></LineString></Placemark>
<Placemark><styleUrl>#stPerim</styleUrl><LineString><coordinates>-48.176000,-9.018000,0 -48.174000,-9.018000,0</coordinates></LineString></Placemark>
<Placemark><styleUrl>#stPerim</styleUrl><LineString><coordinates>-48.174000,-9.018000,0 -48.172000,-9.018000,0</coordinates></LineString></Placemark>
<Placemark><styleUrl>#stPerim</styleUrl><LineString><coordinates>-48.172000,-9.018000,0 -48.170000,-9.018000,0</coordinates></LineString></Placemark>
<Placemark><styleUrl>#stPerim</styleUrl><LineString><coordinates>-48.170000,-9.018000,0 -48.168000,-9.018000,0</coordinates></LineString></Placemark>
<Placemark><styleUrl>#stPerim</styleUrl><LineString><coordinates>-48.168000,-9.018000,0 -48.168000,-9.016000,0</coordinates></LineString></Placemark>
<Placemark><styleUrl>#stPerim</styleUrl><LineString><coordinates>-48.184000,-9.016000,0 -48.184000,-9.014000,0</coordinates></LineString></Placemark>
<Placemark><styleUrl>#stPerim</styleUrl><LineString><coordinates>-48.168000,-9.016000,0 -48.168000,-9.014000,0</coordinates></LineString></Placemark>
<Placemark><styleUrl>#stPerim</styleUrl><LineString><coordinates>-48.184000,-9.012000,0 -48.182000,-9.012000,0</coordinates></LineString></Placemark>
<Placemark><styleUrl>#stPerim</styleUrl><LineString><coordinates>-48.184000,-9.014000,0 -48.184000,-9.012000,0</coordinates></LineString></Placemark>
<Placemark><styleUrl>#stPerim</styleUrl><LineString><coordinates>-48.182000,-9.012000,0 -48.180000,-9.012000,0</coordinates></LineString></Placemark>
<Placemark><styleUrl>#stPerim</styleUrl><LineString><coordinates>-48.180000,-9.012000,0 -48.178000,-9.012000,0</coordinates></LineString></Placemark>
<Placemark><styleUrl>#stPerim</styleUrl><LineString><coordinates>-48.178000,-9.012000,0 -48.176000,-9.012000,0</coordinates></LineString></Placemark>
<Placemark><styleUrl>#stPerim</styleUrl><LineString><coordinates>-48.176000,-9.012000,0 -48.174000,-9.012000,0</coordinates></LineString></Placemark>
<Placemark><styleUrl>#stPerim</styleUrl><LineString><coordinates>-48.174000,-9.012000,0 -48.172000,-9.012000,0</coordinates></LineString></Placemark>
<Placemark><styleUrl>#stPerim</styleUrl><LineString><coordinates>-48.168000,-9.014000,0 -48.168000,-9.012000,0</coordinates></LineString></Placemark>
<Placemark><styleUrl>#stPerim</styleUrl><LineString><coordinates>-48.172000,-9.012000,0 -48.172000,-9.010000,0</coordinates></LineString></Placemark>
<Placemark><styleUrl>#stPerim</styleUrl><LineString><coordinates>-48.168000,-9.012000,0 -48.166000,-9.012000,0</coordinates></LineString></Placemark>
<Placemark><styleUrl>#stPerim</styleUrl><LineString><coordinates>-48.166000,-9.012000,0 -48.166000,-9.010000,0</coordinates></LineString></Placemark>
<Placemark><styleUrl>#stPerim</styleUrl><LineString><coordinates>-48.174000,-9.010000,0 -48.172000,-9.010000,0</coordinates></LineString></Placemark>
<Placemark><styleUrl>#stPerim</styleUrl><LineString><coordinates>-48.174000,-9.010000,0 -48.174000,-9.008000,0</coordinates></LineString></Placemark>
<Placemark><styleUrl>#stPerim</styleUrl><LineString><coordinates>-48.166000,-9.010000,0 -48.166000,-9.008000,0</coordinates></LineString></Placemark>
<Placemark><styleUrl>#stPerim</styleUrl><LineString><coordinates>-48.180000,-9.008000,0 -48.178000,-9.008000,0</coordinates></LineString></Placemark>
<Placemark><styleUrl>#stPerim</styleUrl><LineString><coordinates>-48.180000,-9.008000,0 -48.180000,-9.006000,0</coordinates></LineString></Placemark>
<Placemark><styleUrl>#stPerim</styleUrl><LineString><coordinates>-48.178000,-9.008000,0 -48.176000,-9.008000,0</coordinates></LineString></Placemark>
<Placemark><styleUrl>#stPerim</styleUrl><LineString><coordinates>-48.176000,-9.008000,0 -48.174000,-9.008000,0</coordinates></LineString></Placemark>
<Placemark><styleUrl>#stPerim</styleUrl><LineString><coordinates>-48.166000,-9.008000,0 -48.166000,-9.006000,0</coordinates></LineString></Placemark>
<Placemark><styleUrl>#stPerim</styleUrl><LineString><coordinates>-48.180000,-9.006000,0 -48.180000,-9.004000,0</coordinates></LineString></Placemark>
<Placemark><styleUrl>#stPerim</styleUrl><LineString><coordinates>-48.166000,-9.006000,0 -48.166000,-9.004000,0</coordinates></LineString></Placemark>
<Placemark><styleUrl>#stPerim</styleUrl><LineString><coordinates>-48.156000,-9.006000,0 -48.154000,-9.006000,0</coordinates></LineString></Placemark>
<Placemark><styleUrl>#stPerim</styleUrl><LineString><coordinates>-48.156000,-9.006000,0 -48.156000,-9.004000,0</coordinates></LineString></Placemark>
<Placemark><styleUrl>#stPerim</styleUrl><LineString><coordinates>-48.154000,-9.006000,0 -48.152000,-9.006000,0</coordinates></LineString></Placemark>
<Placemark><styleUrl>#stPerim</styleUrl><LineString><coordinates>-48.152000,-9.006000,0 -48.150000,-9.006000,0</coordinates></LineString></Placemark>
<Placemark><styleUrl>#stPerim</styleUrl><LineString><coordinates>-48.150000,-9.006000,0 -48.148000,-9.006000,0</coordinates></LineString></Placemark>
<Placemark><styleUrl>#stPerim</styleUrl><LineString><coordinates>-48.148000,-9.006000,0 -48.148000,-9.004000,0</coordinates></LineString></Placemark>
<Placemark><styleUrl>#stPerim</styleUrl><LineString><coordinates>-48.180000,-9.002000,0 -48.178000,-9.002000,0</coordinates></LineString></Placemark>
<Placemark><styleUrl>#stPerim</styleUrl><LineString><coordinates>-48.180000,-9.004000,0 -48.180000,-9.002000,0</coordinates></LineString></Placemark>
<Placemark><styleUrl>#stPerim</styleUrl><LineString><coordinates>-48.166000,-9.004000,0 -48.164000,-9.004000,0</coordinates></LineString></Placemark>
<Placemark><styleUrl>#stPerim</styleUrl><LineString><coordinates>-48.164000,-9.004000,0 -48.162000,-9.004000,0</coordinates></LineString></Placemark>
<Placemark><styleUrl>#stPerim</styleUrl><LineString><coordinates>-48.162000,-9.004000,0 -48.162000,-9.002000,0</coordinates></LineString></Placemark>
<Placemark><styleUrl>#stPerim</styleUrl><LineString><coordinates>-48.158000,-9.004000,0 -48.156000,-9.004000,0</coordinates></LineString></Placemark>
<Placemark><styleUrl>#stPerim</styleUrl><LineString><coordinates>-48.158000,-9.004000,0 -48.158000,-9.002000,0</coordinates></LineString></Placemark>
<Placemark><styleUrl>#stPerim</styleUrl><LineString><coordinates>-48.148000,-9.004000,0 -48.148000,-9.002000,0</coordinates></LineString></Placemark>
<Placemark><styleUrl>#stPerim</styleUrl><LineString><coordinates>-48.178000,-9.002000,0 -48.178000,-9.000000,0</coordinates></LineString></Placemark>
<Placemark><styleUrl>#stPerim</styleUrl><LineString><coordinates>-48.162000,-9.002000,0 -48.160000,-9.002000,0</coordinates></LineString></Placemark>
<Placemark><styleUrl>#stPerim</styleUrl><LineString><coordinates>-48.160000,-9.002000,0 -48.160000,-9.000000,0</coordinates></LineString></Placemark>
<Placemark><styleUrl>#stPerim</styleUrl><LineString><coordinates>-48.158000,-9.002000,0 -48.158000,-9.000000,0</coordinates></LineString></Placemark>
<Placemark><styleUrl>#stPerim</styleUrl><LineString><coordinates>-48.148000,-9.002000,0 -48.148000,-9.000000,0</coordinates></LineString></Placemark>
<Placemark><styleUrl>#stPerim</styleUrl><LineString><coordinates>-48.178000,-8.998000,0 -48.176000,-8.998000,0</coordinates></LineString></Placemark>
<Placemark><styleUrl>#stPerim</styleUrl><LineString><coordinates>-48.178000,-9.000000,0 -48.178000,-8.998000,0</coordinates></LineString></Placemark>
<Placemark><styleUrl>#stPerim</styleUrl><LineString><coordinates>-48.160000,-9.000000,0 -48.158000,-9.000000,0</coordinates></LineString></Placemark>
<Placemark><styleUrl>#stPerim</styleUrl><LineString><coordinates>-48.150000,-8.998000,0 -48.148000,-8.998000,0</coordinates></LineString></Placemark>
<Placemark><styleUrl>#stPerim</styleUrl><LineString><coordinates>-48.148000,-9.000000,0 -48.148000,-8.998000,0</coordinates></LineString></Placemark>
<Placemark><styleUrl>#stPerim</styleUrl><LineString><coordinates>-48.176000,-8.998000,0 -48.176000,-8.996000,0</coordinates></LineString></Placemark>
<Placemark><styleUrl>#stPerim</styleUrl><LineString><coordinates>-48.150000,-8.998000,0 -48.150000,-8.996000,0</coordinates></LineString></Placemark>
<Placemark><styleUrl>#stPerim</styleUrl><LineString><coordinates>-48.176000,-8.996000,0 -48.176000,-8.994000,0</coordinates></LineString></Placemark>
<Placemark><styleUrl>#stPerim</styleUrl><LineString><coordinates>-48.152000,-8.994000,0 -48.150000,-8.994000,0</coordinates></LineString></Placemark>
<Placemark><styleUrl>#stPerim</styleUrl><LineString><coordinates>-48.150000,-8.996000,0 -48.150000,-8.994000,0</coordinates></LineString></Placemark>
<Placemark><styleUrl>#stPerim</styleUrl><LineString><coordinates>-48.176000,-8.994000,0 -48.176000,-8.992000,0</coordinates></LineString></Placemark>
<Placemark><styleUrl>#stPerim</styleUrl><LineString><coordinates>-48.154000,-8.992000,0 -48.152000,-8.992000,0</coordinates></LineString></Placemark>
<Placemark><styleUrl>#stPerim</styleUrl><LineString><coordinates>-48.152000,-8.994000,0 -48.152000,-8.992000,0</coordinates></LineString></Placemark>
<Placemark><styleUrl>#stPerim</styleUrl><LineString><coordinates>-48.176000,-8.992000,0 -48.176000,-8.990000,0</coordinates></LineString></Placemark>
<Placemark><styleUrl>#stPerim</styleUrl><LineString><coordinates>-48.154000,-8.992000,0 -48.154000,-8.990000,0</coordinates></LineString></Placemark>
<Placemark><styleUrl>#stPerim</styleUrl><LineString><coordinates>-48.176000,-8.990000,0 -48.176000,-8.988000,0</coordinates></LineString></Placemark>
<Placemark><styleUrl>#stPerim</styleUrl><LineString><coordinates>-48.158000,-8.988000,0 -48.156000,-8.988000,0</coordinates></LineString></Placemark>
<Placemark><styleUrl>#stPerim</styleUrl><LineString><coordinates>-48.156000,-8.988000,0 -48.154000,-8.988000,0</coordinates></LineString></Placemark>
<Placemark><styleUrl>#stPerim</styleUrl><LineString><coordinates>-48.154000,-8.990000,0 -48.154000,-8.988000,0</coordinates></LineString></Placemark>
<Placemark><styleUrl>#stPerim</styleUrl><LineString><coordinates>-48.176000,-8.988000,0 -48.176000,-8.986000,0</coordinates></LineString></Placemark>
<Placemark><styleUrl>#stPerim</styleUrl><LineString><coordinates>-48.162000,-8.986000,0 -48.160000,-8.986000,0</coordinates></LineString></Placemark>
<Placemark><styleUrl>#stPerim</styleUrl><LineString><coordinates>-48.160000,-8.986000,0 -48.158000,-8.986000,0</coordinates></LineString></Placemark>
<Placemark><styleUrl>#stPerim</styleUrl><LineString><coordinates>-48.158000,-8.988000,0 -48.158000,-8.986000,0</coordinates></LineString></Placemark>
<Placemark><styleUrl>#stPerim</styleUrl><LineString><coordinates>-48.176000,-8.986000,0 -48.176000,-8.984000,0</coordinates></LineString></Placemark>
<Placemark><styleUrl>#stPerim</styleUrl><LineString><coordinates>-48.162000,-8.986000,0 -48.162000,-8.984000,0</coordinates></LineString></Placemark>
<Placemark><styleUrl>#stPerim</styleUrl><LineString><coordinates>-48.176000,-8.984000,0 -48.176000,-8.982000,0</coordinates></LineString></Placemark>
<Placemark><styleUrl>#stPerim</styleUrl><LineString><coordinates>-48.162000,-8.984000,0 -48.162000,-8.982000,0</coordinates></LineString></Placemark>
<Placemark><styleUrl>#stPerim</styleUrl><LineString><coordinates>-48.178000,-8.982000,0 -48.176000,-8.982000,0</coordinates></LineString></Placemark>
<Placemark><styleUrl>#stPerim</styleUrl><LineString><coordinates>-48.178000,-8.982000,0 -48.178000,-8.980000,0</coordinates></LineString></Placemark>
<Placemark><styleUrl>#stPerim</styleUrl><LineString><coordinates>-48.162000,-8.982000,0 -48.162000,-8.980000,0</coordinates></LineString></Placemark>
<Placemark><styleUrl>#stPerim</styleUrl><LineString><coordinates>-48.180000,-8.980000,0 -48.178000,-8.980000,0</coordinates></LineString></Placemark>
<Placemark><styleUrl>#stPerim</styleUrl><LineString><coordinates>-48.180000,-8.980000,0 -48.180000,-8.978000,0</coordinates></LineString></Placemark>
<Placemark><styleUrl>#stPerim</styleUrl><LineString><coordinates>-48.162000,-8.980000,0 -48.162000,-8.978000,0</coordinates></LineString></Placemark>
<Placemark><styleUrl>#stPerim</styleUrl><LineString><coordinates>-48.180000,-8.978000,0 -48.180000,-8.976000,0</coordinates></LineString></Placemark>
<Placemark><styleUrl>#stPerim</styleUrl><LineString><coordinates>-48.164000,-8.976000,0 -48.162000,-8.976000,0</coordinates></LineString></Placemark>
<Placemark><styleUrl>#stPerim</styleUrl><LineString><coordinates>-48.162000,-8.978000,0 -48.162000,-8.976000,0</coordinates></LineString></Placemark>
<Placemark><styleUrl>#stPerim</styleUrl><LineString><coordinates>-48.180000,-8.976000,0 -48.180000,-8.974000,0</coordinates></LineString></Placemark>
<Placemark><styleUrl>#stPerim</styleUrl><LineString><coordinates>-48.166000,-8.974000,0 -48.164000,-8.974000,0</coordinates></LineString></Placemark>
<Placemark><styleUrl>#stPerim</styleUrl><LineString><coordinates>-48.164000,-8.976000,0 -48.164000,-8.974000,0</coordinates></LineString></Placemark>
<Placemark><styleUrl>#stPerim</styleUrl><LineString><coordinates>-48.180000,-8.974000,0 -48.180000,-8.972000,0</coordinates></LineString></Placemark>
<Placemark><styleUrl>#stPerim</styleUrl><LineString><coordinates>-48.166000,-8.974000,0 -48.166000,-8.972000,0</coordinates></LineString></Placemark>
<Placemark><styleUrl>#stPerim</styleUrl><LineString><coordinates>-48.180000,-8.972000,0 -48.180000,-8.970000,0</coordinates></LineString></Placemark>
<Placemark><styleUrl>#stPerim</styleUrl><LineString><coordinates>-48.166000,-8.972000,0 -48.166000,-8.970000,0</coordinates></LineString></Placemark>
<Placemark><styleUrl>#stPerim</styleUrl><LineString><coordinates>-48.162000,-8.972000,0 -48.160000,-8.972000,0</coordinates></LineString></Placemark>
<Placemark><styleUrl>#stPerim</styleUrl><LineString><coordinates>-48.162000,-8.972000,0 -48.162000,-8.970000,0</coordinates></LineString></Placemark>
<Placemark><styleUrl>#stPerim</styleUrl><LineString><coordinates>-48.160000,-8.972000,0 -48.158000,-8.972000,0</coordinates></LineString></Placemark>
<Placemark><styleUrl>#stPerim</styleUrl><LineString><coordinates>-48.158000,-8.972000,0 -48.156000,-8.972000,0</coordinates></LineString></Placemark>
<Placemark><styleUrl>#stPerim</styleUrl><LineString><coordinates>-48.156000,-8.972000,0 -48.156000,-8.970000,0</coordinates></LineString></Placemark>
<Placemark><styleUrl>#stPerim</styleUrl><LineString><coordinates>-48.180000,-8.970000,0 -48.180000,-8.968000,0</coordinates></LineString></Placemark>
<Placemark><styleUrl>#stPerim</styleUrl><LineString><coordinates>-48.172000,-8.968000,0 -48.170000,-8.968000,0</coordinates></LineString></Placemark>
<Placemark><styleUrl>#stPerim</styleUrl><LineString><coordinates>-48.166000,-8.970000,0 -48.164000,-8.970000,0</coordinates></LineString></Placemark>
<Placemark><styleUrl>#stPerim</styleUrl><LineString><coordinates>-48.164000,-8.970000,0 -48.162000,-8.970000,0</coordinates></LineString></Placemark>
<Placemark><styleUrl>#stPerim</styleUrl><LineString><coordinates>-48.156000,-8.970000,0 -48.154000,-8.970000,0</coordinates></LineString></Placemark>
<Placemark><styleUrl>#stPerim</styleUrl><LineString><coordinates>-48.154000,-8.970000,0 -48.154000,-8.968000,0</coordinates></LineString></Placemark>
<Placemark><styleUrl>#stPerim</styleUrl><LineString><coordinates>-48.180000,-8.966000,0 -48.178000,-8.966000,0</coordinates></LineString></Placemark>
<Placemark><styleUrl>#stPerim</styleUrl><LineString><coordinates>-48.180000,-8.968000,0 -48.180000,-8.966000,0</coordinates></LineString></Placemark>
<Placemark><styleUrl>#stPerim</styleUrl><LineString><coordinates>-48.172000,-8.968000,0 -48.172000,-8.966000,0</coordinates></LineString></Placemark>
<Placemark><styleUrl>#stPerim</styleUrl><LineString><coordinates>-48.170000,-8.968000,0 -48.170000,-8.966000,0</coordinates></LineString></Placemark>
<Placemark><styleUrl>#stPerim</styleUrl><LineString><coordinates>-48.154000,-8.968000,0 -48.154000,-8.966000,0</coordinates></LineString></Placemark>
<Placemark><styleUrl>#stPerim</styleUrl><LineString><coordinates>-48.178000,-8.964000,0 -48.176000,-8.964000,0</coordinates></LineString></Placemark>
<Placemark><styleUrl>#stPerim</styleUrl><LineString><coordinates>-48.178000,-8.966000,0 -48.178000,-8.964000,0</coordinates></LineString></Placemark>
<Placemark><styleUrl>#stPerim</styleUrl><LineString><coordinates>-48.176000,-8.964000,0 -48.174000,-8.964000,0</coordinates></LineString></Placemark>
<Placemark><styleUrl>#stPerim</styleUrl><LineString><coordinates>-48.174000,-8.964000,0 -48.172000,-8.964000,0</coordinates></LineString></Placemark>
<Placemark><styleUrl>#stPerim</styleUrl><LineString><coordinates>-48.172000,-8.966000,0 -48.170000,-8.966000,0</coordinates></LineString></Placemark>
<Placemark><styleUrl>#stPerim</styleUrl><LineString><coordinates>-48.156000,-8.964000,0 -48.154000,-8.964000,0</coordinates></LineString></Placemark>
<Placemark><styleUrl>#stPerim</styleUrl><LineString><coordinates>-48.154000,-8.966000,0 -48.154000,-8.964000,0</coordinates></LineString></Placemark>
<Placemark><styleUrl>#stPerim</styleUrl><LineString><coordinates>-48.172000,-8.964000,0 -48.172000,-8.962000,0</coordinates></LineString></Placemark>
<Placemark><styleUrl>#stPerim</styleUrl><LineString><coordinates>-48.156000,-8.964000,0 -48.156000,-8.962000,0</coordinates></LineString></Placemark>
<Placemark><styleUrl>#stPerim</styleUrl><LineString><coordinates>-48.172000,-8.960000,0 -48.170000,-8.960000,0</coordinates></LineString></Placemark>
<Placemark><styleUrl>#stPerim</styleUrl><LineString><coordinates>-48.172000,-8.962000,0 -48.172000,-8.960000,0</coordinates></LineString></Placemark>
<Placemark><styleUrl>#stPerim</styleUrl><LineString><coordinates>-48.170000,-8.960000,0 -48.168000,-8.960000,0</coordinates></LineString></Placemark>
<Placemark><styleUrl>#stPerim</styleUrl><LineString><coordinates>-48.156000,-8.962000,0 -48.156000,-8.960000,0</coordinates></LineString></Placemark>
<Placemark><styleUrl>#stPerim</styleUrl><LineString><coordinates>-48.168000,-8.960000,0 -48.168000,-8.958000,0</coordinates></LineString></Placemark>
<Placemark><styleUrl>#stPerim</styleUrl><LineString><coordinates>-48.156000,-8.960000,0 -48.156000,-8.958000,0</coordinates></LineString></Placemark>
<Placemark><styleUrl>#stPerim</styleUrl><LineString><coordinates>-48.168000,-8.956000,0 -48.166000,-8.956000,0</coordinates></LineString></Placemark>
<Placemark><styleUrl>#stPerim</styleUrl><LineString><coordinates>-48.168000,-8.958000,0 -48.168000,-8.956000,0</coordinates></LineString></Placemark>
<Placemark><styleUrl>#stPerim</styleUrl><LineString><coordinates>-48.166000,-8.956000,0 -48.164000,-8.956000,0</coordinates></LineString></Placemark>
<Placemark><styleUrl>#stPerim</styleUrl><LineString><coordinates>-48.156000,-8.958000,0 -48.156000,-8.956000,0</coordinates></LineString></Placemark>
<Placemark><styleUrl>#stPerim</styleUrl><LineString><coordinates>-48.164000,-8.954000,0 -48.162000,-8.954000,0</coordinates></LineString></Placemark>
<Placemark><styleUrl>#stPerim</styleUrl><LineString><coordinates>-48.164000,-8.956000,0 -48.164000,-8.954000,0</coordinates></LineString></Placemark>
<Placemark><styleUrl>#stPerim</styleUrl><LineString><coordinates>-48.162000,-8.954000,0 -48.160000,-8.954000,0</coordinates></LineString></Placemark>
<Placemark><styleUrl>#stPerim</styleUrl><LineString><coordinates>-48.160000,-8.954000,0 -48.158000,-8.954000,0</coordinates></LineString></Placemark>
<Placemark><styleUrl>#stPerim</styleUrl><LineString><coordinates>-48.158000,-8.954000,0 -48.156000,-8.954000,0</coordinates></LineString></Placemark>
<Placemark><styleUrl>#stPerim</styleUrl><LineString><coordinates>-48.156000,-8.956000,0 -48.156000,-8.954000,0</coordinates></LineString></Placemark>
</Folder>
<Folder><name>Circ_AL01065015 (92 trechos · 4.7 km · 21 chaves)</name><Folder><name>Chave</name>
<Placemark><name>DJ_AL01065015_FICT</name><styleUrl>#mapDaimonCorBranco</styleUrl><Point><coordinates>-48.175368,-8.978798,0</coordinates></Point></Placemark>
<Placemark><name>8801168015</name><styleUrl>#mapDaimonCorAzul</styleUrl><Point><coordinates>-48.174936,-8.978748,0</coordinates></Point></Placemark>
<Placemark><name>8800026015</name><styleUrl>#mapDaimonCorAzul</styleUrl><Point><coordinates>-48.174546,-8.978742,0</coordinates></Point></Placemark>
<Placemark><name>8801179015</name><styleUrl>#mapDaimonCorAzul</styleUrl><Point><coordinates>-48.173826,-8.981953,0</coordinates></Point></Placemark>
<Placemark><name>8800030015</name><styleUrl>#mapDaimonCorAzul</styleUrl><Point><coordinates>-48.173046,-8.981659,0</coordinates></Point></Placemark>
<Placemark><name>8821002015</name><styleUrl>#mapDaimonCorAzul</styleUrl><Point><coordinates>-48.170900,-8.981073,0</coordinates></Point></Placemark>
<Placemark><name>7931913015</name><styleUrl>#mapDaimonCorVerde</styleUrl><Point><coordinates>-48.172171,-8.986232,0</coordinates></Point></Placemark>
<Placemark><name>7931243015</name><styleUrl>#mapDaimonCorVerde</styleUrl><Point><coordinates>-48.170296,-8.980970,0</coordinates></Point></Placemark>
<Placemark><name>8837604015</name><styleUrl>#mapDaimonCorAzul</styleUrl><Point><coordinates>-48.175921,-8.994035,0</coordinates></Point></Placemark>
<Placemark><name>8837608015</name><styleUrl>#mapDaimonCorAzul</styleUrl><Point><coordinates>-48.172558,-8.992379,0</coordinates></Point></Placemark>
<Placemark><name>8838757015</name><styleUrl>#mapDaimonCorAzul</styleUrl><Point><coordinates>-48.168296,-8.980388,0</coordinates></Point></Placemark>
<Placemark><name>8801132015</name><styleUrl>#mapDaimonCorAzul</styleUrl><Point><coordinates>-48.167768,-8.997315,0</coordinates></Point></Placemark>
<Placemark><name>8800067015</name><styleUrl>#mapDaimonCorAzul</styleUrl><Point><coordinates>-48.167452,-8.985447,0</coordinates></Point></Placemark>
<Placemark><name>8800044015</name><styleUrl>#mapDaimonCorAzul</styleUrl><Point><coordinates>-48.166911,-8.987357,0</coordinates></Point></Placemark>
<Placemark><name>8801138015</name><styleUrl>#mapDaimonCorAzul</styleUrl><Point><coordinates>-48.161587,-8.990614,0</coordinates></Point></Placemark>
<Placemark><name>8853203015</name><styleUrl>#mapDaimonCorAzul</styleUrl><Point><coordinates>-48.157353,-8.992715,0</coordinates></Point></Placemark>
<Placemark><name>8854966015</name><styleUrl>#mapDaimonCorAzul</styleUrl><Point><coordinates>-48.155051,-8.997485,0</coordinates></Point></Placemark>
<Placemark><name>8031913015</name><styleUrl>#mapDaimonCorBranco</styleUrl><Point><coordinates>-48.172214,-8.986260,0</coordinates></Point></Placemark>
<Placemark><name>8031243015</name><styleUrl>#mapDaimonCorBranco</styleUrl><Point><coordinates>-48.170264,-8.981007,0</coordinates></Point></Placemark>
<Placemark><name>8031905015</name><styleUrl>#mapDaimonCorBranco</styleUrl><Point><coordinates>-48.166338,-8.987598,0</coordinates></Point></Placemark>
<Placemark><name>7931905015</name><styleUrl>#mapDaimonCorVerde</styleUrl><Point><coordinates>-48.166332,-8.987553,0</coordinates></Point></Placemark>
</Folder><Folder><name>Trecho</name>
<Placemark><name>12079329</name><styleUrl>#stAL01065015</styleUrl><LineString><coordinates>-48.175087,-8.978791,0 -48.175094,-8.978770,0</coordinates></LineString></Placemark>
<Placemark><name>64178524</name><styleUrl>#stAL01065015</styleUrl><LineString><coordinates>-48.175279,-8.978838,0 -48.175087,-8.978791,0</coordinates></LineString></Placemark>
<Placemark><name>64178516</name><styleUrl>#stAL01065015</styleUrl><LineString><coordinates>-48.175087,-8.978791,0 -48.174962,-8.978758,0</coordinates></LineString></Placemark>
<Placemark><name>3563658</name><styleUrl>#stAL01065015</styleUrl><LineString><coordinates>-48.175094,-8.978770,0 -48.175093,-8.978746,0</coordinates></LineString></Placemark>
<Placemark><name>64178542</name><styleUrl>#stAL01065015</styleUrl><LineString><coordinates>-48.174962,-8.978758,0 -48.174935,-8.978747,0</coordinates></LineString></Placemark>
<Placemark><name>64179225</name><styleUrl>#stAL01065015</styleUrl><LineString><coordinates>-48.174937,-8.978748,0 -48.174863,-8.978719,0</coordinates></LineString></Placemark>
<Placemark><name>12078097</name><styleUrl>#stAL01065015</styleUrl><LineString><coordinates>-48.174863,-8.978719,0 -48.174838,-8.978736,0</coordinates></LineString></Placemark>
<Placemark><name>64178553</name><styleUrl>#stAL01065015</styleUrl><LineString><coordinates>-48.174838,-8.978736,0 -48.174806,-8.978810,0</coordinates></LineString></Placemark>
<Placemark><name>12078295</name><styleUrl>#stAL01065015</styleUrl><LineString><coordinates>-48.174806,-8.978810,0 -48.174792,-8.978839,0</coordinates></LineString></Placemark>
<Placemark><name>64178562</name><styleUrl>#stAL01065015</styleUrl><LineString><coordinates>-48.174792,-8.978839,0 -48.174549,-8.978735,0</coordinates></LineString></Placemark>
<Placemark><name>64178581</name><styleUrl>#stAL01065015</styleUrl><LineString><coordinates>-48.174549,-8.978735,0 -48.174580,-8.978668,0</coordinates></LineString></Placemark>
<Placemark><name>64178736</name><styleUrl>#stAL01065015</styleUrl><LineString><coordinates>-48.173333,-8.981763,0 -48.173062,-8.981664,0</coordinates></LineString></Placemark>
<Placemark><name>2527014</name><styleUrl>#stAL01065015</styleUrl><LineString><coordinates>-48.173333,-8.981763,0 -48.173284,-8.981885,0</coordinates></LineString></Placemark>
<Placemark><name>64178629</name><styleUrl>#stAL01065015</styleUrl><LineString><coordinates>-48.174385,-8.979107,0 -48.173333,-8.981763,0</coordinates></LineString></Placemark>
<Placemark><name>64178708</name><styleUrl>#stAL01065015</styleUrl><LineString><coordinates>-48.173333,-8.981763,0 -48.173423,-8.981796,0</coordinates></LineString></Placemark>
<Placemark><name>12083355</name><styleUrl>#stAL01065015</styleUrl><LineString><coordinates>-48.174385,-8.979107,0 -48.174414,-8.979122,0</coordinates></LineString></Placemark>
<Placemark><name>64178600</name><styleUrl>#stAL01065015</styleUrl><LineString><coordinates>-48.174543,-8.978749,0 -48.174385,-8.979107,0</coordinates></LineString></Placemark>
<Placemark><name>2535970</name><styleUrl>#stAL01065015</styleUrl><LineString><coordinates>-48.173423,-8.981796,0 -48.173799,-8.981919,0</coordinates></LineString></Placemark>
<Placemark><name>3612071</name><styleUrl>#stAL01065015</styleUrl><LineString><coordinates>-48.174414,-8.979122,0 -48.174649,-8.979317,0</coordinates></LineString></Placemark>
<Placemark><name>T_8801179015</name><styleUrl>#stAL01065015</styleUrl><LineString><coordinates>-48.173799,-8.981919,0 -48.173835,-8.981931,0</coordinates></LineString></Placemark>
<Placemark><name>3625438</name><styleUrl>#stAL01065015</styleUrl><LineString><coordinates>-48.172283,-8.985873,0 -48.172193,-8.986217,0</coordinates></LineString></Placemark>
<Placemark><name>3450822</name><styleUrl>#stAL01065015</styleUrl><LineString><coordinates>-48.173818,-8.981975,0 -48.172283,-8.985873,0</coordinates></LineString></Placemark>
<Placemark><name>3663783</name><styleUrl>#stAL01065015</styleUrl><LineString><coordinates>-48.172193,-8.986217,0 -48.172215,-8.986258,0</coordinates></LineString></Placemark>
<Placemark><name>64178747</name><styleUrl>#stAL01065015</styleUrl><LineString><coordinates>-48.173031,-8.981653,0 -48.172521,-8.981466,0</coordinates></LineString></Placemark>
<Placemark><name>64178782</name><styleUrl>#stAL01065015</styleUrl><LineString><coordinates>-48.172521,-8.981466,0 -48.172176,-8.981340,0</coordinates></LineString></Placemark>
<Placemark><name>2535824</name><styleUrl>#stAL01065015</styleUrl><LineString><coordinates>-48.172176,-8.981340,0 -48.172101,-8.981520,0</coordinates></LineString></Placemark>
<Placemark><name>64178784</name><styleUrl>#stAL01065015</styleUrl><LineString><coordinates>-48.172176,-8.981340,0 -48.170987,-8.980910,0</coordinates></LineString></Placemark>
<Placemark><name>2535825</name><styleUrl>#stAL01065015</styleUrl><LineString><coordinates>-48.172176,-8.981340,0 -48.172213,-8.981253,0</coordinates></LineString></Placemark>
<Placemark><name>64178851</name><styleUrl>#stAL01065015</styleUrl><LineString><coordinates>-48.170987,-8.980910,0 -48.170934,-8.981077,0</coordinates></LineString></Placemark>
<Placemark><name>64178767</name><styleUrl>#stAL01065015</styleUrl><LineString><coordinates>-48.170987,-8.980910,0 -48.170892,-8.980875,0</coordinates></LineString></Placemark>
<Placemark><name>64178840</name><styleUrl>#stAL01065015</styleUrl><LineString><coordinates>-48.170987,-8.980910,0 -48.171014,-8.980821,0</coordinates></LineString></Placemark>
<Placemark><name>64178879</name><styleUrl>#stAL01065015</styleUrl><LineString><coordinates>-48.170934,-8.981077,0 -48.170823,-8.981439,0</coordinates></LineString></Placemark>
<Placemark><name>64178869</name><styleUrl>#stAL01065015</styleUrl><LineString><coordinates>-48.170934,-8.981077,0 -48.170920,-8.981075,0</coordinates></LineString></Placemark>
<Placemark><name>3656123</name><styleUrl>#stAL01065015</styleUrl><LineString><coordinates>-48.172191,-8.986218,0 -48.172171,-8.986231,0</coordinates></LineString></Placemark>
<Placemark><name>3663781</name><styleUrl>#stAL01065015</styleUrl><LineString><coordinates>-48.170311,-8.980989,0 -48.170265,-8.981009,0</coordinates></LineString></Placemark>
<Placemark><name>64178889</name><styleUrl>#stAL01065015</styleUrl><LineString><coordinates>-48.170880,-8.981070,0 -48.170311,-8.980989,0</coordinates></LineString></Placemark>
<Placemark><name>3656125</name><styleUrl>#stAL01065015</styleUrl><LineString><coordinates>-48.172171,-8.986234,0 -48.172169,-8.986253,0</coordinates></LineString></Placemark>
<Placemark><name>3656114</name><styleUrl>#stAL01065015</styleUrl><LineString><coordinates>-48.170310,-8.980987,0 -48.170297,-8.980970,0</coordinates></LineString></Placemark>
<Placemark><name>3663782</name><styleUrl>#stAL01065015</styleUrl><LineString><coordinates>-48.172177,-8.986278,0 -48.172212,-8.986261,0</coordinates></LineString></Placemark>
<Placemark><name>3656124</name><styleUrl>#stAL01065015</styleUrl><LineString><coordinates>-48.172170,-8.986256,0 -48.172177,-8.986278,0</coordinates></LineString></Placemark>
<Placemark><name>3630458</name><styleUrl>#stAL01065015</styleUrl><LineString><coordinates>-48.172177,-8.986278,0 -48.171666,-8.987916,0</coordinates></LineString></Placemark>
<Placemark><name>12072316</name><styleUrl>#stAL01065015</styleUrl><LineString><coordinates>-48.171666,-8.987916,0 -48.171673,-8.987944,0</coordinates></LineString></Placemark>
<Placemark><name>3188281</name><styleUrl>#stAL01065015</styleUrl><LineString><coordinates>-48.171673,-8.987944,0 -48.172794,-8.988934,0</coordinates></LineString></Placemark>
<Placemark><name>12072319</name><styleUrl>#stAL01065015</styleUrl><LineString><coordinates>-48.172794,-8.988934,0 -48.172814,-8.988962,0</coordinates></LineString></Placemark>
<Placemark><name>3188279</name><styleUrl>#stAL01065015</styleUrl><LineString><coordinates>-48.172814,-8.988962,0 -48.173697,-8.991212,0</coordinates></LineString></Placemark>
<Placemark><name>12072318</name><styleUrl>#stAL01065015</styleUrl><LineString><coordinates>-48.173697,-8.991212,0 -48.173713,-8.991241,0</coordinates></LineString></Placemark>
<Placemark><name>3188091</name><styleUrl>#stAL01065015</styleUrl><LineString><coordinates>-48.173713,-8.991241,0 -48.174140,-8.991925,0</coordinates></LineString></Placemark>
<Placemark><name>12072314</name><styleUrl>#stAL01065015</styleUrl><LineString><coordinates>-48.174140,-8.991925,0 -48.174151,-8.991957,0</coordinates></LineString></Placemark>
<Placemark><name>3163712</name><styleUrl>#stAL01065015</styleUrl><LineString><coordinates>-48.174151,-8.991957,0 -48.174213,-8.992081,0</coordinates></LineString></Placemark>
<Placemark><name>3188094</name><styleUrl>#stAL01065015</styleUrl><LineString><coordinates>-48.174213,-8.992081,0 -48.174811,-8.993711,0</coordinates></LineString></Placemark>
<Placemark><name>12072317</name><styleUrl>#stAL01065015</styleUrl><LineString><coordinates>-48.174811,-8.993711,0 -48.174837,-8.993736,0</coordinates></LineString></Placemark>
<Placemark><name>3188095</name><styleUrl>#stAL01065015</styleUrl><LineString><coordinates>-48.174837,-8.993736,0 -48.175265,-8.993908,0</coordinates></LineString></Placemark>
<Placemark><name>3625437</name><styleUrl>#stAL01065015</styleUrl><LineString><coordinates>-48.175265,-8.993908,0 -48.175919,-8.994034,0</coordinates></LineString></Placemark>
<Placemark><name>3656116</name><styleUrl>#stAL01065015</styleUrl><LineString><coordinates>-48.170296,-8.980970,0 -48.170278,-8.980966,0</coordinates></LineString></Placemark>
<Placemark><name>3628340</name><styleUrl>#stAL01065015</styleUrl><LineString><coordinates>-48.175954,-8.994050,0 -48.185383,-8.992203,0</coordinates></LineString></Placemark>
<Placemark><name>3663784</name><styleUrl>#stAL01065015</styleUrl><LineString><coordinates>-48.175923,-8.994036,0 -48.175954,-8.994050,0</coordinates></LineString></Placemark>
<Placemark><name>2526727</name><styleUrl>#stAL01065015</styleUrl><LineString><coordinates>-48.169788,-8.980899,0 -48.169797,-8.980732,0</coordinates></LineString></Placemark>
<Placemark><name>64178922</name><styleUrl>#stAL01065015</styleUrl><LineString><coordinates>-48.170247,-8.980977,0 -48.169788,-8.980899,0</coordinates></LineString></Placemark>
<Placemark><name>2526728</name><styleUrl>#stAL01065015</styleUrl><LineString><coordinates>-48.169788,-8.980899,0 -48.169783,-8.981014,0</coordinates></LineString></Placemark>
<Placemark><name>64178924</name><styleUrl>#stAL01065015</styleUrl><LineString><coordinates>-48.169788,-8.980899,0 -48.168253,-8.980692,0</coordinates></LineString></Placemark>
<Placemark><name>3555475</name><styleUrl>#stAL01065015</styleUrl><LineString><coordinates>-48.170247,-8.980977,0 -48.170263,-8.981006,0</coordinates></LineString></Placemark>
<Placemark><name>3656115</name><styleUrl>#stAL01065015</styleUrl><LineString><coordinates>-48.170276,-8.980968,0 -48.170247,-8.980977,0</coordinates></LineString></Placemark>
<Placemark><name>12078285</name><styleUrl>#stAL01065015</styleUrl><LineString><coordinates>-48.168253,-8.980692,0 -48.168247,-8.980676,0</coordinates></LineString></Placemark>
<Placemark><name>12078196</name><styleUrl>#stAL01065015</styleUrl><LineString><coordinates>-48.168247,-8.980676,0 -48.168239,-8.980702,0</coordinates></LineString></Placemark>
<Placemark><name>3162206</name><styleUrl>#stAL01065015</styleUrl><LineString><coordinates>-48.168247,-8.980676,0 -48.168294,-8.980399,0</coordinates></LineString></Placemark>
<Placemark><name>3190183</name><styleUrl>#stAL01065015</styleUrl><LineString><coordinates>-48.168239,-8.980702,0 -48.168163,-8.980960,0</coordinates></LineString></Placemark>
<Placemark><name>2803884</name><styleUrl>#stAL01065015</styleUrl><LineString><coordinates>-48.168830,-8.974821,0 -48.169341,-8.974809,0</coordinates></LineString></Placemark>
<Placemark><name>3656109</name><styleUrl>#stAL01065015</styleUrl><LineString><coordinates>-48.169341,-8.974809,0 -48.169373,-8.974783,0</coordinates></LineString></Placemark>
<Placemark><name>12076636</name><styleUrl>#stAL01065015</styleUrl><LineString><coordinates>-48.168816,-8.974850,0 -48.168830,-8.974821,0</coordinates></LineString></Placemark>
<Placemark><name>2803885</name><styleUrl>#stAL01065015</styleUrl><LineString><coordinates>-48.168810,-8.975268,0 -48.168816,-8.974850,0</coordinates></LineString></Placemark>
<Placemark><name>2803889</name><styleUrl>#stAL01065015</styleUrl><LineString><coordinates>-48.168752,-8.977024,0 -48.168810,-8.975268,0</coordinates></LineString></Placemark>
<Placemark><name>3088319</name><styleUrl>#stAL01065015</styleUrl><LineString><coordinates>-48.168743,-8.977306,0 -48.168752,-8.977024,0</coordinates></LineString></Placemark>
<Placemark><name>12078284</name><styleUrl>#stAL01065015</styleUrl><LineString><coordinates>-48.168739,-8.977341,0 -48.168743,-8.977306,0</coordinates></LineString></Placemark>
<Placemark><name>3203324</name><styleUrl>#stAL01065015</styleUrl><LineString><coordinates>-48.168456,-8.979156,0 -48.168739,-8.977341,0</coordinates></LineString></Placemark>
<Placemark><name>3187118</name><styleUrl>#stAL01065015</styleUrl><LineString><coordinates>-48.168425,-8.979405,0 -48.168456,-8.979156,0</coordinates></LineString></Placemark>
<Placemark><name>27627678</name><styleUrl>#stAL01065015</styleUrl><LineString><coordinates>-48.168422,-8.979432,0 -48.168425,-8.979405,0</coordinates></LineString></Placemark>
<Placemark><name>27627662</name><styleUrl>#stAL01065015</styleUrl><LineString><coordinates>-48.168325,-8.980145,0 -48.168422,-8.979432,0</coordinates></LineString></Placemark>
<Placemark><name>27627670</name><styleUrl>#stAL01065015</styleUrl><LineString><coordinates>-48.168320,-8.980177,0 -48.168325,-8.980145,0</coordinates></LineString></Placemark>
<Placemark><name>39084030</name><styleUrl>#stAL01065015</styleUrl><LineString><coordinates>-48.168297,-8.980378,0 -48.168320,-8.980177,0</coordinates></LineString></Placemark>
<Placemark><name>3656111</name><styleUrl>#stAL01065015</styleUrl><LineString><coordinates>-48.169343,-8.974811,0 -48.169356,-8.974828,0</coordinates></LineString></Placemark>
<Placemark><name>Suporte Chave DJ_AL01065015_FICT</name><styleUrl>#stAL01065015</styleUrl><LineString><coordinates>-48.175458,-8.978758,0 -48.175279,-8.978838,0</coordinates></LineString></Placemark>
<Placemark><name>Suporte Chave 8801168015</name><styleUrl>#stAL01065015</styleUrl><LineString><coordinates>-48.174935,-8.978747,0 -48.174937,-8.978748,0</coordinates></LineString></Placemark>
<Placemark><name>Suporte Chave 8800026015</name><styleUrl>#stAL01065015</styleUrl><LineString><coordinates>-48.174549,-8.978735,0 -48.174543,-8.978749,0</coordinates></LineString></Placemark>
<Placemark><name>Suporte Chave 8801179015</name><styleUrl>#stAL01065015</styleUrl><LineString><coordinates>-48.173835,-8.981931,0 -48.173818,-8.981975,0</coordinates></LineString></Placemark>
<Placemark><name>Suporte Chave 8800030015</name><styleUrl>#stAL01065015</styleUrl><LineString><coordinates>-48.173062,-8.981664,0 -48.173031,-8.981653,0</coordinates></LineString></Placemark>
<Placemark><name>Suporte Chave 8821002015</name><styleUrl>#stAL01065015</styleUrl><LineString><coordinates>-48.170920,-8.981075,0 -48.170880,-8.981070,0</coordinates></LineString></Placemark>
<Placemark><name>Suporte Chave 7931913015</name><styleUrl>#stAL01065015</styleUrl><LineString><coordinates>-48.172171,-8.986231,0 -48.172171,-8.986234,0</coordinates></LineString></Placemark>
<Placemark><name>Suporte Chave 7931243015</name><styleUrl>#stAL01065015</styleUrl><LineString><coordinates>-48.170297,-8.980970,0 -48.170296,-8.980970,0</coordinates></LineString></Placemark>
<Placemark><name>Suporte Chave 8837604015</name><styleUrl>#stAL01065015</styleUrl><LineString><coordinates>-48.175919,-8.994034,0 -48.175923,-8.994036,0</coordinates></LineString></Placemark>
<Placemark><name>Suporte Chave 8838757015</name><styleUrl>#stAL01065015</styleUrl><LineString><coordinates>-48.168294,-8.980399,0 -48.168297,-8.980378,0</coordinates></LineString></Placemark>
<Placemark><name>Suporte Chave 8031913015</name><styleUrl>#stAL01065015</styleUrl><LineString><coordinates>-48.172215,-8.986258,0 -48.172212,-8.986261,0</coordinates></LineString></Placemark>
<Placemark><name>Suporte Chave 8031243015</name><styleUrl>#stAL01065015</styleUrl><LineString><coordinates>-48.170265,-8.981009,0 -48.170263,-8.981006,0</coordinates></LineString></Placemark>
</Folder></Folder>
<Folder><name>Circ_AL02065015 (170 trechos · 8.0 km · 18 chaves)</name><Folder><name>Chave</name>
<Placemark><name>DJ_AL02065015_FICT</name><styleUrl>#mapDaimonCorBranco</styleUrl><Point><coordinates>-48.175375,-8.978770,0</coordinates></Point></Placemark>
<Placemark><name>8825887015</name><styleUrl>#mapDaimonCorAzul</styleUrl><Point><coordinates>-48.174984,-8.978690,0</coordinates></Point></Placemark>
<Placemark><name>8800001015</name><styleUrl>#mapDaimonCorAzul</styleUrl><Point><coordinates>-48.175241,-8.978221,0</coordinates></Point></Placemark>
<Placemark><name>8801133015</name><styleUrl>#mapDaimonCorAzul</styleUrl><Point><coordinates>-48.176285,-8.973193,0</coordinates></Point></Placemark>
<Placemark><name>8800002015</name><styleUrl>#mapDaimonCorAzul</styleUrl><Point><coordinates>-48.176546,-8.973897,0</coordinates></Point></Placemark>
<Placemark><name>8800007015</name><styleUrl>#mapDaimonCorAzul</styleUrl><Point><coordinates>-48.176038,-8.972097,0</coordinates></Point></Placemark>
<Placemark><name>8800004015</name><styleUrl>#mapDaimonCorAzul</styleUrl><Point><coordinates>-48.176195,-8.971938,0</coordinates></Point></Placemark>
<Placemark><name>8800009015</name><styleUrl>#mapDaimonCorAzul</styleUrl><Point><coordinates>-48.173246,-8.971930,0</coordinates></Point></Placemark>
<Placemark><name>8800015015</name><styleUrl>#mapDaimonCorAzul</styleUrl><Point><coordinates>-48.173284,-8.972295,0</coordinates></Point></Placemark>
<Placemark><name>7957620015</name><styleUrl>#mapDaimonCorVerde</styleUrl><Point><coordinates>-48.173222,-8.971670,0</coordinates></Point></Placemark>
<Placemark><name>8852282015</name><styleUrl>#mapDaimonCorAzul</styleUrl><Point><coordinates>-48.173494,-8.973021,0</coordinates></Point></Placemark>
<Placemark><name>8800011015</name><styleUrl>#mapDaimonCorAzul</styleUrl><Point><coordinates>-48.171125,-8.971243,0</coordinates></Point></Placemark>
<Placemark><name>8801130015</name><styleUrl>#mapDaimonCorAzul</styleUrl><Point><coordinates>-48.169703,-8.974819,0</coordinates></Point></Placemark>
<Placemark><name>8800253018</name><styleUrl>#mapDaimonCorAzul</styleUrl><Point><coordinates>-48.163456,-8.966469,0</coordinates></Point></Placemark>
<Placemark><name>7931906018</name><styleUrl>#mapDaimonCorVerde</styleUrl><Point><coordinates>-48.162956,-8.966693,0</coordinates></Point></Placemark>
<Placemark><name>884529918</name><styleUrl>#mapDaimonCorAzul</styleUrl><Point><coordinates>-48.162270,-8.959181,0</coordinates></Point></Placemark>
<Placemark><name>8031906018</name><styleUrl>#mapDaimonCorBranco</styleUrl><Point><coordinates>-48.162931,-8.966657,0</coordinates></Point></Placemark>
<Placemark><name>8800073015</name><styleUrl>#mapDaimonCorAzul</styleUrl><Point><coordinates>-48.173425,-8.972498,0</coordinates></Point></Placemark>
</Folder><Folder><name>Trecho</name>
<Placemark><name>12078867</name><styleUrl>#stAL02065015</styleUrl><LineString><coordinates>-48.175117,-8.978746,0 -48.175084,-8.978736,0</coordinates></LineString></Placemark>
<Placemark><name>71891747</name><styleUrl>#stAL02065015</styleUrl><LineString><coordinates>-48.175084,-8.978736,0 -48.174977,-8.978701,0</coordinates></LineString></Placemark>
<Placemark><name>3664551</name><styleUrl>#stAL02065015</styleUrl><LineString><coordinates>-48.175084,-8.978736,0 -48.175093,-8.978746,0</coordinates></LineString></Placemark>
<Placemark><name>71891738</name><styleUrl>#stAL02065015</styleUrl><LineString><coordinates>-48.175293,-8.978782,0 -48.175117,-8.978746,0</coordinates></LineString></Placemark>
<Placemark><name>71891770</name><styleUrl>#stAL02065015</styleUrl><LineString><coordinates>-48.175109,-8.978461,0 -48.175232,-8.978237,0</coordinates></LineString></Placemark>
<Placemark><name>71891754</name><styleUrl>#stAL02065015</styleUrl><LineString><coordinates>-48.174991,-8.978678,0 -48.175109,-8.978461,0</coordinates></LineString></Placemark>
<Placemark><name>71891938</name><styleUrl>#stAL02065015</styleUrl><LineString><coordinates>-48.176437,-8.975088,0 -48.176334,-8.973904,0</coordinates></LineString></Placemark>
<Placemark><name>71891976</name><styleUrl>#stAL02065015</styleUrl><LineString><coordinates>-48.176334,-8.973904,0 -48.176286,-8.973206,0</coordinates></LineString></Placemark>
<Placemark><name>3535917</name><styleUrl>#stAL02065015</styleUrl><LineString><coordinates>-48.176334,-8.973904,0 -48.176530,-8.973898,0</coordinates></LineString></Placemark>
<Placemark><name>3535918</name><styleUrl>#stAL02065015</styleUrl><LineString><coordinates>-48.176334,-8.973904,0 -48.176110,-8.973910,0</coordinates></LineString></Placemark>
<Placemark><name>71891904</name><styleUrl>#stAL02065015</styleUrl><LineString><coordinates>-48.176499,-8.976045,0 -48.176437,-8.975088,0</coordinates></LineString></Placemark>
<Placemark><name>12075614</name><styleUrl>#stAL02065015</styleUrl><LineString><coordinates>-48.176492,-8.976059,0 -48.176499,-8.976045,0</coordinates></LineString></Placemark>
<Placemark><name>71891883</name><styleUrl>#stAL02065015</styleUrl><LineString><coordinates>-48.176499,-8.976045,0 -48.176525,-8.976373,0</coordinates></LineString></Placemark>
<Placemark><name>71891800</name><styleUrl>#stAL02065015</styleUrl><LineString><coordinates>-48.175827,-8.977199,0 -48.176492,-8.976059,0</coordinates></LineString></Placemark>
<Placemark><name>3212050</name><styleUrl>#stAL02065015</styleUrl><LineString><coordinates>-48.176525,-8.976373,0 -48.176550,-8.976691,0</coordinates></LineString></Placemark>
<Placemark><name>71891814</name><styleUrl>#stAL02065015</styleUrl><LineString><coordinates>-48.175250,-8.978206,0 -48.175827,-8.977199,0</coordinates></LineString></Placemark>
<Placemark><name>3188461</name><styleUrl>#stAL02065015</styleUrl><LineString><coordinates>-48.176550,-8.976691,0 -48.176578,-8.976941,0</coordinates></LineString></Placemark>
<Placemark><name>2526930</name><styleUrl>#stAL02065015</styleUrl><LineString><coordinates>-48.176262,-8.972897,0 -48.176061,-8.972898,0</coordinates></LineString></Placemark>
<Placemark><name>71892030</name><styleUrl>#stAL02065015</styleUrl><LineString><coordinates>-48.176284,-8.973181,0 -48.176262,-8.972897,0</coordinates></LineString></Placemark>
<Placemark><name>2526931</name><styleUrl>#stAL02065015</styleUrl><LineString><coordinates>-48.176262,-8.972897,0 -48.177014,-8.972808,0</coordinates></LineString></Placemark>
<Placemark><name>71892051</name><styleUrl>#stAL02065015</styleUrl><LineString><coordinates>-48.176262,-8.972897,0 -48.176205,-8.972089,0</coordinates></LineString></Placemark>
<Placemark><name>2526934</name><styleUrl>#stAL02065015</styleUrl><LineString><coordinates>-48.177014,-8.972808,0 -48.177310,-8.972783,0</coordinates></LineString></Placemark>
<Placemark><name>71892130</name><styleUrl>#stAL02065015</styleUrl><LineString><coordinates>-48.176205,-8.972089,0 -48.176053,-8.972096,0</coordinates></LineString></Placemark>
<Placemark><name>71892081</name><styleUrl>#stAL02065015</styleUrl><LineString><coordinates>-48.176205,-8.972089,0 -48.176196,-8.971958,0</coordinates></LineString></Placemark>
<Placemark><name>71892091</name><styleUrl>#stAL02065015</styleUrl><LineString><coordinates>-48.176205,-8.972089,0 -48.176439,-8.972080,0</coordinates></LineString></Placemark>
<Placemark><name>71892100</name><styleUrl>#stAL02065015</styleUrl><LineString><coordinates>-48.176439,-8.972080,0 -48.176736,-8.972067,0</coordinates></LineString></Placemark>
<Placemark><name>36332377</name><styleUrl>#stAL02065015</styleUrl><LineString><coordinates>-48.176736,-8.972067,0 -48.176762,-8.972066,0</coordinates></LineString></Placemark>
<Placemark><name>36332340</name><styleUrl>#stAL02065015</styleUrl><LineString><coordinates>-48.176762,-8.972066,0 -48.176782,-8.972063,0</coordinates></LineString></Placemark>
<Placemark><name>36332329</name><styleUrl>#stAL02065015</styleUrl><LineString><coordinates>-48.176782,-8.972063,0 -48.177059,-8.972030,0</coordinates></LineString></Placemark>
<Placemark><name>36332360</name><styleUrl>#stAL02065015</styleUrl><LineString><coordinates>-48.176782,-8.972063,0 -48.176769,-8.971886,0</coordinates></LineString></Placemark>
<Placemark><name>36332351</name><styleUrl>#stAL02065015</styleUrl><LineString><coordinates>-48.176782,-8.972063,0 -48.176804,-8.972335,0</coordinates></LineString></Placemark>
<Placemark><name>36332305</name><styleUrl>#stAL02065015</styleUrl><LineString><coordinates>-48.176804,-8.972335,0 -48.176819,-8.972497,0</coordinates></LineString></Placemark>
<Placemark><name>3535914</name><styleUrl>#stAL02065015</styleUrl><LineString><coordinates>-48.176928,-8.973882,0 -48.177092,-8.973877,0</coordinates></LineString></Placemark>
<Placemark><name>3535912</name><styleUrl>#stAL02065015</styleUrl><LineString><coordinates>-48.176928,-8.973882,0 -48.176919,-8.973756,0</coordinates></LineString></Placemark>
<Placemark><name>3535913</name><styleUrl>#stAL02065015</styleUrl><LineString><coordinates>-48.176561,-8.973897,0 -48.176928,-8.973882,0</coordinates></LineString></Placemark>
<Placemark><name>3535911</name><styleUrl>#stAL02065015</styleUrl><LineString><coordinates>-48.176928,-8.973882,0 -48.176942,-8.974029,0</coordinates></LineString></Placemark>
<Placemark><name>2535867</name><styleUrl>#stAL02065015</styleUrl><LineString><coordinates>-48.173276,-8.972217,0 -48.173247,-8.971943,0</coordinates></LineString></Placemark>
<Placemark><name>71892247</name><styleUrl>#stAL02065015</styleUrl><LineString><coordinates>-48.173276,-8.972217,0 -48.173080,-8.972227,0</coordinates></LineString></Placemark>
<Placemark><name>2535868</name><styleUrl>#stAL02065015</styleUrl><LineString><coordinates>-48.173276,-8.972217,0 -48.173282,-8.972282,0</coordinates></LineString></Placemark>
<Placemark><name>71892183</name><styleUrl>#stAL02065015</styleUrl><LineString><coordinates>-48.174677,-8.972149,0 -48.173276,-8.972217,0</coordinates></LineString></Placemark>
<Placemark><name>71892151</name><styleUrl>#stAL02065015</styleUrl><LineString><coordinates>-48.176024,-8.972098,0 -48.174677,-8.972149,0</coordinates></LineString></Placemark>
<Placemark><name>3536464</name><styleUrl>#stAL02065015</styleUrl><LineString><coordinates>-48.174911,-8.970055,0 -48.174923,-8.970195,0</coordinates></LineString></Placemark>
<Placemark><name>3536463</name><styleUrl>#stAL02065015</styleUrl><LineString><coordinates>-48.174911,-8.970055,0 -48.174777,-8.968632,0</coordinates></LineString></Placemark>
<Placemark><name>3535921</name><styleUrl>#stAL02065015</styleUrl><LineString><coordinates>-48.176061,-8.969907,0 -48.174911,-8.970055,0</coordinates></LineString></Placemark>
<Placemark><name>3536462</name><styleUrl>#stAL02065015</styleUrl><LineString><coordinates>-48.174911,-8.970055,0 -48.174602,-8.970094,0</coordinates></LineString></Placemark>
<Placemark><name>3089679</name><styleUrl>#stAL02065015</styleUrl><LineString><coordinates>-48.174777,-8.968632,0 -48.174749,-8.968335,0</coordinates></LineString></Placemark>
<Placemark><name>3535922</name><styleUrl>#stAL02065015</styleUrl><LineString><coordinates>-48.176061,-8.969907,0 -48.176116,-8.969900,0</coordinates></LineString></Placemark>
<Placemark><name>3082338</name><styleUrl>#stAL02065015</styleUrl><LineString><coordinates>-48.176061,-8.969907,0 -48.176013,-8.969064,0</coordinates></LineString></Placemark>
<Placemark><name>3162437</name><styleUrl>#stAL02065015</styleUrl><LineString><coordinates>-48.176169,-8.971550,0 -48.176061,-8.969907,0</coordinates></LineString></Placemark>
<Placemark><name>3618707</name><styleUrl>#stAL02065015</styleUrl><LineString><coordinates>-48.174602,-8.970094,0 -48.174288,-8.970134,0</coordinates></LineString></Placemark>
<Placemark><name>12074091</name><styleUrl>#stAL02065015</styleUrl><LineString><coordinates>-48.176013,-8.969064,0 -48.176011,-8.969030,0</coordinates></LineString></Placemark>
<Placemark><name>3190364</name><styleUrl>#stAL02065015</styleUrl><LineString><coordinates>-48.176194,-8.971918,0 -48.176169,-8.971550,0</coordinates></LineString></Placemark>
<Placemark><name>3618503</name><styleUrl>#stAL02065015</styleUrl><LineString><coordinates>-48.174288,-8.970134,0 -48.173961,-8.970176,0</coordinates></LineString></Placemark>
<Placemark><name>3089930</name><styleUrl>#stAL02065015</styleUrl><LineString><coordinates>-48.176011,-8.969030,0 -48.175996,-8.968761,0</coordinates></LineString></Placemark>
<Placemark><name>3186622</name><styleUrl>#stAL02065015</styleUrl><LineString><coordinates>-48.175996,-8.968761,0 -48.175978,-8.968460,0</coordinates></LineString></Placemark>
<Placemark><name>31947468</name><styleUrl>#stAL02065015</styleUrl><LineString><coordinates>-48.175978,-8.968460,0 -48.175975,-8.968435,0</coordinates></LineString></Placemark>
<Placemark><name>31947436</name><styleUrl>#stAL02065015</styleUrl><LineString><coordinates>-48.175975,-8.968435,0 -48.175959,-8.968091,0</coordinates></LineString></Placemark>
<Placemark><name>3163032</name><styleUrl>#stAL02065015</styleUrl><LineString><coordinates>-48.173245,-8.971918,0 -48.173223,-8.971688,0</coordinates></LineString></Placemark>
<Placemark><name>3187607</name><styleUrl>#stAL02065015</styleUrl><LineString><coordinates>-48.173408,-8.973612,0 -48.173451,-8.974052,0</coordinates></LineString></Placemark>
<Placemark><name>3536458</name><styleUrl>#stAL02065015</styleUrl><LineString><coordinates>-48.173408,-8.973612,0 -48.173239,-8.973616,0</coordinates></LineString></Placemark>
<Placemark><name>3536460</name><styleUrl>#stAL02065015</styleUrl><LineString><coordinates>-48.173352,-8.973024,0 -48.173408,-8.973612,0</coordinates></LineString></Placemark>
<Placemark><name>3536459</name><styleUrl>#stAL02065015</styleUrl><LineString><coordinates>-48.173408,-8.973612,0 -48.173867,-8.973606,0</coordinates></LineString></Placemark>
<Placemark><name>3207505</name><styleUrl>#stAL02065015</styleUrl><LineString><coordinates>-48.173451,-8.974052,0 -48.173522,-8.974796,0</coordinates></LineString></Placemark>
<Placemark><name>42081461</name><styleUrl>#stAL02065015</styleUrl><LineString><coordinates>-48.173352,-8.973024,0 -48.173166,-8.973027,0</coordinates></LineString></Placemark>
<Placemark><name>42081319</name><styleUrl>#stAL02065015</styleUrl><LineString><coordinates>-48.173352,-8.973024,0 -48.173479,-8.973022,0</coordinates></LineString></Placemark>
<Placemark><name>3163035</name><styleUrl>#stAL02065015</styleUrl><LineString><coordinates>-48.173306,-8.972544,0 -48.173352,-8.973024,0</coordinates></LineString></Placemark>
<Placemark><name>2535860</name><styleUrl>#stAL02065015</styleUrl><LineString><coordinates>-48.173522,-8.974796,0 -48.173375,-8.974770,0</coordinates></LineString></Placemark>
<Placemark><name>2535858</name><styleUrl>#stAL02065015</styleUrl><LineString><coordinates>-48.173522,-8.974796,0 -48.173573,-8.975313,0</coordinates></LineString></Placemark>
<Placemark><name>2535859</name><styleUrl>#stAL02065015</styleUrl><LineString><coordinates>-48.173522,-8.974796,0 -48.174030,-8.974804,0</coordinates></LineString></Placemark>
<Placemark><name>3163033</name><styleUrl>#stAL02065015</styleUrl><LineString><coordinates>-48.173285,-8.972308,0 -48.173306,-8.972544,0</coordinates></LineString></Placemark>
<Placemark><name>2527086</name><styleUrl>#stAL02065015</styleUrl><LineString><coordinates>-48.173166,-8.971088,0 -48.173305,-8.971076,0</coordinates></LineString></Placemark>
<Placemark><name>2527084</name><styleUrl>#stAL02065015</styleUrl><LineString><coordinates>-48.173166,-8.971088,0 -48.173160,-8.971019,0</coordinates></LineString></Placemark>
<Placemark><name>2527083</name><styleUrl>#stAL02065015</styleUrl><LineString><coordinates>-48.173220,-8.971653,0 -48.173166,-8.971088,0</coordinates></LineString></Placemark>
<Placemark><name>2527085</name><styleUrl>#stAL02065015</styleUrl><LineString><coordinates>-48.173166,-8.971088,0 -48.171139,-8.971260,0</coordinates></LineString></Placemark>
<Placemark><name>42081304</name><styleUrl>#stAL02065015</styleUrl><LineString><coordinates>-48.174270,-8.972952,0 -48.174625,-8.972922,0</coordinates></LineString></Placemark>
<Placemark><name>42081321</name><styleUrl>#stAL02065015</styleUrl><LineString><coordinates>-48.173508,-8.973020,0 -48.174270,-8.972952,0</coordinates></LineString></Placemark>
<Placemark><name>12076282</name><styleUrl>#stAL02065015</styleUrl><LineString><coordinates>-48.167871,-8.967757,0 -48.167892,-8.967724,0</coordinates></LineString></Placemark>
<Placemark><name>2781825</name><styleUrl>#stAL02065015</styleUrl><LineString><coordinates>-48.167892,-8.967724,0 -48.167951,-8.967530,0</coordinates></LineString></Placemark>
<Placemark><name>2781826</name><styleUrl>#stAL02065015</styleUrl><LineString><coordinates>-48.167871,-8.967757,0 -48.167553,-8.967508,0</coordinates></LineString></Placemark>
<Placemark><name>2781824</name><styleUrl>#stAL02065015</styleUrl><LineString><coordinates>-48.168109,-8.967912,0 -48.167871,-8.967757,0</coordinates></LineString></Placemark>
<Placemark><name>12072323</name><styleUrl>#stAL02065015</styleUrl><LineString><coordinates>-48.167553,-8.967508,0 -48.167528,-8.967510,0</coordinates></LineString></Placemark>
<Placemark><name>12072324</name><styleUrl>#stAL02065015</styleUrl><LineString><coordinates>-48.168136,-8.967932,0 -48.168109,-8.967912,0</coordinates></LineString></Placemark>
<Placemark><name>3097440</name><styleUrl>#stAL02065015</styleUrl><LineString><coordinates>-48.168109,-8.967912,0 -48.168098,-8.967951,0</coordinates></LineString></Placemark>
<Placemark><name>3561022</name><styleUrl>#stAL02065015</styleUrl><LineString><coordinates>-48.167528,-8.967510,0 -48.167489,-8.967556,0</coordinates></LineString></Placemark>
<Placemark><name>3172006</name><styleUrl>#stAL02065015</styleUrl><LineString><coordinates>-48.170707,-8.970384,0 -48.168136,-8.967932,0</coordinates></LineString></Placemark>
<Placemark><name>3561023</name><styleUrl>#stAL02065015</styleUrl><LineString><coordinates>-48.167489,-8.967556,0 -48.167421,-8.967497,0</coordinates></LineString></Placemark>
<Placemark><name>12074093</name><styleUrl>#stAL02065015</styleUrl><LineString><coordinates>-48.170731,-8.970408,0 -48.170707,-8.970384,0</coordinates></LineString></Placemark>
<Placemark><name>3496858</name><styleUrl>#stAL02065015</styleUrl><LineString><coordinates>-48.170707,-8.970384,0 -48.170692,-8.970419,0</coordinates></LineString></Placemark>
<Placemark><name>3561021</name><styleUrl>#stAL02065015</styleUrl><LineString><coordinates>-48.167421,-8.967497,0 -48.167250,-8.967351,0</coordinates></LineString></Placemark>
<Placemark><name>3458489</name><styleUrl>#stAL02065015</styleUrl><LineString><coordinates>-48.170942,-8.970606,0 -48.170731,-8.970408,0</coordinates></LineString></Placemark>
<Placemark><name>12074099</name><styleUrl>#stAL02065015</styleUrl><LineString><coordinates>-48.167250,-8.967351,0 -48.167237,-8.967368,0</coordinates></LineString></Placemark>
<Placemark><name>2985823</name><styleUrl>#stAL02065015</styleUrl><LineString><coordinates>-48.167250,-8.967351,0 -48.166740,-8.966915,0</coordinates></LineString></Placemark>
<Placemark><name>12075725</name><styleUrl>#stAL02065015</styleUrl><LineString><coordinates>-48.170949,-8.970633,0 -48.170942,-8.970606,0</coordinates></LineString></Placemark>
<Placemark><name>3235652</name><styleUrl>#stAL02065015</styleUrl><LineString><coordinates>-48.167237,-8.967368,0 -48.167028,-8.967691,0</coordinates></LineString></Placemark>
<Placemark><name>2985822</name><styleUrl>#stAL02065015</styleUrl><LineString><coordinates>-48.166740,-8.966915,0 -48.166422,-8.966642,0</coordinates></LineString></Placemark>
<Placemark><name>2985950</name><styleUrl>#stAL02065015</styleUrl><LineString><coordinates>-48.170862,-8.970884,0 -48.170949,-8.970633,0</coordinates></LineString></Placemark>
<Placemark><name>3537108</name><styleUrl>#stAL02065015</styleUrl><LineString><coordinates>-48.166422,-8.966642,0 -48.166307,-8.966543,0</coordinates></LineString></Placemark>
<Placemark><name>3537110</name><styleUrl>#stAL02065015</styleUrl><LineString><coordinates>-48.166422,-8.966642,0 -48.166550,-8.966500,0</coordinates></LineString></Placemark>
<Placemark><name>3537109</name><styleUrl>#stAL02065015</styleUrl><LineString><coordinates>-48.166422,-8.966642,0 -48.166160,-8.966932,0</coordinates></LineString></Placemark>
<Placemark><name>12074094</name><styleUrl>#stAL02065015</styleUrl><LineString><coordinates>-48.170867,-8.970912,0 -48.170862,-8.970884,0</coordinates></LineString></Placemark>
<Placemark><name>3186737</name><styleUrl>#stAL02065015</styleUrl><LineString><coordinates>-48.171112,-8.971225,0 -48.170867,-8.970912,0</coordinates></LineString></Placemark>
<Placemark><name>2902916</name><styleUrl>#stAL02065015</styleUrl><LineString><coordinates>-48.164018,-8.966067,0 -48.163399,-8.965546,0</coordinates></LineString></Placemark>
<Placemark><name>2902915</name><styleUrl>#stAL02065015</styleUrl><LineString><coordinates>-48.164143,-8.966168,0 -48.164018,-8.966067,0</coordinates></LineString></Placemark>
<Placemark><name>3536941</name><styleUrl>#stAL02065015</styleUrl><LineString><coordinates>-48.164018,-8.966067,0 -48.164050,-8.966028,0</coordinates></LineString></Placemark>
<Placemark><name>3164450</name><styleUrl>#stAL02065015</styleUrl><LineString><coordinates>-48.164018,-8.966067,0 -48.163470,-8.966463,0</coordinates></LineString></Placemark>
<Placemark><name>12074096</name><styleUrl>#stAL02065015</styleUrl><LineString><coordinates>-48.164170,-8.966189,0 -48.164143,-8.966168,0</coordinates></LineString></Placemark>
<Placemark><name>3536946</name><styleUrl>#stAL02065015</styleUrl><LineString><coordinates>-48.164696,-8.966608,0 -48.164170,-8.966189,0</coordinates></LineString></Placemark>
<Placemark><name>3536944</name><styleUrl>#stAL02065015</styleUrl><LineString><coordinates>-48.164696,-8.966608,0 -48.164585,-8.966744,0</coordinates></LineString></Placemark>
<Placemark><name>3186237</name><styleUrl>#stAL02065015</styleUrl><LineString><coordinates>-48.165666,-8.967424,0 -48.164696,-8.966608,0</coordinates></LineString></Placemark>
<Placemark><name>2985474</name><styleUrl>#stAL02065015</styleUrl><LineString><coordinates>-48.164696,-8.966608,0 -48.165595,-8.965507,0</coordinates></LineString></Placemark>
<Placemark><name>12072313</name><styleUrl>#stAL02065015</styleUrl><LineString><coordinates>-48.165690,-8.967423,0 -48.165666,-8.967424,0</coordinates></LineString></Placemark>
<Placemark><name>3172005</name><styleUrl>#stAL02065015</styleUrl><LineString><coordinates>-48.165595,-8.965507,0 -48.165784,-8.965276,0</coordinates></LineString></Placemark>
<Placemark><name>3186911</name><styleUrl>#stAL02065015</styleUrl><LineString><coordinates>-48.166134,-8.966960,0 -48.165690,-8.967423,0</coordinates></LineString></Placemark>
<Placemark><name>28959421</name><styleUrl>#stAL02065015</styleUrl><LineString><coordinates>-48.165784,-8.965276,0 -48.165807,-8.965250,0</coordinates></LineString></Placemark>
<Placemark><name>28959312</name><styleUrl>#stAL02065015</styleUrl><LineString><coordinates>-48.165807,-8.965250,0 -48.167329,-8.963092,0</coordinates></LineString></Placemark>
<Placemark><name>28959283</name><styleUrl>#stAL02065015</styleUrl><LineString><coordinates>-48.167329,-8.963092,0 -48.167518,-8.962799,0</coordinates></LineString></Placemark>
<Placemark><name>3658622</name><styleUrl>#stAL02065015</styleUrl><LineString><coordinates>-48.162973,-8.966671,0 -48.162931,-8.966654,0</coordinates></LineString></Placemark>
<Placemark><name>3638247</name><styleUrl>#stAL02065015</styleUrl><LineString><coordinates>-48.163441,-8.966475,0 -48.162973,-8.966671,0</coordinates></LineString></Placemark>
<Placemark><name>3097984</name><styleUrl>#stAL02065015</styleUrl><LineString><coordinates>-48.164826,-8.963720,0 -48.165922,-8.962293,0</coordinates></LineString></Placemark>
<Placemark><name>3087652</name><styleUrl>#stAL02065015</styleUrl><LineString><coordinates>-48.163420,-8.965519,0 -48.164826,-8.963720,0</coordinates></LineString></Placemark>
<Placemark><name>3658543</name><styleUrl>#stAL02065015</styleUrl><LineString><coordinates>-48.162972,-8.966674,0 -48.162956,-8.966693,0</coordinates></LineString></Placemark>
<Placemark><name>3658623</name><styleUrl>#stAL02065015</styleUrl><LineString><coordinates>-48.162955,-8.966694,0 -48.162940,-8.966700,0</coordinates></LineString></Placemark>
<Placemark><name>3638248</name><styleUrl>#stAL02065015</styleUrl><LineString><coordinates>-48.162914,-8.966696,0 -48.162595,-8.966829,0</coordinates></LineString></Placemark>
<Placemark><name>3658544</name><styleUrl>#stAL02065015</styleUrl><LineString><coordinates>-48.162938,-8.966700,0 -48.162914,-8.966696,0</coordinates></LineString></Placemark>
<Placemark><name>3658545</name><styleUrl>#stAL02065015</styleUrl><LineString><coordinates>-48.162914,-8.966696,0 -48.162930,-8.966659,0</coordinates></LineString></Placemark>
<Placemark><name>3536126</name><styleUrl>#stAL02065015</styleUrl><LineString><coordinates>-48.162595,-8.966829,0 -48.162740,-8.966960,0</coordinates></LineString></Placemark>
<Placemark><name>3536125</name><styleUrl>#stAL02065015</styleUrl><LineString><coordinates>-48.162595,-8.966829,0 -48.162560,-8.966793,0</coordinates></LineString></Placemark>
<Placemark><name>3090651</name><styleUrl>#stAL02065015</styleUrl><LineString><coordinates>-48.162595,-8.966829,0 -48.161036,-8.967480,0</coordinates></LineString></Placemark>
<Placemark><name>3098622</name><styleUrl>#stAL02065015</styleUrl><LineString><coordinates>-48.161036,-8.967480,0 -48.160105,-8.967886,0</coordinates></LineString></Placemark>
<Placemark><name>12072320</name><styleUrl>#stAL02065015</styleUrl><LineString><coordinates>-48.160105,-8.967886,0 -48.160074,-8.967901,0</coordinates></LineString></Placemark>
<Placemark><name>3104616</name><styleUrl>#stAL02065015</styleUrl><LineString><coordinates>-48.160074,-8.967901,0 -48.159517,-8.968167,0</coordinates></LineString></Placemark>
<Placemark><name>12072321</name><styleUrl>#stAL02065015</styleUrl><LineString><coordinates>-48.159517,-8.968167,0 -48.159483,-8.968185,0</coordinates></LineString></Placemark>
<Placemark><name>2950466</name><styleUrl>#stAL02065015</styleUrl><LineString><coordinates>-48.159483,-8.968185,0 -48.158622,-8.968615,0</coordinates></LineString></Placemark>
<Placemark><name>3535537</name><styleUrl>#stAL02065015</styleUrl><LineString><coordinates>-48.158622,-8.968615,0 -48.158507,-8.968673,0</coordinates></LineString></Placemark>
<Placemark><name>3535535</name><styleUrl>#stAL02065015</styleUrl><LineString><coordinates>-48.158622,-8.968615,0 -48.158652,-8.968706,0</coordinates></LineString></Placemark>
<Placemark><name>3535536</name><styleUrl>#stAL02065015</styleUrl><LineString><coordinates>-48.158622,-8.968615,0 -48.158402,-8.968118,0</coordinates></LineString></Placemark>
<Placemark><name>12026127</name><styleUrl>#stAL02065015</styleUrl><LineString><coordinates>-48.158507,-8.968673,0 -48.158476,-8.968688,0</coordinates></LineString></Placemark>
<Placemark><name>12074098</name><styleUrl>#stAL02065015</styleUrl><LineString><coordinates>-48.158652,-8.968706,0 -48.158680,-8.968726,0</coordinates></LineString></Placemark>
<Placemark><name>3097979</name><styleUrl>#stAL02065015</styleUrl><LineString><coordinates>-48.158402,-8.968118,0 -48.157930,-8.967055,0</coordinates></LineString></Placemark>
<Placemark><name>2779608</name><styleUrl>#stAL02065015</styleUrl><LineString><coordinates>-48.158476,-8.968688,0 -48.158194,-8.968829,0</coordinates></LineString></Placemark>
<Placemark><name>3098037</name><styleUrl>#stAL02065015</styleUrl><LineString><coordinates>-48.158680,-8.968726,0 -48.159635,-8.969367,0</coordinates></LineString></Placemark>
<Placemark><name>2971144</name><styleUrl>#stAL02065015</styleUrl><LineString><coordinates>-48.158194,-8.968829,0 -48.157918,-8.968897,0</coordinates></LineString></Placemark>
<Placemark><name>12072325</name><styleUrl>#stAL02065015</styleUrl><LineString><coordinates>-48.159635,-8.969367,0 -48.159665,-8.969384,0</coordinates></LineString></Placemark>
<Placemark><name>12030144</name><styleUrl>#stAL02065015</styleUrl><LineString><coordinates>-48.157918,-8.968897,0 -48.157885,-8.968907,0</coordinates></LineString></Placemark>
<Placemark><name>3098039</name><styleUrl>#stAL02065015</styleUrl><LineString><coordinates>-48.159665,-8.969384,0 -48.160052,-8.969576,0</coordinates></LineString></Placemark>
<Placemark><name>3004165</name><styleUrl>#stAL02065015</styleUrl><LineString><coordinates>-48.157885,-8.968907,0 -48.157587,-8.968970,0</coordinates></LineString></Placemark>
<Placemark><name>3459479</name><styleUrl>#stAL02065015</styleUrl><LineString><coordinates>-48.160953,-8.965360,0 -48.160757,-8.965189,0</coordinates></LineString></Placemark>
<Placemark><name>3236130</name><styleUrl>#stAL02065015</styleUrl><LineString><coordinates>-48.160757,-8.965189,0 -48.158958,-8.963609,0</coordinates></LineString></Placemark>
<Placemark><name>3459481</name><styleUrl>#stAL02065015</styleUrl><LineString><coordinates>-48.160757,-8.965189,0 -48.160862,-8.965118,0</coordinates></LineString></Placemark>
<Placemark><name>3459482</name><styleUrl>#stAL02065015</styleUrl><LineString><coordinates>-48.160757,-8.965189,0 -48.159242,-8.965833,0</coordinates></LineString></Placemark>
<Placemark><name>12072326</name><styleUrl>#stAL02065015</styleUrl><LineString><coordinates>-48.160979,-8.965381,0 -48.160953,-8.965360,0</coordinates></LineString></Placemark>
<Placemark><name>3089578</name><styleUrl>#stAL02065015</styleUrl><LineString><coordinates>-48.158958,-8.963609,0 -48.158642,-8.963334,0</coordinates></LineString></Placemark>
<Placemark><name>3459488</name><styleUrl>#stAL02065015</styleUrl><LineString><coordinates>-48.159242,-8.965833,0 -48.158938,-8.965949,0</coordinates></LineString></Placemark>
<Placemark><name>3186655</name><styleUrl>#stAL02065015</styleUrl><LineString><coordinates>-48.161182,-8.965560,0 -48.160979,-8.965381,0</coordinates></LineString></Placemark>
<Placemark><name>3186656</name><styleUrl>#stAL02065015</styleUrl><LineString><coordinates>-48.162534,-8.966768,0 -48.161182,-8.965560,0</coordinates></LineString></Placemark>
<Placemark><name>Suporte Chave DJ_AL02065015_FICT</name><styleUrl>#stAL02065015</styleUrl><LineString><coordinates>-48.175458,-8.978758,0 -48.175293,-8.978782,0</coordinates></LineString></Placemark>
<Placemark><name>Suporte Chave 8825887015</name><styleUrl>#stAL02065015</styleUrl><LineString><coordinates>-48.174977,-8.978701,0 -48.174991,-8.978678,0</coordinates></LineString></Placemark>
<Placemark><name>Suporte Chave 8800001015</name><styleUrl>#stAL02065015</styleUrl><LineString><coordinates>-48.175232,-8.978237,0 -48.175250,-8.978206,0</coordinates></LineString></Placemark>
<Placemark><name>Suporte Chave 8801133015</name><styleUrl>#stAL02065015</styleUrl><LineString><coordinates>-48.176286,-8.973206,0 -48.176284,-8.973181,0</coordinates></LineString></Placemark>
<Placemark><name>Suporte Chave 8800002015</name><styleUrl>#stAL02065015</styleUrl><LineString><coordinates>-48.176530,-8.973898,0 -48.176561,-8.973897,0</coordinates></LineString></Placemark>
<Placemark><name>Suporte Chave 8800007015</name><styleUrl>#stAL02065015</styleUrl><LineString><coordinates>-48.176053,-8.972096,0 -48.176024,-8.972098,0</coordinates></LineString></Placemark>
<Placemark><name>Suporte Chave 8800004015</name><styleUrl>#stAL02065015</styleUrl><LineString><coordinates>-48.176196,-8.971958,0 -48.176194,-8.971918,0</coordinates></LineString></Placemark>
<Placemark><name>Suporte Chave 8800009015</name><styleUrl>#stAL02065015</styleUrl><LineString><coordinates>-48.173247,-8.971943,0 -48.173245,-8.971918,0</coordinates></LineString></Placemark>
<Placemark><name>Suporte Chave 8800015015</name><styleUrl>#stAL02065015</styleUrl><LineString><coordinates>-48.173282,-8.972282,0 -48.173285,-8.972308,0</coordinates></LineString></Placemark>
<Placemark><name>Suporte Chave 7957620015</name><styleUrl>#stAL02065015</styleUrl><LineString><coordinates>-48.173223,-8.971688,0 -48.173220,-8.971653,0</coordinates></LineString></Placemark>
<Placemark><name>Suporte Chave 8852282015</name><styleUrl>#stAL02065015</styleUrl><LineString><coordinates>-48.173479,-8.973022,0 -48.173508,-8.973020,0</coordinates></LineString></Placemark>
<Placemark><name>Suporte Chave 8800011015</name><styleUrl>#stAL02065015</styleUrl><LineString><coordinates>-48.171139,-8.971260,0 -48.171112,-8.971225,0</coordinates></LineString></Placemark>
<Placemark><name>Suporte Chave 8800253018</name><styleUrl>#stAL02065015</styleUrl><LineString><coordinates>-48.163470,-8.966463,0 -48.163441,-8.966475,0</coordinates></LineString></Placemark>
<Placemark><name>Suporte Chave 7931906018</name><styleUrl>#stAL02065015</styleUrl><LineString><coordinates>-48.162956,-8.966693,0 -48.162955,-8.966694,0</coordinates></LineString></Placemark>
<Placemark><name>Suporte Chave 8031906018</name><styleUrl>#stAL02065015</styleUrl><LineString><coordinates>-48.162931,-8.966654,0 -48.162930,-8.966659,0</coordinates></LineString></Placemark>
</Folder></Folder>
<Folder><name>Circ_LD01065015 (38 trechos · 2.7 km · 3 chaves)</name><Folder><name>Chave</name>
<Placemark><name>DJ_LD01065015_FICT</name><styleUrl>#mapDaimonCorBranco</styleUrl><Point><coordinates>-48.175363,-8.978829,0</coordinates></Point></Placemark>
<Placemark><name>8800739015</name><styleUrl>#mapDaimonCorAzul</styleUrl><Point><coordinates>-48.163455,-8.980268,0</coordinates></Point></Placemark>
<Placemark><name>8800619015</name><styleUrl>#mapDaimonCorAzul</styleUrl><Point><coordinates>-48.175207,-8.978887,0</coordinates></Point></Placemark>
</Folder><Folder><name>Trecho</name>
<Placemark><name>3563661</name><styleUrl>#stLD01065015</styleUrl><LineString><coordinates>-48.175268,-8.978901,0 -48.175210,-8.978887,0</coordinates></LineString></Placemark>
<Placemark><name>3587867</name><styleUrl>#stLD01065015</styleUrl><LineString><coordinates>-48.175210,-8.978887,0 -48.175072,-8.978850,0</coordinates></LineString></Placemark>
<Placemark><name>2979166</name><styleUrl>#stLD01065015</styleUrl><LineString><coordinates>-48.175072,-8.978850,0 -48.174927,-8.978814,0</coordinates></LineString></Placemark>
<Placemark><name>12110825</name><styleUrl>#stLD01065015</styleUrl><LineString><coordinates>-48.174927,-8.978814,0 -48.174902,-8.978828,0</coordinates></LineString></Placemark>
<Placemark><name>3626989</name><styleUrl>#stLD01065015</styleUrl><LineString><coordinates>-48.174902,-8.978828,0 -48.174761,-8.979118,0</coordinates></LineString></Placemark>
<Placemark><name>12117245</name><styleUrl>#stLD01065015</styleUrl><LineString><coordinates>-48.174761,-8.979118,0 -48.174747,-8.979151,0</coordinates></LineString></Placemark>
<Placemark><name>3188062</name><styleUrl>#stLD01065015</styleUrl><LineString><coordinates>-48.174747,-8.979151,0 -48.173392,-8.982415,0</coordinates></LineString></Placemark>
<Placemark><name>27396564</name><styleUrl>#stLD01065015</styleUrl><LineString><coordinates>-48.173392,-8.982415,0 -48.172731,-8.984077,0</coordinates></LineString></Placemark>
<Placemark><name>12105521</name><styleUrl>#stLD01065015</styleUrl><LineString><coordinates>-48.172731,-8.984077,0 -48.172709,-8.984087,0</coordinates></LineString></Placemark>
<Placemark><name>2945503</name><styleUrl>#stLD01065015</styleUrl><LineString><coordinates>-48.172709,-8.984087,0 -48.170311,-8.983214,0</coordinates></LineString></Placemark>
<Placemark><name>27580685</name><styleUrl>#stLD01065015</styleUrl><LineString><coordinates>-48.170311,-8.983214,0 -48.170281,-8.983205,0</coordinates></LineString></Placemark>
<Placemark><name>27580673</name><styleUrl>#stLD01065015</styleUrl><LineString><coordinates>-48.170281,-8.983205,0 -48.170166,-8.983202,0</coordinates></LineString></Placemark>
<Placemark><name>12112210</name><styleUrl>#stLD01065015</styleUrl><LineString><coordinates>-48.170166,-8.983202,0 -48.170143,-8.983211,0</coordinates></LineString></Placemark>
<Placemark><name>2961490</name><styleUrl>#stLD01065015</styleUrl><LineString><coordinates>-48.170143,-8.983211,0 -48.169927,-8.983854,0</coordinates></LineString></Placemark>
<Placemark><name>12112211</name><styleUrl>#stLD01065015</styleUrl><LineString><coordinates>-48.169927,-8.983854,0 -48.169906,-8.983877,0</coordinates></LineString></Placemark>
<Placemark><name>3466561</name><styleUrl>#stLD01065015</styleUrl><LineString><coordinates>-48.169906,-8.983877,0 -48.167524,-8.982746,0</coordinates></LineString></Placemark>
<Placemark><name>12112207</name><styleUrl>#stLD01065015</styleUrl><LineString><coordinates>-48.167524,-8.982746,0 -48.167493,-8.982731,0</coordinates></LineString></Placemark>
<Placemark><name>3169120</name><styleUrl>#stLD01065015</styleUrl><LineString><coordinates>-48.167493,-8.982731,0 -48.165712,-8.982138,0</coordinates></LineString></Placemark>
<Placemark><name>3536436</name><styleUrl>#stLD01065015</styleUrl><LineString><coordinates>-48.165712,-8.982138,0 -48.165850,-8.981859,0</coordinates></LineString></Placemark>
<Placemark><name>3536435</name><styleUrl>#stLD01065015</styleUrl><LineString><coordinates>-48.165712,-8.982138,0 -48.165678,-8.982128,0</coordinates></LineString></Placemark>
<Placemark><name>3186559</name><styleUrl>#stLD01065015</styleUrl><LineString><coordinates>-48.165712,-8.982138,0 -48.165033,-8.983519,0</coordinates></LineString></Placemark>
<Placemark><name>12088038</name><styleUrl>#stLD01065015</styleUrl><LineString><coordinates>-48.165033,-8.983519,0 -48.165019,-8.983513,0</coordinates></LineString></Placemark>
<Placemark><name>3186561</name><styleUrl>#stLD01065015</styleUrl><LineString><coordinates>-48.165033,-8.983519,0 -48.164892,-8.983788,0</coordinates></LineString></Placemark>
<Placemark><name>3186560</name><styleUrl>#stLD01065015</styleUrl><LineString><coordinates>-48.165019,-8.983513,0 -48.164833,-8.983489,0</coordinates></LineString></Placemark>
<Placemark><name>12112093</name><styleUrl>#stLD01065015</styleUrl><LineString><coordinates>-48.164833,-8.983489,0 -48.164816,-8.983487,0</coordinates></LineString></Placemark>
<Placemark><name>3108673</name><styleUrl>#stLD01065015</styleUrl><LineString><coordinates>-48.164816,-8.983487,0 -48.164833,-8.983272,0</coordinates></LineString></Placemark>
<Placemark><name>3108674</name><styleUrl>#stLD01065015</styleUrl><LineString><coordinates>-48.164816,-8.983487,0 -48.164797,-8.983607,0</coordinates></LineString></Placemark>
<Placemark><name>12082801</name><styleUrl>#stLD01065015</styleUrl><LineString><coordinates>-48.164833,-8.983272,0 -48.164836,-8.983237,0</coordinates></LineString></Placemark>
<Placemark><name>3108671</name><styleUrl>#stLD01065015</styleUrl><LineString><coordinates>-48.164836,-8.983237,0 -48.164969,-8.981467,0</coordinates></LineString></Placemark>
<Placemark><name>12110718</name><styleUrl>#stLD01065015</styleUrl><LineString><coordinates>-48.164969,-8.981467,0 -48.164958,-8.981455,0</coordinates></LineString></Placemark>
<Placemark><name>3186556</name><styleUrl>#stLD01065015</styleUrl><LineString><coordinates>-48.164969,-8.981467,0 -48.164986,-8.981260,0</coordinates></LineString></Placemark>
<Placemark><name>2535384</name><styleUrl>#stLD01065015</styleUrl><LineString><coordinates>-48.164958,-8.981455,0 -48.163624,-8.980326,0</coordinates></LineString></Placemark>
<Placemark><name>3108378</name><styleUrl>#stLD01065015</styleUrl><LineString><coordinates>-48.163624,-8.980326,0 -48.163597,-8.980354,0</coordinates></LineString></Placemark>
<Placemark><name>2976144</name><styleUrl>#stLD01065015</styleUrl><LineString><coordinates>-48.163286,-8.980209,0 -48.160241,-8.979147,0</coordinates></LineString></Placemark>
<Placemark><name>3666734</name><styleUrl>#stLD01065015</styleUrl><LineString><coordinates>-48.175205,-8.978887,0 -48.175190,-8.978894,0</coordinates></LineString></Placemark>
<Placemark><name>Suporte Chave DJ_LD01065015_FICT</name><styleUrl>#stLD01065015</styleUrl><LineString><coordinates>-48.175458,-8.978758,0 -48.175268,-8.978901,0</coordinates></LineString></Placemark>
<Placemark><name>Suporte Chave 8800739015</name><styleUrl>#stLD01065015</styleUrl><LineString><coordinates>-48.163624,-8.980326,0 -48.163286,-8.980209,0</coordinates></LineString></Placemark>
<Placemark><name>Suporte Chave 8800619015</name><styleUrl>#stLD01065015</styleUrl><LineString><coordinates>-48.175210,-8.978887,0 -48.175205,-8.978887,0</coordinates></LineString></Placemark>
</Folder></Folder>
<Folder><name>Circ_LD02065015 (39 trechos · 5.5 km · 5 chaves)</name><Folder><name>Chave</name>
<Placemark><name>DJ_LD02065015_FICT</name><styleUrl>#mapDaimonCorBranco</styleUrl><Point><coordinates>-48.175356,-8.978855,0</coordinates></Point></Placemark>
<Placemark><name>8801170015</name><styleUrl>#mapDaimonCorAzul</styleUrl><Point><coordinates>-48.175194,-8.978938,0</coordinates></Point></Placemark>
<Placemark><name>8846636015</name><styleUrl>#mapDaimonCorAzul</styleUrl><Point><coordinates>-48.168021,-9.000122,0</coordinates></Point></Placemark>
<Placemark><name>8846448015</name><styleUrl>#mapDaimonCorAzul</styleUrl><Point><coordinates>-48.169454,-9.010342,0</coordinates></Point></Placemark>
<Placemark><name>7946713015</name><styleUrl>#mapDaimonCorVerde</styleUrl><Point><coordinates>-48.171142,-9.016882,0</coordinates></Point></Placemark>
</Folder><Folder><name>Trecho</name>
<Placemark><name>3194770</name><styleUrl>#stLD02065015</styleUrl><LineString><coordinates>-48.175254,-8.978952,0 -48.175196,-8.978939,0</coordinates></LineString></Placemark>
<Placemark><name>12087840</name><styleUrl>#stLD02065015</styleUrl><LineString><coordinates>-48.167673,-8.997638,0 -48.167668,-8.997669,0</coordinates></LineString></Placemark>
<Placemark><name>72333574</name><styleUrl>#stLD02065015</styleUrl><LineString><coordinates>-48.167257,-8.995155,0 -48.167673,-8.997638,0</coordinates></LineString></Placemark>
<Placemark><name>72333533</name><styleUrl>#stLD02065015</styleUrl><LineString><coordinates>-48.167668,-8.997669,0 -48.167902,-8.999301,0</coordinates></LineString></Placemark>
<Placemark><name>72333807</name><styleUrl>#stLD02065015</styleUrl><LineString><coordinates>-48.167257,-8.995155,0 -48.167627,-8.994898,0</coordinates></LineString></Placemark>
<Placemark><name>72333646</name><styleUrl>#stLD02065015</styleUrl><LineString><coordinates>-48.165446,-8.991670,0 -48.167257,-8.995155,0</coordinates></LineString></Placemark>
<Placemark><name>72333504</name><styleUrl>#stLD02065015</styleUrl><LineString><coordinates>-48.167902,-8.999301,0 -48.168019,-9.000109,0</coordinates></LineString></Placemark>
<Placemark><name>44271193</name><styleUrl>#stLD02065015</styleUrl><LineString><coordinates>-48.165336,-8.991493,0 -48.165446,-8.991670,0</coordinates></LineString></Placemark>
<Placemark><name>3460584</name><styleUrl>#stLD02065015</styleUrl><LineString><coordinates>-48.165336,-8.991493,0 -48.165671,-8.991333,0</coordinates></LineString></Placemark>
<Placemark><name>72333656</name><styleUrl>#stLD02065015</styleUrl><LineString><coordinates>-48.163941,-8.989243,0 -48.165336,-8.991493,0</coordinates></LineString></Placemark>
<Placemark><name>3460590</name><styleUrl>#stLD02065015</styleUrl><LineString><coordinates>-48.163941,-8.989243,0 -48.163360,-8.989309,0</coordinates></LineString></Placemark>
<Placemark><name>72334293</name><styleUrl>#stLD02065015</styleUrl><LineString><coordinates>-48.170786,-8.986705,0 -48.163941,-8.989243,0</coordinates></LineString></Placemark>
<Placemark><name>12159568</name><styleUrl>#stLD02065015</styleUrl><LineString><coordinates>-48.163360,-8.989309,0 -48.163330,-8.989321,0</coordinates></LineString></Placemark>
<Placemark><name>72334213</name><styleUrl>#stLD02065015</styleUrl><LineString><coordinates>-48.171102,-8.986711,0 -48.170786,-8.986705,0</coordinates></LineString></Placemark>
<Placemark><name>3460591</name><styleUrl>#stLD02065015</styleUrl><LineString><coordinates>-48.163330,-8.989321,0 -48.163162,-8.989461,0</coordinates></LineString></Placemark>
<Placemark><name>12105515</name><styleUrl>#stLD02065015</styleUrl><LineString><coordinates>-48.171135,-8.986706,0 -48.171102,-8.986711,0</coordinates></LineString></Placemark>
<Placemark><name>72334222</name><styleUrl>#stLD02065015</styleUrl><LineString><coordinates>-48.171451,-8.986580,0 -48.171135,-8.986706,0</coordinates></LineString></Placemark>
<Placemark><name>12105516</name><styleUrl>#stLD02065015</styleUrl><LineString><coordinates>-48.171479,-8.986563,0 -48.171451,-8.986580,0</coordinates></LineString></Placemark>
<Placemark><name>72334055</name><styleUrl>#stLD02065015</styleUrl><LineString><coordinates>-48.171733,-8.986252,0 -48.171479,-8.986563,0</coordinates></LineString></Placemark>
<Placemark><name>12105522</name><styleUrl>#stLD02065015</styleUrl><LineString><coordinates>-48.171751,-8.986224,0 -48.171733,-8.986252,0</coordinates></LineString></Placemark>
<Placemark><name>72334089</name><styleUrl>#stLD02065015</styleUrl><LineString><coordinates>-48.174869,-8.978863,0 -48.171751,-8.986224,0</coordinates></LineString></Placemark>
<Placemark><name>12117864</name><styleUrl>#stLD02065015</styleUrl><LineString><coordinates>-48.174902,-8.978873,0 -48.174869,-8.978863,0</coordinates></LineString></Placemark>
<Placemark><name>3600092</name><styleUrl>#stLD02065015</styleUrl><LineString><coordinates>-48.175150,-8.978929,0 -48.174902,-8.978873,0</coordinates></LineString></Placemark>
<Placemark><name>12115125</name><styleUrl>#stLD02065015</styleUrl><LineString><coordinates>-48.175150,-8.978929,0 -48.175183,-8.978922,0</coordinates></LineString></Placemark>
<Placemark><name>3664767</name><styleUrl>#stLD02065015</styleUrl><LineString><coordinates>-48.175192,-8.978938,0 -48.175150,-8.978929,0</coordinates></LineString></Placemark>
<Placemark><name>3629167</name><styleUrl>#stLD02065015</styleUrl><LineString><coordinates>-48.175183,-8.978922,0 -48.175190,-8.978894,0</coordinates></LineString></Placemark>
<Placemark><name>25644036</name><styleUrl>#stLD02065015</styleUrl><LineString><coordinates>-48.169334,-9.009875,0 -48.169451,-9.010330,0</coordinates></LineString></Placemark>
<Placemark><name>72333095</name><styleUrl>#stLD02065015</styleUrl><LineString><coordinates>-48.169274,-9.009317,0 -48.169334,-9.009875,0</coordinates></LineString></Placemark>
<Placemark><name>72333360</name><styleUrl>#stLD02065015</styleUrl><LineString><coordinates>-48.168024,-9.000136,0 -48.169274,-9.009317,0</coordinates></LineString></Placemark>
<Placemark><name>72333102</name><styleUrl>#stLD02065015</styleUrl><LineString><coordinates>-48.169457,-9.010353,0 -48.170286,-9.013573,0</coordinates></LineString></Placemark>
<Placemark><name>72333104</name><styleUrl>#stLD02065015</styleUrl><LineString><coordinates>-48.170286,-9.013573,0 -48.170930,-9.016074,0</coordinates></LineString></Placemark>
<Placemark><name>72333070</name><styleUrl>#stLD02065015</styleUrl><LineString><coordinates>-48.170930,-9.016074,0 -48.171135,-9.016855,0</coordinates></LineString></Placemark>
<Placemark><name>72333464</name><styleUrl>#stLD02065015</styleUrl><LineString><coordinates>-48.170930,-9.016074,0 -48.171245,-9.016061,0</coordinates></LineString></Placemark>
<Placemark><name>3640466</name><styleUrl>#stLD02065015</styleUrl><LineString><coordinates>-48.171149,-9.016908,0 -48.171349,-9.018252,0</coordinates></LineString></Placemark>
<Placemark><name>Suporte Chave DJ_LD02065015_FICT</name><styleUrl>#stLD02065015</styleUrl><LineString><coordinates>-48.175458,-8.978758,0 -48.175254,-8.978952,0</coordinates></LineString></Placemark>
<Placemark><name>Suporte Chave 8801170015</name><styleUrl>#stLD02065015</styleUrl><LineString><coordinates>-48.175196,-8.978939,0 -48.175192,-8.978938,0</coordinates></LineString></Placemark>
<Placemark><name>Suporte Chave 8846636015</name><styleUrl>#stLD02065015</styleUrl><LineString><coordinates>-48.168019,-9.000109,0 -48.168024,-9.000136,0</coordinates></LineString></Placemark>
<Placemark><name>Suporte Chave 8846448015</name><styleUrl>#stLD02065015</styleUrl><LineString><coordinates>-48.169451,-9.010330,0 -48.169457,-9.010353,0</coordinates></LineString></Placemark>
<Placemark><name>Suporte Chave 7946713015</name><styleUrl>#stLD02065015</styleUrl><LineString><coordinates>-48.171135,-9.016855,0 -48.171149,-9.016908,0</coordinates></LineString></Placemark>
</Folder></Folder>
<Folder><name>Postes no perimetro (3135)</name>
<Placemark><name>99539</name><description>AL01065015</description><styleUrl>#stPoste</styleUrl><Point><coordinates>-48.172353,-8.980897,0</coordinates></Point></Placemark>
<Placemark><name>121414</name><description>AL01065015</description><styleUrl>#stPoste</styleUrl><Point><coordinates>-48.169893,-8.98608,0</coordinates></Point></Placemark>
<Placemark><name>527648</name><description>AL01065015</description><styleUrl>#stPoste</styleUrl><Point><coordinates>-48.172668,-8.992776,0</coordinates></Point></Placemark>
<Placemark><name>936772</name><description>AL01065015</description><styleUrl>#stPoste</styleUrl><Point><coordinates>-48.165521,-8.980586,0</coordinates></Point></Placemark>
<Placemark><name>937362</name><description>AL01065015</description><styleUrl>#stPoste</styleUrl><Point><coordinates>-48.17485,-9.001881,0</coordinates></Point></Placemark>
<Placemark><name>938230</name><description>AL01065015</description><styleUrl>#stPoste</styleUrl><Point><coordinates>-48.161407,-8.989747,0</coordinates></Point></Placemark>
<Placemark><name>938408</name><description>AL01065015</description><styleUrl>#stPoste</styleUrl><Point><coordinates>-48.174429,-9.000062,0</coordinates></Point></Placemark>
<Placemark><name>938516</name><description>AL01065015</description><styleUrl>#stPoste</styleUrl><Point><coordinates>-48.166065,-8.980905,0</coordinates></Point></Placemark>
<Placemark><name>939880</name><description>AL01065015</description><styleUrl>#stPoste</styleUrl><Point><coordinates>-48.158397,-8.992447,0</coordinates></Point></Placemark>
<Placemark><name>942540</name><description>AL01065015</description><styleUrl>#stPoste</styleUrl><Point><coordinates>-48.165345,-8.997901,0</coordinates></Point></Placemark>
<Placemark><name>951841</name><description>AL01065015</description><styleUrl>#stPoste</styleUrl><Point><coordinates>-48.167777,-8.997324,0</coordinates></Point></Placemark>
<Placemark><name>967125</name><description>AL01065015</description><styleUrl>#stPoste</styleUrl><Point><coordinates>-48.174946,-8.978752,0</coordinates></Point></Placemark>
<Placemark><name>967769</name><description>AL01065015</description><styleUrl>#stPoste</styleUrl><Point><coordinates>-48.172994,-8.984092,0</coordinates></Point></Placemark>
<Placemark><name>1097610</name><description>AL01065015</description><styleUrl>#stPoste</styleUrl><Point><coordinates>-48.161788,-8.991511,0</coordinates></Point></Placemark>
<Placemark><name>1250590</name><description>AL01065015</description><styleUrl>#stPoste</styleUrl><Point><coordinates>-48.16193,-8.988399,0</coordinates></Point></Placemark>
<Placemark><name>1289745</name><description>AL01065015</description><styleUrl>#stPoste</styleUrl><Point><coordinates>-48.164873,-8.996599,0</coordinates></Point></Placemark>
<Placemark><name>1289746</name><description>AL01065015</description><styleUrl>#stPoste</styleUrl><Point><coordinates>-48.160747,-8.995744,0</coordinates></Point></Placemark>
<Placemark><name>1289765</name><description>AL01065015</description><styleUrl>#stPoste</styleUrl><Point><coordinates>-48.160661,-8.996257,0</coordinates></Point></Placemark>
<Placemark><name>1290058</name><description>AL01065015</description><styleUrl>#stPoste</styleUrl><Point><coordinates>-48.162087,-8.994308,0</coordinates></Point></Placemark>
<Placemark><name>1290394</name><description>AL01065015</description><styleUrl>#stPoste</styleUrl><Point><coordinates>-48.164853,-8.992009,0</coordinates></Point></Placemark>
<Placemark><name>1290396</name><description>AL01065015</description><styleUrl>#stPoste</styleUrl><Point><coordinates>-48.165982,-8.995924,0</coordinates></Point></Placemark>
<Placemark><name>1385251</name><description>AL01065015</description><styleUrl>#stPoste</styleUrl><Point><coordinates>-48.16701,-8.984365,0</coordinates></Point></Placemark>
<Placemark><name>1783120</name><description>AL01065015</description><styleUrl>#stPoste</styleUrl><Point><coordinates>-48.166,-8.980355,0</coordinates></Point></Placemark>
<Placemark><name>1783186</name><description>AL01065015</description><styleUrl>#stPoste</styleUrl><Point><coordinates>-48.173746,-9.003124,0</coordinates></Point></Placemark>
<Placemark><name>1783601</name><description>AL01065015</description><styleUrl>#stPoste</styleUrl><Point><coordinates>-48.170308,-9.002846,0</coordinates></Point></Placemark>
<Placemark><name>1783614</name><description>AL01065015</description><styleUrl>#stPoste</styleUrl><Point><coordinates>-48.169362,-9.003524,0</coordinates></Point></Placemark>
<Placemark><name>1783615</name><description>AL01065015</description><styleUrl>#stPoste</styleUrl><Point><coordinates>-48.169736,-9.003474,0</coordinates></Point></Placemark>
<Placemark><name>1783695</name><description>AL01065015</description><styleUrl>#stPoste</styleUrl><Point><coordinates>-48.172963,-8.997041,0</coordinates></Point></Placemark>
<Placemark><name>1783813</name><description>AL01065015</description><styleUrl>#stPoste</styleUrl><Point><coordinates>-48.158497,-8.993219,0</coordinates></Point></Placemark>
<Placemark><name>1783938</name><description>AL01065015</description><styleUrl>#stPoste</styleUrl><Point><coordinates>-48.172315,-8.999435,0</coordinates></Point></Placemark>
<Placemark><name>1784050</name><description>AL01065015</description><styleUrl>#stPoste</styleUrl><Point><coordinates>-48.173425,-8.99516,0</coordinates></Point></Placemark>
<Placemark><name>1791705</name><description>AL01065015</description><styleUrl>#stPoste</styleUrl><Point><coordinates>-48.176729,-9.006341,0</coordinates></Point></Placemark>
<Placemark><name>1791850</name><description>AL01065015</description><styleUrl>#stPoste</styleUrl><Point><coordinates>-48.167231,-9.000571,0</coordinates></Point></Placemark>
<Placemark><name>1791995</name><description>AL01065015</description><styleUrl>#stPoste</styleUrl><Point><coordinates>-48.16518,-9.00038,0</coordinates></Point></Placemark>
<Placemark><name>1792026</name><description>AL01065015</description><styleUrl>#stPoste</styleUrl><Point><coordinates>-48.168233,-8.974766,0</coordinates></Point></Placemark>
<Placemark><name>1792096</name><description>AL01065015</description><styleUrl>#stPoste</styleUrl><Point><coordinates>-48.172543,-8.994713,0</coordinates></Point></Placemark>
<Placemark><name>1792217</name><description>AL01065015</description><styleUrl>#stPoste</styleUrl><Point><coordinates>-48.170076,-8.994148,0</coordinates></Point></Placemark>
<Placemark><name>1792904</name><description>AL01065015</description><styleUrl>#stPoste</styleUrl><Point><coordinates>-48.167666,-8.979494,0</coordinates></Point></Placemark>
<Placemark><name>1792970</name><description>AL01065015</description><styleUrl>#stPoste</styleUrl><Point><coordinates>-48.170414,-8.979217,0</coordinates></Point></Placemark>
<Placemark><name>1793017</name><description>AL01065015</description><styleUrl>#stPoste</styleUrl><Point><coordinates>-48.168347,-8.980615,0</coordinates></Point></Placemark>
<Placemark><name>1793025</name><description>AL01065015</description><styleUrl>#stPoste</styleUrl><Point><coordinates>-48.170727,-8.981749,0</coordinates></Point></Placemark>
<Placemark><name>1793110</name><description>AL01065015</description><styleUrl>#stPoste</styleUrl><Point><coordinates>-48.170407,-8.979824,0</coordinates></Point></Placemark>
<Placemark><name>1793545</name><description>AL01065015</description><styleUrl>#stPoste</styleUrl><Point><coordinates>-48.168277,-8.977886,0</coordinates></Point></Placemark>
<Placemark><name>1793548</name><description>AL01065015</description><styleUrl>#stPoste</styleUrl><Point><coordinates>-48.167469,-8.977809,0</coordinates></Point></Placemark>
<Placemark><name>1793554</name><description>AL01065015</description><styleUrl>#stPoste</styleUrl><Point><coordinates>-48.166764,-8.977301,0</coordinates></Point></Placemark>
<Placemark><name>1793632</name><description>AL01065015</description><styleUrl>#stPoste</styleUrl><Point><coordinates>-48.16685,-8.977321,0</coordinates></Point></Placemark>
<Placemark><name>1793980</name><description>AL01065015</description><styleUrl>#stPoste</styleUrl><Point><coordinates>-48.16882,-8.981533,0</coordinates></Point></Placemark>
<Placemark><name>1820589</name><description>AL01065015</description><styleUrl>#stPoste</styleUrl><Point><coordinates>-48.15432,-8.995745,0</coordinates></Point></Placemark>
<Placemark><name>1824980</name><description>AL01065015</description><styleUrl>#stPoste</styleUrl><Point><coordinates>-48.155788,-8.997958,0</coordinates></Point></Placemark>
<Placemark><name>1824996</name><description>AL01065015</description><styleUrl>#stPoste</styleUrl><Point><coordinates>-48.155726,-8.998486,0</coordinates></Point></Placemark>
<Placemark><name>1825093</name><description>AL01065015</description><styleUrl>#stPoste</styleUrl><Point><coordinates>-48.155625,-8.998325,0</coordinates></Point></Placemark>
<Placemark><name>1825103</name><description>AL01065015</description><styleUrl>#stPoste</styleUrl><Point><coordinates>-48.153604,-9.002725,0</coordinates></Point></Placemark>
<Placemark><name>1825371</name><description>AL01065015</description><styleUrl>#stPoste</styleUrl><Point><coordinates>-48.151967,-9.000986,0</coordinates></Point></Placemark>
<Placemark><name>1825387</name><description>AL01065015</description><styleUrl>#stPoste</styleUrl><Point><coordinates>-48.151908,-9.00028,0</coordinates></Point></Placemark>
<Placemark><name>1827103</name><description>AL01065015</description><styleUrl>#stPoste</styleUrl><Point><coordinates>-48.159109,-8.991594,0</coordinates></Point></Placemark>
<Placemark><name>1870023</name><description>AL01065015</description><styleUrl>#stPoste</styleUrl><Point><coordinates>-48.162825,-8.998311,0</coordinates></Point></Placemark>
<Placemark><name>22075505</name><description>AL01065015</description><styleUrl>#stPoste</styleUrl><Point><coordinates>-48.166002,-8.982636,0</coordinates></Point></Placemark>
<Placemark><name>35631924</name><description>AL01065015</description><styleUrl>#stPoste</styleUrl><Point><coordinates>-48.155419,-8.99737,0</coordinates></Point></Placemark>
<Placemark><name>51300438</name><description>AL01065015</description><styleUrl>#stPoste</styleUrl><Point><coordinates>-48.151246,-9.001716,0</coordinates></Point></Placemark>
<Placemark><name>56419126</name><description>AL01065015</description><styleUrl>#stPoste</styleUrl><Point><coordinates>-48.166349,-8.985782,0</coordinates></Point></Placemark>
<Placemark><name>57393635</name><description>AL01065015</description><styleUrl>#stPoste</styleUrl><Point><coordinates>-48.171445,-8.991024,0</coordinates></Point></Placemark>
<Placemark><name>57947604</name><description>AL01065015</description><styleUrl>#stPoste</styleUrl><Point><coordinates>-48.171432,-8.97828,0</coordinates></Point></Placemark>
<Placemark><name>64178340</name><description>AL01065015</description><styleUrl>#stPoste</styleUrl><Point><coordinates>-48.170929,-8.98109,0</coordinates></Point></Placemark>
<Placemark><name>99553</name><description>AL01065015</description><styleUrl>#stPoste</styleUrl><Point><coordinates>-48.163853,-8.98725,0</coordinates></Point></Placemark>
<Placemark><name>527947</name><description>AL01065015</description><styleUrl>#stPoste</styleUrl><Point><coordinates>-48.169165,-9.003182,0</coordinates></Point></Placemark>
<Placemark><name>936906</name><description>AL01065015</description><styleUrl>#stPoste</styleUrl><Point><coordinates>-48.157396,-8.993244,0</coordinates></Point></Placemark>
<Placemark><name>937837</name><description>AL01065015</description><styleUrl>#stPoste</styleUrl><Point><coordinates>-48.166638,-8.984894,0</coordinates></Point></Placemark>
<Placemark><name>938509</name><description>AL01065015</description><styleUrl>#stPoste</styleUrl><Point><coordinates>-48.165616,-8.983931,0</coordinates></Point></Placemark>
<Placemark><name>938511</name><description>AL01065015</description><styleUrl>#stPoste</styleUrl><Point><coordinates>-48.1663,-8.984252,0</coordinates></Point></Placemark>
<Placemark><name>938704</name><description>AL01065015</description><styleUrl>#stPoste</styleUrl><Point><coordinates>-48.17202,-8.999645,0</coordinates></Point></Placemark>
<Placemark><name>939162</name><description>AL01065015</description><styleUrl>#stPoste</styleUrl><Point><coordinates>-48.168661,-9.000407,0</coordinates></Point></Placemark>
<Placemark><name>939482</name><description>AL01065015</description><styleUrl>#stPoste</styleUrl><Point><coordinates>-48.169363,-8.996995,0</coordinates></Point></Placemark>
<Placemark><name>941178</name><description>AL01065015</description><styleUrl>#stPoste</styleUrl><Point><coordinates>-48.174962,-9.001599,0</coordinates></Point></Placemark>
<Placemark><name>965397</name><description>AL01065015</description><styleUrl>#stPoste</styleUrl><Point><coordinates>-48.172808,-8.988946,0</coordinates></Point></Placemark>
<Placemark><name>967763</name><description>AL01065015</description><styleUrl>#stPoste</styleUrl><Point><coordinates>-48.172508,-8.985339,0</coordinates></Point></Placemark>
<Placemark><name>968868</name><description>AL01065015</description><styleUrl>#stPoste</styleUrl><Point><coordinates>-48.175087,-8.978791,0</coordinates></Point></Placemark>
<Placemark><name>1289430</name><description>AL01065015</description><styleUrl>#stPoste</styleUrl><Point><coordinates>-48.162421,-8.993937,0</coordinates></Point></Placemark>
<Placemark><name>1783183</name><description>AL01065015</description><styleUrl>#stPoste</styleUrl><Point><coordinates>-48.174669,-9.002805,0</coordinates></Point></Placemark>
<Placemark><name>1783237</name><description>AL01065015</description><styleUrl>#stPoste</styleUrl><Point><coordinates>-48.174803,-9.004478,0</coordinates></Point></Placemark>
<Placemark><name>1783355</name><description>AL01065015</description><styleUrl>#stPoste</styleUrl><Point><coordinates>-48.167996,-8.984142,0</coordinates></Point></Placemark>
<Placemark><name>1783357</name><description>AL01065015</description><styleUrl>#stPoste</styleUrl><Point><coordinates>-48.166848,-8.983948,0</coordinates></Point></Placemark>
<Placemark><name>1783388</name><description>AL01065015</description><styleUrl>#stPoste</styleUrl><Point><coordinates>-48.168637,-8.996249,0</coordinates></Point></Placemark>
<Placemark><name>1783439</name><description>AL01065015</description><styleUrl>#stPoste</styleUrl><Point><coordinates>-48.173572,-8.997824,0</coordinates></Point></Placemark>
<Placemark><name>1783456</name><description>AL01065015</description><styleUrl>#stPoste</styleUrl><Point><coordinates>-48.171588,-8.978429,0</coordinates></Point></Placemark>
<Placemark><name>1783617</name><description>AL01065015</description><styleUrl>#stPoste</styleUrl><Point><coordinates>-48.16936,-8.997503,0</coordinates></Point></Placemark>
<Placemark><name>1783748</name><description>AL01065015</description><styleUrl>#stPoste</styleUrl><Point><coordinates>-48.168879,-8.999819,0</coordinates></Point></Placemark>
<Placemark><name>1783773</name><description>AL01065015</description><styleUrl>#stPoste</styleUrl><Point><coordinates>-48.169113,-8.984791,0</coordinates></Point></Placemark>
<Placemark><name>1783845</name><description>AL01065015</description><styleUrl>#stPoste</styleUrl><Point><coordinates>-48.172211,-8.984561,0</coordinates></Point></Placemark>
<Placemark><name>1783855</name><description>AL01065015</description><styleUrl>#stPoste</styleUrl><Point><coordinates>-48.168168,-8.996813,0</coordinates></Point></Placemark>
<Placemark><name>1783961</name><description>AL01065015</description><styleUrl>#stPoste</styleUrl><Point><coordinates>-48.167699,-8.981374,0</coordinates></Point></Placemark>
<Placemark><name>1784022</name><description>AL01065015</description><styleUrl>#stPoste</styleUrl><Point><coordinates>-48.173674,-8.978168,0</coordinates></Point></Placemark>
<Placemark><name>1784051</name><description>AL01065015</description><styleUrl>#stPoste</styleUrl><Point><coordinates>-48.17298,-8.995337,0</coordinates></Point></Placemark>
<Placemark><name>1792061</name><description>AL01065015</description><styleUrl>#stPoste</styleUrl><Point><coordinates>-48.167579,-9.001084,0</coordinates></Point></Placemark>
<Placemark><name>1792228</name><description>AL01065015</description><styleUrl>#stPoste</styleUrl><Point><coordinates>-48.169857,-8.993621,0</coordinates></Point></Placemark>
<Placemark><name>1792234</name><description>AL01065015</description><styleUrl>#stPoste</styleUrl><Point><coordinates>-48.17245,-8.994161,0</coordinates></Point></Placemark>
<Placemark><name>1792235</name><description>AL01065015</description><styleUrl>#stPoste</styleUrl><Point><coordinates>-48.172473,-8.994,0</coordinates></Point></Placemark>
<Placemark><name>1792471</name><description>AL01065015</description><styleUrl>#stPoste</styleUrl><Point><coordinates>-48.176366,-9.0053,0</coordinates></Point></Placemark>
<Placemark><name>1792472</name><description>AL01065015</description><styleUrl>#stPoste</styleUrl><Point><coordinates>-48.17648,-9.005627,0</coordinates></Point></Placemark>
<Placemark><name>1793108</name><description>AL01065015</description><styleUrl>#stPoste</styleUrl><Point><coordinates>-48.1704,-8.980492,0</coordinates></Point></Placemark>
<Placemark><name>1793361</name><description>AL01065015</description><styleUrl>#stPoste</styleUrl><Point><coordinates>-48.17394,-8.980589,0</coordinates></Point></Placemark>
<Placemark><name>1793442</name><description>AL01065015</description><styleUrl>#stPoste</styleUrl><Point><coordinates>-48.167648,-8.980588,0</coordinates></Point></Placemark>
<Placemark><name>1793557</name><description>AL01065015</description><styleUrl>#stPoste</styleUrl><Point><coordinates>-48.167223,-8.976701,0</coordinates></Point></Placemark>
<Placemark><name>1793640</name><description>AL01065015</description><styleUrl>#stPoste</styleUrl><Point><coordinates>-48.170417,-8.978951,0</coordinates></Point></Placemark>
<Placemark><name>1793708</name><description>AL01065015</description><styleUrl>#stPoste</styleUrl><Point><coordinates>-48.16842,-8.978767,0</coordinates></Point></Placemark>
<Placemark><name>1793866</name><description>AL01065015</description><styleUrl>#stPoste</styleUrl><Point><coordinates>-48.169161,-8.979739,0</coordinates></Point></Placemark>
<Placemark><name>1820439</name><description>AL01065015</description><styleUrl>#stPoste</styleUrl><Point><coordinates>-48.159831,-8.990847,0</coordinates></Point></Placemark>
<Placemark><name>1825232</name><description>AL01065015</description><styleUrl>#stPoste</styleUrl><Point><coordinates>-48.152663,-8.999281,0</coordinates></Point></Placemark>
<Placemark><name>1870029</name><description>AL01065015</description><styleUrl>#stPoste</styleUrl><Point><coordinates>-48.166055,-8.996196,0</coordinates></Point></Placemark>
<Placemark><name>1870134</name><description>AL01065015</description><styleUrl>#stPoste</styleUrl><Point><coordinates>-48.161239,-8.995657,0</coordinates></Point></Placemark>
<Placemark><name>1870141</name><description>AL01065015</description><styleUrl>#stPoste</styleUrl><Point><coordinates>-48.161088,-8.994567,0</coordinates></Point></Placemark>
<Placemark><name>1870289</name><description>AL01065015</description><styleUrl>#stPoste</styleUrl><Point><coordinates>-48.165247,-8.992598,0</coordinates></Point></Placemark>
<Placemark><name>1870676</name><description>AL01065015</description><styleUrl>#stPoste</styleUrl><Point><coordinates>-48.160333,-8.997469,0</coordinates></Point></Placemark>
<Placemark><name>1895317</name><description>AL01065015</description><styleUrl>#stPoste</styleUrl><Point><coordinates>-48.161134,-8.988468,0</coordinates></Point></Placemark>
<Placemark><name>26533136</name><description>AL01065015</description><styleUrl>#stPoste</styleUrl><Point><coordinates>-48.153466,-8.996765,0</coordinates></Point></Placemark>
<Placemark><name>35632017</name><description>AL01065015</description><styleUrl>#stPoste</styleUrl><Point><coordinates>-48.155232,-8.997797,0</coordinates></Point></Placemark>
<Placemark><name>40919386</name><description>AL01065015</description><styleUrl>#stPoste</styleUrl><Point><coordinates>-48.159002,-8.993521,0</coordinates></Point></Placemark>
<Placemark><name>42279231</name><description>AL01065015</description><styleUrl>#stPoste</styleUrl><Point><coordinates>-48.164994,-8.979714,0</coordinates></Point></Placemark>
<Placemark><name>51115815</name><description>AL01065015</description><styleUrl>#stPoste</styleUrl><Point><coordinates>-48.171233,-8.980112,0</coordinates></Point></Placemark>
<Placemark><name>53117253</name><description>AL01065015</description><styleUrl>#stPoste</styleUrl><Point><coordinates>-48.159612,-8.989706,0</coordinates></Point></Placemark>
<Placemark><name>59416253</name><description>AL01065015</description><styleUrl>#stPoste</styleUrl><Point><coordinates>-48.172363,-8.991865,0</coordinates></Point></Placemark>
<Placemark><name>62190032</name><description>AL01065015</description><styleUrl>#stPoste</styleUrl><Point><coordinates>-48.16317,-8.984375,0</coordinates></Point></Placemark>
<Placemark><name>64178145</name><description>AL01065015</description><styleUrl>#stPoste</styleUrl><Point><coordinates>-48.174483,-8.978866,0</coordinates></Point></Placemark>
<Placemark><name>99554</name><description>AL01065015</description><styleUrl>#stPoste</styleUrl><Point><coordinates>-48.160885,-8.988147,0</coordinates></Point></Placemark>
<Placemark><name>121416</name><description>AL01065015</description><styleUrl>#stPoste</styleUrl><Point><coordinates>-48.166886,-8.987376,0</coordinates></Point></Placemark>
<Placemark><name>937497</name><description>AL01065015</description><styleUrl>#stPoste</styleUrl><Point><coordinates>-48.171186,-8.983715,0</coordinates></Point></Placemark>
<Placemark><name>938703</name><description>AL01065015</description><styleUrl>#stPoste</styleUrl><Point><coordinates>-48.172071,-8.999909,0</coordinates></Point></Placemark>
<Placemark><name>952431</name><description>AL01065015</description><styleUrl>#stPoste</styleUrl><Point><coordinates>-48.168762,-8.976754,0</coordinates></Point></Placemark>
<Placemark><name>962205</name><description>AL01065015</description><styleUrl>#stPoste</styleUrl><Point><coordinates>-48.168401,-8.99934,0</coordinates></Point></Placemark>
<Placemark><name>963033</name><description>AL01065015</description><styleUrl>#stPoste</styleUrl><Point><coordinates>-48.172437,-8.992085,0</coordinates></Point></Placemark>
<Placemark><name>965389</name><description>AL01065015</description><styleUrl>#stPoste</styleUrl><Point><coordinates>-48.174819,-8.993727,0</coordinates></Point></Placemark>
<Placemark><name>977733</name><description>AL01065015</description><styleUrl>#stPoste</styleUrl><Point><coordinates>-48.169788,-9.006919,0</coordinates></Point></Placemark>
<Placemark><name>1289756</name><description>AL01065015</description><styleUrl>#stPoste</styleUrl><Point><coordinates>-48.164498,-8.997504,0</coordinates></Point></Placemark>
<Placemark><name>1289764</name><description>AL01065015</description><styleUrl>#stPoste</styleUrl><Point><coordinates>-48.16563,-8.995695,0</coordinates></Point></Placemark>
<Placemark><name>1290067</name><description>AL01065015</description><styleUrl>#stPoste</styleUrl><Point><coordinates>-48.164288,-8.991181,0</coordinates></Point></Placemark>
<Placemark><name>1783393</name><description>AL01065015</description><styleUrl>#stPoste</styleUrl><Point><coordinates>-48.170173,-8.999869,0</coordinates></Point></Placemark>
<Placemark><name>1783430</name><description>AL01065015</description><styleUrl>#stPoste</styleUrl><Point><coordinates>-48.174033,-8.978142,0</coordinates></Point></Placemark>
<Placemark><name>1783452</name><description>AL01065015</description><styleUrl>#stPoste</styleUrl><Point><coordinates>-48.173035,-8.978929,0</coordinates></Point></Placemark>
<Placemark><name>1783516</name><description>AL01065015</description><styleUrl>#stPoste</styleUrl><Point><coordinates>-48.173102,-8.999252,0</coordinates></Point></Placemark>
<Placemark><name>1783608</name><description>AL01065015</description><styleUrl>#stPoste</styleUrl><Point><coordinates>-48.170255,-9.004654,0</coordinates></Point></Placemark>
<Placemark><name>1783811</name><description>AL01065015</description><styleUrl>#stPoste</styleUrl><Point><coordinates>-48.168795,-8.996723,0</coordinates></Point></Placemark>
<Placemark><name>1783843</name><description>AL01065015</description><styleUrl>#stPoste</styleUrl><Point><coordinates>-48.172505,-8.983828,0</coordinates></Point></Placemark>
<Placemark><name>1791757</name><description>AL01065015</description><styleUrl>#stPoste</styleUrl><Point><coordinates>-48.168943,-8.976127,0</coordinates></Point></Placemark>
<Placemark><name>1791849</name><description>AL01065015</description><styleUrl>#stPoste</styleUrl><Point><coordinates>-48.166977,-9.000608,0</coordinates></Point></Placemark>
<Placemark><name>1792029</name><description>AL01065015</description><styleUrl>#stPoste</styleUrl><Point><coordinates>-48.168139,-8.975174,0</coordinates></Point></Placemark>
<Placemark><name>1792062</name><description>AL01065015</description><styleUrl>#stPoste</styleUrl><Point><coordinates>-48.167319,-9.001117,0</coordinates></Point></Placemark>
<Placemark><name>1792143</name><description>AL01065015</description><styleUrl>#stPoste</styleUrl><Point><coordinates>-48.170141,-9.002368,0</coordinates></Point></Placemark>
<Placemark><name>1792169</name><description>AL01065015</description><styleUrl>#stPoste</styleUrl><Point><coordinates>-48.173092,-8.994041,0</coordinates></Point></Placemark>
<Placemark><name>1792801</name><description>AL01065015</description><styleUrl>#stPoste</styleUrl><Point><coordinates>-48.167899,-8.98354,0</coordinates></Point></Placemark>
<Placemark><name>1792909</name><description>AL01065015</description><styleUrl>#stPoste</styleUrl><Point><coordinates>-48.166143,-8.978705,0</coordinates></Point></Placemark>
<Placemark><name>1793190</name><description>AL01065015</description><styleUrl>#stPoste</styleUrl><Point><coordinates>-48.168185,-8.979098,0</coordinates></Point></Placemark>
<Placemark><name>1793332</name><description>AL01065015</description><styleUrl>#stPoste</styleUrl><Point><coordinates>-48.171549,-8.982563,0</coordinates></Point></Placemark>
<Placemark><name>1793363</name><description>AL01065015</description><styleUrl>#stPoste</styleUrl><Point><coordinates>-48.17414,-8.980065,0</coordinates></Point></Placemark>
<Placemark><name>1793553</name><description>AL01065015</description><styleUrl>#stPoste</styleUrl><Point><coordinates>-48.166036,-8.979112,0</coordinates></Point></Placemark>
<Placemark><name>1793642</name><description>AL01065015</description><styleUrl>#stPoste</styleUrl><Point><coordinates>-48.169873,-8.978927,0</coordinates></Point></Placemark>
<Placemark><name>1794786</name><description>AL01065015</description><styleUrl>#stPoste</styleUrl><Point><coordinates>-48.168362,-8.975586,0</coordinates></Point></Placemark>
<Placemark><name>1820588</name><description>AL01065015</description><styleUrl>#stPoste</styleUrl><Point><coordinates>-48.154654,-8.996004,0</coordinates></Point></Placemark>
<Placemark><name>1827094</name><description>AL01065015</description><styleUrl>#stPoste</styleUrl><Point><coordinates>-48.157921,-8.991717,0</coordinates></Point></Placemark>
<Placemark><name>1827098</name><description>AL01065015</description><styleUrl>#stPoste</styleUrl><Point><coordinates>-48.158344,-8.989807,0</coordinates></Point></Placemark>
<Placemark><name>1870030</name><description>AL01065015</description><styleUrl>#stPoste</styleUrl><Point><coordinates>-48.164007,-8.998919,0</coordinates></Point></Placemark>
<Placemark><name>1870230</name><description>AL01065015</description><styleUrl>#stPoste</styleUrl><Point><coordinates>-48.160943,-8.997944,0</coordinates></Point></Placemark>
<Placemark><name>1870233</name><description>AL01065015</description><styleUrl>#stPoste</styleUrl><Point><coordinates>-48.166278,-8.995933,0</coordinates></Point></Placemark>
<Placemark><name>1870590</name><description>AL01065015</description><styleUrl>#stPoste</styleUrl><Point><coordinates>-48.162554,-8.994302,0</coordinates></Point></Placemark>
<Placemark><name>1870591</name><description>AL01065015</description><styleUrl>#stPoste</styleUrl><Point><coordinates>-48.160675,-8.995245,0</coordinates></Point></Placemark>
<Placemark><name>1886752</name><description>AL01065015</description><styleUrl>#stPoste</styleUrl><Point><coordinates>-48.172004,-8.99092,0</coordinates></Point></Placemark>
<Placemark><name>26533099</name><description>AL01065015</description><styleUrl>#stPoste</styleUrl><Point><coordinates>-48.155068,-8.997493,0</coordinates></Point></Placemark>
<Placemark><name>30178254</name><description>AL01065015</description><styleUrl>#stPoste</styleUrl><Point><coordinates>-48.16845,-8.99591,0</coordinates></Point></Placemark>
<Placemark><name>32626048</name><description>AL01065015</description><styleUrl>#stPoste</styleUrl><Point><coordinates>-48.171607,-8.977669,0</coordinates></Point></Placemark>
<Placemark><name>35631802</name><description>AL01065015</description><styleUrl>#stPoste</styleUrl><Point><coordinates>-48.15674,-8.994372,0</coordinates></Point></Placemark>
<Placemark><name>35631849</name><description>AL01065015</description><styleUrl>#stPoste</styleUrl><Point><coordinates>-48.156212,-8.995561,0</coordinates></Point></Placemark>
<Placemark><name>64178155</name><description>AL01065015</description><styleUrl>#stPoste</styleUrl><Point><coordinates>-48.174188,-8.979612,0</coordinates></Point></Placemark>
<Placemark><name>65389067</name><description>AL01065015</description><styleUrl>#stPoste</styleUrl><Point><coordinates>-48.173475,-8.981815,0</coordinates></Point></Placemark>
<Placemark><name>144001</name><description>AL01065015</description><styleUrl>#stPoste</styleUrl><Point><coordinates>-48.16696,-8.981196,0</coordinates></Point></Placemark>
<Placemark><name>941176</name><description>AL01065015</description><styleUrl>#stPoste</styleUrl><Point><coordinates>-48.17507,-9.001326,0</coordinates></Point></Placemark>
<Placemark><name>977265</name><description>AL01065015</description><styleUrl>#stPoste</styleUrl><Point><coordinates>-48.167478,-8.983411,0</coordinates></Point></Placemark>
<Placemark><name>1087010</name><description>AL01065015</description><styleUrl>#stPoste</styleUrl><Point><coordinates>-48.165956,-8.998593,0</coordinates></Point></Placemark>
<Placemark><name>1289418</name><description>AL01065015</description><styleUrl>#stPoste</styleUrl><Point><coordinates>-48.161599,-8.994974,0</coordinates></Point></Placemark>
<Placemark><name>1289750</name><description>AL01065015</description><styleUrl>#stPoste</styleUrl><Point><coordinates>-48.164828,-8.991855,0</coordinates></Point></Placemark>
<Placemark><name>1290063</name><description>AL01065015</description><styleUrl>#stPoste</styleUrl><Point><coordinates>-48.1609,-8.995931,0</coordinates></Point></Placemark>
<Placemark><name>1290397</name><description>AL01065015</description><styleUrl>#stPoste</styleUrl><Point><coordinates>-48.16422,-8.996971,0</coordinates></Point></Placemark>
<Placemark><name>1291053</name><description>AL01065015</description><styleUrl>#stPoste</styleUrl><Point><coordinates>-48.165598,-8.995804,0</coordinates></Point></Placemark>
<Placemark><name>1783263</name><description>AL01065015</description><styleUrl>#stPoste</styleUrl><Point><coordinates>-48.168412,-8.997624,0</coordinates></Point></Placemark>
<Placemark><name>1783353</name><description>AL01065015</description><styleUrl>#stPoste</styleUrl><Point><coordinates>-48.167872,-8.984515,0</coordinates></Point></Placemark>
<Placemark><name>1783410</name><description>AL01065015</description><styleUrl>#stPoste</styleUrl><Point><coordinates>-48.157907,-8.991576,0</coordinates></Point></Placemark>
<Placemark><name>1783642</name><description>AL01065015</description><styleUrl>#stPoste</styleUrl><Point><coordinates>-48.170852,-8.983215,0</coordinates></Point></Placemark>
<Placemark><name>1784035</name><description>AL01065015</description><styleUrl>#stPoste</styleUrl><Point><coordinates>-48.173113,-9.000925,0</coordinates></Point></Placemark>
<Placemark><name>1784052</name><description>AL01065015</description><styleUrl>#stPoste</styleUrl><Point><coordinates>-48.173041,-8.995593,0</coordinates></Point></Placemark>
<Placemark><name>1791706</name><description>AL01065015</description><styleUrl>#stPoste</styleUrl><Point><coordinates>-48.176581,-9.006287,0</coordinates></Point></Placemark>
<Placemark><name>1792110</name><description>AL01065015</description><styleUrl>#stPoste</styleUrl><Point><coordinates>-48.167556,-8.975989,0</coordinates></Point></Placemark>
<Placemark><name>1792331</name><description>AL01065015</description><styleUrl>#stPoste</styleUrl><Point><coordinates>-48.169718,-8.995226,0</coordinates></Point></Placemark>
<Placemark><name>1792626</name><description>AL01065015</description><styleUrl>#stPoste</styleUrl><Point><coordinates>-48.171328,-8.979805,0</coordinates></Point></Placemark>
<Placemark><name>1792907</name><description>AL01065015</description><styleUrl>#stPoste</styleUrl><Point><coordinates>-48.166823,-8.979057,0</coordinates></Point></Placemark>
<Placemark><name>1793109</name><description>AL01065015</description><styleUrl>#stPoste</styleUrl><Point><coordinates>-48.170404,-8.980143,0</coordinates></Point></Placemark>
<Placemark><name>1793333</name><description>AL01065015</description><styleUrl>#stPoste</styleUrl><Point><coordinates>-48.171298,-8.982476,0</coordinates></Point></Placemark>
<Placemark><name>1793367</name><description>AL01065015</description><styleUrl>#stPoste</styleUrl><Point><coordinates>-48.172767,-8.97955,0</coordinates></Point></Placemark>
<Placemark><name>1793631</name><description>AL01065015</description><styleUrl>#stPoste</styleUrl><Point><coordinates>-48.167884,-8.976774,0</coordinates></Point></Placemark>
<Placemark><name>1793707</name><description>AL01065015</description><styleUrl>#stPoste</styleUrl><Point><coordinates>-48.168714,-8.978904,0</coordinates></Point></Placemark>
<Placemark><name>1793901</name><description>AL01065015</description><styleUrl>#stPoste</styleUrl><Point><coordinates>-48.171097,-8.982406,0</coordinates></Point></Placemark>
<Placemark><name>1794198</name><description>AL01065015</description><styleUrl>#stPoste</styleUrl><Point><coordinates>-48.166292,-8.98182,0</coordinates></Point></Placemark>
<Placemark><name>1799284</name><description>AL01065015</description><styleUrl>#stPoste</styleUrl><Point><coordinates>-48.17097,-9.005658,0</coordinates></Point></Placemark>
<Placemark><name>1799354</name><description>AL01065015</description><styleUrl>#stPoste</styleUrl><Point><coordinates>-48.168914,-9.00034,0</coordinates></Point></Placemark>
<Placemark><name>1820602</name><description>AL01065015</description><styleUrl>#stPoste</styleUrl><Point><coordinates>-48.156128,-8.997199,0</coordinates></Point></Placemark>
<Placemark><name>1825514</name><description>AL01065015</description><styleUrl>#stPoste</styleUrl><Point><coordinates>-48.152346,-8.99928,0</coordinates></Point></Placemark>
<Placemark><name>1825521</name><description>AL01065015</description><styleUrl>#stPoste</styleUrl><Point><coordinates>-48.151492,-9.003296,0</coordinates></Point></Placemark>
<Placemark><name>1827109</name><description>AL01065015</description><styleUrl>#stPoste</styleUrl><Point><coordinates>-48.16009,-8.990298,0</coordinates></Point></Placemark>
<Placemark><name>1870026</name><description>AL01065015</description><styleUrl>#stPoste</styleUrl><Point><coordinates>-48.163006,-8.997211,0</coordinates></Point></Placemark>
<Placemark><name>1870100</name><description>AL01065015</description><styleUrl>#stPoste</styleUrl><Point><coordinates>-48.161322,-8.997428,0</coordinates></Point></Placemark>
<Placemark><name>1870108</name><description>AL01065015</description><styleUrl>#stPoste</styleUrl><Point><coordinates>-48.159695,-8.99649,0</coordinates></Point></Placemark>
<Placemark><name>30341601</name><description>AL01065015</description><styleUrl>#stPoste</styleUrl><Point><coordinates>-48.169479,-9.004834,0</coordinates></Point></Placemark>
<Placemark><name>40919406</name><description>AL01065015</description><styleUrl>#stPoste</styleUrl><Point><coordinates>-48.157468,-8.995819,0</coordinates></Point></Placemark>
<Placemark><name>53018152</name><description>AL01065015</description><styleUrl>#stPoste</styleUrl><Point><coordinates>-48.163142,-8.987399,0</coordinates></Point></Placemark>
<Placemark><name>53117247</name><description>AL01065015</description><styleUrl>#stPoste</styleUrl><Point><coordinates>-48.16142,-8.989372,0</coordinates></Point></Placemark>
<Placemark><name>54649801</name><description>AL01065015</description><styleUrl>#stPoste</styleUrl><Point><coordinates>-48.171876,-8.978245,0</coordinates></Point></Placemark>
<Placemark><name>68914407</name><description>AL01065015</description><styleUrl>#stPoste</styleUrl><Point><coordinates>-48.158365,-8.993292,0</coordinates></Point></Placemark>
<Placemark><name>99550</name><description>AL01065015</description><styleUrl>#stPoste</styleUrl><Point><coordinates>-48.168591,-8.984843,0</coordinates></Point></Placemark>
<Placemark><name>338679</name><description>AL01065015</description><styleUrl>#stPoste</styleUrl><Point><coordinates>-48.159488,-8.992948,0</coordinates></Point></Placemark>
<Placemark><name>376611</name><description>AL01065015</description><styleUrl>#stPoste</styleUrl><Point><coordinates>-48.171213,-8.981785,0</coordinates></Point></Placemark>
<Placemark><name>527942</name><description>AL01065015</description><styleUrl>#stPoste</styleUrl><Point><coordinates>-48.172615,-8.998815,0</coordinates></Point></Placemark>
<Placemark><name>937891</name><description>AL01065015</description><styleUrl>#stPoste</styleUrl><Point><coordinates>-48.163048,-8.983901,0</coordinates></Point></Placemark>
<Placemark><name>962220</name><description>AL01065015</description><styleUrl>#stPoste</styleUrl><Point><coordinates>-48.169583,-9.005378,0</coordinates></Point></Placemark>
<Placemark><name>962221</name><description>AL01065015</description><styleUrl>#stPoste</styleUrl><Point><coordinates>-48.169733,-9.005259,0</coordinates></Point></Placemark>
<Placemark><name>964205</name><description>AL01065015</description><styleUrl>#stPoste</styleUrl><Point><coordinates>-48.168591,-9.000384,0</coordinates></Point></Placemark>
<Placemark><name>968856</name><description>AL01065015</description><styleUrl>#stPoste</styleUrl><Point><coordinates>-48.168811,-8.975108,0</coordinates></Point></Placemark>
<Placemark><name>972924</name><description>AL01065015</description><styleUrl>#stPoste</styleUrl><Point><coordinates>-48.156093,-8.995834,0</coordinates></Point></Placemark>
<Placemark><name>1095752</name><description>AL01065015</description><styleUrl>#stPoste</styleUrl><Point><coordinates>-48.160317,-8.991681,0</coordinates></Point></Placemark>
<Placemark><name>1250592</name><description>AL01065015</description><styleUrl>#stPoste</styleUrl><Point><coordinates>-48.161682,-8.987943,0</coordinates></Point></Placemark>
<Placemark><name>1290076</name><description>AL01065015</description><styleUrl>#stPoste</styleUrl><Point><coordinates>-48.165153,-8.996264,0</coordinates></Point></Placemark>
<Placemark><name>1394873</name><description>AL01065015</description><styleUrl>#stPoste</styleUrl><Point><coordinates>-48.171609,-8.981806,0</coordinates></Point></Placemark>
<Placemark><name>1783107</name><description>AL01065015</description><styleUrl>#stPoste</styleUrl><Point><coordinates>-48.167785,-8.984774,0</coordinates></Point></Placemark>
<Placemark><name>1783189</name><description>AL01065015</description><styleUrl>#stPoste</styleUrl><Point><coordinates>-48.174051,-9.003578,0</coordinates></Point></Placemark>
<Placemark><name>1783294</name><description>AL01065015</description><styleUrl>#stPoste</styleUrl><Point><coordinates>-48.168995,-8.985142,0</coordinates></Point></Placemark>
<Placemark><name>1783359</name><description>AL01065015</description><styleUrl>#stPoste</styleUrl><Point><coordinates>-48.167262,-8.984101,0</coordinates></Point></Placemark>
<Placemark><name>1783391</name><description>AL01065015</description><styleUrl>#stPoste</styleUrl><Point><coordinates>-48.168681,-8.996531,0</coordinates></Point></Placemark>
<Placemark><name>1783394</name><description>AL01065015</description><styleUrl>#stPoste</styleUrl><Point><coordinates>-48.169301,-8.998108,0</coordinates></Point></Placemark>
<Placemark><name>1783442</name><description>AL01065015</description><styleUrl>#stPoste</styleUrl><Point><coordinates>-48.173805,-8.998804,0</coordinates></Point></Placemark>
<Placemark><name>1783539</name><description>AL01065015</description><styleUrl>#stPoste</styleUrl><Point><coordinates>-48.171609,-9.003728,0</coordinates></Point></Placemark>
<Placemark><name>1783574</name><description>AL01065015</description><styleUrl>#stPoste</styleUrl><Point><coordinates>-48.173784,-8.997984,0</coordinates></Point></Placemark>
<Placemark><name>1783776</name><description>AL01065015</description><styleUrl>#stPoste</styleUrl><Point><coordinates>-48.165045,-8.984291,0</coordinates></Point></Placemark>
<Placemark><name>1783853</name><description>AL01065015</description><styleUrl>#stPoste</styleUrl><Point><coordinates>-48.168774,-8.99713,0</coordinates></Point></Placemark>
<Placemark><name>1783891</name><description>AL01065015</description><styleUrl>#stPoste</styleUrl><Point><coordinates>-48.171413,-9.003196,0</coordinates></Point></Placemark>
<Placemark><name>1783967</name><description>AL01065015</description><styleUrl>#stPoste</styleUrl><Point><coordinates>-48.168654,-8.983365,0</coordinates></Point></Placemark>
<Placemark><name>1791856</name><description>AL01065015</description><styleUrl>#stPoste</styleUrl><Point><coordinates>-48.170007,-9.00129,0</coordinates></Point></Placemark>
<Placemark><name>1792025</name><description>AL01065015</description><styleUrl>#stPoste</styleUrl><Point><coordinates>-48.168584,-8.974805,0</coordinates></Point></Placemark>
<Placemark><name>1792053</name><description>AL01065015</description><styleUrl>#stPoste</styleUrl><Point><coordinates>-48.167791,-9.00187,0</coordinates></Point></Placemark>
<Placemark><name>1792059</name><description>AL01065015</description><styleUrl>#stPoste</styleUrl><Point><coordinates>-48.169011,-9.003026,0</coordinates></Point></Placemark>
<Placemark><name>1792137</name><description>AL01065015</description><styleUrl>#stPoste</styleUrl><Point><coordinates>-48.168579,-9.003614,0</coordinates></Point></Placemark>
<Placemark><name>1792278</name><description>AL01065015</description><styleUrl>#stPoste</styleUrl><Point><coordinates>-48.171714,-8.9956,0</coordinates></Point></Placemark>
<Placemark><name>1792301</name><description>AL01065015</description><styleUrl>#stPoste</styleUrl><Point><coordinates>-48.172505,-8.982129,0</coordinates></Point></Placemark>
<Placemark><name>1792336</name><description>AL01065015</description><styleUrl>#stPoste</styleUrl><Point><coordinates>-48.171285,-8.994948,0</coordinates></Point></Placemark>
<Placemark><name>1792462</name><description>AL01065015</description><styleUrl>#stPoste</styleUrl><Point><coordinates>-48.175243,-9.006067,0</coordinates></Point></Placemark>
<Placemark><name>1792500</name><description>AL01065015</description><styleUrl>#stPoste</styleUrl><Point><coordinates>-48.170359,-9.002036,0</coordinates></Point></Placemark>
<Placemark><name>1792799</name><description>AL01065015</description><styleUrl>#stPoste</styleUrl><Point><coordinates>-48.168213,-8.983497,0</coordinates></Point></Placemark>
<Placemark><name>1792804</name><description>AL01065015</description><styleUrl>#stPoste</styleUrl><Point><coordinates>-48.170465,-8.984911,0</coordinates></Point></Placemark>
<Placemark><name>1792931</name><description>AL01065015</description><styleUrl>#stPoste</styleUrl><Point><coordinates>-48.170218,-8.984839,0</coordinates></Point></Placemark>
<Placemark><name>1792971</name><description>AL01065015</description><styleUrl>#stPoste</styleUrl><Point><coordinates>-48.171095,-8.979625,0</coordinates></Point></Placemark>
<Placemark><name>1793073</name><description>AL01065015</description><styleUrl>#stPoste</styleUrl><Point><coordinates>-48.172762,-8.983188,0</coordinates></Point></Placemark>
<Placemark><name>1793102</name><description>AL01065015</description><styleUrl>#stPoste</styleUrl><Point><coordinates>-48.170885,-8.981543,0</coordinates></Point></Placemark>
<Placemark><name>1793178</name><description>AL01065015</description><styleUrl>#stPoste</styleUrl><Point><coordinates>-48.169102,-8.97953,0</coordinates></Point></Placemark>
<Placemark><name>1793184</name><description>AL01065015</description><styleUrl>#stPoste</styleUrl><Point><coordinates>-48.167005,-8.9796,0</coordinates></Point></Placemark>
<Placemark><name>1793196</name><description>AL01065015</description><styleUrl>#stPoste</styleUrl><Point><coordinates>-48.166504,-8.978179,0</coordinates></Point></Placemark>
<Placemark><name>1793282</name><description>AL01065015</description><styleUrl>#stPoste</styleUrl><Point><coordinates>-48.168159,-8.981217,0</coordinates></Point></Placemark>
<Placemark><name>1793283</name><description>AL01065015</description><styleUrl>#stPoste</styleUrl><Point><coordinates>-48.168696,-8.978112,0</coordinates></Point></Placemark>
<Placemark><name>1793713</name><description>AL01065015</description><styleUrl>#stPoste</styleUrl><Point><coordinates>-48.166794,-8.977895,0</coordinates></Point></Placemark>
<Placemark><name>1794209</name><description>AL01065015</description><styleUrl>#stPoste</styleUrl><Point><coordinates>-48.168237,-8.984322,0</coordinates></Point></Placemark>
<Placemark><name>1794390</name><description>AL01065015</description><styleUrl>#stPoste</styleUrl><Point><coordinates>-48.168988,-9.004266,0</coordinates></Point></Placemark>
<Placemark><name>1794488</name><description>AL01065015</description><styleUrl>#stPoste</styleUrl><Point><coordinates>-48.174718,-8.978056,0</coordinates></Point></Placemark>
<Placemark><name>1799191</name><description>AL01065015</description><styleUrl>#stPoste</styleUrl><Point><coordinates>-48.152305,-9.001505,0</coordinates></Point></Placemark>
<Placemark><name>1825234</name><description>AL01065015</description><styleUrl>#stPoste</styleUrl><Point><coordinates>-48.15462,-9.000865,0</coordinates></Point></Placemark>
<Placemark><name>1825382</name><description>AL01065015</description><styleUrl>#stPoste</styleUrl><Point><coordinates>-48.150995,-9.003081,0</coordinates></Point></Placemark>
<Placemark><name>1825383</name><description>AL01065015</description><styleUrl>#stPoste</styleUrl><Point><coordinates>-48.151224,-9.002368,0</coordinates></Point></Placemark>
<Placemark><name>1825512</name><description>AL01065015</description><styleUrl>#stPoste</styleUrl><Point><coordinates>-48.152039,-8.999978,0</coordinates></Point></Placemark>
<Placemark><name>1825518</name><description>AL01065015</description><styleUrl>#stPoste</styleUrl><Point><coordinates>-48.153137,-8.997543,0</coordinates></Point></Placemark>
<Placemark><name>1827106</name><description>AL01065015</description><styleUrl>#stPoste</styleUrl><Point><coordinates>-48.159634,-8.990437,0</coordinates></Point></Placemark>
<Placemark><name>1870021</name><description>AL01065015</description><styleUrl>#stPoste</styleUrl><Point><coordinates>-48.1647,-8.998108,0</coordinates></Point></Placemark>
<Placemark><name>1870140</name><description>AL01065015</description><styleUrl>#stPoste</styleUrl><Point><coordinates>-48.164431,-8.991263,0</coordinates></Point></Placemark>
<Placemark><name>1870299</name><description>AL01065015</description><styleUrl>#stPoste</styleUrl><Point><coordinates>-48.164285,-8.991435,0</coordinates></Point></Placemark>
<Placemark><name>26533162</name><description>AL01065015</description><styleUrl>#stPoste</styleUrl><Point><coordinates>-48.152856,-8.996485,0</coordinates></Point></Placemark>
<Placemark><name>33759432</name><description>AL01065015</description><styleUrl>#stPoste</styleUrl><Point><coordinates>-48.167877,-8.981479,0</coordinates></Point></Placemark>
<Placemark><name>35279835</name><description>AL01065015</description><styleUrl>#stPoste</styleUrl><Point><coordinates>-48.175544,-8.996018,0</coordinates></Point></Placemark>
<Placemark><name>42279232</name><description>AL01065015</description><styleUrl>#stPoste</styleUrl><Point><coordinates>-48.164558,-8.979747,0</coordinates></Point></Placemark>
<Placemark><name>54031474</name><description>AL01065015</description><styleUrl>#stPoste</styleUrl><Point><coordinates>-48.15295,-9.004146,0</coordinates></Point></Placemark>
<Placemark><name>54031508</name><description>AL01065015</description><styleUrl>#stPoste</styleUrl><Point><coordinates>-48.152397,-9.00413,0</coordinates></Point></Placemark>
<Placemark><name>57788811</name><description>AL01065015</description><styleUrl>#stPoste</styleUrl><Point><coordinates>-48.167488,-8.982816,0</coordinates></Point></Placemark>
<Placemark><name>64178214</name><description>AL01065015</description><styleUrl>#stPoste</styleUrl><Point><coordinates>-48.173409,-8.981572,0</coordinates></Point></Placemark>
<Placemark><name>64178284</name><description>AL01065015</description><styleUrl>#stPoste</styleUrl><Point><coordinates>-48.172042,-8.98129,0</coordinates></Point></Placemark>
<Placemark><name>99555</name><description>AL01065015</description><styleUrl>#stPoste</styleUrl><Point><coordinates>-48.161222,-8.988911,0</coordinates></Point></Placemark>
<Placemark><name>121417</name><description>AL01065015</description><styleUrl>#stPoste</styleUrl><Point><coordinates>-48.166523,-8.987491,0</coordinates></Point></Placemark>
<Placemark><name>937164</name><description>AL01065015</description><styleUrl>#stPoste</styleUrl><Point><coordinates>-48.169133,-8.997172,0</coordinates></Point></Placemark>
<Placemark><name>937363</name><description>AL01065015</description><styleUrl>#stPoste</styleUrl><Point><coordinates>-48.174751,-9.002129,0</coordinates></Point></Placemark>
<Placemark><name>938698</name><description>AL01065015</description><styleUrl>#stPoste</styleUrl><Point><coordinates>-48.171511,-8.997791,0</coordinates></Point></Placemark>
<Placemark><name>939706</name><description>AL01065015</description><styleUrl>#stPoste</styleUrl><Point><coordinates>-48.174672,-8.978696,0</coordinates></Point></Placemark>
<Placemark><name>941685</name><description>AL01065015</description><styleUrl>#stPoste</styleUrl><Point><coordinates>-48.162046,-8.992473,0</coordinates></Point></Placemark>
<Placemark><name>965391</name><description>AL01065015</description><styleUrl>#stPoste</styleUrl><Point><coordinates>-48.171709,-8.99214,0</coordinates></Point></Placemark>
<Placemark><name>967770</name><description>AL01065015</description><styleUrl>#stPoste</styleUrl><Point><coordinates>-48.173151,-8.983687,0</coordinates></Point></Placemark>
<Placemark><name>970287</name><description>AL01065015</description><styleUrl>#stPoste</styleUrl><Point><coordinates>-48.169492,-8.982083,0</coordinates></Point></Placemark>
<Placemark><name>971563</name><description>AL01065015</description><styleUrl>#stPoste</styleUrl><Point><coordinates>-48.168658,-8.977888,0</coordinates></Point></Placemark>
<Placemark><name>972831</name><description>AL01065015</description><styleUrl>#stPoste</styleUrl><Point><coordinates>-48.167402,-8.985916,0</coordinates></Point></Placemark>
<Placemark><name>972929</name><description>AL01065015</description><styleUrl>#stPoste</styleUrl><Point><coordinates>-48.157019,-8.993759,0</coordinates></Point></Placemark>
<Placemark><name>974336</name><description>AL01065015</description><styleUrl>#stPoste</styleUrl><Point><coordinates>-48.168942,-8.983841,0</coordinates></Point></Placemark>
<Placemark><name>976898</name><description>AL01065015</description><styleUrl>#stPoste</styleUrl><Point><coordinates>-48.169368,-8.985944,0</coordinates></Point></Placemark>
<Placemark><name>982542</name><description>AL01065015</description><styleUrl>#stPoste</styleUrl><Point><coordinates>-48.175296,-8.978845,0</coordinates></Point></Placemark>
<Placemark><name>1783141</name><description>AL01065015</description><styleUrl>#stPoste</styleUrl><Point><coordinates>-48.156729,-8.99468,0</coordinates></Point></Placemark>
<Placemark><name>1783188</name><description>AL01065015</description><styleUrl>#stPoste</styleUrl><Point><coordinates>-48.173699,-9.003697,0</coordinates></Point></Placemark>
<Placemark><name>1783259</name><description>AL01065015</description><styleUrl>#stPoste</styleUrl><Point><coordinates>-48.169761,-8.983138,0</coordinates></Point></Placemark>
<Placemark><name>1783444</name><description>AL01065015</description><styleUrl>#stPoste</styleUrl><Point><coordinates>-48.173934,-8.999345,0</coordinates></Point></Placemark>
<Placemark><name>1783547</name><description>AL01065015</description><styleUrl>#stPoste</styleUrl><Point><coordinates>-48.161485,-8.99348,0</coordinates></Point></Placemark>
<Placemark><name>1783551</name><description>AL01065015</description><styleUrl>#stPoste</styleUrl><Point><coordinates>-48.158594,-8.992715,0</coordinates></Point></Placemark>
<Placemark><name>1783609</name><description>AL01065015</description><styleUrl>#stPoste</styleUrl><Point><coordinates>-48.170495,-9.003528,0</coordinates></Point></Placemark>
<Placemark><name>1783682</name><description>AL01065015</description><styleUrl>#stPoste</styleUrl><Point><coordinates>-48.157275,-8.991984,0</coordinates></Point></Placemark>
<Placemark><name>1783889</name><description>AL01065015</description><styleUrl>#stPoste</styleUrl><Point><coordinates>-48.171527,-9.003315,0</coordinates></Point></Placemark>
<Placemark><name>1792086</name><description>AL01065015</description><styleUrl>#stPoste</styleUrl><Point><coordinates>-48.171775,-8.994313,0</coordinates></Point></Placemark>
<Placemark><name>1792250</name><description>AL01065015</description><styleUrl>#stPoste</styleUrl><Point><coordinates>-48.170687,-8.98022,0</coordinates></Point></Placemark>
<Placemark><name>1792476</name><description>AL01065015</description><styleUrl>#stPoste</styleUrl><Point><coordinates>-48.176021,-9.004072,0</coordinates></Point></Placemark>
<Placemark><name>1792752</name><description>AL01065015</description><styleUrl>#stPoste</styleUrl><Point><coordinates>-48.166766,-8.979947,0</coordinates></Point></Placemark>
<Placemark><name>1793203</name><description>AL01065015</description><styleUrl>#stPoste</styleUrl><Point><coordinates>-48.173256,-8.982404,0</coordinates></Point></Placemark>
<Placemark><name>1793639</name><description>AL01065015</description><styleUrl>#stPoste</styleUrl><Point><coordinates>-48.170603,-8.979024,0</coordinates></Point></Placemark>
<Placemark><name>1793702</name><description>AL01065015</description><styleUrl>#stPoste</styleUrl><Point><coordinates>-48.168826,-8.977449,0</coordinates></Point></Placemark>
<Placemark><name>1793705</name><description>AL01065015</description><styleUrl>#stPoste</styleUrl><Point><coordinates>-48.16964,-8.978964,0</coordinates></Point></Placemark>
<Placemark><name>1793895</name><description>AL01065015</description><styleUrl>#stPoste</styleUrl><Point><coordinates>-48.167021,-8.981547,0</coordinates></Point></Placemark>
<Placemark><name>1820442</name><description>AL01065015</description><styleUrl>#stPoste</styleUrl><Point><coordinates>-48.159618,-8.991471,0</coordinates></Point></Placemark>
<Placemark><name>1861295</name><description>AL01065015</description><styleUrl>#stPoste</styleUrl><Point><coordinates>-48.16523,-8.987369,0</coordinates></Point></Placemark>
<Placemark><name>1870038</name><description>AL01065015</description><styleUrl>#stPoste</styleUrl><Point><coordinates>-48.163495,-8.993659,0</coordinates></Point></Placemark>
<Placemark><name>1870105</name><description>AL01065015</description><styleUrl>#stPoste</styleUrl><Point><coordinates>-48.164606,-8.990958,0</coordinates></Point></Placemark>
<Placemark><name>1870150</name><description>AL01065015</description><styleUrl>#stPoste</styleUrl><Point><coordinates>-48.164275,-8.993213,0</coordinates></Point></Placemark>
<Placemark><name>1870191</name><description>AL01065015</description><styleUrl>#stPoste</styleUrl><Point><coordinates>-48.160963,-8.996882,0</coordinates></Point></Placemark>
<Placemark><name>1870294</name><description>AL01065015</description><styleUrl>#stPoste</styleUrl><Point><coordinates>-48.163611,-8.993842,0</coordinates></Point></Placemark>
<Placemark><name>1870593</name><description>AL01065015</description><styleUrl>#stPoste</styleUrl><Point><coordinates>-48.160463,-8.996379,0</coordinates></Point></Placemark>
<Placemark><name>1870594</name><description>AL01065015</description><styleUrl>#stPoste</styleUrl><Point><coordinates>-48.161746,-8.993895,0</coordinates></Point></Placemark>
<Placemark><name>1886755</name><description>AL01065015</description><styleUrl>#stPoste</styleUrl><Point><coordinates>-48.172212,-8.991402,0</coordinates></Point></Placemark>
<Placemark><name>1894981</name><description>AL01065015</description><styleUrl>#stPoste</styleUrl><Point><coordinates>-48.168586,-8.986893,0</coordinates></Point></Placemark>
<Placemark><name>30719360</name><description>AL01065015</description><styleUrl>#stPoste</styleUrl><Point><coordinates>-48.168296,-8.980386,0</coordinates></Point></Placemark>
<Placemark><name>31638331</name><description>AL01065015</description><styleUrl>#stPoste</styleUrl><Point><coordinates>-48.173435,-8.9798,0</coordinates></Point></Placemark>
<Placemark><name>33643728</name><description>AL01065015</description><styleUrl>#stPoste</styleUrl><Point><coordinates>-48.166037,-8.984755,0</coordinates></Point></Placemark>
<Placemark><name>35632158</name><description>AL01065015</description><styleUrl>#stPoste</styleUrl><Point><coordinates>-48.156446,-8.99455,0</coordinates></Point></Placemark>
<Placemark><name>35760460</name><description>AL01065015</description><styleUrl>#stPoste</styleUrl><Point><coordinates>-48.166042,-8.985912,0</coordinates></Point></Placemark>
<Placemark><name>40919399</name><description>AL01065015</description><styleUrl>#stPoste</styleUrl><Point><coordinates>-48.158136,-8.99481,0</coordinates></Point></Placemark>
<Placemark><name>40919411</name><description>AL01065015</description><styleUrl>#stPoste</styleUrl><Point><coordinates>-48.157242,-8.996134,0</coordinates></Point></Placemark>
<Placemark><name>43107491</name><description>AL01065015</description><styleUrl>#stPoste</styleUrl><Point><coordinates>-48.166836,-8.985136,0</coordinates></Point></Placemark>
<Placemark><name>48925883</name><description>AL01065015</description><styleUrl>#stPoste</styleUrl><Point><coordinates>-48.165023,-8.980861,0</coordinates></Point></Placemark>
<Placemark><name>56419125</name><description>AL01065015</description><styleUrl>#stPoste</styleUrl><Point><coordinates>-48.166614,-8.985855,0</coordinates></Point></Placemark>
<Placemark><name>60708588</name><description>AL01065015</description><styleUrl>#stPoste</styleUrl><Point><coordinates>-48.165953,-8.986067,0</coordinates></Point></Placemark>
<Placemark><name>64178253</name><description>AL01065015</description><styleUrl>#stPoste</styleUrl><Point><coordinates>-48.172751,-8.981551,0</coordinates></Point></Placemark>
<Placemark><name>527949</name><description>AL01065015</description><styleUrl>#stPoste</styleUrl><Point><coordinates>-48.168217,-8.997954,0</coordinates></Point></Placemark>
<Placemark><name>936677</name><description>AL01065015</description><styleUrl>#stPoste</styleUrl><Point><coordinates>-48.174799,-8.978824,0</coordinates></Point></Placemark>
<Placemark><name>938513</name><description>AL01065015</description><styleUrl>#stPoste</styleUrl><Point><coordinates>-48.170182,-8.986181,0</coordinates></Point></Placemark>
<Placemark><name>938587</name><description>AL01065015</description><styleUrl>#stPoste</styleUrl><Point><coordinates>-48.157959,-8.992052,0</coordinates></Point></Placemark>
<Placemark><name>938702</name><description>AL01065015</description><styleUrl>#stPoste</styleUrl><Point><coordinates>-48.17209,-9.000115,0</coordinates></Point></Placemark>
<Placemark><name>939917</name><description>AL01065015</description><styleUrl>#stPoste</styleUrl><Point><coordinates>-48.157636,-8.992086,0</coordinates></Point></Placemark>
<Placemark><name>940182</name><description>AL01065015</description><styleUrl>#stPoste</styleUrl><Point><coordinates>-48.16289,-8.987838,0</coordinates></Point></Placemark>
<Placemark><name>940933</name><description>AL01065015</description><styleUrl>#stPoste</styleUrl><Point><coordinates>-48.168278,-8.998286,0</coordinates></Point></Placemark>
<Placemark><name>962409</name><description>AL01065015</description><styleUrl>#stPoste</styleUrl><Point><coordinates>-48.169,-8.974801,0</coordinates></Point></Placemark>
<Placemark><name>963364</name><description>AL01065015</description><styleUrl>#stPoste</styleUrl><Point><coordinates>-48.171942,-8.987063,0</coordinates></Point></Placemark>
<Placemark><name>963375</name><description>AL01065015</description><styleUrl>#stPoste</styleUrl><Point><coordinates>-48.175802,-9.005134,0</coordinates></Point></Placemark>
<Placemark><name>963716</name><description>AL01065015</description><styleUrl>#stPoste</styleUrl><Point><coordinates>-48.171874,-8.999016,0</coordinates></Point></Placemark>
<Placemark><name>972847</name><description>AL01065015</description><styleUrl>#stPoste</styleUrl><Point><coordinates>-48.16803,-8.985597,0</coordinates></Point></Placemark>
<Placemark><name>973943</name><description>AL01065015</description><styleUrl>#stPoste</styleUrl><Point><coordinates>-48.16673,-8.981108,0</coordinates></Point></Placemark>
<Placemark><name>979243</name><description>AL01065015</description><styleUrl>#stPoste</styleUrl><Point><coordinates>-48.168961,-9.002057,0</coordinates></Point></Placemark>
<Placemark><name>1289420</name><description>AL01065015</description><styleUrl>#stPoste</styleUrl><Point><coordinates>-48.16404,-8.992562,0</coordinates></Point></Placemark>
<Placemark><name>1289757</name><description>AL01065015</description><styleUrl>#stPoste</styleUrl><Point><coordinates>-48.16392,-8.997084,0</coordinates></Point></Placemark>
<Placemark><name>1291056</name><description>AL01065015</description><styleUrl>#stPoste</styleUrl><Point><coordinates>-48.164062,-8.996517,0</coordinates></Point></Placemark>
<Placemark><name>1783116</name><description>AL01065015</description><styleUrl>#stPoste</styleUrl><Point><coordinates>-48.165374,-8.98158,0</coordinates></Point></Placemark>
<Placemark><name>1783204</name><description>AL01065015</description><styleUrl>#stPoste</styleUrl><Point><coordinates>-48.171068,-8.984005,0</coordinates></Point></Placemark>
<Placemark><name>1783224</name><description>AL01065015</description><styleUrl>#stPoste</styleUrl><Point><coordinates>-48.170695,-9.004598,0</coordinates></Point></Placemark>
<Placemark><name>1783236</name><description>AL01065015</description><styleUrl>#stPoste</styleUrl><Point><coordinates>-48.174383,-9.004617,0</coordinates></Point></Placemark>
<Placemark><name>1783257</name><description>AL01065015</description><styleUrl>#stPoste</styleUrl><Point><coordinates>-48.166346,-8.984899,0</coordinates></Point></Placemark>
<Placemark><name>1783276</name><description>AL01065015</description><styleUrl>#stPoste</styleUrl><Point><coordinates>-48.156623,-8.993119,0</coordinates></Point></Placemark>
<Placemark><name>1783283</name><description>AL01065015</description><styleUrl>#stPoste</styleUrl><Point><coordinates>-48.172111,-8.997245,0</coordinates></Point></Placemark>
<Placemark><name>1783340</name><description>AL01065015</description><styleUrl>#stPoste</styleUrl><Point><coordinates>-48.173719,-8.979165,0</coordinates></Point></Placemark>
<Placemark><name>1783437</name><description>AL01065015</description><styleUrl>#stPoste</styleUrl><Point><coordinates>-48.173012,-8.998163,0</coordinates></Point></Placemark>
<Placemark><name>1783440</name><description>AL01065015</description><styleUrl>#stPoste</styleUrl><Point><coordinates>-48.173662,-8.998202,0</coordinates></Point></Placemark>
<Placemark><name>1783448</name><description>AL01065015</description><styleUrl>#stPoste</styleUrl><Point><coordinates>-48.173178,-8.999796,0</coordinates></Point></Placemark>
<Placemark><name>1783450</name><description>AL01065015</description><styleUrl>#stPoste</styleUrl><Point><coordinates>-48.172428,-8.999966,0</coordinates></Point></Placemark>
<Placemark><name>1783844</name><description>AL01065015</description><styleUrl>#stPoste</styleUrl><Point><coordinates>-48.172339,-8.984243,0</coordinates></Point></Placemark>
<Placemark><name>1783940</name><description>AL01065015</description><styleUrl>#stPoste</styleUrl><Point><coordinates>-48.170353,-8.992965,0</coordinates></Point></Placemark>
<Placemark><name>1784032</name><description>AL01065015</description><styleUrl>#stPoste</styleUrl><Point><coordinates>-48.172835,-9.001499,0</coordinates></Point></Placemark>
<Placemark><name>1791851</name><description>AL01065015</description><styleUrl>#stPoste</styleUrl><Point><coordinates>-48.167352,-9.00071,0</coordinates></Point></Placemark>
<Placemark><name>1792141</name><description>AL01065015</description><styleUrl>#stPoste</styleUrl><Point><coordinates>-48.168625,-9.003777,0</coordinates></Point></Placemark>
<Placemark><name>1792168</name><description>AL01065015</description><styleUrl>#stPoste</styleUrl><Point><coordinates>-48.173012,-8.993801,0</coordinates></Point></Placemark>
<Placemark><name>1792218</name><description>AL01065015</description><styleUrl>#stPoste</styleUrl><Point><coordinates>-48.170496,-8.994055,0</coordinates></Point></Placemark>
<Placemark><name>1792237</name><description>AL01065015</description><styleUrl>#stPoste</styleUrl><Point><coordinates>-48.172291,-8.993375,0</coordinates></Point></Placemark>
<Placemark><name>1792249</name><description>AL01065015</description><styleUrl>#stPoste</styleUrl><Point><coordinates>-48.17034,-8.980213,0</coordinates></Point></Placemark>
<Placemark><name>1792285</name><description>AL01065015</description><styleUrl>#stPoste</styleUrl><Point><coordinates>-48.173357,-8.998635,0</coordinates></Point></Placemark>
<Placemark><name>1792298</name><description>AL01065015</description><styleUrl>#stPoste</styleUrl><Point><coordinates>-48.172347,-8.980656,0</coordinates></Point></Placemark>
<Placemark><name>1792633</name><description>AL01065015</description><styleUrl>#stPoste</styleUrl><Point><coordinates>-48.171536,-8.979706,0</coordinates></Point></Placemark>
<Placemark><name>1793024</name><description>AL01065015</description><styleUrl>#stPoste</styleUrl><Point><coordinates>-48.170379,-8.97959,0</coordinates></Point></Placemark>
<Placemark><name>1793074</name><description>AL01065015</description><styleUrl>#stPoste</styleUrl><Point><coordinates>-48.172712,-8.982966,0</coordinates></Point></Placemark>
<Placemark><name>1793262</name><description>AL01065015</description><styleUrl>#stPoste</styleUrl><Point><coordinates>-48.166578,-8.982467,0</coordinates></Point></Placemark>
<Placemark><name>1793438</name><description>AL01065015</description><styleUrl>#stPoste</styleUrl><Point><coordinates>-48.165493,-8.979223,0</coordinates></Point></Placemark>
<Placemark><name>1793555</name><description>AL01065015</description><styleUrl>#stPoste</styleUrl><Point><coordinates>-48.167877,-8.977095,0</coordinates></Point></Placemark>
<Placemark><name>1794411</name><description>AL01065015</description><styleUrl>#stPoste</styleUrl><Point><coordinates>-48.152008,-9.003514,0</coordinates></Point></Placemark>
<Placemark><name>1824989</name><description>AL01065015</description><styleUrl>#stPoste</styleUrl><Point><coordinates>-48.154115,-8.99637,0</coordinates></Point></Placemark>
<Placemark><name>1825220</name><description>AL01065015</description><styleUrl>#stPoste</styleUrl><Point><coordinates>-48.152876,-8.997927,0</coordinates></Point></Placemark>
<Placemark><name>1825222</name><description>AL01065015</description><styleUrl>#stPoste</styleUrl><Point><coordinates>-48.154387,-8.99933,0</coordinates></Point></Placemark>
<Placemark><name>1825522</name><description>AL01065015</description><styleUrl>#stPoste</styleUrl><Point><coordinates>-48.150866,-9.003406,0</coordinates></Point></Placemark>
<Placemark><name>1870016</name><description>AL01065015</description><styleUrl>#stPoste</styleUrl><Point><coordinates>-48.165461,-8.995396,0</coordinates></Point></Placemark>
<Placemark><name>1870020</name><description>AL01065015</description><styleUrl>#stPoste</styleUrl><Point><coordinates>-48.163138,-8.997582,0</coordinates></Point></Placemark>
<Placemark><name>1870037</name><description>AL01065015</description><styleUrl>#stPoste</styleUrl><Point><coordinates>-48.165061,-8.992298,0</coordinates></Point></Placemark>
<Placemark><name>1870098</name><description>AL01065015</description><styleUrl>#stPoste</styleUrl><Point><coordinates>-48.159893,-8.996215,0</coordinates></Point></Placemark>
<Placemark><name>1870133</name><description>AL01065015</description><styleUrl>#stPoste</styleUrl><Point><coordinates>-48.161923,-8.99775,0</coordinates></Point></Placemark>
<Placemark><name>1870143</name><description>AL01065015</description><styleUrl>#stPoste</styleUrl><Point><coordinates>-48.160941,-8.997865,0</coordinates></Point></Placemark>
<Placemark><name>1870155</name><description>AL01065015</description><styleUrl>#stPoste</styleUrl><Point><coordinates>-48.160646,-8.997667,0</coordinates></Point></Placemark>
<Placemark><name>1870284</name><description>AL01065015</description><styleUrl>#stPoste</styleUrl><Point><coordinates>-48.16203,-8.996468,0</coordinates></Point></Placemark>
<Placemark><name>1870300</name><description>AL01065015</description><styleUrl>#stPoste</styleUrl><Point><coordinates>-48.162242,-8.996369,0</coordinates></Point></Placemark>
<Placemark><name>1870589</name><description>AL01065015</description><styleUrl>#stPoste</styleUrl><Point><coordinates>-48.163489,-8.992178,0</coordinates></Point></Placemark>
<Placemark><name>1885944</name><description>AL01065015</description><styleUrl>#stPoste</styleUrl><Point><coordinates>-48.163999,-8.989744,0</coordinates></Point></Placemark>
<Placemark><name>26026189</name><description>AL01065015</description><styleUrl>#stPoste</styleUrl><Point><coordinates>-48.165284,-8.980569,0</coordinates></Point></Placemark>
<Placemark><name>26533218</name><description>AL01065015</description><styleUrl>#stPoste</styleUrl><Point><coordinates>-48.150672,-8.998388,0</coordinates></Point></Placemark>
<Placemark><name>26533222</name><description>AL01065015</description><styleUrl>#stPoste</styleUrl><Point><coordinates>-48.150221,-8.998953,0</coordinates></Point></Placemark>
<Placemark><name>40919385</name><description>AL01065015</description><styleUrl>#stPoste</styleUrl><Point><coordinates>-48.158844,-8.99376,0</coordinates></Point></Placemark>
<Placemark><name>44421856</name><description>AL01065015</description><styleUrl>#stPoste</styleUrl><Point><coordinates>-48.169282,-8.993527,0</coordinates></Point></Placemark>
<Placemark><name>54031519</name><description>AL01065015</description><styleUrl>#stPoste</styleUrl><Point><coordinates>-48.151306,-9.003703,0</coordinates></Point></Placemark>
<Placemark><name>57947603</name><description>AL01065015</description><styleUrl>#stPoste</styleUrl><Point><coordinates>-48.171239,-8.978299,0</coordinates></Point></Placemark>
<Placemark><name>99552</name><description>AL01065015</description><styleUrl>#stPoste</styleUrl><Point><coordinates>-48.16569,-8.987167,0</coordinates></Point></Placemark>
<Placemark><name>210905</name><description>AL01065015</description><styleUrl>#stPoste</styleUrl><Point><coordinates>-48.172189,-8.98625,0</coordinates></Point></Placemark>
<Placemark><name>338680</name><description>AL01065015</description><styleUrl>#stPoste</styleUrl><Point><coordinates>-48.157661,-8.992683,0</coordinates></Point></Placemark>
<Placemark><name>527945</name><description>AL01065015</description><styleUrl>#stPoste</styleUrl><Point><coordinates>-48.175422,-9.004046,0</coordinates></Point></Placemark>
<Placemark><name>527952</name><description>AL01065015</description><styleUrl>#stPoste</styleUrl><Point><coordinates>-48.168829,-9.001327,0</coordinates></Point></Placemark>
<Placemark><name>527954</name><description>AL01065015</description><styleUrl>#stPoste</styleUrl><Point><coordinates>-48.169739,-9.006199,0</coordinates></Point></Placemark>
<Placemark><name>938178</name><description>AL01065015</description><styleUrl>#stPoste</styleUrl><Point><coordinates>-48.172048,-8.983773,0</coordinates></Point></Placemark>
<Placemark><name>938414</name><description>AL01065015</description><styleUrl>#stPoste</styleUrl><Point><coordinates>-48.172127,-9.000452,0</coordinates></Point></Placemark>
<Placemark><name>939501</name><description>AL01065015</description><styleUrl>#stPoste</styleUrl><Point><coordinates>-48.169795,-9.00649,0</coordinates></Point></Placemark>
<Placemark><name>942538</name><description>AL01065015</description><styleUrl>#stPoste</styleUrl><Point><coordinates>-48.162473,-8.994649,0</coordinates></Point></Placemark>
<Placemark><name>952444</name><description>AL01065015</description><styleUrl>#stPoste</styleUrl><Point><coordinates>-48.168786,-8.976089,0</coordinates></Point></Placemark>
<Placemark><name>962206</name><description>AL01065015</description><styleUrl>#stPoste</styleUrl><Point><coordinates>-48.168302,-8.998798,0</coordinates></Point></Placemark>
<Placemark><name>962210</name><description>AL01065015</description><styleUrl>#stPoste</styleUrl><Point><coordinates>-48.169293,-9.004246,0</coordinates></Point></Placemark>
<Placemark><name>965056</name><description>AL01065015</description><styleUrl>#stPoste</styleUrl><Point><coordinates>-48.171073,-8.992482,0</coordinates></Point></Placemark>
<Placemark><name>971536</name><description>AL01065015</description><styleUrl>#stPoste</styleUrl><Point><coordinates>-48.171971,-8.981785,0</coordinates></Point></Placemark>
<Placemark><name>972930</name><description>AL01065015</description><styleUrl>#stPoste</styleUrl><Point><coordinates>-48.15724,-8.993572,0</coordinates></Point></Placemark>
<Placemark><name>977666</name><description>AL01065015</description><styleUrl>#stPoste</styleUrl><Point><coordinates>-48.153299,-9.001555,0</coordinates></Point></Placemark>
<Placemark><name>977668</name><description>AL01065015</description><styleUrl>#stPoste</styleUrl><Point><coordinates>-48.152829,-9.001699,0</coordinates></Point></Placemark>
<Placemark><name>1095756</name><description>AL01065015</description><styleUrl>#stPoste</styleUrl><Point><coordinates>-48.159132,-8.992785,0</coordinates></Point></Placemark>
<Placemark><name>1289429</name><description>AL01065015</description><styleUrl>#stPoste</styleUrl><Point><coordinates>-48.164399,-8.996991,0</coordinates></Point></Placemark>
<Placemark><name>1289743</name><description>AL01065015</description><styleUrl>#stPoste</styleUrl><Point><coordinates>-48.160494,-8.995386,0</coordinates></Point></Placemark>
<Placemark><name>1289760</name><description>AL01065015</description><styleUrl>#stPoste</styleUrl><Point><coordinates>-48.162197,-8.99377,0</coordinates></Point></Placemark>
<Placemark><name>1783161</name><description>AL01065015</description><styleUrl>#stPoste</styleUrl><Point><coordinates>-48.169045,-8.997543,0</coordinates></Point></Placemark>
<Placemark><name>1783184</name><description>AL01065015</description><styleUrl>#stPoste</styleUrl><Point><coordinates>-48.17437,-9.002909,0</coordinates></Point></Placemark>
<Placemark><name>1783434</name><description>AL01065015</description><styleUrl>#stPoste</styleUrl><Point><coordinates>-48.17173,-8.998462,0</coordinates></Point></Placemark>
<Placemark><name>1783600</name><description>AL01065015</description><styleUrl>#stPoste</styleUrl><Point><coordinates>-48.17154,-9.003533,0</coordinates></Point></Placemark>
<Placemark><name>1783660</name><description>AL01065015</description><styleUrl>#stPoste</styleUrl><Point><coordinates>-48.169831,-9.004709,0</coordinates></Point></Placemark>
<Placemark><name>1783678</name><description>AL01065015</description><styleUrl>#stPoste</styleUrl><Point><coordinates>-48.156925,-8.991737,0</coordinates></Point></Placemark>
<Placemark><name>1784033</name><description>AL01065015</description><styleUrl>#stPoste</styleUrl><Point><coordinates>-48.172484,-9.001087,0</coordinates></Point></Placemark>
<Placemark><name>1784041</name><description>AL01065015</description><styleUrl>#stPoste</styleUrl><Point><coordinates>-48.174153,-8.997898,0</coordinates></Point></Placemark>
<Placemark><name>1784044</name><description>AL01065015</description><styleUrl>#stPoste</styleUrl><Point><coordinates>-48.173854,-8.996929,0</coordinates></Point></Placemark>
<Placemark><name>1791709</name><description>AL01065015</description><styleUrl>#stPoste</styleUrl><Point><coordinates>-48.171782,-8.977736,0</coordinates></Point></Placemark>
<Placemark><name>1791990</name><description>AL01065015</description><styleUrl>#stPoste</styleUrl><Point><coordinates>-48.166784,-9.001628,0</coordinates></Point></Placemark>
<Placemark><name>1792031</name><description>AL01065015</description><styleUrl>#stPoste</styleUrl><Point><coordinates>-48.171671,-8.994876,0</coordinates></Point></Placemark>
<Placemark><name>1792057</name><description>AL01065015</description><styleUrl>#stPoste</styleUrl><Point><coordinates>-48.167427,-9.001272,0</coordinates></Point></Placemark>
<Placemark><name>1792065</name><description>AL01065015</description><styleUrl>#stPoste</styleUrl><Point><coordinates>-48.165232,-9.000742,0</coordinates></Point></Placemark>
<Placemark><name>1792253</name><description>AL01065015</description><styleUrl>#stPoste</styleUrl><Point><coordinates>-48.173042,-8.980914,0</coordinates></Point></Placemark>
<Placemark><name>1792296</name><description>AL01065015</description><styleUrl>#stPoste</styleUrl><Point><coordinates>-48.172801,-8.980615,0</coordinates></Point></Placemark>
<Placemark><name>1792399</name><description>AL01065015</description><styleUrl>#stPoste</styleUrl><Point><coordinates>-48.17537,-9.006464,0</coordinates></Point></Placemark>
<Placemark><name>1792466</name><description>AL01065015</description><styleUrl>#stPoste</styleUrl><Point><coordinates>-48.175205,-9.005489,0</coordinates></Point></Placemark>
<Placemark><name>1792632</name><description>AL01065015</description><styleUrl>#stPoste</styleUrl><Point><coordinates>-48.171848,-8.97982,0</coordinates></Point></Placemark>
<Placemark><name>1792690</name><description>AL01065015</description><styleUrl>#stPoste</styleUrl><Point><coordinates>-48.169606,-8.980201,0</coordinates></Point></Placemark>
<Placemark><name>1793023</name><description>AL01065015</description><styleUrl>#stPoste</styleUrl><Point><coordinates>-48.170716,-8.979607,0</coordinates></Point></Placemark>
<Placemark><name>1793072</name><description>AL01065015</description><styleUrl>#stPoste</styleUrl><Point><coordinates>-48.172922,-8.983039,0</coordinates></Point></Placemark>
<Placemark><name>1793191</name><description>AL01065015</description><styleUrl>#stPoste</styleUrl><Point><coordinates>-48.167881,-8.978932,0</coordinates></Point></Placemark>
<Placemark><name>1793192</name><description>AL01065015</description><styleUrl>#stPoste</styleUrl><Point><coordinates>-48.16757,-8.978762,0</coordinates></Point></Placemark>
<Placemark><name>1793364</name><description>AL01065015</description><styleUrl>#stPoste</styleUrl><Point><coordinates>-48.173791,-8.979934,0</coordinates></Point></Placemark>
<Placemark><name>1793368</name><description>AL01065015</description><styleUrl>#stPoste</styleUrl><Point><coordinates>-48.172422,-8.97942,0</coordinates></Point></Placemark>
<Placemark><name>1793440</name><description>AL01065015</description><styleUrl>#stPoste</styleUrl><Point><coordinates>-48.165915,-8.979336,0</coordinates></Point></Placemark>
<Placemark><name>1793441</name><description>AL01065015</description><styleUrl>#stPoste</styleUrl><Point><coordinates>-48.16799,-8.980768,0</coordinates></Point></Placemark>
<Placemark><name>1793710</name><description>AL01065015</description><styleUrl>#stPoste</styleUrl><Point><coordinates>-48.167774,-8.978418,0</coordinates></Point></Placemark>
<Placemark><name>1794161</name><description>AL01065015</description><styleUrl>#stPoste</styleUrl><Point><coordinates>-48.166411,-8.980676,0</coordinates></Point></Placemark>
<Placemark><name>1794338</name><description>AL01065015</description><styleUrl>#stPoste</styleUrl><Point><coordinates>-48.167643,-8.983057,0</coordinates></Point></Placemark>
<Placemark><name>1794453</name><description>AL01065015</description><styleUrl>#stPoste</styleUrl><Point><coordinates>-48.174841,-8.977959,0</coordinates></Point></Placemark>
<Placemark><name>1825226</name><description>AL01065015</description><styleUrl>#stPoste</styleUrl><Point><coordinates>-48.152951,-8.998678,0</coordinates></Point></Placemark>
<Placemark><name>1825239</name><description>AL01065015</description><styleUrl>#stPoste</styleUrl><Point><coordinates>-48.152826,-9.000065,0</coordinates></Point></Placemark>
<Placemark><name>1825513</name><description>AL01065015</description><styleUrl>#stPoste</styleUrl><Point><coordinates>-48.152182,-8.999654,0</coordinates></Point></Placemark>
<Placemark><name>1827099</name><description>AL01065015</description><styleUrl>#stPoste</styleUrl><Point><coordinates>-48.158136,-8.99126,0</coordinates></Point></Placemark>
<Placemark><name>1827105</name><description>AL01065015</description><styleUrl>#stPoste</styleUrl><Point><coordinates>-48.159359,-8.991044,0</coordinates></Point></Placemark>
<Placemark><name>1870036</name><description>AL01065015</description><styleUrl>#stPoste</styleUrl><Point><coordinates>-48.163897,-8.997353,0</coordinates></Point></Placemark>
<Placemark><name>1870135</name><description>AL01065015</description><styleUrl>#stPoste</styleUrl><Point><coordinates>-48.160932,-8.995429,0</coordinates></Point></Placemark>
<Placemark><name>1870188</name><description>AL01065015</description><styleUrl>#stPoste</styleUrl><Point><coordinates>-48.16151,-8.997167,0</coordinates></Point></Placemark>
<Placemark><name>1870236</name><description>AL01065015</description><styleUrl>#stPoste</styleUrl><Point><coordinates>-48.159227,-8.996783,0</coordinates></Point></Placemark>
<Placemark><name>1870297</name><description>AL01065015</description><styleUrl>#stPoste</styleUrl><Point><coordinates>-48.162415,-8.998746,0</coordinates></Point></Placemark>
<Placemark><name>1870298</name><description>AL01065015</description><styleUrl>#stPoste</styleUrl><Point><coordinates>-48.159919,-8.997298,0</coordinates></Point></Placemark>
<Placemark><name>26533148</name><description>AL01065015</description><styleUrl>#stPoste</styleUrl><Point><coordinates>-48.153161,-8.996625,0</coordinates></Point></Placemark>
<Placemark><name>26533224</name><description>AL01065015</description><styleUrl>#stPoste</styleUrl><Point><coordinates>-48.150011,-8.999248,0</coordinates></Point></Placemark>
<Placemark><name>34463816</name><description>AL01065015</description><styleUrl>#stPoste</styleUrl><Point><coordinates>-48.169024,-8.975589,0</coordinates></Point></Placemark>
<Placemark><name>54649804</name><description>AL01065015</description><styleUrl>#stPoste</styleUrl><Point><coordinates>-48.171799,-8.978144,0</coordinates></Point></Placemark>
<Placemark><name>99543</name><description>AL01065015</description><styleUrl>#stPoste</styleUrl><Point><coordinates>-48.169834,-8.979829,0</coordinates></Point></Placemark>
<Placemark><name>136132</name><description>AL01065015</description><styleUrl>#stPoste</styleUrl><Point><coordinates>-48.162658,-8.995401,0</coordinates></Point></Placemark>
<Placemark><name>337272</name><description>AL01065015</description><styleUrl>#stPoste</styleUrl><Point><coordinates>-48.157152,-8.993465,0</coordinates></Point></Placemark>
<Placemark><name>938411</name><description>AL01065015</description><styleUrl>#stPoste</styleUrl><Point><coordinates>-48.173472,-9.000299,0</coordinates></Point></Placemark>
<Placemark><name>938589</name><description>AL01065015</description><styleUrl>#stPoste</styleUrl><Point><coordinates>-48.158652,-8.991926,0</coordinates></Point></Placemark>
<Placemark><name>939363</name><description>AL01065015</description><styleUrl>#stPoste</styleUrl><Point><coordinates>-48.169719,-8.993181,0</coordinates></Point></Placemark>
<Placemark><name>941684</name><description>AL01065015</description><styleUrl>#stPoste</styleUrl><Point><coordinates>-48.157419,-8.993593,0</coordinates></Point></Placemark>
<Placemark><name>963032</name><description>AL01065015</description><styleUrl>#stPoste</styleUrl><Point><coordinates>-48.172317,-8.991726,0</coordinates></Point></Placemark>
<Placemark><name>963718</name><description>AL01065015</description><styleUrl>#stPoste</styleUrl><Point><coordinates>-48.172186,-8.998919,0</coordinates></Point></Placemark>
<Placemark><name>965592</name><description>AL01065015</description><styleUrl>#stPoste</styleUrl><Point><coordinates>-48.168151,-8.997586,0</coordinates></Point></Placemark>
<Placemark><name>968571</name><description>AL01065015</description><styleUrl>#stPoste</styleUrl><Point><coordinates>-48.169683,-8.981392,0</coordinates></Point></Placemark>
<Placemark><name>973946</name><description>AL01065015</description><styleUrl>#stPoste</styleUrl><Point><coordinates>-48.165844,-8.987777,0</coordinates></Point></Placemark>
<Placemark><name>1097061</name><description>AL01065015</description><styleUrl>#stPoste</styleUrl><Point><coordinates>-48.167266,-8.997148,0</coordinates></Point></Placemark>
<Placemark><name>1280312</name><description>AL01065015</description><styleUrl>#stPoste</styleUrl><Point><coordinates>-48.174844,-8.978722,0</coordinates></Point></Placemark>
<Placemark><name>1290070</name><description>AL01065015</description><styleUrl>#stPoste</styleUrl><Point><coordinates>-48.163988,-8.997036,0</coordinates></Point></Placemark>
<Placemark><name>1291049</name><description>AL01065015</description><styleUrl>#stPoste</styleUrl><Point><coordinates>-48.164614,-8.995351,0</coordinates></Point></Placemark>
<Placemark><name>1783119</name><description>AL01065015</description><styleUrl>#stPoste</styleUrl><Point><coordinates>-48.171022,-8.982807,0</coordinates></Point></Placemark>
<Placemark><name>1783122</name><description>AL01065015</description><styleUrl>#stPoste</styleUrl><Point><coordinates>-48.170465,-8.985488,0</coordinates></Point></Placemark>
<Placemark><name>1783436</name><description>AL01065015</description><styleUrl>#stPoste</styleUrl><Point><coordinates>-48.172587,-8.998262,0</coordinates></Point></Placemark>
<Placemark><name>1783576</name><description>AL01065015</description><styleUrl>#stPoste</styleUrl><Point><coordinates>-48.168123,-8.994519,0</coordinates></Point></Placemark>
<Placemark><name>1783578</name><description>AL01065015</description><styleUrl>#stPoste</styleUrl><Point><coordinates>-48.168688,-8.994039,0</coordinates></Point></Placemark>
<Placemark><name>1783628</name><description>AL01065015</description><styleUrl>#stPoste</styleUrl><Point><coordinates>-48.172167,-9.001168,0</coordinates></Point></Placemark>
<Placemark><name>1783676</name><description>AL01065015</description><styleUrl>#stPoste</styleUrl><Point><coordinates>-48.156624,-8.992151,0</coordinates></Point></Placemark>
<Placemark><name>1783865</name><description>AL01065015</description><styleUrl>#stPoste</styleUrl><Point><coordinates>-48.156418,-8.992305,0</coordinates></Point></Placemark>
<Placemark><name>1783945</name><description>AL01065015</description><styleUrl>#stPoste</styleUrl><Point><coordinates>-48.168721,-8.985059,0</coordinates></Point></Placemark>
<Placemark><name>1783959</name><description>AL01065015</description><styleUrl>#stPoste</styleUrl><Point><coordinates>-48.167428,-8.982195,0</coordinates></Point></Placemark>
<Placemark><name>1784007</name><description>AL01065015</description><styleUrl>#stPoste</styleUrl><Point><coordinates>-48.157541,-8.994004,0</coordinates></Point></Placemark>
<Placemark><name>1784023</name><description>AL01065015</description><styleUrl>#stPoste</styleUrl><Point><coordinates>-48.173328,-8.978192,0</coordinates></Point></Placemark>
<Placemark><name>1791855</name><description>AL01065015</description><styleUrl>#stPoste</styleUrl><Point><coordinates>-48.16579,-9.002162,0</coordinates></Point></Placemark>
<Placemark><name>1792097</name><description>AL01065015</description><styleUrl>#stPoste</styleUrl><Point><coordinates>-48.172143,-8.99423,0</coordinates></Point></Placemark>
<Placemark><name>1792219</name><description>AL01065015</description><styleUrl>#stPoste</styleUrl><Point><coordinates>-48.170863,-8.993973,0</coordinates></Point></Placemark>
<Placemark><name>1792248</name><description>AL01065015</description><styleUrl>#stPoste</styleUrl><Point><coordinates>-48.16997,-8.980207,0</coordinates></Point></Placemark>
<Placemark><name>1792282</name><description>AL01065015</description><styleUrl>#stPoste</styleUrl><Point><coordinates>-48.170065,-8.995921,0</coordinates></Point></Placemark>
<Placemark><name>1792330</name><description>AL01065015</description><styleUrl>#stPoste</styleUrl><Point><coordinates>-48.169781,-8.99476,0</coordinates></Point></Placemark>
<Placemark><name>1792332</name><description>AL01065015</description><styleUrl>#stPoste</styleUrl><Point><coordinates>-48.169384,-8.995251,0</coordinates></Point></Placemark>
<Placemark><name>1792370</name><description>AL01065015</description><styleUrl>#stPoste</styleUrl><Point><coordinates>-48.166602,-9.000262,0</coordinates></Point></Placemark>
<Placemark><name>1792473</name><description>AL01065015</description><styleUrl>#stPoste</styleUrl><Point><coordinates>-48.176605,-9.005985,0</coordinates></Point></Placemark>
<Placemark><name>1792499</name><description>AL01065015</description><styleUrl>#stPoste</styleUrl><Point><coordinates>-48.170543,-9.002319,0</coordinates></Point></Placemark>
<Placemark><name>1792624</name><description>AL01065015</description><styleUrl>#stPoste</styleUrl><Point><coordinates>-48.175303,-9.00225,0</coordinates></Point></Placemark>
<Placemark><name>1792688</name><description>AL01065015</description><styleUrl>#stPoste</styleUrl><Point><coordinates>-48.16944,-8.977313,0</coordinates></Point></Placemark>
<Placemark><name>1793183</name><description>AL01065015</description><styleUrl>#stPoste</styleUrl><Point><coordinates>-48.167304,-8.97975,0</coordinates></Point></Placemark>
<Placemark><name>1793198</name><description>AL01065015</description><styleUrl>#stPoste</styleUrl><Point><coordinates>-48.166101,-8.97833,0</coordinates></Point></Placemark>
<Placemark><name>1793357</name><description>AL01065015</description><styleUrl>#stPoste</styleUrl><Point><coordinates>-48.172094,-8.979297,0</coordinates></Point></Placemark>
<Placemark><name>1793684</name><description>AL01065015</description><styleUrl>#stPoste</styleUrl><Point><coordinates>-48.172129,-8.983083,0</coordinates></Point></Placemark>
<Placemark><name>1793867</name><description>AL01065015</description><styleUrl>#stPoste</styleUrl><Point><coordinates>-48.169206,-8.979378,0</coordinates></Point></Placemark>
<Placemark><name>1793964</name><description>AL01065015</description><styleUrl>#stPoste</styleUrl><Point><coordinates>-48.168316,-8.986801,0</coordinates></Point></Placemark>
<Placemark><name>1794379</name><description>AL01065015</description><styleUrl>#stPoste</styleUrl><Point><coordinates>-48.15218,-9.003134,0</coordinates></Point></Placemark>
<Placemark><name>1794742</name><description>AL01065015</description><styleUrl>#stPoste</styleUrl><Point><coordinates>-48.151821,-9.002549,0</coordinates></Point></Placemark>
<Placemark><name>1794744</name><description>AL01065015</description><styleUrl>#stPoste</styleUrl><Point><coordinates>-48.152137,-9.00187,0</coordinates></Point></Placemark>
<Placemark><name>1801661</name><description>AL01065015</description><styleUrl>#stPoste</styleUrl><Point><coordinates>-48.169146,-8.978127,0</coordinates></Point></Placemark>
<Placemark><name>1820437</name><description>AL01065015</description><styleUrl>#stPoste</styleUrl><Point><coordinates>-48.160432,-8.991112,0</coordinates></Point></Placemark>
<Placemark><name>1820599</name><description>AL01065015</description><styleUrl>#stPoste</styleUrl><Point><coordinates>-48.156595,-8.996123,0</coordinates></Point></Placemark>
<Placemark><name>1825110</name><description>AL01065015</description><styleUrl>#stPoste</styleUrl><Point><coordinates>-48.153883,-8.998382,0</coordinates></Point></Placemark>
<Placemark><name>1825219</name><description>AL01065015</description><styleUrl>#stPoste</styleUrl><Point><coordinates>-48.153252,-8.998095,0</coordinates></Point></Placemark>
<Placemark><name>1825231</name><description>AL01065015</description><styleUrl>#stPoste</styleUrl><Point><coordinates>-48.152994,-8.999421,0</coordinates></Point></Placemark>
<Placemark><name>1825243</name><description>AL01065015</description><styleUrl>#stPoste</styleUrl><Point><coordinates>-48.153242,-9.00095,0</coordinates></Point></Placemark>
<Placemark><name>1825363</name><description>AL01065015</description><styleUrl>#stPoste</styleUrl><Point><coordinates>-48.152914,-9.000798,0</coordinates></Point></Placemark>
<Placemark><name>1825366</name><description>AL01065015</description><styleUrl>#stPoste</styleUrl><Point><coordinates>-48.151811,-9.000279,0</coordinates></Point></Placemark>
<Placemark><name>1825370</name><description>AL01065015</description><styleUrl>#stPoste</styleUrl><Point><coordinates>-48.153032,-9.000558,0</coordinates></Point></Placemark>
<Placemark><name>1827108</name><description>AL01065015</description><styleUrl>#stPoste</styleUrl><Point><coordinates>-48.160476,-8.990442,0</coordinates></Point></Placemark>
<Placemark><name>1827111</name><description>AL01065015</description><styleUrl>#stPoste</styleUrl><Point><coordinates>-48.160776,-8.991273,0</coordinates></Point></Placemark>
<Placemark><name>1870017</name><description>AL01065015</description><styleUrl>#stPoste</styleUrl><Point><coordinates>-48.165867,-8.995519,0</coordinates></Point></Placemark>
<Placemark><name>1870102</name><description>AL01065015</description><styleUrl>#stPoste</styleUrl><Point><coordinates>-48.161734,-8.99536,0</coordinates></Point></Placemark>
<Placemark><name>1870106</name><description>AL01065015</description><styleUrl>#stPoste</styleUrl><Point><coordinates>-48.16525,-8.992462,0</coordinates></Point></Placemark>
<Placemark><name>1870588</name><description>AL01065015</description><styleUrl>#stPoste</styleUrl><Point><coordinates>-48.163688,-8.99236,0</coordinates></Point></Placemark>
<Placemark><name>1870602</name><description>AL01065015</description><styleUrl>#stPoste</styleUrl><Point><coordinates>-48.161685,-8.993745,0</coordinates></Point></Placemark>
<Placemark><name>1870675</name><description>AL01065015</description><styleUrl>#stPoste</styleUrl><Point><coordinates>-48.161467,-8.994031,0</coordinates></Point></Placemark>
<Placemark><name>1871001</name><description>AL01065015</description><styleUrl>#stPoste</styleUrl><Point><coordinates>-48.165101,-8.995288,0</coordinates></Point></Placemark>
<Placemark><name>1871003</name><description>AL01065015</description><styleUrl>#stPoste</styleUrl><Point><coordinates>-48.162681,-8.998906,0</coordinates></Point></Placemark>
<Placemark><name>1871009</name><description>AL01065015</description><styleUrl>#stPoste</styleUrl><Point><coordinates>-48.164542,-8.995922,0</coordinates></Point></Placemark>
<Placemark><name>1887952</name><description>AL01065015</description><styleUrl>#stPoste</styleUrl><Point><coordinates>-48.171724,-8.978525,0</coordinates></Point></Placemark>
<Placemark><name>31427788</name><description>AL01065015</description><styleUrl>#stPoste</styleUrl><Point><coordinates>-48.159784,-8.99018,0</coordinates></Point></Placemark>
<Placemark><name>38436035</name><description>AL01065015</description><styleUrl>#stPoste</styleUrl><Point><coordinates>-48.16924,-8.980807,0</coordinates></Point></Placemark>
<Placemark><name>51115817</name><description>AL01065015</description><styleUrl>#stPoste</styleUrl><Point><coordinates>-48.17366,-8.980946,0</coordinates></Point></Placemark>
<Placemark><name>136131</name><description>AL01065015</description><styleUrl>#stPoste</styleUrl><Point><coordinates>-48.16691,-8.997227,0</coordinates></Point></Placemark>
<Placemark><name>938585</name><description>AL01065015</description><styleUrl>#stPoste</styleUrl><Point><coordinates>-48.157536,-8.992948,0</coordinates></Point></Placemark>
<Placemark><name>940180</name><description>AL01065015</description><styleUrl>#stPoste</styleUrl><Point><coordinates>-48.163881,-8.987435,0</coordinates></Point></Placemark>
<Placemark><name>940624</name><description>AL01065015</description><styleUrl>#stPoste</styleUrl><Point><coordinates>-48.159187,-8.993241,0</coordinates></Point></Placemark>
<Placemark><name>962214</name><description>AL01065015</description><styleUrl>#stPoste</styleUrl><Point><coordinates>-48.169388,-9.004766,0</coordinates></Point></Placemark>
<Placemark><name>963719</name><description>AL01065015</description><styleUrl>#stPoste</styleUrl><Point><coordinates>-48.172946,-8.998735,0</coordinates></Point></Placemark>
<Placemark><name>968853</name><description>AL01065015</description><styleUrl>#stPoste</styleUrl><Point><coordinates>-48.173387,-8.978421,0</coordinates></Point></Placemark>
<Placemark><name>973214</name><description>AL01065015</description><styleUrl>#stPoste</styleUrl><Point><coordinates>-48.167251,-8.987286,0</coordinates></Point></Placemark>
<Placemark><name>978015</name><description>AL01065015</description><styleUrl>#stPoste</styleUrl><Point><coordinates>-48.152761,-9.00343,0</coordinates></Point></Placemark>
<Placemark><name>978016</name><description>AL01065015</description><styleUrl>#stPoste</styleUrl><Point><coordinates>-48.152906,-9.003099,0</coordinates></Point></Placemark>
<Placemark><name>979244</name><description>AL01065015</description><styleUrl>#stPoste</styleUrl><Point><coordinates>-48.169007,-9.00231,0</coordinates></Point></Placemark>
<Placemark><name>1289761</name><description>AL01065015</description><styleUrl>#stPoste</styleUrl><Point><coordinates>-48.161104,-8.99565,0</coordinates></Point></Placemark>
<Placemark><name>1783113</name><description>AL01065015</description><styleUrl>#stPoste</styleUrl><Point><coordinates>-48.167038,-8.982617,0</coordinates></Point></Placemark>
<Placemark><name>1783233</name><description>AL01065015</description><styleUrl>#stPoste</styleUrl><Point><coordinates>-48.174705,-9.003931,0</coordinates></Point></Placemark>
<Placemark><name>1783235</name><description>AL01065015</description><styleUrl>#stPoste</styleUrl><Point><coordinates>-48.174072,-9.004147,0</coordinates></Point></Placemark>
<Placemark><name>1783264</name><description>AL01065015</description><styleUrl>#stPoste</styleUrl><Point><coordinates>-48.171261,-9.002996,0</coordinates></Point></Placemark>
<Placemark><name>1783275</name><description>AL01065015</description><styleUrl>#stPoste</styleUrl><Point><coordinates>-48.156477,-8.993447,0</coordinates></Point></Placemark>
<Placemark><name>1783280</name><description>AL01065015</description><styleUrl>#stPoste</styleUrl><Point><coordinates>-48.171005,-8.997511,0</coordinates></Point></Placemark>
<Placemark><name>1783282</name><description>AL01065015</description><styleUrl>#stPoste</styleUrl><Point><coordinates>-48.171748,-8.997332,0</coordinates></Point></Placemark>
<Placemark><name>1783366</name><description>AL01065015</description><styleUrl>#stPoste</styleUrl><Point><coordinates>-48.170444,-8.984268,0</coordinates></Point></Placemark>
<Placemark><name>1783447</name><description>AL01065015</description><styleUrl>#stPoste</styleUrl><Point><coordinates>-48.173598,-8.9997,0</coordinates></Point></Placemark>
<Placemark><name>1783612</name><description>AL01065015</description><styleUrl>#stPoste</styleUrl><Point><coordinates>-48.169327,-8.997841,0</coordinates></Point></Placemark>
<Placemark><name>1783856</name><description>AL01065015</description><styleUrl>#stPoste</styleUrl><Point><coordinates>-48.170498,-9.004085,0</coordinates></Point></Placemark>
<Placemark><name>1791857</name><description>AL01065015</description><styleUrl>#stPoste</styleUrl><Point><coordinates>-48.169377,-9.006894,0</coordinates></Point></Placemark>
<Placemark><name>1792087</name><description>AL01065015</description><styleUrl>#stPoste</styleUrl><Point><coordinates>-48.171356,-8.994407,0</coordinates></Point></Placemark>
<Placemark><name>1792100</name><description>AL01065015</description><styleUrl>#stPoste</styleUrl><Point><coordinates>-48.169539,-8.993691,0</coordinates></Point></Placemark>
<Placemark><name>1792582</name><description>AL01065015</description><styleUrl>#stPoste</styleUrl><Point><coordinates>-48.171633,-8.97882,0</coordinates></Point></Placemark>
<Placemark><name>1792969</name><description>AL01065015</description><styleUrl>#stPoste</styleUrl><Point><coordinates>-48.170411,-8.97952,0</coordinates></Point></Placemark>
<Placemark><name>1793439</name><description>AL01065015</description><styleUrl>#stPoste</styleUrl><Point><coordinates>-48.16529,-8.979617,0</coordinates></Point></Placemark>
<Placemark><name>1793703</name><description>AL01065015</description><styleUrl>#stPoste</styleUrl><Point><coordinates>-48.168472,-8.977424,0</coordinates></Point></Placemark>
<Placemark><name>1793704</name><description>AL01065015</description><styleUrl>#stPoste</styleUrl><Point><coordinates>-48.168224,-8.977406,0</coordinates></Point></Placemark>
<Placemark><name>1793862</name><description>AL01065015</description><styleUrl>#stPoste</styleUrl><Point><coordinates>-48.169016,-8.980694,0</coordinates></Point></Placemark>
<Placemark><name>1793922</name><description>AL01065015</description><styleUrl>#stPoste</styleUrl><Point><coordinates>-48.17069,-8.982265,0</coordinates></Point></Placemark>
<Placemark><name>1793965</name><description>AL01065015</description><styleUrl>#stPoste</styleUrl><Point><coordinates>-48.167701,-8.985025,0</coordinates></Point></Placemark>
<Placemark><name>1793966</name><description>AL01065015</description><styleUrl>#stPoste</styleUrl><Point><coordinates>-48.167759,-8.98294,0</coordinates></Point></Placemark>
<Placemark><name>1794167</name><description>AL01065015</description><styleUrl>#stPoste</styleUrl><Point><coordinates>-48.168528,-8.986241,0</coordinates></Point></Placemark>
<Placemark><name>1794412</name><description>AL01065015</description><styleUrl>#stPoste</styleUrl><Point><coordinates>-48.152159,-9.002798,0</coordinates></Point></Placemark>
<Placemark><name>1794414</name><description>AL01065015</description><styleUrl>#stPoste</styleUrl><Point><coordinates>-48.152696,-9.003015,0</coordinates></Point></Placemark>
<Placemark><name>1794494</name><description>AL01065015</description><styleUrl>#stPoste</styleUrl><Point><coordinates>-48.170965,-9.00676,0</coordinates></Point></Placemark>
<Placemark><name>1799355</name><description>AL01065015</description><styleUrl>#stPoste</styleUrl><Point><coordinates>-48.169051,-9.004694,0</coordinates></Point></Placemark>
<Placemark><name>1820440</name><description>AL01065015</description><styleUrl>#stPoste</styleUrl><Point><coordinates>-48.159509,-8.990714,0</coordinates></Point></Placemark>
<Placemark><name>1820450</name><description>AL01065015</description><styleUrl>#stPoste</styleUrl><Point><coordinates>-48.154881,-8.994631,0</coordinates></Point></Placemark>
<Placemark><name>1820597</name><description>AL01065015</description><styleUrl>#stPoste</styleUrl><Point><coordinates>-48.156919,-8.995374,0</coordinates></Point></Placemark>
<Placemark><name>1825108</name><description>AL01065015</description><styleUrl>#stPoste</styleUrl><Point><coordinates>-48.154497,-8.998663,0</coordinates></Point></Placemark>
<Placemark><name>1870024</name><description>AL01065015</description><styleUrl>#stPoste</styleUrl><Point><coordinates>-48.166193,-8.995617,0</coordinates></Point></Placemark>
<Placemark><name>1870152</name><description>AL01065015</description><styleUrl>#stPoste</styleUrl><Point><coordinates>-48.160782,-8.996627,0</coordinates></Point></Placemark>
<Placemark><name>1870288</name><description>AL01065015</description><styleUrl>#stPoste</styleUrl><Point><coordinates>-48.159344,-8.996971,0</coordinates></Point></Placemark>
<Placemark><name>1870599</name><description>AL01065015</description><styleUrl>#stPoste</styleUrl><Point><coordinates>-48.161919,-8.996673,0</coordinates></Point></Placemark>
<Placemark><name>1888900</name><description>AL01065015</description><styleUrl>#stPoste</styleUrl><Point><coordinates>-48.168412,-8.980109,0</coordinates></Point></Placemark>
<Placemark><name>28486415</name><description>AL01065015</description><styleUrl>#stPoste</styleUrl><Point><coordinates>-48.157106,-8.992603,0</coordinates></Point></Placemark>
<Placemark><name>40919410</name><description>AL01065015</description><styleUrl>#stPoste</styleUrl><Point><coordinates>-48.157802,-8.995313,0</coordinates></Point></Placemark>
<Placemark><name>49660113</name><description>AL01065015</description><styleUrl>#stPoste</styleUrl><Point><coordinates>-48.168083,-8.978285,0</coordinates></Point></Placemark>
<Placemark><name>56419118</name><description>AL01065015</description><styleUrl>#stPoste</styleUrl><Point><coordinates>-48.167387,-8.986089,0</coordinates></Point></Placemark>
<Placemark><name>99535</name><description>AL01065015</description><styleUrl>#stPoste</styleUrl><Point><coordinates>-48.173835,-8.98193,0</coordinates></Point></Placemark>
<Placemark><name>99544</name><description>AL01065015</description><styleUrl>#stPoste</styleUrl><Point><coordinates>-48.169321,-8.982701,0</coordinates></Point></Placemark>
<Placemark><name>303698</name><description>AL01065015</description><styleUrl>#stPoste</styleUrl><Point><coordinates>-48.175306,-8.994167,0</coordinates></Point></Placemark>
<Placemark><name>938405</name><description>AL01065015</description><styleUrl>#stPoste</styleUrl><Point><coordinates>-48.174618,-9.000081,0</coordinates></Point></Placemark>
<Placemark><name>942045</name><description>AL01065015</description><styleUrl>#stPoste</styleUrl><Point><coordinates>-48.157929,-8.99525,0</coordinates></Point></Placemark>
<Placemark><name>963689</name><description>AL01065015</description><styleUrl>#stPoste</styleUrl><Point><coordinates>-48.170123,-8.995797,0</coordinates></Point></Placemark>
<Placemark><name>968852</name><description>AL01065015</description><styleUrl>#stPoste</styleUrl><Point><coordinates>-48.168798,-8.975762,0</coordinates></Point></Placemark>
<Placemark><name>973942</name><description>AL01065015</description><styleUrl>#stPoste</styleUrl><Point><coordinates>-48.167316,-8.981305,0</coordinates></Point></Placemark>
<Placemark><name>977326</name><description>AL01065015</description><styleUrl>#stPoste</styleUrl><Point><coordinates>-48.153733,-9.001213,0</coordinates></Point></Placemark>
<Placemark><name>978019</name><description>AL01065015</description><styleUrl>#stPoste</styleUrl><Point><coordinates>-48.153394,-9.001986,0</coordinates></Point></Placemark>
<Placemark><name>982368</name><description>AL01065015</description><styleUrl>#stPoste</styleUrl><Point><coordinates>-48.15269,-9.001299,0</coordinates></Point></Placemark>
<Placemark><name>1250591</name><description>AL01065015</description><styleUrl>#stPoste</styleUrl><Point><coordinates>-48.161809,-8.988172,0</coordinates></Point></Placemark>
<Placemark><name>1289749</name><description>AL01065015</description><styleUrl>#stPoste</styleUrl><Point><coordinates>-48.162366,-8.992845,0</coordinates></Point></Placemark>
<Placemark><name>1783262</name><description>AL01065015</description><styleUrl>#stPoste</styleUrl><Point><coordinates>-48.171244,-9.003274,0</coordinates></Point></Placemark>
<Placemark><name>1783274</name><description>AL01065015</description><styleUrl>#stPoste</styleUrl><Point><coordinates>-48.156322,-8.993794,0</coordinates></Point></Placemark>
<Placemark><name>1783373</name><description>AL01065015</description><styleUrl>#stPoste</styleUrl><Point><coordinates>-48.16509,-8.980959,0</coordinates></Point></Placemark>
<Placemark><name>1783840</name><description>AL01065015</description><styleUrl>#stPoste</styleUrl><Point><coordinates>-48.169238,-8.983648,0</coordinates></Point></Placemark>
<Placemark><name>1784030</name><description>AL01065015</description><styleUrl>#stPoste</styleUrl><Point><coordinates>-48.17238,-9.001679,0</coordinates></Point></Placemark>
<Placemark><name>1784053</name><description>AL01065015</description><styleUrl>#stPoste</styleUrl><Point><coordinates>-48.173112,-8.995891,0</coordinates></Point></Placemark>
<Placemark><name>1791852</name><description>AL01065015</description><styleUrl>#stPoste</styleUrl><Point><coordinates>-48.167522,-9.000529,0</coordinates></Point></Placemark>
<Placemark><name>1792279</name><description>AL01065015</description><styleUrl>#stPoste</styleUrl><Point><coordinates>-48.171288,-8.995689,0</coordinates></Point></Placemark>
<Placemark><name>1792283</name><description>AL01065015</description><styleUrl>#stPoste</styleUrl><Point><coordinates>-48.172331,-8.996073,0</coordinates></Point></Placemark>
<Placemark><name>1792335</name><description>AL01065015</description><styleUrl>#stPoste</styleUrl><Point><coordinates>-48.170907,-8.995019,0</coordinates></Point></Placemark>
<Placemark><name>1792437</name><description>AL01065015</description><styleUrl>#stPoste</styleUrl><Point><coordinates>-48.169265,-9.006143,0</coordinates></Point></Placemark>
<Placemark><name>1792895</name><description>AL01065015</description><styleUrl>#stPoste</styleUrl><Point><coordinates>-48.170269,-8.9815,0</coordinates></Point></Placemark>
<Placemark><name>1793197</name><description>AL01065015</description><styleUrl>#stPoste</styleUrl><Point><coordinates>-48.166278,-8.978055,0</coordinates></Point></Placemark>
<Placemark><name>1793716</name><description>AL01065015</description><styleUrl>#stPoste</styleUrl><Point><coordinates>-48.166361,-8.979276,0</coordinates></Point></Placemark>
<Placemark><name>1793879</name><description>AL01065015</description><styleUrl>#stPoste</styleUrl><Point><coordinates>-48.167875,-8.980037,0</coordinates></Point></Placemark>
<Placemark><name>1794171</name><description>AL01065015</description><styleUrl>#stPoste</styleUrl><Point><coordinates>-48.166864,-8.981997,0</coordinates></Point></Placemark>
<Placemark><name>1794457</name><description>AL01065015</description><styleUrl>#stPoste</styleUrl><Point><coordinates>-48.17127,-9.003981,0</coordinates></Point></Placemark>
<Placemark><name>1799286</name><description>AL01065015</description><styleUrl>#stPoste</styleUrl><Point><coordinates>-48.170151,-9.005205,0</coordinates></Point></Placemark>
<Placemark><name>1820457</name><description>AL01065015</description><styleUrl>#stPoste</styleUrl><Point><coordinates>-48.153953,-8.995558,0</coordinates></Point></Placemark>
<Placemark><name>1825091</name><description>AL01065015</description><styleUrl>#stPoste</styleUrl><Point><coordinates>-48.153486,-8.997507,0</coordinates></Point></Placemark>
<Placemark><name>1825094</name><description>AL01065015</description><styleUrl>#stPoste</styleUrl><Point><coordinates>-48.155448,-8.998669,0</coordinates></Point></Placemark>
<Placemark><name>1825233</name><description>AL01065015</description><styleUrl>#stPoste</styleUrl><Point><coordinates>-48.15231,-8.999138,0</coordinates></Point></Placemark>
<Placemark><name>1827096</name><description>AL01065015</description><styleUrl>#stPoste</styleUrl><Point><coordinates>-48.157885,-8.990444,0</coordinates></Point></Placemark>
<Placemark><name>1870088</name><description>AL01065015</description><styleUrl>#stPoste</styleUrl><Point><coordinates>-48.161241,-8.998033,0</coordinates></Point></Placemark>
<Placemark><name>1870095</name><description>AL01065015</description><styleUrl>#stPoste</styleUrl><Point><coordinates>-48.164564,-8.992954,0</coordinates></Point></Placemark>
<Placemark><name>1870137</name><description>AL01065015</description><styleUrl>#stPoste</styleUrl><Point><coordinates>-48.16478,-8.991213,0</coordinates></Point></Placemark>
<Placemark><name>1870146</name><description>AL01065015</description><styleUrl>#stPoste</styleUrl><Point><coordinates>-48.161538,-8.995613,0</coordinates></Point></Placemark>
<Placemark><name>1870290</name><description>AL01065015</description><styleUrl>#stPoste</styleUrl><Point><coordinates>-48.166332,-8.996033,0</coordinates></Point></Placemark>
<Placemark><name>1871010</name><description>AL01065015</description><styleUrl>#stPoste</styleUrl><Point><coordinates>-48.162913,-8.999046,0</coordinates></Point></Placemark>
<Placemark><name>26533123</name><description>AL01065015</description><styleUrl>#stPoste</styleUrl><Point><coordinates>-48.154078,-8.99704,0</coordinates></Point></Placemark>
<Placemark><name>27627638</name><description>AL01065015</description><styleUrl>#stPoste</styleUrl><Point><coordinates>-48.168333,-8.980068,0</coordinates></Point></Placemark>
<Placemark><name>27627698</name><description>AL01065015</description><styleUrl>#stPoste</styleUrl><Point><coordinates>-48.168233,-8.979788,0</coordinates></Point></Placemark>
<Placemark><name>39310449</name><description>AL01065015</description><styleUrl>#stPoste</styleUrl><Point><coordinates>-48.162898,-8.989292,0</coordinates></Point></Placemark>
<Placemark><name>46821805</name><description>AL01065015</description><styleUrl>#stPoste</styleUrl><Point><coordinates>-48.157059,-8.992689,0</coordinates></Point></Placemark>
<Placemark><name>54250491</name><description>AL01065015</description><styleUrl>#stPoste</styleUrl><Point><coordinates>-48.161311,-8.989364,0</coordinates></Point></Placemark>
<Placemark><name>99540</name><description>AL01065015</description><styleUrl>#stPoste</styleUrl><Point><coordinates>-48.171455,-8.983053,0</coordinates></Point></Placemark>
<Placemark><name>527944</name><description>AL01065015</description><styleUrl>#stPoste</styleUrl><Point><coordinates>-48.175019,-9.002894,0</coordinates></Point></Placemark>
<Placemark><name>938173</name><description>AL01065015</description><styleUrl>#stPoste</styleUrl><Point><coordinates>-48.166918,-8.984543,0</coordinates></Point></Placemark>
<Placemark><name>938180</name><description>AL01065015</description><styleUrl>#stPoste</styleUrl><Point><coordinates>-48.171756,-8.983665,0</coordinates></Point></Placemark>
<Placemark><name>951838</name><description>AL01065015</description><styleUrl>#stPoste</styleUrl><Point><coordinates>-48.1682,-8.997296,0</coordinates></Point></Placemark>
<Placemark><name>963369</name><description>AL01065015</description><styleUrl>#stPoste</styleUrl><Point><coordinates>-48.170499,-8.996964,0</coordinates></Point></Placemark>
<Placemark><name>963717</name><description>AL01065015</description><styleUrl>#stPoste</styleUrl><Point><coordinates>-48.17178,-8.999017,0</coordinates></Point></Placemark>
<Placemark><name>967764</name><description>AL01065015</description><styleUrl>#stPoste</styleUrl><Point><coordinates>-48.172695,-8.984858,0</coordinates></Point></Placemark>
<Placemark><name>972845</name><description>AL01065015</description><styleUrl>#stPoste</styleUrl><Point><coordinates>-48.167747,-8.985524,0</coordinates></Point></Placemark>
<Placemark><name>976183</name><description>AL01065015</description><styleUrl>#stPoste</styleUrl><Point><coordinates>-48.169477,-8.982367,0</coordinates></Point></Placemark>
<Placemark><name>977665</name><description>AL01065015</description><styleUrl>#stPoste</styleUrl><Point><coordinates>-48.152997,-9.001428,0</coordinates></Point></Placemark>
<Placemark><name>1079287</name><description>AL01065015</description><styleUrl>#stPoste</styleUrl><Point><coordinates>-48.153041,-9.002794,0</coordinates></Point></Placemark>
<Placemark><name>1087905</name><description>AL01065015</description><styleUrl>#stPoste</styleUrl><Point><coordinates>-48.155623,-8.996907,0</coordinates></Point></Placemark>
<Placemark><name>1089770</name><description>AL01065015</description><styleUrl>#stPoste</styleUrl><Point><coordinates>-48.164316,-8.987444,0</coordinates></Point></Placemark>
<Placemark><name>1289417</name><description>AL01065015</description><styleUrl>#stPoste</styleUrl><Point><coordinates>-48.162436,-8.993832,0</coordinates></Point></Placemark>
<Placemark><name>1289422</name><description>AL01065015</description><styleUrl>#stPoste</styleUrl><Point><coordinates>-48.164735,-8.995535,0</coordinates></Point></Placemark>
<Placemark><name>1289424</name><description>AL01065015</description><styleUrl>#stPoste</styleUrl><Point><coordinates>-48.161662,-8.99337,0</coordinates></Point></Placemark>
<Placemark><name>1290060</name><description>AL01065015</description><styleUrl>#stPoste</styleUrl><Point><coordinates>-48.163749,-8.992834,0</coordinates></Point></Placemark>
<Placemark><name>1290079</name><description>AL01065015</description><styleUrl>#stPoste</styleUrl><Point><coordinates>-48.160694,-8.995102,0</coordinates></Point></Placemark>
<Placemark><name>1455352</name><description>AL01065015</description><styleUrl>#stPoste</styleUrl><Point><coordinates>-48.168424,-8.979419,0</coordinates></Point></Placemark>
<Placemark><name>1783303</name><description>AL01065015</description><styleUrl>#stPoste</styleUrl><Point><coordinates>-48.172064,-8.98493,0</coordinates></Point></Placemark>
<Placemark><name>1783336</name><description>AL01065015</description><styleUrl>#stPoste</styleUrl><Point><coordinates>-48.174665,-9.005108,0</coordinates></Point></Placemark>
<Placemark><name>1783390</name><description>AL01065015</description><styleUrl>#stPoste</styleUrl><Point><coordinates>-48.168081,-8.996286,0</coordinates></Point></Placemark>
<Placemark><name>1783406</name><description>AL01065015</description><styleUrl>#stPoste</styleUrl><Point><coordinates>-48.158079,-8.991794,0</coordinates></Point></Placemark>
<Placemark><name>1783459</name><description>AL01065015</description><styleUrl>#stPoste</styleUrl><Point><coordinates>-48.172244,-8.978221,0</coordinates></Point></Placemark>
<Placemark><name>1783896</name><description>AL01065015</description><styleUrl>#stPoste</styleUrl><Point><coordinates>-48.168182,-9.000809,0</coordinates></Point></Placemark>
<Placemark><name>1783969</name><description>AL01065015</description><styleUrl>#stPoste</styleUrl><Point><coordinates>-48.17023,-8.983354,0</coordinates></Point></Placemark>
<Placemark><name>1784034</name><description>AL01065015</description><styleUrl>#stPoste</styleUrl><Point><coordinates>-48.172799,-9.001006,0</coordinates></Point></Placemark>
<Placemark><name>1791755</name><description>AL01065015</description><styleUrl>#stPoste</styleUrl><Point><coordinates>-48.168592,-8.976128,0</coordinates></Point></Placemark>
<Placemark><name>1792056</name><description>AL01065015</description><styleUrl>#stPoste</styleUrl><Point><coordinates>-48.169093,-9.003559,0</coordinates></Point></Placemark>
<Placemark><name>1792094</name><description>AL01065015</description><styleUrl>#stPoste</styleUrl><Point><coordinates>-48.168806,-8.995353,0</coordinates></Point></Placemark>
<Placemark><name>1792761</name><description>AL01065015</description><styleUrl>#stPoste</styleUrl><Point><coordinates>-48.169139,-8.977472,0</coordinates></Point></Placemark>
<Placemark><name>1792802</name><description>AL01065015</description><styleUrl>#stPoste</styleUrl><Point><coordinates>-48.168072,-8.983918,0</coordinates></Point></Placemark>
<Placemark><name>1792908</name><description>AL01065015</description><styleUrl>#stPoste</styleUrl><Point><coordinates>-48.166482,-8.978881,0</coordinates></Point></Placemark>
<Placemark><name>1793014</name><description>AL01065015</description><styleUrl>#stPoste</styleUrl><Point><coordinates>-48.168477,-8.979629,0</coordinates></Point></Placemark>
<Placemark><name>1793105</name><description>AL01065015</description><styleUrl>#stPoste</styleUrl><Point><coordinates>-48.169409,-8.979545,0</coordinates></Point></Placemark>
<Placemark><name>1793543</name><description>AL01065015</description><styleUrl>#stPoste</styleUrl><Point><coordinates>-48.168728,-8.977929,0</coordinates></Point></Placemark>
<Placemark><name>1794164</name><description>AL01065015</description><styleUrl>#stPoste</styleUrl><Point><coordinates>-48.169132,-8.986414,0</coordinates></Point></Placemark>
<Placemark><name>1794413</name><description>AL01065015</description><styleUrl>#stPoste</styleUrl><Point><coordinates>-48.15242,-9.002903,0</coordinates></Point></Placemark>
<Placemark><name>1794784</name><description>AL01065015</description><styleUrl>#stPoste</styleUrl><Point><coordinates>-48.168099,-8.975585,0</coordinates></Point></Placemark>
<Placemark><name>1817660</name><description>AL01065015</description><styleUrl>#stPoste</styleUrl><Point><coordinates>-48.162403,-8.989455,0</coordinates></Point></Placemark>
<Placemark><name>1870189</name><description>AL01065015</description><styleUrl>#stPoste</styleUrl><Point><coordinates>-48.161967,-8.996172,0</coordinates></Point></Placemark>
<Placemark><name>1870231</name><description>AL01065015</description><styleUrl>#stPoste</styleUrl><Point><coordinates>-48.160489,-8.995112,0</coordinates></Point></Placemark>
<Placemark><name>1870286</name><description>AL01065015</description><styleUrl>#stPoste</styleUrl><Point><coordinates>-48.163487,-8.999492,0</coordinates></Point></Placemark>
<Placemark><name>35631775</name><description>AL01065015</description><styleUrl>#stPoste</styleUrl><Point><coordinates>-48.157231,-8.994667,0</coordinates></Point></Placemark>
<Placemark><name>39083997</name><description>AL01065015</description><styleUrl>#stPoste</styleUrl><Point><coordinates>-48.168385,-8.980304,0</coordinates></Point></Placemark>
<Placemark><name>42279230</name><description>AL01065015</description><styleUrl>#stPoste</styleUrl><Point><coordinates>-48.165312,-8.979726,0</coordinates></Point></Placemark>
<Placemark><name>51115800</name><description>AL01065015</description><styleUrl>#stPoste</styleUrl><Point><coordinates>-48.172479,-8.980576,0</coordinates></Point></Placemark>
<Placemark><name>306628</name><description>AL01065015</description><styleUrl>#stPoste</styleUrl><Point><coordinates>-48.159877,-8.992285,0</coordinates></Point></Placemark>
<Placemark><name>939502</name><description>AL01065015</description><styleUrl>#stPoste</styleUrl><Point><coordinates>-48.16969,-9.006396,0</coordinates></Point></Placemark>
<Placemark><name>940934</name><description>AL01065015</description><styleUrl>#stPoste</styleUrl><Point><coordinates>-48.168335,-8.998603,0</coordinates></Point></Placemark>
<Placemark><name>963191</name><description>AL01065015</description><styleUrl>#stPoste</styleUrl><Point><coordinates>-48.167944,-8.996844,0</coordinates></Point></Placemark>
<Placemark><name>963711</name><description>AL01065015</description><styleUrl>#stPoste</styleUrl><Point><coordinates>-48.171974,-8.996156,0</coordinates></Point></Placemark>
<Placemark><name>967765</name><description>AL01065015</description><styleUrl>#stPoste</styleUrl><Point><coordinates>-48.169025,-8.983593,0</coordinates></Point></Placemark>
<Placemark><name>971560</name><description>AL01065015</description><styleUrl>#stPoste</styleUrl><Point><coordinates>-48.168489,-8.978884,0</coordinates></Point></Placemark>
<Placemark><name>972925</name><description>AL01065015</description><styleUrl>#stPoste</styleUrl><Point><coordinates>-48.156367,-8.995208,0</coordinates></Point></Placemark>
<Placemark><name>979242</name><description>AL01065015</description><styleUrl>#stPoste</styleUrl><Point><coordinates>-48.168919,-9.001825,0</coordinates></Point></Placemark>
<Placemark><name>1289427</name><description>AL01065015</description><styleUrl>#stPoste</styleUrl><Point><coordinates>-48.164971,-8.997892,0</coordinates></Point></Placemark>
<Placemark><name>1289755</name><description>AL01065015</description><styleUrl>#stPoste</styleUrl><Point><coordinates>-48.164918,-8.997857,0</coordinates></Point></Placemark>
<Placemark><name>1290059</name><description>AL01065015</description><styleUrl>#stPoste</styleUrl><Point><coordinates>-48.160476,-8.995547,0</coordinates></Point></Placemark>
<Placemark><name>1290074</name><description>AL01065015</description><styleUrl>#stPoste</styleUrl><Point><coordinates>-48.162726,-8.993157,0</coordinates></Point></Placemark>
<Placemark><name>1291051</name><description>AL01065015</description><styleUrl>#stPoste</styleUrl><Point><coordinates>-48.164674,-8.996837,0</coordinates></Point></Placemark>
<Placemark><name>1783185</name><description>AL01065015</description><styleUrl>#stPoste</styleUrl><Point><coordinates>-48.174048,-9.00302,0</coordinates></Point></Placemark>
<Placemark><name>1783209</name><description>AL01065015</description><styleUrl>#stPoste</styleUrl><Point><coordinates>-48.171136,-9.004541,0</coordinates></Point></Placemark>
<Placemark><name>1783431</name><description>AL01065015</description><styleUrl>#stPoste</styleUrl><Point><coordinates>-48.174084,-8.978294,0</coordinates></Point></Placemark>
<Placemark><name>1783446</name><description>AL01065015</description><styleUrl>#stPoste</styleUrl><Point><coordinates>-48.174057,-8.999862,0</coordinates></Point></Placemark>
<Placemark><name>1783454</name><description>AL01065015</description><styleUrl>#stPoste</styleUrl><Point><coordinates>-48.172304,-8.978676,0</coordinates></Point></Placemark>
<Placemark><name>1783475</name><description>AL01065015</description><styleUrl>#stPoste</styleUrl><Point><coordinates>-48.165273,-8.98377,0</coordinates></Point></Placemark>
<Placemark><name>1783545</name><description>AL01065015</description><styleUrl>#stPoste</styleUrl><Point><coordinates>-48.156665,-8.993237,0</coordinates></Point></Placemark>
<Placemark><name>1783867</name><description>AL01065015</description><styleUrl>#stPoste</styleUrl><Point><coordinates>-48.156158,-8.992855,0</coordinates></Point></Placemark>
<Placemark><name>1792028</name><description>AL01065015</description><styleUrl>#stPoste</styleUrl><Point><coordinates>-48.168311,-8.974887,0</coordinates></Point></Placemark>
<Placemark><name>1792067</name><description>AL01065015</description><styleUrl>#stPoste</styleUrl><Point><coordinates>-48.169228,-9.001956,0</coordinates></Point></Placemark>
<Placemark><name>1792072</name><description>AL01065015</description><styleUrl>#stPoste</styleUrl><Point><coordinates>-48.165445,-9.002212,0</coordinates></Point></Placemark>
<Placemark><name>1792107</name><description>AL01065015</description><styleUrl>#stPoste</styleUrl><Point><coordinates>-48.168369,-8.995018,0</coordinates></Point></Placemark>
<Placemark><name>1792223</name><description>AL01065015</description><styleUrl>#stPoste</styleUrl><Point><coordinates>-48.171865,-8.993183,0</coordinates></Point></Placemark>
<Placemark><name>1792225</name><description>AL01065015</description><styleUrl>#stPoste</styleUrl><Point><coordinates>-48.171014,-8.993369,0</coordinates></Point></Placemark>
<Placemark><name>1792239</name><description>AL01065015</description><styleUrl>#stPoste</styleUrl><Point><coordinates>-48.17214,-8.992859,0</coordinates></Point></Placemark>
<Placemark><name>1792478</name><description>AL01065015</description><styleUrl>#stPoste</styleUrl><Point><coordinates>-48.175712,-9.003425,0</coordinates></Point></Placemark>
<Placemark><name>1792508</name><description>AL01065015</description><styleUrl>#stPoste</styleUrl><Point><coordinates>-48.169156,-9.005403,0</coordinates></Point></Placemark>
<Placemark><name>1792625</name><description>AL01065015</description><styleUrl>#stPoste</styleUrl><Point><coordinates>-48.17518,-9.001896,0</coordinates></Point></Placemark>
<Placemark><name>1793186</name><description>AL01065015</description><styleUrl>#stPoste</styleUrl><Point><coordinates>-48.166182,-8.979817,0</coordinates></Point></Placemark>
<Placemark><name>1793599</name><description>AL01065015</description><styleUrl>#stPoste</styleUrl><Point><coordinates>-48.16929,-8.981908,0</coordinates></Point></Placemark>
<Placemark><name>1793981</name><description>AL01065015</description><styleUrl>#stPoste</styleUrl><Point><coordinates>-48.168734,-8.981902,0</coordinates></Point></Placemark>
<Placemark><name>1794389</name><description>AL01065015</description><styleUrl>#stPoste</styleUrl><Point><coordinates>-48.169628,-9.000243,0</coordinates></Point></Placemark>
<Placemark><name>1794493</name><description>AL01065015</description><styleUrl>#stPoste</styleUrl><Point><coordinates>-48.16926,-8.996294,0</coordinates></Point></Placemark>
<Placemark><name>1794496</name><description>AL01065015</description><styleUrl>#stPoste</styleUrl><Point><coordinates>-48.171248,-9.006413,0</coordinates></Point></Placemark>
<Placemark><name>1794783</name><description>AL01065015</description><styleUrl>#stPoste</styleUrl><Point><coordinates>-48.167589,-8.97609,0</coordinates></Point></Placemark>
<Placemark><name>1799192</name><description>AL01065015</description><styleUrl>#stPoste</styleUrl><Point><coordinates>-48.152478,-9.00113,0</coordinates></Point></Placemark>
<Placemark><name>1799350</name><description>AL01065015</description><styleUrl>#stPoste</styleUrl><Point><coordinates>-48.169329,-9.000855,0</coordinates></Point></Placemark>
<Placemark><name>1820593</name><description>AL01065015</description><styleUrl>#stPoste</styleUrl><Point><coordinates>-48.155399,-8.995863,0</coordinates></Point></Placemark>
<Placemark><name>1824979</name><description>AL01065015</description><styleUrl>#stPoste</styleUrl><Point><coordinates>-48.155067,-8.998174,0</coordinates></Point></Placemark>
<Placemark><name>1824995</name><description>AL01065015</description><styleUrl>#stPoste</styleUrl><Point><coordinates>-48.155294,-8.998291,0</coordinates></Point></Placemark>
<Placemark><name>1825090</name><description>AL01065015</description><styleUrl>#stPoste</styleUrl><Point><coordinates>-48.153861,-8.99767,0</coordinates></Point></Placemark>
<Placemark><name>1825097</name><description>AL01065015</description><styleUrl>#stPoste</styleUrl><Point><coordinates>-48.154728,-9.000175,0</coordinates></Point></Placemark>
<Placemark><name>1825098</name><description>AL01065015</description><styleUrl>#stPoste</styleUrl><Point><coordinates>-48.154562,-9.000531,0</coordinates></Point></Placemark>
<Placemark><name>1825373</name><description>AL01065015</description><styleUrl>#stPoste</styleUrl><Point><coordinates>-48.151573,-9.001005,0</coordinates></Point></Placemark>
<Placemark><name>1825384</name><description>AL01065015</description><styleUrl>#stPoste</styleUrl><Point><coordinates>-48.151553,-9.002513,0</coordinates></Point></Placemark>
<Placemark><name>1825520</name><description>AL01065015</description><styleUrl>#stPoste</styleUrl><Point><coordinates>-48.15166,-9.002926,0</coordinates></Point></Placemark>
<Placemark><name>1870101</name><description>AL01065015</description><styleUrl>#stPoste</styleUrl><Point><coordinates>-48.161484,-8.998188,0</coordinates></Point></Placemark>
<Placemark><name>1870601</name><description>AL01065015</description><styleUrl>#stPoste</styleUrl><Point><coordinates>-48.160393,-8.996589,0</coordinates></Point></Placemark>
<Placemark><name>1871002</name><description>AL01065015</description><styleUrl>#stPoste</styleUrl><Point><coordinates>-48.163228,-8.996825,0</coordinates></Point></Placemark>
<Placemark><name>1885941</name><description>AL01065015</description><styleUrl>#stPoste</styleUrl><Point><coordinates>-48.164535,-8.990859,0</coordinates></Point></Placemark>
<Placemark><name>31716069</name><description>AL01065015</description><styleUrl>#stPoste</styleUrl><Point><coordinates>-48.162568,-8.995033,0</coordinates></Point></Placemark>
<Placemark><name>33274210</name><description>AL01065015</description><styleUrl>#stPoste</styleUrl><Point><coordinates>-48.168577,-8.995881,0</coordinates></Point></Placemark>
<Placemark><name>49183476</name><description>AL01065015</description><styleUrl>#stPoste</styleUrl><Point><coordinates>-48.154577,-8.999289,0</coordinates></Point></Placemark>
<Placemark><name>51317606</name><description>AL01065015</description><styleUrl>#stPoste</styleUrl><Point><coordinates>-48.153189,-9.000232,0</coordinates></Point></Placemark>
<Placemark><name>53117256</name><description>AL01065015</description><styleUrl>#stPoste</styleUrl><Point><coordinates>-48.158306,-8.989049,0</coordinates></Point></Placemark>
<Placemark><name>64178243</name><description>AL01065015</description><styleUrl>#stPoste</styleUrl><Point><coordinates>-48.173075,-8.98167,0</coordinates></Point></Placemark>
<Placemark><name>362877</name><description>AL01065015</description><styleUrl>#stPoste</styleUrl><Point><coordinates>-48.151002,-9.00502,0</coordinates></Point></Placemark>
<Placemark><name>938172</name><description>AL01065015</description><styleUrl>#stPoste</styleUrl><Point><coordinates>-48.166752,-8.984639,0</coordinates></Point></Placemark>
<Placemark><name>939161</name><description>AL01065015</description><styleUrl>#stPoste</styleUrl><Point><coordinates>-48.168541,-8.999741,0</coordinates></Point></Placemark>
<Placemark><name>940623</name><description>AL01065015</description><styleUrl>#stPoste</styleUrl><Point><coordinates>-48.160538,-8.991424,0</coordinates></Point></Placemark>
<Placemark><name>940936</name><description>AL01065015</description><styleUrl>#stPoste</styleUrl><Point><coordinates>-48.168474,-8.999371,0</coordinates></Point></Placemark>
<Placemark><name>941292</name><description>AL01065015</description><styleUrl>#stPoste</styleUrl><Point><coordinates>-48.169277,-9.003773,0</coordinates></Point></Placemark>
<Placemark><name>963709</name><description>AL01065015</description><styleUrl>#stPoste</styleUrl><Point><coordinates>-48.172134,-9.000788,0</coordinates></Point></Placemark>
<Placemark><name>964066</name><description>AL01065015</description><styleUrl>#stPoste</styleUrl><Point><coordinates>-48.1698,-8.994522,0</coordinates></Point></Placemark>
<Placemark><name>970921</name><description>AL01065015</description><styleUrl>#stPoste</styleUrl><Point><coordinates>-48.169821,-8.980137,0</coordinates></Point></Placemark>
<Placemark><name>972842</name><description>AL01065015</description><styleUrl>#stPoste</styleUrl><Point><coordinates>-48.168294,-8.985666,0</coordinates></Point></Placemark>
<Placemark><name>976896</name><description>AL01065015</description><styleUrl>#stPoste</styleUrl><Point><coordinates>-48.168776,-8.985791,0</coordinates></Point></Placemark>
<Placemark><name>1095535</name><description>AL01065015</description><styleUrl>#stPoste</styleUrl><Point><coordinates>-48.154996,-8.996051,0</coordinates></Point></Placemark>
<Placemark><name>1289423</name><description>AL01065015</description><styleUrl>#stPoste</styleUrl><Point><coordinates>-48.161694,-8.996433,0</coordinates></Point></Placemark>
<Placemark><name>1289744</name><description>AL01065015</description><styleUrl>#stPoste</styleUrl><Point><coordinates>-48.164287,-8.99233,0</coordinates></Point></Placemark>
<Placemark><name>1290072</name><description>AL01065015</description><styleUrl>#stPoste</styleUrl><Point><coordinates>-48.165239,-8.997617,0</coordinates></Point></Placemark>
<Placemark><name>1290395</name><description>AL01065015</description><styleUrl>#stPoste</styleUrl><Point><coordinates>-48.164713,-8.997784,0</coordinates></Point></Placemark>
<Placemark><name>1323147</name><description>AL01065015</description><styleUrl>#stPoste</styleUrl><Point><coordinates>-48.166327,-8.987573,0</coordinates></Point></Placemark>
<Placemark><name>1783208</name><description>AL01065015</description><styleUrl>#stPoste</styleUrl><Point><coordinates>-48.171546,-9.004488,0</coordinates></Point></Placemark>
<Placemark><name>1783296</name><description>AL01065015</description><styleUrl>#stPoste</styleUrl><Point><coordinates>-48.171989,-8.983445,0</coordinates></Point></Placemark>
<Placemark><name>1783607</name><description>AL01065015</description><styleUrl>#stPoste</styleUrl><Point><coordinates>-48.16985,-9.006779,0</coordinates></Point></Placemark>
<Placemark><name>1783620</name><description>AL01065015</description><styleUrl>#stPoste</styleUrl><Point><coordinates>-48.156216,-8.997322,0</coordinates></Point></Placemark>
<Placemark><name>1783677</name><description>AL01065015</description><styleUrl>#stPoste</styleUrl><Point><coordinates>-48.156794,-8.99192,0</coordinates></Point></Placemark>
<Placemark><name>1783775</name><description>AL01065015</description><styleUrl>#stPoste</styleUrl><Point><coordinates>-48.165376,-8.984446,0</coordinates></Point></Placemark>
<Placemark><name>1783832</name><description>AL01065015</description><styleUrl>#stPoste</styleUrl><Point><coordinates>-48.173073,-8.997578,0</coordinates></Point></Placemark>
<Placemark><name>1784054</name><description>AL01065015</description><styleUrl>#stPoste</styleUrl><Point><coordinates>-48.173193,-8.996231,0</coordinates></Point></Placemark>
<Placemark><name>1792272</name><description>AL01065015</description><styleUrl>#stPoste</styleUrl><Point><coordinates>-48.171306,-8.992762,0</coordinates></Point></Placemark>
<Placemark><name>1792371</name><description>AL01065015</description><styleUrl>#stPoste</styleUrl><Point><coordinates>-48.166654,-9.000655,0</coordinates></Point></Placemark>
<Placemark><name>1792398</name><description>AL01065015</description><styleUrl>#stPoste</styleUrl><Point><coordinates>-48.175806,-9.0064,0</coordinates></Point></Placemark>
<Placemark><name>1792497</name><description>AL01065015</description><styleUrl>#stPoste</styleUrl><Point><coordinates>-48.16726,-9.000023,0</coordinates></Point></Placemark>
<Placemark><name>1792800</name><description>AL01065015</description><styleUrl>#stPoste</styleUrl><Point><coordinates>-48.16826,-8.983681,0</coordinates></Point></Placemark>
<Placemark><name>1792899</name><description>AL01065015</description><styleUrl>#stPoste</styleUrl><Point><coordinates>-48.171524,-8.979173,0</coordinates></Point></Placemark>
<Placemark><name>1793443</name><description>AL01065015</description><styleUrl>#stPoste</styleUrl><Point><coordinates>-48.167338,-8.980425,0</coordinates></Point></Placemark>
<Placemark><name>1793539</name><description>AL01065015</description><styleUrl>#stPoste</styleUrl><Point><coordinates>-48.166549,-8.979456,0</coordinates></Point></Placemark>
<Placemark><name>1793709</name><description>AL01065015</description><styleUrl>#stPoste</styleUrl><Point><coordinates>-48.168099,-8.978591,0</coordinates></Point></Placemark>
<Placemark><name>1793924</name><description>AL01065015</description><styleUrl>#stPoste</styleUrl><Point><coordinates>-48.170534,-8.982373,0</coordinates></Point></Placemark>
<Placemark><name>1793963</name><description>AL01065015</description><styleUrl>#stPoste</styleUrl><Point><coordinates>-48.167911,-8.986663,0</coordinates></Point></Placemark>
<Placemark><name>1794170</name><description>AL01065015</description><styleUrl>#stPoste</styleUrl><Point><coordinates>-48.166727,-8.982389,0</coordinates></Point></Placemark>
<Placemark><name>1794206</name><description>AL01065015</description><styleUrl>#stPoste</styleUrl><Point><coordinates>-48.169259,-8.984589,0</coordinates></Point></Placemark>
<Placemark><name>1794838</name><description>AL01065015</description><styleUrl>#stPoste</styleUrl><Point><coordinates>-48.169345,-8.975591,0</coordinates></Point></Placemark>
<Placemark><name>1825088</name><description>AL01065015</description><styleUrl>#stPoste</styleUrl><Point><coordinates>-48.154549,-8.997969,0</coordinates></Point></Placemark>
<Placemark><name>1825375</name><description>AL01065015</description><styleUrl>#stPoste</styleUrl><Point><coordinates>-48.150991,-9.001938,0</coordinates></Point></Placemark>
<Placemark><name>1870087</name><description>AL01065015</description><styleUrl>#stPoste</styleUrl><Point><coordinates>-48.16016,-8.996972,0</coordinates></Point></Placemark>
<Placemark><name>1870107</name><description>AL01065015</description><styleUrl>#stPoste</styleUrl><Point><coordinates>-48.162875,-8.992769,0</coordinates></Point></Placemark>
<Placemark><name>1870145</name><description>AL01065015</description><styleUrl>#stPoste</styleUrl><Point><coordinates>-48.161706,-8.998038,0</coordinates></Point></Placemark>
<Placemark><name>1870296</name><description>AL01065015</description><styleUrl>#stPoste</styleUrl><Point><coordinates>-48.163623,-8.999474,0</coordinates></Point></Placemark>
<Placemark><name>1870587</name><description>AL01065015</description><styleUrl>#stPoste</styleUrl><Point><coordinates>-48.162518,-8.993082,0</coordinates></Point></Placemark>
<Placemark><name>1870674</name><description>AL01065015</description><styleUrl>#stPoste</styleUrl><Point><coordinates>-48.16025,-8.996648,0</coordinates></Point></Placemark>
<Placemark><name>1871012</name><description>AL01065015</description><styleUrl>#stPoste</styleUrl><Point><coordinates>-48.162996,-8.997093,0</coordinates></Point></Placemark>
<Placemark><name>1885940</name><description>AL01065015</description><styleUrl>#stPoste</styleUrl><Point><coordinates>-48.164452,-8.990404,0</coordinates></Point></Placemark>
<Placemark><name>28011004</name><description>AL01065015</description><styleUrl>#stPoste</styleUrl><Point><coordinates>-48.167822,-9.000551,0</coordinates></Point></Placemark>
<Placemark><name>34463814</name><description>AL01065015</description><styleUrl>#stPoste</styleUrl><Point><coordinates>-48.168676,-8.975588,0</coordinates></Point></Placemark>
<Placemark><name>35279806</name><description>AL01065015</description><styleUrl>#stPoste</styleUrl><Point><coordinates>-48.173541,-8.996424,0</coordinates></Point></Placemark>
<Placemark><name>35760445</name><description>AL01065015</description><styleUrl>#stPoste</styleUrl><Point><coordinates>-48.166301,-8.985491,0</coordinates></Point></Placemark>
<Placemark><name>38436025</name><description>AL01065015</description><styleUrl>#stPoste</styleUrl><Point><coordinates>-48.169783,-8.981014,0</coordinates></Point></Placemark>
<Placemark><name>99551</name><description>AL01065015</description><styleUrl>#stPoste</styleUrl><Point><coordinates>-48.165634,-8.988006,0</coordinates></Point></Placemark>
<Placemark><name>937364</name><description>AL01065015</description><styleUrl>#stPoste</styleUrl><Point><coordinates>-48.174846,-9.002399,0</coordinates></Point></Placemark>
<Placemark><name>937826</name><description>AL01065015</description><styleUrl>#stPoste</styleUrl><Point><coordinates>-48.171439,-8.983551,0</coordinates></Point></Placemark>
<Placemark><name>938701</name><description>AL01065015</description><styleUrl>#stPoste</styleUrl><Point><coordinates>-48.171806,-8.998496,0</coordinates></Point></Placemark>
<Placemark><name>938796</name><description>AL01065015</description><styleUrl>#stPoste</styleUrl><Point><coordinates>-48.171147,-8.983446,0</coordinates></Point></Placemark>
<Placemark><name>940179</name><description>AL01065015</description><styleUrl>#stPoste</styleUrl><Point><coordinates>-48.163582,-8.986063,0</coordinates></Point></Placemark>
<Placemark><name>962212</name><description>AL01065015</description><styleUrl>#stPoste</styleUrl><Point><coordinates>-48.169428,-9.004563,0</coordinates></Point></Placemark>
<Placemark><name>964068</name><description>AL01065015</description><styleUrl>#stPoste</styleUrl><Point><coordinates>-48.169944,-8.995272,0</coordinates></Point></Placemark>
<Placemark><name>965051</name><description>AL01065015</description><styleUrl>#stPoste</styleUrl><Point><coordinates>-48.173568,-8.99216,0</coordinates></Point></Placemark>
<Placemark><name>965393</name><description>AL01065015</description><styleUrl>#stPoste</styleUrl><Point><coordinates>-48.172039,-8.991963,0</coordinates></Point></Placemark>
<Placemark><name>965593</name><description>AL01065015</description><styleUrl>#stPoste</styleUrl><Point><coordinates>-48.169587,-8.997271,0</coordinates></Point></Placemark>
<Placemark><name>969357</name><description>AL01065015</description><styleUrl>#stPoste</styleUrl><Point><coordinates>-48.171719,-8.982405,0</coordinates></Point></Placemark>
<Placemark><name>1289425</name><description>AL01065015</description><styleUrl>#stPoste</styleUrl><Point><coordinates>-48.163026,-8.993357,0</coordinates></Point></Placemark>
<Placemark><name>1336174</name><description>AL01065015</description><styleUrl>#stPoste</styleUrl><Point><coordinates>-48.165635,-8.99823,0</coordinates></Point></Placemark>
<Placemark><name>1783203</name><description>AL01065015</description><styleUrl>#stPoste</styleUrl><Point><coordinates>-48.170955,-8.984284,0</coordinates></Point></Placemark>
<Placemark><name>1783205</name><description>AL01065015</description><styleUrl>#stPoste</styleUrl><Point><coordinates>-48.171319,-8.983399,0</coordinates></Point></Placemark>
<Placemark><name>1783449</name><description>AL01065015</description><styleUrl>#stPoste</styleUrl><Point><coordinates>-48.172805,-8.99988,0</coordinates></Point></Placemark>
<Placemark><name>1783937</name><description>AL01065015</description><styleUrl>#stPoste</styleUrl><Point><coordinates>-48.171917,-8.999528,0</coordinates></Point></Placemark>
<Placemark><name>1783965</name><description>AL01065015</description><styleUrl>#stPoste</styleUrl><Point><coordinates>-48.169818,-8.9829,0</coordinates></Point></Placemark>
<Placemark><name>1784037</name><description>AL01065015</description><styleUrl>#stPoste</styleUrl><Point><coordinates>-48.174449,-8.999384,0</coordinates></Point></Placemark>
<Placemark><name>1792165</name><description>AL01065015</description><styleUrl>#stPoste</styleUrl><Point><coordinates>-48.171682,-8.991009,0</coordinates></Point></Placemark>
<Placemark><name>1792220</name><description>AL01065015</description><styleUrl>#stPoste</styleUrl><Point><coordinates>-48.171242,-8.993888,0</coordinates></Point></Placemark>
<Placemark><name>1792300</name><description>AL01065015</description><styleUrl>#stPoste</styleUrl><Point><coordinates>-48.171706,-8.980419,0</coordinates></Point></Placemark>
<Placemark><name>1792396</name><description>AL01065015</description><styleUrl>#stPoste</styleUrl><Point><coordinates>-48.167852,-8.975652,0</coordinates></Point></Placemark>
<Placemark><name>1792461</name><description>AL01065015</description><styleUrl>#stPoste</styleUrl><Point><coordinates>-48.174852,-9.006206,0</coordinates></Point></Placemark>
<Placemark><name>1792469</name><description>AL01065015</description><styleUrl>#stPoste</styleUrl><Point><coordinates>-48.176392,-9.005077,0</coordinates></Point></Placemark>
<Placemark><name>1792477</name><description>AL01065015</description><styleUrl>#stPoste</styleUrl><Point><coordinates>-48.175853,-9.003828,0</coordinates></Point></Placemark>
<Placemark><name>1793827</name><description>AL01065015</description><styleUrl>#stPoste</styleUrl><Point><coordinates>-48.168404,-8.982926,0</coordinates></Point></Placemark>
<Placemark><name>1793947</name><description>AL01065015</description><styleUrl>#stPoste</styleUrl><Point><coordinates>-48.165086,-8.980271,0</coordinates></Point></Placemark>
<Placemark><name>1794391</name><description>AL01065015</description><styleUrl>#stPoste</styleUrl><Point><coordinates>-48.170017,-9.00019,0</coordinates></Point></Placemark>
<Placemark><name>1794743</name><description>AL01065015</description><styleUrl>#stPoste</styleUrl><Point><coordinates>-48.151969,-9.002234,0</coordinates></Point></Placemark>
<Placemark><name>1825229</name><description>AL01065015</description><styleUrl>#stPoste</styleUrl><Point><coordinates>-48.15363,-8.99969,0</coordinates></Point></Placemark>
<Placemark><name>1870089</name><description>AL01065015</description><styleUrl>#stPoste</styleUrl><Point><coordinates>-48.162109,-8.997506,0</coordinates></Point></Placemark>
<Placemark><name>1870190</name><description>AL01065015</description><styleUrl>#stPoste</styleUrl><Point><coordinates>-48.161932,-8.995104,0</coordinates></Point></Placemark>
<Placemark><name>1870998</name><description>AL01065015</description><styleUrl>#stPoste</styleUrl><Point><coordinates>-48.165492,-8.996862,0</coordinates></Point></Placemark>
<Placemark><name>1871008</name><description>AL01065015</description><styleUrl>#stPoste</styleUrl><Point><coordinates>-48.164065,-8.997946,0</coordinates></Point></Placemark>
<Placemark><name>1893972</name><description>AL01065015</description><styleUrl>#stPoste</styleUrl><Point><coordinates>-48.174866,-8.97805,0</coordinates></Point></Placemark>
<Placemark><name>26533192</name><description>AL01065015</description><styleUrl>#stPoste</styleUrl><Point><coordinates>-48.152851,-8.996564,0</coordinates></Point></Placemark>
<Placemark><name>49660110</name><description>AL01065015</description><styleUrl>#stPoste</styleUrl><Point><coordinates>-48.167731,-8.978238,0</coordinates></Point></Placemark>
<Placemark><name>527938</name><description>AL01065015</description><styleUrl>#stPoste</styleUrl><Point><coordinates>-48.173169,-9.00037,0</coordinates></Point></Placemark>
<Placemark><name>938400</name><description>AL01065015</description><styleUrl>#stPoste</styleUrl><Point><coordinates>-48.175548,-9.004407,0</coordinates></Point></Placemark>
<Placemark><name>938402</name><description>AL01065015</description><styleUrl>#stPoste</styleUrl><Point><coordinates>-48.174864,-9.00099,0</coordinates></Point></Placemark>
<Placemark><name>938409</name><description>AL01065015</description><styleUrl>#stPoste</styleUrl><Point><coordinates>-48.174124,-9.000142,0</coordinates></Point></Placemark>
<Placemark><name>938410</name><description>AL01065015</description><styleUrl>#stPoste</styleUrl><Point><coordinates>-48.173791,-9.000217,0</coordinates></Point></Placemark>
<Placemark><name>939018</name><description>AL01065015</description><styleUrl>#stPoste</styleUrl><Point><coordinates>-48.17192,-8.999362,0</coordinates></Point></Placemark>
<Placemark><name>941683</name><description>AL01065015</description><styleUrl>#stPoste</styleUrl><Point><coordinates>-48.156927,-8.993357,0</coordinates></Point></Placemark>
<Placemark><name>942542</name><description>AL01065015</description><styleUrl>#stPoste</styleUrl><Point><coordinates>-48.166497,-8.997373,0</coordinates></Point></Placemark>
<Placemark><name>963371</name><description>AL01065015</description><styleUrl>#stPoste</styleUrl><Point><coordinates>-48.170642,-8.997195,0</coordinates></Point></Placemark>
<Placemark><name>963372</name><description>AL01065015</description><styleUrl>#stPoste</styleUrl><Point><coordinates>-48.170261,-8.997206,0</coordinates></Point></Placemark>
<Placemark><name>963691</name><description>AL01065015</description><styleUrl>#stPoste</styleUrl><Point><coordinates>-48.170231,-8.996373,0</coordinates></Point></Placemark>
<Placemark><name>964877</name><description>AL01065015</description><styleUrl>#stPoste</styleUrl><Point><coordinates>-48.168853,-9.005373,0</coordinates></Point></Placemark>
<Placemark><name>968854</name><description>AL01065015</description><styleUrl>#stPoste</styleUrl><Point><coordinates>-48.16881,-8.975421,0</coordinates></Point></Placemark>
<Placemark><name>971564</name><description>AL01065015</description><styleUrl>#stPoste</styleUrl><Point><coordinates>-48.168698,-8.977612,0</coordinates></Point></Placemark>
<Placemark><name>973945</name><description>AL01065015</description><styleUrl>#stPoste</styleUrl><Point><coordinates>-48.166189,-8.987632,0</coordinates></Point></Placemark>
<Placemark><name>974338</name><description>AL01065015</description><styleUrl>#stPoste</styleUrl><Point><coordinates>-48.168697,-8.984548,0</coordinates></Point></Placemark>
<Placemark><name>1089771</name><description>AL01065015</description><styleUrl>#stPoste</styleUrl><Point><coordinates>-48.164587,-8.987807,0</coordinates></Point></Placemark>
<Placemark><name>1289752</name><description>AL01065015</description><styleUrl>#stPoste</styleUrl><Point><coordinates>-48.165067,-8.997366,0</coordinates></Point></Placemark>
<Placemark><name>1289758</name><description>AL01065015</description><styleUrl>#stPoste</styleUrl><Point><coordinates>-48.164593,-8.991639,0</coordinates></Point></Placemark>
<Placemark><name>1289763</name><description>AL01065015</description><styleUrl>#stPoste</styleUrl><Point><coordinates>-48.164475,-8.991464,0</coordinates></Point></Placemark>
<Placemark><name>1290068</name><description>AL01065015</description><styleUrl>#stPoste</styleUrl><Point><coordinates>-48.164671,-8.99765,0</coordinates></Point></Placemark>
<Placemark><name>1291057</name><description>AL01065015</description><styleUrl>#stPoste</styleUrl><Point><coordinates>-48.16449,-8.995458,0</coordinates></Point></Placemark>
<Placemark><name>1368784</name><description>AL01065015</description><styleUrl>#stPoste</styleUrl><Point><coordinates>-48.169373,-8.974809,0</coordinates></Point></Placemark>
<Placemark><name>1783109</name><description>AL01065015</description><styleUrl>#stPoste</styleUrl><Point><coordinates>-48.165515,-8.98346,0</coordinates></Point></Placemark>
<Placemark><name>1783115</name><description>AL01065015</description><styleUrl>#stPoste</styleUrl><Point><coordinates>-48.165185,-8.981977,0</coordinates></Point></Placemark>
<Placemark><name>1783258</name><description>AL01065015</description><styleUrl>#stPoste</styleUrl><Point><coordinates>-48.169676,-8.983494,0</coordinates></Point></Placemark>
<Placemark><name>1783629</name><description>AL01065015</description><styleUrl>#stPoste</styleUrl><Point><coordinates>-48.172296,-9.001375,0</coordinates></Point></Placemark>
<Placemark><name>1783749</name><description>AL01065015</description><styleUrl>#stPoste</styleUrl><Point><coordinates>-48.170188,-9.004126,0</coordinates></Point></Placemark>
<Placemark><name>1784049</name><description>AL01065015</description><styleUrl>#stPoste</styleUrl><Point><coordinates>-48.173502,-8.995474,0</coordinates></Point></Placemark>
<Placemark><name>1792095</name><description>AL01065015</description><styleUrl>#stPoste</styleUrl><Point><coordinates>-48.172094,-8.994797,0</coordinates></Point></Placemark>
<Placemark><name>1792101</name><description>AL01065015</description><styleUrl>#stPoste</styleUrl><Point><coordinates>-48.169651,-8.994243,0</coordinates></Point></Placemark>
<Placemark><name>1792104</name><description>AL01065015</description><styleUrl>#stPoste</styleUrl><Point><coordinates>-48.168851,-8.99462,0</coordinates></Point></Placemark>
<Placemark><name>1792227</name><description>AL01065015</description><styleUrl>#stPoste</styleUrl><Point><coordinates>-48.170217,-8.993542,0</coordinates></Point></Placemark>
<Placemark><name>1792284</name><description>AL01065015</description><styleUrl>#stPoste</styleUrl><Point><coordinates>-48.172724,-8.995981,0</coordinates></Point></Placemark>
<Placemark><name>1792333</name><description>AL01065015</description><styleUrl>#stPoste</styleUrl><Point><coordinates>-48.170046,-8.995171,0</coordinates></Point></Placemark>
<Placemark><name>1792631</name><description>AL01065015</description><styleUrl>#stPoste</styleUrl><Point><coordinates>-48.172186,-8.979945,0</coordinates></Point></Placemark>
<Placemark><name>1792760</name><description>AL01065015</description><styleUrl>#stPoste</styleUrl><Point><coordinates>-48.169489,-8.977496,0</coordinates></Point></Placemark>
<Placemark><name>1792803</name><description>AL01065015</description><styleUrl>#stPoste</styleUrl><Point><coordinates>-48.170774,-8.985,0</coordinates></Point></Placemark>
<Placemark><name>1792816</name><description>AL01065015</description><styleUrl>#stPoste</styleUrl><Point><coordinates>-48.166414,-8.983282,0</coordinates></Point></Placemark>
<Placemark><name>1792900</name><description>AL01065015</description><styleUrl>#stPoste</styleUrl><Point><coordinates>-48.171436,-8.979457,0</coordinates></Point></Placemark>
<Placemark><name>1792905</name><description>AL01065015</description><styleUrl>#stPoste</styleUrl><Point><coordinates>-48.167343,-8.979327,0</coordinates></Point></Placemark>
<Placemark><name>1793193</name><description>AL01065015</description><styleUrl>#stPoste</styleUrl><Point><coordinates>-48.167292,-8.97861,0</coordinates></Point></Placemark>
<Placemark><name>1793284</name><description>AL01065015</description><styleUrl>#stPoste</styleUrl><Point><coordinates>-48.168631,-8.978519,0</coordinates></Point></Placemark>
<Placemark><name>1793499</name><description>AL01065015</description><styleUrl>#stPoste</styleUrl><Point><coordinates>-48.170068,-8.982146,0</coordinates></Point></Placemark>
<Placemark><name>1793547</name><description>AL01065015</description><styleUrl>#stPoste</styleUrl><Point><coordinates>-48.167752,-8.977836,0</coordinates></Point></Placemark>
<Placemark><name>1793945</name><description>AL01065015</description><styleUrl>#stPoste</styleUrl><Point><coordinates>-48.167784,-8.986028,0</coordinates></Point></Placemark>
<Placemark><name>1794159</name><description>AL01065015</description><styleUrl>#stPoste</styleUrl><Point><coordinates>-48.169511,-8.985399,0</coordinates></Point></Placemark>
<Placemark><name>1794200</name><description>AL01065015</description><styleUrl>#stPoste</styleUrl><Point><coordinates>-48.168155,-8.986134,0</coordinates></Point></Placemark>
<Placemark><name>1794207</name><description>AL01065015</description><styleUrl>#stPoste</styleUrl><Point><coordinates>-48.168915,-8.984499,0</coordinates></Point></Placemark>
<Placemark><name>1794455</name><description>AL01065015</description><styleUrl>#stPoste</styleUrl><Point><coordinates>-48.170942,-9.004025,0</coordinates></Point></Placemark>
<Placemark><name>1794458</name><description>AL01065015</description><styleUrl>#stPoste</styleUrl><Point><coordinates>-48.171678,-9.003926,0</coordinates></Point></Placemark>
<Placemark><name>1794844</name><description>AL01065015</description><styleUrl>#stPoste</styleUrl><Point><coordinates>-48.167178,-9.001959,0</coordinates></Point></Placemark>
<Placemark><name>1801660</name><description>AL01065015</description><styleUrl>#stPoste</styleUrl><Point><coordinates>-48.168917,-8.978091,0</coordinates></Point></Placemark>
<Placemark><name>1820451</name><description>AL01065015</description><styleUrl>#stPoste</styleUrl><Point><coordinates>-48.154634,-8.99495,0</coordinates></Point></Placemark>
<Placemark><name>1820458</name><description>AL01065015</description><styleUrl>#stPoste</styleUrl><Point><coordinates>-48.153415,-8.996018,0</coordinates></Point></Placemark>
<Placemark><name>1820600</name><description>AL01065015</description><styleUrl>#stPoste</styleUrl><Point><coordinates>-48.156432,-8.9965,0</coordinates></Point></Placemark>
<Placemark><name>1825228</name><description>AL01065015</description><styleUrl>#stPoste</styleUrl><Point><coordinates>-48.153979,-8.999837,0</coordinates></Point></Placemark>
<Placemark><name>1825230</name><description>AL01065015</description><styleUrl>#stPoste</styleUrl><Point><coordinates>-48.153298,-8.99955,0</coordinates></Point></Placemark>
<Placemark><name>1825386</name><description>AL01065015</description><styleUrl>#stPoste</styleUrl><Point><coordinates>-48.151729,-9.000647,0</coordinates></Point></Placemark>
<Placemark><name>1870032</name><description>AL01065015</description><styleUrl>#stPoste</styleUrl><Point><coordinates>-48.163013,-8.998056,0</coordinates></Point></Placemark>
<Placemark><name>1870103</name><description>AL01065015</description><styleUrl>#stPoste</styleUrl><Point><coordinates>-48.164794,-8.992739,0</coordinates></Point></Placemark>
<Placemark><name>1870600</name><description>AL01065015</description><styleUrl>#stPoste</styleUrl><Point><coordinates>-48.161719,-8.996912,0</coordinates></Point></Placemark>
<Placemark><name>1871011</name><description>AL01065015</description><styleUrl>#stPoste</styleUrl><Point><coordinates>-48.16435,-8.997614,0</coordinates></Point></Placemark>
<Placemark><name>35279792</name><description>AL01065015</description><styleUrl>#stPoste</styleUrl><Point><coordinates>-48.172938,-8.996568,0</coordinates></Point></Placemark>
<Placemark><name>38435882</name><description>AL01065015</description><styleUrl>#stPoste</styleUrl><Point><coordinates>-48.171151,-8.980378,0</coordinates></Point></Placemark>
<Placemark><name>46551274</name><description>AL01065015</description><styleUrl>#stPoste</styleUrl><Point><coordinates>-48.171283,-8.979613,0</coordinates></Point></Placemark>
<Placemark><name>99465</name><description>AL01065015</description><styleUrl>#stPoste</styleUrl><Point><coordinates>-48.174703,-8.979888,0</coordinates></Point></Placemark>
<Placemark><name>99534</name><description>AL01065015</description><styleUrl>#stPoste</styleUrl><Point><coordinates>-48.173204,-8.978744,0</coordinates></Point></Placemark>
<Placemark><name>937163</name><description>AL01065015</description><styleUrl>#stPoste</styleUrl><Point><coordinates>-48.168914,-8.997206,0</coordinates></Point></Placemark>
<Placemark><name>937532</name><description>AL01065015</description><styleUrl>#stPoste</styleUrl><Point><coordinates>-48.158671,-8.99481,0</coordinates></Point></Placemark>
<Placemark><name>938279</name><description>AL01065015</description><styleUrl>#stPoste</styleUrl><Point><coordinates>-48.158761,-8.992619,0</coordinates></Point></Placemark>
<Placemark><name>938416</name><description>AL01065015</description><styleUrl>#stPoste</styleUrl><Point><coordinates>-48.171786,-8.997884,0</coordinates></Point></Placemark>
<Placemark><name>942023</name><description>AL01065015</description><styleUrl>#stPoste</styleUrl><Point><coordinates>-48.161414,-8.993386,0</coordinates></Point></Placemark>
<Placemark><name>942541</name><description>AL01065015</description><styleUrl>#stPoste</styleUrl><Point><coordinates>-48.165943,-8.997649,0</coordinates></Point></Placemark>
<Placemark><name>963884</name><description>AL01065015</description><styleUrl>#stPoste</styleUrl><Point><coordinates>-48.167892,-8.996569,0</coordinates></Point></Placemark>
<Placemark><name>970917</name><description>AL01065015</description><styleUrl>#stPoste</styleUrl><Point><coordinates>-48.171826,-8.98214,0</coordinates></Point></Placemark>
<Placemark><name>973218</name><description>AL01065015</description><styleUrl>#stPoste</styleUrl><Point><coordinates>-48.170293,-8.986184,0</coordinates></Point></Placemark>
<Placemark><name>975048</name><description>AL01065015</description><styleUrl>#stPoste</styleUrl><Point><coordinates>-48.17208,-9.000635,0</coordinates></Point></Placemark>
<Placemark><name>1289416</name><description>AL01065015</description><styleUrl>#stPoste</styleUrl><Point><coordinates>-48.162519,-8.994464,0</coordinates></Point></Placemark>
<Placemark><name>1436129</name><description>AL01065015</description><styleUrl>#stPoste</styleUrl><Point><coordinates>-48.172723,-8.979953,0</coordinates></Point></Placemark>
<Placemark><name>1783117</name><description>AL01065015</description><styleUrl>#stPoste</styleUrl><Point><coordinates>-48.165549,-8.98121,0</coordinates></Point></Placemark>
<Placemark><name>1783118</name><description>AL01065015</description><styleUrl>#stPoste</styleUrl><Point><coordinates>-48.171133,-8.982526,0</coordinates></Point></Placemark>
<Placemark><name>1783123</name><description>AL01065015</description><styleUrl>#stPoste</styleUrl><Point><coordinates>-48.170612,-8.985127,0</coordinates></Point></Placemark>
<Placemark><name>1783190</name><description>AL01065015</description><styleUrl>#stPoste</styleUrl><Point><coordinates>-48.174449,-9.003443,0</coordinates></Point></Placemark>
<Placemark><name>1783207</name><description>AL01065015</description><styleUrl>#stPoste</styleUrl><Point><coordinates>-48.17187,-9.004446,0</coordinates></Point></Placemark>
<Placemark><name>1783370</name><description>AL01065015</description><styleUrl>#stPoste</styleUrl><Point><coordinates>-48.170125,-8.983694,0</coordinates></Point></Placemark>
<Placemark><name>1783375</name><description>AL01065015</description><styleUrl>#stPoste</styleUrl><Point><coordinates>-48.169634,-8.985069,0</coordinates></Point></Placemark>
<Placemark><name>1783575</name><description>AL01065015</description><styleUrl>#stPoste</styleUrl><Point><coordinates>-48.167863,-8.994753,0</coordinates></Point></Placemark>
<Placemark><name>1783672</name><description>AL01065015</description><styleUrl>#stPoste</styleUrl><Point><coordinates>-48.169623,-8.999712,0</coordinates></Point></Placemark>
<Placemark><name>1783778</name><description>AL01065015</description><styleUrl>#stPoste</styleUrl><Point><coordinates>-48.169343,-8.984109,0</coordinates></Point></Placemark>
<Placemark><name>1783828</name><description>AL01065015</description><styleUrl>#stPoste</styleUrl><Point><coordinates>-48.173278,-8.99659,0</coordinates></Point></Placemark>
<Placemark><name>1783830</name><description>AL01065015</description><styleUrl>#stPoste</styleUrl><Point><coordinates>-48.173443,-8.997284,0</coordinates></Point></Placemark>
<Placemark><name>1784043</name><description>AL01065015</description><styleUrl>#stPoste</styleUrl><Point><coordinates>-48.173959,-8.997363,0</coordinates></Point></Placemark>
<Placemark><name>1784045</name><description>AL01065015</description><styleUrl>#stPoste</styleUrl><Point><coordinates>-48.173756,-8.996524,0</coordinates></Point></Placemark>
<Placemark><name>1791926</name><description>AL01065015</description><styleUrl>#stPoste</styleUrl><Point><coordinates>-48.169232,-9.001408,0</coordinates></Point></Placemark>
<Placemark><name>1792060</name><description>AL01065015</description><styleUrl>#stPoste</styleUrl><Point><coordinates>-48.168662,-9.003074,0</coordinates></Point></Placemark>
<Placemark><name>1792068</name><description>AL01065015</description><styleUrl>#stPoste</styleUrl><Point><coordinates>-48.165337,-9.001465,0</coordinates></Point></Placemark>
<Placemark><name>1792092</name><description>AL01065015</description><styleUrl>#stPoste</styleUrl><Point><coordinates>-48.168538,-8.99507,0</coordinates></Point></Placemark>
<Placemark><name>1792098</name><description>AL01065015</description><styleUrl>#stPoste</styleUrl><Point><coordinates>-48.171005,-8.992826,0</coordinates></Point></Placemark>
<Placemark><name>1792105</name><description>AL01065015</description><styleUrl>#stPoste</styleUrl><Point><coordinates>-48.168598,-8.994829,0</coordinates></Point></Placemark>
<Placemark><name>1792502</name><description>AL01065015</description><styleUrl>#stPoste</styleUrl><Point><coordinates>-48.170212,-9.00181,0</coordinates></Point></Placemark>
<Placemark><name>1793185</name><description>AL01065015</description><styleUrl>#stPoste</styleUrl><Point><coordinates>-48.166226,-8.979928,0</coordinates></Point></Placemark>
<Placemark><name>1793347</name><description>AL01065015</description><styleUrl>#stPoste</styleUrl><Point><coordinates>-48.171293,-8.97705,0</coordinates></Point></Placemark>
<Placemark><name>1793961</name><description>AL01065015</description><styleUrl>#stPoste</styleUrl><Point><coordinates>-48.167563,-8.986545,0</coordinates></Point></Placemark>
<Placemark><name>1794015</name><description>AL01065015</description><styleUrl>#stPoste</styleUrl><Point><coordinates>-48.170453,-8.982632,0</coordinates></Point></Placemark>
<Placemark><name>1794162</name><description>AL01065015</description><styleUrl>#stPoste</styleUrl><Point><coordinates>-48.169253,-8.986089,0</coordinates></Point></Placemark>
<Placemark><name>1794210</name><description>AL01065015</description><styleUrl>#stPoste</styleUrl><Point><coordinates>-48.167943,-8.984247,0</coordinates></Point></Placemark>
<Placemark><name>1824981</name><description>AL01065015</description><styleUrl>#stPoste</styleUrl><Point><coordinates>-48.153316,-8.997153,0</coordinates></Point></Placemark>
<Placemark><name>1824993</name><description>AL01065015</description><styleUrl>#stPoste</styleUrl><Point><coordinates>-48.155401,-8.996953,0</coordinates></Point></Placemark>
<Placemark><name>1825099</name><description>AL01065015</description><styleUrl>#stPoste</styleUrl><Point><coordinates>-48.154407,-9.000893,0</coordinates></Point></Placemark>
<Placemark><name>1870015</name><description>AL01065015</description><styleUrl>#stPoste</styleUrl><Point><coordinates>-48.163212,-8.998939,0</coordinates></Point></Placemark>
<Placemark><name>1870085</name><description>AL01065015</description><styleUrl>#stPoste</styleUrl><Point><coordinates>-48.163894,-8.992579,0</coordinates></Point></Placemark>
<Placemark><name>1870292</name><description>AL01065015</description><styleUrl>#stPoste</styleUrl><Point><coordinates>-48.160396,-8.997615,0</coordinates></Point></Placemark>
<Placemark><name>1870592</name><description>AL01065015</description><styleUrl>#stPoste</styleUrl><Point><coordinates>-48.16229,-8.99726,0</coordinates></Point></Placemark>
<Placemark><name>26533129</name><description>AL01065015</description><styleUrl>#stPoste</styleUrl><Point><coordinates>-48.153747,-8.996889,0</coordinates></Point></Placemark>
<Placemark><name>26533203</name><description>AL01065015</description><styleUrl>#stPoste</styleUrl><Point><coordinates>-48.151984,-8.997141,0</coordinates></Point></Placemark>
<Placemark><name>26533212</name><description>AL01065015</description><styleUrl>#stPoste</styleUrl><Point><coordinates>-48.151178,-8.99787,0</coordinates></Point></Placemark>
<Placemark><name>35632072</name><description>AL01065015</description><styleUrl>#stPoste</styleUrl><Point><coordinates>-48.153808,-8.9958,0</coordinates></Point></Placemark>
<Placemark><name>37800082</name><description>AL01065015</description><styleUrl>#stPoste</styleUrl><Point><coordinates>-48.165532,-8.986432,0</coordinates></Point></Placemark>
<Placemark><name>53898300</name><description>AL01065015</description><styleUrl>#stPoste</styleUrl><Point><coordinates>-48.172217,-8.993123,0</coordinates></Point></Placemark>
<Placemark><name>59416249</name><description>AL01065015</description><styleUrl>#stPoste</styleUrl><Point><coordinates>-48.172288,-8.991854,0</coordinates></Point></Placemark>
<Placemark><name>527649</name><description>AL01065015</description><styleUrl>#stPoste</styleUrl><Point><coordinates>-48.172249,-8.997774,0</coordinates></Point></Placemark>
<Placemark><name>937843</name><description>AL01065015</description><styleUrl>#stPoste</styleUrl><Point><coordinates>-48.170167,-8.983093,0</coordinates></Point></Placemark>
<Placemark><name>938590</name><description>AL01065015</description><styleUrl>#stPoste</styleUrl><Point><coordinates>-48.159038,-8.992097,0</coordinates></Point></Placemark>
<Placemark><name>939188</name><description>AL01065015</description><styleUrl>#stPoste</styleUrl><Point><coordinates>-48.169583,-9.005827,0</coordinates></Point></Placemark>
<Placemark><name>939708</name><description>AL01065015</description><styleUrl>#stPoste</styleUrl><Point><coordinates>-48.174386,-8.979107,0</coordinates></Point></Placemark>
<Placemark><name>940178</name><description>AL01065015</description><styleUrl>#stPoste</styleUrl><Point><coordinates>-48.163311,-8.984929,0</coordinates></Point></Placemark>
<Placemark><name>964067</name><description>AL01065015</description><styleUrl>#stPoste</styleUrl><Point><coordinates>-48.169874,-8.99491,0</coordinates></Point></Placemark>
<Placemark><name>965050</name><description>AL01065015</description><styleUrl>#stPoste</styleUrl><Point><coordinates>-48.173059,-8.99225,0</coordinates></Point></Placemark>
<Placemark><name>965055</name><description>AL01065015</description><styleUrl>#stPoste</styleUrl><Point><coordinates>-48.170752,-8.992651,0</coordinates></Point></Placemark>
<Placemark><name>967766</name><description>AL01065015</description><styleUrl>#stPoste</styleUrl><Point><coordinates>-48.165561,-8.987913,0</coordinates></Point></Placemark>
<Placemark><name>971561</name><description>AL01065015</description><styleUrl>#stPoste</styleUrl><Point><coordinates>-48.168546,-8.978545,0</coordinates></Point></Placemark>
<Placemark><name>1095755</name><description>AL01065015</description><styleUrl>#stPoste</styleUrl><Point><coordinates>-48.15946,-8.992873,0</coordinates></Point></Placemark>
<Placemark><name>1095757</name><description>AL01065015</description><styleUrl>#stPoste</styleUrl><Point><coordinates>-48.159383,-8.992249,0</coordinates></Point></Placemark>
<Placemark><name>1290073</name><description>AL01065015</description><styleUrl>#stPoste</styleUrl><Point><coordinates>-48.161347,-8.995317,0</coordinates></Point></Placemark>
<Placemark><name>1317059</name><description>AL01065015</description><styleUrl>#stPoste</styleUrl><Point><coordinates>-48.175101,-8.97874,0</coordinates></Point></Placemark>
<Placemark><name>1783187</name><description>AL01065015</description><styleUrl>#stPoste</styleUrl><Point><coordinates>-48.173423,-9.003236,0</coordinates></Point></Placemark>
<Placemark><name>1783239</name><description>AL01065015</description><styleUrl>#stPoste</styleUrl><Point><coordinates>-48.175624,-9.004191,0</coordinates></Point></Placemark>
<Placemark><name>1783361</name><description>AL01065015</description><styleUrl>#stPoste</styleUrl><Point><coordinates>-48.167073,-8.983917,0</coordinates></Point></Placemark>
<Placemark><name>1783389</name><description>AL01065015</description><styleUrl>#stPoste</styleUrl><Point><coordinates>-48.168421,-8.99622,0</coordinates></Point></Placemark>
<Placemark><name>1783540</name><description>AL01065015</description><styleUrl>#stPoste</styleUrl><Point><coordinates>-48.168995,-8.998712,0</coordinates></Point></Placemark>
<Placemark><name>1783760</name><description>AL01065015</description><styleUrl>#stPoste</styleUrl><Point><coordinates>-48.15618,-8.994111,0</coordinates></Point></Placemark>
<Placemark><name>1783946</name><description>AL01065015</description><styleUrl>#stPoste</styleUrl><Point><coordinates>-48.170734,-8.984828,0</coordinates></Point></Placemark>
<Placemark><name>1792030</name><description>AL01065015</description><styleUrl>#stPoste</styleUrl><Point><coordinates>-48.167976,-8.975446,0</coordinates></Point></Placemark>
<Placemark><name>1792054</name><description>AL01065015</description><styleUrl>#stPoste</styleUrl><Point><coordinates>-48.167478,-9.001648,0</coordinates></Point></Placemark>
<Placemark><name>1792111</name><description>AL01065015</description><styleUrl>#stPoste</styleUrl><Point><coordinates>-48.167898,-8.976131,0</coordinates></Point></Placemark>
<Placemark><name>1792172</name><description>AL01065015</description><styleUrl>#stPoste</styleUrl><Point><coordinates>-48.173262,-8.994549,0</coordinates></Point></Placemark>
<Placemark><name>1792236</name><description>AL01065015</description><styleUrl>#stPoste</styleUrl><Point><coordinates>-48.172367,-8.993637,0</coordinates></Point></Placemark>
<Placemark><name>1792252</name><description>AL01065015</description><styleUrl>#stPoste</styleUrl><Point><coordinates>-48.173401,-8.981046,0</coordinates></Point></Placemark>
<Placemark><name>1792280</name><description>AL01065015</description><styleUrl>#stPoste</styleUrl><Point><coordinates>-48.170874,-8.995774,0</coordinates></Point></Placemark>
<Placemark><name>1792438</name><description>AL01065015</description><styleUrl>#stPoste</styleUrl><Point><coordinates>-48.17034,-9.00124,0</coordinates></Point></Placemark>
<Placemark><name>1792750</name><description>AL01065015</description><styleUrl>#stPoste</styleUrl><Point><coordinates>-48.166461,-8.979964,0</coordinates></Point></Placemark>
<Placemark><name>1792753</name><description>AL01065015</description><styleUrl>#stPoste</styleUrl><Point><coordinates>-48.166613,-8.980263,0</coordinates></Point></Placemark>
<Placemark><name>1793007</name><description>AL01065015</description><styleUrl>#stPoste</styleUrl><Point><coordinates>-48.167526,-8.977356,0</coordinates></Point></Placemark>
<Placemark><name>1793013</name><description>AL01065015</description><styleUrl>#stPoste</styleUrl><Point><coordinates>-48.168517,-8.979292,0</coordinates></Point></Placemark>
<Placemark><name>1793075</name><description>AL01065015</description><styleUrl>#stPoste</styleUrl><Point><coordinates>-48.172143,-8.982769,0</coordinates></Point></Placemark>
<Placemark><name>1793104</name><description>AL01065015</description><styleUrl>#stPoste</styleUrl><Point><coordinates>-48.169689,-8.979558,0</coordinates></Point></Placemark>
<Placemark><name>1793195</name><description>AL01065015</description><styleUrl>#stPoste</styleUrl><Point><coordinates>-48.166766,-8.978322,0</coordinates></Point></Placemark>
<Placemark><name>1793501</name><description>AL01065015</description><styleUrl>#stPoste</styleUrl><Point><coordinates>-48.16959,-8.982,0</coordinates></Point></Placemark>
<Placemark><name>1793534</name><description>AL01065015</description><styleUrl>#stPoste</styleUrl><Point><coordinates>-48.168758,-8.979513,0</coordinates></Point></Placemark>
<Placemark><name>1793826</name><description>AL01065015</description><styleUrl>#stPoste</styleUrl><Point><coordinates>-48.168523,-8.982572,0</coordinates></Point></Placemark>
<Placemark><name>1793870</name><description>AL01065015</description><styleUrl>#stPoste</styleUrl><Point><coordinates>-48.169337,-8.978291,0</coordinates></Point></Placemark>
<Placemark><name>1794166</name><description>AL01065015</description><styleUrl>#stPoste</styleUrl><Point><coordinates>-48.168894,-8.986346,0</coordinates></Point></Placemark>
<Placemark><name>1794393</name><description>AL01065015</description><styleUrl>#stPoste</styleUrl><Point><coordinates>-48.17015,-9.006871,0</coordinates></Point></Placemark>
<Placemark><name>1794460</name><description>AL01065015</description><styleUrl>#stPoste</styleUrl><Point><coordinates>-48.167842,-8.998286,0</coordinates></Point></Placemark>
<Placemark><name>1820441</name><description>AL01065015</description><styleUrl>#stPoste</styleUrl><Point><coordinates>-48.160322,-8.991772,0</coordinates></Point></Placemark>
<Placemark><name>1820591</name><description>AL01065015</description><styleUrl>#stPoste</styleUrl><Point><coordinates>-48.155707,-8.995173,0</coordinates></Point></Placemark>
<Placemark><name>1825111</name><description>AL01065015</description><styleUrl>#stPoste</styleUrl><Point><coordinates>-48.15355,-8.998231,0</coordinates></Point></Placemark>
<Placemark><name>1825237</name><description>AL01065015</description><styleUrl>#stPoste</styleUrl><Point><coordinates>-48.153503,-9.000366,0</coordinates></Point></Placemark>
<Placemark><name>1825241</name><description>AL01065015</description><styleUrl>#stPoste</styleUrl><Point><coordinates>-48.152041,-8.99972,0</coordinates></Point></Placemark>
<Placemark><name>1826928</name><description>AL01065015</description><styleUrl>#stPoste</styleUrl><Point><coordinates>-48.16124,-8.990749,0</coordinates></Point></Placemark>
<Placemark><name>1827095</name><description>AL01065015</description><styleUrl>#stPoste</styleUrl><Point><coordinates>-48.157604,-8.990837,0</coordinates></Point></Placemark>
<Placemark><name>1870018</name><description>AL01065015</description><styleUrl>#stPoste</styleUrl><Point><coordinates>-48.16348,-8.999388,0</coordinates></Point></Placemark>
<Placemark><name>1870094</name><description>AL01065015</description><styleUrl>#stPoste</styleUrl><Point><coordinates>-48.164017,-8.993454,0</coordinates></Point></Placemark>
<Placemark><name>1870598</name><description>AL01065015</description><styleUrl>#stPoste</styleUrl><Point><coordinates>-48.161413,-8.995774,0</coordinates></Point></Placemark>
<Placemark><name>1886584</name><description>AL01065015</description><styleUrl>#stPoste</styleUrl><Point><coordinates>-48.168072,-8.983085,0</coordinates></Point></Placemark>
<Placemark><name>1895361</name><description>AL01065015</description><styleUrl>#stPoste</styleUrl><Point><coordinates>-48.16191,-8.992066,0</coordinates></Point></Placemark>
<Placemark><name>32626050</name><description>AL01065015</description><styleUrl>#stPoste</styleUrl><Point><coordinates>-48.171687,-8.977895,0</coordinates></Point></Placemark>
<Placemark><name>34463833</name><description>AL01065015</description><styleUrl>#stPoste</styleUrl><Point><coordinates>-48.16881,-8.975267,0</coordinates></Point></Placemark>
<Placemark><name>35632083</name><description>AL01065015</description><styleUrl>#stPoste</styleUrl><Point><coordinates>-48.15489,-8.998575,0</coordinates></Point></Placemark>
<Placemark><name>56419128</name><description>AL01065015</description><styleUrl>#stPoste</styleUrl><Point><coordinates>-48.167038,-8.985464,0</coordinates></Point></Placemark>
<Placemark><name>64178124</name><description>AL01065015</description><styleUrl>#stPoste</styleUrl><Point><coordinates>-48.174565,-8.978652,0</coordinates></Point></Placemark>
<Placemark><name>64178167</name><description>AL01065015</description><styleUrl>#stPoste</styleUrl><Point><coordinates>-48.174014,-8.980064,0</coordinates></Point></Placemark>
<Placemark><name>64178373</name><description>AL01065015</description><styleUrl>#stPoste</styleUrl><Point><coordinates>-48.169523,-8.980855,0</coordinates></Point></Placemark>
<Placemark><name>527950</name><description>AL01065015</description><styleUrl>#stPoste</styleUrl><Point><coordinates>-48.169336,-9.004081,0</coordinates></Point></Placemark>
<Placemark><name>937836</name><description>AL01065015</description><styleUrl>#stPoste</styleUrl><Point><coordinates>-48.167316,-8.986173,0</coordinates></Point></Placemark>
<Placemark><name>938407</name><description>AL01065015</description><styleUrl>#stPoste</styleUrl><Point><coordinates>-48.174558,-8.999833,0</coordinates></Point></Placemark>
<Placemark><name>969358</name><description>AL01065015</description><styleUrl>#stPoste</styleUrl><Point><coordinates>-48.171599,-8.9827,0</coordinates></Point></Placemark>
<Placemark><name>973213</name><description>AL01065015</description><styleUrl>#stPoste</styleUrl><Point><coordinates>-48.167575,-8.987211,0</coordinates></Point></Placemark>
<Placemark><name>977667</name><description>AL01065015</description><styleUrl>#stPoste</styleUrl><Point><coordinates>-48.15299,-9.001341,0</coordinates></Point></Placemark>
<Placemark><name>978020</name><description>AL01065015</description><styleUrl>#stPoste</styleUrl><Point><coordinates>-48.153539,-9.001656,0</coordinates></Point></Placemark>
<Placemark><name>1289431</name><description>AL01065015</description><styleUrl>#stPoste</styleUrl><Point><coordinates>-48.16187,-8.994605,0</coordinates></Point></Placemark>
<Placemark><name>1323838</name><description>AL01065015</description><styleUrl>#stPoste</styleUrl><Point><coordinates>-48.170276,-8.980988,0</coordinates></Point></Placemark>
<Placemark><name>1455338</name><description>AL01065015</description><styleUrl>#stPoste</styleUrl><Point><coordinates>-48.168032,-8.981352,0</coordinates></Point></Placemark>
<Placemark><name>1461486</name><description>AL01065015</description><styleUrl>#stPoste</styleUrl><Point><coordinates>-48.161539,-8.990399,0</coordinates></Point></Placemark>
<Placemark><name>1783151</name><description>AL01065015</description><styleUrl>#stPoste</styleUrl><Point><coordinates>-48.172299,-9.001621,0</coordinates></Point></Placemark>
<Placemark><name>1783163</name><description>AL01065015</description><styleUrl>#stPoste</styleUrl><Point><coordinates>-48.171043,-9.005089,0</coordinates></Point></Placemark>
<Placemark><name>1783177</name><description>AL01065015</description><styleUrl>#stPoste</styleUrl><Point><coordinates>-48.168792,-8.999282,0</coordinates></Point></Placemark>
<Placemark><name>1783202</name><description>AL01065015</description><styleUrl>#stPoste</styleUrl><Point><coordinates>-48.170852,-8.984538,0</coordinates></Point></Placemark>
<Placemark><name>1783392</name><description>AL01065015</description><styleUrl>#stPoste</styleUrl><Point><coordinates>-48.170383,-9.000141,0</coordinates></Point></Placemark>
<Placemark><name>1783443</name><description>AL01065015</description><styleUrl>#stPoste</styleUrl><Point><coordinates>-48.173869,-8.999074,0</coordinates></Point></Placemark>
<Placemark><name>1783538</name><description>AL01065015</description><styleUrl>#stPoste</styleUrl><Point><coordinates>-48.169377,-8.998664,0</coordinates></Point></Placemark>
<Placemark><name>1783759</name><description>AL01065015</description><styleUrl>#stPoste</styleUrl><Point><coordinates>-48.156006,-8.9945,0</coordinates></Point></Placemark>
<Placemark><name>1783863</name><description>AL01065015</description><styleUrl>#stPoste</styleUrl><Point><coordinates>-48.156751,-8.992835,0</coordinates></Point></Placemark>
<Placemark><name>1783958</name><description>AL01065015</description><styleUrl>#stPoste</styleUrl><Point><coordinates>-48.167299,-8.982585,0</coordinates></Point></Placemark>
<Placemark><name>1791810</name><description>AL01065015</description><styleUrl>#stPoste</styleUrl><Point><coordinates>-48.167056,-9.00115,0</coordinates></Point></Placemark>
<Placemark><name>1792224</name><description>AL01065015</description><styleUrl>#stPoste</styleUrl><Point><coordinates>-48.171448,-8.993274,0</coordinates></Point></Placemark>
<Placemark><name>1792226</name><description>AL01065015</description><styleUrl>#stPoste</styleUrl><Point><coordinates>-48.170603,-8.993458,0</coordinates></Point></Placemark>
<Placemark><name>1792232</name><description>AL01065015</description><styleUrl>#stPoste</styleUrl><Point><coordinates>-48.172539,-8.994226,0</coordinates></Point></Placemark>
<Placemark><name>1792297</name><description>AL01065015</description><styleUrl>#stPoste</styleUrl><Point><coordinates>-48.17269,-8.980783,0</coordinates></Point></Placemark>
<Placemark><name>1792299</name><description>AL01065015</description><styleUrl>#stPoste</styleUrl><Point><coordinates>-48.171992,-8.980525,0</coordinates></Point></Placemark>
<Placemark><name>1792470</name><description>AL01065015</description><styleUrl>#stPoste</styleUrl><Point><coordinates>-48.176241,-9.004941,0</coordinates></Point></Placemark>
<Placemark><name>1792479</name><description>AL01065015</description><styleUrl>#stPoste</styleUrl><Point><coordinates>-48.175587,-9.003064,0</coordinates></Point></Placemark>
<Placemark><name>1792509</name><description>AL01065015</description><styleUrl>#stPoste</styleUrl><Point><coordinates>-48.169734,-9.000794,0</coordinates></Point></Placemark>
<Placemark><name>1792581</name><description>AL01065015</description><styleUrl>#stPoste</styleUrl><Point><coordinates>-48.172613,-8.978196,0</coordinates></Point></Placemark>
<Placemark><name>1793071</name><description>AL01065015</description><styleUrl>#stPoste</styleUrl><Point><coordinates>-48.172897,-8.982881,0</coordinates></Point></Placemark>
<Placemark><name>1793188</name><description>AL01065015</description><styleUrl>#stPoste</styleUrl><Point><coordinates>-48.166302,-8.978177,0</coordinates></Point></Placemark>
<Placemark><name>1793194</name><description>AL01065015</description><styleUrl>#stPoste</styleUrl><Point><coordinates>-48.167015,-8.978458,0</coordinates></Point></Placemark>
<Placemark><name>1793366</name><description>AL01065015</description><styleUrl>#stPoste</styleUrl><Point><coordinates>-48.173077,-8.979666,0</coordinates></Point></Placemark>
<Placemark><name>1793538</name><description>AL01065015</description><styleUrl>#stPoste</styleUrl><Point><coordinates>-48.167022,-8.980259,0</coordinates></Point></Placemark>
<Placemark><name>1793546</name><description>AL01065015</description><styleUrl>#stPoste</styleUrl><Point><coordinates>-48.167994,-8.977859,0</coordinates></Point></Placemark>
<Placemark><name>1793869</name><description>AL01065015</description><styleUrl>#stPoste</styleUrl><Point><coordinates>-48.169295,-8.978657,0</coordinates></Point></Placemark>
<Placemark><name>1820454</name><description>AL01065015</description><styleUrl>#stPoste</styleUrl><Point><coordinates>-48.153526,-8.996026,0</coordinates></Point></Placemark>
<Placemark><name>1820456</name><description>AL01065015</description><styleUrl>#stPoste</styleUrl><Point><coordinates>-48.154097,-8.995563,0</coordinates></Point></Placemark>
<Placemark><name>1820461</name><description>AL01065015</description><styleUrl>#stPoste</styleUrl><Point><coordinates>-48.155315,-8.994221,0</coordinates></Point></Placemark>
<Placemark><name>1825096</name><description>AL01065015</description><styleUrl>#stPoste</styleUrl><Point><coordinates>-48.155115,-8.999398,0</coordinates></Point></Placemark>
<Placemark><name>1825367</name><description>AL01065015</description><styleUrl>#stPoste</styleUrl><Point><coordinates>-48.154931,-8.999759,0</coordinates></Point></Placemark>
<Placemark><name>1870034</name><description>AL01065015</description><styleUrl>#stPoste</styleUrl><Point><coordinates>-48.163437,-8.996584,0</coordinates></Point></Placemark>
<Placemark><name>1870595</name><description>AL01065015</description><styleUrl>#stPoste</styleUrl><Point><coordinates>-48.159833,-8.997159,0</coordinates></Point></Placemark>
<Placemark><name>1870677</name><description>AL01065015</description><styleUrl>#stPoste</styleUrl><Point><coordinates>-48.1609,-8.997121,0</coordinates></Point></Placemark>
<Placemark><name>1870678</name><description>AL01065015</description><styleUrl>#stPoste</styleUrl><Point><coordinates>-48.160083,-8.995956,0</coordinates></Point></Placemark>
<Placemark><name>32626047</name><description>AL01065015</description><styleUrl>#stPoste</styleUrl><Point><coordinates>-48.171464,-8.977397,0</coordinates></Point></Placemark>
<Placemark><name>39544302</name><description>AL01065015</description><styleUrl>#stPoste</styleUrl><Point><coordinates>-48.163425,-8.985407,0</coordinates></Point></Placemark>
<Placemark><name>47745150</name><description>AL01065015</description><styleUrl>#stPoste</styleUrl><Point><coordinates>-48.150539,-9.002764,0</coordinates></Point></Placemark>
<Placemark><name>53117251</name><description>AL01065015</description><styleUrl>#stPoste</styleUrl><Point><coordinates>-48.16003,-8.989769,0</coordinates></Point></Placemark>
<Placemark><name>53117252</name><description>AL01065015</description><styleUrl>#stPoste</styleUrl><Point><coordinates>-48.159264,-8.989598,0</coordinates></Point></Placemark>
<Placemark><name>57788802</name><description>AL01065015</description><styleUrl>#stPoste</styleUrl><Point><coordinates>-48.167143,-8.983059,0</coordinates></Point></Placemark>
<Placemark><name>937842</name><description>AL01065015</description><styleUrl>#stPoste</styleUrl><Point><coordinates>-48.170465,-8.983201,0</coordinates></Point></Placemark>
<Placemark><name>938413</name><description>AL01065015</description><styleUrl>#stPoste</styleUrl><Point><coordinates>-48.172442,-9.000538,0</coordinates></Point></Placemark>
<Placemark><name>939200</name><description>AL01065015</description><styleUrl>#stPoste</styleUrl><Point><coordinates>-48.161492,-8.99019,0</coordinates></Point></Placemark>
<Placemark><name>940185</name><description>AL01065015</description><styleUrl>#stPoste</styleUrl><Point><coordinates>-48.160858,-8.98817,0</coordinates></Point></Placemark>
<Placemark><name>940950</name><description>AL01065015</description><styleUrl>#stPoste</styleUrl><Point><coordinates>-48.169114,-9.002905,0</coordinates></Point></Placemark>
<Placemark><name>951840</name><description>AL01065015</description><styleUrl>#stPoste</styleUrl><Point><coordinates>-48.16802,-8.997248,0</coordinates></Point></Placemark>
<Placemark><name>951842</name><description>AL01065015</description><styleUrl>#stPoste</styleUrl><Point><coordinates>-48.169369,-9.005306,0</coordinates></Point></Placemark>
<Placemark><name>963368</name><description>AL01065015</description><styleUrl>#stPoste</styleUrl><Point><coordinates>-48.170305,-8.996772,0</coordinates></Point></Placemark>
<Placemark><name>1087606</name><description>AL01065015</description><styleUrl>#stPoste</styleUrl><Point><coordinates>-48.15646,-8.994998,0</coordinates></Point></Placemark>
<Placemark><name>1289426</name><description>AL01065015</description><styleUrl>#stPoste</styleUrl><Point><coordinates>-48.164626,-8.992024,0</coordinates></Point></Placemark>
<Placemark><name>1289428</name><description>AL01065015</description><styleUrl>#stPoste</styleUrl><Point><coordinates>-48.165273,-8.997122,0</coordinates></Point></Placemark>
<Placemark><name>1455340</name><description>AL01065015</description><styleUrl>#stPoste</styleUrl><Point><coordinates>-48.167927,-8.981702,0</coordinates></Point></Placemark>
<Placemark><name>1455342</name><description>AL01065015</description><styleUrl>#stPoste</styleUrl><Point><coordinates>-48.168094,-8.98116,0</coordinates></Point></Placemark>
<Placemark><name>1783297</name><description>AL01065015</description><styleUrl>#stPoste</styleUrl><Point><coordinates>-48.171855,-8.983794,0</coordinates></Point></Placemark>
<Placemark><name>1783335</name><description>AL01065015</description><styleUrl>#stPoste</styleUrl><Point><coordinates>-48.174988,-9.004988,0</coordinates></Point></Placemark>
<Placemark><name>1783341</name><description>AL01065015</description><styleUrl>#stPoste</styleUrl><Point><coordinates>-48.173368,-8.979044,0</coordinates></Point></Placemark>
<Placemark><name>1783679</name><description>AL01065015</description><styleUrl>#stPoste</styleUrl><Point><coordinates>-48.15716,-8.991434,0</coordinates></Point></Placemark>
<Placemark><name>1783747</name><description>AL01065015</description><styleUrl>#stPoste</styleUrl><Point><coordinates>-48.167676,-8.996922,0</coordinates></Point></Placemark>
<Placemark><name>1783868</name><description>AL01065015</description><styleUrl>#stPoste</styleUrl><Point><coordinates>-48.156324,-8.992605,0</coordinates></Point></Placemark>
<Placemark><name>1784031</name><description>AL01065015</description><styleUrl>#stPoste</styleUrl><Point><coordinates>-48.172605,-9.001551,0</coordinates></Point></Placemark>
<Placemark><name>1784039</name><description>AL01065015</description><styleUrl>#stPoste</styleUrl><Point><coordinates>-48.174247,-8.998548,0</coordinates></Point></Placemark>
<Placemark><name>1791853</name><description>AL01065015</description><styleUrl>#stPoste</styleUrl><Point><coordinates>-48.167315,-9.000435,0</coordinates></Point></Placemark>
<Placemark><name>1792066</name><description>AL01065015</description><styleUrl>#stPoste</styleUrl><Point><coordinates>-48.165285,-9.001104,0</coordinates></Point></Placemark>
<Placemark><name>1792139</name><description>AL01065015</description><styleUrl>#stPoste</styleUrl><Point><coordinates>-48.16655,-8.999876,0</coordinates></Point></Placemark>
<Placemark><name>1792173</name><description>AL01065015</description><styleUrl>#stPoste</styleUrl><Point><coordinates>-48.172674,-8.994689,0</coordinates></Point></Placemark>
<Placemark><name>1792231</name><description>AL01065015</description><styleUrl>#stPoste</styleUrl><Point><coordinates>-48.172606,-8.994454,0</coordinates></Point></Placemark>
<Placemark><name>1792630</name><description>AL01065015</description><styleUrl>#stPoste</styleUrl><Point><coordinates>-48.171008,-8.980244,0</coordinates></Point></Placemark>
<Placemark><name>1792906</name><description>AL01065015</description><styleUrl>#stPoste</styleUrl><Point><coordinates>-48.16706,-8.97918,0</coordinates></Point></Placemark>
<Placemark><name>1793358</name><description>AL01065015</description><styleUrl>#stPoste</styleUrl><Point><coordinates>-48.171734,-8.979162,0</coordinates></Point></Placemark>
<Placemark><name>1793552</name><description>AL01065015</description><styleUrl>#stPoste</styleUrl><Point><coordinates>-48.167775,-8.979209,0</coordinates></Point></Placemark>
<Placemark><name>1793712</name><description>AL01065015</description><styleUrl>#stPoste</styleUrl><Point><coordinates>-48.167112,-8.978065,0</coordinates></Point></Placemark>
<Placemark><name>1794119</name><description>AL01065015</description><styleUrl>#stPoste</styleUrl><Point><coordinates>-48.172203,-9.001038,0</coordinates></Point></Placemark>
<Placemark><name>1794205</name><description>AL01065015</description><styleUrl>#stPoste</styleUrl><Point><coordinates>-48.169551,-8.984665,0</coordinates></Point></Placemark>
<Placemark><name>1794497</name><description>AL01065015</description><styleUrl>#stPoste</styleUrl><Point><coordinates>-48.171223,-9.006171,0</coordinates></Point></Placemark>
<Placemark><name>1794785</name><description>AL01065015</description><styleUrl>#stPoste</styleUrl><Point><coordinates>-48.167801,-8.975584,0</coordinates></Point></Placemark>
<Placemark><name>1794806</name><description>AL01065015</description><styleUrl>#stPoste</styleUrl><Point><coordinates>-48.169209,-8.995949,0</coordinates></Point></Placemark>
<Placemark><name>1820603</name><description>AL01065015</description><styleUrl>#stPoste</styleUrl><Point><coordinates>-48.155962,-8.99757,0</coordinates></Point></Placemark>
<Placemark><name>1825221</name><description>AL01065015</description><styleUrl>#stPoste</styleUrl><Point><coordinates>-48.154744,-8.999491,0</coordinates></Point></Placemark>
<Placemark><name>1825240</name><description>AL01065015</description><styleUrl>#stPoste</styleUrl><Point><coordinates>-48.152472,-8.999908,0</coordinates></Point></Placemark>
<Placemark><name>1825374</name><description>AL01065015</description><styleUrl>#stPoste</styleUrl><Point><coordinates>-48.151466,-9.00126,0</coordinates></Point></Placemark>
<Placemark><name>1825517</name><description>AL01065015</description><styleUrl>#stPoste</styleUrl><Point><coordinates>-48.152964,-8.997896,0</coordinates></Point></Placemark>
<Placemark><name>1827101</name><description>AL01065015</description><styleUrl>#stPoste</styleUrl><Point><coordinates>-48.15844,-8.990669,0</coordinates></Point></Placemark>
<Placemark><name>1870027</name><description>AL01065015</description><styleUrl>#stPoste</styleUrl><Point><coordinates>-48.163139,-8.997406,0</coordinates></Point></Placemark>
<Placemark><name>1870285</name><description>AL01065015</description><styleUrl>#stPoste</styleUrl><Point><coordinates>-48.164638,-8.995149,0</coordinates></Point></Placemark>
<Placemark><name>1870293</name><description>AL01065015</description><styleUrl>#stPoste</styleUrl><Point><coordinates>-48.161509,-8.993721,0</coordinates></Point></Placemark>
<Placemark><name>26533226</name><description>AL01065015</description><styleUrl>#stPoste</styleUrl><Point><coordinates>-48.1498,-8.999543,0</coordinates></Point></Placemark>
<Placemark><name>28486404</name><description>AL01065015</description><styleUrl>#stPoste</styleUrl><Point><coordinates>-48.157727,-8.992879,0</coordinates></Point></Placemark>
<Placemark><name>39083992</name><description>AL01065015</description><styleUrl>#stPoste</styleUrl><Point><coordinates>-48.168144,-8.980172,0</coordinates></Point></Placemark>
<Placemark><name>306630</name><description>AL01065015</description><styleUrl>#stPoste</styleUrl><Point><coordinates>-48.157691,-8.995635,0</coordinates></Point></Placemark>
<Placemark><name>937365</name><description>AL01065015</description><styleUrl>#stPoste</styleUrl><Point><coordinates>-48.174953,-9.002707,0</coordinates></Point></Placemark>
<Placemark><name>938412</name><description>AL01065015</description><styleUrl>#stPoste</styleUrl><Point><coordinates>-48.172835,-9.000443,0</coordinates></Point></Placemark>
<Placemark><name>938512</name><description>AL01065015</description><styleUrl>#stPoste</styleUrl><Point><coordinates>-48.169976,-8.986681,0</coordinates></Point></Placemark>
<Placemark><name>952852</name><description>AL01065015</description><styleUrl>#stPoste</styleUrl><Point><coordinates>-48.168498,-8.999873,0</coordinates></Point></Placemark>
<Placemark><name>952881</name><description>AL01065015</description><styleUrl>#stPoste</styleUrl><Point><coordinates>-48.169918,-8.997239,0</coordinates></Point></Placemark>
<Placemark><name>962215</name><description>AL01065015</description><styleUrl>#stPoste</styleUrl><Point><coordinates>-48.169538,-9.005143,0</coordinates></Point></Placemark>
<Placemark><name>964199</name><description>AL01065015</description><styleUrl>#stPoste</styleUrl><Point><coordinates>-48.167808,-8.99612,0</coordinates></Point></Placemark>
<Placemark><name>965390</name><description>AL01065015</description><styleUrl>#stPoste</styleUrl><Point><coordinates>-48.171395,-8.992308,0</coordinates></Point></Placemark>
<Placemark><name>975880</name><description>AL01065015</description><styleUrl>#stPoste</styleUrl><Point><coordinates>-48.154271,-8.999987,0</coordinates></Point></Placemark>
<Placemark><name>977266</name><description>AL01065015</description><styleUrl>#stPoste</styleUrl><Point><coordinates>-48.167303,-8.983764,0</coordinates></Point></Placemark>
<Placemark><name>1095540</name><description>AL01065015</description><styleUrl>#stPoste</styleUrl><Point><coordinates>-48.161102,-8.990792,0</coordinates></Point></Placemark>
<Placemark><name>1095751</name><description>AL01065015</description><styleUrl>#stPoste</styleUrl><Point><coordinates>-48.160806,-8.991082,0</coordinates></Point></Placemark>
<Placemark><name>1289748</name><description>AL01065015</description><styleUrl>#stPoste</styleUrl><Point><coordinates>-48.161882,-8.993534,0</coordinates></Point></Placemark>
<Placemark><name>1289751</name><description>AL01065015</description><styleUrl>#stPoste</styleUrl><Point><coordinates>-48.164869,-8.9976,0</coordinates></Point></Placemark>
<Placemark><name>1291047</name><description>AL01065015</description><styleUrl>#stPoste</styleUrl><Point><coordinates>-48.16435,-8.996187,0</coordinates></Point></Placemark>
<Placemark><name>1291048</name><description>AL01065015</description><styleUrl>#stPoste</styleUrl><Point><coordinates>-48.165247,-8.995694,0</coordinates></Point></Placemark>
<Placemark><name>1461123</name><description>AL01065015</description><styleUrl>#stPoste</styleUrl><Point><coordinates>-48.15468,-8.999053,0</coordinates></Point></Placemark>
<Placemark><name>1461195</name><description>AL01065015</description><styleUrl>#stPoste</styleUrl><Point><coordinates>-48.16584,-8.980773,0</coordinates></Point></Placemark>
<Placemark><name>1783281</name><description>AL01065015</description><styleUrl>#stPoste</styleUrl><Point><coordinates>-48.17137,-8.997423,0</coordinates></Point></Placemark>
<Placemark><name>1783360</name><description>AL01065015</description><styleUrl>#stPoste</styleUrl><Point><coordinates>-48.16841,-8.984965,0</coordinates></Point></Placemark>
<Placemark><name>1783610</name><description>AL01065015</description><styleUrl>#stPoste</styleUrl><Point><coordinates>-48.170104,-9.00358,0</coordinates></Point></Placemark>
<Placemark><name>1783812</name><description>AL01065015</description><styleUrl>#stPoste</styleUrl><Point><coordinates>-48.168733,-8.996868,0</coordinates></Point></Placemark>
<Placemark><name>1783866</name><description>AL01065015</description><styleUrl>#stPoste</styleUrl><Point><coordinates>-48.155909,-8.993254,0</coordinates></Point></Placemark>
<Placemark><name>1783892</name><description>AL01065015</description><styleUrl>#stPoste</styleUrl><Point><coordinates>-48.16852,-8.998203,0</coordinates></Point></Placemark>
<Placemark><name>1784008</name><description>AL01065015</description><styleUrl>#stPoste</styleUrl><Point><coordinates>-48.15739,-8.994329,0</coordinates></Point></Placemark>
<Placemark><name>1784042</name><description>AL01065015</description><styleUrl>#stPoste</styleUrl><Point><coordinates>-48.174053,-8.99775,0</coordinates></Point></Placemark>
<Placemark><name>1791704</name><description>AL01065015</description><styleUrl>#stPoste</styleUrl><Point><coordinates>-48.176822,-9.006252,0</coordinates></Point></Placemark>
<Placemark><name>1792138</name><description>AL01065015</description><styleUrl>#stPoste</styleUrl><Point><coordinates>-48.169401,-9.002459,0</coordinates></Point></Placemark>
<Placemark><name>1792164</name><description>AL01065015</description><styleUrl>#stPoste</styleUrl><Point><coordinates>-48.169449,-8.994804,0</coordinates></Point></Placemark>
<Placemark><name>1792439</name><description>AL01065015</description><styleUrl>#stPoste</styleUrl><Point><coordinates>-48.17043,-9.000922,0</coordinates></Point></Placemark>
<Placemark><name>1792463</name><description>AL01065015</description><styleUrl>#stPoste</styleUrl><Point><coordinates>-48.175667,-9.005915,0</coordinates></Point></Placemark>
<Placemark><name>1792756</name><description>AL01065015</description><styleUrl>#stPoste</styleUrl><Point><coordinates>-48.165695,-8.979743,0</coordinates></Point></Placemark>
<Placemark><name>1792929</name><description>AL01065015</description><styleUrl>#stPoste</styleUrl><Point><coordinates>-48.166259,-8.98372,0</coordinates></Point></Placemark>
<Placemark><name>1793008</name><description>AL01065015</description><styleUrl>#stPoste</styleUrl><Point><coordinates>-48.170393,-8.981101,0</coordinates></Point></Placemark>
<Placemark><name>1793718</name><description>AL01065015</description><styleUrl>#stPoste</styleUrl><Point><coordinates>-48.169859,-8.979247,0</coordinates></Point></Placemark>
<Placemark><name>1793923</name><description>AL01065015</description><styleUrl>#stPoste</styleUrl><Point><coordinates>-48.1706,-8.98214,0</coordinates></Point></Placemark>
<Placemark><name>1793925</name><description>AL01065015</description><styleUrl>#stPoste</styleUrl><Point><coordinates>-48.17024,-8.982198,0</coordinates></Point></Placemark>
<Placemark><name>1793982</name><description>AL01065015</description><styleUrl>#stPoste</styleUrl><Point><coordinates>-48.168101,-8.981385,0</coordinates></Point></Placemark>
<Placemark><name>1794208</name><description>AL01065015</description><styleUrl>#stPoste</styleUrl><Point><coordinates>-48.168577,-8.98441,0</coordinates></Point></Placemark>
<Placemark><name>1794495</name><description>AL01065015</description><styleUrl>#stPoste</styleUrl><Point><coordinates>-48.171279,-9.006718,0</coordinates></Point></Placemark>
<Placemark><name>1794543</name><description>AL01065015</description><styleUrl>#stPoste</styleUrl><Point><coordinates>-48.168926,-8.998154,0</coordinates></Point></Placemark>
<Placemark><name>1799280</name><description>AL01065015</description><styleUrl>#stPoste</styleUrl><Point><coordinates>-48.17005,-9.006343,0</coordinates></Point></Placemark>
<Placemark><name>1820438</name><description>AL01065015</description><styleUrl>#stPoste</styleUrl><Point><coordinates>-48.160115,-8.990972,0</coordinates></Point></Placemark>
<Placemark><name>1820444</name><description>AL01065015</description><styleUrl>#stPoste</styleUrl><Point><coordinates>-48.155707,-8.993564,0</coordinates></Point></Placemark>
<Placemark><name>1820598</name><description>AL01065015</description><styleUrl>#stPoste</styleUrl><Point><coordinates>-48.156751,-8.995763,0</coordinates></Point></Placemark>
<Placemark><name>1820605</name><description>AL01065015</description><styleUrl>#stPoste</styleUrl><Point><coordinates>-48.155918,-8.99623,0</coordinates></Point></Placemark>
<Placemark><name>1825227</name><description>AL01065015</description><styleUrl>#stPoste</styleUrl><Point><coordinates>-48.152609,-8.998525,0</coordinates></Point></Placemark>
<Placemark><name>1870086</name><description>AL01065015</description><styleUrl>#stPoste</styleUrl><Point><coordinates>-48.161283,-8.9943,0</coordinates></Point></Placemark>
<Placemark><name>1870142</name><description>AL01065015</description><styleUrl>#stPoste</styleUrl><Point><coordinates>-48.160107,-8.99734,0</coordinates></Point></Placemark>
<Placemark><name>1870148</name><description>AL01065015</description><styleUrl>#stPoste</styleUrl><Point><coordinates>-48.164992,-8.991506,0</coordinates></Point></Placemark>
<Placemark><name>1870151</name><description>AL01065015</description><styleUrl>#stPoste</styleUrl><Point><coordinates>-48.162136,-8.994837,0</coordinates></Point></Placemark>
<Placemark><name>1870295</name><description>AL01065015</description><styleUrl>#stPoste</styleUrl><Point><coordinates>-48.166535,-8.99572,0</coordinates></Point></Placemark>
<Placemark><name>1870596</name><description>AL01065015</description><styleUrl>#stPoste</styleUrl><Point><coordinates>-48.161446,-8.996159,0</coordinates></Point></Placemark>
<Placemark><name>1886928</name><description>AL01065015</description><styleUrl>#stPoste</styleUrl><Point><coordinates>-48.172615,-8.983553,0</coordinates></Point></Placemark>
<Placemark><name>28486424</name><description>AL01065015</description><styleUrl>#stPoste</styleUrl><Point><coordinates>-48.156895,-8.992512,0</coordinates></Point></Placemark>
<Placemark><name>35760448</name><description>AL01065015</description><styleUrl>#stPoste</styleUrl><Point><coordinates>-48.166184,-8.985652,0</coordinates></Point></Placemark>
<Placemark><name>40919383</name><description>AL01065015</description><styleUrl>#stPoste</styleUrl><Point><coordinates>-48.158494,-8.994289,0</coordinates></Point></Placemark>
<Placemark><name>49660114</name><description>AL01065015</description><styleUrl>#stPoste</styleUrl><Point><coordinates>-48.16742,-8.978228,0</coordinates></Point></Placemark>
<Placemark><name>53117250</name><description>AL01065015</description><styleUrl>#stPoste</styleUrl><Point><coordinates>-48.160364,-8.989664,0</coordinates></Point></Placemark>
<Placemark><name>54031420</name><description>AL01065015</description><styleUrl>#stPoste</styleUrl><Point><coordinates>-48.153026,-9.003978,0</coordinates></Point></Placemark>
<Placemark><name>64178294</name><description>AL01065015</description><styleUrl>#stPoste</styleUrl><Point><coordinates>-48.171773,-8.981193,0</coordinates></Point></Placemark>
<Placemark><name>938175</name><description>AL01065015</description><styleUrl>#stPoste</styleUrl><Point><coordinates>-48.172586,-8.983985,0</coordinates></Point></Placemark>
<Placemark><name>938176</name><description>AL01065015</description><styleUrl>#stPoste</styleUrl><Point><coordinates>-48.172376,-8.983903,0</coordinates></Point></Placemark>
<Placemark><name>938510</name><description>AL01065015</description><styleUrl>#stPoste</styleUrl><Point><coordinates>-48.166042,-8.987471,0</coordinates></Point></Placemark>
<Placemark><name>939187</name><description>AL01065015</description><styleUrl>#stPoste</styleUrl><Point><coordinates>-48.169681,-9.005896,0</coordinates></Point></Placemark>
<Placemark><name>951839</name><description>AL01065015</description><styleUrl>#stPoste</styleUrl><Point><coordinates>-48.168084,-8.997219,0</coordinates></Point></Placemark>
<Placemark><name>963690</name><description>AL01065015</description><styleUrl>#stPoste</styleUrl><Point><coordinates>-48.170174,-8.996067,0</coordinates></Point></Placemark>
<Placemark><name>963885</name><description>AL01065015</description><styleUrl>#stPoste</styleUrl><Point><coordinates>-48.167848,-8.996332,0</coordinates></Point></Placemark>
<Placemark><name>965396</name><description>AL01065015</description><styleUrl>#stPoste</styleUrl><Point><coordinates>-48.173272,-8.990114,0</coordinates></Point></Placemark>
<Placemark><name>970922</name><description>AL01065015</description><styleUrl>#stPoste</styleUrl><Point><coordinates>-48.169809,-8.980419,0</coordinates></Point></Placemark>
<Placemark><name>972561</name><description>AL01065015</description><styleUrl>#stPoste</styleUrl><Point><coordinates>-48.155492,-8.997204,0</coordinates></Point></Placemark>
<Placemark><name>972846</name><description>AL01065015</description><styleUrl>#stPoste</styleUrl><Point><coordinates>-48.165231,-8.988072,0</coordinates></Point></Placemark>
<Placemark><name>973217</name><description>AL01065015</description><styleUrl>#stPoste</styleUrl><Point><coordinates>-48.170162,-8.98615,0</coordinates></Point></Placemark>
<Placemark><name>973625</name><description>AL01065015</description><styleUrl>#stPoste</styleUrl><Point><coordinates>-48.168419,-8.981642,0</coordinates></Point></Placemark>
<Placemark><name>976899</name><description>AL01065015</description><styleUrl>#stPoste</styleUrl><Point><coordinates>-48.169571,-8.985997,0</coordinates></Point></Placemark>
<Placemark><name>980309</name><description>AL01065015</description><styleUrl>#stPoste</styleUrl><Point><coordinates>-48.16777,-8.995918,0</coordinates></Point></Placemark>
<Placemark><name>1068805</name><description>AL01065015</description><styleUrl>#stPoste</styleUrl><Point><coordinates>-48.161632,-8.990842,0</coordinates></Point></Placemark>
<Placemark><name>1087604</name><description>AL01065015</description><styleUrl>#stPoste</styleUrl><Point><coordinates>-48.154646,-8.995901,0</coordinates></Point></Placemark>
<Placemark><name>1095537</name><description>AL01065015</description><styleUrl>#stPoste</styleUrl><Point><coordinates>-48.153867,-9.000907,0</coordinates></Point></Placemark>
<Placemark><name>1095753</name><description>AL01065015</description><styleUrl>#stPoste</styleUrl><Point><coordinates>-48.160084,-8.992018,0</coordinates></Point></Placemark>
<Placemark><name>1289421</name><description>AL01065015</description><styleUrl>#stPoste</styleUrl><Point><coordinates>-48.163859,-8.996749,0</coordinates></Point></Placemark>
<Placemark><name>1290077</name><description>AL01065015</description><styleUrl>#stPoste</styleUrl><Point><coordinates>-48.160293,-8.995413,0</coordinates></Point></Placemark>
<Placemark><name>1455650</name><description>AL01065015</description><styleUrl>#stPoste</styleUrl><Point><coordinates>-48.174072,-8.979917,0</coordinates></Point></Placemark>
<Placemark><name>1783231</name><description>AL01065015</description><styleUrl>#stPoste</styleUrl><Point><coordinates>-48.17479,-9.003328,0</coordinates></Point></Placemark>
<Placemark><name>1783269</name><description>AL01065015</description><styleUrl>#stPoste</styleUrl><Point><coordinates>-48.170676,-9.002796,0</coordinates></Point></Placemark>
<Placemark><name>1783354</name><description>AL01065015</description><styleUrl>#stPoste</styleUrl><Point><coordinates>-48.165843,-8.983574,0</coordinates></Point></Placemark>
<Placemark><name>1783367</name><description>AL01065015</description><styleUrl>#stPoste</styleUrl><Point><coordinates>-48.165271,-8.980439,0</coordinates></Point></Placemark>
<Placemark><name>1783369</name><description>AL01065015</description><styleUrl>#stPoste</styleUrl><Point><coordinates>-48.165507,-8.980121,0</coordinates></Point></Placemark>
<Placemark><name>1783409</name><description>AL01065015</description><styleUrl>#stPoste</styleUrl><Point><coordinates>-48.157395,-8.991352,0</coordinates></Point></Placemark>
<Placemark><name>1783543</name><description>AL01065015</description><styleUrl>#stPoste</styleUrl><Point><coordinates>-48.161801,-8.98965,0</coordinates></Point></Placemark>
<Placemark><name>1783949</name><description>AL01065015</description><styleUrl>#stPoste</styleUrl><Point><coordinates>-48.157788,-8.99377,0</coordinates></Point></Placemark>
<Placemark><name>1784284</name><description>AL01065015</description><styleUrl>#stPoste</styleUrl><Point><coordinates>-48.160621,-8.994604,0</coordinates></Point></Placemark>
<Placemark><name>1792055</name><description>AL01065015</description><styleUrl>#stPoste</styleUrl><Point><coordinates>-48.168816,-9.003582,0</coordinates></Point></Placemark>
<Placemark><name>1792069</name><description>AL01065015</description><styleUrl>#stPoste</styleUrl><Point><coordinates>-48.16943,-9.007259,0</coordinates></Point></Placemark>
<Placemark><name>1792162</name><description>AL01065015</description><styleUrl>#stPoste</styleUrl><Point><coordinates>-48.169037,-8.995278,0</coordinates></Point></Placemark>
<Placemark><name>1792221</name><description>AL01065015</description><styleUrl>#stPoste</styleUrl><Point><coordinates>-48.171664,-8.993794,0</coordinates></Point></Placemark>
<Placemark><name>1792233</name><description>AL01065015</description><styleUrl>#stPoste</styleUrl><Point><coordinates>-48.172766,-8.99409,0</coordinates></Point></Placemark>
<Placemark><name>1792334</name><description>AL01065015</description><styleUrl>#stPoste</styleUrl><Point><coordinates>-48.170488,-8.995097,0</coordinates></Point></Placemark>
<Placemark><name>1792400</name><description>AL01065015</description><styleUrl>#stPoste</styleUrl><Point><coordinates>-48.174964,-9.006524,0</coordinates></Point></Placemark>
<Placemark><name>1792432</name><description>AL01065015</description><styleUrl>#stPoste</styleUrl><Point><coordinates>-48.169871,-9.001861,0</coordinates></Point></Placemark>
<Placemark><name>1793189</name><description>AL01065015</description><styleUrl>#stPoste</styleUrl><Point><coordinates>-48.168374,-8.979201,0</coordinates></Point></Placemark>
<Placemark><name>1793494</name><description>AL01065015</description><styleUrl>#stPoste</styleUrl><Point><coordinates>-48.16829,-8.983266,0</coordinates></Point></Placemark>
<Placemark><name>1793715</name><description>AL01065015</description><styleUrl>#stPoste</styleUrl><Point><coordinates>-48.167871,-8.977381,0</coordinates></Point></Placemark>
<Placemark><name>1794394</name><description>AL01065015</description><styleUrl>#stPoste</styleUrl><Point><coordinates>-48.170578,-9.006813,0</coordinates></Point></Placemark>
<Placemark><name>1794456</name><description>AL01065015</description><styleUrl>#stPoste</styleUrl><Point><coordinates>-48.169573,-8.999165,0</coordinates></Point></Placemark>
<Placemark><name>1799282</name><description>AL01065015</description><styleUrl>#stPoste</styleUrl><Point><coordinates>-48.170257,-9.005745,0</coordinates></Point></Placemark>
<Placemark><name>1820448</name><description>AL01065015</description><styleUrl>#stPoste</styleUrl><Point><coordinates>-48.155217,-8.993978,0</coordinates></Point></Placemark>
<Placemark><name>1825087</name><description>AL01065015</description><styleUrl>#stPoste</styleUrl><Point><coordinates>-48.154908,-8.998125,0</coordinates></Point></Placemark>
<Placemark><name>1825378</name><description>AL01065015</description><styleUrl>#stPoste</styleUrl><Point><coordinates>-48.151516,-9.00179,0</coordinates></Point></Placemark>
<Placemark><name>1870149</name><description>AL01065015</description><styleUrl>#stPoste</styleUrl><Point><coordinates>-48.164046,-8.991661,0</coordinates></Point></Placemark>
<Placemark><name>1871000</name><description>AL01065015</description><styleUrl>#stPoste</styleUrl><Point><coordinates>-48.162611,-8.998618,0</coordinates></Point></Placemark>
<Placemark><name>1871005</name><description>AL01065015</description><styleUrl>#stPoste</styleUrl><Point><coordinates>-48.164859,-8.995483,0</coordinates></Point></Placemark>
<Placemark><name>1871006</name><description>AL01065015</description><styleUrl>#stPoste</styleUrl><Point><coordinates>-48.165772,-8.996531,0</coordinates></Point></Placemark>
<Placemark><name>1879879</name><description>AL01065015</description><styleUrl>#stPoste</styleUrl><Point><coordinates>-48.167874,-8.982486,0</coordinates></Point></Placemark>
<Placemark><name>35631812</name><description>AL01065015</description><styleUrl>#stPoste</styleUrl><Point><coordinates>-48.156576,-8.994732,0</coordinates></Point></Placemark>
<Placemark><name>38435878</name><description>AL01065015</description><styleUrl>#stPoste</styleUrl><Point><coordinates>-48.171049,-8.980705,0</coordinates></Point></Placemark>
<Placemark><name>47745151</name><description>AL01065015</description><styleUrl>#stPoste</styleUrl><Point><coordinates>-48.150704,-9.002495,0</coordinates></Point></Placemark>
<Placemark><name>56419124</name><description>AL01065015</description><styleUrl>#stPoste</styleUrl><Point><coordinates>-48.166874,-8.98593,0</coordinates></Point></Placemark>
<Placemark><name>56543497</name><description>AL01065015</description><styleUrl>#stPoste</styleUrl><Point><coordinates>-48.173045,-8.982482,0</coordinates></Point></Placemark>
<Placemark><name>64178329</name><description>AL01065015</description><styleUrl>#stPoste</styleUrl><Point><coordinates>-48.171014,-8.980821,0</coordinates></Point></Placemark>
<Placemark><name>64178390</name><description>AL01065015</description><styleUrl>#stPoste</styleUrl><Point><coordinates>-48.168867,-8.980744,0</coordinates></Point></Placemark>
<Placemark><name>99538</name><description>AL01065015</description><styleUrl>#stPoste</styleUrl><Point><coordinates>-48.172096,-8.981532,0</coordinates></Point></Placemark>
<Placemark><name>938401</name><description>AL01065015</description><styleUrl>#stPoste</styleUrl><Point><coordinates>-48.175674,-9.004768,0</coordinates></Point></Placemark>
<Placemark><name>938699</name><description>AL01065015</description><styleUrl>#stPoste</styleUrl><Point><coordinates>-48.171511,-8.997949,0</coordinates></Point></Placemark>
<Placemark><name>938700</name><description>AL01065015</description><styleUrl>#stPoste</styleUrl><Point><coordinates>-48.171664,-8.998141,0</coordinates></Point></Placemark>
<Placemark><name>941464</name><description>AL01065015</description><styleUrl>#stPoste</styleUrl><Point><coordinates>-48.170388,-8.992823,0</coordinates></Point></Placemark>
<Placemark><name>963034</name><description>AL01065015</description><styleUrl>#stPoste</styleUrl><Point><coordinates>-48.172543,-8.992401,0</coordinates></Point></Placemark>
<Placemark><name>963713</name><description>AL01065015</description><styleUrl>#stPoste</styleUrl><Point><coordinates>-48.171472,-8.996917,0</coordinates></Point></Placemark>
<Placemark><name>964706</name><description>AL01065015</description><styleUrl>#stPoste</styleUrl><Point><coordinates>-48.17603,-9.005785,0</coordinates></Point></Placemark>
<Placemark><name>964873</name><description>AL01065015</description><styleUrl>#stPoste</styleUrl><Point><coordinates>-48.168694,-9.000951,0</coordinates></Point></Placemark>
<Placemark><name>968262</name><description>AL01065015</description><styleUrl>#stPoste</styleUrl><Point><coordinates>-48.17107,-8.98161,0</coordinates></Point></Placemark>
<Placemark><name>970913</name><description>AL01065015</description><styleUrl>#stPoste</styleUrl><Point><coordinates>-48.173535,-8.982702,0</coordinates></Point></Placemark>
<Placemark><name>1095534</name><description>AL01065015</description><styleUrl>#stPoste</styleUrl><Point><coordinates>-48.159832,-8.992459,0</coordinates></Point></Placemark>
<Placemark><name>1095536</name><description>AL01065015</description><styleUrl>#stPoste</styleUrl><Point><coordinates>-48.156055,-8.996507,0</coordinates></Point></Placemark>
<Placemark><name>1291050</name><description>AL01065015</description><styleUrl>#stPoste</styleUrl><Point><coordinates>-48.165369,-8.996006,0</coordinates></Point></Placemark>
<Placemark><name>1291052</name><description>AL01065015</description><styleUrl>#stPoste</styleUrl><Point><coordinates>-48.16389,-8.996109,0</coordinates></Point></Placemark>
<Placemark><name>1291054</name><description>AL01065015</description><styleUrl>#stPoste</styleUrl><Point><coordinates>-48.163656,-8.996333,0</coordinates></Point></Placemark>
<Placemark><name>1291055</name><description>AL01065015</description><styleUrl>#stPoste</styleUrl><Point><coordinates>-48.164466,-8.995604,0</coordinates></Point></Placemark>
<Placemark><name>1385250</name><description>AL01065015</description><styleUrl>#stPoste</styleUrl><Point><coordinates>-48.167127,-8.98413,0</coordinates></Point></Placemark>
<Placemark><name>1783114</name><description>AL01065015</description><styleUrl>#stPoste</styleUrl><Point><coordinates>-48.165023,-8.982319,0</coordinates></Point></Placemark>
<Placemark><name>1783140</name><description>AL01065015</description><styleUrl>#stPoste</styleUrl><Point><coordinates>-48.156992,-8.994805,0</coordinates></Point></Placemark>
<Placemark><name>1783412</name><description>AL01065015</description><styleUrl>#stPoste</styleUrl><Point><coordinates>-48.158852,-8.992147,0</coordinates></Point></Placemark>
<Placemark><name>1783455</name><description>AL01065015</description><styleUrl>#stPoste</styleUrl><Point><coordinates>-48.171955,-8.978555,0</coordinates></Point></Placemark>
<Placemark><name>1783517</name><description>AL01065015</description><styleUrl>#stPoste</styleUrl><Point><coordinates>-48.173472,-8.999166,0</coordinates></Point></Placemark>
<Placemark><name>1783550</name><description>AL01065015</description><styleUrl>#stPoste</styleUrl><Point><coordinates>-48.158703,-8.992475,0</coordinates></Point></Placemark>
<Placemark><name>1783605</name><description>AL01065015</description><styleUrl>#stPoste</styleUrl><Point><coordinates>-48.167212,-8.999663,0</coordinates></Point></Placemark>
<Placemark><name>1783671</name><description>AL01065015</description><styleUrl>#stPoste</styleUrl><Point><coordinates>-48.170009,-8.999657,0</coordinates></Point></Placemark>
<Placemark><name>1783829</name><description>AL01065015</description><styleUrl>#stPoste</styleUrl><Point><coordinates>-48.173363,-8.996944,0</coordinates></Point></Placemark>
<Placemark><name>1783854</name><description>AL01065015</description><styleUrl>#stPoste</styleUrl><Point><coordinates>-48.168465,-8.99677,0</coordinates></Point></Placemark>
<Placemark><name>1784038</name><description>AL01065015</description><styleUrl>#stPoste</styleUrl><Point><coordinates>-48.174351,-8.998979,0</coordinates></Point></Placemark>
<Placemark><name>1784040</name><description>AL01065015</description><styleUrl>#stPoste</styleUrl><Point><coordinates>-48.174147,-8.998138,0</coordinates></Point></Placemark>
<Placemark><name>1791854</name><description>AL01065015</description><styleUrl>#stPoste</styleUrl><Point><coordinates>-48.169633,-9.001347,0</coordinates></Point></Placemark>
<Placemark><name>1792170</name><description>AL01065015</description><styleUrl>#stPoste</styleUrl><Point><coordinates>-48.173055,-8.994024,0</coordinates></Point></Placemark>
<Placemark><name>1792271</name><description>AL01065015</description><styleUrl>#stPoste</styleUrl><Point><coordinates>-48.171731,-8.992672,0</coordinates></Point></Placemark>
<Placemark><name>1792465</name><description>AL01065015</description><styleUrl>#stPoste</styleUrl><Point><coordinates>-48.174885,-9.005599,0</coordinates></Point></Placemark>
<Placemark><name>1792467</name><description>AL01065015</description><styleUrl>#stPoste</styleUrl><Point><coordinates>-48.175563,-9.005364,0</coordinates></Point></Placemark>
<Placemark><name>1792903</name><description>AL01065015</description><styleUrl>#stPoste</styleUrl><Point><coordinates>-48.167967,-8.97965,0</coordinates></Point></Placemark>
<Placemark><name>1793101</name><description>AL01065015</description><styleUrl>#stPoste</styleUrl><Point><coordinates>-48.170054,-8.979575,0</coordinates></Point></Placemark>
<Placemark><name>1793107</name><description>AL01065015</description><styleUrl>#stPoste</styleUrl><Point><coordinates>-48.170397,-8.980759,0</coordinates></Point></Placemark>
<Placemark><name>1793719</name><description>AL01065015</description><styleUrl>#stPoste</styleUrl><Point><coordinates>-48.169848,-8.979523,0</coordinates></Point></Placemark>
<Placemark><name>1793863</name><description>AL01065015</description><styleUrl>#stPoste</styleUrl><Point><coordinates>-48.169075,-8.980436,0</coordinates></Point></Placemark>
<Placemark><name>1794359</name><description>AL01065015</description><styleUrl>#stPoste</styleUrl><Point><coordinates>-48.154025,-9.000548,0</coordinates></Point></Placemark>
<Placemark><name>1794781</name><description>AL01065015</description><styleUrl>#stPoste</styleUrl><Point><coordinates>-48.155191,-8.999698,0</coordinates></Point></Placemark>
<Placemark><name>1794805</name><description>AL01065015</description><styleUrl>#stPoste</styleUrl><Point><coordinates>-48.16892,-8.995937,0</coordinates></Point></Placemark>
<Placemark><name>1799193</name><description>AL01065015</description><styleUrl>#stPoste</styleUrl><Point><coordinates>-48.152352,-9.001156,0</coordinates></Point></Placemark>
<Placemark><name>1799287</name><description>AL01065015</description><styleUrl>#stPoste</styleUrl><Point><coordinates>-48.170597,-9.005147,0</coordinates></Point></Placemark>
<Placemark><name>1825089</name><description>AL01065015</description><styleUrl>#stPoste</styleUrl><Point><coordinates>-48.154203,-8.997818,0</coordinates></Point></Placemark>
<Placemark><name>1825104</name><description>AL01065015</description><styleUrl>#stPoste</styleUrl><Point><coordinates>-48.153446,-9.003069,0</coordinates></Point></Placemark>
<Placemark><name>1825516</name><description>AL01065015</description><styleUrl>#stPoste</styleUrl><Point><coordinates>-48.152848,-8.998171,0</coordinates></Point></Placemark>
<Placemark><name>1870014</name><description>AL01065015</description><styleUrl>#stPoste</styleUrl><Point><coordinates>-48.164503,-8.998335,0</coordinates></Point></Placemark>
<Placemark><name>1870022</name><description>AL01065015</description><styleUrl>#stPoste</styleUrl><Point><coordinates>-48.163472,-8.998636,0</coordinates></Point></Placemark>
<Placemark><name>1870084</name><description>AL01065015</description><styleUrl>#stPoste</styleUrl><Point><coordinates>-48.16504,-8.992508,0</coordinates></Point></Placemark>
<Placemark><name>1870099</name><description>AL01065015</description><styleUrl>#stPoste</styleUrl><Point><coordinates>-48.160695,-8.997199,0</coordinates></Point></Placemark>
<Placemark><name>1870104</name><description>AL01065015</description><styleUrl>#stPoste</styleUrl><Point><coordinates>-48.163767,-8.993689,0</coordinates></Point></Placemark>
<Placemark><name>1885943</name><description>AL01065015</description><styleUrl>#stPoste</styleUrl><Point><coordinates>-48.164644,-8.990759,0</coordinates></Point></Placemark>
<Placemark><name>1888998</name><description>AL01065015</description><styleUrl>#stPoste</styleUrl><Point><coordinates>-48.166679,-8.979178,0</coordinates></Point></Placemark>
<Placemark><name>35631796</name><description>AL01065015</description><styleUrl>#stPoste</styleUrl><Point><coordinates>-48.156258,-8.996908,0</coordinates></Point></Placemark>
<Placemark><name>38436015</name><description>AL01065015</description><styleUrl>#stPoste</styleUrl><Point><coordinates>-48.170516,-8.981023,0</coordinates></Point></Placemark>
<Placemark><name>47577714</name><description>AL01065015</description><styleUrl>#stPoste</styleUrl><Point><coordinates>-48.150868,-9.002225,0</coordinates></Point></Placemark>
<Placemark><name>53117249</name><description>AL01065015</description><styleUrl>#stPoste</styleUrl><Point><coordinates>-48.160711,-8.989555,0</coordinates></Point></Placemark>
<Placemark><name>53117255</name><description>AL01065015</description><styleUrl>#stPoste</styleUrl><Point><coordinates>-48.158712,-8.98936,0</coordinates></Point></Placemark>
<Placemark><name>64178227</name><description>AL01065015</description><styleUrl>#stPoste</styleUrl><Point><coordinates>-48.173423,-8.981796,0</coordinates></Point></Placemark>
<Placemark><name>64178360</name><description>AL01065015</description><styleUrl>#stPoste</styleUrl><Point><coordinates>-48.169843,-8.980909,0</coordinates></Point></Placemark>
<Placemark><name>938418</name><description>AL01065015</description><styleUrl>#stPoste</styleUrl><Point><coordinates>-48.171212,-8.997584,0</coordinates></Point></Placemark>
<Placemark><name>938514</name><description>AL01065015</description><styleUrl>#stPoste</styleUrl><Point><coordinates>-48.170326,-8.985827,0</coordinates></Point></Placemark>
<Placemark><name>967767</name><description>AL01065015</description><styleUrl>#stPoste</styleUrl><Point><coordinates>-48.172826,-8.984522,0</coordinates></Point></Placemark>
<Placemark><name>970909</name><description>AL01065015</description><styleUrl>#stPoste</styleUrl><Point><coordinates>-48.172844,-8.979643,0</coordinates></Point></Placemark>
<Placemark><name>974339</name><description>AL01065015</description><styleUrl>#stPoste</styleUrl><Point><coordinates>-48.168494,-8.985112,0</coordinates></Point></Placemark>
<Placemark><name>1080173</name><description>AL01065015</description><styleUrl>#stPoste</styleUrl><Point><coordinates>-48.171873,-8.98247,0</coordinates></Point></Placemark>
<Placemark><name>1290057</name><description>AL01065015</description><styleUrl>#stPoste</styleUrl><Point><coordinates>-48.162317,-8.993994,0</coordinates></Point></Placemark>
<Placemark><name>1290062</name><description>AL01065015</description><styleUrl>#stPoste</styleUrl><Point><coordinates>-48.164915,-8.995591,0</coordinates></Point></Placemark>
<Placemark><name>1290080</name><description>AL01065015</description><styleUrl>#stPoste</styleUrl><Point><coordinates>-48.163042,-8.993465,0</coordinates></Point></Placemark>
<Placemark><name>1455341</name><description>AL01065015</description><styleUrl>#stPoste</styleUrl><Point><coordinates>-48.16816,-8.980969,0</coordinates></Point></Placemark>
<Placemark><name>1783238</name><description>AL01065015</description><styleUrl>#stPoste</styleUrl><Point><coordinates>-48.175203,-9.004343,0</coordinates></Point></Placemark>
<Placemark><name>1783261</name><description>AL01065015</description><styleUrl>#stPoste</styleUrl><Point><coordinates>-48.168771,-8.997578,0</coordinates></Point></Placemark>
<Placemark><name>1783304</name><description>AL01065015</description><styleUrl>#stPoste</styleUrl><Point><coordinates>-48.171915,-8.9853,0</coordinates></Point></Placemark>
<Placemark><name>1783408</name><description>AL01065015</description><styleUrl>#stPoste</styleUrl><Point><coordinates>-48.157144,-8.991261,0</coordinates></Point></Placemark>
<Placemark><name>1783435</name><description>AL01065015</description><styleUrl>#stPoste</styleUrl><Point><coordinates>-48.172159,-8.998362,0</coordinates></Point></Placemark>
<Placemark><name>1783842</name><description>AL01065015</description><styleUrl>#stPoste</styleUrl><Point><coordinates>-48.169831,-8.983936,0</coordinates></Point></Placemark>
<Placemark><name>1792163</name><description>AL01065015</description><styleUrl>#stPoste</styleUrl><Point><coordinates>-48.169109,-8.995095,0</coordinates></Point></Placemark>
<Placemark><name>1792281</name><description>AL01065015</description><styleUrl>#stPoste</styleUrl><Point><coordinates>-48.170446,-8.995852,0</coordinates></Point></Placemark>
<Placemark><name>1792468</name><description>AL01065015</description><styleUrl>#stPoste</styleUrl><Point><coordinates>-48.175984,-9.005219,0</coordinates></Point></Placemark>
<Placemark><name>1792474</name><description>AL01065015</description><styleUrl>#stPoste</styleUrl><Point><coordinates>-48.176113,-9.004574,0</coordinates></Point></Placemark>
<Placemark><name>1792687</name><description>AL01065015</description><styleUrl>#stPoste</styleUrl><Point><coordinates>-48.169388,-8.977784,0</coordinates></Point></Placemark>
<Placemark><name>1792689</name><description>AL01065015</description><styleUrl>#stPoste</styleUrl><Point><coordinates>-48.169344,-8.980196,0</coordinates></Point></Placemark>
<Placemark><name>1792911</name><description>AL01065015</description><styleUrl>#stPoste</styleUrl><Point><coordinates>-48.16681,-8.978902,0</coordinates></Point></Placemark>
<Placemark><name>1793015</name><description>AL01065015</description><styleUrl>#stPoste</styleUrl><Point><coordinates>-48.168444,-8.97989,0</coordinates></Point></Placemark>
<Placemark><name>1793187</name><description>AL01065015</description><styleUrl>#stPoste</styleUrl><Point><coordinates>-48.16637,-8.979654,0</coordinates></Point></Placemark>
<Placemark><name>1793204</name><description>AL01065015</description><styleUrl>#stPoste</styleUrl><Point><coordinates>-48.173199,-8.982098,0</coordinates></Point></Placemark>
<Placemark><name>1793360</name><description>AL01065015</description><styleUrl>#stPoste</styleUrl><Point><coordinates>-48.173719,-8.981164,0</coordinates></Point></Placemark>
<Placemark><name>1793549</name><description>AL01065015</description><styleUrl>#stPoste</styleUrl><Point><coordinates>-48.167173,-8.977781,0</coordinates></Point></Placemark>
<Placemark><name>1793637</name><description>AL01065015</description><styleUrl>#stPoste</styleUrl><Point><coordinates>-48.166845,-8.980594,0</coordinates></Point></Placemark>
<Placemark><name>1793638</name><description>AL01065015</description><styleUrl>#stPoste</styleUrl><Point><coordinates>-48.171079,-8.979054,0</coordinates></Point></Placemark>
<Placemark><name>1794397</name><description>AL01065015</description><styleUrl>#stPoste</styleUrl><Point><coordinates>-48.169929,-9.007196,0</coordinates></Point></Placemark>
<Placemark><name>1794802</name><description>AL01065015</description><styleUrl>#stPoste</styleUrl><Point><coordinates>-48.168136,-8.995896,0</coordinates></Point></Placemark>
<Placemark><name>1799223</name><description>AL01065015</description><styleUrl>#stPoste</styleUrl><Point><coordinates>-48.170439,-9.006286,0</coordinates></Point></Placemark>
<Placemark><name>1799351</name><description>AL01065015</description><styleUrl>#stPoste</styleUrl><Point><coordinates>-48.168989,-9.000907,0</coordinates></Point></Placemark>
<Placemark><name>1820587</name><description>AL01065015</description><styleUrl>#stPoste</styleUrl><Point><coordinates>-48.154831,-8.99559,0</coordinates></Point></Placemark>
<Placemark><name>1824988</name><description>AL01065015</description><styleUrl>#stPoste</styleUrl><Point><coordinates>-48.153774,-8.996209,0</coordinates></Point></Placemark>
<Placemark><name>1825100</name><description>AL01065015</description><styleUrl>#stPoste</styleUrl><Point><coordinates>-48.154231,-9.00128,0</coordinates></Point></Placemark>
<Placemark><name>1825368</name><description>AL01065015</description><styleUrl>#stPoste</styleUrl><Point><coordinates>-48.154063,-9.001656,0</coordinates></Point></Placemark>
<Placemark><name>1870092</name><description>AL01065015</description><styleUrl>#stPoste</styleUrl><Point><coordinates>-48.165187,-8.991808,0</coordinates></Point></Placemark>
<Placemark><name>1870144</name><description>AL01065015</description><styleUrl>#stPoste</styleUrl><Point><coordinates>-48.162035,-8.997105,0</coordinates></Point></Placemark>
<Placemark><name>26533200</name><description>AL01065015</description><styleUrl>#stPoste</styleUrl><Point><coordinates>-48.152272,-8.99692,0</coordinates></Point></Placemark>
<Placemark><name>26533209</name><description>AL01065015</description><styleUrl>#stPoste</styleUrl><Point><coordinates>-48.151447,-8.997627,0</coordinates></Point></Placemark>
<Placemark><name>49977866</name><description>AL01065015</description><styleUrl>#stPoste</styleUrl><Point><coordinates>-48.167602,-8.981393,0</coordinates></Point></Placemark>
<Placemark><name>108267</name><description>AL01065015</description><styleUrl>#stPoste</styleUrl><Point><coordinates>-48.166015,-8.984118,0</coordinates></Point></Placemark>
<Placemark><name>121418</name><description>AL01065015</description><styleUrl>#stPoste</styleUrl><Point><coordinates>-48.17123,-8.981668,0</coordinates></Point></Placemark>
<Placemark><name>527941</name><description>AL01065015</description><styleUrl>#stPoste</styleUrl><Point><coordinates>-48.171848,-8.996828,0</coordinates></Point></Placemark>
<Placemark><name>527946</name><description>AL01065015</description><styleUrl>#stPoste</styleUrl><Point><coordinates>-48.168609,-9.000113,0</coordinates></Point></Placemark>
<Placemark><name>527948</name><description>AL01065015</description><styleUrl>#stPoste</styleUrl><Point><coordinates>-48.168548,-8.997253,0</coordinates></Point></Placemark>
<Placemark><name>527953</name><description>AL01065015</description><styleUrl>#stPoste</styleUrl><Point><coordinates>-48.169024,-9.005351,0</coordinates></Point></Placemark>
<Placemark><name>937840</name><description>AL01065015</description><styleUrl>#stPoste</styleUrl><Point><coordinates>-48.170837,-8.983335,0</coordinates></Point></Placemark>
<Placemark><name>938586</name><description>AL01065015</description><styleUrl>#stPoste</styleUrl><Point><coordinates>-48.157803,-8.992381,0</coordinates></Point></Placemark>
<Placemark><name>939163</name><description>AL01065015</description><styleUrl>#stPoste</styleUrl><Point><coordinates>-48.168722,-9.000737,0</coordinates></Point></Placemark>
<Placemark><name>963710</name><description>AL01065015</description><styleUrl>#stPoste</styleUrl><Point><coordinates>-48.171228,-8.996329,0</coordinates></Point></Placemark>
<Placemark><name>963714</name><description>AL01065015</description><styleUrl>#stPoste</styleUrl><Point><coordinates>-48.17109,-8.997008,0</coordinates></Point></Placemark>
<Placemark><name>965395</name><description>AL01065015</description><styleUrl>#stPoste</styleUrl><Point><coordinates>-48.173704,-8.991227,0</coordinates></Point></Placemark>
<Placemark><name>968904</name><description>AL01065015</description><styleUrl>#stPoste</styleUrl><Point><coordinates>-48.171781,-8.981867,0</coordinates></Point></Placemark>
<Placemark><name>970286</name><description>AL01065015</description><styleUrl>#stPoste</styleUrl><Point><coordinates>-48.169594,-8.981715,0</coordinates></Point></Placemark>
<Placemark><name>974340</name><description>AL01065015</description><styleUrl>#stPoste</styleUrl><Point><coordinates>-48.16839,-8.985399,0</coordinates></Point></Placemark>
<Placemark><name>976527</name><description>AL01065015</description><styleUrl>#stPoste</styleUrl><Point><coordinates>-48.169131,-8.983273,0</coordinates></Point></Placemark>
<Placemark><name>976897</name><description>AL01065015</description><styleUrl>#stPoste</styleUrl><Point><coordinates>-48.169067,-8.985866,0</coordinates></Point></Placemark>
<Placemark><name>1087011</name><description>AL01065015</description><styleUrl>#stPoste</styleUrl><Point><coordinates>-48.166354,-8.998693,0</coordinates></Point></Placemark>
<Placemark><name>1783363</name><description>AL01065015</description><styleUrl>#stPoste</styleUrl><Point><coordinates>-48.166989,-8.983523,0</coordinates></Point></Placemark>
<Placemark><name>1783368</name><description>AL01065015</description><styleUrl>#stPoste</styleUrl><Point><coordinates>-48.170281,-8.98468,0</coordinates></Point></Placemark>
<Placemark><name>1783387</name><description>AL01065015</description><styleUrl>#stPoste</styleUrl><Point><coordinates>-48.168696,-8.996167,0</coordinates></Point></Placemark>
<Placemark><name>1783432</name><description>AL01065015</description><styleUrl>#stPoste</styleUrl><Point><coordinates>-48.173953,-8.978608,0</coordinates></Point></Placemark>
<Placemark><name>1783451</name><description>AL01065015</description><styleUrl>#stPoste</styleUrl><Point><coordinates>-48.172024,-9.000058,0</coordinates></Point></Placemark>
<Placemark><name>1783579</name><description>AL01065015</description><styleUrl>#stPoste</styleUrl><Point><coordinates>-48.168993,-8.993783,0</coordinates></Point></Placemark>
<Placemark><name>1783603</name><description>AL01065015</description><styleUrl>#stPoste</styleUrl><Point><coordinates>-48.169927,-9.002899,0</coordinates></Point></Placemark>
<Placemark><name>1783685</name><description>AL01065015</description><styleUrl>#stPoste</styleUrl><Point><coordinates>-48.155764,-8.994225,0</coordinates></Point></Placemark>
<Placemark><name>1783777</name><description>AL01065015</description><styleUrl>#stPoste</styleUrl><Point><coordinates>-48.169243,-8.984406,0</coordinates></Point></Placemark>
<Placemark><name>1791973</name><description>AL01065015</description><styleUrl>#stPoste</styleUrl><Point><coordinates>-48.169596,-9.002945,0</coordinates></Point></Placemark>
<Placemark><name>1791988</name><description>AL01065015</description><styleUrl>#stPoste</styleUrl><Point><coordinates>-48.166689,-9.000919,0</coordinates></Point></Placemark>
<Placemark><name>1791992</name><description>AL01065015</description><styleUrl>#stPoste</styleUrl><Point><coordinates>-48.169561,-9.001907,0</coordinates></Point></Placemark>
<Placemark><name>1792052</name><description>AL01065015</description><styleUrl>#stPoste</styleUrl><Point><coordinates>-48.167513,-9.00191,0</coordinates></Point></Placemark>
<Placemark><name>1792070</name><description>AL01065015</description><styleUrl>#stPoste</styleUrl><Point><coordinates>-48.165391,-9.001839,0</coordinates></Point></Placemark>
<Placemark><name>1792093</name><description>AL01065015</description><styleUrl>#stPoste</styleUrl><Point><coordinates>-48.168695,-8.995262,0</coordinates></Point></Placemark>
<Placemark><name>1792215</name><description>AL01065015</description><styleUrl>#stPoste</styleUrl><Point><coordinates>-48.170599,-8.994577,0</coordinates></Point></Placemark>
<Placemark><name>1792240</name><description>AL01065015</description><styleUrl>#stPoste</styleUrl><Point><coordinates>-48.172064,-8.992598,0</coordinates></Point></Placemark>
<Placemark><name>1792251</name><description>AL01065015</description><styleUrl>#stPoste</styleUrl><Point><coordinates>-48.171415,-8.980311,0</coordinates></Point></Placemark>
<Placemark><name>1792910</name><description>AL01065015</description><styleUrl>#stPoste</styleUrl><Point><coordinates>-48.166907,-8.97869,0</coordinates></Point></Placemark>
<Placemark><name>1792930</name><description>AL01065015</description><styleUrl>#stPoste</styleUrl><Point><coordinates>-48.170019,-8.984034,0</coordinates></Point></Placemark>
<Placemark><name>1793500</name><description>AL01065015</description><styleUrl>#stPoste</styleUrl><Point><coordinates>-48.169912,-8.982098,0</coordinates></Point></Placemark>
<Placemark><name>1793544</name><description>AL01065015</description><styleUrl>#stPoste</styleUrl><Point><coordinates>-48.168505,-8.977908,0</coordinates></Point></Placemark>
<Placemark><name>1793601</name><description>AL01065015</description><styleUrl>#stPoste</styleUrl><Point><coordinates>-48.168697,-8.981727,0</coordinates></Point></Placemark>
<Placemark><name>1793634</name><description>AL01065015</description><styleUrl>#stPoste</styleUrl><Point><coordinates>-48.166487,-8.977889,0</coordinates></Point></Placemark>
<Placemark><name>1793706</name><description>AL01065015</description><styleUrl>#stPoste</styleUrl><Point><coordinates>-48.169051,-8.978927,0</coordinates></Point></Placemark>
<Placemark><name>1793948</name><description>AL01065015</description><styleUrl>#stPoste</styleUrl><Point><coordinates>-48.165056,-8.980553,0</coordinates></Point></Placemark>
<Placemark><name>1794383</name><description>AL01065015</description><styleUrl>#stPoste</styleUrl><Point><coordinates>-48.174964,-8.977633,0</coordinates></Point></Placemark>
<Placemark><name>1799285</name><description>AL01065015</description><styleUrl>#stPoste</styleUrl><Point><coordinates>-48.171318,-9.005615,0</coordinates></Point></Placemark>
<Placemark><name>1820445</name><description>AL01065015</description><styleUrl>#stPoste</styleUrl><Point><coordinates>-48.155506,-8.993847,0</coordinates></Point></Placemark>
<Placemark><name>1825236</name><description>AL01065015</description><styleUrl>#stPoste</styleUrl><Point><coordinates>-48.153835,-9.000514,0</coordinates></Point></Placemark>
<Placemark><name>1825519</name><description>AL01065015</description><styleUrl>#stPoste</styleUrl><Point><coordinates>-48.152509,-8.998911,0</coordinates></Point></Placemark>
<Placemark><name>1861296</name><description>AL01065015</description><styleUrl>#stPoste</styleUrl><Point><coordinates>-48.165062,-8.98768,0</coordinates></Point></Placemark>
<Placemark><name>1870096</name><description>AL01065015</description><styleUrl>#stPoste</styleUrl><Point><coordinates>-48.163187,-8.992466,0</coordinates></Point></Placemark>
<Placemark><name>1870132</name><description>AL01065015</description><styleUrl>#stPoste</styleUrl><Point><coordinates>-48.161123,-8.997697,0</coordinates></Point></Placemark>
<Placemark><name>1870139</name><description>AL01065015</description><styleUrl>#stPoste</styleUrl><Point><coordinates>-48.164525,-8.990966,0</coordinates></Point></Placemark>
<Placemark><name>1870153</name><description>AL01065015</description><styleUrl>#stPoste</styleUrl><Point><coordinates>-48.162629,-8.992984,0</coordinates></Point></Placemark>
<Placemark><name>26533179</name><description>AL01065015</description><styleUrl>#stPoste</styleUrl><Point><coordinates>-48.153059,-8.9964,0</coordinates></Point></Placemark>
<Placemark><name>26533197</name><description>AL01065015</description><styleUrl>#stPoste</styleUrl><Point><coordinates>-48.152581,-8.99673,0</coordinates></Point></Placemark>
<Placemark><name>26533206</name><description>AL01065015</description><styleUrl>#stPoste</styleUrl><Point><coordinates>-48.151716,-8.997384,0</coordinates></Point></Placemark>
<Placemark><name>40919400</name><description>AL01065015</description><styleUrl>#stPoste</styleUrl><Point><coordinates>-48.158315,-8.994548,0</coordinates></Point></Placemark>
<Placemark><name>40919401</name><description>AL01065015</description><styleUrl>#stPoste</styleUrl><Point><coordinates>-48.157952,-8.995068,0</coordinates></Point></Placemark>
<Placemark><name>64178190</name><description>AL01065015</description><styleUrl>#stPoste</styleUrl><Point><coordinates>-48.173776,-8.980658,0</coordinates></Point></Placemark>
<Placemark><name>64178236</name><description>AL01065015</description><styleUrl>#stPoste</styleUrl><Point><coordinates>-48.173284,-8.981884,0</coordinates></Point></Placemark>
<Placemark><name>64178276</name><description>AL01065015</description><styleUrl>#stPoste</styleUrl><Point><coordinates>-48.172385,-8.981417,0</coordinates></Point></Placemark>
<Placemark><name>64178303</name><description>AL01065015</description><styleUrl>#stPoste</styleUrl><Point><coordinates>-48.171522,-8.981102,0</coordinates></Point></Placemark>
<Placemark><name>67218276</name><description>AL01065015</description><styleUrl>#stPoste</styleUrl><Point><coordinates>-48.160864,-8.990593,0</coordinates></Point></Placemark>
<Placemark><name>99541</name><description>AL01065015</description><styleUrl>#stPoste</styleUrl><Point><coordinates>-48.169797,-8.980715,0</coordinates></Point></Placemark>
<Placemark><name>136325</name><description>AL01065015</description><styleUrl>#stPoste</styleUrl><Point><coordinates>-48.162105,-8.983678,0</coordinates></Point></Placemark>
<Placemark><name>208999</name><description>AL01065015</description><styleUrl>#stPoste</styleUrl><Point><coordinates>-48.162113,-8.984713,0</coordinates></Point></Placemark>
<Placemark><name>306629</name><description>AL01065015</description><styleUrl>#stPoste</styleUrl><Point><coordinates>-48.160232,-8.99254,0</coordinates></Point></Placemark>
<Placemark><name>306631</name><description>AL01065015</description><styleUrl>#stPoste</styleUrl><Point><coordinates>-48.161418,-8.990462,0</coordinates></Point></Placemark>
<Placemark><name>527940</name><description>AL01065015</description><styleUrl>#stPoste</styleUrl><Point><coordinates>-48.169613,-8.993555,0</coordinates></Point></Placemark>
<Placemark><name>877827</name><description>AL01065015</description><styleUrl>#stPoste</styleUrl><Point><coordinates>-48.170081,-8.986424,0</coordinates></Point></Placemark>
<Placemark><name>952849</name><description>AL01065015</description><styleUrl>#stPoste</styleUrl><Point><coordinates>-48.168886,-9.002008,0</coordinates></Point></Placemark>
<Placemark><name>963692</name><description>AL01065015</description><styleUrl>#stPoste</styleUrl><Point><coordinates>-48.1702,-8.996569,0</coordinates></Point></Placemark>
<Placemark><name>964443</name><description>AL01065015</description><styleUrl>#stPoste</styleUrl><Point><coordinates>-48.168774,-8.976423,0</coordinates></Point></Placemark>
<Placemark><name>1290061</name><description>AL01065015</description><styleUrl>#stPoste</styleUrl><Point><coordinates>-48.164127,-8.995881,0</coordinates></Point></Placemark>
<Placemark><name>1436128</name><description>AL01065015</description><styleUrl>#stPoste</styleUrl><Point><coordinates>-48.172604,-8.980256,0</coordinates></Point></Placemark>
<Placemark><name>1783108</name><description>AL01065015</description><styleUrl>#stPoste</styleUrl><Point><coordinates>-48.165169,-8.983338,0</coordinates></Point></Placemark>
<Placemark><name>1783232</name><description>AL01065015</description><styleUrl>#stPoste</styleUrl><Point><coordinates>-48.175015,-9.003826,0</coordinates></Point></Placemark>
<Placemark><name>1783234</name><description>AL01065015</description><styleUrl>#stPoste</styleUrl><Point><coordinates>-48.174404,-9.004034,0</coordinates></Point></Placemark>
<Placemark><name>1783295</name><description>AL01065015</description><styleUrl>#stPoste</styleUrl><Point><coordinates>-48.168876,-8.985494,0</coordinates></Point></Placemark>
<Placemark><name>1783496</name><description>AL01065015</description><styleUrl>#stPoste</styleUrl><Point><coordinates>-48.161367,-8.989794,0</coordinates></Point></Placemark>
<Placemark><name>1783611</name><description>AL01065015</description><styleUrl>#stPoste</styleUrl><Point><coordinates>-48.169739,-9.003629,0</coordinates></Point></Placemark>
<Placemark><name>1783613</name><description>AL01065015</description><styleUrl>#stPoste</styleUrl><Point><coordinates>-48.169336,-9.003682,0</coordinates></Point></Placemark>
<Placemark><name>1783774</name><description>AL01065015</description><styleUrl>#stPoste</styleUrl><Point><coordinates>-48.165703,-8.984599,0</coordinates></Point></Placemark>
<Placemark><name>1783897</name><description>AL01065015</description><styleUrl>#stPoste</styleUrl><Point><coordinates>-48.170493,-9.003373,0</coordinates></Point></Placemark>
<Placemark><name>1784006</name><description>AL01065015</description><styleUrl>#stPoste</styleUrl><Point><coordinates>-48.157721,-8.993614,0</coordinates></Point></Placemark>
<Placemark><name>1792027</name><description>AL01065015</description><styleUrl>#stPoste</styleUrl><Point><coordinates>-48.168459,-8.97464,0</coordinates></Point></Placemark>
<Placemark><name>1792167</name><description>AL01065015</description><styleUrl>#stPoste</styleUrl><Point><coordinates>-48.172897,-8.993459,0</coordinates></Point></Placemark>
<Placemark><name>1792229</name><description>AL01065015</description><styleUrl>#stPoste</styleUrl><Point><coordinates>-48.172568,-8.995423,0</coordinates></Point></Placemark>
<Placemark><name>1792295</name><description>AL01065015</description><styleUrl>#stPoste</styleUrl><Point><coordinates>-48.172683,-8.980886,0</coordinates></Point></Placemark>
<Placemark><name>1792464</name><description>AL01065015</description><styleUrl>#stPoste</styleUrl><Point><coordinates>-48.176134,-9.006082,0</coordinates></Point></Placemark>
<Placemark><name>1792507</name><description>AL01065015</description><styleUrl>#stPoste</styleUrl><Point><coordinates>-48.17012,-9.000736,0</coordinates></Point></Placemark>
<Placemark><name>1792755</name><description>AL01065015</description><styleUrl>#stPoste</styleUrl><Point><coordinates>-48.171948,-8.98077,0</coordinates></Point></Placemark>
<Placemark><name>1792901</name><description>AL01065015</description><styleUrl>#stPoste</styleUrl><Point><coordinates>-48.16593,-8.978597,0</coordinates></Point></Placemark>
<Placemark><name>1793359</name><description>AL01065015</description><styleUrl>#stPoste</styleUrl><Point><coordinates>-48.17142,-8.979044,0</coordinates></Point></Placemark>
<Placemark><name>1793498</name><description>AL01065015</description><styleUrl>#stPoste</styleUrl><Point><coordinates>-48.170157,-8.981859,0</coordinates></Point></Placemark>
<Placemark><name>1793682</name><description>AL01065015</description><styleUrl>#stPoste</styleUrl><Point><coordinates>-48.172454,-8.982877,0</coordinates></Point></Placemark>
<Placemark><name>1793864</name><description>AL01065015</description><styleUrl>#stPoste</styleUrl><Point><coordinates>-48.169105,-8.980192,0</coordinates></Point></Placemark>
<Placemark><name>1794211</name><description>AL01065015</description><styleUrl>#stPoste</styleUrl><Point><coordinates>-48.167917,-8.982261,0</coordinates></Point></Placemark>
<Placemark><name>1794489</name><description>AL01065015</description><styleUrl>#stPoste</styleUrl><Point><coordinates>-48.174358,-8.978082,0</coordinates></Point></Placemark>
<Placemark><name>1799357</name><description>AL01065015</description><styleUrl>#stPoste</styleUrl><Point><coordinates>-48.169268,-9.000292,0</coordinates></Point></Placemark>
<Placemark><name>1801659</name><description>AL01065015</description><styleUrl>#stPoste</styleUrl><Point><coordinates>-48.169458,-8.978188,0</coordinates></Point></Placemark>
<Placemark><name>1820586</name><description>AL01065015</description><styleUrl>#stPoste</styleUrl><Point><coordinates>-48.155127,-8.99489,0</coordinates></Point></Placemark>
<Placemark><name>1825092</name><description>AL01065015</description><styleUrl>#stPoste</styleUrl><Point><coordinates>-48.153142,-8.997358,0</coordinates></Point></Placemark>
<Placemark><name>1825224</name><description>AL01065015</description><styleUrl>#stPoste</styleUrl><Point><coordinates>-48.153671,-8.999003,0</coordinates></Point></Placemark>
<Placemark><name>1825372</name><description>AL01065015</description><styleUrl>#stPoste</styleUrl><Point><coordinates>-48.151588,-9.000815,0</coordinates></Point></Placemark>
<Placemark><name>1825379</name><description>AL01065015</description><styleUrl>#stPoste</styleUrl><Point><coordinates>-48.151382,-9.002126,0</coordinates></Point></Placemark>
<Placemark><name>1825385</name><description>AL01065015</description><styleUrl>#stPoste</styleUrl><Point><coordinates>-48.151881,-9.002665,0</coordinates></Point></Placemark>
<Placemark><name>1870033</name><description>AL01065015</description><styleUrl>#stPoste</styleUrl><Point><coordinates>-48.164878,-8.995221,0</coordinates></Point></Placemark>
<Placemark><name>1870138</name><description>AL01065015</description><styleUrl>#stPoste</styleUrl><Point><coordinates>-48.164174,-8.992889,0</coordinates></Point></Placemark>
<Placemark><name>1870147</name><description>AL01065015</description><styleUrl>#stPoste</styleUrl><Point><coordinates>-48.161197,-8.996511,0</coordinates></Point></Placemark>
<Placemark><name>1870603</name><description>AL01065015</description><styleUrl>#stPoste</styleUrl><Point><coordinates>-48.160548,-8.996861,0</coordinates></Point></Placemark>
<Placemark><name>26533107</name><description>AL01065015</description><styleUrl>#stPoste</styleUrl><Point><coordinates>-48.154738,-8.997342,0</coordinates></Point></Placemark>
<Placemark><name>35279834</name><description>AL01065015</description><styleUrl>#stPoste</styleUrl><Point><coordinates>-48.17467,-8.99619,0</coordinates></Point></Placemark>
<Placemark><name>40919412</name><description>AL01065015</description><styleUrl>#stPoste</styleUrl><Point><coordinates>-48.156821,-8.995974,0</coordinates></Point></Placemark>
<Placemark><name>53117248</name><description>AL01065015</description><styleUrl>#stPoste</styleUrl><Point><coordinates>-48.161021,-8.989468,0</coordinates></Point></Placemark>
<Placemark><name>64178269</name><description>AL01065015</description><styleUrl>#stPoste</styleUrl><Point><coordinates>-48.172521,-8.981466,0</coordinates></Point></Placemark>
<Placemark><name>64178349</name><description>AL01065015</description><styleUrl>#stPoste</styleUrl><Point><coordinates>-48.170822,-8.981439,0</coordinates></Point></Placemark>
<Placemark><name>64178400</name><description>AL01065015</description><styleUrl>#stPoste</styleUrl><Point><coordinates>-48.168558,-8.980716,0</coordinates></Point></Placemark>
<Placemark><name>64178415</name><description>AL01065015</description><styleUrl>#stPoste</styleUrl><Point><coordinates>-48.168243,-8.980689,0</coordinates></Point></Placemark>
<Placemark><name>209000</name><description>AL01065015</description><styleUrl>#stPoste</styleUrl><Point><coordinates>-48.162924,-8.984864,0</coordinates></Point></Placemark>
<Placemark><name>937701</name><description>AL01065015</description><styleUrl>#stPoste</styleUrl><Point><coordinates>-48.17513,-9.003212,0</coordinates></Point></Placemark>
<Placemark><name>939918</name><description>AL01065015</description><styleUrl>#stPoste</styleUrl><Point><coordinates>-48.158035,-8.992275,0</coordinates></Point></Placemark>
<Placemark><name>940184</name><description>AL01065015</description><styleUrl>#stPoste</styleUrl><Point><coordinates>-48.161584,-8.988455,0</coordinates></Point></Placemark>
<Placemark><name>940793</name><description>AL01065015</description><styleUrl>#stPoste</styleUrl><Point><coordinates>-48.172684,-8.997671,0</coordinates></Point></Placemark>
<Placemark><name>940949</name><description>AL01065015</description><styleUrl>#stPoste</styleUrl><Point><coordinates>-48.169057,-9.00259,0</coordinates></Point></Placemark>
<Placemark><name>941175</name><description>AL01065015</description><styleUrl>#stPoste</styleUrl><Point><coordinates>-48.175062,-9.001559,0</coordinates></Point></Placemark>
<Placemark><name>941463</name><description>AL01065015</description><styleUrl>#stPoste</styleUrl><Point><coordinates>-48.170028,-8.993034,0</coordinates></Point></Placemark>
<Placemark><name>942539</name><description>AL01065015</description><styleUrl>#stPoste</styleUrl><Point><coordinates>-48.162961,-8.995092,0</coordinates></Point></Placemark>
<Placemark><name>963373</name><description>AL01065015</description><styleUrl>#stPoste</styleUrl><Point><coordinates>-48.170467,-8.996507,0</coordinates></Point></Placemark>
<Placemark><name>964202</name><description>AL01065015</description><styleUrl>#stPoste</styleUrl><Point><coordinates>-48.169639,-9.005671,0</coordinates></Point></Placemark>
<Placemark><name>967771</name><description>AL01065015</description><styleUrl>#stPoste</styleUrl><Point><coordinates>-48.173354,-8.983165,0</coordinates></Point></Placemark>
<Placemark><name>968446</name><description>AL01065015</description><styleUrl>#stPoste</styleUrl><Point><coordinates>-48.171765,-8.985686,0</coordinates></Point></Placemark>
<Placemark><name>978813</name><description>AL01065015</description><styleUrl>#stPoste</styleUrl><Point><coordinates>-48.16931,-8.996636,0</coordinates></Point></Placemark>
<Placemark><name>981647</name><description>AL01065015</description><styleUrl>#stPoste</styleUrl><Point><coordinates>-48.149896,-9.005561,0</coordinates></Point></Placemark>
<Placemark><name>1289759</name><description>AL01065015</description><styleUrl>#stPoste</styleUrl><Point><coordinates>-48.161953,-8.994048,0</coordinates></Point></Placemark>
<Placemark><name>1289762</name><description>AL01065015</description><styleUrl>#stPoste</styleUrl><Point><coordinates>-48.163502,-8.993059,0</coordinates></Point></Placemark>
<Placemark><name>1290066</name><description>AL01065015</description><styleUrl>#stPoste</styleUrl><Point><coordinates>-48.163247,-8.993292,0</coordinates></Point></Placemark>
<Placemark><name>1290071</name><description>AL01065015</description><styleUrl>#stPoste</styleUrl><Point><coordinates>-48.162273,-8.994283,0</coordinates></Point></Placemark>
<Placemark><name>1783374</name><description>AL01065015</description><styleUrl>#stPoste</styleUrl><Point><coordinates>-48.169759,-8.984737,0</coordinates></Point></Placemark>
<Placemark><name>1783395</name><description>AL01065015</description><styleUrl>#stPoste</styleUrl><Point><coordinates>-48.170875,-9.003478,0</coordinates></Point></Placemark>
<Placemark><name>1783411</name><description>AL01065015</description><styleUrl>#stPoste</styleUrl><Point><coordinates>-48.158986,-8.991849,0</coordinates></Point></Placemark>
<Placemark><name>1783544</name><description>AL01065015</description><styleUrl>#stPoste</styleUrl><Point><coordinates>-48.162132,-8.989543,0</coordinates></Point></Placemark>
<Placemark><name>1783831</name><description>AL01065015</description><styleUrl>#stPoste</styleUrl><Point><coordinates>-48.17349,-8.997479,0</coordinates></Point></Placemark>
<Placemark><name>1784024</name><description>AL01065015</description><styleUrl>#stPoste</styleUrl><Point><coordinates>-48.172991,-8.978219,0</coordinates></Point></Placemark>
<Placemark><name>1784036</name><description>AL01065015</description><styleUrl>#stPoste</styleUrl><Point><coordinates>-48.173263,-9.000613,0</coordinates></Point></Placemark>
<Placemark><name>1792071</name><description>AL01065015</description><styleUrl>#stPoste</styleUrl><Point><coordinates>-48.169647,-9.007231,0</coordinates></Point></Placemark>
<Placemark><name>1792106</name><description>AL01065015</description><styleUrl>#stPoste</styleUrl><Point><coordinates>-48.168408,-8.994911,0</coordinates></Point></Placemark>
<Placemark><name>1792171</name><description>AL01065015</description><styleUrl>#stPoste</styleUrl><Point><coordinates>-48.173179,-8.994302,0</coordinates></Point></Placemark>
<Placemark><name>1792369</name><description>AL01065015</description><styleUrl>#stPoste</styleUrl><Point><coordinates>-48.168467,-9.000771,0</coordinates></Point></Placemark>
<Placemark><name>1792441</name><description>AL01065015</description><styleUrl>#stPoste</styleUrl><Point><coordinates>-48.169209,-9.005763,0</coordinates></Point></Placemark>
<Placemark><name>1792754</name><description>AL01065015</description><styleUrl>#stPoste</styleUrl><Point><coordinates>-48.172103,-8.980442,0</coordinates></Point></Placemark>
<Placemark><name>1793600</name><description>AL01065015</description><styleUrl>#stPoste</styleUrl><Point><coordinates>-48.168999,-8.981819,0</coordinates></Point></Placemark>
<Placemark><name>1793865</name><description>AL01065015</description><styleUrl>#stPoste</styleUrl><Point><coordinates>-48.169115,-8.980108,0</coordinates></Point></Placemark>
<Placemark><name>1793868</name><description>AL01065015</description><styleUrl>#stPoste</styleUrl><Point><coordinates>-48.16925,-8.979023,0</coordinates></Point></Placemark>
<Placemark><name>1793896</name><description>AL01065015</description><styleUrl>#stPoste</styleUrl><Point><coordinates>-48.167102,-8.981165,0</coordinates></Point></Placemark>
<Placemark><name>1794487</name><description>AL01065015</description><styleUrl>#stPoste</styleUrl><Point><coordinates>-48.174692,-8.978352,0</coordinates></Point></Placemark>
<Placemark><name>1820446</name><description>AL01065015</description><styleUrl>#stPoste</styleUrl><Point><coordinates>-48.155511,-8.994102,0</coordinates></Point></Placemark>
<Placemark><name>1820594</name><description>AL01065015</description><styleUrl>#stPoste</styleUrl><Point><coordinates>-48.15522,-8.996251,0</coordinates></Point></Placemark>
<Placemark><name>1824990</name><description>AL01065015</description><styleUrl>#stPoste</styleUrl><Point><coordinates>-48.154447,-8.996524,0</coordinates></Point></Placemark>
<Placemark><name>1825102</name><description>AL01065015</description><styleUrl>#stPoste</styleUrl><Point><coordinates>-48.153749,-9.002407,0</coordinates></Point></Placemark>
<Placemark><name>1825235</name><description>AL01065015</description><styleUrl>#stPoste</styleUrl><Point><coordinates>-48.154208,-9.000677,0</coordinates></Point></Placemark>
<Placemark><name>1825242</name><description>AL01065015</description><styleUrl>#stPoste</styleUrl><Point><coordinates>-48.153608,-9.001125,0</coordinates></Point></Placemark>
<Placemark><name>1825369</name><description>AL01065015</description><styleUrl>#stPoste</styleUrl><Point><coordinates>-48.152868,-9.000937,0</coordinates></Point></Placemark>
<Placemark><name>1870136</name><description>AL01065015</description><styleUrl>#stPoste</styleUrl><Point><coordinates>-48.165399,-8.992118,0</coordinates></Point></Placemark>
<Placemark><name>1870234</name><description>AL01065015</description><styleUrl>#stPoste</styleUrl><Point><coordinates>-48.163002,-8.999183,0</coordinates></Point></Placemark>
<Placemark><name>1870287</name><description>AL01065015</description><styleUrl>#stPoste</styleUrl><Point><coordinates>-48.161489,-8.998306,0</coordinates></Point></Placemark>
<Placemark><name>1871004</name><description>AL01065015</description><styleUrl>#stPoste</styleUrl><Point><coordinates>-48.16399,-8.997517,0</coordinates></Point></Placemark>
<Placemark><name>26533065</name><description>AL01065015</description><styleUrl>#stPoste</styleUrl><Point><coordinates>-48.155314,-8.99761,0</coordinates></Point></Placemark>
<Placemark><name>35632056</name><description>AL01065015</description><styleUrl>#stPoste</styleUrl><Point><coordinates>-48.155333,-8.996189,0</coordinates></Point></Placemark>
<Placemark><name>39788218</name><description>AL01065015</description><styleUrl>#stPoste</styleUrl><Point><coordinates>-48.166865,-8.984385,0</coordinates></Point></Placemark>
<Placemark><name>40919407</name><description>AL01065015</description><styleUrl>#stPoste</styleUrl><Point><coordinates>-48.157643,-8.995554,0</coordinates></Point></Placemark>
<Placemark><name>57788806</name><description>AL01065015</description><styleUrl>#stPoste</styleUrl><Point><coordinates>-48.166565,-8.982843,0</coordinates></Point></Placemark>
<Placemark><name>64178312</name><description>AL01065015</description><styleUrl>#stPoste</styleUrl><Point><coordinates>-48.171215,-8.980992,0</coordinates></Point></Placemark>
<Placemark><name>64178320</name><description>AL01065015</description><styleUrl>#stPoste</styleUrl><Point><coordinates>-48.170893,-8.980875,0</coordinates></Point></Placemark>
<Placemark><name>99548</name><description>AL01065015</description><styleUrl>#stPoste</styleUrl><Point><coordinates>-48.167466,-8.985451,0</coordinates></Point></Placemark>
<Placemark><name>99549</name><description>AL01065015</description><styleUrl>#stPoste</styleUrl><Point><coordinates>-48.167633,-8.985228,0</coordinates></Point></Placemark>
<Placemark><name>299098</name><description>AL01065015</description><styleUrl>#stPoste</styleUrl><Point><coordinates>-48.172524,-8.981429,0</coordinates></Point></Placemark>
<Placemark><name>527358</name><description>AL01065015</description><styleUrl>#stPoste</styleUrl><Point><coordinates>-48.174213,-8.992081,0</coordinates></Point></Placemark>
<Placemark><name>937702</name><description>AL01065015</description><styleUrl>#stPoste</styleUrl><Point><coordinates>-48.175204,-9.003424,0</coordinates></Point></Placemark>
<Placemark><name>938403</name><description>AL01065015</description><styleUrl>#stPoste</styleUrl><Point><coordinates>-48.174776,-9.000668,0</coordinates></Point></Placemark>
<Placemark><name>938588</name><description>AL01065015</description><styleUrl>#stPoste</styleUrl><Point><coordinates>-48.158279,-8.99175,0</coordinates></Point></Placemark>
<Placemark><name>940935</name><description>AL01065015</description><styleUrl>#stPoste</styleUrl><Point><coordinates>-48.16841,-8.999017,0</coordinates></Point></Placemark>
<Placemark><name>962410</name><description>AL01065015</description><styleUrl>#stPoste</styleUrl><Point><coordinates>-48.168817,-8.974824,0</coordinates></Point></Placemark>
<Placemark><name>971562</name><description>AL01065015</description><styleUrl>#stPoste</styleUrl><Point><coordinates>-48.168613,-8.978192,0</coordinates></Point></Placemark>
<Placemark><name>976526</name><description>AL01065015</description><styleUrl>#stPoste</styleUrl><Point><coordinates>-48.169253,-8.982905,0</coordinates></Point></Placemark>
<Placemark><name>1087012</name><description>AL01065015</description><styleUrl>#stPoste</styleUrl><Point><coordinates>-48.166345,-8.998728,0</coordinates></Point></Placemark>
<Placemark><name>1087907</name><description>AL01065015</description><styleUrl>#stPoste</styleUrl><Point><coordinates>-48.154139,-9.000286,0</coordinates></Point></Placemark>
<Placemark><name>1289753</name><description>AL01065015</description><styleUrl>#stPoste</styleUrl><Point><coordinates>-48.164477,-8.997072,0</coordinates></Point></Placemark>
<Placemark><name>1289766</name><description>AL01065015</description><styleUrl>#stPoste</styleUrl><Point><coordinates>-48.160274,-8.995698,0</coordinates></Point></Placemark>
<Placemark><name>1290064</name><description>AL01065015</description><styleUrl>#stPoste</styleUrl><Point><coordinates>-48.161006,-8.995932,0</coordinates></Point></Placemark>
<Placemark><name>1290075</name><description>AL01065015</description><styleUrl>#stPoste</styleUrl><Point><coordinates>-48.164727,-8.991817,0</coordinates></Point></Placemark>
<Placemark><name>1290398</name><description>AL01065015</description><styleUrl>#stPoste</styleUrl><Point><coordinates>-48.163643,-8.996997,0</coordinates></Point></Placemark>
<Placemark><name>1783143</name><description>AL01065015</description><styleUrl>#stPoste</styleUrl><Point><coordinates>-48.156152,-8.994406,0</coordinates></Point></Placemark>
<Placemark><name>1783164</name><description>AL01065015</description><styleUrl>#stPoste</styleUrl><Point><coordinates>-48.171481,-9.005032,0</coordinates></Point></Placemark>
<Placemark><name>1783260</name><description>AL01065015</description><styleUrl>#stPoste</styleUrl><Point><coordinates>-48.170892,-9.00332,0</coordinates></Point></Placemark>
<Placemark><name>1783548</name><description>AL01065015</description><styleUrl>#stPoste</styleUrl><Point><coordinates>-48.161249,-8.993765,0</coordinates></Point></Placemark>
<Placemark><name>1783680</name><description>AL01065015</description><styleUrl>#stPoste</styleUrl><Point><coordinates>-48.157354,-8.991182,0</coordinates></Point></Placemark>
<Placemark><name>1783939</name><description>AL01065015</description><styleUrl>#stPoste</styleUrl><Point><coordinates>-48.172729,-8.999339,0</coordinates></Point></Placemark>
<Placemark><name>1792058</name><description>AL01065015</description><styleUrl>#stPoste</styleUrl><Point><coordinates>-48.16739,-9.000992,0</coordinates></Point></Placemark>
<Placemark><name>1792099</name><description>AL01065015</description><styleUrl>#stPoste</styleUrl><Point><coordinates>-48.170652,-8.992901,0</coordinates></Point></Placemark>
<Placemark><name>1792140</name><description>AL01065015</description><styleUrl>#stPoste</styleUrl><Point><coordinates>-48.169764,-9.002414,0</coordinates></Point></Placemark>
<Placemark><name>1792185</name><description>AL01065015</description><styleUrl>#stPoste</styleUrl><Point><coordinates>-48.168276,-8.976129,0</coordinates></Point></Placemark>
<Placemark><name>1792256</name><description>AL01065015</description><styleUrl>#stPoste</styleUrl><Point><coordinates>-48.169322,-9.006523,0</coordinates></Point></Placemark>
<Placemark><name>1792372</name><description>AL01065015</description><styleUrl>#stPoste</styleUrl><Point><coordinates>-48.166397,-9.000692,0</coordinates></Point></Placemark>
<Placemark><name>1792475</name><description>AL01065015</description><styleUrl>#stPoste</styleUrl><Point><coordinates>-48.175988,-9.004214,0</coordinates></Point></Placemark>
<Placemark><name>1793006</name><description>AL01065015</description><styleUrl>#stPoste</styleUrl><Point><coordinates>-48.167158,-8.977329,0</coordinates></Point></Placemark>
<Placemark><name>1793331</name><description>AL01065015</description><styleUrl>#stPoste</styleUrl><Point><coordinates>-48.171806,-8.982652,0</coordinates></Point></Placemark>
<Placemark><name>1793362</name><description>AL01065015</description><styleUrl>#stPoste</styleUrl><Point><coordinates>-48.173563,-8.980451,0</coordinates></Point></Placemark>
<Placemark><name>1793550</name><description>AL01065015</description><styleUrl>#stPoste</styleUrl><Point><coordinates>-48.166904,-8.977755,0</coordinates></Point></Placemark>
<Placemark><name>1793683</name><description>AL01065015</description><styleUrl>#stPoste</styleUrl><Point><coordinates>-48.172261,-8.982737,0</coordinates></Point></Placemark>
<Placemark><name>1794498</name><description>AL01065015</description><styleUrl>#stPoste</styleUrl><Point><coordinates>-48.171266,-9.005919,0</coordinates></Point></Placemark>
<Placemark><name>1817661</name><description>AL01065015</description><styleUrl>#stPoste</styleUrl><Point><coordinates>-48.16266,-8.989372,0</coordinates></Point></Placemark>
<Placemark><name>1820590</name><description>AL01065015</description><styleUrl>#stPoste</styleUrl><Point><coordinates>-48.155831,-8.994899,0</coordinates></Point></Placemark>
<Placemark><name>1820592</name><description>AL01065015</description><styleUrl>#stPoste</styleUrl><Point><coordinates>-48.155555,-8.995514,0</coordinates></Point></Placemark>
<Placemark><name>1824991</name><description>AL01065015</description><styleUrl>#stPoste</styleUrl><Point><coordinates>-48.154779,-8.996674,0</coordinates></Point></Placemark>
<Placemark><name>1824994</name><description>AL01065015</description><styleUrl>#stPoste</styleUrl><Point><coordinates>-48.155818,-8.99714,0</coordinates></Point></Placemark>
<Placemark><name>1825364</name><description>AL01065015</description><styleUrl>#stPoste</styleUrl><Point><coordinates>-48.152593,-9.000643,0</coordinates></Point></Placemark>
<Placemark><name>1827097</name><description>AL01065015</description><styleUrl>#stPoste</styleUrl><Point><coordinates>-48.158105,-8.99014,0</coordinates></Point></Placemark>
<Placemark><name>1870091</name><description>AL01065015</description><styleUrl>#stPoste</styleUrl><Point><coordinates>-48.16238,-8.994527,0</coordinates></Point></Placemark>
<Placemark><name>1870235</name><description>AL01065015</description><styleUrl>#stPoste</styleUrl><Point><coordinates>-48.161776,-8.998363,0</coordinates></Point></Placemark>
<Placemark><name>1870586</name><description>AL01065015</description><styleUrl>#stPoste</styleUrl><Point><coordinates>-48.163802,-8.993842,0</coordinates></Point></Placemark>
<Placemark><name>26533116</name><description>AL01065015</description><styleUrl>#stPoste</styleUrl><Point><coordinates>-48.154408,-8.997191,0</coordinates></Point></Placemark>
<Placemark><name>26533220</name><description>AL01065015</description><styleUrl>#stPoste</styleUrl><Point><coordinates>-48.150431,-8.998658,0</coordinates></Point></Placemark>
<Placemark><name>35279802</name><description>AL01065015</description><styleUrl>#stPoste</styleUrl><Point><coordinates>-48.173277,-8.996488,0</coordinates></Point></Placemark>
<Placemark><name>35760471</name><description>AL01065015</description><styleUrl>#stPoste</styleUrl><Point><coordinates>-48.165693,-8.986512,0</coordinates></Point></Placemark>
<Placemark><name>39084043</name><description>AL01065015</description><styleUrl>#stPoste</styleUrl><Point><coordinates>-48.168322,-8.980164,0</coordinates></Point></Placemark>
<Placemark><name>40919384</name><description>AL01065015</description><styleUrl>#stPoste</styleUrl><Point><coordinates>-48.158669,-8.994023,0</coordinates></Point></Placemark>
<Placemark><name>40919405</name><description>AL01065015</description><styleUrl>#stPoste</styleUrl><Point><coordinates>-48.157286,-8.996109,0</coordinates></Point></Placemark>
<Placemark><name>49977871</name><description>AL01065015</description><styleUrl>#stPoste</styleUrl><Point><coordinates>-48.167652,-8.981523,0</coordinates></Point></Placemark>
<Placemark><name>53117254</name><description>AL01065015</description><styleUrl>#stPoste</styleUrl><Point><coordinates>-48.159023,-8.989496,0</coordinates></Point></Placemark>
<Placemark><name>53117257</name><description>AL01065015</description><styleUrl>#stPoste</styleUrl><Point><coordinates>-48.158081,-8.988795,0</coordinates></Point></Placemark>
<Placemark><name>54031481</name><description>AL01065015</description><styleUrl>#stPoste</styleUrl><Point><coordinates>-48.15259,-9.003794,0</coordinates></Point></Placemark>
<Placemark><name>67501680</name><description>AL01065015</description><styleUrl>#stPoste</styleUrl><Point><coordinates>-48.17366,-8.996108,0</coordinates></Point></Placemark>
<Placemark><name>99537</name><description>AL01065015</description><styleUrl>#stPoste</styleUrl><Point><coordinates>-48.172218,-8.981241,0</coordinates></Point></Placemark>
<Placemark><name>527943</name><description>AL01065015</description><styleUrl>#stPoste</styleUrl><Point><coordinates>-48.175935,-9.005513,0</coordinates></Point></Placemark>
<Placemark><name>937703</name><description>AL01065015</description><styleUrl>#stPoste</styleUrl><Point><coordinates>-48.17531,-9.003725,0</coordinates></Point></Placemark>
<Placemark><name>938406</name><description>AL01065015</description><styleUrl>#stPoste</styleUrl><Point><coordinates>-48.17468,-9.000005,0</coordinates></Point></Placemark>
<Placemark><name>939164</name><description>AL01065015</description><styleUrl>#stPoste</styleUrl><Point><coordinates>-48.168764,-9.000959,0</coordinates></Point></Placemark>
<Placemark><name>952510</name><description>AL01065015</description><styleUrl>#stPoste</styleUrl><Point><coordinates>-48.168977,-9.002511,0</coordinates></Point></Placemark>
<Placemark><name>952851</name><description>AL01065015</description><styleUrl>#stPoste</styleUrl><Point><coordinates>-48.168789,-9.001475,0</coordinates></Point></Placemark>
<Placemark><name>962726</name><description>AL01065015</description><styleUrl>#stPoste</styleUrl><Point><coordinates>-48.16969,-8.993953,0</coordinates></Point></Placemark>
<Placemark><name>965054</name><description>AL01065015</description><styleUrl>#stPoste</styleUrl><Point><coordinates>-48.174516,-8.992904,0</coordinates></Point></Placemark>
<Placemark><name>971252</name><description>AL01065015</description><styleUrl>#stPoste</styleUrl><Point><coordinates>-48.16845,-8.979157,0</coordinates></Point></Placemark>
<Placemark><name>972833</name><description>AL01065015</description><styleUrl>#stPoste</styleUrl><Point><coordinates>-48.167516,-8.985577,0</coordinates></Point></Placemark>
<Placemark><name>972843</name><description>AL01065015</description><styleUrl>#stPoste</styleUrl><Point><coordinates>-48.168508,-8.985721,0</coordinates></Point></Placemark>
<Placemark><name>975479</name><description>AL01065015</description><styleUrl>#stPoste</styleUrl><Point><coordinates>-48.166387,-8.981001,0</coordinates></Point></Placemark>
<Placemark><name>1290078</name><description>AL01065015</description><styleUrl>#stPoste</styleUrl><Point><coordinates>-48.162048,-8.99669,0</coordinates></Point></Placemark>
<Placemark><name>1783139</name><description>AL01065015</description><styleUrl>#stPoste</styleUrl><Point><coordinates>-48.157221,-8.994914,0</coordinates></Point></Placemark>
<Placemark><name>1783305</name><description>AL01065015</description><styleUrl>#stPoste</styleUrl><Point><coordinates>-48.170619,-8.983826,0</coordinates></Point></Placemark>
<Placemark><name>1783337</name><description>AL01065015</description><styleUrl>#stPoste</styleUrl><Point><coordinates>-48.173371,-9.000377,0</coordinates></Point></Placemark>
<Placemark><name>1783356</name><description>AL01065015</description><styleUrl>#stPoste</styleUrl><Point><coordinates>-48.166516,-8.983811,0</coordinates></Point></Placemark>
<Placemark><name>1783453</name><description>AL01065015</description><styleUrl>#stPoste</styleUrl><Point><coordinates>-48.172683,-8.978807,0</coordinates></Point></Placemark>
<Placemark><name>1783549</name><description>AL01065015</description><styleUrl>#stPoste</styleUrl><Point><coordinates>-48.161012,-8.994009,0</coordinates></Point></Placemark>
<Placemark><name>1783577</name><description>AL01065015</description><styleUrl>#stPoste</styleUrl><Point><coordinates>-48.168395,-8.994291,0</coordinates></Point></Placemark>
<Placemark><name>1783814</name><description>AL01065015</description><styleUrl>#stPoste</styleUrl><Point><coordinates>-48.158259,-8.993114,0</coordinates></Point></Placemark>
<Placemark><name>1783815</name><description>AL01065015</description><styleUrl>#stPoste</styleUrl><Point><coordinates>-48.158005,-8.993002,0</coordinates></Point></Placemark>
<Placemark><name>1792103</name><description>AL01065015</description><styleUrl>#stPoste</styleUrl><Point><coordinates>-48.169134,-8.994386,0</coordinates></Point></Placemark>
<Placemark><name>1792133</name><description>AL01065015</description><styleUrl>#stPoste</styleUrl><Point><coordinates>-48.169256,-9.002992,0</coordinates></Point></Placemark>
<Placemark><name>1792270</name><description>AL01065015</description><styleUrl>#stPoste</styleUrl><Point><coordinates>-48.171966,-8.992263,0</coordinates></Point></Placemark>
<Placemark><name>1792397</name><description>AL01065015</description><styleUrl>#stPoste</styleUrl><Point><coordinates>-48.176224,-9.006339,0</coordinates></Point></Placemark>
<Placemark><name>1792436</name><description>AL01065015</description><styleUrl>#stPoste</styleUrl><Point><coordinates>-48.166218,-9.002099,0</coordinates></Point></Placemark>
<Placemark><name>1792805</name><description>AL01065015</description><styleUrl>#stPoste</styleUrl><Point><coordinates>-48.169888,-8.984753,0</coordinates></Point></Placemark>
<Placemark><name>1793535</name><description>AL01065015</description><styleUrl>#stPoste</styleUrl><Point><coordinates>-48.168895,-8.981211,0</coordinates></Point></Placemark>
<Placemark><name>1793556</name><description>AL01065015</description><styleUrl>#stPoste</styleUrl><Point><coordinates>-48.167032,-8.977019,0</coordinates></Point></Placemark>
<Placemark><name>1793633</name><description>AL01065015</description><styleUrl>#stPoste</styleUrl><Point><coordinates>-48.166678,-8.97759,0</coordinates></Point></Placemark>
<Placemark><name>1793717</name><description>AL01065015</description><styleUrl>#stPoste</styleUrl><Point><coordinates>-48.166696,-8.979445,0</coordinates></Point></Placemark>
<Placemark><name>1793983</name><description>AL01065015</description><styleUrl>#stPoste</styleUrl><Point><coordinates>-48.168014,-8.981767,0</coordinates></Point></Placemark>
<Placemark><name>1794196</name><description>AL01065015</description><styleUrl>#stPoste</styleUrl><Point><coordinates>-48.166591,-8.981011,0</coordinates></Point></Placemark>
<Placemark><name>1794388</name><description>AL01065015</description><styleUrl>#stPoste</styleUrl><Point><coordinates>-48.166835,-9.002009,0</coordinates></Point></Placemark>
<Placemark><name>1794843</name><description>AL01065015</description><styleUrl>#stPoste</styleUrl><Point><coordinates>-48.168976,-9.00373,0</coordinates></Point></Placemark>
<Placemark><name>1820596</name><description>AL01065015</description><styleUrl>#stPoste</styleUrl><Point><coordinates>-48.155702,-8.996341,0</coordinates></Point></Placemark>
<Placemark><name>1825095</name><description>AL01065015</description><styleUrl>#stPoste</styleUrl><Point><coordinates>-48.155291,-8.999017,0</coordinates></Point></Placemark>
<Placemark><name>1825105</name><description>AL01065015</description><styleUrl>#stPoste</styleUrl><Point><coordinates>-48.153298,-9.003418,0</coordinates></Point></Placemark>
<Placemark><name>1825376</name><description>AL01065015</description><styleUrl>#stPoste</styleUrl><Point><coordinates>-48.151175,-9.00166,0</coordinates></Point></Placemark>
<Placemark><name>1825380</name><description>AL01065015</description><styleUrl>#stPoste</styleUrl><Point><coordinates>-48.151233,-9.002491,0</coordinates></Point></Placemark>
<Placemark><name>1825381</name><description>AL01065015</description><styleUrl>#stPoste</styleUrl><Point><coordinates>-48.151101,-9.00282,0</coordinates></Point></Placemark>
<Placemark><name>1870090</name><description>AL01065015</description><styleUrl>#stPoste</styleUrl><Point><coordinates>-48.161699,-8.995979,0</coordinates></Point></Placemark>
<Placemark><name>1870131</name><description>AL01065015</description><styleUrl>#stPoste</styleUrl><Point><coordinates>-48.160536,-8.99742,0</coordinates></Point></Placemark>
<Placemark><name>1870597</name><description>AL01065015</description><styleUrl>#stPoste</styleUrl><Point><coordinates>-48.161064,-8.996845,0</coordinates></Point></Placemark>
<Placemark><name>1885942</name><description>AL01065015</description><styleUrl>#stPoste</styleUrl><Point><coordinates>-48.164241,-8.99009,0</coordinates></Point></Placemark>
<Placemark><name>1886754</name><description>AL01065015</description><styleUrl>#stPoste</styleUrl><Point><coordinates>-48.17212,-8.991171,0</coordinates></Point></Placemark>
<Placemark><name>26533228</name><description>AL01065015</description><styleUrl>#stPoste</styleUrl><Point><coordinates>-48.149587,-8.999835,0</coordinates></Point></Placemark>
<Placemark><name>28486410</name><description>AL01065015</description><styleUrl>#stPoste</styleUrl><Point><coordinates>-48.157366,-8.99272,0</coordinates></Point></Placemark>
<Placemark><name>35279779</name><description>AL01065015</description><styleUrl>#stPoste</styleUrl><Point><coordinates>-48.172641,-8.996639,0</coordinates></Point></Placemark>
<Placemark><name>35279828</name><description>AL01065015</description><styleUrl>#stPoste</styleUrl><Point><coordinates>-48.173797,-8.996363,0</coordinates></Point></Placemark>
<Placemark><name>35631862</name><description>AL01065015</description><styleUrl>#stPoste</styleUrl><Point><coordinates>-48.155751,-8.996614,0</coordinates></Point></Placemark>
<Placemark><name>38435994</name><description>AL01065015</description><styleUrl>#stPoste</styleUrl><Point><coordinates>-48.16826,-8.980904,0</coordinates></Point></Placemark>
<Placemark><name>40919413</name><description>AL01065015</description><styleUrl>#stPoste</styleUrl><Point><coordinates>-48.157035,-8.996032,0</coordinates></Point></Placemark>
<Placemark><name>53117258</name><description>AL01065015</description><styleUrl>#stPoste</styleUrl><Point><coordinates>-48.157938,-8.988408,0</coordinates></Point></Placemark>
<Placemark><name>64178132</name><description>AL01065015</description><styleUrl>#stPoste</styleUrl><Point><coordinates>-48.174537,-8.978727,0</coordinates></Point></Placemark>
<Placemark><name>99464</name><description>AL01065015</description><styleUrl>#stPoste</styleUrl><Point><coordinates>-48.167579,-8.985191,0</coordinates></Point></Placemark>
<Placemark><name>99546</name><description>AL01065015</description><styleUrl>#stPoste</styleUrl><Point><coordinates>-48.168751,-8.977024,0</coordinates></Point></Placemark>
<Placemark><name>938417</name><description>AL01065015</description><styleUrl>#stPoste</styleUrl><Point><coordinates>-48.170922,-8.997386,0</coordinates></Point></Placemark>
<Placemark><name>941294</name><description>AL01065015</description><styleUrl>#stPoste</styleUrl><Point><coordinates>-48.169379,-9.004307,0</coordinates></Point></Placemark>
<Placemark><name>962209</name><description>AL01065015</description><styleUrl>#stPoste</styleUrl><Point><coordinates>-48.168096,-8.997664,0</coordinates></Point></Placemark>
<Placemark><name>967129</name><description>AL01065015</description><styleUrl>#stPoste</styleUrl><Point><coordinates>-48.174697,-8.979468,0</coordinates></Point></Placemark>
<Placemark><name>976182</name><description>AL01065015</description><styleUrl>#stPoste</styleUrl><Point><coordinates>-48.169415,-8.982361,0</coordinates></Point></Placemark>
<Placemark><name>978017</name><description>AL01065015</description><styleUrl>#stPoste</styleUrl><Point><coordinates>-48.153157,-9.002522,0</coordinates></Point></Placemark>
<Placemark><name>981646</name><description>AL01065015</description><styleUrl>#stPoste</styleUrl><Point><coordinates>-48.152225,-9.004302,0</coordinates></Point></Placemark>
<Placemark><name>1283772</name><description>AL01065015</description><styleUrl>#stPoste</styleUrl><Point><coordinates>-48.165844,-8.995439,0</coordinates></Point></Placemark>
<Placemark><name>1290065</name><description>AL01065015</description><styleUrl>#stPoste</styleUrl><Point><coordinates>-48.162028,-8.992449,0</coordinates></Point></Placemark>
<Placemark><name>1446845</name><description>AL01065015</description><styleUrl>#stPoste</styleUrl><Point><coordinates>-48.162705,-8.994859,0</coordinates></Point></Placemark>
<Placemark><name>1783138</name><description>AL01065015</description><styleUrl>#stPoste</styleUrl><Point><coordinates>-48.157062,-8.995049,0</coordinates></Point></Placemark>
<Placemark><name>1783166</name><description>AL01065015</description><styleUrl>#stPoste</styleUrl><Point><coordinates>-48.171817,-9.004718,0</coordinates></Point></Placemark>
<Placemark><name>1783268</name><description>AL01065015</description><styleUrl>#stPoste</styleUrl><Point><coordinates>-48.171068,-9.002741,0</coordinates></Point></Placemark>
<Placemark><name>1783339</name><description>AL01065015</description><styleUrl>#stPoste</styleUrl><Point><coordinates>-48.174013,-8.979267,0</coordinates></Point></Placemark>
<Placemark><name>1783358</name><description>AL01065015</description><styleUrl>#stPoste</styleUrl><Point><coordinates>-48.168141,-8.984884,0</coordinates></Point></Placemark>
<Placemark><name>1783372</name><description>AL01065015</description><styleUrl>#stPoste</styleUrl><Point><coordinates>-48.169884,-8.984398,0</coordinates></Point></Placemark>
<Placemark><name>1783438</name><description>AL01065015</description><styleUrl>#stPoste</styleUrl><Point><coordinates>-48.17342,-8.998068,0</coordinates></Point></Placemark>
<Placemark><name>1783681</name><description>AL01065015</description><styleUrl>#stPoste</styleUrl><Point><coordinates>-48.156794,-8.991737,0</coordinates></Point></Placemark>
<Placemark><name>1783746</name><description>AL01065015</description><styleUrl>#stPoste</styleUrl><Point><coordinates>-48.169267,-8.999763,0</coordinates></Point></Placemark>
<Placemark><name>1783960</name><description>AL01065015</description><styleUrl>#stPoste</styleUrl><Point><coordinates>-48.167558,-8.981801,0</coordinates></Point></Placemark>
<Placemark><name>1783968</name><description>AL01065015</description><styleUrl>#stPoste</styleUrl><Point><coordinates>-48.168922,-8.983495,0</coordinates></Point></Placemark>
<Placemark><name>1784003</name><description>AL01065015</description><styleUrl>#stPoste</styleUrl><Point><coordinates>-48.158472,-8.992986,0</coordinates></Point></Placemark>
<Placemark><name>1792088</name><description>AL01065015</description><styleUrl>#stPoste</styleUrl><Point><coordinates>-48.170984,-8.99449,0</coordinates></Point></Placemark>
<Placemark><name>1792112</name><description>AL01065015</description><styleUrl>#stPoste</styleUrl><Point><coordinates>-48.167891,-8.976454,0</coordinates></Point></Placemark>
<Placemark><name>1792134</name><description>AL01065015</description><styleUrl>#stPoste</styleUrl><Point><coordinates>-48.168486,-9.003098,0</coordinates></Point></Placemark>
<Placemark><name>1792440</name><description>AL01065015</description><styleUrl>#stPoste</styleUrl><Point><coordinates>-48.170498,-9.000679,0</coordinates></Point></Placemark>
<Placemark><name>1792480</name><description>AL01065015</description><styleUrl>#stPoste</styleUrl><Point><coordinates>-48.175442,-9.002648,0</coordinates></Point></Placemark>
<Placemark><name>1792534</name><description>AL01065015</description><styleUrl>#stPoste</styleUrl><Point><coordinates>-48.172073,-8.99094,0</coordinates></Point></Placemark>
<Placemark><name>1792751</name><description>AL01065015</description><styleUrl>#stPoste</styleUrl><Point><coordinates>-48.166743,-8.980112,0</coordinates></Point></Placemark>
<Placemark><name>1793012</name><description>AL01065015</description><styleUrl>#stPoste</styleUrl><Point><coordinates>-48.168563,-8.978955,0</coordinates></Point></Placemark>
<Placemark><name>1793641</name><description>AL01065015</description><styleUrl>#stPoste</styleUrl><Point><coordinates>-48.170127,-8.978995,0</coordinates></Point></Placemark>
<Placemark><name>1793946</name><description>AL01065015</description><styleUrl>#stPoste</styleUrl><Point><coordinates>-48.165117,-8.979984,0</coordinates></Point></Placemark>
<Placemark><name>1794160</name><description>AL01065015</description><styleUrl>#stPoste</styleUrl><Point><coordinates>-48.169396,-8.985708,0</coordinates></Point></Placemark>
<Placemark><name>1794197</name><description>AL01065015</description><styleUrl>#stPoste</styleUrl><Point><coordinates>-48.166454,-8.981362,0</coordinates></Point></Placemark>
<Placemark><name>1794751</name><description>AL01065015</description><styleUrl>#stPoste</styleUrl><Point><coordinates>-48.170814,-9.006231,0</coordinates></Point></Placemark>
<Placemark><name>1799352</name><description>AL01065015</description><styleUrl>#stPoste</styleUrl><Point><coordinates>-48.169114,-9.00512,0</coordinates></Point></Placemark>
<Placemark><name>1799353</name><description>AL01065015</description><styleUrl>#stPoste</styleUrl><Point><coordinates>-48.16617,-9.001756,0</coordinates></Point></Placemark>
<Placemark><name>1820447</name><description>AL01065015</description><styleUrl>#stPoste</styleUrl><Point><coordinates>-48.155311,-8.99395,0</coordinates></Point></Placemark>
<Placemark><name>1820449</name><description>AL01065015</description><styleUrl>#stPoste</styleUrl><Point><coordinates>-48.155122,-8.994321,0</coordinates></Point></Placemark>
<Placemark><name>1820585</name><description>AL01065015</description><styleUrl>#stPoste</styleUrl><Point><coordinates>-48.155249,-8.994597,0</coordinates></Point></Placemark>
<Placemark><name>1820604</name><description>AL01065015</description><styleUrl>#stPoste</styleUrl><Point><coordinates>-48.156548,-8.996728,0</coordinates></Point></Placemark>
<Placemark><name>1825109</name><description>AL01065015</description><styleUrl>#stPoste</styleUrl><Point><coordinates>-48.154235,-8.998543,0</coordinates></Point></Placemark>
<Placemark><name>1825515</name><description>AL01065015</description><styleUrl>#stPoste</styleUrl><Point><coordinates>-48.15269,-8.998531,0</coordinates></Point></Placemark>
<Placemark><name>1827102</name><description>AL01065015</description><styleUrl>#stPoste</styleUrl><Point><coordinates>-48.158572,-8.990372,0</coordinates></Point></Placemark>
<Placemark><name>1870028</name><description>AL01065015</description><styleUrl>#stPoste</styleUrl><Point><coordinates>-48.164734,-8.995656,0</coordinates></Point></Placemark>
<Placemark><name>1870097</name><description>AL01065015</description><styleUrl>#stPoste</styleUrl><Point><coordinates>-48.159496,-8.996746,0</coordinates></Point></Placemark>
<Placemark><name>1870154</name><description>AL01065015</description><styleUrl>#stPoste</styleUrl><Point><coordinates>-48.159521,-8.996975,0</coordinates></Point></Placemark>
<Placemark><name>1870237</name><description>AL01065015</description><styleUrl>#stPoste</styleUrl><Point><coordinates>-48.165613,-8.992431,0</coordinates></Point></Placemark>
<Placemark><name>1870999</name><description>AL01065015</description><styleUrl>#stPoste</styleUrl><Point><coordinates>-48.163718,-8.999238,0</coordinates></Point></Placemark>
<Placemark><name>1871007</name><description>AL01065015</description><styleUrl>#stPoste</styleUrl><Point><coordinates>-48.164223,-8.998664,0</coordinates></Point></Placemark>
<Placemark><name>1886659</name><description>AL01065015</description><styleUrl>#stPoste</styleUrl><Point><coordinates>-48.172493,-8.980057,0</coordinates></Point></Placemark>
<Placemark><name>26533215</name><description>AL01065015</description><styleUrl>#stPoste</styleUrl><Point><coordinates>-48.150913,-8.998117,0</coordinates></Point></Placemark>
<Placemark><name>35760465</name><description>AL01065015</description><styleUrl>#stPoste</styleUrl><Point><coordinates>-48.16587,-8.986213,0</coordinates></Point></Placemark>
<Placemark><name>35760476</name><description>AL01065015</description><styleUrl>#stPoste</styleUrl><Point><coordinates>-48.165524,-8.986819,0</coordinates></Point></Placemark>
<Placemark><name>54628475</name><description>AL01065015</description><styleUrl>#stPoste</styleUrl><Point><coordinates>-48.169213,-9.003436,0</coordinates></Point></Placemark>
<Placemark><name>56419123</name><description>AL01065015</description><styleUrl>#stPoste</styleUrl><Point><coordinates>-48.167157,-8.986014,0</coordinates></Point></Placemark>
<Placemark><name>56419127</name><description>AL01065015</description><styleUrl>#stPoste</styleUrl><Point><coordinates>-48.166937,-8.985761,0</coordinates></Point></Placemark>
<Placemark><name>64178179</name><description>AL01065015</description><styleUrl>#stPoste</styleUrl><Point><coordinates>-48.173899,-8.98035,0</coordinates></Point></Placemark>
<Placemark><name>64178206</name><description>AL01065015</description><styleUrl>#stPoste</styleUrl><Point><coordinates>-48.173537,-8.981254,0</coordinates></Point></Placemark>
<Placemark><name>121415</name><description>AL01065015</description><styleUrl>#stPoste</styleUrl><Point><coordinates>-48.167045,-8.986981,0</coordinates></Point></Placemark>
<Placemark><name>303697</name><description>AL01065015</description><styleUrl>#stPoste</styleUrl><Point><coordinates>-48.175265,-8.993908,0</coordinates></Point></Placemark>
<Placemark><name>952216</name><description>AL02065015</description><styleUrl>#stPoste</styleUrl><Point><coordinates>-48.16163,-8.965952,0</coordinates></Point></Placemark>
<Placemark><name>965046</name><description>AL02065015</description><styleUrl>#stPoste</styleUrl><Point><coordinates>-48.174652,-8.974768,0</coordinates></Point></Placemark>
<Placemark><name>979683</name><description>AL02065015</description><styleUrl>#stPoste</styleUrl><Point><coordinates>-48.170342,-8.972359,0</coordinates></Point></Placemark>
<Placemark><name>982540</name><description>AL02065015</description><styleUrl>#stPoste</styleUrl><Point><coordinates>-48.170718,-8.970395,0</coordinates></Point></Placemark>
<Placemark><name>1791758</name><description>AL02065015</description><styleUrl>#stPoste</styleUrl><Point><coordinates>-48.17463,-8.977368,0</coordinates></Point></Placemark>
<Placemark><name>1791770</name><description>AL02065015</description><styleUrl>#stPoste</styleUrl><Point><coordinates>-48.176607,-8.97742,0</coordinates></Point></Placemark>
<Placemark><name>1791817</name><description>AL02065015</description><styleUrl>#stPoste</styleUrl><Point><coordinates>-48.16251,-8.960212,0</coordinates></Point></Placemark>
<Placemark><name>1792200</name><description>AL02065015</description><styleUrl>#stPoste</styleUrl><Point><coordinates>-48.16817,-8.962983,0</coordinates></Point></Placemark>
<Placemark><name>1792311</name><description>AL02065015</description><styleUrl>#stPoste</styleUrl><Point><coordinates>-48.160164,-8.966492,0</coordinates></Point></Placemark>
<Placemark><name>1792383</name><description>AL02065015</description><styleUrl>#stPoste</styleUrl><Point><coordinates>-48.162355,-8.960961,0</coordinates></Point></Placemark>
<Placemark><name>1792450</name><description>AL02065015</description><styleUrl>#stPoste</styleUrl><Point><coordinates>-48.158443,-8.966917,0</coordinates></Point></Placemark>
<Placemark><name>1793269</name><description>AL02065015</description><styleUrl>#stPoste</styleUrl><Point><coordinates>-48.176208,-8.97837,0</coordinates></Point></Placemark>
<Placemark><name>1793271</name><description>AL02065015</description><styleUrl>#stPoste</styleUrl><Point><coordinates>-48.174533,-8.966031,0</coordinates></Point></Placemark>
<Placemark><name>1793853</name><description>AL02065015</description><styleUrl>#stPoste</styleUrl><Point><coordinates>-48.17361,-8.976155,0</coordinates></Point></Placemark>
<Placemark><name>1794503</name><description>AL02065015</description><styleUrl>#stPoste</styleUrl><Point><coordinates>-48.161693,-8.961488,0</coordinates></Point></Placemark>
<Placemark><name>1794504</name><description>AL02065015</description><styleUrl>#stPoste</styleUrl><Point><coordinates>-48.161435,-8.961891,0</coordinates></Point></Placemark>
<Placemark><name>1794884</name><description>AL02065015</description><styleUrl>#stPoste</styleUrl><Point><coordinates>-48.159726,-8.963033,0</coordinates></Point></Placemark>
<Placemark><name>1799243</name><description>AL02065015</description><styleUrl>#stPoste</styleUrl><Point><coordinates>-48.169914,-8.97415,0</coordinates></Point></Placemark>
<Placemark><name>1817458</name><description>AL02065015</description><styleUrl>#stPoste</styleUrl><Point><coordinates>-48.159318,-8.967484,0</coordinates></Point></Placemark>
<Placemark><name>1853274</name><description>AL02065015</description><styleUrl>#stPoste</styleUrl><Point><coordinates>-48.177613,-8.973358,0</coordinates></Point></Placemark>
<Placemark><name>36348748</name><description>AL02065015</description><styleUrl>#stPoste</styleUrl><Point><coordinates>-48.15488,-8.969538,0</coordinates></Point></Placemark>
<Placemark><name>60772991</name><description>AL02065015</description><styleUrl>#stPoste</styleUrl><Point><coordinates>-48.169561,-8.976632,0</coordinates></Point></Placemark>
<Placemark><name>71891292</name><description>AL02065015</description><styleUrl>#stPoste</styleUrl><Point><coordinates>-48.176029,-8.97687,0</coordinates></Point></Placemark>
<Placemark><name>71891647</name><description>AL02065015</description><styleUrl>#stPoste</styleUrl><Point><coordinates>-48.176266,-8.972957,0</coordinates></Point></Placemark>
<Placemark><name>962709</name><description>AL02065015</description><styleUrl>#stPoste</styleUrl><Point><coordinates>-48.172709,-8.974807,0</coordinates></Point></Placemark>
<Placemark><name>963915</name><description>AL02065015</description><styleUrl>#stPoste</styleUrl><Point><coordinates>-48.156315,-8.962262,0</coordinates></Point></Placemark>
<Placemark><name>963916</name><description>AL02065015</description><styleUrl>#stPoste</styleUrl><Point><coordinates>-48.156755,-8.969143,0</coordinates></Point></Placemark>
<Placemark><name>964238</name><description>AL02065015</description><styleUrl>#stPoste</styleUrl><Point><coordinates>-48.157106,-8.960444,0</coordinates></Point></Placemark>
<Placemark><name>965596</name><description>AL02065015</description><styleUrl>#stPoste</styleUrl><Point><coordinates>-48.156185,-8.95587,0</coordinates></Point></Placemark>
<Placemark><name>969164</name><description>AL02065015</description><styleUrl>#stPoste</styleUrl><Point><coordinates>-48.171274,-8.972385,0</coordinates></Point></Placemark>
<Placemark><name>970409</name><description>AL02065015</description><styleUrl>#stPoste</styleUrl><Point><coordinates>-48.174177,-8.976686,0</coordinates></Point></Placemark>
<Placemark><name>981766</name><description>AL02065015</description><styleUrl>#stPoste</styleUrl><Point><coordinates>-48.161723,-8.960389,0</coordinates></Point></Placemark>
<Placemark><name>981787</name><description>AL02065015</description><styleUrl>#stPoste</styleUrl><Point><coordinates>-48.174602,-8.970094,0</coordinates></Point></Placemark>
<Placemark><name>1429827</name><description>AL02065015</description><styleUrl>#stPoste</styleUrl><Point><coordinates>-48.157926,-8.967038,0</coordinates></Point></Placemark>
<Placemark><name>1445489</name><description>AL02065015</description><styleUrl>#stPoste</styleUrl><Point><coordinates>-48.176437,-8.975088,0</coordinates></Point></Placemark>
<Placemark><name>1791940</name><description>AL02065015</description><styleUrl>#stPoste</styleUrl><Point><coordinates>-48.159152,-8.96418,0</coordinates></Point></Placemark>
<Placemark><name>1792077</name><description>AL02065015</description><styleUrl>#stPoste</styleUrl><Point><coordinates>-48.162068,-8.964791,0</coordinates></Point></Placemark>
<Placemark><name>1792684</name><description>AL02065015</description><styleUrl>#stPoste</styleUrl><Point><coordinates>-48.171671,-8.976875,0</coordinates></Point></Placemark>
<Placemark><name>1792833</name><description>AL02065015</description><styleUrl>#stPoste</styleUrl><Point><coordinates>-48.175396,-8.970913,0</coordinates></Point></Placemark>
<Placemark><name>1793093</name><description>AL02065015</description><styleUrl>#stPoste</styleUrl><Point><coordinates>-48.175078,-8.968705,0</coordinates></Point></Placemark>
<Placemark><name>1793421</name><description>AL02065015</description><styleUrl>#stPoste</styleUrl><Point><coordinates>-48.173385,-8.976172,0</coordinates></Point></Placemark>
<Placemark><name>1794401</name><description>AL02065015</description><styleUrl>#stPoste</styleUrl><Point><coordinates>-48.165959,-8.964379,0</coordinates></Point></Placemark>
<Placemark><name>1794667</name><description>AL02065015</description><styleUrl>#stPoste</styleUrl><Point><coordinates>-48.162805,-8.962665,0</coordinates></Point></Placemark>
<Placemark><name>1794690</name><description>AL02065015</description><styleUrl>#stPoste</styleUrl><Point><coordinates>-48.173071,-8.970091,0</coordinates></Point></Placemark>
<Placemark><name>1794715</name><description>AL02065015</description><styleUrl>#stPoste</styleUrl><Point><coordinates>-48.175224,-8.972871,0</coordinates></Point></Placemark>
<Placemark><name>1794753</name><description>AL02065015</description><styleUrl>#stPoste</styleUrl><Point><coordinates>-48.172558,-8.97426,0</coordinates></Point></Placemark>
<Placemark><name>1799198</name><description>AL02065015</description><styleUrl>#stPoste</styleUrl><Point><coordinates>-48.15833,-8.966182,0</coordinates></Point></Placemark>
<Placemark><name>1799199</name><description>AL02065015</description><styleUrl>#stPoste</styleUrl><Point><coordinates>-48.163343,-8.963171,0</coordinates></Point></Placemark>
<Placemark><name>1834158</name><description>AL02065015</description><styleUrl>#stPoste</styleUrl><Point><coordinates>-48.177726,-8.972919,0</coordinates></Point></Placemark>
<Placemark><name>99477</name><description>AL02065015</description><styleUrl>#stPoste</styleUrl><Point><coordinates>-48.173247,-8.971926,0</coordinates></Point></Placemark>
<Placemark><name>121412</name><description>AL02065015</description><styleUrl>#stPoste</styleUrl><Point><coordinates>-48.17655,-8.97669,0</coordinates></Point></Placemark>
<Placemark><name>136124</name><description>AL02065015</description><styleUrl>#stPoste</styleUrl><Point><coordinates>-48.163455,-8.96647,0</coordinates></Point></Placemark>
<Placemark><name>137782</name><description>AL02065015</description><styleUrl>#stPoste</styleUrl><Point><coordinates>-48.173441,-8.972505,0</coordinates></Point></Placemark>
<Placemark><name>962708</name><description>AL02065015</description><styleUrl>#stPoste</styleUrl><Point><coordinates>-48.173676,-8.974824,0</coordinates></Point></Placemark>
<Placemark><name>964240</name><description>AL02065015</description><styleUrl>#stPoste</styleUrl><Point><coordinates>-48.157869,-8.962237,0</coordinates></Point></Placemark>
<Placemark><name>964247</name><description>AL02065015</description><styleUrl>#stPoste</styleUrl><Point><coordinates>-48.158804,-8.968523,0</coordinates></Point></Placemark>
<Placemark><name>964577</name><description>AL02065015</description><styleUrl>#stPoste</styleUrl><Point><coordinates>-48.164347,-8.964323,0</coordinates></Point></Placemark>
<Placemark><name>965602</name><description>AL02065015</description><styleUrl>#stPoste</styleUrl><Point><coordinates>-48.165086,-8.96692,0</coordinates></Point></Placemark>
<Placemark><name>967218</name><description>AL02065015</description><styleUrl>#stPoste</styleUrl><Point><coordinates>-48.175944,-8.968667,0</coordinates></Point></Placemark>
<Placemark><name>968880</name><description>AL02065015</description><styleUrl>#stPoste</styleUrl><Point><coordinates>-48.171592,-8.972314,0</coordinates></Point></Placemark>
<Placemark><name>970407</name><description>AL02065015</description><styleUrl>#stPoste</styleUrl><Point><coordinates>-48.173504,-8.976739,0</coordinates></Point></Placemark>
<Placemark><name>977752</name><description>AL02065015</description><styleUrl>#stPoste</styleUrl><Point><coordinates>-48.161761,-8.961937,0</coordinates></Point></Placemark>
<Placemark><name>978144</name><description>AL02065015</description><styleUrl>#stPoste</styleUrl><Point><coordinates>-48.173591,-8.973607,0</coordinates></Point></Placemark>
<Placemark><name>1471897</name><description>AL02065015</description><styleUrl>#stPoste</styleUrl><Point><coordinates>-48.158643,-8.96283,0</coordinates></Point></Placemark>
<Placemark><name>1792212</name><description>AL02065015</description><styleUrl>#stPoste</styleUrl><Point><coordinates>-48.161027,-8.963863,0</coordinates></Point></Placemark>
<Placemark><name>1792319</name><description>AL02065015</description><styleUrl>#stPoste</styleUrl><Point><coordinates>-48.160584,-8.967395,0</coordinates></Point></Placemark>
<Placemark><name>1792890</name><description>AL02065015</description><styleUrl>#stPoste</styleUrl><Point><coordinates>-48.177014,-8.96842,0</coordinates></Point></Placemark>
<Placemark><name>1793618</name><description>AL02065015</description><styleUrl>#stPoste</styleUrl><Point><coordinates>-48.176497,-8.974922,0</coordinates></Point></Placemark>
<Placemark><name>1794380</name><description>AL02065015</description><styleUrl>#stPoste</styleUrl><Point><coordinates>-48.175289,-8.976745,0</coordinates></Point></Placemark>
<Placemark><name>1794889</name><description>AL02065015</description><styleUrl>#stPoste</styleUrl><Point><coordinates>-48.169053,-8.973696,0</coordinates></Point></Placemark>
<Placemark><name>1799197</name><description>AL02065015</description><styleUrl>#stPoste</styleUrl><Point><coordinates>-48.15865,-8.96606,0</coordinates></Point></Placemark>
<Placemark><name>1799242</name><description>AL02065015</description><styleUrl>#stPoste</styleUrl><Point><coordinates>-48.175211,-8.973959,0</coordinates></Point></Placemark>
<Placemark><name>1799299</name><description>AL02065015</description><styleUrl>#stPoste</styleUrl><Point><coordinates>-48.171914,-8.970439,0</coordinates></Point></Placemark>
<Placemark><name>22475959</name><description>AL02065015</description><styleUrl>#stPoste</styleUrl><Point><coordinates>-48.158615,-8.957617,0</coordinates></Point></Placemark>
<Placemark><name>22475967</name><description>AL02065015</description><styleUrl>#stPoste</styleUrl><Point><coordinates>-48.159495,-8.958765,0</coordinates></Point></Placemark>
<Placemark><name>28958873</name><description>AL02065015</description><styleUrl>#stPoste</styleUrl><Point><coordinates>-48.16809,-8.964325,0</coordinates></Point></Placemark>
<Placemark><name>28958908</name><description>AL02065015</description><styleUrl>#stPoste</styleUrl><Point><coordinates>-48.164522,-8.963543,0</coordinates></Point></Placemark>
<Placemark><name>36254286</name><description>AL02065015</description><styleUrl>#stPoste</styleUrl><Point><coordinates>-48.170657,-8.973174,0</coordinates></Point></Placemark>
<Placemark><name>967221</name><description>AL02065015</description><styleUrl>#stPoste</styleUrl><Point><coordinates>-48.174813,-8.969013,0</coordinates></Point></Placemark>
<Placemark><name>968258</name><description>AL02065015</description><styleUrl>#stPoste</styleUrl><Point><coordinates>-48.172394,-8.971157,0</coordinates></Point></Placemark>
<Placemark><name>969165</name><description>AL02065015</description><styleUrl>#stPoste</styleUrl><Point><coordinates>-48.176052,-8.969757,0</coordinates></Point></Placemark>
<Placemark><name>969196</name><description>AL02065015</description><styleUrl>#stPoste</styleUrl><Point><coordinates>-48.173027,-8.971101,0</coordinates></Point></Placemark>
<Placemark><name>979341</name><description>AL02065015</description><styleUrl>#stPoste</styleUrl><Point><coordinates>-48.176116,-8.9699,0</coordinates></Point></Placemark>
<Placemark><name>981028</name><description>AL02065015</description><styleUrl>#stPoste</styleUrl><Point><coordinates>-48.162418,-8.959402,0</coordinates></Point></Placemark>
<Placemark><name>1791710</name><description>AL02065015</description><styleUrl>#stPoste</styleUrl><Point><coordinates>-48.171773,-8.977384,0</coordinates></Point></Placemark>
<Placemark><name>1792006</name><description>AL02065015</description><styleUrl>#stPoste</styleUrl><Point><coordinates>-48.158857,-8.967625,0</coordinates></Point></Placemark>
<Placemark><name>1792208</name><description>AL02065015</description><styleUrl>#stPoste</styleUrl><Point><coordinates>-48.167581,-8.964048,0</coordinates></Point></Placemark>
<Placemark><name>1792384</name><description>AL02065015</description><styleUrl>#stPoste</styleUrl><Point><coordinates>-48.161974,-8.960746,0</coordinates></Point></Placemark>
<Placemark><name>1792385</name><description>AL02065015</description><styleUrl>#stPoste</styleUrl><Point><coordinates>-48.161719,-8.960613,0</coordinates></Point></Placemark>
<Placemark><name>1792444</name><description>AL02065015</description><styleUrl>#stPoste</styleUrl><Point><coordinates>-48.166013,-8.966292,0</coordinates></Point></Placemark>
<Placemark><name>1792561</name><description>AL02065015</description><styleUrl>#stPoste</styleUrl><Point><coordinates>-48.157921,-8.965664,0</coordinates></Point></Placemark>
<Placemark><name>1792881</name><description>AL02065015</description><styleUrl>#stPoste</styleUrl><Point><coordinates>-48.177783,-8.976028,0</coordinates></Point></Placemark>
<Placemark><name>1793001</name><description>AL02065015</description><styleUrl>#stPoste</styleUrl><Point><coordinates>-48.176704,-8.968493,0</coordinates></Point></Placemark>
<Placemark><name>1793089</name><description>AL02065015</description><styleUrl>#stPoste</styleUrl><Point><coordinates>-48.17713,-8.977709,0</coordinates></Point></Placemark>
<Placemark><name>1793280</name><description>AL02065015</description><styleUrl>#stPoste</styleUrl><Point><coordinates>-48.173858,-8.97103,0</coordinates></Point></Placemark>
<Placemark><name>1793777</name><description>AL02065015</description><styleUrl>#stPoste</styleUrl><Point><coordinates>-48.1731,-8.970394,0</coordinates></Point></Placemark>
<Placemark><name>1794672</name><description>AL02065015</description><styleUrl>#stPoste</styleUrl><Point><coordinates>-48.161747,-8.964034,0</coordinates></Point></Placemark>
<Placemark><name>1794733</name><description>AL02065015</description><styleUrl>#stPoste</styleUrl><Point><coordinates>-48.169602,-8.971547,0</coordinates></Point></Placemark>
<Placemark><name>1794760</name><description>AL02065015</description><styleUrl>#stPoste</styleUrl><Point><coordinates>-48.17162,-8.974049,0</coordinates></Point></Placemark>
<Placemark><name>1794825</name><description>AL02065015</description><styleUrl>#stPoste</styleUrl><Point><coordinates>-48.175155,-8.974138,0</coordinates></Point></Placemark>
<Placemark><name>1799245</name><description>AL02065015</description><styleUrl>#stPoste</styleUrl><Point><coordinates>-48.171449,-8.974059,0</coordinates></Point></Placemark>
<Placemark><name>1802769</name><description>AL02065015</description><styleUrl>#stPoste</styleUrl><Point><coordinates>-48.15727,-8.967411,0</coordinates></Point></Placemark>
<Placemark><name>1816674</name><description>AL02065015</description><styleUrl>#stPoste</styleUrl><Point><coordinates>-48.163873,-8.958092,0</coordinates></Point></Placemark>
<Placemark><name>1816679</name><description>AL02065015</description><styleUrl>#stPoste</styleUrl><Point><coordinates>-48.163872,-8.958253,0</coordinates></Point></Placemark>
<Placemark><name>1817451</name><description>AL02065015</description><styleUrl>#stPoste</styleUrl><Point><coordinates>-48.161381,-8.966606,0</coordinates></Point></Placemark>
<Placemark><name>1817455</name><description>AL02065015</description><styleUrl>#stPoste</styleUrl><Point><coordinates>-48.160166,-8.96711,0</coordinates></Point></Placemark>
<Placemark><name>1834354</name><description>AL02065015</description><styleUrl>#stPoste</styleUrl><Point><coordinates>-48.176081,-8.973378,0</coordinates></Point></Placemark>
<Placemark><name>1843956</name><description>AL02065015</description><styleUrl>#stPoste</styleUrl><Point><coordinates>-48.163449,-8.961611,0</coordinates></Point></Placemark>
<Placemark><name>1861132</name><description>AL02065015</description><styleUrl>#stPoste</styleUrl><Point><coordinates>-48.164546,-8.95935,0</coordinates></Point></Placemark>
<Placemark><name>1878869</name><description>AL02065015</description><styleUrl>#stPoste</styleUrl><Point><coordinates>-48.169496,-8.973584,0</coordinates></Point></Placemark>
<Placemark><name>22476065</name><description>AL02065015</description><styleUrl>#stPoste</styleUrl><Point><coordinates>-48.162019,-8.958982,0</coordinates></Point></Placemark>
<Placemark><name>22476114</name><description>AL02065015</description><styleUrl>#stPoste</styleUrl><Point><coordinates>-48.161425,-8.958513,0</coordinates></Point></Placemark>
<Placemark><name>36254298</name><description>AL02065015</description><styleUrl>#stPoste</styleUrl><Point><coordinates>-48.169411,-8.972118,0</coordinates></Point></Placemark>
<Placemark><name>71891274</name><description>AL02065015</description><styleUrl>#stPoste</styleUrl><Point><coordinates>-48.175109,-8.978461,0</coordinates></Point></Placemark>
<Placemark><name>74187439</name><description>AL02065015</description><styleUrl>#stPoste</styleUrl><Point><coordinates>-48.175275,-8.974504,0</coordinates></Point></Placemark>
<Placemark><name>99481</name><description>AL02065015</description><styleUrl>#stPoste</styleUrl><Point><coordinates>-48.176012,-8.969047,0</coordinates></Point></Placemark>
<Placemark><name>136125</name><description>AL02065015</description><styleUrl>#stPoste</styleUrl><Point><coordinates>-48.166149,-8.966946,0</coordinates></Point></Placemark>
<Placemark><name>136127</name><description>AL02065015</description><styleUrl>#stPoste</styleUrl><Point><coordinates>-48.166561,-8.966487,0</coordinates></Point></Placemark>
<Placemark><name>230924</name><description>AL02065015</description><styleUrl>#stPoste</styleUrl><Point><coordinates>-48.15863,-8.963322,0</coordinates></Point></Placemark>
<Placemark><name>297043</name><description>AL02065015</description><styleUrl>#stPoste</styleUrl><Point><coordinates>-48.164826,-8.96372,0</coordinates></Point></Placemark>
<Placemark><name>952214</name><description>AL02065015</description><styleUrl>#stPoste</styleUrl><Point><coordinates>-48.163854,-8.964945,0</coordinates></Point></Placemark>
<Placemark><name>953228</name><description>AL02065015</description><styleUrl>#stPoste</styleUrl><Point><coordinates>-48.161868,-8.966161,0</coordinates></Point></Placemark>
<Placemark><name>964576</name><description>AL02065015</description><styleUrl>#stPoste</styleUrl><Point><coordinates>-48.164596,-8.964009,0</coordinates></Point></Placemark>
<Placemark><name>968551</name><description>AL02065015</description><styleUrl>#stPoste</styleUrl><Point><coordinates>-48.174749,-8.968335,0</coordinates></Point></Placemark>
<Placemark><name>978853</name><description>AL02065015</description><styleUrl>#stPoste</styleUrl><Point><coordinates>-48.1654,-8.962945,0</coordinates></Point></Placemark>
<Placemark><name>1791935</name><description>AL02065015</description><styleUrl>#stPoste</styleUrl><Point><coordinates>-48.159997,-8.960234,0</coordinates></Point></Placemark>
<Placemark><name>1792452</name><description>AL02065015</description><styleUrl>#stPoste</styleUrl><Point><coordinates>-48.157999,-8.967103,0</coordinates></Point></Placemark>
<Placemark><name>1792455</name><description>AL02065015</description><styleUrl>#stPoste</styleUrl><Point><coordinates>-48.167845,-8.964197,0</coordinates></Point></Placemark>
<Placemark><name>1792834</name><description>AL02065015</description><styleUrl>#stPoste</styleUrl><Point><coordinates>-48.175674,-8.970892,0</coordinates></Point></Placemark>
<Placemark><name>1792894</name><description>AL02065015</description><styleUrl>#stPoste</styleUrl><Point><coordinates>-48.170188,-8.971313,0</coordinates></Point></Placemark>
<Placemark><name>1793011</name><description>AL02065015</description><styleUrl>#stPoste</styleUrl><Point><coordinates>-48.175068,-8.971736,0</coordinates></Point></Placemark>
<Placemark><name>1793087</name><description>AL02065015</description><styleUrl>#stPoste</styleUrl><Point><coordinates>-48.172532,-8.977546,0</coordinates></Point></Placemark>
<Placemark><name>1793433</name><description>AL02065015</description><styleUrl>#stPoste</styleUrl><Point><coordinates>-48.177032,-8.975813,0</coordinates></Point></Placemark>
<Placemark><name>1793617</name><description>AL02065015</description><styleUrl>#stPoste</styleUrl><Point><coordinates>-48.176961,-8.974418,0</coordinates></Point></Placemark>
<Placemark><name>1793778</name><description>AL02065015</description><styleUrl>#stPoste</styleUrl><Point><coordinates>-48.173132,-8.970723,0</coordinates></Point></Placemark>
<Placemark><name>1793852</name><description>AL02065015</description><styleUrl>#stPoste</styleUrl><Point><coordinates>-48.173888,-8.976133,0</coordinates></Point></Placemark>
<Placemark><name>1794402</name><description>AL02065015</description><styleUrl>#stPoste</styleUrl><Point><coordinates>-48.166295,-8.964574,0</coordinates></Point></Placemark>
<Placemark><name>1794429</name><description>AL02065015</description><styleUrl>#stPoste</styleUrl><Point><coordinates>-48.170306,-8.970538,0</coordinates></Point></Placemark>
<Placemark><name>1794565</name><description>AL02065015</description><styleUrl>#stPoste</styleUrl><Point><coordinates>-48.16829,-8.96554,0</coordinates></Point></Placemark>
<Placemark><name>1794662</name><description>AL02065015</description><styleUrl>#stPoste</styleUrl><Point><coordinates>-48.163996,-8.961124,0</coordinates></Point></Placemark>
<Placemark><name>1794682</name><description>AL02065015</description><styleUrl>#stPoste</styleUrl><Point><coordinates>-48.176444,-8.96648,0</coordinates></Point></Placemark>
<Placemark><name>1794713</name><description>AL02065015</description><styleUrl>#stPoste</styleUrl><Point><coordinates>-48.163791,-8.967703,0</coordinates></Point></Placemark>
<Placemark><name>1794817</name><description>AL02065015</description><styleUrl>#stPoste</styleUrl><Point><coordinates>-48.161618,-8.959318,0</coordinates></Point></Placemark>
<Placemark><name>1799235</name><description>AL02065015</description><styleUrl>#stPoste</styleUrl><Point><coordinates>-48.17007,-8.97321,0</coordinates></Point></Placemark>
<Placemark><name>1799240</name><description>AL02065015</description><styleUrl>#stPoste</styleUrl><Point><coordinates>-48.171025,-8.970413,0</coordinates></Point></Placemark>
<Placemark><name>1799307</name><description>AL02065015</description><styleUrl>#stPoste</styleUrl><Point><coordinates>-48.17194,-8.973103,0</coordinates></Point></Placemark>
<Placemark><name>1799367</name><description>AL02065015</description><styleUrl>#stPoste</styleUrl><Point><coordinates>-48.167666,-8.967707,0</coordinates></Point></Placemark>
<Placemark><name>1802589</name><description>AL02065015</description><styleUrl>#stPoste</styleUrl><Point><coordinates>-48.159058,-8.968707,0</coordinates></Point></Placemark>
<Placemark><name>1816547</name><description>AL02065015</description><styleUrl>#stPoste</styleUrl><Point><coordinates>-48.162871,-8.957573,0</coordinates></Point></Placemark>
<Placemark><name>1817449</name><description>AL02065015</description><styleUrl>#stPoste</styleUrl><Point><coordinates>-48.16194,-8.966381,0</coordinates></Point></Placemark>
<Placemark><name>1817450</name><description>AL02065015</description><styleUrl>#stPoste</styleUrl><Point><coordinates>-48.161679,-8.966485,0</coordinates></Point></Placemark>
<Placemark><name>1817618</name><description>AL02065015</description><styleUrl>#stPoste</styleUrl><Point><coordinates>-48.177053,-8.976984,0</coordinates></Point></Placemark>
<Placemark><name>26738795</name><description>AL02065015</description><styleUrl>#stPoste</styleUrl><Point><coordinates>-48.175167,-8.976615,0</coordinates></Point></Placemark>
<Placemark><name>28778598</name><description>AL02065015</description><styleUrl>#stPoste</styleUrl><Point><coordinates>-48.174756,-8.977158,0</coordinates></Point></Placemark>
<Placemark><name>29568551</name><description>AL02065015</description><styleUrl>#stPoste</styleUrl><Point><coordinates>-48.164225,-8.9623,0</coordinates></Point></Placemark>
<Placemark><name>29568627</name><description>AL02065015</description><styleUrl>#stPoste</styleUrl><Point><coordinates>-48.164961,-8.961011,0</coordinates></Point></Placemark>
<Placemark><name>32407516</name><description>AL02065015</description><styleUrl>#stPoste</styleUrl><Point><coordinates>-48.175424,-8.975848,0</coordinates></Point></Placemark>
<Placemark><name>71891359</name><description>AL02065015</description><styleUrl>#stPoste</styleUrl><Point><coordinates>-48.176305,-8.973491,0</coordinates></Point></Placemark>
<Placemark><name>71891491</name><description>AL02065015</description><styleUrl>#stPoste</styleUrl><Point><coordinates>-48.174892,-8.97214,0</coordinates></Point></Placemark>
<Placemark><name>952215</name><description>AL02065015</description><styleUrl>#stPoste</styleUrl><Point><coordinates>-48.163594,-8.965273,0</coordinates></Point></Placemark>
<Placemark><name>952893</name><description>AL02065015</description><styleUrl>#stPoste</styleUrl><Point><coordinates>-48.160966,-8.96537,0</coordinates></Point></Placemark>
<Placemark><name>953219</name><description>AL02065015</description><styleUrl>#stPoste</styleUrl><Point><coordinates>-48.166347,-8.966725,0</coordinates></Point></Placemark>
<Placemark><name>971216</name><description>AL02065015</description><styleUrl>#stPoste</styleUrl><Point><coordinates>-48.173377,-8.973289,0</coordinates></Point></Placemark>
<Placemark><name>981764</name><description>AL02065015</description><styleUrl>#stPoste</styleUrl><Point><coordinates>-48.16218,-8.95974,0</coordinates></Point></Placemark>
<Placemark><name>981769</name><description>AL02065015</description><styleUrl>#stPoste</styleUrl><Point><coordinates>-48.16099,-8.961406,0</coordinates></Point></Placemark>
<Placemark><name>982536</name><description>AL02065015</description><styleUrl>#stPoste</styleUrl><Point><coordinates>-48.176941,-8.974045,0</coordinates></Point></Placemark>
<Placemark><name>982541</name><description>AL02065015</description><styleUrl>#stPoste</styleUrl><Point><coordinates>-48.170692,-8.97042,0</coordinates></Point></Placemark>
<Placemark><name>1089774</name><description>AL02065015</description><styleUrl>#stPoste</styleUrl><Point><coordinates>-48.168793,-8.967116,0</coordinates></Point></Placemark>
<Placemark><name>1792155</name><description>AL02065015</description><styleUrl>#stPoste</styleUrl><Point><coordinates>-48.160216,-8.966176,0</coordinates></Point></Placemark>
<Placemark><name>1792600</name><description>AL02065015</description><styleUrl>#stPoste</styleUrl><Point><coordinates>-48.159609,-8.96232,0</coordinates></Point></Placemark>
<Placemark><name>1792614</name><description>AL02065015</description><styleUrl>#stPoste</styleUrl><Point><coordinates>-48.16753,-8.964642,0</coordinates></Point></Placemark>
<Placemark><name>1793112</name><description>AL02065015</description><styleUrl>#stPoste</styleUrl><Point><coordinates>-48.175128,-8.972375,0</coordinates></Point></Placemark>
<Placemark><name>1794519</name><description>AL02065015</description><styleUrl>#stPoste</styleUrl><Point><coordinates>-48.173908,-8.974245,0</coordinates></Point></Placemark>
<Placemark><name>1794576</name><description>AL02065015</description><styleUrl>#stPoste</styleUrl><Point><coordinates>-48.176598,-8.969739,0</coordinates></Point></Placemark>
<Placemark><name>1794708</name><description>AL02065015</description><styleUrl>#stPoste</styleUrl><Point><coordinates>-48.164727,-8.967095,0</coordinates></Point></Placemark>
<Placemark><name>1794819</name><description>AL02065015</description><styleUrl>#stPoste</styleUrl><Point><coordinates>-48.158869,-8.963013,0</coordinates></Point></Placemark>
<Placemark><name>1799233</name><description>AL02065015</description><styleUrl>#stPoste</styleUrl><Point><coordinates>-48.171681,-8.973118,0</coordinates></Point></Placemark>
<Placemark><name>1834164</name><description>AL02065015</description><styleUrl>#stPoste</styleUrl><Point><coordinates>-48.177994,-8.974442,0</coordinates></Point></Placemark>
<Placemark><name>22475988</name><description>AL02065015</description><styleUrl>#stPoste</styleUrl><Point><coordinates>-48.15929,-8.959341,0</coordinates></Point></Placemark>
<Placemark><name>28958819</name><description>AL02065015</description><styleUrl>#stPoste</styleUrl><Point><coordinates>-48.166541,-8.964291,0</coordinates></Point></Placemark>
<Placemark><name>29568548</name><description>AL02065015</description><styleUrl>#stPoste</styleUrl><Point><coordinates>-48.164697,-8.961508,0</coordinates></Point></Placemark>
<Placemark><name>36254303</name><description>AL02065015</description><styleUrl>#stPoste</styleUrl><Point><coordinates>-48.16967,-8.971364,0</coordinates></Point></Placemark>
<Placemark><name>38302669</name><description>AL02065015</description><styleUrl>#stPoste</styleUrl><Point><coordinates>-48.172454,-8.972264,0</coordinates></Point></Placemark>
<Placemark><name>56114247</name><description>AL02065015</description><styleUrl>#stPoste</styleUrl><Point><coordinates>-48.173398,-8.969383,0</coordinates></Point></Placemark>
<Placemark><name>69111930</name><description>AL02065015</description><styleUrl>#stPoste</styleUrl><Point><coordinates>-48.176508,-8.970828,0</coordinates></Point></Placemark>
<Placemark><name>71891365</name><description>AL02065015</description><styleUrl>#stPoste</styleUrl><Point><coordinates>-48.176286,-8.973206,0</coordinates></Point></Placemark>
<Placemark><name>71891401</name><description>AL02065015</description><styleUrl>#stPoste</styleUrl><Point><coordinates>-48.176439,-8.97208,0</coordinates></Point></Placemark>
<Placemark><name>565038</name><description>AL02065015</description><styleUrl>#stPoste</styleUrl><Point><coordinates>-48.173282,-8.972299,0</coordinates></Point></Placemark>
<Placemark><name>952438</name><description>AL02065015</description><styleUrl>#stPoste</styleUrl><Point><coordinates>-48.17354,-8.974985,0</coordinates></Point></Placemark>
<Placemark><name>963911</name><description>AL02065015</description><styleUrl>#stPoste</styleUrl><Point><coordinates>-48.162236,-8.962303,0</coordinates></Point></Placemark>
<Placemark><name>964747</name><description>AL02065015</description><styleUrl>#stPoste</styleUrl><Point><coordinates>-48.173662,-8.97625,0</coordinates></Point></Placemark>
<Placemark><name>967563</name><description>AL02065015</description><styleUrl>#stPoste</styleUrl><Point><coordinates>-48.174923,-8.970195,0</coordinates></Point></Placemark>
<Placemark><name>968543</name><description>AL02065015</description><styleUrl>#stPoste</styleUrl><Point><coordinates>-48.175978,-8.96846,0</coordinates></Point></Placemark>
<Placemark><name>969166</name><description>AL02065015</description><styleUrl>#stPoste</styleUrl><Point><coordinates>-48.176071,-8.970048,0</coordinates></Point></Placemark>
<Placemark><name>979968</name><description>AL02065015</description><styleUrl>#stPoste</styleUrl><Point><coordinates>-48.160212,-8.964709,0</coordinates></Point></Placemark>
<Placemark><name>981770</name><description>AL02065015</description><styleUrl>#stPoste</styleUrl><Point><coordinates>-48.160835,-8.961606,0</coordinates></Point></Placemark>
<Placemark><name>1067350</name><description>AL02065015</description><styleUrl>#stPoste</styleUrl><Point><coordinates>-48.163027,-8.958575,0</coordinates></Point></Placemark>
<Placemark><name>1097060</name><description>AL02065015</description><styleUrl>#stPoste</styleUrl><Point><coordinates>-48.173698,-8.976646,0</coordinates></Point></Placemark>
<Placemark><name>1791759</name><description>AL02065015</description><styleUrl>#stPoste</styleUrl><Point><coordinates>-48.174786,-8.977354,0</coordinates></Point></Placemark>
<Placemark><name>1792000</name><description>AL02065015</description><styleUrl>#stPoste</styleUrl><Point><coordinates>-48.158073,-8.965885,0</coordinates></Point></Placemark>
<Placemark><name>1792310</name><description>AL02065015</description><styleUrl>#stPoste</styleUrl><Point><coordinates>-48.160026,-8.966193,0</coordinates></Point></Placemark>
<Placemark><name>1792563</name><description>AL02065015</description><styleUrl>#stPoste</styleUrl><Point><coordinates>-48.159521,-8.960255,0</coordinates></Point></Placemark>
<Placemark><name>1792612</name><description>AL02065015</description><styleUrl>#stPoste</styleUrl><Point><coordinates>-48.165201,-8.967497,0</coordinates></Point></Placemark>
<Placemark><name>1793005</name><description>AL02065015</description><styleUrl>#stPoste</styleUrl><Point><coordinates>-48.175433,-8.968659,0</coordinates></Point></Placemark>
<Placemark><name>1793082</name><description>AL02065015</description><styleUrl>#stPoste</styleUrl><Point><coordinates>-48.173174,-8.977491,0</coordinates></Point></Placemark>
<Placemark><name>1793097</name><description>AL02065015</description><styleUrl>#stPoste</styleUrl><Point><coordinates>-48.17391,-8.96723,0</coordinates></Point></Placemark>
<Placemark><name>1793614</name><description>AL02065015</description><styleUrl>#stPoste</styleUrl><Point><coordinates>-48.177013,-8.975444,0</coordinates></Point></Placemark>
<Placemark><name>1794525</name><description>AL02065015</description><styleUrl>#stPoste</styleUrl><Point><coordinates>-48.177389,-8.971979,0</coordinates></Point></Placemark>
<Placemark><name>1794619</name><description>AL02065015</description><styleUrl>#stPoste</styleUrl><Point><coordinates>-48.172821,-8.974241,0</coordinates></Point></Placemark>
<Placemark><name>1794680</name><description>AL02065015</description><styleUrl>#stPoste</styleUrl><Point><coordinates>-48.176184,-8.966372,0</coordinates></Point></Placemark>
<Placemark><name>1794716</name><description>AL02065015</description><styleUrl>#stPoste</styleUrl><Point><coordinates>-48.175537,-8.972948,0</coordinates></Point></Placemark>
<Placemark><name>1794812</name><description>AL02065015</description><styleUrl>#stPoste</styleUrl><Point><coordinates>-48.16143,-8.970189,0</coordinates></Point></Placemark>
<Placemark><name>1794818</name><description>AL02065015</description><styleUrl>#stPoste</styleUrl><Point><coordinates>-48.161385,-8.959637,0</coordinates></Point></Placemark>
<Placemark><name>1799228</name><description>AL02065015</description><styleUrl>#stPoste</styleUrl><Point><coordinates>-48.162989,-8.968571,0</coordinates></Point></Placemark>
<Placemark><name>1799234</name><description>AL02065015</description><styleUrl>#stPoste</styleUrl><Point><coordinates>-48.169699,-8.973218,0</coordinates></Point></Placemark>
<Placemark><name>1799301</name><description>AL02065015</description><styleUrl>#stPoste</styleUrl><Point><coordinates>-48.172589,-8.970352,0</coordinates></Point></Placemark>
<Placemark><name>1816544</name><description>AL02065015</description><styleUrl>#stPoste</styleUrl><Point><coordinates>-48.162313,-8.95833,0</coordinates></Point></Placemark>
<Placemark><name>1828948</name><description>AL02065015</description><styleUrl>#stPoste</styleUrl><Point><coordinates>-48.16414,-8.959858,0</coordinates></Point></Placemark>
<Placemark><name>22475977</name><description>AL02065015</description><styleUrl>#stPoste</styleUrl><Point><coordinates>-48.158837,-8.959022,0</coordinates></Point></Placemark>
<Placemark><name>28314910</name><description>AL02065015</description><styleUrl>#stPoste</styleUrl><Point><coordinates>-48.166105,-8.965349,0</coordinates></Point></Placemark>
<Placemark><name>28958781</name><description>AL02065015</description><styleUrl>#stPoste</styleUrl><Point><coordinates>-48.167848,-8.962305,0</coordinates></Point></Placemark>
<Placemark><name>28958788</name><description>AL02065015</description><styleUrl>#stPoste</styleUrl><Point><coordinates>-48.167518,-8.962799,0</coordinates></Point></Placemark>
<Placemark><name>28958947</name><description>AL02065015</description><styleUrl>#stPoste</styleUrl><Point><coordinates>-48.163012,-8.964738,0</coordinates></Point></Placemark>
<Placemark><name>36332267</name><description>AL02065015</description><styleUrl>#stPoste</styleUrl><Point><coordinates>-48.176793,-8.972224,0</coordinates></Point></Placemark>
<Placemark><name>155932</name><description>AL02065015</description><styleUrl>#stPoste</styleUrl><Point><coordinates>-48.165595,-8.965507,0</coordinates></Point></Placemark>
<Placemark><name>230925</name><description>AL02065015</description><styleUrl>#stPoste</styleUrl><Point><coordinates>-48.158957,-8.963609,0</coordinates></Point></Placemark>
<Placemark><name>653799</name><description>AL02065015</description><styleUrl>#stPoste</styleUrl><Point><coordinates>-48.174777,-8.968631,0</coordinates></Point></Placemark>
<Placemark><name>951865</name><description>AL02065015</description><styleUrl>#stPoste</styleUrl><Point><coordinates>-48.162063,-8.96705,0</coordinates></Point></Placemark>
<Placemark><name>963912</name><description>AL02065015</description><styleUrl>#stPoste</styleUrl><Point><coordinates>-48.16256,-8.961889,0</coordinates></Point></Placemark>
<Placemark><name>965262</name><description>AL02065015</description><styleUrl>#stPoste</styleUrl><Point><coordinates>-48.158015,-8.967241,0</coordinates></Point></Placemark>
<Placemark><name>977758</name><description>AL02065015</description><styleUrl>#stPoste</styleUrl><Point><coordinates>-48.164179,-8.963344,0</coordinates></Point></Placemark>
<Placemark><name>978033</name><description>AL02065015</description><styleUrl>#stPoste</styleUrl><Point><coordinates>-48.156252,-8.96925,0</coordinates></Point></Placemark>
<Placemark><name>979681</name><description>AL02065015</description><styleUrl>#stPoste</styleUrl><Point><coordinates>-48.177327,-8.97278,0</coordinates></Point></Placemark>
<Placemark><name>981786</name><description>AL02065015</description><styleUrl>#stPoste</styleUrl><Point><coordinates>-48.173961,-8.970176,0</coordinates></Point></Placemark>
<Placemark><name>1067351</name><description>AL02065015</description><styleUrl>#stPoste</styleUrl><Point><coordinates>-48.163178,-8.958369,0</coordinates></Point></Placemark>
<Placemark><name>1429826</name><description>AL02065015</description><styleUrl>#stPoste</styleUrl><Point><coordinates>-48.162739,-8.96696,0</coordinates></Point></Placemark>
<Placemark><name>1791698</name><description>AL02065015</description><styleUrl>#stPoste</styleUrl><Point><coordinates>-48.163351,-8.967365,0</coordinates></Point></Placemark>
<Placemark><name>1792161</name><description>AL02065015</description><styleUrl>#stPoste</styleUrl><Point><coordinates>-48.173506,-8.975547,0</coordinates></Point></Placemark>
<Placemark><name>1792261</name><description>AL02065015</description><styleUrl>#stPoste</styleUrl><Point><coordinates>-48.15985,-8.964968,0</coordinates></Point></Placemark>
<Placemark><name>1792264</name><description>AL02065015</description><styleUrl>#stPoste</styleUrl><Point><coordinates>-48.160407,-8.96466,0</coordinates></Point></Placemark>
<Placemark><name>1792386</name><description>AL02065015</description><styleUrl>#stPoste</styleUrl><Point><coordinates>-48.161434,-8.960465,0</coordinates></Point></Placemark>
<Placemark><name>1792523</name><description>AL02065015</description><styleUrl>#stPoste</styleUrl><Point><coordinates>-48.171732,-8.975668,0</coordinates></Point></Placemark>
<Placemark><name>1793086</name><description>AL02065015</description><styleUrl>#stPoste</styleUrl><Point><coordinates>-48.17713,-8.978008,0</coordinates></Point></Placemark>
<Placemark><name>1793273</name><description>AL02065015</description><styleUrl>#stPoste</styleUrl><Point><coordinates>-48.174603,-8.966776,0</coordinates></Point></Placemark>
<Placemark><name>1793628</name><description>AL02065015</description><styleUrl>#stPoste</styleUrl><Point><coordinates>-48.177645,-8.968987,0</coordinates></Point></Placemark>
<Placemark><name>1794709</name><description>AL02065015</description><styleUrl>#stPoste</styleUrl><Point><coordinates>-48.164473,-8.966881,0</coordinates></Point></Placemark>
<Placemark><name>1794761</name><description>AL02065015</description><styleUrl>#stPoste</styleUrl><Point><coordinates>-48.171604,-8.973604,0</coordinates></Point></Placemark>
<Placemark><name>1794813</name><description>AL02065015</description><styleUrl>#stPoste</styleUrl><Point><coordinates>-48.16184,-8.970371,0</coordinates></Point></Placemark>
<Placemark><name>1799203</name><description>AL02065015</description><styleUrl>#stPoste</styleUrl><Point><coordinates>-48.162526,-8.964209,0</coordinates></Point></Placemark>
<Placemark><name>1799204</name><description>AL02065015</description><styleUrl>#stPoste</styleUrl><Point><coordinates>-48.161431,-8.963545,0</coordinates></Point></Placemark>
<Placemark><name>1799274</name><description>AL02065015</description><styleUrl>#stPoste</styleUrl><Point><coordinates>-48.175816,-8.975288,0</coordinates></Point></Placemark>
<Placemark><name>1799292</name><description>AL02065015</description><styleUrl>#stPoste</styleUrl><Point><coordinates>-48.15975,-8.960864,0</coordinates></Point></Placemark>
<Placemark><name>1799310</name><description>AL02065015</description><styleUrl>#stPoste</styleUrl><Point><coordinates>-48.172865,-8.97305,0</coordinates></Point></Placemark>
<Placemark><name>1816678</name><description>AL02065015</description><styleUrl>#stPoste</styleUrl><Point><coordinates>-48.163013,-8.957375,0</coordinates></Point></Placemark>
<Placemark><name>1817615</name><description>AL02065015</description><styleUrl>#stPoste</styleUrl><Point><coordinates>-48.177159,-8.976175,0</coordinates></Point></Placemark>
<Placemark><name>1828947</name><description>AL02065015</description><styleUrl>#stPoste</styleUrl><Point><coordinates>-48.163931,-8.960277,0</coordinates></Point></Placemark>
<Placemark><name>1834160</name><description>AL02065015</description><styleUrl>#stPoste</styleUrl><Point><coordinates>-48.177714,-8.973546,0</coordinates></Point></Placemark>
<Placemark><name>1870331</name><description>AL02065015</description><styleUrl>#stPoste</styleUrl><Point><coordinates>-48.169637,-8.976346,0</coordinates></Point></Placemark>
<Placemark><name>22475958</name><description>AL02065015</description><styleUrl>#stPoste</styleUrl><Point><coordinates>-48.158715,-8.957365,0</coordinates></Point></Placemark>
<Placemark><name>22475989</name><description>AL02065015</description><styleUrl>#stPoste</styleUrl><Point><coordinates>-48.158715,-8.959028,0</coordinates></Point></Placemark>
<Placemark><name>22475990</name><description>AL02065015</description><styleUrl>#stPoste</styleUrl><Point><coordinates>-48.15941,-8.957154,0</coordinates></Point></Placemark>
<Placemark><name>28903119</name><description>AL02065015</description><styleUrl>#stPoste</styleUrl><Point><coordinates>-48.163526,-8.959655,0</coordinates></Point></Placemark>
<Placemark><name>36254294</name><description>AL02065015</description><styleUrl>#stPoste</styleUrl><Point><coordinates>-48.169475,-8.973079,0</coordinates></Point></Placemark>
<Placemark><name>99467</name><description>AL02065015</description><styleUrl>#stPoste</styleUrl><Point><coordinates>-48.173039,-8.974786,0</coordinates></Point></Placemark>
<Placemark><name>99471</name><description>AL02065015</description><styleUrl>#stPoste</styleUrl><Point><coordinates>-48.175203,-8.974737,0</coordinates></Point></Placemark>
<Placemark><name>951869</name><description>AL02065015</description><styleUrl>#stPoste</styleUrl><Point><coordinates>-48.160747,-8.9676,0</coordinates></Point></Placemark>
<Placemark><name>966064</name><description>AL02065015</description><styleUrl>#stPoste</styleUrl><Point><coordinates>-48.169114,-8.972326,0</coordinates></Point></Placemark>
<Placemark><name>968257</name><description>AL02065015</description><styleUrl>#stPoste</styleUrl><Point><coordinates>-48.172068,-8.971186,0</coordinates></Point></Placemark>
<Placemark><name>979287</name><description>AL02065015</description><styleUrl>#stPoste</styleUrl><Point><coordinates>-48.15965,-8.969376,0</coordinates></Point></Placemark>
<Placemark><name>979676</name><description>AL02065015</description><styleUrl>#stPoste</styleUrl><Point><coordinates>-48.176832,-8.973885,0</coordinates></Point></Placemark>
<Placemark><name>982502</name><description>AL02065015</description><styleUrl>#stPoste</styleUrl><Point><coordinates>-48.163821,-8.966312,0</coordinates></Point></Placemark>
<Placemark><name>1098672</name><description>AL02065015</description><styleUrl>#stPoste</styleUrl><Point><coordinates>-48.176042,-8.972898,0</coordinates></Point></Placemark>
<Placemark><name>1237051</name><description>AL02065015</description><styleUrl>#stPoste</styleUrl><Point><coordinates>-48.167489,-8.967554,0</coordinates></Point></Placemark>
<Placemark><name>1791998</name><description>AL02065015</description><styleUrl>#stPoste</styleUrl><Point><coordinates>-48.167935,-8.962859,0</coordinates></Point></Placemark>
<Placemark><name>1792081</name><description>AL02065015</description><styleUrl>#stPoste</styleUrl><Point><coordinates>-48.161436,-8.965594,0</coordinates></Point></Placemark>
<Placemark><name>1792451</name><description>AL02065015</description><styleUrl>#stPoste</styleUrl><Point><coordinates>-48.158182,-8.967027,0</coordinates></Point></Placemark>
<Placemark><name>1792521</name><description>AL02065015</description><styleUrl>#stPoste</styleUrl><Point><coordinates>-48.171361,-8.975599,0</coordinates></Point></Placemark>
<Placemark><name>1792522</name><description>AL02065015</description><styleUrl>#stPoste</styleUrl><Point><coordinates>-48.171674,-8.975512,0</coordinates></Point></Placemark>
<Placemark><name>1792686</name><description>AL02065015</description><styleUrl>#stPoste</styleUrl><Point><coordinates>-48.172199,-8.976836,0</coordinates></Point></Placemark>
<Placemark><name>1793345</name><description>AL02065015</description><styleUrl>#stPoste</styleUrl><Point><coordinates>-48.170848,-8.976269,0</coordinates></Point></Placemark>
<Placemark><name>1793629</name><description>AL02065015</description><styleUrl>#stPoste</styleUrl><Point><coordinates>-48.177568,-8.968613,0</coordinates></Point></Placemark>
<Placemark><name>1794472</name><description>AL02065015</description><styleUrl>#stPoste</styleUrl><Point><coordinates>-48.15943,-8.962289,0</coordinates></Point></Placemark>
<Placemark><name>1794571</name><description>AL02065015</description><styleUrl>#stPoste</styleUrl><Point><coordinates>-48.177303,-8.971208,0</coordinates></Point></Placemark>
<Placemark><name>1794610</name><description>AL02065015</description><styleUrl>#stPoste</styleUrl><Point><coordinates>-48.168768,-8.963649,0</coordinates></Point></Placemark>
<Placemark><name>1794688</name><description>AL02065015</description><styleUrl>#stPoste</styleUrl><Point><coordinates>-48.173047,-8.969417,0</coordinates></Point></Placemark>
<Placemark><name>1794814</name><description>AL02065015</description><styleUrl>#stPoste</styleUrl><Point><coordinates>-48.160508,-8.959798,0</coordinates></Point></Placemark>
<Placemark><name>1799302</name><description>AL02065015</description><styleUrl>#stPoste</styleUrl><Point><coordinates>-48.175113,-8.973036,0</coordinates></Point></Placemark>
<Placemark><name>1802590</name><description>AL02065015</description><styleUrl>#stPoste</styleUrl><Point><coordinates>-48.15936,-8.968489,0</coordinates></Point></Placemark>
<Placemark><name>1837271</name><description>AL02065015</description><styleUrl>#stPoste</styleUrl><Point><coordinates>-48.176213,-8.978077,0</coordinates></Point></Placemark>
<Placemark><name>1886892</name><description>AL02065015</description><styleUrl>#stPoste</styleUrl><Point><coordinates>-48.165259,-8.959908,0</coordinates></Point></Placemark>
<Placemark><name>22476186</name><description>AL02065015</description><styleUrl>#stPoste</styleUrl><Point><coordinates>-48.160369,-8.957668,0</coordinates></Point></Placemark>
<Placemark><name>22476190</name><description>AL02065015</description><styleUrl>#stPoste</styleUrl><Point><coordinates>-48.160649,-8.957155,0</coordinates></Point></Placemark>
<Placemark><name>27803812</name><description>AL02065015</description><styleUrl>#stPoste</styleUrl><Point><coordinates>-48.159089,-8.95707,0</coordinates></Point></Placemark>
<Placemark><name>31247438</name><description>AL02065015</description><styleUrl>#stPoste</styleUrl><Point><coordinates>-48.168534,-8.974252,0</coordinates></Point></Placemark>
<Placemark><name>32115353</name><description>AL02065015</description><styleUrl>#stPoste</styleUrl><Point><coordinates>-48.166797,-8.96368,0</coordinates></Point></Placemark>
<Placemark><name>42081250</name><description>AL02065015</description><styleUrl>#stPoste</styleUrl><Point><coordinates>-48.174068,-8.972969,0</coordinates></Point></Placemark>
<Placemark><name>50467384</name><description>AL02065015</description><styleUrl>#stPoste</styleUrl><Point><coordinates>-48.168478,-8.972434,0</coordinates></Point></Placemark>
<Placemark><name>71891280</name><description>AL02065015</description><styleUrl>#stPoste</styleUrl><Point><coordinates>-48.17561,-8.977579,0</coordinates></Point></Placemark>
<Placemark><name>136123</name><description>AL02065015</description><styleUrl>#stPoste</styleUrl><Point><coordinates>-48.1595,-8.968175,0</coordinates></Point></Placemark>
<Placemark><name>136130</name><description>AL02065015</description><styleUrl>#stPoste</styleUrl><Point><coordinates>-48.162547,-8.966782,0</coordinates></Point></Placemark>
<Placemark><name>951867</name><description>AL02065015</description><styleUrl>#stPoste</styleUrl><Point><coordinates>-48.161383,-8.967335,0</coordinates></Point></Placemark>
<Placemark><name>952443</name><description>AL02065015</description><styleUrl>#stPoste</styleUrl><Point><coordinates>-48.173515,-8.978107,0</coordinates></Point></Placemark>
<Placemark><name>953221</name><description>AL02065015</description><styleUrl>#stPoste</styleUrl><Point><coordinates>-48.165679,-8.967435,0</coordinates></Point></Placemark>
<Placemark><name>964248</name><description>AL02065015</description><styleUrl>#stPoste</styleUrl><Point><coordinates>-48.158492,-8.968679,0</coordinates></Point></Placemark>
<Placemark><name>964748</name><description>AL02065015</description><styleUrl>#stPoste</styleUrl><Point><coordinates>-48.176454,-8.975458,0</coordinates></Point></Placemark>
<Placemark><name>970410</name><description>AL02065015</description><styleUrl>#stPoste</styleUrl><Point><coordinates>-48.174529,-8.976661,0</coordinates></Point></Placemark>
<Placemark><name>971212</name><description>AL02065015</description><styleUrl>#stPoste</styleUrl><Point><coordinates>-48.17316,-8.971018,0</coordinates></Point></Placemark>
<Placemark><name>982503</name><description>AL02065015</description><styleUrl>#stPoste</styleUrl><Point><coordinates>-48.163177,-8.966586,0</coordinates></Point></Placemark>
<Placemark><name>1250305</name><description>AL02065015</description><styleUrl>#stPoste</styleUrl><Point><coordinates>-48.162729,-8.961673,0</coordinates></Point></Placemark>
<Placemark><name>1791826</name><description>AL02065015</description><styleUrl>#stPoste</styleUrl><Point><coordinates>-48.175288,-8.975425,0</coordinates></Point></Placemark>
<Placemark><name>1792008</name><description>AL02065015</description><styleUrl>#stPoste</styleUrl><Point><coordinates>-48.159067,-8.968137,0</coordinates></Point></Placemark>
<Placemark><name>1792201</name><description>AL02065015</description><styleUrl>#stPoste</styleUrl><Point><coordinates>-48.168426,-8.963119,0</coordinates></Point></Placemark>
<Placemark><name>1792321</name><description>AL02065015</description><styleUrl>#stPoste</styleUrl><Point><coordinates>-48.165549,-8.964928,0</coordinates></Point></Placemark>
<Placemark><name>1792449</name><description>AL02065015</description><styleUrl>#stPoste</styleUrl><Point><coordinates>-48.158764,-8.966783,0</coordinates></Point></Placemark>
<Placemark><name>1792604</name><description>AL02065015</description><styleUrl>#stPoste</styleUrl><Point><coordinates>-48.160856,-8.963158,0</coordinates></Point></Placemark>
<Placemark><name>1792622</name><description>AL02065015</description><styleUrl>#stPoste</styleUrl><Point><coordinates>-48.175002,-8.975444,0</coordinates></Point></Placemark>
<Placemark><name>1792893</name><description>AL02065015</description><styleUrl>#stPoste</styleUrl><Point><coordinates>-48.175037,-8.971409,0</coordinates></Point></Placemark>
<Placemark><name>1793099</name><description>AL02065015</description><styleUrl>#stPoste</styleUrl><Point><coordinates>-48.17481,-8.968979,0</coordinates></Point></Placemark>
<Placemark><name>1793346</name><description>AL02065015</description><styleUrl>#stPoste</styleUrl><Point><coordinates>-48.177782,-8.975593,0</coordinates></Point></Placemark>
<Placemark><name>1793423</name><description>AL02065015</description><styleUrl>#stPoste</styleUrl><Point><coordinates>-48.172729,-8.976224,0</coordinates></Point></Placemark>
<Placemark><name>1793503</name><description>AL02065015</description><styleUrl>#stPoste</styleUrl><Point><coordinates>-48.177786,-8.976239,0</coordinates></Point></Placemark>
<Placemark><name>1793615</name><description>AL02065015</description><styleUrl>#stPoste</styleUrl><Point><coordinates>-48.176996,-8.975105,0</coordinates></Point></Placemark>
<Placemark><name>1793630</name><description>AL02065015</description><styleUrl>#stPoste</styleUrl><Point><coordinates>-48.177508,-8.968304,0</coordinates></Point></Placemark>
<Placemark><name>1793847</name><description>AL02065015</description><styleUrl>#stPoste</styleUrl><Point><coordinates>-48.175323,-8.976019,0</coordinates></Point></Placemark>
<Placemark><name>1794382</name><description>AL02065015</description><styleUrl>#stPoste</styleUrl><Point><coordinates>-48.175083,-8.977306,0</coordinates></Point></Placemark>
<Placemark><name>1794469</name><description>AL02065015</description><styleUrl>#stPoste</styleUrl><Point><coordinates>-48.160167,-8.961304,0</coordinates></Point></Placemark>
<Placemark><name>1794511</name><description>AL02065015</description><styleUrl>#stPoste</styleUrl><Point><coordinates>-48.16294,-8.959715,0</coordinates></Point></Placemark>
<Placemark><name>1794609</name><description>AL02065015</description><styleUrl>#stPoste</styleUrl><Point><coordinates>-48.168948,-8.963353,0</coordinates></Point></Placemark>
<Placemark><name>1794625</name><description>AL02065015</description><styleUrl>#stPoste</styleUrl><Point><coordinates>-48.171534,-8.971424,0</coordinates></Point></Placemark>
<Placemark><name>1794630</name><description>AL02065015</description><styleUrl>#stPoste</styleUrl><Point><coordinates>-48.172176,-8.97197,0</coordinates></Point></Placemark>
<Placemark><name>1794631</name><description>AL02065015</description><styleUrl>#stPoste</styleUrl><Point><coordinates>-48.172212,-8.972227,0</coordinates></Point></Placemark>
<Placemark><name>1794686</name><description>AL02065015</description><styleUrl>#stPoste</styleUrl><Point><coordinates>-48.173026,-8.968854,0</coordinates></Point></Placemark>
<Placemark><name>1794689</name><description>AL02065015</description><styleUrl>#stPoste</styleUrl><Point><coordinates>-48.17306,-8.969774,0</coordinates></Point></Placemark>
<Placemark><name>1794728</name><description>AL02065015</description><styleUrl>#stPoste</styleUrl><Point><coordinates>-48.169481,-8.974143,0</coordinates></Point></Placemark>
<Placemark><name>1794759</name><description>AL02065015</description><styleUrl>#stPoste</styleUrl><Point><coordinates>-48.171629,-8.974288,0</coordinates></Point></Placemark>
<Placemark><name>1794766</name><description>AL02065015</description><styleUrl>#stPoste</styleUrl><Point><coordinates>-48.177596,-8.972263,0</coordinates></Point></Placemark>
<Placemark><name>1811499</name><description>AL02065015</description><styleUrl>#stPoste</styleUrl><Point><coordinates>-48.16297,-8.965982,0</coordinates></Point></Placemark>
<Placemark><name>1817448</name><description>AL02065015</description><styleUrl>#stPoste</styleUrl><Point><coordinates>-48.16224,-8.96626,0</coordinates></Point></Placemark>
<Placemark><name>1837274</name><description>AL02065015</description><styleUrl>#stPoste</styleUrl><Point><coordinates>-48.175373,-8.977726,0</coordinates></Point></Placemark>
<Placemark><name>22475974</name><description>AL02065015</description><styleUrl>#stPoste</styleUrl><Point><coordinates>-48.159692,-8.957316,0</coordinates></Point></Placemark>
<Placemark><name>28958851</name><description>AL02065015</description><styleUrl>#stPoste</styleUrl><Point><coordinates>-48.167039,-8.963752,0</coordinates></Point></Placemark>
<Placemark><name>28958866</name><description>AL02065015</description><styleUrl>#stPoste</styleUrl><Point><coordinates>-48.168337,-8.964462,0</coordinates></Point></Placemark>
<Placemark><name>36762115</name><description>AL02065015</description><styleUrl>#stPoste</styleUrl><Point><coordinates>-48.175826,-8.964393,0</coordinates></Point></Placemark>
<Placemark><name>71891376</name><description>AL02065015</description><styleUrl>#stPoste</styleUrl><Point><coordinates>-48.17624,-8.972572,0</coordinates></Point></Placemark>
<Placemark><name>962752</name><description>AL02065015</description><styleUrl>#stPoste</styleUrl><Point><coordinates>-48.173757,-8.977314,0</coordinates></Point></Placemark>
<Placemark><name>963562</name><description>AL02065015</description><styleUrl>#stPoste</styleUrl><Point><coordinates>-48.16725,-8.96735,0</coordinates></Point></Placemark>
<Placemark><name>963913</name><description>AL02065015</description><styleUrl>#stPoste</styleUrl><Point><coordinates>-48.16294,-8.961404,0</coordinates></Point></Placemark>
<Placemark><name>964579</name><description>AL02065015</description><styleUrl>#stPoste</styleUrl><Point><coordinates>-48.166535,-8.966739,0</coordinates></Point></Placemark>
<Placemark><name>979966</name><description>AL02065015</description><styleUrl>#stPoste</styleUrl><Point><coordinates>-48.159724,-8.964282,0</coordinates></Point></Placemark>
<Placemark><name>981027</name><description>AL02065015</description><styleUrl>#stPoste</styleUrl><Point><coordinates>-48.162609,-8.959129,0</coordinates></Point></Placemark>
<Placemark><name>981767</name><description>AL02065015</description><styleUrl>#stPoste</styleUrl><Point><coordinates>-48.161366,-8.960895,0</coordinates></Point></Placemark>
<Placemark><name>1089775</name><description>AL02065015</description><styleUrl>#stPoste</styleUrl><Point><coordinates>-48.167965,-8.967521,0</coordinates></Point></Placemark>
<Placemark><name>1097611</name><description>AL02065015</description><styleUrl>#stPoste</styleUrl><Point><coordinates>-48.163884,-8.960184,0</coordinates></Point></Placemark>
<Placemark><name>1098670</name><description>AL02065015</description><styleUrl>#stPoste</styleUrl><Point><coordinates>-48.177014,-8.972808,0</coordinates></Point></Placemark>
<Placemark><name>1392671</name><description>AL02065015</description><styleUrl>#stPoste</styleUrl><Point><coordinates>-48.174288,-8.970134,0</coordinates></Point></Placemark>
<Placemark><name>1791693</name><description>AL02065015</description><styleUrl>#stPoste</styleUrl><Point><coordinates>-48.165432,-8.967692,0</coordinates></Point></Placemark>
<Placemark><name>1791696</name><description>AL02065015</description><styleUrl>#stPoste</styleUrl><Point><coordinates>-48.162972,-8.966983,0</coordinates></Point></Placemark>
<Placemark><name>1792113</name><description>AL02065015</description><styleUrl>#stPoste</styleUrl><Point><coordinates>-48.173914,-8.977475,0</coordinates></Point></Placemark>
<Placemark><name>1792320</name><description>AL02065015</description><styleUrl>#stPoste</styleUrl><Point><coordinates>-48.165324,-8.964758,0</coordinates></Point></Placemark>
<Placemark><name>1792453</name><description>AL02065015</description><styleUrl>#stPoste</styleUrl><Point><coordinates>-48.157702,-8.967227,0</coordinates></Point></Placemark>
<Placemark><name>1792606</name><description>AL02065015</description><styleUrl>#stPoste</styleUrl><Point><coordinates>-48.162945,-8.959534,0</coordinates></Point></Placemark>
<Placemark><name>1792828</name><description>AL02065015</description><styleUrl>#stPoste</styleUrl><Point><coordinates>-48.174281,-8.969328,0</coordinates></Point></Placemark>
<Placemark><name>1793000</name><description>AL02065015</description><styleUrl>#stPoste</styleUrl><Point><coordinates>-48.177262,-8.968362,0</coordinates></Point></Placemark>
<Placemark><name>1793174</name><description>AL02065015</description><styleUrl>#stPoste</styleUrl><Point><coordinates>-48.176633,-8.977759,0</coordinates></Point></Placemark>
<Placemark><name>1793268</name><description>AL02065015</description><styleUrl>#stPoste</styleUrl><Point><coordinates>-48.173548,-8.977503,0</coordinates></Point></Placemark>
<Placemark><name>1793424</name><description>AL02065015</description><styleUrl>#stPoste</styleUrl><Point><coordinates>-48.172409,-8.97625,0</coordinates></Point></Placemark>
<Placemark><name>1793619</name><description>AL02065015</description><styleUrl>#stPoste</styleUrl><Point><coordinates>-48.176785,-8.974942,0</coordinates></Point></Placemark>
<Placemark><name>1793849</name><description>AL02065015</description><styleUrl>#stPoste</styleUrl><Point><coordinates>-48.178105,-8.97509,0</coordinates></Point></Placemark>
<Placemark><name>1794668</name><description>AL02065015</description><styleUrl>#stPoste</styleUrl><Point><coordinates>-48.162587,-8.962947,0</coordinates></Point></Placemark>
<Placemark><name>1794683</name><description>AL02065015</description><styleUrl>#stPoste</styleUrl><Point><coordinates>-48.176519,-8.966051,0</coordinates></Point></Placemark>
<Placemark><name>1794720</name><description>AL02065015</description><styleUrl>#stPoste</styleUrl><Point><coordinates>-48.171504,-8.973771,0</coordinates></Point></Placemark>
<Placemark><name>1794881</name><description>AL02065015</description><styleUrl>#stPoste</styleUrl><Point><coordinates>-48.160629,-8.961871,0</coordinates></Point></Placemark>
<Placemark><name>1794882</name><description>AL02065015</description><styleUrl>#stPoste</styleUrl><Point><coordinates>-48.160318,-8.962271,0</coordinates></Point></Placemark>
<Placemark><name>1794883</name><description>AL02065015</description><styleUrl>#stPoste</styleUrl><Point><coordinates>-48.160002,-8.962678,0</coordinates></Point></Placemark>
<Placemark><name>1799200</name><description>AL02065015</description><styleUrl>#stPoste</styleUrl><Point><coordinates>-48.163146,-8.963422,0</coordinates></Point></Placemark>
<Placemark><name>1799208</name><description>AL02065015</description><styleUrl>#stPoste</styleUrl><Point><coordinates>-48.162392,-8.964191,0</coordinates></Point></Placemark>
<Placemark><name>1799231</name><description>AL02065015</description><styleUrl>#stPoste</styleUrl><Point><coordinates>-48.165007,-8.964833,0</coordinates></Point></Placemark>
<Placemark><name>1799249</name><description>AL02065015</description><styleUrl>#stPoste</styleUrl><Point><coordinates>-48.170229,-8.974131,0</coordinates></Point></Placemark>
<Placemark><name>1799296</name><description>AL02065015</description><styleUrl>#stPoste</styleUrl><Point><coordinates>-48.171556,-8.970485,0</coordinates></Point></Placemark>
<Placemark><name>1799308</name><description>AL02065015</description><styleUrl>#stPoste</styleUrl><Point><coordinates>-48.172219,-8.973087,0</coordinates></Point></Placemark>
<Placemark><name>1817612</name><description>AL02065015</description><styleUrl>#stPoste</styleUrl><Point><coordinates>-48.176546,-8.976194,0</coordinates></Point></Placemark>
<Placemark><name>1817614</name><description>AL02065015</description><styleUrl>#stPoste</styleUrl><Point><coordinates>-48.176962,-8.976179,0</coordinates></Point></Placemark>
<Placemark><name>1837273</name><description>AL02065015</description><styleUrl>#stPoste</styleUrl><Point><coordinates>-48.175691,-8.977902,0</coordinates></Point></Placemark>
<Placemark><name>22475961</name><description>AL02065015</description><styleUrl>#stPoste</styleUrl><Point><coordinates>-48.158347,-8.958288,0</coordinates></Point></Placemark>
<Placemark><name>28903122</name><description>AL02065015</description><styleUrl>#stPoste</styleUrl><Point><coordinates>-48.163966,-8.959019,0</coordinates></Point></Placemark>
<Placemark><name>29250774</name><description>AL02065015</description><styleUrl>#stPoste</styleUrl><Point><coordinates>-48.177903,-8.970724,0</coordinates></Point></Placemark>
<Placemark><name>31247466</name><description>AL02065015</description><styleUrl>#stPoste</styleUrl><Point><coordinates>-48.168139,-8.973693,0</coordinates></Point></Placemark>
<Placemark><name>36799580</name><description>AL02065015</description><styleUrl>#stPoste</styleUrl><Point><coordinates>-48.177528,-8.971387,0</coordinates></Point></Placemark>
<Placemark><name>36881197</name><description>AL02065015</description><styleUrl>#stPoste</styleUrl><Point><coordinates>-48.177609,-8.971733,0</coordinates></Point></Placemark>
<Placemark><name>50360238</name><description>AL02065015</description><styleUrl>#stPoste</styleUrl><Point><coordinates>-48.169771,-8.971135,0</coordinates></Point></Placemark>
<Placemark><name>71891574</name><description>AL02065015</description><styleUrl>#stPoste</styleUrl><Point><coordinates>-48.176053,-8.972096,0</coordinates></Point></Placemark>
<Placemark><name>281719</name><description>AL02065015</description><styleUrl>#stPoste</styleUrl><Point><coordinates>-48.169018,-8.972254,0</coordinates></Point></Placemark>
<Placemark><name>297042</name><description>AL02065015</description><styleUrl>#stPoste</styleUrl><Point><coordinates>-48.162423,-8.962322,0</coordinates></Point></Placemark>
<Placemark><name>953222</name><description>AL02065015</description><styleUrl>#stPoste</styleUrl><Point><coordinates>-48.163629,-8.96574,0</coordinates></Point></Placemark>
<Placemark><name>965047</name><description>AL02065015</description><styleUrl>#stPoste</styleUrl><Point><coordinates>-48.174351,-8.974785,0</coordinates></Point></Placemark>
<Placemark><name>970894</name><description>AL02065015</description><styleUrl>#stPoste</styleUrl><Point><coordinates>-48.170656,-8.972368,0</coordinates></Point></Placemark>
<Placemark><name>971217</name><description>AL02065015</description><styleUrl>#stPoste</styleUrl><Point><coordinates>-48.173414,-8.973672,0</coordinates></Point></Placemark>
<Placemark><name>979674</name><description>AL02065015</description><styleUrl>#stPoste</styleUrl><Point><coordinates>-48.170856,-8.970899,0</coordinates></Point></Placemark>
<Placemark><name>980356</name><description>AL02065015</description><styleUrl>#stPoste</styleUrl><Point><coordinates>-48.174981,-8.970045,0</coordinates></Point></Placemark>
<Placemark><name>1067912</name><description>AL02065015</description><styleUrl>#stPoste</styleUrl><Point><coordinates>-48.15913,-8.968362,0</coordinates></Point></Placemark>
<Placemark><name>1792389</name><description>AL02065015</description><styleUrl>#stPoste</styleUrl><Point><coordinates>-48.160447,-8.959952,0</coordinates></Point></Placemark>
<Placemark><name>1792831</name><description>AL02065015</description><styleUrl>#stPoste</styleUrl><Point><coordinates>-48.174823,-8.970957,0</coordinates></Point></Placemark>
<Placemark><name>1792835</name><description>AL02065015</description><styleUrl>#stPoste</styleUrl><Point><coordinates>-48.175925,-8.970873,0</coordinates></Point></Placemark>
<Placemark><name>1793003</name><description>AL02065015</description><styleUrl>#stPoste</styleUrl><Point><coordinates>-48.17608,-8.968581,0</coordinates></Point></Placemark>
<Placemark><name>1793098</name><description>AL02065015</description><styleUrl>#stPoste</styleUrl><Point><coordinates>-48.17472,-8.968022,0</coordinates></Point></Placemark>
<Placemark><name>1793342</name><description>AL02065015</description><styleUrl>#stPoste</styleUrl><Point><coordinates>-48.171155,-8.976257,0</coordinates></Point></Placemark>
<Placemark><name>1793850</name><description>AL02065015</description><styleUrl>#stPoste</styleUrl><Point><coordinates>-48.174715,-8.976067,0</coordinates></Point></Placemark>
<Placemark><name>1794466</name><description>AL02065015</description><styleUrl>#stPoste</styleUrl><Point><coordinates>-48.160718,-8.960549,0</coordinates></Point></Placemark>
<Placemark><name>1794522</name><description>AL02065015</description><styleUrl>#stPoste</styleUrl><Point><coordinates>-48.176774,-8.969815,0</coordinates></Point></Placemark>
<Placemark><name>1794523</name><description>AL02065015</description><styleUrl>#stPoste</styleUrl><Point><coordinates>-48.176649,-8.970363,0</coordinates></Point></Placemark>
<Placemark><name>1794711</name><description>AL02065015</description><styleUrl>#stPoste</styleUrl><Point><coordinates>-48.164208,-8.967234,0</coordinates></Point></Placemark>
<Placemark><name>1794732</name><description>AL02065015</description><styleUrl>#stPoste</styleUrl><Point><coordinates>-48.169486,-8.971858,0</coordinates></Point></Placemark>
<Placemark><name>1794850</name><description>AL02065015</description><styleUrl>#stPoste</styleUrl><Point><coordinates>-48.161333,-8.96457,0</coordinates></Point></Placemark>
<Placemark><name>1794887</name><description>AL02065015</description><styleUrl>#stPoste</styleUrl><Point><coordinates>-48.161108,-8.964861,0</coordinates></Point></Placemark>
<Placemark><name>1799211</name><description>AL02065015</description><styleUrl>#stPoste</styleUrl><Point><coordinates>-48.163283,-8.964779,0</coordinates></Point></Placemark>
<Placemark><name>1816676</name><description>AL02065015</description><styleUrl>#stPoste</styleUrl><Point><coordinates>-48.163594,-8.957719,0</coordinates></Point></Placemark>
<Placemark><name>1843955</name><description>AL02065015</description><styleUrl>#stPoste</styleUrl><Point><coordinates>-48.164102,-8.962074,0</coordinates></Point></Placemark>
<Placemark><name>22475957</name><description>AL02065015</description><styleUrl>#stPoste</styleUrl><Point><coordinates>-48.158816,-8.957113,0</coordinates></Point></Placemark>
<Placemark><name>22475963</name><description>AL02065015</description><styleUrl>#stPoste</styleUrl><Point><coordinates>-48.158923,-8.958436,0</coordinates></Point></Placemark>
<Placemark><name>22475969</name><description>AL02065015</description><styleUrl>#stPoste</styleUrl><Point><coordinates>-48.159748,-8.95809,0</coordinates></Point></Placemark>
<Placemark><name>22475982</name><description>AL02065015</description><styleUrl>#stPoste</styleUrl><Point><coordinates>-48.159934,-8.959687,0</coordinates></Point></Placemark>
<Placemark><name>22476189</name><description>AL02065015</description><styleUrl>#stPoste</styleUrl><Point><coordinates>-48.160526,-8.957495,0</coordinates></Point></Placemark>
<Placemark><name>22476193</name><description>AL02065015</description><styleUrl>#stPoste</styleUrl><Point><coordinates>-48.161271,-8.957567,0</coordinates></Point></Placemark>
<Placemark><name>28778599</name><description>AL02065015</description><styleUrl>#stPoste</styleUrl><Point><coordinates>-48.174538,-8.976868,0</coordinates></Point></Placemark>
<Placemark><name>28958815</name><description>AL02065015</description><styleUrl>#stPoste</styleUrl><Point><coordinates>-48.166703,-8.964052,0</coordinates></Point></Placemark>
<Placemark><name>29568626</name><description>AL02065015</description><styleUrl>#stPoste</styleUrl><Point><coordinates>-48.165108,-8.960782,0</coordinates></Point></Placemark>
<Placemark><name>31947444</name><description>AL02065015</description><styleUrl>#stPoste</styleUrl><Point><coordinates>-48.17596,-8.968122,0</coordinates></Point></Placemark>
<Placemark><name>42081257</name><description>AL02065015</description><styleUrl>#stPoste</styleUrl><Point><coordinates>-48.173767,-8.972995,0</coordinates></Point></Placemark>
<Placemark><name>57037205</name><description>AL02065015</description><styleUrl>#stPoste</styleUrl><Point><coordinates>-48.161124,-8.965808,0</coordinates></Point></Placemark>
<Placemark><name>71891356</name><description>AL02065015</description><styleUrl>#stPoste</styleUrl><Point><coordinates>-48.176329,-8.973825,0</coordinates></Point></Placemark>
<Placemark><name>121360</name><description>AL02065015</description><styleUrl>#stPoste</styleUrl><Point><coordinates>-48.16995,-8.974825,0</coordinates></Point></Placemark>
<Placemark><name>121361</name><description>AL02065015</description><styleUrl>#stPoste</styleUrl><Point><coordinates>-48.176169,-8.97155,0</coordinates></Point></Placemark>
<Placemark><name>962224</name><description>AL02065015</description><styleUrl>#stPoste</styleUrl><Point><coordinates>-48.158402,-8.968118,0</coordinates></Point></Placemark>
<Placemark><name>968544</name><description>AL02065015</description><styleUrl>#stPoste</styleUrl><Point><coordinates>-48.175995,-8.968761,0</coordinates></Point></Placemark>
<Placemark><name>970892</name><description>AL02065015</description><styleUrl>#stPoste</styleUrl><Point><coordinates>-48.171001,-8.972377,0</coordinates></Point></Placemark>
<Placemark><name>979272</name><description>AL02065015</description><styleUrl>#stPoste</styleUrl><Point><coordinates>-48.164988,-8.966251,0</coordinates></Point></Placemark>
<Placemark><name>979682</name><description>AL02065015</description><styleUrl>#stPoste</styleUrl><Point><coordinates>-48.176112,-8.970679,0</coordinates></Point></Placemark>
<Placemark><name>983170</name><description>AL02065015</description><styleUrl>#stPoste</styleUrl><Point><coordinates>-48.161424,-8.961757,0</coordinates></Point></Placemark>
<Placemark><name>1791938</name><description>AL02065015</description><styleUrl>#stPoste</styleUrl><Point><coordinates>-48.159611,-8.960005,0</coordinates></Point></Placemark>
<Placemark><name>1791997</name><description>AL02065015</description><styleUrl>#stPoste</styleUrl><Point><coordinates>-48.167712,-8.962741,0</coordinates></Point></Placemark>
<Placemark><name>1792258</name><description>AL02065015</description><styleUrl>#stPoste</styleUrl><Point><coordinates>-48.158845,-8.965333,0</coordinates></Point></Placemark>
<Placemark><name>1792484</name><description>AL02065015</description><styleUrl>#stPoste</styleUrl><Point><coordinates>-48.169504,-8.974644,0</coordinates></Point></Placemark>
<Placemark><name>1792825</name><description>AL02065015</description><styleUrl>#stPoste</styleUrl><Point><coordinates>-48.17469,-8.967707,0</coordinates></Point></Placemark>
<Placemark><name>1793113</name><description>AL02065015</description><styleUrl>#stPoste</styleUrl><Point><coordinates>-48.175153,-8.972643,0</coordinates></Point></Placemark>
<Placemark><name>1794427</name><description>AL02065015</description><styleUrl>#stPoste</styleUrl><Point><coordinates>-48.170548,-8.973926,0</coordinates></Point></Placemark>
<Placemark><name>1794562</name><description>AL02065015</description><styleUrl>#stPoste</styleUrl><Point><coordinates>-48.160801,-8.959037,0</coordinates></Point></Placemark>
<Placemark><name>1794575</name><description>AL02065015</description><styleUrl>#stPoste</styleUrl><Point><coordinates>-48.177505,-8.969722,0</coordinates></Point></Placemark>
<Placemark><name>1794670</name><description>AL02065015</description><styleUrl>#stPoste</styleUrl><Point><coordinates>-48.162177,-8.963477,0</coordinates></Point></Placemark>
<Placemark><name>1794754</name><description>AL02065015</description><styleUrl>#stPoste</styleUrl><Point><coordinates>-48.172221,-8.974284,0</coordinates></Point></Placemark>
<Placemark><name>1794885</name><description>AL02065015</description><styleUrl>#stPoste</styleUrl><Point><coordinates>-48.159431,-8.963414,0</coordinates></Point></Placemark>
<Placemark><name>1799229</name><description>AL02065015</description><styleUrl>#stPoste</styleUrl><Point><coordinates>-48.165484,-8.964238,0</coordinates></Point></Placemark>
<Placemark><name>1799293</name><description>AL02065015</description><styleUrl>#stPoste</styleUrl><Point><coordinates>-48.160076,-8.961038,0</coordinates></Point></Placemark>
<Placemark><name>1799309</name><description>AL02065015</description><styleUrl>#stPoste</styleUrl><Point><coordinates>-48.172496,-8.973071,0</coordinates></Point></Placemark>
<Placemark><name>1816675</name><description>AL02065015</description><styleUrl>#stPoste</styleUrl><Point><coordinates>-48.163643,-8.958022,0</coordinates></Point></Placemark>
<Placemark><name>1816680</name><description>AL02065015</description><styleUrl>#stPoste</styleUrl><Point><coordinates>-48.163431,-8.957807,0</coordinates></Point></Placemark>
<Placemark><name>1834348</name><description>AL02065015</description><styleUrl>#stPoste</styleUrl><Point><coordinates>-48.176834,-8.972686,0</coordinates></Point></Placemark>
<Placemark><name>28903117</name><description>AL02065015</description><styleUrl>#stPoste</styleUrl><Point><coordinates>-48.16352,-8.959977,0</coordinates></Point></Placemark>
<Placemark><name>34489542</name><description>AL02065015</description><styleUrl>#stPoste</styleUrl><Point><coordinates>-48.164841,-8.959438,0</coordinates></Point></Placemark>
<Placemark><name>49063542</name><description>AL02065015</description><styleUrl>#stPoste</styleUrl><Point><coordinates>-48.176002,-8.965303,0</coordinates></Point></Placemark>
<Placemark><name>53881131</name><description>AL02065015</description><styleUrl>#stPoste</styleUrl><Point><coordinates>-48.173738,-8.975728,0</coordinates></Point></Placemark>
<Placemark><name>53881137</name><description>AL02065015</description><styleUrl>#stPoste</styleUrl><Point><coordinates>-48.174114,-8.976263,0</coordinates></Point></Placemark>
<Placemark><name>99475</name><description>AL02065015</description><styleUrl>#stPoste</styleUrl><Point><coordinates>-48.173882,-8.973601,0</coordinates></Point></Placemark>
<Placemark><name>136128</name><description>AL02065015</description><styleUrl>#stPoste</styleUrl><Point><coordinates>-48.16674,-8.966915,0</coordinates></Point></Placemark>
<Placemark><name>155933</name><description>AL02065015</description><styleUrl>#stPoste</styleUrl><Point><coordinates>-48.163388,-8.965534,0</coordinates></Point></Placemark>
<Placemark><name>962408</name><description>AL02065015</description><styleUrl>#stPoste</styleUrl><Point><coordinates>-48.169705,-8.974819,0</coordinates></Point></Placemark>
<Placemark><name>963910</name><description>AL02065015</description><styleUrl>#stPoste</styleUrl><Point><coordinates>-48.157065,-8.964916,0</coordinates></Point></Placemark>
<Placemark><name>965595</name><description>AL02065015</description><styleUrl>#stPoste</styleUrl><Point><coordinates>-48.158851,-8.962216,0</coordinates></Point></Placemark>
<Placemark><name>967222</name><description>AL02065015</description><styleUrl>#stPoste</styleUrl><Point><coordinates>-48.174844,-8.969328,0</coordinates></Point></Placemark>
<Placemark><name>970408</name><description>AL02065015</description><styleUrl>#stPoste</styleUrl><Point><coordinates>-48.173851,-8.976709,0</coordinates></Point></Placemark>
<Placemark><name>1318047</name><description>AL02065015</description><styleUrl>#stPoste</styleUrl><Point><coordinates>-48.162944,-8.96668,0</coordinates></Point></Placemark>
<Placemark><name>1791712</name><description>AL02065015</description><styleUrl>#stPoste</styleUrl><Point><coordinates>-48.171748,-8.97681,0</coordinates></Point></Placemark>
<Placemark><name>1791827</name><description>AL02065015</description><styleUrl>#stPoste</styleUrl><Point><coordinates>-48.175571,-8.975461,0</coordinates></Point></Placemark>
<Placemark><name>1791939</name><description>AL02065015</description><styleUrl>#stPoste</styleUrl><Point><coordinates>-48.159011,-8.963852,0</coordinates></Point></Placemark>
<Placemark><name>1792205</name><description>AL02065015</description><styleUrl>#stPoste</styleUrl><Point><coordinates>-48.168057,-8.963721,0</coordinates></Point></Placemark>
<Placemark><name>1792206</name><description>AL02065015</description><styleUrl>#stPoste</styleUrl><Point><coordinates>-48.167877,-8.964034,0</coordinates></Point></Placemark>
<Placemark><name>1792317</name><description>AL02065015</description><styleUrl>#stPoste</styleUrl><Point><coordinates>-48.163074,-8.961367,0</coordinates></Point></Placemark>
<Placemark><name>1792481</name><description>AL02065015</description><styleUrl>#stPoste</styleUrl><Point><coordinates>-48.170553,-8.97535,0</coordinates></Point></Placemark>
<Placemark><name>1792560</name><description>AL02065015</description><styleUrl>#stPoste</styleUrl><Point><coordinates>-48.163189,-8.965784,0</coordinates></Point></Placemark>
<Placemark><name>1792565</name><description>AL02065015</description><styleUrl>#stPoste</styleUrl><Point><coordinates>-48.159248,-8.961016,0</coordinates></Point></Placemark>
<Placemark><name>1792610</name><description>AL02065015</description><styleUrl>#stPoste</styleUrl><Point><coordinates>-48.160315,-8.958091,0</coordinates></Point></Placemark>
<Placemark><name>1792615</name><description>AL02065015</description><styleUrl>#stPoste</styleUrl><Point><coordinates>-48.167401,-8.964887,0</coordinates></Point></Placemark>
<Placemark><name>1793537</name><description>AL02065015</description><styleUrl>#stPoste</styleUrl><Point><coordinates>-48.177622,-8.970743,0</coordinates></Point></Placemark>
<Placemark><name>1794464</name><description>AL02065015</description><styleUrl>#stPoste</styleUrl><Point><coordinates>-48.161152,-8.959955,0</coordinates></Point></Placemark>
<Placemark><name>1794465</name><description>AL02065015</description><styleUrl>#stPoste</styleUrl><Point><coordinates>-48.160923,-8.960269,0</coordinates></Point></Placemark>
<Placemark><name>1794499</name><description>AL02065015</description><styleUrl>#stPoste</styleUrl><Point><coordinates>-48.164741,-8.965165,0</coordinates></Point></Placemark>
<Placemark><name>1794561</name><description>AL02065015</description><styleUrl>#stPoste</styleUrl><Point><coordinates>-48.160901,-8.958587,0</coordinates></Point></Placemark>
<Placemark><name>1794613</name><description>AL02065015</description><styleUrl>#stPoste</styleUrl><Point><coordinates>-48.168261,-8.964488,0</coordinates></Point></Placemark>
<Placemark><name>1794617</name><description>AL02065015</description><styleUrl>#stPoste</styleUrl><Point><coordinates>-48.173356,-8.974203,0</coordinates></Point></Placemark>
<Placemark><name>1794623</name><description>AL02065015</description><styleUrl>#stPoste</styleUrl><Point><coordinates>-48.171552,-8.972067,0</coordinates></Point></Placemark>
<Placemark><name>1816546</name><description>AL02065015</description><styleUrl>#stPoste</styleUrl><Point><coordinates>-48.162716,-8.957801,0</coordinates></Point></Placemark>
<Placemark><name>1834165</name><description>AL02065015</description><styleUrl>#stPoste</styleUrl><Point><coordinates>-48.177595,-8.974462,0</coordinates></Point></Placemark>
<Placemark><name>1853273</name><description>AL02065015</description><styleUrl>#stPoste</styleUrl><Point><coordinates>-48.177726,-8.973415,0</coordinates></Point></Placemark>
<Placemark><name>22475966</name><description>AL02065015</description><styleUrl>#stPoste</styleUrl><Point><coordinates>-48.159293,-8.957457,0</coordinates></Point></Placemark>
<Placemark><name>28958796</name><description>AL02065015</description><styleUrl>#stPoste</styleUrl><Point><coordinates>-48.167171,-8.963331,0</coordinates></Point></Placemark>
<Placemark><name>32913540</name><description>AL02065015</description><styleUrl>#stPoste</styleUrl><Point><coordinates>-48.176475,-8.975728,0</coordinates></Point></Placemark>
<Placemark><name>36254289</name><description>AL02065015</description><styleUrl>#stPoste</styleUrl><Point><coordinates>-48.171282,-8.973138,0</coordinates></Point></Placemark>
<Placemark><name>36254326</name><description>AL02065015</description><styleUrl>#stPoste</styleUrl><Point><coordinates>-48.170787,-8.971276,0</coordinates></Point></Placemark>
<Placemark><name>39929922</name><description>AL02065015</description><styleUrl>#stPoste</styleUrl><Point><coordinates>-48.158542,-8.968434,0</coordinates></Point></Placemark>
<Placemark><name>71891507</name><description>AL02065015</description><styleUrl>#stPoste</styleUrl><Point><coordinates>-48.17434,-8.972161,0</coordinates></Point></Placemark>
<Placemark><name>99470</name><description>AL02065015</description><styleUrl>#stPoste</styleUrl><Point><coordinates>-48.175324,-8.974954,0</coordinates></Point></Placemark>
<Placemark><name>121419</name><description>AL02065015</description><styleUrl>#stPoste</styleUrl><Point><coordinates>-48.17345,-8.974052,0</coordinates></Point></Placemark>
<Placemark><name>953229</name><description>AL02065015</description><styleUrl>#stPoste</styleUrl><Point><coordinates>-48.162106,-8.96637,0</coordinates></Point></Placemark>
<Placemark><name>970883</name><description>AL02065015</description><styleUrl>#stPoste</styleUrl><Point><coordinates>-48.174896,-8.969905,0</coordinates></Point></Placemark>
<Placemark><name>978854</name><description>AL02065015</description><styleUrl>#stPoste</styleUrl><Point><coordinates>-48.166036,-8.961087,0</coordinates></Point></Placemark>
<Placemark><name>979969</name><description>AL02065015</description><styleUrl>#stPoste</styleUrl><Point><coordinates>-48.160461,-8.964928,0</coordinates></Point></Placemark>
<Placemark><name>982501</name><description>AL02065015</description><styleUrl>#stPoste</styleUrl><Point><coordinates>-48.164049,-8.966028,0</coordinates></Point></Placemark>
<Placemark><name>1445488</name><description>AL02065015</description><styleUrl>#stPoste</styleUrl><Point><coordinates>-48.176255,-8.975136,0</coordinates></Point></Placemark>
<Placemark><name>1792204</name><description>AL02065015</description><styleUrl>#stPoste</styleUrl><Point><coordinates>-48.168256,-8.963404,0</coordinates></Point></Placemark>
<Placemark><name>1792315</name><description>AL02065015</description><styleUrl>#stPoste</styleUrl><Point><coordinates>-48.161858,-8.962794,0</coordinates></Point></Placemark>
<Placemark><name>1792571</name><description>AL02065015</description><styleUrl>#stPoste</styleUrl><Point><coordinates>-48.158038,-8.969053,0</coordinates></Point></Placemark>
<Placemark><name>1792608</name><description>AL02065015</description><styleUrl>#stPoste</styleUrl><Point><coordinates>-48.160013,-8.958883,0</coordinates></Point></Placemark>
<Placemark><name>1792836</name><description>AL02065015</description><styleUrl>#stPoste</styleUrl><Point><coordinates>-48.176222,-8.97085,0</coordinates></Point></Placemark>
<Placemark><name>1794403</name><description>AL02065015</description><styleUrl>#stPoste</styleUrl><Point><coordinates>-48.16655,-8.964704,0</coordinates></Point></Placemark>
<Placemark><name>1794574</name><description>AL02065015</description><styleUrl>#stPoste</styleUrl><Point><coordinates>-48.176623,-8.970046,0</coordinates></Point></Placemark>
<Placemark><name>1794611</name><description>AL02065015</description><styleUrl>#stPoste</styleUrl><Point><coordinates>-48.168592,-8.963939,0</coordinates></Point></Placemark>
<Placemark><name>1794664</name><description>AL02065015</description><styleUrl>#stPoste</styleUrl><Point><coordinates>-48.163497,-8.961769,0</coordinates></Point></Placemark>
<Placemark><name>1794721</name><description>AL02065015</description><styleUrl>#stPoste</styleUrl><Point><coordinates>-48.17188,-8.973735,0</coordinates></Point></Placemark>
<Placemark><name>1794820</name><description>AL02065015</description><styleUrl>#stPoste</styleUrl><Point><coordinates>-48.163574,-8.967938,0</coordinates></Point></Placemark>
<Placemark><name>1794890</name><description>AL02065015</description><styleUrl>#stPoste</styleUrl><Point><coordinates>-48.169296,-8.973489,0</coordinates></Point></Placemark>
<Placemark><name>1799248</name><description>AL02065015</description><styleUrl>#stPoste</styleUrl><Point><coordinates>-48.170534,-8.974113,0</coordinates></Point></Placemark>
<Placemark><name>1799348</name><description>AL02065015</description><styleUrl>#stPoste</styleUrl><Point><coordinates>-48.175707,-8.975598,0</coordinates></Point></Placemark>
<Placemark><name>1802770</name><description>AL02065015</description><styleUrl>#stPoste</styleUrl><Point><coordinates>-48.157414,-8.967604,0</coordinates></Point></Placemark>
<Placemark><name>1837272</name><description>AL02065015</description><styleUrl>#stPoste</styleUrl><Point><coordinates>-48.175941,-8.977988,0</coordinates></Point></Placemark>
<Placemark><name>1885664</name><description>AL02065015</description><styleUrl>#stPoste</styleUrl><Point><coordinates>-48.174699,-8.972581,0</coordinates></Point></Placemark>
<Placemark><name>22475971</name><description>AL02065015</description><styleUrl>#stPoste</styleUrl><Point><coordinates>-48.159392,-8.959039,0</coordinates></Point></Placemark>
<Placemark><name>22476194</name><description>AL02065015</description><styleUrl>#stPoste</styleUrl><Point><coordinates>-48.1614,-8.957229,0</coordinates></Point></Placemark>
<Placemark><name>28958961</name><description>AL02065015</description><styleUrl>#stPoste</styleUrl><Point><coordinates>-48.161182,-8.96556,0</coordinates></Point></Placemark>
<Placemark><name>36762113</name><description>AL02065015</description><styleUrl>#stPoste</styleUrl><Point><coordinates>-48.175944,-8.965002,0</coordinates></Point></Placemark>
<Placemark><name>42081269</name><description>AL02065015</description><styleUrl>#stPoste</styleUrl><Point><coordinates>-48.173479,-8.973022,0</coordinates></Point></Placemark>
<Placemark><name>53881138</name><description>AL02065015</description><styleUrl>#stPoste</styleUrl><Point><coordinates>-48.174259,-8.976471,0</coordinates></Point></Placemark>
<Placemark><name>71891350</name><description>AL02065015</description><styleUrl>#stPoste</styleUrl><Point><coordinates>-48.176352,-8.974155,0</coordinates></Point></Placemark>
<Placemark><name>71891531</name><description>AL02065015</description><styleUrl>#stPoste</styleUrl><Point><coordinates>-48.173081,-8.972227,0</coordinates></Point></Placemark>
<Placemark><name>99468</name><description>AL02065015</description><styleUrl>#stPoste</styleUrl><Point><coordinates>-48.174298,-8.974927,0</coordinates></Point></Placemark>
<Placemark><name>277786</name><description>AL02065015</description><styleUrl>#stPoste</styleUrl><Point><coordinates>-48.156024,-8.958559,0</coordinates></Point></Placemark>
<Placemark><name>952437</name><description>AL02065015</description><styleUrl>#stPoste</styleUrl><Point><coordinates>-48.173509,-8.974664,0</coordinates></Point></Placemark>
<Placemark><name>963561</name><description>AL02065015</description><styleUrl>#stPoste</styleUrl><Point><coordinates>-48.166995,-8.967132,0</coordinates></Point></Placemark>
<Placemark><name>964578</name><description>AL02065015</description><styleUrl>#stPoste</styleUrl><Point><coordinates>-48.166306,-8.966543,0</coordinates></Point></Placemark>
<Placemark><name>965606</name><description>AL02065015</description><styleUrl>#stPoste</styleUrl><Point><coordinates>-48.158164,-8.967581,0</coordinates></Point></Placemark>
<Placemark><name>982145</name><description>AL02065015</description><styleUrl>#stPoste</styleUrl><Point><coordinates>-48.15989,-8.965586,0</coordinates></Point></Placemark>
<Placemark><name>1317058</name><description>AL02065015</description><styleUrl>#stPoste</styleUrl><Point><coordinates>-48.17498,-8.978688,0</coordinates></Point></Placemark>
<Placemark><name>1792574</name><description>AL02065015</description><styleUrl>#stPoste</styleUrl><Point><coordinates>-48.172119,-8.975641,0</coordinates></Point></Placemark>
<Placemark><name>1792620</name><description>AL02065015</description><styleUrl>#stPoste</styleUrl><Point><coordinates>-48.174418,-8.975484,0</coordinates></Point></Placemark>
<Placemark><name>1792826</name><description>AL02065015</description><styleUrl>#stPoste</styleUrl><Point><coordinates>-48.174839,-8.969294,0</coordinates></Point></Placemark>
<Placemark><name>1793002</name><description>AL02065015</description><styleUrl>#stPoste</styleUrl><Point><coordinates>-48.176428,-8.968545,0</coordinates></Point></Placemark>
<Placemark><name>1793763</name><description>AL02065015</description><styleUrl>#stPoste</styleUrl><Point><coordinates>-48.177139,-8.974982,0</coordinates></Point></Placemark>
<Placemark><name>1793848</name><description>AL02065015</description><styleUrl>#stPoste</styleUrl><Point><coordinates>-48.174955,-8.976048,0</coordinates></Point></Placemark>
<Placemark><name>1794567</name><description>AL02065015</description><styleUrl>#stPoste</styleUrl><Point><coordinates>-48.172324,-8.973025,0</coordinates></Point></Placemark>
<Placemark><name>1794608</name><description>AL02065015</description><styleUrl>#stPoste</styleUrl><Point><coordinates>-48.167143,-8.96244,0</coordinates></Point></Placemark>
<Placemark><name>1794663</name><description>AL02065015</description><styleUrl>#stPoste</styleUrl><Point><coordinates>-48.163755,-8.961435,0</coordinates></Point></Placemark>
<Placemark><name>1794706</name><description>AL02065015</description><styleUrl>#stPoste</styleUrl><Point><coordinates>-48.16089,-8.969949,0</coordinates></Point></Placemark>
<Placemark><name>1799201</name><description>AL02065015</description><styleUrl>#stPoste</styleUrl><Point><coordinates>-48.162992,-8.963618,0</coordinates></Point></Placemark>
<Placemark><name>1799225</name><description>AL02065015</description><styleUrl>#stPoste</styleUrl><Point><coordinates>-48.164274,-8.965748,0</coordinates></Point></Placemark>
<Placemark><name>1802864</name><description>AL02065015</description><styleUrl>#stPoste</styleUrl><Point><coordinates>-48.157355,-8.967901,0</coordinates></Point></Placemark>
<Placemark><name>22476205</name><description>AL02065015</description><styleUrl>#stPoste</styleUrl><Point><coordinates>-48.161523,-8.956918,0</coordinates></Point></Placemark>
<Placemark><name>33982741</name><description>AL02065015</description><styleUrl>#stPoste</styleUrl><Point><coordinates>-48.15812,-8.964261,0</coordinates></Point></Placemark>
<Placemark><name>36254264</name><description>AL02065015</description><styleUrl>#stPoste</styleUrl><Point><coordinates>-48.169462,-8.973228,0</coordinates></Point></Placemark>
<Placemark><name>71891394</name><description>AL02065015</description><styleUrl>#stPoste</styleUrl><Point><coordinates>-48.176196,-8.971959,0</coordinates></Point></Placemark>
<Placemark><name>99473</name><description>AL02065015</description><styleUrl>#stPoste</styleUrl><Point><coordinates>-48.173359,-8.974765,0</coordinates></Point></Placemark>
<Placemark><name>962223</name><description>AL02065015</description><styleUrl>#stPoste</styleUrl><Point><coordinates>-48.158284,-8.967851,0</coordinates></Point></Placemark>
<Placemark><name>969197</name><description>AL02065015</description><styleUrl>#stPoste</styleUrl><Point><coordinates>-48.173305,-8.971076,0</coordinates></Point></Placemark>
<Placemark><name>979661</name><description>AL02065015</description><styleUrl>#stPoste</styleUrl><Point><coordinates>-48.166466,-8.968756,0</coordinates></Point></Placemark>
<Placemark><name>980026</name><description>AL02065015</description><styleUrl>#stPoste</styleUrl><Point><coordinates>-48.176111,-8.97391,0</coordinates></Point></Placemark>
<Placemark><name>1292463</name><description>AL02065015</description><styleUrl>#stPoste</styleUrl><Point><coordinates>-48.175312,-8.978788,0</coordinates></Point></Placemark>
<Placemark><name>1453975</name><description>AL02065015</description><styleUrl>#stPoste</styleUrl><Point><coordinates>-48.16606,-8.95835,0</coordinates></Point></Placemark>
<Placemark><name>1783559</name><description>AL02065015</description><styleUrl>#stPoste</styleUrl><Point><coordinates>-48.171032,-8.975598,0</coordinates></Point></Placemark>
<Placemark><name>1791762</name><description>AL02065015</description><styleUrl>#stPoste</styleUrl><Point><coordinates>-48.171661,-8.975173,0</coordinates></Point></Placemark>
<Placemark><name>1792079</name><description>AL02065015</description><styleUrl>#stPoste</styleUrl><Point><coordinates>-48.161842,-8.96508,0</coordinates></Point></Placemark>
<Placemark><name>1792307</name><description>AL02065015</description><styleUrl>#stPoste</styleUrl><Point><coordinates>-48.159578,-8.965172,0</coordinates></Point></Placemark>
<Placemark><name>1792313</name><description>AL02065015</description><styleUrl>#stPoste</styleUrl><Point><coordinates>-48.16144,-8.963332,0</coordinates></Point></Placemark>
<Placemark><name>1792318</name><description>AL02065015</description><styleUrl>#stPoste</styleUrl><Point><coordinates>-48.16045,-8.967116,0</coordinates></Point></Placemark>
<Placemark><name>1792597</name><description>AL02065015</description><styleUrl>#stPoste</styleUrl><Point><coordinates>-48.159088,-8.961461,0</coordinates></Point></Placemark>
<Placemark><name>1792603</name><description>AL02065015</description><styleUrl>#stPoste</styleUrl><Point><coordinates>-48.160552,-8.962954,0</coordinates></Point></Placemark>
<Placemark><name>1793088</name><description>AL02065015</description><styleUrl>#stPoste</styleUrl><Point><coordinates>-48.172202,-8.977574,0</coordinates></Point></Placemark>
<Placemark><name>1793279</name><description>AL02065015</description><styleUrl>#stPoste</styleUrl><Point><coordinates>-48.173609,-8.97105,0</coordinates></Point></Placemark>
<Placemark><name>1793344</name><description>AL02065015</description><styleUrl>#stPoste</styleUrl><Point><coordinates>-48.177778,-8.975258,0</coordinates></Point></Placemark>
<Placemark><name>1794385</name><description>AL02065015</description><styleUrl>#stPoste</styleUrl><Point><coordinates>-48.170333,-8.975595,0</coordinates></Point></Placemark>
<Placemark><name>1794626</name><description>AL02065015</description><styleUrl>#stPoste</styleUrl><Point><coordinates>-48.171523,-8.971078,0</coordinates></Point></Placemark>
<Placemark><name>1794632</name><description>AL02065015</description><styleUrl>#stPoste</styleUrl><Point><coordinates>-48.172256,-8.97254,0</coordinates></Point></Placemark>
<Placemark><name>1794722</name><description>AL02065015</description><styleUrl>#stPoste</styleUrl><Point><coordinates>-48.172253,-8.973702,0</coordinates></Point></Placemark>
<Placemark><name>1794827</name><description>AL02065015</description><styleUrl>#stPoste</styleUrl><Point><coordinates>-48.174541,-8.974191,0</coordinates></Point></Placemark>
<Placemark><name>1794839</name><description>AL02065015</description><styleUrl>#stPoste</styleUrl><Point><coordinates>-48.169663,-8.975592,0</coordinates></Point></Placemark>
<Placemark><name>1799202</name><description>AL02065015</description><styleUrl>#stPoste</styleUrl><Point><coordinates>-48.16278,-8.963887,0</coordinates></Point></Placemark>
<Placemark><name>1799230</name><description>AL02065015</description><styleUrl>#stPoste</styleUrl><Point><coordinates>-48.165246,-8.964535,0</coordinates></Point></Placemark>
<Placemark><name>1843954</name><description>AL02065015</description><styleUrl>#stPoste</styleUrl><Point><coordinates>-48.163763,-8.961844,0</coordinates></Point></Placemark>
<Placemark><name>1880189</name><description>AL02065015</description><styleUrl>#stPoste</styleUrl><Point><coordinates>-48.17422,-8.971003,0</coordinates></Point></Placemark>
<Placemark><name>1887450</name><description>AL02065015</description><styleUrl>#stPoste</styleUrl><Point><coordinates>-48.157832,-8.965074,0</coordinates></Point></Placemark>
<Placemark><name>24415742</name><description>AL02065015</description><styleUrl>#stPoste</styleUrl><Point><coordinates>-48.166813,-8.966002,0</coordinates></Point></Placemark>
<Placemark><name>28903118</name><description>AL02065015</description><styleUrl>#stPoste</styleUrl><Point><coordinates>-48.163336,-8.959935,0</coordinates></Point></Placemark>
<Placemark><name>28958915</name><description>AL02065015</description><styleUrl>#stPoste</styleUrl><Point><coordinates>-48.163032,-8.962677,0</coordinates></Point></Placemark>
<Placemark><name>29568625</name><description>AL02065015</description><styleUrl>#stPoste</styleUrl><Point><coordinates>-48.165258,-8.960554,0</coordinates></Point></Placemark>
<Placemark><name>36332276</name><description>AL02065015</description><styleUrl>#stPoste</styleUrl><Point><coordinates>-48.176769,-8.971886,0</coordinates></Point></Placemark>
<Placemark><name>36762114</name><description>AL02065015</description><styleUrl>#stPoste</styleUrl><Point><coordinates>-48.175886,-8.9647,0</coordinates></Point></Placemark>
<Placemark><name>42081279</name><description>AL02065015</description><styleUrl>#stPoste</styleUrl><Point><coordinates>-48.173342,-8.972926,0</coordinates></Point></Placemark>
<Placemark><name>43911510</name><description>AL02065015</description><styleUrl>#stPoste</styleUrl><Point><coordinates>-48.176695,-8.970967,0</coordinates></Point></Placemark>
<Placemark><name>71891315</name><description>AL02065015</description><styleUrl>#stPoste</styleUrl><Point><coordinates>-48.1765,-8.976045,0</coordinates></Point></Placemark>
<Placemark><name>209367</name><description>AL02065015</description><styleUrl>#stPoste</styleUrl><Point><coordinates>-48.156692,-8.963636,0</coordinates></Point></Placemark>
<Placemark><name>209368</name><description>AL02065015</description><styleUrl>#stPoste</styleUrl><Point><coordinates>-48.15709,-8.963649,0</coordinates></Point></Placemark>
<Placemark><name>290692</name><description>AL02065015</description><styleUrl>#stPoste</styleUrl><Point><coordinates>-48.160067,-8.969583,0</coordinates></Point></Placemark>
<Placemark><name>951870</name><description>AL02065015</description><styleUrl>#stPoste</styleUrl><Point><coordinates>-48.160429,-8.967745,0</coordinates></Point></Placemark>
<Placemark><name>962257</name><description>AL02065015</description><styleUrl>#stPoste</styleUrl><Point><coordinates>-48.166089,-8.956996,0</coordinates></Point></Placemark>
<Placemark><name>965261</name><description>AL02065015</description><styleUrl>#stPoste</styleUrl><Point><coordinates>-48.157735,-8.966606,0</coordinates></Point></Placemark>
<Placemark><name>967223</name><description>AL02065015</description><styleUrl>#stPoste</styleUrl><Point><coordinates>-48.174867,-8.969597,0</coordinates></Point></Placemark>
<Placemark><name>979340</name><description>AL02065015</description><styleUrl>#stPoste</styleUrl><Point><coordinates>-48.175702,-8.969953,0</coordinates></Point></Placemark>
<Placemark><name>979970</name><description>AL02065015</description><styleUrl>#stPoste</styleUrl><Point><coordinates>-48.160728,-8.965161,0</coordinates></Point></Placemark>
<Placemark><name>981768</name><description>AL02065015</description><styleUrl>#stPoste</styleUrl><Point><coordinates>-48.161168,-8.961177,0</coordinates></Point></Placemark>
<Placemark><name>982148</name><description>AL02065015</description><styleUrl>#stPoste</styleUrl><Point><coordinates>-48.158924,-8.965955,0</coordinates></Point></Placemark>
<Placemark><name>983185</name><description>AL02065015</description><styleUrl>#stPoste</styleUrl><Point><coordinates>-48.168123,-8.967922,0</coordinates></Point></Placemark>
<Placemark><name>1792207</name><description>AL02065015</description><styleUrl>#stPoste</styleUrl><Point><coordinates>-48.16727,-8.963877,0</coordinates></Point></Placemark>
<Placemark><name>1792528</name><description>AL02065015</description><styleUrl>#stPoste</styleUrl><Point><coordinates>-48.172858,-8.975591,0</coordinates></Point></Placemark>
<Placemark><name>1792829</name><description>AL02065015</description><styleUrl>#stPoste</styleUrl><Point><coordinates>-48.173956,-8.969348,0</coordinates></Point></Placemark>
<Placemark><name>1793295</name><description>AL02065015</description><styleUrl>#stPoste</styleUrl><Point><coordinates>-48.164448,-8.960688,0</coordinates></Point></Placemark>
<Placemark><name>1794400</name><description>AL02065015</description><styleUrl>#stPoste</styleUrl><Point><coordinates>-48.165692,-8.964224,0</coordinates></Point></Placemark>
<Placemark><name>1794500</name><description>AL02065015</description><styleUrl>#stPoste</styleUrl><Point><coordinates>-48.16229,-8.960557,0</coordinates></Point></Placemark>
<Placemark><name>1794674</name><description>AL02065015</description><styleUrl>#stPoste</styleUrl><Point><coordinates>-48.176492,-8.968434,0</coordinates></Point></Placemark>
<Placemark><name>1794717</name><description>AL02065015</description><styleUrl>#stPoste</styleUrl><Point><coordinates>-48.175816,-8.972922,0</coordinates></Point></Placemark>
<Placemark><name>1794816</name><description>AL02065015</description><styleUrl>#stPoste</styleUrl><Point><coordinates>-48.161852,-8.959008,0</coordinates></Point></Placemark>
<Placemark><name>1799210</name><description>AL02065015</description><styleUrl>#stPoste</styleUrl><Point><coordinates>-48.162973,-8.964583,0</coordinates></Point></Placemark>
<Placemark><name>1799226</name><description>AL02065015</description><styleUrl>#stPoste</styleUrl><Point><coordinates>-48.163362,-8.968167,0</coordinates></Point></Placemark>
<Placemark><name>1799236</name><description>AL02065015</description><styleUrl>#stPoste</styleUrl><Point><coordinates>-48.170313,-8.973196,0</coordinates></Point></Placemark>
<Placemark><name>1799298</name><description>AL02065015</description><styleUrl>#stPoste</styleUrl><Point><coordinates>-48.175186,-8.973733,0</coordinates></Point></Placemark>
<Placemark><name>22475973</name><description>AL02065015</description><styleUrl>#stPoste</styleUrl><Point><coordinates>-48.159489,-8.957233,0</coordinates></Point></Placemark>
<Placemark><name>22476207</name><description>AL02065015</description><styleUrl>#stPoste</styleUrl><Point><coordinates>-48.160082,-8.957523,0</coordinates></Point></Placemark>
<Placemark><name>28778600</name><description>AL02065015</description><styleUrl>#stPoste</styleUrl><Point><coordinates>-48.17437,-8.976632,0</coordinates></Point></Placemark>
<Placemark><name>28903116</name><description>AL02065015</description><styleUrl>#stPoste</styleUrl><Point><coordinates>-48.163278,-8.959825,0</coordinates></Point></Placemark>
<Placemark><name>28958805</name><description>AL02065015</description><styleUrl>#stPoste</styleUrl><Point><coordinates>-48.166856,-8.963799,0</coordinates></Point></Placemark>
<Placemark><name>28958839</name><description>AL02065015</description><styleUrl>#stPoste</styleUrl><Point><coordinates>-48.165794,-8.965263,0</coordinates></Point></Placemark>
<Placemark><name>32407504</name><description>AL02065015</description><styleUrl>#stPoste</styleUrl><Point><coordinates>-48.175422,-8.97612,0</coordinates></Point></Placemark>
<Placemark><name>36607662</name><description>AL02065015</description><styleUrl>#stPoste</styleUrl><Point><coordinates>-48.173157,-8.976767,0</coordinates></Point></Placemark>
<Placemark><name>42132964</name><description>AL02065015</description><styleUrl>#stPoste</styleUrl><Point><coordinates>-48.163931,-8.965998,0</coordinates></Point></Placemark>
<Placemark><name>57037219</name><description>AL02065015</description><styleUrl>#stPoste</styleUrl><Point><coordinates>-48.158226,-8.966225,0</coordinates></Point></Placemark>
<Placemark><name>99478</name><description>AL02065015</description><styleUrl>#stPoste</styleUrl><Point><coordinates>-48.176917,-8.973739,0</coordinates></Point></Placemark>
<Placemark><name>99533</name><description>AL02065015</description><styleUrl>#stPoste</styleUrl><Point><coordinates>-48.175241,-8.978224,0</coordinates></Point></Placemark>
<Placemark><name>962724</name><description>AL02065015</description><styleUrl>#stPoste</styleUrl><Point><coordinates>-48.170708,-8.974844,0</coordinates></Point></Placemark>
<Placemark><name>963914</name><description>AL02065015</description><styleUrl>#stPoste</styleUrl><Point><coordinates>-48.163171,-8.961109,0</coordinates></Point></Placemark>
<Placemark><name>964242</name><description>AL02065015</description><styleUrl>#stPoste</styleUrl><Point><coordinates>-48.156962,-8.959021,0</coordinates></Point></Placemark>
<Placemark><name>970893</name><description>AL02065015</description><styleUrl>#stPoste</styleUrl><Point><coordinates>-48.176089,-8.970329,0</coordinates></Point></Placemark>
<Placemark><name>1429473</name><description>AL02065015</description><styleUrl>#stPoste</styleUrl><Point><coordinates>-48.164157,-8.966178,0</coordinates></Point></Placemark>
<Placemark><name>1792312</name><description>AL02065015</description><styleUrl>#stPoste</styleUrl><Point><coordinates>-48.160316,-8.966818,0</coordinates></Point></Placemark>
<Placemark><name>1792486</name><description>AL02065015</description><styleUrl>#stPoste</styleUrl><Point><coordinates>-48.169547,-8.975285,0</coordinates></Point></Placemark>
<Placemark><name>1792585</name><description>AL02065015</description><styleUrl>#stPoste</styleUrl><Point><coordinates>-48.170564,-8.975695,0</coordinates></Point></Placemark>
<Placemark><name>1792621</name><description>AL02065015</description><styleUrl>#stPoste</styleUrl><Point><coordinates>-48.174688,-8.975466,0</coordinates></Point></Placemark>
<Placemark><name>1792830</name><description>AL02065015</description><styleUrl>#stPoste</styleUrl><Point><coordinates>-48.1749,-8.969941,0</coordinates></Point></Placemark>
<Placemark><name>1793096</name><description>AL02065015</description><styleUrl>#stPoste</styleUrl><Point><coordinates>-48.174207,-8.967495,0</coordinates></Point></Placemark>
<Placemark><name>1793422</name><description>AL02065015</description><styleUrl>#stPoste</styleUrl><Point><coordinates>-48.173073,-8.976197,0</coordinates></Point></Placemark>
<Placemark><name>1794467</name><description>AL02065015</description><styleUrl>#stPoste</styleUrl><Point><coordinates>-48.160508,-8.960838,0</coordinates></Point></Placemark>
<Placemark><name>1794509</name><description>AL02065015</description><styleUrl>#stPoste</styleUrl><Point><coordinates>-48.160003,-8.963892,0</coordinates></Point></Placemark>
<Placemark><name>1794521</name><description>AL02065015</description><styleUrl>#stPoste</styleUrl><Point><coordinates>-48.176675,-8.970682,0</coordinates></Point></Placemark>
<Placemark><name>1794671</name><description>AL02065015</description><styleUrl>#stPoste</styleUrl><Point><coordinates>-48.161965,-8.963752,0</coordinates></Point></Placemark>
<Placemark><name>1794677</name><description>AL02065015</description><styleUrl>#stPoste</styleUrl><Point><coordinates>-48.176342,-8.967359,0</coordinates></Point></Placemark>
<Placemark><name>1794712</name><description>AL02065015</description><styleUrl>#stPoste</styleUrl><Point><coordinates>-48.164059,-8.967413,0</coordinates></Point></Placemark>
<Placemark><name>1794758</name><description>AL02065015</description><styleUrl>#stPoste</styleUrl><Point><coordinates>-48.171638,-8.974534,0</coordinates></Point></Placemark>
<Placemark><name>1794762</name><description>AL02065015</description><styleUrl>#stPoste</styleUrl><Point><coordinates>-48.171594,-8.973325,0</coordinates></Point></Placemark>
<Placemark><name>1794815</name><description>AL02065015</description><styleUrl>#stPoste</styleUrl><Point><coordinates>-48.162101,-8.958666,0</coordinates></Point></Placemark>
<Placemark><name>1799247</name><description>AL02065015</description><styleUrl>#stPoste</styleUrl><Point><coordinates>-48.170865,-8.974094,0</coordinates></Point></Placemark>
<Placemark><name>1799305</name><description>AL02065015</description><styleUrl>#stPoste</styleUrl><Point><coordinates>-48.176775,-8.970808,0</coordinates></Point></Placemark>
<Placemark><name>1853277</name><description>AL02065015</description><styleUrl>#stPoste</styleUrl><Point><coordinates>-48.176509,-8.97337,0</coordinates></Point></Placemark>
<Placemark><name>29109078</name><description>AL02065015</description><styleUrl>#stPoste</styleUrl><Point><coordinates>-48.177868,-8.970376,0</coordinates></Point></Placemark>
<Placemark><name>33982739</name><description>AL02065015</description><styleUrl>#stPoste</styleUrl><Point><coordinates>-48.158021,-8.964543,0</coordinates></Point></Placemark>
<Placemark><name>36881168</name><description>AL02065015</description><styleUrl>#stPoste</styleUrl><Point><coordinates>-48.177549,-8.971683,0</coordinates></Point></Placemark>
<Placemark><name>99472</name><description>AL02065015</description><styleUrl>#stPoste</styleUrl><Point><coordinates>-48.174014,-8.974804,0</coordinates></Point></Placemark>
<Placemark><name>290691</name><description>AL02065015</description><styleUrl>#stPoste</styleUrl><Point><coordinates>-48.160454,-8.969755,0</coordinates></Point></Placemark>
<Placemark><name>962388</name><description>AL02065015</description><styleUrl>#stPoste</styleUrl><Point><coordinates>-48.171413,-8.974861,0</coordinates></Point></Placemark>
<Placemark><name>963223</name><description>AL02065015</description><styleUrl>#stPoste</styleUrl><Point><coordinates>-48.164804,-8.966695,0</coordinates></Point></Placemark>
<Placemark><name>965248</name><description>AL02065015</description><styleUrl>#stPoste</styleUrl><Point><coordinates>-48.16754,-8.967496,0</coordinates></Point></Placemark>
<Placemark><name>968879</name><description>AL02065015</description><styleUrl>#stPoste</styleUrl><Point><coordinates>-48.176031,-8.969378,0</coordinates></Point></Placemark>
<Placemark><name>977754</name><description>AL02065015</description><styleUrl>#stPoste</styleUrl><Point><coordinates>-48.162796,-8.962539,0</coordinates></Point></Placemark>
<Placemark><name>977755</name><description>AL02065015</description><styleUrl>#stPoste</styleUrl><Point><coordinates>-48.163268,-8.962814,0</coordinates></Point></Placemark>
<Placemark><name>982143</name><description>AL02065015</description><styleUrl>#stPoste</styleUrl><Point><coordinates>-48.160513,-8.965348,0</coordinates></Point></Placemark>
<Placemark><name>982557</name><description>AL02065015</description><styleUrl>#stPoste</styleUrl><Point><coordinates>-48.173487,-8.97443,0</coordinates></Point></Placemark>
<Placemark><name>1097612</name><description>AL02065015</description><styleUrl>#stPoste</styleUrl><Point><coordinates>-48.163673,-8.960453,0</coordinates></Point></Placemark>
<Placemark><name>1792005</name><description>AL02065015</description><styleUrl>#stPoste</styleUrl><Point><coordinates>-48.158746,-8.967353,0</coordinates></Point></Placemark>
<Placemark><name>1792160</name><description>AL02065015</description><styleUrl>#stPoste</styleUrl><Point><coordinates>-48.173173,-8.975569,0</coordinates></Point></Placemark>
<Placemark><name>1792209</name><description>AL02065015</description><styleUrl>#stPoste</styleUrl><Point><coordinates>-48.163563,-8.967579,0</coordinates></Point></Placemark>
<Placemark><name>1792448</name><description>AL02065015</description><styleUrl>#stPoste</styleUrl><Point><coordinates>-48.159038,-8.966669,0</coordinates></Point></Placemark>
<Placemark><name>1792454</name><description>AL02065015</description><styleUrl>#stPoste</styleUrl><Point><coordinates>-48.157459,-8.967326,0</coordinates></Point></Placemark>
<Placemark><name>1792485</name><description>AL02065015</description><styleUrl>#stPoste</styleUrl><Point><coordinates>-48.169526,-8.974964,0</coordinates></Point></Placemark>
<Placemark><name>1792573</name><description>AL02065015</description><styleUrl>#stPoste</styleUrl><Point><coordinates>-48.171687,-8.975756,0</coordinates></Point></Placemark>
<Placemark><name>1792575</name><description>AL02065015</description><styleUrl>#stPoste</styleUrl><Point><coordinates>-48.172477,-8.975617,0</coordinates></Point></Placemark>
<Placemark><name>1792891</name><description>AL02065015</description><styleUrl>#stPoste</styleUrl><Point><coordinates>-48.174982,-8.970821,0</coordinates></Point></Placemark>
<Placemark><name>1793175</name><description>AL02065015</description><styleUrl>#stPoste</styleUrl><Point><coordinates>-48.176658,-8.978084,0</coordinates></Point></Placemark>
<Placemark><name>1793627</name><description>AL02065015</description><styleUrl>#stPoste</styleUrl><Point><coordinates>-48.177717,-8.969338,0</coordinates></Point></Placemark>
<Placemark><name>1794381</name><description>AL02065015</description><styleUrl>#stPoste</styleUrl><Point><coordinates>-48.175195,-8.977019,0</coordinates></Point></Placemark>
<Placemark><name>1794568</name><description>AL02065015</description><styleUrl>#stPoste</styleUrl><Point><coordinates>-48.176748,-8.971594,0</coordinates></Point></Placemark>
<Placemark><name>1794676</name><description>AL02065015</description><styleUrl>#stPoste</styleUrl><Point><coordinates>-48.176409,-8.96777,0</coordinates></Point></Placemark>
<Placemark><name>1794723</name><description>AL02065015</description><styleUrl>#stPoste</styleUrl><Point><coordinates>-48.172642,-8.973668,0</coordinates></Point></Placemark>
<Placemark><name>1799238</name><description>AL02065015</description><styleUrl>#stPoste</styleUrl><Point><coordinates>-48.171012,-8.973156,0</coordinates></Point></Placemark>
<Placemark><name>1817616</name><description>AL02065015</description><styleUrl>#stPoste</styleUrl><Point><coordinates>-48.176639,-8.976978,0</coordinates></Point></Placemark>
<Placemark><name>1817617</name><description>AL02065015</description><styleUrl>#stPoste</styleUrl><Point><coordinates>-48.17686,-8.976984,0</coordinates></Point></Placemark>
<Placemark><name>1834161</name><description>AL02065015</description><styleUrl>#stPoste</styleUrl><Point><coordinates>-48.177693,-8.973872,0</coordinates></Point></Placemark>
<Placemark><name>1870332</name><description>AL02065015</description><styleUrl>#stPoste</styleUrl><Point><coordinates>-48.169657,-8.975945,0</coordinates></Point></Placemark>
<Placemark><name>1886929</name><description>AL02065015</description><styleUrl>#stPoste</styleUrl><Point><coordinates>-48.158472,-8.969532,0</coordinates></Point></Placemark>
<Placemark><name>22475960</name><description>AL02065015</description><styleUrl>#stPoste</styleUrl><Point><coordinates>-48.158481,-8.957952,0</coordinates></Point></Placemark>
<Placemark><name>22477073</name><description>AL02065015</description><styleUrl>#stPoste</styleUrl><Point><coordinates>-48.158204,-8.958654,0</coordinates></Point></Placemark>
<Placemark><name>26816320</name><description>AL02065015</description><styleUrl>#stPoste</styleUrl><Point><coordinates>-48.177066,-8.976462,0</coordinates></Point></Placemark>
<Placemark><name>28958800</name><description>AL02065015</description><styleUrl>#stPoste</styleUrl><Point><coordinates>-48.167013,-8.963566,0</coordinates></Point></Placemark>
<Placemark><name>36332221</name><description>AL02065015</description><styleUrl>#stPoste</styleUrl><Point><coordinates>-48.176819,-8.972497,0</coordinates></Point></Placemark>
<Placemark><name>136332</name><description>AL02065015</description><styleUrl>#stPoste</styleUrl><Point><coordinates>-48.15757,-8.968972,0</coordinates></Point></Placemark>
<Placemark><name>301454</name><description>AL02065015</description><styleUrl>#stPoste</styleUrl><Point><coordinates>-48.16702,-8.967705,0</coordinates></Point></Placemark>
<Placemark><name>952196</name><description>AL02065015</description><styleUrl>#stPoste</styleUrl><Point><coordinates>-48.159753,-8.96805,0</coordinates></Point></Placemark>
<Placemark><name>962723</name><description>AL02065015</description><styleUrl>#stPoste</styleUrl><Point><coordinates>-48.171053,-8.974852,0</coordinates></Point></Placemark>
<Placemark><name>962725</name><description>AL02065015</description><styleUrl>#stPoste</styleUrl><Point><coordinates>-48.170329,-8.974834,0</coordinates></Point></Placemark>
<Placemark><name>965260</name><description>AL02065015</description><styleUrl>#stPoste</styleUrl><Point><coordinates>-48.157487,-8.966044,0</coordinates></Point></Placemark>
<Placemark><name>977753</name><description>AL02065015</description><styleUrl>#stPoste</styleUrl><Point><coordinates>-48.162091,-8.962129,0</coordinates></Point></Placemark>
<Placemark><name>977756</name><description>AL02065015</description><styleUrl>#stPoste</styleUrl><Point><coordinates>-48.163551,-8.962978,0</coordinates></Point></Placemark>
<Placemark><name>977757</name><description>AL02065015</description><styleUrl>#stPoste</styleUrl><Point><coordinates>-48.163907,-8.963185,0</coordinates></Point></Placemark>
<Placemark><name>979271</name><description>AL02065015</description><styleUrl>#stPoste</styleUrl><Point><coordinates>-48.165199,-8.965993,0</coordinates></Point></Placemark>
<Placemark><name>982146</name><description>AL02065015</description><styleUrl>#stPoste</styleUrl><Point><coordinates>-48.159642,-8.965681,0</coordinates></Point></Placemark>
<Placemark><name>1791937</name><description>AL02065015</description><styleUrl>#stPoste</styleUrl><Point><coordinates>-48.160763,-8.960688,0</coordinates></Point></Placemark>
<Placemark><name>1792007</name><description>AL02065015</description><styleUrl>#stPoste</styleUrl><Point><coordinates>-48.158962,-8.967882,0</coordinates></Point></Placemark>
<Placemark><name>1792387</name><description>AL02065015</description><styleUrl>#stPoste</styleUrl><Point><coordinates>-48.161138,-8.960312,0</coordinates></Point></Placemark>
<Placemark><name>1792445</name><description>AL02065015</description><styleUrl>#stPoste</styleUrl><Point><coordinates>-48.159928,-8.966296,0</coordinates></Point></Placemark>
<Placemark><name>1793004</name><description>AL02065015</description><styleUrl>#stPoste</styleUrl><Point><coordinates>-48.17581,-8.968609,0</coordinates></Point></Placemark>
<Placemark><name>1793091</name><description>AL02065015</description><styleUrl>#stPoste</styleUrl><Point><coordinates>-48.177098,-8.977217,0</coordinates></Point></Placemark>
<Placemark><name>1793761</name><description>AL02065015</description><styleUrl>#stPoste</styleUrl><Point><coordinates>-48.174835,-8.976638,0</coordinates></Point></Placemark>
<Placemark><name>1794428</name><description>AL02065015</description><styleUrl>#stPoste</styleUrl><Point><coordinates>-48.170529,-8.970684,0</coordinates></Point></Placemark>
<Placemark><name>1794501</name><description>AL02065015</description><styleUrl>#stPoste</styleUrl><Point><coordinates>-48.162075,-8.960889,0</coordinates></Point></Placemark>
<Placemark><name>1794524</name><description>AL02065015</description><styleUrl>#stPoste</styleUrl><Point><coordinates>-48.177143,-8.969768,0</coordinates></Point></Placemark>
<Placemark><name>1794569</name><description>AL02065015</description><styleUrl>#stPoste</styleUrl><Point><coordinates>-48.176723,-8.971277,0</coordinates></Point></Placemark>
<Placemark><name>1794665</name><description>AL02065015</description><styleUrl>#stPoste</styleUrl><Point><coordinates>-48.163333,-8.961981,0</coordinates></Point></Placemark>
<Placemark><name>1794829</name><description>AL02065015</description><styleUrl>#stPoste</styleUrl><Point><coordinates>-48.174262,-8.974215,0</coordinates></Point></Placemark>
<Placemark><name>1799244</name><description>AL02065015</description><styleUrl>#stPoste</styleUrl><Point><coordinates>-48.169651,-8.974165,0</coordinates></Point></Placemark>
<Placemark><name>1799303</name><description>AL02065015</description><styleUrl>#stPoste</styleUrl><Point><coordinates>-48.172885,-8.970314,0</coordinates></Point></Placemark>
<Placemark><name>1816545</name><description>AL02065015</description><styleUrl>#stPoste</styleUrl><Point><coordinates>-48.162457,-8.958095,0</coordinates></Point></Placemark>
<Placemark><name>1816670</name><description>AL02065015</description><styleUrl>#stPoste</styleUrl><Point><coordinates>-48.163152,-8.959208,0</coordinates></Point></Placemark>
<Placemark><name>1861134</name><description>AL02065015</description><styleUrl>#stPoste</styleUrl><Point><coordinates>-48.164514,-8.959104,0</coordinates></Point></Placemark>
<Placemark><name>1885665</name><description>AL02065015</description><styleUrl>#stPoste</styleUrl><Point><coordinates>-48.174654,-8.972991,0</coordinates></Point></Placemark>
<Placemark><name>22475978</name><description>AL02065015</description><styleUrl>#stPoste</styleUrl><Point><coordinates>-48.159013,-8.959112,0</coordinates></Point></Placemark>
<Placemark><name>22476030</name><description>AL02065015</description><styleUrl>#stPoste</styleUrl><Point><coordinates>-48.16257,-8.959414,0</coordinates></Point></Placemark>
<Placemark><name>22476076</name><description>AL02065015</description><styleUrl>#stPoste</styleUrl><Point><coordinates>-48.161794,-8.958806,0</coordinates></Point></Placemark>
<Placemark><name>22476201</name><description>AL02065015</description><styleUrl>#stPoste</styleUrl><Point><coordinates>-48.160403,-8.957835,0</coordinates></Point></Placemark>
<Placemark><name>22476792</name><description>AL02065015</description><styleUrl>#stPoste</styleUrl><Point><coordinates>-48.159806,-8.95946,0</coordinates></Point></Placemark>
<Placemark><name>71891286</name><description>AL02065015</description><styleUrl>#stPoste</styleUrl><Point><coordinates>-48.175827,-8.977199,0</coordinates></Point></Placemark>
<Placemark><name>71891326</name><description>AL02065015</description><styleUrl>#stPoste</styleUrl><Point><coordinates>-48.176525,-8.976373,0</coordinates></Point></Placemark>
<Placemark><name>71891410</name><description>AL02065015</description><styleUrl>#stPoste</styleUrl><Point><coordinates>-48.176752,-8.972067,0</coordinates></Point></Placemark>
<Placemark><name>99476</name><description>AL02065015</description><styleUrl>#stPoste</styleUrl><Point><coordinates>-48.169628,-8.97234,0</coordinates></Point></Placemark>
<Placemark><name>301453</name><description>AL02065015</description><styleUrl>#stPoste</styleUrl><Point><coordinates>-48.166012,-8.969467,0</coordinates></Point></Placemark>
<Placemark><name>951868</name><description>AL02065015</description><styleUrl>#stPoste</styleUrl><Point><coordinates>-48.161035,-8.96748,0</coordinates></Point></Placemark>
<Placemark><name>952439</name><description>AL02065015</description><styleUrl>#stPoste</styleUrl><Point><coordinates>-48.173601,-8.975616,0</coordinates></Point></Placemark>
<Placemark><name>968542</name><description>AL02065015</description><styleUrl>#stPoste</styleUrl><Point><coordinates>-48.172741,-8.972248,0</coordinates></Point></Placemark>
<Placemark><name>979680</name><description>AL02065015</description><styleUrl>#stPoste</styleUrl><Point><coordinates>-48.176704,-8.972835,0</coordinates></Point></Placemark>
<Placemark><name>1089773</name><description>AL02065015</description><styleUrl>#stPoste</styleUrl><Point><coordinates>-48.167872,-8.967758,0</coordinates></Point></Placemark>
<Placemark><name>1792002</name><description>AL02065015</description><styleUrl>#stPoste</styleUrl><Point><coordinates>-48.158355,-8.966501,0</coordinates></Point></Placemark>
<Placemark><name>1792210</name><description>AL02065015</description><styleUrl>#stPoste</styleUrl><Point><coordinates>-48.160606,-8.964404,0</coordinates></Point></Placemark>
<Placemark><name>1792390</name><description>AL02065015</description><styleUrl>#stPoste</styleUrl><Point><coordinates>-48.16008,-8.959762,0</coordinates></Point></Placemark>
<Placemark><name>1793009</name><description>AL02065015</description><styleUrl>#stPoste</styleUrl><Point><coordinates>-48.170507,-8.971289,0</coordinates></Point></Placemark>
<Placemark><name>1793270</name><description>AL02065015</description><styleUrl>#stPoste</styleUrl><Point><coordinates>-48.175888,-8.978344,0</coordinates></Point></Placemark>
<Placemark><name>1793625</name><description>AL02065015</description><styleUrl>#stPoste</styleUrl><Point><coordinates>-48.17782,-8.970027,0</coordinates></Point></Placemark>
<Placemark><name>1793851</name><description>AL02065015</description><styleUrl>#stPoste</styleUrl><Point><coordinates>-48.174232,-8.976105,0</coordinates></Point></Placemark>
<Placemark><name>1794399</name><description>AL02065015</description><styleUrl>#stPoste</styleUrl><Point><coordinates>-48.165397,-8.964052,0</coordinates></Point></Placemark>
<Placemark><name>1794468</name><description>AL02065015</description><styleUrl>#stPoste</styleUrl><Point><coordinates>-48.160329,-8.961082,0</coordinates></Point></Placemark>
<Placemark><name>1794470</name><description>AL02065015</description><styleUrl>#stPoste</styleUrl><Point><coordinates>-48.160005,-8.961527,0</coordinates></Point></Placemark>
<Placemark><name>1794507</name><description>AL02065015</description><styleUrl>#stPoste</styleUrl><Point><coordinates>-48.160579,-8.963086,0</coordinates></Point></Placemark>
<Placemark><name>1794566</name><description>AL02065015</description><styleUrl>#stPoste</styleUrl><Point><coordinates>-48.168105,-8.965808,0</coordinates></Point></Placemark>
<Placemark><name>1794684</name><description>AL02065015</description><styleUrl>#stPoste</styleUrl><Point><coordinates>-48.175773,-8.973927,0</coordinates></Point></Placemark>
<Placemark><name>1794826</name><description>AL02065015</description><styleUrl>#stPoste</styleUrl><Point><coordinates>-48.174831,-8.974166,0</coordinates></Point></Placemark>
<Placemark><name>1794828</name><description>AL02065015</description><styleUrl>#stPoste</styleUrl><Point><coordinates>-48.174487,-8.973836,0</coordinates></Point></Placemark>
<Placemark><name>1799294</name><description>AL02065015</description><styleUrl>#stPoste</styleUrl><Point><coordinates>-48.160478,-8.961252,0</coordinates></Point></Placemark>
<Placemark><name>1817452</name><description>AL02065015</description><styleUrl>#stPoste</styleUrl><Point><coordinates>-48.16109,-8.966725,0</coordinates></Point></Placemark>
<Placemark><name>1817460</name><description>AL02065015</description><styleUrl>#stPoste</styleUrl><Point><coordinates>-48.162678,-8.966725,0</coordinates></Point></Placemark>
<Placemark><name>1828950</name><description>AL02065015</description><styleUrl>#stPoste</styleUrl><Point><coordinates>-48.163728,-8.960124,0</coordinates></Point></Placemark>
<Placemark><name>1861133</name><description>AL02065015</description><styleUrl>#stPoste</styleUrl><Point><coordinates>-48.164715,-8.959136,0</coordinates></Point></Placemark>
<Placemark><name>28903120</name><description>AL02065015</description><styleUrl>#stPoste</styleUrl><Point><coordinates>-48.16368,-8.95944,0</coordinates></Point></Placemark>
<Placemark><name>28958903</name><description>AL02065015</description><styleUrl>#stPoste</styleUrl><Point><coordinates>-48.165568,-8.964156,0</coordinates></Point></Placemark>
<Placemark><name>32626019</name><description>AL02065015</description><styleUrl>#stPoste</styleUrl><Point><coordinates>-48.17055,-8.973351,0</coordinates></Point></Placemark>
<Placemark><name>121413</name><description>AL02065015</description><styleUrl>#stPoste</styleUrl><Point><coordinates>-48.176547,-8.973895,0</coordinates></Point></Placemark>
<Placemark><name>938705</name><description>AL02065015</description><styleUrl>#stPoste</styleUrl><Point><coordinates>-48.175297,-8.974712,0</coordinates></Point></Placemark>
<Placemark><name>953230</name><description>AL02065015</description><styleUrl>#stPoste</styleUrl><Point><coordinates>-48.162296,-8.966547,0</coordinates></Point></Placemark>
<Placemark><name>978834</name><description>AL02065015</description><styleUrl>#stPoste</styleUrl><Point><coordinates>-48.159453,-8.964044,0</coordinates></Point></Placemark>
<Placemark><name>979270</name><description>AL02065015</description><styleUrl>#stPoste</styleUrl><Point><coordinates>-48.165374,-8.965778,0</coordinates></Point></Placemark>
<Placemark><name>979273</name><description>AL02065015</description><styleUrl>#stPoste</styleUrl><Point><coordinates>-48.164804,-8.966475,0</coordinates></Point></Placemark>
<Placemark><name>980357</name><description>AL02065015</description><styleUrl>#stPoste</styleUrl><Point><coordinates>-48.17324,-8.973616,0</coordinates></Point></Placemark>
<Placemark><name>981765</name><description>AL02065015</description><styleUrl>#stPoste</styleUrl><Point><coordinates>-48.161953,-8.960062,0</coordinates></Point></Placemark>
<Placemark><name>1237050</name><description>AL02065015</description><styleUrl>#stPoste</styleUrl><Point><coordinates>-48.167421,-8.967497,0</coordinates></Point></Placemark>
<Placemark><name>1250304</name><description>AL02065015</description><styleUrl>#stPoste</styleUrl><Point><coordinates>-48.162383,-8.962115,0</coordinates></Point></Placemark>
<Placemark><name>1791763</name><description>AL02065015</description><styleUrl>#stPoste</styleUrl><Point><coordinates>-48.171649,-8.974841,0</coordinates></Point></Placemark>
<Placemark><name>1792882</name><description>AL02065015</description><styleUrl>#stPoste</styleUrl><Point><coordinates>-48.177612,-8.976132,0</coordinates></Point></Placemark>
<Placemark><name>1793095</name><description>AL02065015</description><styleUrl>#stPoste</styleUrl><Point><coordinates>-48.174537,-8.967788,0</coordinates></Point></Placemark>
<Placemark><name>1793272</name><description>AL02065015</description><styleUrl>#stPoste</styleUrl><Point><coordinates>-48.174575,-8.966477,0</coordinates></Point></Placemark>
<Placemark><name>1793296</name><description>AL02065015</description><styleUrl>#stPoste</styleUrl><Point><coordinates>-48.164123,-8.960439,0</coordinates></Point></Placemark>
<Placemark><name>1793502</name><description>AL02065015</description><styleUrl>#stPoste</styleUrl><Point><coordinates>-48.177397,-8.976166,0</coordinates></Point></Placemark>
<Placemark><name>1794398</name><description>AL02065015</description><styleUrl>#stPoste</styleUrl><Point><coordinates>-48.165113,-8.963887,0</coordinates></Point></Placemark>
<Placemark><name>1794502</name><description>AL02065015</description><styleUrl>#stPoste</styleUrl><Point><coordinates>-48.161877,-8.961201,0</coordinates></Point></Placemark>
<Placemark><name>1794515</name><description>AL02065015</description><styleUrl>#stPoste</styleUrl><Point><coordinates>-48.163157,-8.964552,0</coordinates></Point></Placemark>
<Placemark><name>1794563</name><description>AL02065015</description><styleUrl>#stPoste</styleUrl><Point><coordinates>-48.160655,-8.959415,0</coordinates></Point></Placemark>
<Placemark><name>1794564</name><description>AL02065015</description><styleUrl>#stPoste</styleUrl><Point><coordinates>-48.168001,-8.965396,0</coordinates></Point></Placemark>
<Placemark><name>1794618</name><description>AL02065015</description><styleUrl>#stPoste</styleUrl><Point><coordinates>-48.173028,-8.974226,0</coordinates></Point></Placemark>
<Placemark><name>1794620</name><description>AL02065015</description><styleUrl>#stPoste</styleUrl><Point><coordinates>-48.17657,-8.969394,0</coordinates></Point></Placemark>
<Placemark><name>1794628</name><description>AL02065015</description><styleUrl>#stPoste</styleUrl><Point><coordinates>-48.172081,-8.97129,0</coordinates></Point></Placemark>
<Placemark><name>1794767</name><description>AL02065015</description><styleUrl>#stPoste</styleUrl><Point><coordinates>-48.177571,-8.971976,0</coordinates></Point></Placemark>
<Placemark><name>1794824</name><description>AL02065015</description><styleUrl>#stPoste</styleUrl><Point><coordinates>-48.175315,-8.974124,0</coordinates></Point></Placemark>
<Placemark><name>1799246</name><description>AL02065015</description><styleUrl>#stPoste</styleUrl><Point><coordinates>-48.17112,-8.974079,0</coordinates></Point></Placemark>
<Placemark><name>1817447</name><description>AL02065015</description><styleUrl>#stPoste</styleUrl><Point><coordinates>-48.162502,-8.96616,0</coordinates></Point></Placemark>
<Placemark><name>1834355</name><description>AL02065015</description><styleUrl>#stPoste</styleUrl><Point><coordinates>-48.175727,-8.973381,0</coordinates></Point></Placemark>
<Placemark><name>1880179</name><description>AL02065015</description><styleUrl>#stPoste</styleUrl><Point><coordinates>-48.174499,-8.970982,0</coordinates></Point></Placemark>
<Placemark><name>22475976</name><description>AL02065015</description><styleUrl>#stPoste</styleUrl><Point><coordinates>-48.15843,-8.958794,0</coordinates></Point></Placemark>
<Placemark><name>22475987</name><description>AL02065015</description><styleUrl>#stPoste</styleUrl><Point><coordinates>-48.159701,-8.959737,0</coordinates></Point></Placemark>
<Placemark><name>22476191</name><description>AL02065015</description><styleUrl>#stPoste</styleUrl><Point><coordinates>-48.161014,-8.958243,0</coordinates></Point></Placemark>
<Placemark><name>28314906</name><description>AL02065015</description><styleUrl>#stPoste</styleUrl><Point><coordinates>-48.166404,-8.965575,0</coordinates></Point></Placemark>
<Placemark><name>28958830</name><description>AL02065015</description><styleUrl>#stPoste</styleUrl><Point><coordinates>-48.166205,-8.964759,0</coordinates></Point></Placemark>
<Placemark><name>29250773</name><description>AL02065015</description><styleUrl>#stPoste</styleUrl><Point><coordinates>-48.178203,-8.970715,0</coordinates></Point></Placemark>
<Placemark><name>29568547</name><description>AL02065015</description><styleUrl>#stPoste</styleUrl><Point><coordinates>-48.164816,-8.961243,0</coordinates></Point></Placemark>
<Placemark><name>29568549</name><description>AL02065015</description><styleUrl>#stPoste</styleUrl><Point><coordinates>-48.164562,-8.961743,0</coordinates></Point></Placemark>
<Placemark><name>42081238</name><description>AL02065015</description><styleUrl>#stPoste</styleUrl><Point><coordinates>-48.17427,-8.972952,0</coordinates></Point></Placemark>
<Placemark><name>71891341</name><description>AL02065015</description><styleUrl>#stPoste</styleUrl><Point><coordinates>-48.176375,-8.97445,0</coordinates></Point></Placemark>
<Placemark><name>71891499</name><description>AL02065015</description><styleUrl>#stPoste</styleUrl><Point><coordinates>-48.174676,-8.972148,0</coordinates></Point></Placemark>
<Placemark><name>213856</name><description>AL02065015</description><styleUrl>#stPoste</styleUrl><Point><coordinates>-48.176509,-8.972133,0</coordinates></Point></Placemark>
<Placemark><name>951864</name><description>AL02065015</description><styleUrl>#stPoste</styleUrl><Point><coordinates>-48.162389,-8.966915,0</coordinates></Point></Placemark>
<Placemark><name>966063</name><description>AL02065015</description><styleUrl>#stPoste</styleUrl><Point><coordinates>-48.16939,-8.972334,0</coordinates></Point></Placemark>
<Placemark><name>1098671</name><description>AL02065015</description><styleUrl>#stPoste</styleUrl><Point><coordinates>-48.176439,-8.97286,0</coordinates></Point></Placemark>
<Placemark><name>1791707</name><description>AL02065015</description><styleUrl>#stPoste</styleUrl><Point><coordinates>-48.170719,-8.976006,0</coordinates></Point></Placemark>
<Placemark><name>1791828</name><description>AL02065015</description><styleUrl>#stPoste</styleUrl><Point><coordinates>-48.175883,-8.975429,0</coordinates></Point></Placemark>
<Placemark><name>1792262</name><description>AL02065015</description><styleUrl>#stPoste</styleUrl><Point><coordinates>-48.160009,-8.964917,0</coordinates></Point></Placemark>
<Placemark><name>1792309</name><description>AL02065015</description><styleUrl>#stPoste</styleUrl><Point><coordinates>-48.159881,-8.965875,0</coordinates></Point></Placemark>
<Placemark><name>1792483</name><description>AL02065015</description><styleUrl>#stPoste</styleUrl><Point><coordinates>-48.170555,-8.974641,0</coordinates></Point></Placemark>
<Placemark><name>1792570</name><description>AL02065015</description><styleUrl>#stPoste</styleUrl><Point><coordinates>-48.158268,-8.969307,0</coordinates></Point></Placemark>
<Placemark><name>1792759</name><description>AL02065015</description><styleUrl>#stPoste</styleUrl><Point><coordinates>-48.167724,-8.965257,0</coordinates></Point></Placemark>
<Placemark><name>1792892</name><description>AL02065015</description><styleUrl>#stPoste</styleUrl><Point><coordinates>-48.175006,-8.97108,0</coordinates></Point></Placemark>
<Placemark><name>1793846</name><description>AL02065015</description><styleUrl>#stPoste</styleUrl><Point><coordinates>-48.177787,-8.975055,0</coordinates></Point></Placemark>
<Placemark><name>1794660</name><description>AL02065015</description><styleUrl>#stPoste</styleUrl><Point><coordinates>-48.164503,-8.960467,0</coordinates></Point></Placemark>
<Placemark><name>1794666</name><description>AL02065015</description><styleUrl>#stPoste</styleUrl><Point><coordinates>-48.163084,-8.962303,0</coordinates></Point></Placemark>
<Placemark><name>1794679</name><description>AL02065015</description><styleUrl>#stPoste</styleUrl><Point><coordinates>-48.176237,-8.966706,0</coordinates></Point></Placemark>
<Placemark><name>1794687</name><description>AL02065015</description><styleUrl>#stPoste</styleUrl><Point><coordinates>-48.173037,-8.969141,0</coordinates></Point></Placemark>
<Placemark><name>1817619</name><description>AL02065015</description><styleUrl>#stPoste</styleUrl><Point><coordinates>-48.177086,-8.976912,0</coordinates></Point></Placemark>
<Placemark><name>1834162</name><description>AL02065015</description><styleUrl>#stPoste</styleUrl><Point><coordinates>-48.177717,-8.974259,0</coordinates></Point></Placemark>
<Placemark><name>1834350</name><description>AL02065015</description><styleUrl>#stPoste</styleUrl><Point><coordinates>-48.176893,-8.973432,0</coordinates></Point></Placemark>
<Placemark><name>1837719</name><description>AL02065015</description><styleUrl>#stPoste</styleUrl><Point><coordinates>-48.165007,-8.959827,0</coordinates></Point></Placemark>
<Placemark><name>1880175</name><description>AL02065015</description><styleUrl>#stPoste</styleUrl><Point><coordinates>-48.173254,-8.970267,0</coordinates></Point></Placemark>
<Placemark><name>22475970</name><description>AL02065015</description><styleUrl>#stPoste</styleUrl><Point><coordinates>-48.15986,-8.957793,0</coordinates></Point></Placemark>
<Placemark><name>22475979</name><description>AL02065015</description><styleUrl>#stPoste</styleUrl><Point><coordinates>-48.159206,-8.959207,0</coordinates></Point></Placemark>
<Placemark><name>22476119</name><description>AL02065015</description><styleUrl>#stPoste</styleUrl><Point><coordinates>-48.161481,-8.958353,0</coordinates></Point></Placemark>
<Placemark><name>22476182</name><description>AL02065015</description><styleUrl>#stPoste</styleUrl><Point><coordinates>-48.160689,-8.957931,0</coordinates></Point></Placemark>
<Placemark><name>22476203</name><description>AL02065015</description><styleUrl>#stPoste</styleUrl><Point><coordinates>-48.16076,-8.956859,0</coordinates></Point></Placemark>
<Placemark><name>29568550</name><description>AL02065015</description><styleUrl>#stPoste</styleUrl><Point><coordinates>-48.164426,-8.961981,0</coordinates></Point></Placemark>
<Placemark><name>71891485</name><description>AL02065015</description><styleUrl>#stPoste</styleUrl><Point><coordinates>-48.175225,-8.972127,0</coordinates></Point></Placemark>
<Placemark><name>121421</name><description>AL02065015</description><styleUrl>#stPoste</styleUrl><Point><coordinates>-48.173679,-8.976427,0</coordinates></Point></Placemark>
<Placemark><name>952213</name><description>AL02065015</description><styleUrl>#stPoste</styleUrl><Point><coordinates>-48.164104,-8.964629,0</coordinates></Point></Placemark>
<Placemark><name>964580</name><description>AL02065015</description><styleUrl>#stPoste</styleUrl><Point><coordinates>-48.166794,-8.966831,0</coordinates></Point></Placemark>
<Placemark><name>966060</name><description>AL02065015</description><styleUrl>#stPoste</styleUrl><Point><coordinates>-48.17613,-8.970945,0</coordinates></Point></Placemark>
<Placemark><name>978833</name><description>AL02065015</description><styleUrl>#stPoste</styleUrl><Point><coordinates>-48.159149,-8.963777,0</coordinates></Point></Placemark>
<Placemark><name>979675</name><description>AL02065015</description><styleUrl>#stPoste</styleUrl><Point><coordinates>-48.177092,-8.973876,0</coordinates></Point></Placemark>
<Placemark><name>1097058</name><description>AL02065015</description><styleUrl>#stPoste</styleUrl><Point><coordinates>-48.173604,-8.977891,0</coordinates></Point></Placemark>
<Placemark><name>1791756</name><description>AL02065015</description><styleUrl>#stPoste</styleUrl><Point><coordinates>-48.174283,-8.977397,0</coordinates></Point></Placemark>
<Placemark><name>1791934</name><description>AL02065015</description><styleUrl>#stPoste</styleUrl><Point><coordinates>-48.163802,-8.96782,0</coordinates></Point></Placemark>
<Placemark><name>1792203</name><description>AL02065015</description><styleUrl>#stPoste</styleUrl><Point><coordinates>-48.16897,-8.963407,0</coordinates></Point></Placemark>
<Placemark><name>1792267</name><description>AL02065015</description><styleUrl>#stPoste</styleUrl><Point><coordinates>-48.159359,-8.96465,0</coordinates></Point></Placemark>
<Placemark><name>1792382</name><description>AL02065015</description><styleUrl>#stPoste</styleUrl><Point><coordinates>-48.162701,-8.961157,0</coordinates></Point></Placemark>
<Placemark><name>1792572</name><description>AL02065015</description><styleUrl>#stPoste</styleUrl><Point><coordinates>-48.171619,-8.975676,0</coordinates></Point></Placemark>
<Placemark><name>1792598</name><description>AL02065015</description><styleUrl>#stPoste</styleUrl><Point><coordinates>-48.158941,-8.961871,0</coordinates></Point></Placemark>
<Placemark><name>1792602</name><description>AL02065015</description><styleUrl>#stPoste</styleUrl><Point><coordinates>-48.16027,-8.962765,0</coordinates></Point></Placemark>
<Placemark><name>1792609</name><description>AL02065015</description><styleUrl>#stPoste</styleUrl><Point><coordinates>-48.160152,-8.958497,0</coordinates></Point></Placemark>
<Placemark><name>1793340</name><description>AL02065015</description><styleUrl>#stPoste</styleUrl><Point><coordinates>-48.171619,-8.97624,0</coordinates></Point></Placemark>
<Placemark><name>1793348</name><description>AL02065015</description><styleUrl>#stPoste</styleUrl><Point><coordinates>-48.171154,-8.976821,0</coordinates></Point></Placemark>
<Placemark><name>1793536</name><description>AL02065015</description><styleUrl>#stPoste</styleUrl><Point><coordinates>-48.177297,-8.970768,0</coordinates></Point></Placemark>
<Placemark><name>1794473</name><description>AL02065015</description><styleUrl>#stPoste</styleUrl><Point><coordinates>-48.159142,-8.962661,0</coordinates></Point></Placemark>
<Placemark><name>1794633</name><description>AL02065015</description><styleUrl>#stPoste</styleUrl><Point><coordinates>-48.172286,-8.972754,0</coordinates></Point></Placemark>
<Placemark><name>1799291</name><description>AL02065015</description><styleUrl>#stPoste</styleUrl><Point><coordinates>-48.163608,-8.964985,0</coordinates></Point></Placemark>
<Placemark><name>1816671</name><description>AL02065015</description><styleUrl>#stPoste</styleUrl><Point><coordinates>-48.163334,-8.958916,0</coordinates></Point></Placemark>
<Placemark><name>1816672</name><description>AL02065015</description><styleUrl>#stPoste</styleUrl><Point><coordinates>-48.16352,-8.95865,0</coordinates></Point></Placemark>
<Placemark><name>1817459</name><description>AL02065015</description><styleUrl>#stPoste</styleUrl><Point><coordinates>-48.159071,-8.967595,0</coordinates></Point></Placemark>
<Placemark><name>1878872</name><description>AL02065015</description><styleUrl>#stPoste</styleUrl><Point><coordinates>-48.169424,-8.972804,0</coordinates></Point></Placemark>
<Placemark><name>1880178</name><description>AL02065015</description><styleUrl>#stPoste</styleUrl><Point><coordinates>-48.174952,-8.970496,0</coordinates></Point></Placemark>
<Placemark><name>1886891</name><description>AL02065015</description><styleUrl>#stPoste</styleUrl><Point><coordinates>-48.165046,-8.959672,0</coordinates></Point></Placemark>
<Placemark><name>22432454</name><description>AL02065015</description><styleUrl>#stPoste</styleUrl><Point><coordinates>-48.173224,-8.971687,0</coordinates></Point></Placemark>
<Placemark><name>22475964</name><description>AL02065015</description><styleUrl>#stPoste</styleUrl><Point><coordinates>-48.159053,-8.958101,0</coordinates></Point></Placemark>
<Placemark><name>22475981</name><description>AL02065015</description><styleUrl>#stPoste</styleUrl><Point><coordinates>-48.159708,-8.959443,0</coordinates></Point></Placemark>
<Placemark><name>28958824</name><description>AL02065015</description><styleUrl>#stPoste</styleUrl><Point><coordinates>-48.16638,-8.964533,0</coordinates></Point></Placemark>
<Placemark><name>28958835</name><description>AL02065015</description><styleUrl>#stPoste</styleUrl><Point><coordinates>-48.165989,-8.965019,0</coordinates></Point></Placemark>
<Placemark><name>31247457</name><description>AL02065015</description><styleUrl>#stPoste</styleUrl><Point><coordinates>-48.168717,-8.974086,0</coordinates></Point></Placemark>
<Placemark><name>32407524</name><description>AL02065015</description><styleUrl>#stPoste</styleUrl><Point><coordinates>-48.175396,-8.975586,0</coordinates></Point></Placemark>
<Placemark><name>36332231</name><description>AL02065015</description><styleUrl>#stPoste</styleUrl><Point><coordinates>-48.176804,-8.972335,0</coordinates></Point></Placemark>
<Placemark><name>36799601</name><description>AL02065015</description><styleUrl>#stPoste</styleUrl><Point><coordinates>-48.177859,-8.971729,0</coordinates></Point></Placemark>
<Placemark><name>56771049</name><description>AL02065015</description><styleUrl>#stPoste</styleUrl><Point><coordinates>-48.175953,-8.968044,0</coordinates></Point></Placemark>
<Placemark><name>71891332</name><description>AL02065015</description><styleUrl>#stPoste</styleUrl><Point><coordinates>-48.176399,-8.974753,0</coordinates></Point></Placemark>
<Placemark><name>71891387</name><description>AL02065015</description><styleUrl>#stPoste</styleUrl><Point><coordinates>-48.176218,-8.97227,0</coordinates></Point></Placemark>
<Placemark><name>99469</name><description>AL02065015</description><styleUrl>#stPoste</styleUrl><Point><coordinates>-48.175228,-8.974806,0</coordinates></Point></Placemark>
<Placemark><name>99474</name><description>AL02065015</description><styleUrl>#stPoste</styleUrl><Point><coordinates>-48.174003,-8.973469,0</coordinates></Point></Placemark>
<Placemark><name>962226</name><description>AL02065015</description><styleUrl>#stPoste</styleUrl><Point><coordinates>-48.158666,-8.968716,0</coordinates></Point></Placemark>
<Placemark><name>963563</name><description>AL02065015</description><styleUrl>#stPoste</styleUrl><Point><coordinates>-48.162767,-8.966754,0</coordinates></Point></Placemark>
<Placemark><name>967219</name><description>AL02065015</description><styleUrl>#stPoste</styleUrl><Point><coordinates>-48.172164,-8.972281,0</coordinates></Point></Placemark>
<Placemark><name>977760</name><description>AL02065015</description><styleUrl>#stPoste</styleUrl><Point><coordinates>-48.164585,-8.966744,0</coordinates></Point></Placemark>
<Placemark><name>1224348</name><description>AL02065015</description><styleUrl>#stPoste</styleUrl><Point><coordinates>-48.157615,-8.966334,0</coordinates></Point></Placemark>
<Placemark><name>1783916</name><description>AL02065015</description><styleUrl>#stPoste</styleUrl><Point><coordinates>-48.170691,-8.975596,0</coordinates></Point></Placemark>
<Placemark><name>1791936</name><description>AL02065015</description><styleUrl>#stPoste</styleUrl><Point><coordinates>-48.160367,-8.960453,0</coordinates></Point></Placemark>
<Placemark><name>1791999</name><description>AL02065015</description><styleUrl>#stPoste</styleUrl><Point><coordinates>-48.15791,-8.965529,0</coordinates></Point></Placemark>
<Placemark><name>1792202</name><description>AL02065015</description><styleUrl>#stPoste</styleUrl><Point><coordinates>-48.168748,-8.963289,0</coordinates></Point></Placemark>
<Placemark><name>1792447</name><description>AL02065015</description><styleUrl>#stPoste</styleUrl><Point><coordinates>-48.159321,-8.96655,0</coordinates></Point></Placemark>
<Placemark><name>1792487</name><description>AL02065015</description><styleUrl>#stPoste</styleUrl><Point><coordinates>-48.169567,-8.975624,0</coordinates></Point></Placemark>
<Placemark><name>1792599</name><description>AL02065015</description><styleUrl>#stPoste</styleUrl><Point><coordinates>-48.159277,-8.962097,0</coordinates></Point></Placemark>
<Placemark><name>1792618</name><description>AL02065015</description><styleUrl>#stPoste</styleUrl><Point><coordinates>-48.173746,-8.97553,0</coordinates></Point></Placemark>
<Placemark><name>1792685</name><description>AL02065015</description><styleUrl>#stPoste</styleUrl><Point><coordinates>-48.177082,-8.976784,0</coordinates></Point></Placemark>
<Placemark><name>1793090</name><description>AL02065015</description><styleUrl>#stPoste</styleUrl><Point><coordinates>-48.171892,-8.9776,0</coordinates></Point></Placemark>
<Placemark><name>1793341</name><description>AL02065015</description><styleUrl>#stPoste</styleUrl><Point><coordinates>-48.171376,-8.976249,0</coordinates></Point></Placemark>
<Placemark><name>1793505</name><description>AL02065015</description><styleUrl>#stPoste</styleUrl><Point><coordinates>-48.177786,-8.976967,0</coordinates></Point></Placemark>
<Placemark><name>1793616</name><description>AL02065015</description><styleUrl>#stPoste</styleUrl><Point><coordinates>-48.176978,-8.974763,0</coordinates></Point></Placemark>
<Placemark><name>1794512</name><description>AL02065015</description><styleUrl>#stPoste</styleUrl><Point><coordinates>-48.163782,-8.963826,0</coordinates></Point></Placemark>
<Placemark><name>1794627</name><description>AL02065015</description><styleUrl>#stPoste</styleUrl><Point><coordinates>-48.171539,-8.970766,0</coordinates></Point></Placemark>
<Placemark><name>1794629</name><description>AL02065015</description><styleUrl>#stPoste</styleUrl><Point><coordinates>-48.172129,-8.971634,0</coordinates></Point></Placemark>
<Placemark><name>1794661</name><description>AL02065015</description><styleUrl>#stPoste</styleUrl><Point><coordinates>-48.164247,-8.960799,0</coordinates></Point></Placemark>
<Placemark><name>1794669</name><description>AL02065015</description><styleUrl>#stPoste</styleUrl><Point><coordinates>-48.162386,-8.963207,0</coordinates></Point></Placemark>
<Placemark><name>1794888</name><description>AL02065015</description><styleUrl>#stPoste</styleUrl><Point><coordinates>-48.17365,-8.970216,0</coordinates></Point></Placemark>
<Placemark><name>1816677</name><description>AL02065015</description><styleUrl>#stPoste</styleUrl><Point><coordinates>-48.16319,-8.957555,0</coordinates></Point></Placemark>
<Placemark><name>1880177</name><description>AL02065015</description><styleUrl>#stPoste</styleUrl><Point><coordinates>-48.175143,-8.973355,0</coordinates></Point></Placemark>
<Placemark><name>1887449</name><description>AL02065015</description><styleUrl>#stPoste</styleUrl><Point><coordinates>-48.157939,-8.964782,0</coordinates></Point></Placemark>
<Placemark><name>22475968</name><description>AL02065015</description><styleUrl>#stPoste</styleUrl><Point><coordinates>-48.159621,-8.958428,0</coordinates></Point></Placemark>
<Placemark><name>22475991</name><description>AL02065015</description><styleUrl>#stPoste</styleUrl><Point><coordinates>-48.16,-8.957389,0</coordinates></Point></Placemark>
<Placemark><name>22476132</name><description>AL02065015</description><styleUrl>#stPoste</styleUrl><Point><coordinates>-48.161167,-8.958305,0</coordinates></Point></Placemark>
<Placemark><name>22477070</name><description>AL02065015</description><styleUrl>#stPoste</styleUrl><Point><coordinates>-48.158742,-8.956933,0</coordinates></Point></Placemark>
<Placemark><name>26227756</name><description>AL02065015</description><styleUrl>#stPoste</styleUrl><Point><coordinates>-48.178114,-8.971726,0</coordinates></Point></Placemark>
<Placemark><name>29762063</name><description>AL02065015</description><styleUrl>#stPoste</styleUrl><Point><coordinates>-48.176547,-8.969119,0</coordinates></Point></Placemark>
<Placemark><name>57367840</name><description>AL02065015</description><styleUrl>#stPoste</styleUrl><Point><coordinates>-48.177785,-8.975925,0</coordinates></Point></Placemark>
<Placemark><name>99466</name><description>AL02065015</description><styleUrl>#stPoste</styleUrl><Point><coordinates>-48.171121,-8.971259,0</coordinates></Point></Placemark>
<Placemark><name>136126</name><description>AL02065015</description><styleUrl>#stPoste</styleUrl><Point><coordinates>-48.166718,-8.966188,0</coordinates></Point></Placemark>
<Placemark><name>953220</name><description>AL02065015</description><styleUrl>#stPoste</styleUrl><Point><coordinates>-48.165898,-8.967208,0</coordinates></Point></Placemark>
<Placemark><name>962710</name><description>AL02065015</description><styleUrl>#stPoste</styleUrl><Point><coordinates>-48.172391,-8.974828,0</coordinates></Point></Placemark>
<Placemark><name>962711</name><description>AL02065015</description><styleUrl>#stPoste</styleUrl><Point><coordinates>-48.172049,-8.97485,0</coordinates></Point></Placemark>
<Placemark><name>962712</name><description>AL02065015</description><styleUrl>#stPoste</styleUrl><Point><coordinates>-48.171741,-8.974869,0</coordinates></Point></Placemark>
<Placemark><name>966061</name><description>AL02065015</description><styleUrl>#stPoste</styleUrl><Point><coordinates>-48.170017,-8.972351,0</coordinates></Point></Placemark>
<Placemark><name>968255</name><description>AL02065015</description><styleUrl>#stPoste</styleUrl><Point><coordinates>-48.171398,-8.971245,0</coordinates></Point></Placemark>
<Placemark><name>979286</name><description>AL02065015</description><styleUrl>#stPoste</styleUrl><Point><coordinates>-48.159198,-8.969067,0</coordinates></Point></Placemark>
<Placemark><name>979967</name><description>AL02065015</description><styleUrl>#stPoste</styleUrl><Point><coordinates>-48.159966,-8.964494,0</coordinates></Point></Placemark>
<Placemark><name>982141</name><description>AL02065015</description><styleUrl>#stPoste</styleUrl><Point><coordinates>-48.160875,-8.965109,0</coordinates></Point></Placemark>
<Placemark><name>983168</name><description>AL02065015</description><styleUrl>#stPoste</styleUrl><Point><coordinates>-48.160812,-8.961431,0</coordinates></Point></Placemark>
<Placemark><name>1098562</name><description>AL02065015</description><styleUrl>#stPoste</styleUrl><Point><coordinates>-48.158763,-8.962498,0</coordinates></Point></Placemark>
<Placemark><name>1216429</name><description>AL02065015</description><styleUrl>#stPoste</styleUrl><Point><coordinates>-48.163417,-8.960791,0</coordinates></Point></Placemark>
<Placemark><name>1792009</name><description>AL02065015</description><styleUrl>#stPoste</styleUrl><Point><coordinates>-48.159229,-8.968473,0</coordinates></Point></Placemark>
<Placemark><name>1792154</name><description>AL02065015</description><styleUrl>#stPoste</styleUrl><Point><coordinates>-48.160504,-8.966055,0</coordinates></Point></Placemark>
<Placemark><name>1792266</name><description>AL02065015</description><styleUrl>#stPoste</styleUrl><Point><coordinates>-48.159302,-8.96453,0</coordinates></Point></Placemark>
<Placemark><name>1792316</name><description>AL02065015</description><styleUrl>#stPoste</styleUrl><Point><coordinates>-48.162056,-8.96254,0</coordinates></Point></Placemark>
<Placemark><name>1792392</name><description>AL02065015</description><styleUrl>#stPoste</styleUrl><Point><coordinates>-48.159886,-8.959237,0</coordinates></Point></Placemark>
<Placemark><name>1792482</name><description>AL02065015</description><styleUrl>#stPoste</styleUrl><Point><coordinates>-48.170562,-8.974984,0</coordinates></Point></Placemark>
<Placemark><name>1792488</name><description>AL02065015</description><styleUrl>#stPoste</styleUrl><Point><coordinates>-48.169584,-8.975945,0</coordinates></Point></Placemark>
<Placemark><name>1792605</name><description>AL02065015</description><styleUrl>#stPoste</styleUrl><Point><coordinates>-48.161167,-8.963368,0</coordinates></Point></Placemark>
<Placemark><name>1792613</name><description>AL02065015</description><styleUrl>#stPoste</styleUrl><Point><coordinates>-48.16769,-8.964366,0</coordinates></Point></Placemark>
<Placemark><name>1792758</name><description>AL02065015</description><styleUrl>#stPoste</styleUrl><Point><coordinates>-48.167426,-8.965108,0</coordinates></Point></Placemark>
<Placemark><name>1793426</name><description>AL02065015</description><styleUrl>#stPoste</styleUrl><Point><coordinates>-48.171769,-8.9763,0</coordinates></Point></Placemark>
<Placemark><name>1794475</name><description>AL02065015</description><styleUrl>#stPoste</styleUrl><Point><coordinates>-48.16301,-8.960529,0</coordinates></Point></Placemark>
<Placemark><name>1794508</name><description>AL02065015</description><styleUrl>#stPoste</styleUrl><Point><coordinates>-48.160285,-8.963497,0</coordinates></Point></Placemark>
<Placemark><name>1799207</name><description>AL02065015</description><styleUrl>#stPoste</styleUrl><Point><coordinates>-48.162062,-8.96397,0</coordinates></Point></Placemark>
<Placemark><name>1799297</name><description>AL02065015</description><styleUrl>#stPoste</styleUrl><Point><coordinates>-48.175207,-8.973924,0</coordinates></Point></Placemark>
<Placemark><name>1799306</name><description>AL02065015</description><styleUrl>#stPoste</styleUrl><Point><coordinates>-48.177053,-8.970787,0</coordinates></Point></Placemark>
<Placemark><name>1816548</name><description>AL02065015</description><styleUrl>#stPoste</styleUrl><Point><coordinates>-48.163399,-8.958021,0</coordinates></Point></Placemark>
<Placemark><name>1817457</name><description>AL02065015</description><styleUrl>#stPoste</styleUrl><Point><coordinates>-48.159608,-8.967354,0</coordinates></Point></Placemark>
<Placemark><name>22432383</name><description>AL02065015</description><styleUrl>#stPoste</styleUrl><Point><coordinates>-48.17319,-8.971334,0</coordinates></Point></Placemark>
<Placemark><name>22475962</name><description>AL02065015</description><styleUrl>#stPoste</styleUrl><Point><coordinates>-48.158798,-8.958777,0</coordinates></Point></Placemark>
<Placemark><name>22475975</name><description>AL02065015</description><styleUrl>#stPoste</styleUrl><Point><coordinates>-48.159916,-8.95742,0</coordinates></Point></Placemark>
<Placemark><name>22476102</name><description>AL02065015</description><styleUrl>#stPoste</styleUrl><Point><coordinates>-48.161614,-8.958662,0</coordinates></Point></Placemark>
<Placemark><name>22476117</name><description>AL02065015</description><styleUrl>#stPoste</styleUrl><Point><coordinates>-48.161865,-8.957808,0</coordinates></Point></Placemark>
<Placemark><name>28903121</name><description>AL02065015</description><styleUrl>#stPoste</styleUrl><Point><coordinates>-48.163838,-8.959219,0</coordinates></Point></Placemark>
<Placemark><name>28958784</name><description>AL02065015</description><styleUrl>#stPoste</styleUrl><Point><coordinates>-48.167677,-8.962562,0</coordinates></Point></Placemark>
<Placemark><name>33201537</name><description>AL02065015</description><styleUrl>#stPoste</styleUrl><Point><coordinates>-48.166932,-8.963686,0</coordinates></Point></Placemark>
<Placemark><name>36332290</name><description>AL02065015</description><styleUrl>#stPoste</styleUrl><Point><coordinates>-48.177059,-8.97203,0</coordinates></Point></Placemark>
<Placemark><name>42081274</name><description>AL02065015</description><styleUrl>#stPoste</styleUrl><Point><coordinates>-48.173166,-8.973027,0</coordinates></Point></Placemark>
<Placemark><name>56114246</name><description>AL02065015</description><styleUrl>#stPoste</styleUrl><Point><coordinates>-48.173709,-8.969365,0</coordinates></Point></Placemark>
<Placemark><name>71891523</name><description>AL02065015</description><styleUrl>#stPoste</styleUrl><Point><coordinates>-48.173415,-8.972209,0</coordinates></Point></Placemark>
<Placemark><name>121420</name><description>AL02065015</description><styleUrl>#stPoste</styleUrl><Point><coordinates>-48.17363,-8.97592,0</coordinates></Point></Placemark>
<Placemark><name>951866</name><description>AL02065015</description><styleUrl>#stPoste</styleUrl><Point><coordinates>-48.16179,-8.967165,0</coordinates></Point></Placemark>
<Placemark><name>952442</name><description>AL02065015</description><styleUrl>#stPoste</styleUrl><Point><coordinates>-48.173726,-8.977592,0</coordinates></Point></Placemark>
<Placemark><name>963222</name><description>AL02065015</description><styleUrl>#stPoste</styleUrl><Point><coordinates>-48.164485,-8.96644,0</coordinates></Point></Placemark>
<Placemark><name>965259</name><description>AL02065015</description><styleUrl>#stPoste</styleUrl><Point><coordinates>-48.15716,-8.969058,0</coordinates></Point></Placemark>
<Placemark><name>971214</name><description>AL02065015</description><styleUrl>#stPoste</styleUrl><Point><coordinates>-48.173306,-8.972544,0</coordinates></Point></Placemark>
<Placemark><name>978156</name><description>AL02065015</description><styleUrl>#stPoste</styleUrl><Point><coordinates>-48.170954,-8.970617,0</coordinates></Point></Placemark>
<Placemark><name>1097059</name><description>AL02065015</description><styleUrl>#stPoste</styleUrl><Point><coordinates>-48.173723,-8.976921,0</coordinates></Point></Placemark>
<Placemark><name>1098747</name><description>AL02065015</description><styleUrl>#stPoste</styleUrl><Point><coordinates>-48.158498,-8.963216,0</coordinates></Point></Placemark>
<Placemark><name>1429478</name><description>AL02065015</description><styleUrl>#stPoste</styleUrl><Point><coordinates>-48.16009,-8.967894,0</coordinates></Point></Placemark>
<Placemark><name>1792004</name><description>AL02065015</description><styleUrl>#stPoste</styleUrl><Point><coordinates>-48.158617,-8.967072,0</coordinates></Point></Placemark>
<Placemark><name>1792259</name><description>AL02065015</description><styleUrl>#stPoste</styleUrl><Point><coordinates>-48.159166,-8.965218,0</coordinates></Point></Placemark>
<Placemark><name>1792308</name><description>AL02065015</description><styleUrl>#stPoste</styleUrl><Point><coordinates>-48.159741,-8.965553,0</coordinates></Point></Placemark>
<Placemark><name>1792388</name><description>AL02065015</description><styleUrl>#stPoste</styleUrl><Point><coordinates>-48.160725,-8.960097,0</coordinates></Point></Placemark>
<Placemark><name>1792607</name><description>AL02065015</description><styleUrl>#stPoste</styleUrl><Point><coordinates>-48.162717,-8.95989,0</coordinates></Point></Placemark>
<Placemark><name>1792832</name><description>AL02065015</description><styleUrl>#stPoste</styleUrl><Point><coordinates>-48.175074,-8.970938,0</coordinates></Point></Placemark>
<Placemark><name>1793084</name><description>AL02065015</description><styleUrl>#stPoste</styleUrl><Point><coordinates>-48.172887,-8.977516,0</coordinates></Point></Placemark>
<Placemark><name>1793611</name><description>AL02065015</description><styleUrl>#stPoste</styleUrl><Point><coordinates>-48.172522,-8.976812,0</coordinates></Point></Placemark>
<Placemark><name>1793626</name><description>AL02065015</description><styleUrl>#stPoste</styleUrl><Point><coordinates>-48.177789,-8.969685,0</coordinates></Point></Placemark>
<Placemark><name>1794425</name><description>AL02065015</description><styleUrl>#stPoste</styleUrl><Point><coordinates>-48.174282,-8.973591,0</coordinates></Point></Placemark>
<Placemark><name>1794426</name><description>AL02065015</description><styleUrl>#stPoste</styleUrl><Point><coordinates>-48.170553,-8.974291,0</coordinates></Point></Placemark>
<Placemark><name>1794471</name><description>AL02065015</description><styleUrl>#stPoste</styleUrl><Point><coordinates>-48.159735,-8.961896,0</coordinates></Point></Placemark>
<Placemark><name>1794474</name><description>AL02065015</description><styleUrl>#stPoste</styleUrl><Point><coordinates>-48.162727,-8.96035,0</coordinates></Point></Placemark>
<Placemark><name>1794506</name><description>AL02065015</description><styleUrl>#stPoste</styleUrl><Point><coordinates>-48.160891,-8.962651,0</coordinates></Point></Placemark>
<Placemark><name>1794624</name><description>AL02065015</description><styleUrl>#stPoste</styleUrl><Point><coordinates>-48.171543,-8.971739,0</coordinates></Point></Placemark>
<Placemark><name>1794719</name><description>AL02065015</description><styleUrl>#stPoste</styleUrl><Point><coordinates>-48.171564,-8.974332,0</coordinates></Point></Placemark>
<Placemark><name>1794730</name><description>AL02065015</description><styleUrl>#stPoste</styleUrl><Point><coordinates>-48.169404,-8.972465,0</coordinates></Point></Placemark>
<Placemark><name>1794763</name><description>AL02065015</description><styleUrl>#stPoste</styleUrl><Point><coordinates>-48.171581,-8.97303,0</coordinates></Point></Placemark>
<Placemark><name>1799209</name><description>AL02065015</description><styleUrl>#stPoste</styleUrl><Point><coordinates>-48.162639,-8.964358,0</coordinates></Point></Placemark>
<Placemark><name>1799224</name><description>AL02065015</description><styleUrl>#stPoste</styleUrl><Point><coordinates>-48.164544,-8.965411,0</coordinates></Point></Placemark>
<Placemark><name>1799239</name><description>AL02065015</description><styleUrl>#stPoste</styleUrl><Point><coordinates>-48.170886,-8.970335,0</coordinates></Point></Placemark>
<Placemark><name>1799295</name><description>AL02065015</description><styleUrl>#stPoste</styleUrl><Point><coordinates>-48.171305,-8.970517,0</coordinates></Point></Placemark>
<Placemark><name>1817456</name><description>AL02065015</description><styleUrl>#stPoste</styleUrl><Point><coordinates>-48.159907,-8.96722,0</coordinates></Point></Placemark>
<Placemark><name>1853275</name><description>AL02065015</description><styleUrl>#stPoste</styleUrl><Point><coordinates>-48.177233,-8.973359,0</coordinates></Point></Placemark>
<Placemark><name>1853276</name><description>AL02065015</description><styleUrl>#stPoste</styleUrl><Point><coordinates>-48.17684,-8.973364,0</coordinates></Point></Placemark>
<Placemark><name>22476192</name><description>AL02065015</description><styleUrl>#stPoste</styleUrl><Point><coordinates>-48.161142,-8.957905,0</coordinates></Point></Placemark>
<Placemark><name>29568545</name><description>AL02065015</description><styleUrl>#stPoste</styleUrl><Point><coordinates>-48.164349,-8.962251,0</coordinates></Point></Placemark>
<Placemark><name>36254261</name><description>AL02065015</description><styleUrl>#stPoste</styleUrl><Point><coordinates>-48.169499,-8.973819,0</coordinates></Point></Placemark>
<Placemark><name>39165577</name><description>AL02065015</description><styleUrl>#stPoste</styleUrl><Point><coordinates>-48.164403,-8.966971,0</coordinates></Point></Placemark>
<Placemark><name>62894227</name><description>AL02065015</description><styleUrl>#stPoste</styleUrl><Point><coordinates>-48.161577,-8.963643,0</coordinates></Point></Placemark>
<Placemark><name>71891300</name><description>AL02065015</description><styleUrl>#stPoste</styleUrl><Point><coordinates>-48.176139,-8.97669,0</coordinates></Point></Placemark>
<Placemark><name>121358</name><description>AL02065015</description><styleUrl>#stPoste</styleUrl><Point><coordinates>-48.171903,-8.972296,0</coordinates></Point></Placemark>
<Placemark><name>136129</name><description>AL02065015</description><styleUrl>#stPoste</styleUrl><Point><coordinates>-48.161432,-8.965778,0</coordinates></Point></Placemark>
<Placemark><name>338293</name><description>AL02065015</description><styleUrl>#stPoste</styleUrl><Point><coordinates>-48.161544,-8.960642,0</coordinates></Point></Placemark>
<Placemark><name>964241</name><description>AL02065015</description><styleUrl>#stPoste</styleUrl><Point><coordinates>-48.156586,-8.959483,0</coordinates></Point></Placemark>
<Placemark><name>965045</name><description>AL02065015</description><styleUrl>#stPoste</styleUrl><Point><coordinates>-48.174978,-8.974749,0</coordinates></Point></Placemark>
<Placemark><name>965250</name><description>AL02065015</description><styleUrl>#stPoste</styleUrl><Point><coordinates>-48.156577,-8.957455,0</coordinates></Point></Placemark>
<Placemark><name>978855</name><description>AL02065015</description><styleUrl>#stPoste</styleUrl><Point><coordinates>-48.165931,-8.962279,0</coordinates></Point></Placemark>
<Placemark><name>983169</name><description>AL02065015</description><styleUrl>#stPoste</styleUrl><Point><coordinates>-48.161133,-8.961602,0</coordinates></Point></Placemark>
<Placemark><name>1098563</name><description>AL02065015</description><styleUrl>#stPoste</styleUrl><Point><coordinates>-48.158694,-8.962452,0</coordinates></Point></Placemark>
<Placemark><name>1791695</name><description>AL02065015</description><styleUrl>#stPoste</styleUrl><Point><coordinates>-48.165055,-8.968084,0</coordinates></Point></Placemark>
<Placemark><name>1791711</name><description>AL02065015</description><styleUrl>#stPoste</styleUrl><Point><coordinates>-48.171758,-8.977037,0</coordinates></Point></Placemark>
<Placemark><name>1791825</name><description>AL02065015</description><styleUrl>#stPoste</styleUrl><Point><coordinates>-48.175417,-8.976369,0</coordinates></Point></Placemark>
<Placemark><name>1791996</name><description>AL02065015</description><styleUrl>#stPoste</styleUrl><Point><coordinates>-48.167435,-8.962594,0</coordinates></Point></Placemark>
<Placemark><name>1792257</name><description>AL02065015</description><styleUrl>#stPoste</styleUrl><Point><coordinates>-48.161233,-8.963598,0</coordinates></Point></Placemark>
<Placemark><name>1792314</name><description>AL02065015</description><styleUrl>#stPoste</styleUrl><Point><coordinates>-48.16165,-8.963062,0</coordinates></Point></Placemark>
<Placemark><name>1792443</name><description>AL02065015</description><styleUrl>#stPoste</styleUrl><Point><coordinates>-48.165734,-8.966054,0</coordinates></Point></Placemark>
<Placemark><name>1792568</name><description>AL02065015</description><styleUrl>#stPoste</styleUrl><Point><coordinates>-48.158244,-8.970264,0</coordinates></Point></Placemark>
<Placemark><name>1792569</name><description>AL02065015</description><styleUrl>#stPoste</styleUrl><Point><coordinates>-48.15836,-8.969891,0</coordinates></Point></Placemark>
<Placemark><name>1792757</name><description>AL02065015</description><styleUrl>#stPoste</styleUrl><Point><coordinates>-48.167176,-8.964982,0</coordinates></Point></Placemark>
<Placemark><name>1793180</name><description>AL02065015</description><styleUrl>#stPoste</styleUrl><Point><coordinates>-48.174631,-8.967068,0</coordinates></Point></Placemark>
<Placemark><name>1793425</name><description>AL02065015</description><styleUrl>#stPoste</styleUrl><Point><coordinates>-48.172067,-8.976277,0</coordinates></Point></Placemark>
<Placemark><name>1793764</name><description>AL02065015</description><styleUrl>#stPoste</styleUrl><Point><coordinates>-48.17746,-8.975018,0</coordinates></Point></Placemark>
<Placemark><name>1794384</name><description>AL02065015</description><styleUrl>#stPoste</styleUrl><Point><coordinates>-48.169977,-8.975593,0</coordinates></Point></Placemark>
<Placemark><name>1794612</name><description>AL02065015</description><styleUrl>#stPoste</styleUrl><Point><coordinates>-48.168438,-8.964195,0</coordinates></Point></Placemark>
<Placemark><name>1794727</name><description>AL02065015</description><styleUrl>#stPoste</styleUrl><Point><coordinates>-48.169488,-8.974302,0</coordinates></Point></Placemark>
<Placemark><name>1817454</name><description>AL02065015</description><styleUrl>#stPoste</styleUrl><Point><coordinates>-48.160493,-8.966971,0</coordinates></Point></Placemark>
<Placemark><name>1817613</name><description>AL02065015</description><styleUrl>#stPoste</styleUrl><Point><coordinates>-48.176749,-8.976187,0</coordinates></Point></Placemark>
<Placemark><name>1834159</name><description>AL02065015</description><styleUrl>#stPoste</styleUrl><Point><coordinates>-48.177735,-8.973221,0</coordinates></Point></Placemark>
<Placemark><name>1834166</name><description>AL02065015</description><styleUrl>#stPoste</styleUrl><Point><coordinates>-48.177738,-8.974571,0</coordinates></Point></Placemark>
<Placemark><name>1887602</name><description>AL02065015</description><styleUrl>#stPoste</styleUrl><Point><coordinates>-48.176306,-8.97492,0</coordinates></Point></Placemark>
<Placemark><name>22476059</name><description>AL02065015</description><styleUrl>#stPoste</styleUrl><Point><coordinates>-48.162283,-8.959191,0</coordinates></Point></Placemark>
<Placemark><name>22476118</name><description>AL02065015</description><styleUrl>#stPoste</styleUrl><Point><coordinates>-48.161677,-8.958082,0</coordinates></Point></Placemark>
<Placemark><name>22476150</name><description>AL02065015</description><styleUrl>#stPoste</styleUrl><Point><coordinates>-48.160928,-8.95812,0</coordinates></Point></Placemark>
<Placemark><name>24132647</name><description>AL02065015</description><styleUrl>#stPoste</styleUrl><Point><coordinates>-48.166966,-8.965712,0</coordinates></Point></Placemark>
<Placemark><name>28958948</name><description>AL02065015</description><styleUrl>#stPoste</styleUrl><Point><coordinates>-48.163788,-8.965099,0</coordinates></Point></Placemark>
<Placemark><name>36254280</name><description>AL02065015</description><styleUrl>#stPoste</styleUrl><Point><coordinates>-48.16882,-8.973936,0</coordinates></Point></Placemark>
<Placemark><name>71891277</name><description>AL02065015</description><styleUrl>#stPoste</styleUrl><Point><coordinates>-48.175408,-8.977922,0</coordinates></Point></Placemark>
<Placemark><name>71891305</name><description>AL02065015</description><styleUrl>#stPoste</styleUrl><Point><coordinates>-48.176303,-8.976433,0</coordinates></Point></Placemark>
<Placemark><name>964239</name><description>AL02065015</description><styleUrl>#stPoste</styleUrl><Point><coordinates>-48.157601,-8.961447,0</coordinates></Point></Placemark>
<Placemark><name>965258</name><description>AL02065015</description><styleUrl>#stPoste</styleUrl><Point><coordinates>-48.157902,-8.968902,0</coordinates></Point></Placemark>
<Placemark><name>965603</name><description>AL02065015</description><styleUrl>#stPoste</styleUrl><Point><coordinates>-48.165426,-8.967191,0</coordinates></Point></Placemark>
<Placemark><name>966062</name><description>AL02065015</description><styleUrl>#stPoste</styleUrl><Point><coordinates>-48.176152,-8.971285,0</coordinates></Point></Placemark>
<Placemark><name>969195</name><description>AL02065015</description><styleUrl>#stPoste</styleUrl><Point><coordinates>-48.172705,-8.971129,0</coordinates></Point></Placemark>
<Placemark><name>980729</name><description>AL02065015</description><styleUrl>#stPoste</styleUrl><Point><coordinates>-48.175326,-8.970001,0</coordinates></Point></Placemark>
<Placemark><name>982147</name><description>AL02065015</description><styleUrl>#stPoste</styleUrl><Point><coordinates>-48.159242,-8.965834,0</coordinates></Point></Placemark>
<Placemark><name>1067349</name><description>AL02065015</description><styleUrl>#stPoste</styleUrl><Point><coordinates>-48.162821,-8.958851,0</coordinates></Point></Placemark>
<Placemark><name>1791694</name><description>AL02065015</description><styleUrl>#stPoste</styleUrl><Point><coordinates>-48.165256,-8.967874,0</coordinates></Point></Placemark>
<Placemark><name>1791760</name><description>AL02065015</description><styleUrl>#stPoste</styleUrl><Point><coordinates>-48.171723,-8.976401,0</coordinates></Point></Placemark>
<Placemark><name>1791769</name><description>AL02065015</description><styleUrl>#stPoste</styleUrl><Point><coordinates>-48.174953,-8.97734,0</coordinates></Point></Placemark>
<Placemark><name>1792080</name><description>AL02065015</description><styleUrl>#stPoste</styleUrl><Point><coordinates>-48.161628,-8.965352,0</coordinates></Point></Placemark>
<Placemark><name>1792263</name><description>AL02065015</description><styleUrl>#stPoste</styleUrl><Point><coordinates>-48.16026,-8.964827,0</coordinates></Point></Placemark>
<Placemark><name>1792265</name><description>AL02065015</description><styleUrl>#stPoste</styleUrl><Point><coordinates>-48.15856,-8.965435,0</coordinates></Point></Placemark>
<Placemark><name>1792683</name><description>AL02065015</description><styleUrl>#stPoste</styleUrl><Point><coordinates>-48.171868,-8.97686,0</coordinates></Point></Placemark>
<Placemark><name>1792880</name><description>AL02065015</description><styleUrl>#stPoste</styleUrl><Point><coordinates>-48.170997,-8.976571,0</coordinates></Point></Placemark>
<Placemark><name>1793085</name><description>AL02065015</description><styleUrl>#stPoste</styleUrl><Point><coordinates>-48.177082,-8.978058,0</coordinates></Point></Placemark>
<Placemark><name>1793176</name><description>AL02065015</description><styleUrl>#stPoste</styleUrl><Point><coordinates>-48.176474,-8.9783,0</coordinates></Point></Placemark>
<Placemark><name>1793181</name><description>AL02065015</description><styleUrl>#stPoste</styleUrl><Point><coordinates>-48.17466,-8.967385,0</coordinates></Point></Placemark>
<Placemark><name>1793504</name><description>AL02065015</description><styleUrl>#stPoste</styleUrl><Point><coordinates>-48.177786,-8.976649,0</coordinates></Point></Placemark>
<Placemark><name>1794514</name><description>AL02065015</description><styleUrl>#stPoste</styleUrl><Point><coordinates>-48.163442,-8.964228,0</coordinates></Point></Placemark>
<Placemark><name>1794621</name><description>AL02065015</description><styleUrl>#stPoste</styleUrl><Point><coordinates>-48.171571,-8.972714,0</coordinates></Point></Placemark>
<Placemark><name>1794622</name><description>AL02065015</description><styleUrl>#stPoste</styleUrl><Point><coordinates>-48.171563,-8.972417,0</coordinates></Point></Placemark>
<Placemark><name>1794678</name><description>AL02065015</description><styleUrl>#stPoste</styleUrl><Point><coordinates>-48.176285,-8.967,0</coordinates></Point></Placemark>
<Placemark><name>1794724</name><description>AL02065015</description><styleUrl>#stPoste</styleUrl><Point><coordinates>-48.172934,-8.973643,0</coordinates></Point></Placemark>
<Placemark><name>1799227</name><description>AL02065015</description><styleUrl>#stPoste</styleUrl><Point><coordinates>-48.163166,-8.96838,0</coordinates></Point></Placemark>
<Placemark><name>1799300</name><description>AL02065015</description><styleUrl>#stPoste</styleUrl><Point><coordinates>-48.172248,-8.970396,0</coordinates></Point></Placemark>
<Placemark><name>1802591</name><description>AL02065015</description><styleUrl>#stPoste</styleUrl><Point><coordinates>-48.159267,-8.96859,0</coordinates></Point></Placemark>
<Placemark><name>1834356</name><description>AL02065015</description><styleUrl>#stPoste</styleUrl><Point><coordinates>-48.177456,-8.973864,0</coordinates></Point></Placemark>
<Placemark><name>32407531</name><description>AL02065015</description><styleUrl>#stPoste</styleUrl><Point><coordinates>-48.175361,-8.975277,0</coordinates></Point></Placemark>
<Placemark><name>35391163</name><description>AL02065015</description><styleUrl>#stPoste</styleUrl><Point><coordinates>-48.176063,-8.965623,0</coordinates></Point></Placemark>
<Placemark><name>38436058</name><description>AL02065015</description><styleUrl>#stPoste</styleUrl><Point><coordinates>-48.175252,-8.974279,0</coordinates></Point></Placemark>
<Placemark><name>42081231</name><description>AL02065015</description><styleUrl>#stPoste</styleUrl><Point><coordinates>-48.174625,-8.972922,0</coordinates></Point></Placemark>
<Placemark><name>50467387</name><description>AL02065015</description><styleUrl>#stPoste</styleUrl><Point><coordinates>-48.16838,-8.972454,0</coordinates></Point></Placemark>
<Placemark><name>71891465</name><description>AL02065015</description><styleUrl>#stPoste</styleUrl><Point><coordinates>-48.175755,-8.972106,0</coordinates></Point></Placemark>
<Placemark><name>71891478</name><description>AL02065015</description><styleUrl>#stPoste</styleUrl><Point><coordinates>-48.175526,-8.972115,0</coordinates></Point></Placemark>
<Placemark><name>973949</name><description>LD01065015</description><styleUrl>#stPoste</styleUrl><Point><coordinates>-48.164879,-8.982662,0</coordinates></Point></Placemark>
<Placemark><name>27396571</name><description>LD01065015</description><styleUrl>#stPoste</styleUrl><Point><coordinates>-48.173124,-8.98309,0</coordinates></Point></Placemark>
<Placemark><name>973947</name><description>LD01065015</description><styleUrl>#stPoste</styleUrl><Point><coordinates>-48.164939,-8.981865,0</coordinates></Point></Placemark>
<Placemark><name>27396499</name><description>LD01065015</description><styleUrl>#stPoste</styleUrl><Point><coordinates>-48.173907,-8.98112,0</coordinates></Point></Placemark>
<Placemark><name>941971</name><description>LD01065015</description><styleUrl>#stPoste</styleUrl><Point><coordinates>-48.167208,-8.982634,0</coordinates></Point></Placemark>
<Placemark><name>969056</name><description>LD01065015</description><styleUrl>#stPoste</styleUrl><Point><coordinates>-48.165668,-8.982124,0</coordinates></Point></Placemark>
<Placemark><name>973211</name><description>LD01065015</description><styleUrl>#stPoste</styleUrl><Point><coordinates>-48.164986,-8.98126,0</coordinates></Point></Placemark>
<Placemark><name>968442</name><description>LD01065015</description><styleUrl>#stPoste</styleUrl><Point><coordinates>-48.172726,-8.984092,0</coordinates></Point></Placemark>
<Placemark><name>27396591</name><description>LD01065015</description><styleUrl>#stPoste</styleUrl><Point><coordinates>-48.172594,-8.984427,0</coordinates></Point></Placemark>
<Placemark><name>27396596</name><description>LD01065015</description><styleUrl>#stPoste</styleUrl><Point><coordinates>-48.171917,-8.986069,0</coordinates></Point></Placemark>
<Placemark><name>940903</name><description>LD01065015</description><styleUrl>#stPoste</styleUrl><Point><coordinates>-48.169238,-8.98355,0</coordinates></Point></Placemark>
<Placemark><name>973212</name><description>LD01065015</description><styleUrl>#stPoste</styleUrl><Point><coordinates>-48.16497,-8.981467,0</coordinates></Point></Placemark>
<Placemark><name>27580625</name><description>LD01065015</description><styleUrl>#stPoste</styleUrl><Point><coordinates>-48.170296,-8.983206,0</coordinates></Point></Placemark>
<Placemark><name>27580640</name><description>LD01065015</description><styleUrl>#stPoste</styleUrl><Point><coordinates>-48.170632,-8.983326,0</coordinates></Point></Placemark>
<Placemark><name>941969</name><description>LD01065015</description><styleUrl>#stPoste</styleUrl><Point><coordinates>-48.167509,-8.982738,0</coordinates></Point></Placemark>
<Placemark><name>936771</name><description>LD01065015</description><styleUrl>#stPoste</styleUrl><Point><coordinates>-48.164798,-8.983606,0</coordinates></Point></Placemark>
<Placemark><name>27396515</name><description>LD01065015</description><styleUrl>#stPoste</styleUrl><Point><coordinates>-48.173664,-8.981731,0</coordinates></Point></Placemark>
<Placemark><name>936770</name><description>LD01065015</description><styleUrl>#stPoste</styleUrl><Point><coordinates>-48.164816,-8.983487,0</coordinates></Point></Placemark>
<Placemark><name>973221</name><description>LD01065015</description><styleUrl>#stPoste</styleUrl><Point><coordinates>-48.168329,-8.983118,0</coordinates></Point></Placemark>
<Placemark><name>969052</name><description>LD01065015</description><styleUrl>#stPoste</styleUrl><Point><coordinates>-48.166575,-8.982418,0</coordinates></Point></Placemark>
<Placemark><name>27396542</name><description>LD01065015</description><styleUrl>#stPoste</styleUrl><Point><coordinates>-48.17362,-8.981841,0</coordinates></Point></Placemark>
<Placemark><name>973219</name><description>LD01065015</description><styleUrl>#stPoste</styleUrl><Point><coordinates>-48.167903,-8.982923,0</coordinates></Point></Placemark>
<Placemark><name>936769</name><description>LD01065015</description><styleUrl>#stPoste</styleUrl><Point><coordinates>-48.164834,-8.983254,0</coordinates></Point></Placemark>
<Placemark><name>968142</name><description>LD01065015</description><styleUrl>#stPoste</styleUrl><Point><coordinates>-48.173247,-8.982779,0</coordinates></Point></Placemark>
<Placemark><name>27396587</name><description>LD01065015</description><styleUrl>#stPoste</styleUrl><Point><coordinates>-48.172871,-8.983726,0</coordinates></Point></Placemark>
<Placemark><name>936768</name><description>LD01065015</description><styleUrl>#stPoste</styleUrl><Point><coordinates>-48.164856,-8.982961,0</coordinates></Point></Placemark>
<Placemark><name>27396481</name><description>LD01065015</description><styleUrl>#stPoste</styleUrl><Point><coordinates>-48.17427,-8.980206,0</coordinates></Point></Placemark>
<Placemark><name>27580599</name><description>LD01065015</description><styleUrl>#stPoste</styleUrl><Point><coordinates>-48.170036,-8.983522,0</coordinates></Point></Placemark>
<Placemark><name>968869</name><description>LD01065015</description><styleUrl>#stPoste</styleUrl><Point><coordinates>-48.175072,-8.97885,0</coordinates></Point></Placemark>
<Placemark><name>27396551</name><description>LD01065015</description><styleUrl>#stPoste</styleUrl><Point><coordinates>-48.173502,-8.982139,0</coordinates></Point></Placemark>
<Placemark><name>38436022</name><description>LD01065015</description><styleUrl>#stPoste</styleUrl><Point><coordinates>-48.169551,-8.983696,0</coordinates></Point></Placemark>
<Placemark><name>973948</name><description>LD01065015</description><styleUrl>#stPoste</styleUrl><Point><coordinates>-48.164912,-8.982227,0</coordinates></Point></Placemark>
<Placemark><name>27396594</name><description>LD01065015</description><styleUrl>#stPoste</styleUrl><Point><coordinates>-48.172196,-8.985431,0</coordinates></Point></Placemark>
<Placemark><name>936744</name><description>LD01065015</description><styleUrl>#stPoste</styleUrl><Point><coordinates>-48.166873,-8.982514,0</coordinates></Point></Placemark>
<Placemark><name>967127</name><description>LD01065015</description><styleUrl>#stPoste</styleUrl><Point><coordinates>-48.174756,-8.979135,0</coordinates></Point></Placemark>
<Placemark><name>975480</name><description>LD01065015</description><styleUrl>#stPoste</styleUrl><Point><coordinates>-48.165853,-8.981852,0</coordinates></Point></Placemark>
<Placemark><name>976901</name><description>LD01065015</description><styleUrl>#stPoste</styleUrl><Point><coordinates>-48.16403,-8.980479,0</coordinates></Point></Placemark>
<Placemark><name>941990</name><description>LD01065015</description><styleUrl>#stPoste</styleUrl><Point><coordinates>-48.168919,-8.9834,0</coordinates></Point></Placemark>
<Placemark><name>1317061</name><description>LD01065015</description><styleUrl>#stPoste</styleUrl><Point><coordinates>-48.175194,-8.978882,0</coordinates></Point></Placemark>
<Placemark><name>27396495</name><description>LD01065015</description><styleUrl>#stPoste</styleUrl><Point><coordinates>-48.174035,-8.980798,0</coordinates></Point></Placemark>
<Placemark><name>967126</name><description>LD01065015</description><styleUrl>#stPoste</styleUrl><Point><coordinates>-48.174913,-8.97881,0</coordinates></Point></Placemark>
<Placemark><name>969053</name><description>LD01065015</description><styleUrl>#stPoste</styleUrl><Point><coordinates>-48.166275,-8.982323,0</coordinates></Point></Placemark>
<Placemark><name>27396465</name><description>LD01065015</description><styleUrl>#stPoste</styleUrl><Point><coordinates>-48.174519,-8.979632,0</coordinates></Point></Placemark>
<Placemark><name>27580618</name><description>LD01065015</description><styleUrl>#stPoste</styleUrl><Point><coordinates>-48.170149,-8.983194,0</coordinates></Point></Placemark>
<Placemark><name>938177</name><description>LD01065015</description><styleUrl>#stPoste</styleUrl><Point><coordinates>-48.17233,-8.98396,0</coordinates></Point></Placemark>
<Placemark><name>938795</name><description>LD01065015</description><styleUrl>#stPoste</styleUrl><Point><coordinates>-48.171366,-8.983622,0</coordinates></Point></Placemark>
<Placemark><name>973215</name><description>LD01065015</description><styleUrl>#stPoste</styleUrl><Point><coordinates>-48.165034,-8.98352,0</coordinates></Point></Placemark>
<Placemark><name>973216</name><description>LD01065015</description><styleUrl>#stPoste</styleUrl><Point><coordinates>-48.164893,-8.983788,0</coordinates></Point></Placemark>
<Placemark><name>976900</name><description>LD01065015</description><styleUrl>#stPoste</styleUrl><Point><coordinates>-48.164534,-8.981035,0</coordinates></Point></Placemark>
<Placemark><name>937839</name><description>LD01065015</description><styleUrl>#stPoste</styleUrl><Point><coordinates>-48.171099,-8.983529,0</coordinates></Point></Placemark>
<Placemark><name>972830</name><description>LD01065015</description><styleUrl>#stPoste</styleUrl><Point><coordinates>-48.165425,-8.982725,0</coordinates></Point></Placemark>
<Placemark><name>27396470</name><description>LD01065015</description><styleUrl>#stPoste</styleUrl><Point><coordinates>-48.174374,-8.979944,0</coordinates></Point></Placemark>
<Placemark><name>972832</name><description>LD01065015</description><styleUrl>#stPoste</styleUrl><Point><coordinates>-48.165228,-8.983126,0</coordinates></Point></Placemark>
<Placemark><name>27396592</name><description>LD01065015</description><styleUrl>#stPoste</styleUrl><Point><coordinates>-48.172465,-8.984759,0</coordinates></Point></Placemark>
<Placemark><name>27580613</name><description>LD01065015</description><styleUrl>#stPoste</styleUrl><Point><coordinates>-48.170096,-8.98335,0</coordinates></Point></Placemark>
<Placemark><name>975481</name><description>LD01065015</description><styleUrl>#stPoste</styleUrl><Point><coordinates>-48.165647,-8.982272,0</coordinates></Point></Placemark>
<Placemark><name>27396549</name><description>LD01065015</description><styleUrl>#stPoste</styleUrl><Point><coordinates>-48.17357,-8.981967,0</coordinates></Point></Placemark>
<Placemark><name>973944</name><description>LD01065015</description><styleUrl>#stPoste</styleUrl><Point><coordinates>-48.163598,-8.980353,0</coordinates></Point></Placemark>
<Placemark><name>22075460</name><description>LD01065015</description><styleUrl>#stPoste</styleUrl><Point><coordinates>-48.166024,-8.982239,0</coordinates></Point></Placemark>
<Placemark><name>937846</name><description>LD01065015</description><styleUrl>#stPoste</styleUrl><Point><coordinates>-48.169922,-8.98387,0</coordinates></Point></Placemark>
<Placemark><name>27396509</name><description>LD01065015</description><styleUrl>#stPoste</styleUrl><Point><coordinates>-48.173801,-8.981386,0</coordinates></Point></Placemark>
<Placemark><name>27396576</name><description>LD01065015</description><styleUrl>#stPoste</styleUrl><Point><coordinates>-48.172991,-8.983425,0</coordinates></Point></Placemark>
<Placemark><name>27396593</name><description>LD01065015</description><styleUrl>#stPoste</styleUrl><Point><coordinates>-48.172331,-8.985094,0</coordinates></Point></Placemark>
<Placemark><name>973220</name><description>LD01065015</description><styleUrl>#stPoste</styleUrl><Point><coordinates>-48.168175,-8.983051,0</coordinates></Point></Placemark>
<Placemark><name>27396485</name><description>LD01065015</description><styleUrl>#stPoste</styleUrl><Point><coordinates>-48.174134,-8.980547,0</coordinates></Point></Placemark>
<Placemark><name>27396561</name><description>LD01065015</description><styleUrl>#stPoste</styleUrl><Point><coordinates>-48.173392,-8.982415,0</coordinates></Point></Placemark>
<Placemark><name>27396595</name><description>LD01065015</description><styleUrl>#stPoste</styleUrl><Point><coordinates>-48.172072,-8.985738,0</coordinates></Point></Placemark>
<Placemark><name>140350</name><description>LD01065015</description><styleUrl>#stPoste</styleUrl><Point><coordinates>-48.163608,-8.98032,0</coordinates></Point></Placemark>
<Placemark><name>27103908</name><description>LD02065015</description><styleUrl>#stPoste</styleUrl><Point><coordinates>-48.173571,-9.014488,0</coordinates></Point></Placemark>
<Placemark><name>39093361</name><description>LD02065015</description><styleUrl>#stPoste</styleUrl><Point><coordinates>-48.163552,-8.98859,0</coordinates></Point></Placemark>
<Placemark><name>44271333</name><description>LD02065015</description><styleUrl>#stPoste</styleUrl><Point><coordinates>-48.165925,-8.992429,0</coordinates></Point></Placemark>
<Placemark><name>72332512</name><description>LD02065015</description><styleUrl>#stPoste</styleUrl><Point><coordinates>-48.180606,-9.016342,0</coordinates></Point></Placemark>
<Placemark><name>72332792</name><description>LD02065015</description><styleUrl>#stPoste</styleUrl><Point><coordinates>-48.168409,-9.002746,0</coordinates></Point></Placemark>
<Placemark><name>72332829</name><description>LD02065015</description><styleUrl>#stPoste</styleUrl><Point><coordinates>-48.168018,-9.000108,0</coordinates></Point></Placemark>
<Placemark><name>72333902</name><description>LD02065015</description><styleUrl>#stPoste</styleUrl><Point><coordinates>-48.172659,-8.983969,0</coordinates></Point></Placemark>
<Placemark><name>964017</name><description>LD02065015</description><styleUrl>#stPoste</styleUrl><Point><coordinates>-48.180773,-9.014931,0</coordinates></Point></Placemark>
<Placemark><name>964546</name><description>LD02065015</description><styleUrl>#stPoste</styleUrl><Point><coordinates>-48.165591,-9.0002,0</coordinates></Point></Placemark>
<Placemark><name>35672019</name><description>LD02065015</description><styleUrl>#stPoste</styleUrl><Point><coordinates>-48.176915,-9.015535,0</coordinates></Point></Placemark>
<Placemark><name>59416139</name><description>LD02065015</description><styleUrl>#stPoste</styleUrl><Point><coordinates>-48.171535,-8.992172,0</coordinates></Point></Placemark>
<Placemark><name>59416443</name><description>LD02065015</description><styleUrl>#stPoste</styleUrl><Point><coordinates>-48.173023,-8.993635,0</coordinates></Point></Placemark>
<Placemark><name>59416463</name><description>LD02065015</description><styleUrl>#stPoste</styleUrl><Point><coordinates>-48.174196,-8.995102,0</coordinates></Point></Placemark>
<Placemark><name>72332491</name><description>LD02065015</description><styleUrl>#stPoste</styleUrl><Point><coordinates>-48.179634,-9.0163,0</coordinates></Point></Placemark>
<Placemark><name>72332738</name><description>LD02065015</description><styleUrl>#stPoste</styleUrl><Point><coordinates>-48.169098,-9.007682,0</coordinates></Point></Placemark>
<Placemark><name>72332760</name><description>LD02065015</description><styleUrl>#stPoste</styleUrl><Point><coordinates>-48.168693,-9.004716,0</coordinates></Point></Placemark>
<Placemark><name>135623</name><description>LD02065015</description><styleUrl>#stPoste</styleUrl><Point><coordinates>-48.165685,-8.991324,0</coordinates></Point></Placemark>
<Placemark><name>1437563</name><description>LD02065015</description><styleUrl>#stPoste</styleUrl><Point><coordinates>-48.170815,-8.986855,0</coordinates></Point></Placemark>
<Placemark><name>1460881</name><description>LD02065015</description><styleUrl>#stPoste</styleUrl><Point><coordinates>-48.165426,-8.987886,0</coordinates></Point></Placemark>
<Placemark><name>1792395</name><description>LD02065015</description><styleUrl>#stPoste</styleUrl><Point><coordinates>-48.174251,-9.015174,0</coordinates></Point></Placemark>
<Placemark><name>25644240</name><description>LD02065015</description><styleUrl>#stPoste</styleUrl><Point><coordinates>-48.170285,-9.013573,0</coordinates></Point></Placemark>
<Placemark><name>44271367</name><description>LD02065015</description><styleUrl>#stPoste</styleUrl><Point><coordinates>-48.164946,-8.990872,0</coordinates></Point></Placemark>
<Placemark><name>72333891</name><description>LD02065015</description><styleUrl>#stPoste</styleUrl><Point><coordinates>-48.172235,-8.985024,0</coordinates></Point></Placemark>
<Placemark><name>963190</name><description>LD02065015</description><styleUrl>#stPoste</styleUrl><Point><coordinates>-48.16761,-9.009378,0</coordinates></Point></Placemark>
<Placemark><name>965053</name><description>LD02065015</description><styleUrl>#stPoste</styleUrl><Point><coordinates>-48.174149,-8.991939,0</coordinates></Point></Placemark>
<Placemark><name>1791703</name><description>LD02065015</description><styleUrl>#stPoste</styleUrl><Point><coordinates>-48.174261,-9.014802,0</coordinates></Point></Placemark>
<Placemark><name>1791876</name><description>LD02065015</description><styleUrl>#stPoste</styleUrl><Point><coordinates>-48.174968,-9.015081,0</coordinates></Point></Placemark>
<Placemark><name>1792184</name><description>LD02065015</description><styleUrl>#stPoste</styleUrl><Point><coordinates>-48.174228,-9.014547,0</coordinates></Point></Placemark>
<Placemark><name>25644197</name><description>LD02065015</description><styleUrl>#stPoste</styleUrl><Point><coordinates>-48.170056,-9.012683,0</coordinates></Point></Placemark>
<Placemark><name>44271359</name><description>LD02065015</description><styleUrl>#stPoste</styleUrl><Point><coordinates>-48.167148,-8.994856,0</coordinates></Point></Placemark>
<Placemark><name>59416461</name><description>LD02065015</description><styleUrl>#stPoste</styleUrl><Point><coordinates>-48.173339,-8.994634,0</coordinates></Point></Placemark>
<Placemark><name>72332787</name><description>LD02065015</description><styleUrl>#stPoste</styleUrl><Point><coordinates>-48.168449,-9.003036,0</coordinates></Point></Placemark>
<Placemark><name>72332864</name><description>LD02065015</description><styleUrl>#stPoste</styleUrl><Point><coordinates>-48.16879,-9.005456,0</coordinates></Point></Placemark>
<Placemark><name>72333016</name><description>LD02065015</description><styleUrl>#stPoste</styleUrl><Point><coordinates>-48.165557,-8.991845,0</coordinates></Point></Placemark>
<Placemark><name>72333894</name><description>LD02065015</description><styleUrl>#stPoste</styleUrl><Point><coordinates>-48.172378,-8.984669,0</coordinates></Point></Placemark>
<Placemark><name>72333954</name><description>LD02065015</description><styleUrl>#stPoste</styleUrl><Point><coordinates>-48.174143,-8.980268,0</coordinates></Point></Placemark>
<Placemark><name>940919</name><description>LD02065015</description><styleUrl>#stPoste</styleUrl><Point><coordinates>-48.167763,-8.998338,0</coordinates></Point></Placemark>
<Placemark><name>941967</name><description>LD02065015</description><styleUrl>#stPoste</styleUrl><Point><coordinates>-48.167881,-8.987099,0</coordinates></Point></Placemark>
<Placemark><name>962834</name><description>LD02065015</description><styleUrl>#stPoste</styleUrl><Point><coordinates>-48.166537,-8.999783,0</coordinates></Point></Placemark>
<Placemark><name>1792177</name><description>LD02065015</description><styleUrl>#stPoste</styleUrl><Point><coordinates>-48.172856,-9.014147,0</coordinates></Point></Placemark>
<Placemark><name>1792179</name><description>LD02065015</description><styleUrl>#stPoste</styleUrl><Point><coordinates>-48.173516,-9.014067,0</coordinates></Point></Placemark>
<Placemark><name>72332718</name><description>LD02065015</description><styleUrl>#stPoste</styleUrl><Point><coordinates>-48.170659,-9.015015,0</coordinates></Point></Placemark>
<Placemark><name>72332719</name><description>LD02065015</description><styleUrl>#stPoste</styleUrl><Point><coordinates>-48.170545,-9.014575,0</coordinates></Point></Placemark>
<Placemark><name>72332727</name><description>LD02065015</description><styleUrl>#stPoste</styleUrl><Point><coordinates>-48.169675,-9.011206,0</coordinates></Point></Placemark>
<Placemark><name>72332737</name><description>LD02065015</description><styleUrl>#stPoste</styleUrl><Point><coordinates>-48.169141,-9.008087,0</coordinates></Point></Placemark>
<Placemark><name>72333957</name><description>LD02065015</description><styleUrl>#stPoste</styleUrl><Point><coordinates>-48.174279,-8.979912,0</coordinates></Point></Placemark>
<Placemark><name>107084</name><description>LD02065015</description><styleUrl>#stPoste</styleUrl><Point><coordinates>-48.175181,-8.978935,0</coordinates></Point></Placemark>
<Placemark><name>135711</name><description>LD02065015</description><styleUrl>#stPoste</styleUrl><Point><coordinates>-48.180774,-9.014888,0</coordinates></Point></Placemark>
<Placemark><name>962023</name><description>LD02065015</description><styleUrl>#stPoste</styleUrl><Point><coordinates>-48.181709,-9.016863,0</coordinates></Point></Placemark>
<Placemark><name>963042</name><description>LD02065015</description><styleUrl>#stPoste</styleUrl><Point><coordinates>-48.164173,-8.989217,0</coordinates></Point></Placemark>
<Placemark><name>969054</name><description>LD02065015</description><styleUrl>#stPoste</styleUrl><Point><coordinates>-48.1699,-8.986779,0</coordinates></Point></Placemark>
<Placemark><name>1460883</name><description>LD02065015</description><styleUrl>#stPoste</styleUrl><Point><coordinates>-48.166093,-8.987573,0</coordinates></Point></Placemark>
<Placemark><name>1792176</name><description>LD02065015</description><styleUrl>#stPoste</styleUrl><Point><coordinates>-48.172524,-9.014188,0</coordinates></Point></Placemark>
<Placemark><name>25644339</name><description>LD02065015</description><styleUrl>#stPoste</styleUrl><Point><coordinates>-48.17071,-9.015211,0</coordinates></Point></Placemark>
<Placemark><name>44271329</name><description>LD02065015</description><styleUrl>#stPoste</styleUrl><Point><coordinates>-48.165692,-8.99206,0</coordinates></Point></Placemark>
<Placemark><name>59416439</name><description>LD02065015</description><styleUrl>#stPoste</styleUrl><Point><coordinates>-48.172643,-8.99244,0</coordinates></Point></Placemark>
<Placemark><name>72332433</name><description>LD02065015</description><styleUrl>#stPoste</styleUrl><Point><coordinates>-48.171245,-9.016061,0</coordinates></Point></Placemark>
<Placemark><name>72332730</name><description>LD02065015</description><styleUrl>#stPoste</styleUrl><Point><coordinates>-48.169334,-9.009875,0</coordinates></Point></Placemark>
<Placemark><name>72332734</name><description>LD02065015</description><styleUrl>#stPoste</styleUrl><Point><coordinates>-48.169274,-9.009317,0</coordinates></Point></Placemark>
<Placemark><name>72332735</name><description>LD02065015</description><styleUrl>#stPoste</styleUrl><Point><coordinates>-48.169245,-9.009048,0</coordinates></Point></Placemark>
<Placemark><name>72332839</name><description>LD02065015</description><styleUrl>#stPoste</styleUrl><Point><coordinates>-48.16772,-8.998038,0</coordinates></Point></Placemark>
<Placemark><name>160486</name><description>LD02065015</description><styleUrl>#stPoste</styleUrl><Point><coordinates>-48.167527,-9.009355,0</coordinates></Point></Placemark>
<Placemark><name>59416130</name><description>LD02065015</description><styleUrl>#stPoste</styleUrl><Point><coordinates>-48.170894,-8.992502,0</coordinates></Point></Placemark>
<Placemark><name>72332729</name><description>LD02065015</description><styleUrl>#stPoste</styleUrl><Point><coordinates>-48.169451,-9.01033,0</coordinates></Point></Placemark>
<Placemark><name>72333034</name><description>LD02065015</description><styleUrl>#stPoste</styleUrl><Point><coordinates>-48.165755,-8.987731,0</coordinates></Point></Placemark>
<Placemark><name>72333923</name><description>LD02065015</description><styleUrl>#stPoste</styleUrl><Point><coordinates>-48.173198,-8.982622,0</coordinates></Point></Placemark>
<Placemark><name>241967</name><description>LD02065015</description><styleUrl>#stPoste</styleUrl><Point><coordinates>-48.180834,-9.01489,0</coordinates></Point></Placemark>
<Placemark><name>941970</name><description>LD02065015</description><styleUrl>#stPoste</styleUrl><Point><coordinates>-48.168544,-8.986963,0</coordinates></Point></Placemark>
<Placemark><name>962025</name><description>LD02065015</description><styleUrl>#stPoste</styleUrl><Point><coordinates>-48.180897,-9.015354,0</coordinates></Point></Placemark>
<Placemark><name>963361</name><description>LD02065015</description><styleUrl>#stPoste</styleUrl><Point><coordinates>-48.163343,-8.98931,0</coordinates></Point></Placemark>
<Placemark><name>1791702</name><description>LD02065015</description><styleUrl>#stPoste</styleUrl><Point><coordinates>-48.174343,-9.015504,0</coordinates></Point></Placemark>
<Placemark><name>44271341</name><description>LD02065015</description><styleUrl>#stPoste</styleUrl><Point><coordinates>-48.166382,-8.993158,0</coordinates></Point></Placemark>
<Placemark><name>59416441</name><description>LD02065015</description><styleUrl>#stPoste</styleUrl><Point><coordinates>-48.172818,-8.993012,0</coordinates></Point></Placemark>
<Placemark><name>72332480</name><description>LD02065015</description><styleUrl>#stPoste</styleUrl><Point><coordinates>-48.174584,-9.016141,0</coordinates></Point></Placemark>
<Placemark><name>72332776</name><description>LD02065015</description><styleUrl>#stPoste</styleUrl><Point><coordinates>-48.168524,-9.003547,0</coordinates></Point></Placemark>
<Placemark><name>72332842</name><description>LD02065015</description><styleUrl>#stPoste</styleUrl><Point><coordinates>-48.167671,-8.997651,0</coordinates></Point></Placemark>
<Placemark><name>72333026</name><description>LD02065015</description><styleUrl>#stPoste</styleUrl><Point><coordinates>-48.163816,-8.989035,0</coordinates></Point></Placemark>
<Placemark><name>962356</name><description>LD02065015</description><styleUrl>#stPoste</styleUrl><Point><coordinates>-48.173168,-9.01531,0</coordinates></Point></Placemark>
<Placemark><name>1792013</name><description>LD02065015</description><styleUrl>#stPoste</styleUrl><Point><coordinates>-48.173629,-9.014936,0</coordinates></Point></Placemark>
<Placemark><name>59416459</name><description>LD02065015</description><styleUrl>#stPoste</styleUrl><Point><coordinates>-48.173133,-8.993982,0</coordinates></Point></Placemark>
<Placemark><name>59416464</name><description>LD02065015</description><styleUrl>#stPoste</styleUrl><Point><coordinates>-48.174806,-8.994979,0</coordinates></Point></Placemark>
<Placemark><name>72332461</name><description>LD02065015</description><styleUrl>#stPoste</styleUrl><Point><coordinates>-48.172378,-9.016095,0</coordinates></Point></Placemark>
<Placemark><name>72332703</name><description>LD02065015</description><styleUrl>#stPoste</styleUrl><Point><coordinates>-48.171047,-9.016511,0</coordinates></Point></Placemark>
<Placemark><name>72332756</name><description>LD02065015</description><styleUrl>#stPoste</styleUrl><Point><coordinates>-48.168745,-9.004975,0</coordinates></Point></Placemark>
<Placemark><name>72333022</name><description>LD02065015</description><styleUrl>#stPoste</styleUrl><Point><coordinates>-48.164098,-8.989505,0</coordinates></Point></Placemark>
<Placemark><name>72333916</name><description>LD02065015</description><styleUrl>#stPoste</styleUrl><Point><coordinates>-48.173067,-8.982949,0</coordinates></Point></Placemark>
<Placemark><name>527951</name><description>LD02065015</description><styleUrl>#stPoste</styleUrl><Point><coordinates>-48.167902,-8.999301,0</coordinates></Point></Placemark>
<Placemark><name>965394</name><description>LD02065015</description><styleUrl>#stPoste</styleUrl><Point><coordinates>-48.175149,-8.991816,0</coordinates></Point></Placemark>
<Placemark><name>1791879</name><description>LD02065015</description><styleUrl>#stPoste</styleUrl><Point><coordinates>-48.173688,-9.015386,0</coordinates></Point></Placemark>
<Placemark><name>72332726</name><description>LD02065015</description><styleUrl>#stPoste</styleUrl><Point><coordinates>-48.16977,-9.011573,0</coordinates></Point></Placemark>
<Placemark><name>72332747</name><description>LD02065015</description><styleUrl>#stPoste</styleUrl><Point><coordinates>-48.168974,-9.006616,0</coordinates></Point></Placemark>
<Placemark><name>72332753</name><description>LD02065015</description><styleUrl>#stPoste</styleUrl><Point><coordinates>-48.168862,-9.005847,0</coordinates></Point></Placemark>
<Placemark><name>72332814</name><description>LD02065015</description><styleUrl>#stPoste</styleUrl><Point><coordinates>-48.168197,-9.001359,0</coordinates></Point></Placemark>
<Placemark><name>72333014</name><description>LD02065015</description><styleUrl>#stPoste</styleUrl><Point><coordinates>-48.166022,-8.992582,0</coordinates></Point></Placemark>
<Placemark><name>72333017</name><description>LD02065015</description><styleUrl>#stPoste</styleUrl><Point><coordinates>-48.165336,-8.991493,0</coordinates></Point></Placemark>
<Placemark><name>72333067</name><description>LD02065015</description><styleUrl>#stPoste</styleUrl><Point><coordinates>-48.172118,-8.985317,0</coordinates></Point></Placemark>
<Placemark><name>241962</name><description>LD02065015</description><styleUrl>#stPoste</styleUrl><Point><coordinates>-48.170559,-8.992668,0</coordinates></Point></Placemark>
<Placemark><name>964200</name><description>LD02065015</description><styleUrl>#stPoste</styleUrl><Point><coordinates>-48.167533,-9.009389,0</coordinates></Point></Placemark>
<Placemark><name>969051</name><description>LD02065015</description><styleUrl>#stPoste</styleUrl><Point><coordinates>-48.169559,-8.986819,0</coordinates></Point></Placemark>
<Placemark><name>1792015</name><description>LD02065015</description><styleUrl>#stPoste</styleUrl><Point><coordinates>-48.17291,-9.014561,0</coordinates></Point></Placemark>
<Placemark><name>1792276</name><description>LD02065015</description><styleUrl>#stPoste</styleUrl><Point><coordinates>-48.174989,-9.015464,0</coordinates></Point></Placemark>
<Placemark><name>25643928</name><description>LD02065015</description><styleUrl>#stPoste</styleUrl><Point><coordinates>-48.169164,-9.008307,0</coordinates></Point></Placemark>
<Placemark><name>72332765</name><description>LD02065015</description><styleUrl>#stPoste</styleUrl><Point><coordinates>-48.168631,-9.004299,0</coordinates></Point></Placemark>
<Placemark><name>72332781</name><description>LD02065015</description><styleUrl>#stPoste</styleUrl><Point><coordinates>-48.168477,-9.00326,0</coordinates></Point></Placemark>
<Placemark><name>72333012</name><description>LD02065015</description><styleUrl>#stPoste</styleUrl><Point><coordinates>-48.166493,-8.993335,0</coordinates></Point></Placemark>
<Placemark><name>941972</name><description>LD02065015</description><styleUrl>#stPoste</styleUrl><Point><coordinates>-48.168825,-8.986906,0</coordinates></Point></Placemark>
<Placemark><name>964876</name><description>LD02065015</description><styleUrl>#stPoste</styleUrl><Point><coordinates>-48.165972,-9.000329,0</coordinates></Point></Placemark>
<Placemark><name>977739</name><description>LD02065015</description><styleUrl>#stPoste</styleUrl><Point><coordinates>-48.167847,-9.009304,0</coordinates></Point></Placemark>
<Placemark><name>977740</name><description>LD02065015</description><styleUrl>#stPoste</styleUrl><Point><coordinates>-48.167573,-9.009506,0</coordinates></Point></Placemark>
<Placemark><name>1791701</name><description>LD02065015</description><styleUrl>#stPoste</styleUrl><Point><coordinates>-48.1743,-9.0151,0</coordinates></Point></Placemark>
<Placemark><name>1792016</name><description>LD02065015</description><styleUrl>#stPoste</styleUrl><Point><coordinates>-48.172971,-9.015025,0</coordinates></Point></Placemark>
<Placemark><name>44271345</name><description>LD02065015</description><styleUrl>#stPoste</styleUrl><Point><coordinates>-48.166614,-8.993526,0</coordinates></Point></Placemark>
<Placemark><name>72332724</name><description>LD02065015</description><styleUrl>#stPoste</styleUrl><Point><coordinates>-48.170002,-9.012475,0</coordinates></Point></Placemark>
<Placemark><name>72332825</name><description>LD02065015</description><styleUrl>#stPoste</styleUrl><Point><coordinates>-48.168092,-9.000528,0</coordinates></Point></Placemark>
<Placemark><name>72333013</name><description>LD02065015</description><styleUrl>#stPoste</styleUrl><Point><coordinates>-48.166271,-8.992982,0</coordinates></Point></Placemark>
<Placemark><name>72333947</name><description>LD02065015</description><styleUrl>#stPoste</styleUrl><Point><coordinates>-48.173872,-8.980944,0</coordinates></Point></Placemark>
<Placemark><name>962022</name><description>LD02065015</description><styleUrl>#stPoste</styleUrl><Point><coordinates>-48.181414,-9.016711,0</coordinates></Point></Placemark>
<Placemark><name>964885</name><description>LD02065015</description><styleUrl>#stPoste</styleUrl><Point><coordinates>-48.166075,-9.001071,0</coordinates></Point></Placemark>
<Placemark><name>65389046</name><description>LD02065015</description><styleUrl>#stPoste</styleUrl><Point><coordinates>-48.169202,-8.986861,0</coordinates></Point></Placemark>
<Placemark><name>72332474</name><description>LD02065015</description><styleUrl>#stPoste</styleUrl><Point><coordinates>-48.173693,-9.016136,0</coordinates></Point></Placemark>
<Placemark><name>72332720</name><description>LD02065015</description><styleUrl>#stPoste</styleUrl><Point><coordinates>-48.170431,-9.014138,0</coordinates></Point></Placemark>
<Placemark><name>72332992</name><description>LD02065015</description><styleUrl>#stPoste</styleUrl><Point><coordinates>-48.167675,-8.996869,0</coordinates></Point></Placemark>
<Placemark><name>72333031</name><description>LD02065015</description><styleUrl>#stPoste</styleUrl><Point><coordinates>-48.165125,-8.988034,0</coordinates></Point></Placemark>
<Placemark><name>72333912</name><description>LD02065015</description><styleUrl>#stPoste</styleUrl><Point><coordinates>-48.172929,-8.983297,0</coordinates></Point></Placemark>
<Placemark><name>135589</name><description>LD02065015</description><styleUrl>#stPoste</styleUrl><Point><coordinates>-48.176962,-9.014852,0</coordinates></Point></Placemark>
<Placemark><name>241965</name><description>LD02065015</description><styleUrl>#stPoste</styleUrl><Point><coordinates>-48.167832,-9.00946,0</coordinates></Point></Placemark>
<Placemark><name>964874</name><description>LD02065015</description><styleUrl>#stPoste</styleUrl><Point><coordinates>-48.166265,-8.999903,0</coordinates></Point></Placemark>
<Placemark><name>1791877</name><description>LD02065015</description><styleUrl>#stPoste</styleUrl><Point><coordinates>-48.174391,-9.015956,0</coordinates></Point></Placemark>
<Placemark><name>1792017</name><description>LD02065015</description><styleUrl>#stPoste</styleUrl><Point><coordinates>-48.17303,-9.015479,0</coordinates></Point></Placemark>
<Placemark><name>44271379</name><description>LD02065015</description><styleUrl>#stPoste</styleUrl><Point><coordinates>-48.16402,-8.989375,0</coordinates></Point></Placemark>
<Placemark><name>72332477</name><description>LD02065015</description><styleUrl>#stPoste</styleUrl><Point><coordinates>-48.17413,-9.016138,0</coordinates></Point></Placemark>
<Placemark><name>72332484</name><description>LD02065015</description><styleUrl>#stPoste</styleUrl><Point><coordinates>-48.17502,-9.016152,0</coordinates></Point></Placemark>
<Placemark><name>72332803</name><description>LD02065015</description><styleUrl>#stPoste</styleUrl><Point><coordinates>-48.168324,-9.00212,0</coordinates></Point></Placemark>
<Placemark><name>72332833</name><description>LD02065015</description><styleUrl>#stPoste</styleUrl><Point><coordinates>-48.167845,-8.998903,0</coordinates></Point></Placemark>
<Placemark><name>72333050</name><description>LD02065015</description><styleUrl>#stPoste</styleUrl><Point><coordinates>-48.171458,-8.986576,0</coordinates></Point></Placemark>
<Placemark><name>72333929</name><description>LD02065015</description><styleUrl>#stPoste</styleUrl><Point><coordinates>-48.173346,-8.982254,0</coordinates></Point></Placemark>
<Placemark><name>964875</name><description>LD02065015</description><styleUrl>#stPoste</styleUrl><Point><coordinates>-48.165933,-9.000049,0</coordinates></Point></Placemark>
<Placemark><name>965052</name><description>LD02065015</description><styleUrl>#stPoste</styleUrl><Point><coordinates>-48.17044,-8.992595,0</coordinates></Point></Placemark>
<Placemark><name>982544</name><description>LD02065015</description><styleUrl>#stPoste</styleUrl><Point><coordinates>-48.175275,-8.978957,0</coordinates></Point></Placemark>
<Placemark><name>1792180</name><description>LD02065015</description><styleUrl>#stPoste</styleUrl><Point><coordinates>-48.173849,-9.014027,0</coordinates></Point></Placemark>
<Placemark><name>25644132</name><description>LD02065015</description><styleUrl>#stPoste</styleUrl><Point><coordinates>-48.169836,-9.011829,0</coordinates></Point></Placemark>
<Placemark><name>72332810</name><description>LD02065015</description><styleUrl>#stPoste</styleUrl><Point><coordinates>-48.168262,-9.001708,0</coordinates></Point></Placemark>
<Placemark><name>72333027</name><description>LD02065015</description><styleUrl>#stPoste</styleUrl><Point><coordinates>-48.163759,-8.988642,0</coordinates></Point></Placemark>
<Placemark><name>135587</name><description>LD02065015</description><styleUrl>#stPoste</styleUrl><Point><coordinates>-48.177487,-9.016548,0</coordinates></Point></Placemark>
<Placemark><name>939364</name><description>LD02065015</description><styleUrl>#stPoste</styleUrl><Point><coordinates>-48.169688,-8.993151,0</coordinates></Point></Placemark>
<Placemark><name>962011</name><description>LD02065015</description><styleUrl>#stPoste</styleUrl><Point><coordinates>-48.180834,-9.014935,0</coordinates></Point></Placemark>
<Placemark><name>28010991</name><description>LD02065015</description><styleUrl>#stPoste</styleUrl><Point><coordinates>-48.168066,-9.000376,0</coordinates></Point></Placemark>
<Placemark><name>72332721</name><description>LD02065015</description><styleUrl>#stPoste</styleUrl><Point><coordinates>-48.170341,-9.013788,0</coordinates></Point></Placemark>
<Placemark><name>72332854</name><description>LD02065015</description><styleUrl>#stPoste</styleUrl><Point><coordinates>-48.167589,-8.996212,0</coordinates></Point></Placemark>
<Placemark><name>72332889</name><description>LD02065015</description><styleUrl>#stPoste</styleUrl><Point><coordinates>-48.169729,-9.009472,0</coordinates></Point></Placemark>
<Placemark><name>72333015</name><description>LD02065015</description><styleUrl>#stPoste</styleUrl><Point><coordinates>-48.165829,-8.992276,0</coordinates></Point></Placemark>
<Placemark><name>938818</name><description>LD02065015</description><styleUrl>#stPoste</styleUrl><Point><coordinates>-48.167189,-8.999496,0</coordinates></Point></Placemark>
<Placemark><name>977738</name><description>LD02065015</description><styleUrl>#stPoste</styleUrl><Point><coordinates>-48.168631,-9.00934,0</coordinates></Point></Placemark>
<Placemark><name>1347045</name><description>LD02065015</description><styleUrl>#stPoste</styleUrl><Point><coordinates>-48.173674,-8.991987,0</coordinates></Point></Placemark>
<Placemark><name>1791927</name><description>LD02065015</description><styleUrl>#stPoste</styleUrl><Point><coordinates>-48.169054,-9.007306,0</coordinates></Point></Placemark>
<Placemark><name>59416112</name><description>LD02065015</description><styleUrl>#stPoste</styleUrl><Point><coordinates>-48.169062,-8.993647,0</coordinates></Point></Placemark>
<Placemark><name>59416133</name><description>LD02065015</description><styleUrl>#stPoste</styleUrl><Point><coordinates>-48.171233,-8.992335,0</coordinates></Point></Placemark>
<Placemark><name>72332725</name><description>LD02065015</description><styleUrl>#stPoste</styleUrl><Point><coordinates>-48.169896,-9.012064,0</coordinates></Point></Placemark>
<Placemark><name>72332897</name><description>LD02065015</description><styleUrl>#stPoste</styleUrl><Point><coordinates>-48.170067,-9.009758,0</coordinates></Point></Placemark>
<Placemark><name>72333897</name><description>LD02065015</description><styleUrl>#stPoste</styleUrl><Point><coordinates>-48.172527,-8.984297,0</coordinates></Point></Placemark>
<Placemark><name>72333951</name><description>LD02065015</description><styleUrl>#stPoste</styleUrl><Point><coordinates>-48.174009,-8.980601,0</coordinates></Point></Placemark>
<Placemark><name>72333961</name><description>LD02065015</description><styleUrl>#stPoste</styleUrl><Point><coordinates>-48.174557,-8.979216,0</coordinates></Point></Placemark>
<Placemark><name>977737</name><description>LD02065015</description><styleUrl>#stPoste</styleUrl><Point><coordinates>-48.169158,-9.009317,0</coordinates></Point></Placemark>
<Placemark><name>1347405</name><description>LD02065015</description><styleUrl>#stPoste</styleUrl><Point><coordinates>-48.174402,-8.991908,0</coordinates></Point></Placemark>
<Placemark><name>1460882</name><description>LD02065015</description><styleUrl>#stPoste</styleUrl><Point><coordinates>-48.16644,-8.987432,0</coordinates></Point></Placemark>
<Placemark><name>1888908</name><description>LD02065015</description><styleUrl>#stPoste</styleUrl><Point><coordinates>-48.174906,-9.015018,0</coordinates></Point></Placemark>
<Placemark><name>1888909</name><description>LD02065015</description><styleUrl>#stPoste</styleUrl><Point><coordinates>-48.174838,-9.014663,0</coordinates></Point></Placemark>
<Placemark><name>25643960</name><description>LD02065015</description><styleUrl>#stPoste</styleUrl><Point><coordinates>-48.169213,-9.008758,0</coordinates></Point></Placemark>
<Placemark><name>25644093</name><description>LD02065015</description><styleUrl>#stPoste</styleUrl><Point><coordinates>-48.16962,-9.010992,0</coordinates></Point></Placemark>
<Placemark><name>72332470</name><description>LD02065015</description><styleUrl>#stPoste</styleUrl><Point><coordinates>-48.173015,-9.016119,0</coordinates></Point></Placemark>
<Placemark><name>72333007</name><description>LD02065015</description><styleUrl>#stPoste</styleUrl><Point><coordinates>-48.167473,-8.995747,0</coordinates></Point></Placemark>
<Placemark><name>1792182</name><description>LD02065015</description><styleUrl>#stPoste</styleUrl><Point><coordinates>-48.174644,-9.01393,0</coordinates></Point></Placemark>
<Placemark><name>25643993</name><description>LD02065015</description><styleUrl>#stPoste</styleUrl><Point><coordinates>-48.169307,-9.009623,0</coordinates></Point></Placemark>
<Placemark><name>25644043</name><description>LD02065015</description><styleUrl>#stPoste</styleUrl><Point><coordinates>-48.169389,-9.010089,0</coordinates></Point></Placemark>
<Placemark><name>25644172</name><description>LD02065015</description><styleUrl>#stPoste</styleUrl><Point><coordinates>-48.169952,-9.012279,0</coordinates></Point></Placemark>
<Placemark><name>25644289</name><description>LD02065015</description><styleUrl>#stPoste</styleUrl><Point><coordinates>-48.170492,-9.014372,0</coordinates></Point></Placemark>
<Placemark><name>44271383</name><description>LD02065015</description><styleUrl>#stPoste</styleUrl><Point><coordinates>-48.164705,-8.990485,0</coordinates></Point></Placemark>
<Placemark><name>59416239</name><description>LD02065015</description><styleUrl>#stPoste</styleUrl><Point><coordinates>-48.1723,-8.991799,0</coordinates></Point></Placemark>
<Placemark><name>72332742</name><description>LD02065015</description><styleUrl>#stPoste</styleUrl><Point><coordinates>-48.169017,-9.007007,0</coordinates></Point></Placemark>
<Placemark><name>72333009</name><description>LD02065015</description><styleUrl>#stPoste</styleUrl><Point><coordinates>-48.16704,-8.994558,0</coordinates></Point></Placemark>
<Placemark><name>72333020</name><description>LD02065015</description><styleUrl>#stPoste</styleUrl><Point><coordinates>-48.164574,-8.990274,0</coordinates></Point></Placemark>
<Placemark><name>72333960</name><description>LD02065015</description><styleUrl>#stPoste</styleUrl><Point><coordinates>-48.174433,-8.979508,0</coordinates></Point></Placemark>
<Placemark><name>953041</name><description>LD02065015</description><styleUrl>#stPoste</styleUrl><Point><coordinates>-48.17926,-9.016281,0</coordinates></Point></Placemark>
<Placemark><name>964574</name><description>LD02065015</description><styleUrl>#stPoste</styleUrl><Point><coordinates>-48.16603,-9.000745,0</coordinates></Point></Placemark>
<Placemark><name>964886</name><description>LD02065015</description><styleUrl>#stPoste</styleUrl><Point><coordinates>-48.166129,-9.001454,0</coordinates></Point></Placemark>
<Placemark><name>1792174</name><description>LD02065015</description><styleUrl>#stPoste</styleUrl><Point><coordinates>-48.172273,-9.014586,0</coordinates></Point></Placemark>
<Placemark><name>1792277</name><description>LD02065015</description><styleUrl>#stPoste</styleUrl><Point><coordinates>-48.175075,-9.015895,0</coordinates></Point></Placemark>
<Placemark><name>72332717</name><description>LD02065015</description><styleUrl>#stPoste</styleUrl><Point><coordinates>-48.170772,-9.01545,0</coordinates></Point></Placemark>
<Placemark><name>72332798</name><description>LD02065015</description><styleUrl>#stPoste</styleUrl><Point><coordinates>-48.168366,-9.002475,0</coordinates></Point></Placemark>
<Placemark><name>72332846</name><description>LD02065015</description><styleUrl>#stPoste</styleUrl><Point><coordinates>-48.167732,-8.997245,0</coordinates></Point></Placemark>
<Placemark><name>72333008</name><description>LD02065015</description><styleUrl>#stPoste</styleUrl><Point><coordinates>-48.167257,-8.995155,0</coordinates></Point></Placemark>
<Placemark><name>72333018</name><description>LD02065015</description><styleUrl>#stPoste</styleUrl><Point><coordinates>-48.165057,-8.991048,0</coordinates></Point></Placemark>
<Placemark><name>241963</name><description>LD02065015</description><styleUrl>#stPoste</styleUrl><Point><coordinates>-48.17222,-8.991831,0</coordinates></Point></Placemark>
<Placemark><name>963681</name><description>LD02065015</description><styleUrl>#stPoste</styleUrl><Point><coordinates>-48.176869,-9.016204,0</coordinates></Point></Placemark>
<Placemark><name>965392</name><description>LD02065015</description><styleUrl>#stPoste</styleUrl><Point><coordinates>-48.171884,-8.991981,0</coordinates></Point></Placemark>
<Placemark><name>1347413</name><description>LD02065015</description><styleUrl>#stPoste</styleUrl><Point><coordinates>-48.173623,-8.981563,0</coordinates></Point></Placemark>
<Placemark><name>33995614</name><description>LD02065015</description><styleUrl>#stPoste</styleUrl><Point><coordinates>-48.171136,-9.016856,0</coordinates></Point></Placemark>
<Placemark><name>39093358</name><description>LD02065015</description><styleUrl>#stPoste</styleUrl><Point><coordinates>-48.16412,-8.988468,0</coordinates></Point></Placemark>
<Placemark><name>72332736</name><description>LD02065015</description><styleUrl>#stPoste</styleUrl><Point><coordinates>-48.169189,-9.008536,0</coordinates></Point></Placemark>
<Placemark><name>72332750</name><description>LD02065015</description><styleUrl>#stPoste</styleUrl><Point><coordinates>-48.168923,-9.006259,0</coordinates></Point></Placemark>
<Placemark><name>72332836</name><description>LD02065015</description><styleUrl>#stPoste</styleUrl><Point><coordinates>-48.167805,-8.998627,0</coordinates></Point></Placemark>
<Placemark><name>72332859</name><description>LD02065015</description><styleUrl>#stPoste</styleUrl><Point><coordinates>-48.16753,-8.995902,0</coordinates></Point></Placemark>
<Placemark><name>72332862</name><description>LD02065015</description><styleUrl>#stPoste</styleUrl><Point><coordinates>-48.167627,-8.994898,0</coordinates></Point></Placemark>
<Placemark><name>939362</name><description>LD02065015</description><styleUrl>#stPoste</styleUrl><Point><coordinates>-48.169552,-8.993238,0</coordinates></Point></Placemark>
<Placemark><name>964018</name><description>LD02065015</description><styleUrl>#stPoste</styleUrl><Point><coordinates>-48.180718,-9.014887,0</coordinates></Point></Placemark>
<Placemark><name>969041</name><description>LD02065015</description><styleUrl>#stPoste</styleUrl><Point><coordinates>-48.177679,-9.017697,0</coordinates></Point></Placemark>
<Placemark><name>25644314</name><description>LD02065015</description><styleUrl>#stPoste</styleUrl><Point><coordinates>-48.170596,-9.014774,0</coordinates></Point></Placemark>
<Placemark><name>59416244</name><description>LD02065015</description><styleUrl>#stPoste</styleUrl><Point><coordinates>-48.172343,-8.991617,0</coordinates></Point></Placemark>
<Placemark><name>59416440</name><description>LD02065015</description><styleUrl>#stPoste</styleUrl><Point><coordinates>-48.17273,-8.99272,0</coordinates></Point></Placemark>
<Placemark><name>59416465</name><description>LD02065015</description><styleUrl>#stPoste</styleUrl><Point><coordinates>-48.175143,-8.994903,0</coordinates></Point></Placemark>
<Placemark><name>72333064</name><description>LD02065015</description><styleUrl>#stPoste</styleUrl><Point><coordinates>-48.171976,-8.98567,0</coordinates></Point></Placemark>
<Placemark><name>962026</name><description>LD02065015</description><styleUrl>#stPoste</styleUrl><Point><coordinates>-48.180892,-9.01489,0</coordinates></Point></Placemark>
<Placemark><name>963682</name><description>LD02065015</description><styleUrl>#stPoste</styleUrl><Point><coordinates>-48.177476,-9.016246,0</coordinates></Point></Placemark>
<Placemark><name>965049</name><description>LD02065015</description><styleUrl>#stPoste</styleUrl><Point><coordinates>-48.172823,-8.992069,0</coordinates></Point></Placemark>
<Placemark><name>1792183</name><description>LD02065015</description><styleUrl>#stPoste</styleUrl><Point><coordinates>-48.174192,-9.014269,0</coordinates></Point></Placemark>
<Placemark><name>25644068</name><description>LD02065015</description><styleUrl>#stPoste</styleUrl><Point><coordinates>-48.169508,-9.010551,0</coordinates></Point></Placemark>
<Placemark><name>71911628</name><description>LD02065015</description><styleUrl>#stPoste</styleUrl><Point><coordinates>-48.170417,-8.986717,0</coordinates></Point></Placemark>
<Placemark><name>72332494</name><description>LD02065015</description><styleUrl>#stPoste</styleUrl><Point><coordinates>-48.180196,-9.016329,0</coordinates></Point></Placemark>
<Placemark><name>72332524</name><description>LD02065015</description><styleUrl>#stPoste</styleUrl><Point><coordinates>-48.164455,-8.988313,0</coordinates></Point></Placemark>
<Placemark><name>72332716</name><description>LD02065015</description><styleUrl>#stPoste</styleUrl><Point><coordinates>-48.170856,-9.015786,0</coordinates></Point></Placemark>
<Placemark><name>72333010</name><description>LD02065015</description><styleUrl>#stPoste</styleUrl><Point><coordinates>-48.166883,-8.994127,0</coordinates></Point></Placemark>
<Placemark><name>964399</name><description>LD02065015</description><styleUrl>#stPoste</styleUrl><Point><coordinates>-48.172379,-9.015409,0</coordinates></Point></Placemark>
<Placemark><name>72332488</name><description>LD02065015</description><styleUrl>#stPoste</styleUrl><Point><coordinates>-48.178951,-9.016273,0</coordinates></Point></Placemark>
<Placemark><name>72332517</name><description>LD02065015</description><styleUrl>#stPoste</styleUrl><Point><coordinates>-48.180795,-9.01627,0</coordinates></Point></Placemark>
<Placemark><name>72332818</name><description>LD02065015</description><styleUrl>#stPoste</styleUrl><Point><coordinates>-48.168137,-9.000913,0</coordinates></Point></Placemark>
<Placemark><name>313131</name><description>LD02065015</description><styleUrl>#stPoste</styleUrl><Point><coordinates>-48.163162,-8.989461,0</coordinates></Point></Placemark>
<Placemark><name>1460884</name><description>LD02065015</description><styleUrl>#stPoste</styleUrl><Point><coordinates>-48.164797,-8.988194,0</coordinates></Point></Placemark>
<Placemark><name>1792178</name><description>LD02065015</description><styleUrl>#stPoste</styleUrl><Point><coordinates>-48.17319,-9.014107,0</coordinates></Point></Placemark>
<Placemark><name>1792181</name><description>LD02065015</description><styleUrl>#stPoste</styleUrl><Point><coordinates>-48.174155,-9.01399,0</coordinates></Point></Placemark>
<Placemark><name>25644222</name><description>LD02065015</description><styleUrl>#stPoste</styleUrl><Point><coordinates>-48.170169,-9.013121,0</coordinates></Point></Placemark>
<Placemark><name>44271354</name><description>LD02065015</description><styleUrl>#stPoste</styleUrl><Point><coordinates>-48.166961,-8.994343,0</coordinates></Point></Placemark>
<Placemark><name>59416460</name><description>LD02065015</description><styleUrl>#stPoste</styleUrl><Point><coordinates>-48.173242,-8.994326,0</coordinates></Point></Placemark>
<Placemark><name>72332497</name><description>LD02065015</description><styleUrl>#stPoste</styleUrl><Point><coordinates>-48.176311,-9.016188,0</coordinates></Point></Placemark>
<Placemark><name>72333042</name><description>LD02065015</description><styleUrl>#stPoste</styleUrl><Point><coordinates>-48.171127,-8.986707,0</coordinates></Point></Placemark>
<Placemark><name>72333060</name><description>LD02065015</description><styleUrl>#stPoste</styleUrl><Point><coordinates>-48.171744,-8.986235,0</coordinates></Point></Placemark>
<Placemark><name>140352</name><description>LD02065015</description><styleUrl>#stPoste</styleUrl><Point><coordinates>-48.166073,-8.991653,0</coordinates></Point></Placemark>
<Placemark><name>307562</name><description>LD02065015</description><styleUrl>#stPoste</styleUrl><Point><coordinates>-48.169772,-8.991955,0</coordinates></Point></Placemark>
<Placemark><name>952058</name><description>LD02065015</description><styleUrl>#stPoste</styleUrl><Point><coordinates>-48.171274,-9.017378,0</coordinates></Point></Placemark>
<Placemark><name>1792018</name><description>LD02065015</description><styleUrl>#stPoste</styleUrl><Point><coordinates>-48.173086,-9.015907,0</coordinates></Point></Placemark>
<Placemark><name>25643910</name><description>LD02065015</description><styleUrl>#stPoste</styleUrl><Point><coordinates>-48.16912,-9.007893,0</coordinates></Point></Placemark>
<Placemark><name>135588</name><description>LD02065015</description><styleUrl>#stPoste</styleUrl><Point><coordinates>-48.177429,-9.014015,0</coordinates></Point></Placemark>
<Placemark><name>941968</name><description>LD02065015</description><styleUrl>#stPoste</styleUrl><Point><coordinates>-48.16822,-8.98703,0</coordinates></Point></Placemark>
<Placemark><name>964019</name><description>LD02065015</description><styleUrl>#stPoste</styleUrl><Point><coordinates>-48.180716,-9.014932,0</coordinates></Point></Placemark>
<Placemark><name>964662</name><description>LD02065015</description><styleUrl>#stPoste</styleUrl><Point><coordinates>-48.173882,-9.01522,0</coordinates></Point></Placemark>
<Placemark><name>1469725</name><description>LD02065015</description><styleUrl>#stPoste</styleUrl><Point><coordinates>-48.17131,-9.017801,0</coordinates></Point></Placemark>
<Placemark><name>72332430</name><description>LD02065015</description><styleUrl>#stPoste</styleUrl><Point><coordinates>-48.17093,-9.016074,0</coordinates></Point></Placemark>
<Placemark><name>72333011</name><description>LD02065015</description><styleUrl>#stPoste</styleUrl><Point><coordinates>-48.166735,-8.993717,0</coordinates></Point></Placemark>
<Placemark><name>72333023</name><description>LD02065015</description><styleUrl>#stPoste</styleUrl><Point><coordinates>-48.163941,-8.989243,0</coordinates></Point></Placemark>
<Placemark><name>72333037</name><description>LD02065015</description><styleUrl>#stPoste</styleUrl><Point><coordinates>-48.167552,-8.987168,0</coordinates></Point></Placemark>
<Placemark><name>72333940</name><description>LD02065015</description><styleUrl>#stPoste</styleUrl><Point><coordinates>-48.173535,-8.981784,0</coordinates></Point></Placemark>
<Placemark><name>72333969</name><description>LD02065015</description><styleUrl>#stPoste</styleUrl><Point><coordinates>-48.174622,-8.979065,0</coordinates></Point></Placemark>
<Placemark><name>44271375</name><description>LD02065015</description><styleUrl>#stPoste</styleUrl><Point><coordinates>-48.164205,-8.989679,0</coordinates></Point></Placemark>
<Placemark><name>59416110</name><description>LD02065015</description><styleUrl>#stPoste</styleUrl><Point><coordinates>-48.168575,-8.994073,0</coordinates></Point></Placemark>
<Placemark><name>59416242</name><description>LD02065015</description><styleUrl>#stPoste</styleUrl><Point><coordinates>-48.172399,-8.991749,0</coordinates></Point></Placemark>
<Placemark><name>59416442</name><description>LD02065015</description><styleUrl>#stPoste</styleUrl><Point><coordinates>-48.172913,-8.99329,0</coordinates></Point></Placemark>
<Placemark><name>59416462</name><description>LD02065015</description><styleUrl>#stPoste</styleUrl><Point><coordinates>-48.173596,-8.995227,0</coordinates></Point></Placemark>
<Placemark><name>72332723</name><description>LD02065015</description><styleUrl>#stPoste</styleUrl><Point><coordinates>-48.17011,-9.012895,0</coordinates></Point></Placemark>
<Placemark><name>72332770</name><description>LD02065015</description><styleUrl>#stPoste</styleUrl><Point><coordinates>-48.168571,-9.003884,0</coordinates></Point></Placemark>
<Placemark><name>220170</name><description>LD02065015</description><styleUrl>#stPoste</styleUrl><Point><coordinates>-48.172439,-9.015875,0</coordinates></Point></Placemark>
<Placemark><name>941965</name><description>LD02065015</description><styleUrl>#stPoste</styleUrl><Point><coordinates>-48.166814,-8.987314,0</coordinates></Point></Placemark>
<Placemark><name>1317062</name><description>LD02065015</description><styleUrl>#stPoste</styleUrl><Point><coordinates>-48.174886,-8.978864,0</coordinates></Point></Placemark>
<Placemark><name>1792175</name><description>LD02065015</description><styleUrl>#stPoste</styleUrl><Point><coordinates>-48.172227,-9.014224,0</coordinates></Point></Placemark>
<Placemark><name>44271363</name><description>LD02065015</description><styleUrl>#stPoste</styleUrl><Point><coordinates>-48.165196,-8.991271,0</coordinates></Point></Placemark>
<Placemark><name>59416418</name><description>LD02065015</description><styleUrl>#stPoste</styleUrl><Point><coordinates>-48.172522,-8.992098,0</coordinates></Point></Placemark>
<Placemark><name>72332722</name><description>LD02065015</description><styleUrl>#stPoste</styleUrl><Point><coordinates>-48.170228,-9.01335,0</coordinates></Point></Placemark>
<Placemark><name>72332888</name><description>LD02065015</description><styleUrl>#stPoste</styleUrl><Point><coordinates>-48.16943,-9.009491,0</coordinates></Point></Placemark>
<Placemark><name>72333019</name><description>LD02065015</description><styleUrl>#stPoste</styleUrl><Point><coordinates>-48.164836,-8.990695,0</coordinates></Point></Placemark>
<Placemark><name>72333944</name><description>LD02065015</description><styleUrl>#stPoste</styleUrl><Point><coordinates>-48.173709,-8.981349,0</coordinates></Point></Placemark>
<Placemark><name>220171</name><description>LD02065015</description><styleUrl>#stPoste</styleUrl><Point><coordinates>-48.173533,-9.015264,0</coordinates></Point></Placemark>
<Placemark><name>962528</name><description>LD02065015</description><styleUrl>#stPoste</styleUrl><Point><coordinates>-48.166939,-8.999606,0</coordinates></Point></Placemark>
<Placemark><name>44271325</name><description>LD02065015</description><styleUrl>#stPoste</styleUrl><Point><coordinates>-48.165446,-8.991669,0</coordinates></Point></Placemark>
<Placemark><name>44271337</name><description>LD02065015</description><styleUrl>#stPoste</styleUrl><Point><coordinates>-48.166146,-8.992781,0</coordinates></Point></Placemark>
<Placemark><name>44271349</name><description>LD02065015</description><styleUrl>#stPoste</styleUrl><Point><coordinates>-48.166809,-8.993922,0</coordinates></Point></Placemark>
<Placemark><name>59416127</name><description>LD02065015</description><styleUrl>#stPoste</styleUrl><Point><coordinates>-48.170093,-8.992896,0</coordinates></Point></Placemark>
<Placemark><name>72332849</name><description>LD02065015</description><styleUrl>#stPoste</styleUrl><Point><coordinates>-48.167633,-8.996591,0</coordinates></Point></Placemark>
<Placemark><name>72333907</name><description>LD02065015</description><styleUrl>#stPoste</styleUrl><Point><coordinates>-48.172787,-8.983649,0</coordinates></Point></Placemark>
</Folder></Document></kml>