<?xml version="1.0" encoding="UTF-8"?>
<kml xmlns="http://www.opengis.net/kml/2.2"><Document>
<name>SE-2PDA consolidado — chave e trecho</name>
<Style id="styleDaimonCorVerde0"><IconStyle><scale>0.60</scale><Icon><href>http://maps.google.com/mapfiles/kml/paddle/wht-circle.png</href></Icon><hotSpot x="32" y="1" xunits="pixels" yunits="pixels"/></IconStyle><LabelStyle><color>ff00ff00</color><colorMode>normal</colorMode><scale>0.60</scale></LabelStyle><ListStyle><ItemIcon><href>http://maps.google.com/mapfiles/kml/paddle/wht-circle.png</href></ItemIcon></ListStyle></Style>
<Style id="styleDaimonCorVerde1"><IconStyle><scale>0.60</scale><Icon><href>http://maps.google.com/mapfiles/kml/paddle/wht-circle.png</href></Icon><hotSpot x="32" y="1" xunits="pixels" yunits="pixels"/></IconStyle><LabelStyle><color>ff00ff00</color><colorMode>normal</colorMode><scale>0.60</scale></LabelStyle><ListStyle><ItemIcon><href>http://maps.google.com/mapfiles/kml/paddle/wht-circle.png</href></ItemIcon></ListStyle></Style>
<StyleMap id="mapDaimonCorVerde"><Pair><key>normal</key><styleUrl>#styleDaimonCorVerde0</styleUrl></Pair><Pair><key>highlight</key><styleUrl>#styleDaimonCorVerde1</styleUrl></Pair></StyleMap>
<Style id="styleDaimonCorAzul0"><IconStyle><scale>0.60</scale><Icon><href>http://maps.google.com/mapfiles/kml/paddle/wht-circle.png</href></Icon><hotSpot x="32" y="1" xunits="pixels" yunits="pixels"/></IconStyle><LabelStyle><color>ffff0000</color><colorMode>normal</colorMode><scale>0.60</scale></LabelStyle><ListStyle><ItemIcon><href>http://maps.google.com/mapfiles/kml/paddle/wht-circle.png</href></ItemIcon></ListStyle></Style>
<Style id="styleDaimonCorAzul1"><IconStyle><scale>0.60</scale><Icon><href>http://maps.google.com/mapfiles/kml/paddle/wht-circle.png</href></Icon><hotSpot x="32" y="1" xunits="pixels" yunits="pixels"/></IconStyle><LabelStyle><color>ffff0000</color><colorMode>normal</colorMode><scale>0.60</scale></LabelStyle><ListStyle><ItemIcon><href>http://maps.google.com/mapfiles/kml/paddle/wht-circle.png</href></ItemIcon></ListStyle></Style>
<StyleMap id="mapDaimonCorAzul"><Pair><key>normal</key><styleUrl>#styleDaimonCorAzul0</styleUrl></Pair><Pair><key>highlight</key><styleUrl>#styleDaimonCorAzul1</styleUrl></Pair></StyleMap>
<Style id="styleDaimonCorAmarelo0"><IconStyle><scale>0.60</scale><Icon><href>http://maps.google.com/mapfiles/kml/paddle/wht-circle.png</href></Icon><hotSpot x="32" y="1" xunits="pixels" yunits="pixels"/></IconStyle><LabelStyle><color>ff00ffff</color><colorMode>normal</colorMode><scale>0.60</scale></LabelStyle><ListStyle><ItemIcon><href>http://maps.google.com/mapfiles/kml/paddle/wht-circle.png</href></ItemIcon></ListStyle></Style>
<Style id="styleDaimonCorAmarelo1"><IconStyle><scale>0.60</scale><Icon><href>http://maps.google.com/mapfiles/kml/paddle/wht-circle.png</href></Icon><hotSpot x="32" y="1" xunits="pixels" yunits="pixels"/></IconStyle><LabelStyle><color>ff00ffff</color><colorMode>normal</colorMode><scale>0.60</scale></LabelStyle><ListStyle><ItemIcon><href>http://maps.google.com/mapfiles/kml/paddle/wht-circle.png</href></ItemIcon></ListStyle></Style>
<StyleMap id="mapDaimonCorAmarelo"><Pair><key>normal</key><styleUrl>#styleDaimonCorAmarelo0</styleUrl></Pair><Pair><key>highlight</key><styleUrl>#styleDaimonCorAmarelo1</styleUrl></Pair></StyleMap>
<Style id="styleDaimonCorBranco0"><IconStyle><scale>0.60</scale><Icon><href>http://maps.google.com/mapfiles/kml/paddle/wht-circle.png</href></Icon><hotSpot x="32" y="1" xunits="pixels" yunits="pixels"/></IconStyle><LabelStyle><color>ffffffff</color><colorMode>normal</colorMode><scale>0.60</scale></LabelStyle><ListStyle><ItemIcon><href>http://maps.google.com/mapfiles/kml/paddle/wht-circle.png</href></ItemIcon></ListStyle></Style>
<Style id="styleDaimonCorBranco1"><IconStyle><scale>0.60</scale><Icon><href>http://maps.google.com/mapfiles/kml/paddle/wht-circle.png</href></Icon><hotSpot x="32" y="1" xunits="pixels" yunits="pixels"/></IconStyle><LabelStyle><color>ffffffff</color><colorMode>normal</colorMode><scale>0.60</scale></LabelStyle><ListStyle><ItemIcon><href>http://maps.google.com/mapfiles/kml/paddle/wht-circle.png</href></ItemIcon></ListStyle></Style>
<StyleMap id="mapDaimonCorBranco"><Pair><key>normal</key><styleUrl>#styleDaimonCorBranco0</styleUrl></Pair><Pair><key>highlight</key><styleUrl>#styleDaimonCorBranco1</styleUrl></Pair></StyleMap>
<Style xmlns="http://www.opengis.net/kml/2.2" id="styleDaimonCIRCUITO238TRECHO"><LineStyle><color>ff40ff00</color><width>2.00</width></LineStyle></Style>

<Style xmlns="http://www.opengis.net/kml/2.2" id="styleDaimonCIRCUITO239TRECHO"><LineStyle><color>ff808040</color><width>2.00</width></LineStyle></Style>

<Style xmlns="http://www.opengis.net/kml/2.2" id="styleDaimonCIRCUITO240TRECHO"><LineStyle><color>ff0080ff</color><width>2.00</width></LineStyle></Style>

<Style xmlns="http://www.opengis.net/kml/2.2" id="styleDaimonCIRCUITO241TRECHO"><LineStyle><color>ff80ffff</color><width>2.00</width></LineStyle></Style>

<Folder><name>SE_2PDA</name><Placemark><name>2PDA</name><description>SE PEDRO AFONSO</description><styleUrl>#mapDaimonSE</styleUrl><Point><coordinates>-48.175458,-8.978758,0</coordinates></Point></Placemark></Folder>
<Folder><name>Circ_AL01065015</name>
<Folder><name>Chave</name>
<Placemark><name>DJ_AL01065015_FICT</name><styleUrl>#mapDaimonCorBranco</styleUrl><Point><coordinates>-48.175368,-8.978798,0</coordinates></Point></Placemark>
<Placemark><name>8801168015</name><styleUrl>#mapDaimonCorAzul</styleUrl><Point><coordinates>-48.174936,-8.978748,0</coordinates></Point></Placemark>
<Placemark><name>8800026015</name><styleUrl>#mapDaimonCorAzul</styleUrl><Point><coordinates>-48.174546,-8.978742,0</coordinates></Point></Placemark>
<Placemark><name>8801179015</name><styleUrl>#mapDaimonCorAzul</styleUrl><Point><coordinates>-48.173826,-8.981953,0</coordinates></Point></Placemark>
<Placemark><name>8800030015</name><styleUrl>#mapDaimonCorAzul</styleUrl><Point><coordinates>-48.173046,-8.981659,0</coordinates></Point></Placemark>
<Placemark><name>8821002015</name><styleUrl>#mapDaimonCorAzul</styleUrl><Point><coordinates>-48.170900,-8.981073,0</coordinates></Point></Placemark>
<Placemark><name>7931913015</name><styleUrl>#mapDaimonCorVerde</styleUrl><Point><coordinates>-48.172171,-8.986232,0</coordinates></Point></Placemark>
<Placemark><name>7931243015</name><styleUrl>#mapDaimonCorVerde</styleUrl><Point><coordinates>-48.170296,-8.980970,0</coordinates></Point></Placemark>
<Placemark><name>8837604015</name><styleUrl>#mapDaimonCorAzul</styleUrl><Point><coordinates>-48.175921,-8.994035,0</coordinates></Point></Placemark>
<Placemark><name>8837608015</name><styleUrl>#mapDaimonCorAzul</styleUrl><Point><coordinates>-48.172558,-8.992379,0</coordinates></Point></Placemark>
<Placemark><name>8837605011</name><styleUrl>#mapDaimonCorAzul</styleUrl><Point><coordinates>-48.185412,-8.992156,0</coordinates></Point></Placemark>
<Placemark><name>8838757015</name><styleUrl>#mapDaimonCorAzul</styleUrl><Point><coordinates>-48.168296,-8.980388,0</coordinates></Point></Placemark>
<Placemark><name>8801132015</name><styleUrl>#mapDaimonCorAzul</styleUrl><Point><coordinates>-48.167768,-8.997315,0</coordinates></Point></Placemark>
<Placemark><name>7954971011</name><styleUrl>#mapDaimonCorVerde</styleUrl><Point><coordinates>-48.188070,-8.989911,0</coordinates></Point></Placemark>
<Placemark><name>8800067015</name><styleUrl>#mapDaimonCorAzul</styleUrl><Point><coordinates>-48.167452,-8.985447,0</coordinates></Point></Placemark>
<Placemark><name>8800044015</name><styleUrl>#mapDaimonCorAzul</styleUrl><Point><coordinates>-48.166911,-8.987357,0</coordinates></Point></Placemark>
<Placemark><name>8837603011</name><styleUrl>#mapDaimonCorAzul</styleUrl><Point><coordinates>-48.186769,-8.983937,0</coordinates></Point></Placemark>
<Placemark><name>8801138015</name><styleUrl>#mapDaimonCorAzul</styleUrl><Point><coordinates>-48.161587,-8.990614,0</coordinates></Point></Placemark>
<Placemark><name>8800094011</name><styleUrl>#mapDaimonCorAzul</styleUrl><Point><coordinates>-48.187976,-8.975613,0</coordinates></Point></Placemark>
<Placemark><name>8800128011</name><styleUrl>#mapDaimonCorAzul</styleUrl><Point><coordinates>-48.187216,-8.971779,0</coordinates></Point></Placemark>
<Placemark><name>8843238011</name><styleUrl>#mapDaimonCorAzul</styleUrl><Point><coordinates>-48.187271,-8.973066,0</coordinates></Point></Placemark>
<Placemark><name>7952358011</name><styleUrl>#mapDaimonCorVerde</styleUrl><Point><coordinates>-48.187130,-8.971350,0</coordinates></Point></Placemark>
<Placemark><name>8847371011</name><styleUrl>#mapDaimonCorAzul</styleUrl><Point><coordinates>-48.191502,-8.975879,0</coordinates></Point></Placemark>
<Placemark><name>8853203015</name><styleUrl>#mapDaimonCorAzul</styleUrl><Point><coordinates>-48.157353,-8.992715,0</coordinates></Point></Placemark>
<Placemark><name>8800214011</name><styleUrl>#mapDaimonCorAzul</styleUrl><Point><coordinates>-48.253139,-8.945290,0</coordinates></Point></Placemark>
<Placemark><name>4100117011</name><styleUrl>#mapDaimonCorBranco</styleUrl><Point><coordinates>-48.224305,-8.956482,0</coordinates></Point></Placemark>
<Placemark><name>8854966015</name><styleUrl>#mapDaimonCorAzul</styleUrl><Point><coordinates>-48.155051,-8.997485,0</coordinates></Point></Placemark>
<Placemark><name>4010029011</name><styleUrl>#mapDaimonCorBranco</styleUrl><Point><coordinates>-48.193585,-8.926737,0</coordinates></Point></Placemark>
<Placemark><name>8810059011</name><styleUrl>#mapDaimonCorAzul</styleUrl><Point><coordinates>-48.211360,-8.899827,0</coordinates></Point></Placemark>
<Placemark><name>4000060011</name><styleUrl>#mapDaimonCorBranco</styleUrl><Point><coordinates>-48.204392,-8.869891,0</coordinates></Point></Placemark>
<Placemark><name>8800118011</name><styleUrl>#mapDaimonCorAzul</styleUrl><Point><coordinates>-48.209436,-9.006226,0</coordinates></Point></Placemark>
<Placemark><name>8800108011</name><styleUrl>#mapDaimonCorAzul</styleUrl><Point><coordinates>-48.294438,-8.929662,0</coordinates></Point></Placemark>
<Placemark><name>8801205011</name><styleUrl>#mapDaimonCorAzul</styleUrl><Point><coordinates>-48.220667,-9.044802,0</coordinates></Point></Placemark>
<Placemark><name>8800371011</name><styleUrl>#mapDaimonCorAzul</styleUrl><Point><coordinates>-48.122415,-8.769111,0</coordinates></Point></Placemark>
<Placemark><name>8031913015</name><styleUrl>#mapDaimonCorBranco</styleUrl><Point><coordinates>-48.172214,-8.986260,0</coordinates></Point></Placemark>
<Placemark><name>8000859011</name><styleUrl>#mapDaimonCorBranco</styleUrl><Point><coordinates>-48.293638,-8.929948,0</coordinates></Point></Placemark>
<Placemark><name>8031243015</name><styleUrl>#mapDaimonCorBranco</styleUrl><Point><coordinates>-48.170264,-8.981007,0</coordinates></Point></Placemark>
<Placemark><name>8031905015</name><styleUrl>#mapDaimonCorBranco</styleUrl><Point><coordinates>-48.166338,-8.987598,0</coordinates></Point></Placemark>
<Placemark><name>7931905015</name><styleUrl>#mapDaimonCorVerde</styleUrl><Point><coordinates>-48.166332,-8.987553,0</coordinates></Point></Placemark>
</Folder><Folder><name>Trecho</name>
<Placemark><name>12079329</name><styleUrl>#styleDaimonCIRCUITO238TRECHO</styleUrl><LineString><coordinates>-48.175087,-8.978791,0 -48.175094,-8.978770,0</coordinates></LineString></Placemark>
<Placemark><name>64178524</name><styleUrl>#styleDaimonCIRCUITO238TRECHO</styleUrl><LineString><coordinates>-48.175279,-8.978838,0 -48.175087,-8.978791,0</coordinates></LineString></Placemark>
<Placemark><name>64178516</name><styleUrl>#styleDaimonCIRCUITO238TRECHO</styleUrl><LineString><coordinates>-48.175087,-8.978791,0 -48.174962,-8.978758,0</coordinates></LineString></Placemark>
<Placemark><name>3563658</name><styleUrl>#styleDaimonCIRCUITO238TRECHO</styleUrl><LineString><coordinates>-48.175094,-8.978770,0 -48.175093,-8.978746,0</coordinates></LineString></Placemark>
<Placemark><name>64178542</name><styleUrl>#styleDaimonCIRCUITO238TRECHO</styleUrl><LineString><coordinates>-48.174962,-8.978758,0 -48.174935,-8.978747,0</coordinates></LineString></Placemark>
<Placemark><name>64179225</name><styleUrl>#styleDaimonCIRCUITO238TRECHO</styleUrl><LineString><coordinates>-48.174937,-8.978748,0 -48.174863,-8.978719,0</coordinates></LineString></Placemark>
<Placemark><name>12078097</name><styleUrl>#styleDaimonCIRCUITO238TRECHO</styleUrl><LineString><coordinates>-48.174863,-8.978719,0 -48.174838,-8.978736,0</coordinates></LineString></Placemark>
<Placemark><name>64178553</name><styleUrl>#styleDaimonCIRCUITO238TRECHO</styleUrl><LineString><coordinates>-48.174838,-8.978736,0 -48.174806,-8.978810,0</coordinates></LineString></Placemark>
<Placemark><name>12078295</name><styleUrl>#styleDaimonCIRCUITO238TRECHO</styleUrl><LineString><coordinates>-48.174806,-8.978810,0 -48.174792,-8.978839,0</coordinates></LineString></Placemark>
<Placemark><name>64178562</name><styleUrl>#styleDaimonCIRCUITO238TRECHO</styleUrl><LineString><coordinates>-48.174792,-8.978839,0 -48.174549,-8.978735,0</coordinates></LineString></Placemark>
<Placemark><name>64178581</name><styleUrl>#styleDaimonCIRCUITO238TRECHO</styleUrl><LineString><coordinates>-48.174549,-8.978735,0 -48.174580,-8.978668,0</coordinates></LineString></Placemark>
<Placemark><name>64178736</name><styleUrl>#styleDaimonCIRCUITO238TRECHO</styleUrl><LineString><coordinates>-48.173333,-8.981763,0 -48.173062,-8.981664,0</coordinates></LineString></Placemark>
<Placemark><name>2527014</name><styleUrl>#styleDaimonCIRCUITO238TRECHO</styleUrl><LineString><coordinates>-48.173333,-8.981763,0 -48.173284,-8.981885,0</coordinates></LineString></Placemark>
<Placemark><name>64178629</name><styleUrl>#styleDaimonCIRCUITO238TRECHO</styleUrl><LineString><coordinates>-48.174385,-8.979107,0 -48.173333,-8.981763,0</coordinates></LineString></Placemark>
<Placemark><name>64178708</name><styleUrl>#styleDaimonCIRCUITO238TRECHO</styleUrl><LineString><coordinates>-48.173333,-8.981763,0 -48.173423,-8.981796,0</coordinates></LineString></Placemark>
<Placemark><name>12083355</name><styleUrl>#styleDaimonCIRCUITO238TRECHO</styleUrl><LineString><coordinates>-48.174385,-8.979107,0 -48.174414,-8.979122,0</coordinates></LineString></Placemark>
<Placemark><name>64178600</name><styleUrl>#styleDaimonCIRCUITO238TRECHO</styleUrl><LineString><coordinates>-48.174543,-8.978749,0 -48.174385,-8.979107,0</coordinates></LineString></Placemark>
<Placemark><name>2535970</name><styleUrl>#styleDaimonCIRCUITO238TRECHO</styleUrl><LineString><coordinates>-48.173423,-8.981796,0 -48.173799,-8.981919,0</coordinates></LineString></Placemark>
<Placemark><name>3612071</name><styleUrl>#styleDaimonCIRCUITO238TRECHO</styleUrl><LineString><coordinates>-48.174414,-8.979122,0 -48.174649,-8.979317,0</coordinates></LineString></Placemark>
<Placemark><name>T_8801179015</name><styleUrl>#styleDaimonCIRCUITO238TRECHO</styleUrl><LineString><coordinates>-48.173799,-8.981919,0 -48.173835,-8.981931,0</coordinates></LineString></Placemark>
<Placemark><name>3625438</name><styleUrl>#styleDaimonCIRCUITO238TRECHO</styleUrl><LineString><coordinates>-48.172283,-8.985873,0 -48.172193,-8.986217,0</coordinates></LineString></Placemark>
<Placemark><name>3450822</name><styleUrl>#styleDaimonCIRCUITO238TRECHO</styleUrl><LineString><coordinates>-48.173818,-8.981975,0 -48.172283,-8.985873,0</coordinates></LineString></Placemark>
<Placemark><name>3663783</name><styleUrl>#styleDaimonCIRCUITO238TRECHO</styleUrl><LineString><coordinates>-48.172193,-8.986217,0 -48.172215,-8.986258,0</coordinates></LineString></Placemark>
<Placemark><name>64178747</name><styleUrl>#styleDaimonCIRCUITO238TRECHO</styleUrl><LineString><coordinates>-48.173031,-8.981653,0 -48.172521,-8.981466,0</coordinates></LineString></Placemark>
<Placemark><name>64178782</name><styleUrl>#styleDaimonCIRCUITO238TRECHO</styleUrl><LineString><coordinates>-48.172521,-8.981466,0 -48.172176,-8.981340,0</coordinates></LineString></Placemark>
<Placemark><name>2535824</name><styleUrl>#styleDaimonCIRCUITO238TRECHO</styleUrl><LineString><coordinates>-48.172176,-8.981340,0 -48.172101,-8.981520,0</coordinates></LineString></Placemark>
<Placemark><name>64178784</name><styleUrl>#styleDaimonCIRCUITO238TRECHO</styleUrl><LineString><coordinates>-48.172176,-8.981340,0 -48.170987,-8.980910,0</coordinates></LineString></Placemark>
<Placemark><name>2535825</name><styleUrl>#styleDaimonCIRCUITO238TRECHO</styleUrl><LineString><coordinates>-48.172176,-8.981340,0 -48.172213,-8.981253,0</coordinates></LineString></Placemark>
<Placemark><name>64178851</name><styleUrl>#styleDaimonCIRCUITO238TRECHO</styleUrl><LineString><coordinates>-48.170987,-8.980910,0 -48.170934,-8.981077,0</coordinates></LineString></Placemark>
<Placemark><name>64178767</name><styleUrl>#styleDaimonCIRCUITO238TRECHO</styleUrl><LineString><coordinates>-48.170987,-8.980910,0 -48.170892,-8.980875,0</coordinates></LineString></Placemark>
<Placemark><name>64178840</name><styleUrl>#styleDaimonCIRCUITO238TRECHO</styleUrl><LineString><coordinates>-48.170987,-8.980910,0 -48.171014,-8.980821,0</coordinates></LineString></Placemark>
<Placemark><name>64178879</name><styleUrl>#styleDaimonCIRCUITO238TRECHO</styleUrl><LineString><coordinates>-48.170934,-8.981077,0 -48.170823,-8.981439,0</coordinates></LineString></Placemark>
<Placemark><name>64178869</name><styleUrl>#styleDaimonCIRCUITO238TRECHO</styleUrl><LineString><coordinates>-48.170934,-8.981077,0 -48.170920,-8.981075,0</coordinates></LineString></Placemark>
<Placemark><name>3656123</name><styleUrl>#styleDaimonCIRCUITO238TRECHO</styleUrl><LineString><coordinates>-48.172191,-8.986218,0 -48.172171,-8.986231,0</coordinates></LineString></Placemark>
<Placemark><name>3663781</name><styleUrl>#styleDaimonCIRCUITO238TRECHO</styleUrl><LineString><coordinates>-48.170311,-8.980989,0 -48.170265,-8.981009,0</coordinates></LineString></Placemark>
<Placemark><name>64178889</name><styleUrl>#styleDaimonCIRCUITO238TRECHO</styleUrl><LineString><coordinates>-48.170880,-8.981070,0 -48.170311,-8.980989,0</coordinates></LineString></Placemark>
<Placemark><name>3656125</name><styleUrl>#styleDaimonCIRCUITO238TRECHO</styleUrl><LineString><coordinates>-48.172171,-8.986234,0 -48.172169,-8.986253,0</coordinates></LineString></Placemark>
<Placemark><name>3656114</name><styleUrl>#styleDaimonCIRCUITO238TRECHO</styleUrl><LineString><coordinates>-48.170310,-8.980987,0 -48.170297,-8.980970,0</coordinates></LineString></Placemark>
<Placemark><name>3663782</name><styleUrl>#styleDaimonCIRCUITO238TRECHO</styleUrl><LineString><coordinates>-48.172177,-8.986278,0 -48.172212,-8.986261,0</coordinates></LineString></Placemark>
<Placemark><name>3656124</name><styleUrl>#styleDaimonCIRCUITO238TRECHO</styleUrl><LineString><coordinates>-48.172170,-8.986256,0 -48.172177,-8.986278,0</coordinates></LineString></Placemark>
<Placemark><name>3630458</name><styleUrl>#styleDaimonCIRCUITO238TRECHO</styleUrl><LineString><coordinates>-48.172177,-8.986278,0 -48.171666,-8.987916,0</coordinates></LineString></Placemark>
<Placemark><name>12072316</name><styleUrl>#styleDaimonCIRCUITO238TRECHO</styleUrl><LineString><coordinates>-48.171666,-8.987916,0 -48.171673,-8.987944,0</coordinates></LineString></Placemark>
<Placemark><name>3188281</name><styleUrl>#styleDaimonCIRCUITO238TRECHO</styleUrl><LineString><coordinates>-48.171673,-8.987944,0 -48.172794,-8.988934,0</coordinates></LineString></Placemark>
<Placemark><name>12072319</name><styleUrl>#styleDaimonCIRCUITO238TRECHO</styleUrl><LineString><coordinates>-48.172794,-8.988934,0 -48.172814,-8.988962,0</coordinates></LineString></Placemark>
<Placemark><name>3188279</name><styleUrl>#styleDaimonCIRCUITO238TRECHO</styleUrl><LineString><coordinates>-48.172814,-8.988962,0 -48.173697,-8.991212,0</coordinates></LineString></Placemark>
<Placemark><name>12072318</name><styleUrl>#styleDaimonCIRCUITO238TRECHO</styleUrl><LineString><coordinates>-48.173697,-8.991212,0 -48.173713,-8.991241,0</coordinates></LineString></Placemark>
<Placemark><name>3188091</name><styleUrl>#styleDaimonCIRCUITO238TRECHO</styleUrl><LineString><coordinates>-48.173713,-8.991241,0 -48.174140,-8.991925,0</coordinates></LineString></Placemark>
<Placemark><name>12072314</name><styleUrl>#styleDaimonCIRCUITO238TRECHO</styleUrl><LineString><coordinates>-48.174140,-8.991925,0 -48.174151,-8.991957,0</coordinates></LineString></Placemark>
<Placemark><name>3163712</name><styleUrl>#styleDaimonCIRCUITO238TRECHO</styleUrl><LineString><coordinates>-48.174151,-8.991957,0 -48.174213,-8.992081,0</coordinates></LineString></Placemark>
<Placemark><name>3188094</name><styleUrl>#styleDaimonCIRCUITO238TRECHO</styleUrl><LineString><coordinates>-48.174213,-8.992081,0 -48.174811,-8.993711,0</coordinates></LineString></Placemark>
<Placemark><name>12072317</name><styleUrl>#styleDaimonCIRCUITO238TRECHO</styleUrl><LineString><coordinates>-48.174811,-8.993711,0 -48.174837,-8.993736,0</coordinates></LineString></Placemark>
<Placemark><name>3188095</name><styleUrl>#styleDaimonCIRCUITO238TRECHO</styleUrl><LineString><coordinates>-48.174837,-8.993736,0 -48.175265,-8.993908,0</coordinates></LineString></Placemark>
<Placemark><name>3625437</name><styleUrl>#styleDaimonCIRCUITO238TRECHO</styleUrl><LineString><coordinates>-48.175265,-8.993908,0 -48.175919,-8.994034,0</coordinates></LineString></Placemark>
<Placemark><name>3656116</name><styleUrl>#styleDaimonCIRCUITO238TRECHO</styleUrl><LineString><coordinates>-48.170296,-8.980970,0 -48.170278,-8.980966,0</coordinates></LineString></Placemark>
<Placemark><name>3628340</name><styleUrl>#styleDaimonCIRCUITO238TRECHO</styleUrl><LineString><coordinates>-48.175954,-8.994050,0 -48.185383,-8.992203,0</coordinates></LineString></Placemark>
<Placemark><name>3662220</name><styleUrl>#styleDaimonCIRCUITO238TRECHO</styleUrl><LineString><coordinates>-48.185383,-8.992203,0 -48.185393,-8.992159,0</coordinates></LineString></Placemark>
<Placemark><name>3663784</name><styleUrl>#styleDaimonCIRCUITO238TRECHO</styleUrl><LineString><coordinates>-48.175923,-8.994036,0 -48.175954,-8.994050,0</coordinates></LineString></Placemark>
<Placemark><name>2526727</name><styleUrl>#styleDaimonCIRCUITO238TRECHO</styleUrl><LineString><coordinates>-48.169788,-8.980899,0 -48.169797,-8.980732,0</coordinates></LineString></Placemark>
<Placemark><name>64178922</name><styleUrl>#styleDaimonCIRCUITO238TRECHO</styleUrl><LineString><coordinates>-48.170247,-8.980977,0 -48.169788,-8.980899,0</coordinates></LineString></Placemark>
<Placemark><name>2526728</name><styleUrl>#styleDaimonCIRCUITO238TRECHO</styleUrl><LineString><coordinates>-48.169788,-8.980899,0 -48.169783,-8.981014,0</coordinates></LineString></Placemark>
<Placemark><name>64178924</name><styleUrl>#styleDaimonCIRCUITO238TRECHO</styleUrl><LineString><coordinates>-48.169788,-8.980899,0 -48.168253,-8.980692,0</coordinates></LineString></Placemark>
<Placemark><name>3555475</name><styleUrl>#styleDaimonCIRCUITO238TRECHO</styleUrl><LineString><coordinates>-48.170247,-8.980977,0 -48.170263,-8.981006,0</coordinates></LineString></Placemark>
<Placemark><name>3656115</name><styleUrl>#styleDaimonCIRCUITO238TRECHO</styleUrl><LineString><coordinates>-48.170276,-8.980968,0 -48.170247,-8.980977,0</coordinates></LineString></Placemark>
<Placemark><name>12078285</name><styleUrl>#styleDaimonCIRCUITO238TRECHO</styleUrl><LineString><coordinates>-48.168253,-8.980692,0 -48.168247,-8.980676,0</coordinates></LineString></Placemark>
<Placemark><name>12078196</name><styleUrl>#styleDaimonCIRCUITO238TRECHO</styleUrl><LineString><coordinates>-48.168247,-8.980676,0 -48.168239,-8.980702,0</coordinates></LineString></Placemark>
<Placemark><name>3162206</name><styleUrl>#styleDaimonCIRCUITO238TRECHO</styleUrl><LineString><coordinates>-48.168247,-8.980676,0 -48.168294,-8.980399,0</coordinates></LineString></Placemark>
<Placemark><name>3190183</name><styleUrl>#styleDaimonCIRCUITO238TRECHO</styleUrl><LineString><coordinates>-48.168239,-8.980702,0 -48.168163,-8.980960,0</coordinates></LineString></Placemark>
<Placemark><name>35678938</name><styleUrl>#styleDaimonCIRCUITO238TRECHO</styleUrl><LineString><coordinates>-48.188227,-8.990635,0 -48.188239,-8.990622,0</coordinates></LineString></Placemark>
<Placemark><name>3626186</name><styleUrl>#styleDaimonCIRCUITO238TRECHO</styleUrl><LineString><coordinates>-48.188239,-8.990622,0 -48.188074,-8.989928,0</coordinates></LineString></Placemark>
<Placemark><name>35678913</name><styleUrl>#styleDaimonCIRCUITO238TRECHO</styleUrl><LineString><coordinates>-48.187773,-8.990738,0 -48.188227,-8.990635,0</coordinates></LineString></Placemark>
<Placemark><name>35678930</name><styleUrl>#styleDaimonCIRCUITO238TRECHO</styleUrl><LineString><coordinates>-48.187758,-8.990764,0 -48.187773,-8.990738,0</coordinates></LineString></Placemark>
<Placemark><name>35678904</name><styleUrl>#styleDaimonCIRCUITO238TRECHO</styleUrl><LineString><coordinates>-48.187941,-8.991549,0 -48.187758,-8.990764,0</coordinates></LineString></Placemark>
<Placemark><name>35678922</name><styleUrl>#styleDaimonCIRCUITO238TRECHO</styleUrl><LineString><coordinates>-48.187944,-8.991565,0 -48.187941,-8.991549,0</coordinates></LineString></Placemark>
<Placemark><name>35678885</name><styleUrl>#styleDaimonCIRCUITO238TRECHO</styleUrl><LineString><coordinates>-48.187794,-8.991600,0 -48.187944,-8.991565,0</coordinates></LineString></Placemark>
<Placemark><name>3626187</name><styleUrl>#styleDaimonCIRCUITO238TRECHO</styleUrl><LineString><coordinates>-48.187944,-8.991565,0 -48.188042,-8.991543,0</coordinates></LineString></Placemark>
<Placemark><name>12084742</name><styleUrl>#styleDaimonCIRCUITO238TRECHO</styleUrl><LineString><coordinates>-48.187794,-8.991600,0 -48.187801,-8.991619,0</coordinates></LineString></Placemark>
<Placemark><name>3626188</name><styleUrl>#styleDaimonCIRCUITO238TRECHO</styleUrl><LineString><coordinates>-48.185430,-8.992152,0 -48.187794,-8.991600,0</coordinates></LineString></Placemark>
<Placemark><name>12084741</name><styleUrl>#styleDaimonCIRCUITO238TRECHO</styleUrl><LineString><coordinates>-48.188042,-8.991543,0 -48.188075,-8.991534,0</coordinates></LineString></Placemark>
<Placemark><name>3626200</name><styleUrl>#styleDaimonCIRCUITO238TRECHO</styleUrl><LineString><coordinates>-48.188075,-8.991534,0 -48.188255,-8.991503,0</coordinates></LineString></Placemark>
<Placemark><name>2803884</name><styleUrl>#styleDaimonCIRCUITO238TRECHO</styleUrl><LineString><coordinates>-48.168830,-8.974821,0 -48.169341,-8.974809,0</coordinates></LineString></Placemark>
<Placemark><name>3656109</name><styleUrl>#styleDaimonCIRCUITO238TRECHO</styleUrl><LineString><coordinates>-48.169341,-8.974809,0 -48.169373,-8.974783,0</coordinates></LineString></Placemark>
<Placemark><name>12076636</name><styleUrl>#styleDaimonCIRCUITO238TRECHO</styleUrl><LineString><coordinates>-48.168816,-8.974850,0 -48.168830,-8.974821,0</coordinates></LineString></Placemark>
<Placemark><name>2803885</name><styleUrl>#styleDaimonCIRCUITO238TRECHO</styleUrl><LineString><coordinates>-48.168810,-8.975268,0 -48.168816,-8.974850,0</coordinates></LineString></Placemark>
<Placemark><name>2803889</name><styleUrl>#styleDaimonCIRCUITO238TRECHO</styleUrl><LineString><coordinates>-48.168752,-8.977024,0 -48.168810,-8.975268,0</coordinates></LineString></Placemark>
<Placemark><name>3088319</name><styleUrl>#styleDaimonCIRCUITO238TRECHO</styleUrl><LineString><coordinates>-48.168743,-8.977306,0 -48.168752,-8.977024,0</coordinates></LineString></Placemark>
<Placemark><name>12078284</name><styleUrl>#styleDaimonCIRCUITO238TRECHO</styleUrl><LineString><coordinates>-48.168739,-8.977341,0 -48.168743,-8.977306,0</coordinates></LineString></Placemark>
<Placemark><name>3203324</name><styleUrl>#styleDaimonCIRCUITO238TRECHO</styleUrl><LineString><coordinates>-48.168456,-8.979156,0 -48.168739,-8.977341,0</coordinates></LineString></Placemark>
<Placemark><name>3187118</name><styleUrl>#styleDaimonCIRCUITO238TRECHO</styleUrl><LineString><coordinates>-48.168425,-8.979405,0 -48.168456,-8.979156,0</coordinates></LineString></Placemark>
<Placemark><name>27627678</name><styleUrl>#styleDaimonCIRCUITO238TRECHO</styleUrl><LineString><coordinates>-48.168422,-8.979432,0 -48.168425,-8.979405,0</coordinates></LineString></Placemark>
<Placemark><name>27627662</name><styleUrl>#styleDaimonCIRCUITO238TRECHO</styleUrl><LineString><coordinates>-48.168325,-8.980145,0 -48.168422,-8.979432,0</coordinates></LineString></Placemark>
<Placemark><name>27627670</name><styleUrl>#styleDaimonCIRCUITO238TRECHO</styleUrl><LineString><coordinates>-48.168320,-8.980177,0 -48.168325,-8.980145,0</coordinates></LineString></Placemark>
<Placemark><name>39084030</name><styleUrl>#styleDaimonCIRCUITO238TRECHO</styleUrl><LineString><coordinates>-48.168297,-8.980378,0 -48.168320,-8.980177,0</coordinates></LineString></Placemark>
<Placemark><name>3626474</name><styleUrl>#styleDaimonCIRCUITO238TRECHO</styleUrl><LineString><coordinates>-48.187562,-8.987826,0 -48.186764,-8.983965,0</coordinates></LineString></Placemark>
<Placemark><name>3634197</name><styleUrl>#styleDaimonCIRCUITO238TRECHO</styleUrl><LineString><coordinates>-48.187817,-8.988818,0 -48.187562,-8.987826,0</coordinates></LineString></Placemark>
<Placemark><name>12123518</name><styleUrl>#styleDaimonCIRCUITO238TRECHO</styleUrl><LineString><coordinates>-48.187817,-8.988818,0 -48.187836,-8.988814,0</coordinates></LineString></Placemark>
<Placemark><name>3626192</name><styleUrl>#styleDaimonCIRCUITO238TRECHO</styleUrl><LineString><coordinates>-48.187830,-8.988872,0 -48.187817,-8.988818,0</coordinates></LineString></Placemark>
<Placemark><name>3626198</name><styleUrl>#styleDaimonCIRCUITO238TRECHO</styleUrl><LineString><coordinates>-48.187836,-8.988814,0 -48.188602,-8.988813,0</coordinates></LineString></Placemark>
<Placemark><name>12123528</name><styleUrl>#styleDaimonCIRCUITO238TRECHO</styleUrl><LineString><coordinates>-48.187830,-8.988872,0 -48.187811,-8.988877,0</coordinates></LineString></Placemark>
<Placemark><name>3626483</name><styleUrl>#styleDaimonCIRCUITO238TRECHO</styleUrl><LineString><coordinates>-48.188066,-8.989894,0 -48.187830,-8.988872,0</coordinates></LineString></Placemark>
<Placemark><name>12120448</name><styleUrl>#styleDaimonCIRCUITO238TRECHO</styleUrl><LineString><coordinates>-48.188602,-8.988813,0 -48.188636,-8.988815,0</coordinates></LineString></Placemark>
<Placemark><name>3626185</name><styleUrl>#styleDaimonCIRCUITO238TRECHO</styleUrl><LineString><coordinates>-48.187811,-8.988877,0 -48.187778,-8.988873,0</coordinates></LineString></Placemark>
<Placemark><name>2806850</name><styleUrl>#styleDaimonCIRCUITO238TRECHO</styleUrl><LineString><coordinates>-48.188636,-8.988815,0 -48.188861,-8.988828,0</coordinates></LineString></Placemark>
<Placemark><name>12120449</name><styleUrl>#styleDaimonCIRCUITO238TRECHO</styleUrl><LineString><coordinates>-48.188861,-8.988828,0 -48.188878,-8.988829,0</coordinates></LineString></Placemark>
<Placemark><name>2807029</name><styleUrl>#styleDaimonCIRCUITO238TRECHO</styleUrl><LineString><coordinates>-48.188878,-8.988829,0 -48.189103,-8.985426,0</coordinates></LineString></Placemark>
<Placemark><name>2806851</name><styleUrl>#styleDaimonCIRCUITO238TRECHO</styleUrl><LineString><coordinates>-48.188878,-8.988829,0 -48.188834,-8.988862,0</coordinates></LineString></Placemark>
<Placemark><name>2807031</name><styleUrl>#styleDaimonCIRCUITO238TRECHO</styleUrl><LineString><coordinates>-48.189103,-8.985426,0 -48.188914,-8.983310,0</coordinates></LineString></Placemark>
<Placemark><name>12120450</name><styleUrl>#styleDaimonCIRCUITO238TRECHO</styleUrl><LineString><coordinates>-48.188914,-8.983310,0 -48.188927,-8.983287,0</coordinates></LineString></Placemark>
<Placemark><name>2807032</name><styleUrl>#styleDaimonCIRCUITO238TRECHO</styleUrl><LineString><coordinates>-48.188927,-8.983287,0 -48.189095,-8.983217,0</coordinates></LineString></Placemark>
<Placemark><name>3656111</name><styleUrl>#styleDaimonCIRCUITO238TRECHO</styleUrl><LineString><coordinates>-48.169343,-8.974811,0 -48.169356,-8.974828,0</coordinates></LineString></Placemark>
<Placemark><name>41647649</name><styleUrl>#styleDaimonCIRCUITO238TRECHO</styleUrl><LineString><coordinates>-48.187515,-8.978827,0 -48.187267,-8.978851,0</coordinates></LineString></Placemark>
<Placemark><name>3107010</name><styleUrl>#styleDaimonCIRCUITO238TRECHO</styleUrl><LineString><coordinates>-48.188129,-8.978762,0 -48.187515,-8.978827,0</coordinates></LineString></Placemark>
<Placemark><name>41647640</name><styleUrl>#styleDaimonCIRCUITO238TRECHO</styleUrl><LineString><coordinates>-48.187267,-8.978851,0 -48.187041,-8.978874,0</coordinates></LineString></Placemark>
<Placemark><name>2810326</name><styleUrl>#styleDaimonCIRCUITO238TRECHO</styleUrl><LineString><coordinates>-48.188434,-8.978733,0 -48.188129,-8.978762,0</coordinates></LineString></Placemark>
<Placemark><name>45074298</name><styleUrl>#styleDaimonCIRCUITO238TRECHO</styleUrl><LineString><coordinates>-48.187041,-8.978874,0 -48.186623,-8.978913,0</coordinates></LineString></Placemark>
<Placemark><name>2810327</name><styleUrl>#styleDaimonCIRCUITO238TRECHO</styleUrl><LineString><coordinates>-48.188434,-8.978733,0 -48.188556,-8.978722,0</coordinates></LineString></Placemark>
<Placemark><name>2810324</name><styleUrl>#styleDaimonCIRCUITO238TRECHO</styleUrl><LineString><coordinates>-48.188434,-8.978733,0 -48.188368,-8.978118,0</coordinates></LineString></Placemark>
<Placemark><name>2810325</name><styleUrl>#styleDaimonCIRCUITO238TRECHO</styleUrl><LineString><coordinates>-48.188525,-8.979553,0 -48.188434,-8.978733,0</coordinates></LineString></Placemark>
<Placemark><name>45074386</name><styleUrl>#styleDaimonCIRCUITO238TRECHO</styleUrl><LineString><coordinates>-48.186623,-8.978913,0 -48.186611,-8.978897,0</coordinates></LineString></Placemark>
<Placemark><name>12073952</name><styleUrl>#styleDaimonCIRCUITO238TRECHO</styleUrl><LineString><coordinates>-48.188556,-8.978722,0 -48.188590,-8.978721,0</coordinates></LineString></Placemark>
<Placemark><name>12073957</name><styleUrl>#styleDaimonCIRCUITO238TRECHO</styleUrl><LineString><coordinates>-48.188368,-8.978118,0 -48.188365,-8.978085,0</coordinates></LineString></Placemark>
<Placemark><name>12073958</name><styleUrl>#styleDaimonCIRCUITO238TRECHO</styleUrl><LineString><coordinates>-48.188519,-8.979586,0 -48.188525,-8.979553,0</coordinates></LineString></Placemark>
<Placemark><name>45074331</name><styleUrl>#styleDaimonCIRCUITO238TRECHO</styleUrl><LineString><coordinates>-48.186611,-8.978897,0 -48.186627,-8.976385,0</coordinates></LineString></Placemark>
<Placemark><name>2805296</name><styleUrl>#styleDaimonCIRCUITO238TRECHO</styleUrl><LineString><coordinates>-48.188590,-8.978721,0 -48.190410,-8.978534,0</coordinates></LineString></Placemark>
<Placemark><name>2804801</name><styleUrl>#styleDaimonCIRCUITO238TRECHO</styleUrl><LineString><coordinates>-48.188365,-8.978085,0 -48.188152,-8.976470,0</coordinates></LineString></Placemark>
<Placemark><name>2808038</name><styleUrl>#styleDaimonCIRCUITO238TRECHO</styleUrl><LineString><coordinates>-48.187933,-8.980960,0 -48.188519,-8.979586,0</coordinates></LineString></Placemark>
<Placemark><name>2804649</name><styleUrl>#styleDaimonCIRCUITO238TRECHO</styleUrl><LineString><coordinates>-48.190410,-8.978534,0 -48.190727,-8.978514,0</coordinates></LineString></Placemark>
<Placemark><name>12076311</name><styleUrl>#styleDaimonCIRCUITO238TRECHO</styleUrl><LineString><coordinates>-48.188152,-8.976470,0 -48.188147,-8.976436,0</coordinates></LineString></Placemark>
<Placemark><name>2808033</name><styleUrl>#styleDaimonCIRCUITO238TRECHO</styleUrl><LineString><coordinates>-48.187027,-8.983031,0 -48.187933,-8.980960,0</coordinates></LineString></Placemark>
<Placemark><name>12026307</name><styleUrl>#styleDaimonCIRCUITO238TRECHO</styleUrl><LineString><coordinates>-48.188147,-8.976436,0 -48.188134,-8.976446,0</coordinates></LineString></Placemark>
<Placemark><name>2804650</name><styleUrl>#styleDaimonCIRCUITO238TRECHO</styleUrl><LineString><coordinates>-48.188147,-8.976436,0 -48.188068,-8.976081,0</coordinates></LineString></Placemark>
<Placemark><name>12076304</name><styleUrl>#styleDaimonCIRCUITO238TRECHO</styleUrl><LineString><coordinates>-48.187011,-8.983061,0 -48.187027,-8.983031,0</coordinates></LineString></Placemark>
<Placemark><name>2804651</name><styleUrl>#styleDaimonCIRCUITO238TRECHO</styleUrl><LineString><coordinates>-48.188134,-8.976446,0 -48.187848,-8.976302,0</coordinates></LineString></Placemark>
<Placemark><name>12076524</name><styleUrl>#styleDaimonCIRCUITO238TRECHO</styleUrl><LineString><coordinates>-48.188068,-8.976081,0 -48.188063,-8.976048,0</coordinates></LineString></Placemark>
<Placemark><name>2806535</name><styleUrl>#styleDaimonCIRCUITO238TRECHO</styleUrl><LineString><coordinates>-48.186866,-8.983380,0 -48.187011,-8.983061,0</coordinates></LineString></Placemark>
<Placemark><name>3106747</name><styleUrl>#styleDaimonCIRCUITO238TRECHO</styleUrl><LineString><coordinates>-48.188063,-8.976048,0 -48.187976,-8.975617,0</coordinates></LineString></Placemark>
<Placemark><name>12084841</name><styleUrl>#styleDaimonCIRCUITO238TRECHO</styleUrl><LineString><coordinates>-48.186853,-8.983411,0 -48.186866,-8.983380,0</coordinates></LineString></Placemark>
<Placemark><name>12026626</name><styleUrl>#styleDaimonCIRCUITO238TRECHO</styleUrl><LineString><coordinates>-48.186853,-8.983411,0 -48.186830,-8.983400,0</coordinates></LineString></Placemark>
<Placemark><name>3626182</name><styleUrl>#styleDaimonCIRCUITO238TRECHO</styleUrl><LineString><coordinates>-48.186774,-8.983910,0 -48.186853,-8.983411,0</coordinates></LineString></Placemark>
<Placemark><name>3105591</name><styleUrl>#styleDaimonCIRCUITO238TRECHO</styleUrl><LineString><coordinates>-48.186830,-8.983400,0 -48.184595,-8.983763,0</coordinates></LineString></Placemark>
<Placemark><name>3088522</name><styleUrl>#styleDaimonCIRCUITO238TRECHO</styleUrl><LineString><coordinates>-48.187958,-8.975538,0 -48.188240,-8.975492,0</coordinates></LineString></Placemark>
<Placemark><name>3088519</name><styleUrl>#styleDaimonCIRCUITO238TRECHO</styleUrl><LineString><coordinates>-48.187958,-8.975538,0 -48.187861,-8.975038,0</coordinates></LineString></Placemark>
<Placemark><name>3088520</name><styleUrl>#styleDaimonCIRCUITO238TRECHO</styleUrl><LineString><coordinates>-48.187975,-8.975610,0 -48.187958,-8.975538,0</coordinates></LineString></Placemark>
<Placemark><name>3088521</name><styleUrl>#styleDaimonCIRCUITO238TRECHO</styleUrl><LineString><coordinates>-48.187958,-8.975538,0 -48.187903,-8.975549,0</coordinates></LineString></Placemark>
<Placemark><name>2807582</name><styleUrl>#styleDaimonCIRCUITO238TRECHO</styleUrl><LineString><coordinates>-48.187861,-8.975038,0 -48.187587,-8.973669,0</coordinates></LineString></Placemark>
<Placemark><name>3088264</name><styleUrl>#styleDaimonCIRCUITO238TRECHO</styleUrl><LineString><coordinates>-48.187587,-8.973669,0 -48.187803,-8.973624,0</coordinates></LineString></Placemark>
<Placemark><name>3088263</name><styleUrl>#styleDaimonCIRCUITO238TRECHO</styleUrl><LineString><coordinates>-48.187587,-8.973669,0 -48.187547,-8.973678,0</coordinates></LineString></Placemark>
<Placemark><name>3088261</name><styleUrl>#styleDaimonCIRCUITO238TRECHO</styleUrl><LineString><coordinates>-48.187587,-8.973669,0 -48.187460,-8.973036,0</coordinates></LineString></Placemark>
<Placemark><name>3655865</name><styleUrl>#styleDaimonCIRCUITO238TRECHO</styleUrl><LineString><coordinates>-48.187460,-8.973036,0 -48.187290,-8.973062,0</coordinates></LineString></Placemark>
<Placemark><name>2807908</name><styleUrl>#styleDaimonCIRCUITO238TRECHO</styleUrl><LineString><coordinates>-48.187460,-8.973036,0 -48.187220,-8.971800,0</coordinates></LineString></Placemark>
<Placemark><name>3655861</name><styleUrl>#styleDaimonCIRCUITO238TRECHO</styleUrl><LineString><coordinates>-48.187460,-8.973036,0 -48.187514,-8.973018,0</coordinates></LineString></Placemark>
<Placemark><name>2806714</name><styleUrl>#styleDaimonCIRCUITO238TRECHO</styleUrl><LineString><coordinates>-48.187212,-8.971757,0 -48.187133,-8.971366,0</coordinates></LineString></Placemark>
<Placemark><name>3655867</name><styleUrl>#styleDaimonCIRCUITO238TRECHO</styleUrl><LineString><coordinates>-48.187252,-8.973070,0 -48.184208,-8.973336,0</coordinates></LineString></Placemark>
<Placemark><name>12078597</name><styleUrl>#styleDaimonCIRCUITO238TRECHO</styleUrl><LineString><coordinates>-48.195779,-8.967080,0 -48.195784,-8.967116,0</coordinates></LineString></Placemark>
<Placemark><name>3497880</name><styleUrl>#styleDaimonCIRCUITO238TRECHO</styleUrl><LineString><coordinates>-48.195784,-8.967116,0 -48.195800,-8.967341,0</coordinates></LineString></Placemark>
<Placemark><name>3497884</name><styleUrl>#styleDaimonCIRCUITO238TRECHO</styleUrl><LineString><coordinates>-48.195230,-8.967323,0 -48.195779,-8.967080,0</coordinates></LineString></Placemark>
<Placemark><name>3497882</name><styleUrl>#styleDaimonCIRCUITO238TRECHO</styleUrl><LineString><coordinates>-48.195779,-8.967080,0 -48.196142,-8.966911,0</coordinates></LineString></Placemark>
<Placemark><name>12076407</name><styleUrl>#styleDaimonCIRCUITO238TRECHO</styleUrl><LineString><coordinates>-48.195230,-8.967323,0 -48.195236,-8.967308,0</coordinates></LineString></Placemark>
<Placemark><name>12026309</name><styleUrl>#styleDaimonCIRCUITO238TRECHO</styleUrl><LineString><coordinates>-48.195230,-8.967323,0 -48.195225,-8.967307,0</coordinates></LineString></Placemark>
<Placemark><name>2808340</name><styleUrl>#styleDaimonCIRCUITO238TRECHO</styleUrl><LineString><coordinates>-48.193112,-8.968079,0 -48.195230,-8.967323,0</coordinates></LineString></Placemark>
<Placemark><name>12076408</name><styleUrl>#styleDaimonCIRCUITO238TRECHO</styleUrl><LineString><coordinates>-48.196142,-8.966911,0 -48.196173,-8.966897,0</coordinates></LineString></Placemark>
<Placemark><name>2657036</name><styleUrl>#styleDaimonCIRCUITO238TRECHO</styleUrl><LineString><coordinates>-48.195236,-8.967308,0 -48.195262,-8.967248,0</coordinates></LineString></Placemark>
<Placemark><name>2658947</name><styleUrl>#styleDaimonCIRCUITO238TRECHO</styleUrl><LineString><coordinates>-48.195225,-8.967307,0 -48.195193,-8.967192,0</coordinates></LineString></Placemark>
<Placemark><name>12076298</name><styleUrl>#styleDaimonCIRCUITO238TRECHO</styleUrl><LineString><coordinates>-48.193112,-8.968079,0 -48.193118,-8.968096,0</coordinates></LineString></Placemark>
<Placemark><name>2808163</name><styleUrl>#styleDaimonCIRCUITO238TRECHO</styleUrl><LineString><coordinates>-48.191639,-8.968667,0 -48.193112,-8.968079,0</coordinates></LineString></Placemark>
<Placemark><name>2658944</name><styleUrl>#styleDaimonCIRCUITO238TRECHO</styleUrl><LineString><coordinates>-48.196173,-8.966897,0 -48.198375,-8.966088,0</coordinates></LineString></Placemark>
<Placemark><name>2803716</name><styleUrl>#styleDaimonCIRCUITO238TRECHO</styleUrl><LineString><coordinates>-48.193118,-8.968096,0 -48.193129,-8.968121,0</coordinates></LineString></Placemark>
<Placemark><name>12076644</name><styleUrl>#styleDaimonCIRCUITO238TRECHO</styleUrl><LineString><coordinates>-48.191607,-8.968680,0 -48.191639,-8.968667,0</coordinates></LineString></Placemark>
<Placemark><name>12076409</name><styleUrl>#styleDaimonCIRCUITO238TRECHO</styleUrl><LineString><coordinates>-48.198375,-8.966088,0 -48.198373,-8.966072,0</coordinates></LineString></Placemark>
<Placemark><name>2658952</name><styleUrl>#styleDaimonCIRCUITO238TRECHO</styleUrl><LineString><coordinates>-48.198375,-8.966088,0 -48.203479,-8.964143,0</coordinates></LineString></Placemark>
<Placemark><name>2808164</name><styleUrl>#styleDaimonCIRCUITO238TRECHO</styleUrl><LineString><coordinates>-48.190016,-8.969274,0 -48.191607,-8.968680,0</coordinates></LineString></Placemark>
<Placemark><name>2808134</name><styleUrl>#styleDaimonCIRCUITO238TRECHO</styleUrl><LineString><coordinates>-48.191607,-8.968680,0 -48.191639,-8.968708,0</coordinates></LineString></Placemark>
<Placemark><name>2658946</name><styleUrl>#styleDaimonCIRCUITO238TRECHO</styleUrl><LineString><coordinates>-48.198373,-8.966072,0 -48.198340,-8.965886,0</coordinates></LineString></Placemark>
<Placemark><name>12076410</name><styleUrl>#styleDaimonCIRCUITO238TRECHO</styleUrl><LineString><coordinates>-48.203479,-8.964143,0 -48.203511,-8.964131,0</coordinates></LineString></Placemark>
<Placemark><name>12076643</name><styleUrl>#styleDaimonCIRCUITO238TRECHO</styleUrl><LineString><coordinates>-48.190016,-8.969274,0 -48.190026,-8.969288,0</coordinates></LineString></Placemark>
<Placemark><name>2808165</name><styleUrl>#styleDaimonCIRCUITO238TRECHO</styleUrl><LineString><coordinates>-48.189114,-8.969627,0 -48.190016,-8.969274,0</coordinates></LineString></Placemark>
<Placemark><name>3106373</name><styleUrl>#styleDaimonCIRCUITO238TRECHO</styleUrl><LineString><coordinates>-48.203511,-8.964131,0 -48.222561,-8.956849,0</coordinates></LineString></Placemark>
<Placemark><name>2808133</name><styleUrl>#styleDaimonCIRCUITO238TRECHO</styleUrl><LineString><coordinates>-48.190026,-8.969288,0 -48.190041,-8.969313,0</coordinates></LineString></Placemark>
<Placemark><name>12076297</name><styleUrl>#styleDaimonCIRCUITO238TRECHO</styleUrl><LineString><coordinates>-48.189114,-8.969627,0 -48.189122,-8.969643,0</coordinates></LineString></Placemark>
<Placemark><name>2808630</name><styleUrl>#styleDaimonCIRCUITO238TRECHO</styleUrl><LineString><coordinates>-48.189028,-8.969658,0 -48.189114,-8.969627,0</coordinates></LineString></Placemark>
<Placemark><name>12076642</name><styleUrl>#styleDaimonCIRCUITO238TRECHO</styleUrl><LineString><coordinates>-48.222561,-8.956849,0 -48.222593,-8.956838,0</coordinates></LineString></Placemark>
<Placemark><name>2807502</name><styleUrl>#styleDaimonCIRCUITO238TRECHO</styleUrl><LineString><coordinates>-48.189122,-8.969643,0 -48.189135,-8.969668,0</coordinates></LineString></Placemark>
<Placemark><name>2808631</name><styleUrl>#styleDaimonCIRCUITO238TRECHO</styleUrl><LineString><coordinates>-48.187148,-8.970367,0 -48.189028,-8.969658,0</coordinates></LineString></Placemark>
<Placemark><name>2807669</name><styleUrl>#styleDaimonCIRCUITO238TRECHO</styleUrl><LineString><coordinates>-48.189028,-8.969658,0 -48.189007,-8.969603,0</coordinates></LineString></Placemark>
<Placemark><name>2808632</name><styleUrl>#styleDaimonCIRCUITO238TRECHO</styleUrl><LineString><coordinates>-48.189028,-8.969658,0 -48.189068,-8.969756,0</coordinates></LineString></Placemark>
<Placemark><name>3106812</name><styleUrl>#styleDaimonCIRCUITO238TRECHO</styleUrl><LineString><coordinates>-48.222593,-8.956838,0 -48.224275,-8.956231,0</coordinates></LineString></Placemark>
<Placemark><name>12076406</name><styleUrl>#styleDaimonCIRCUITO238TRECHO</styleUrl><LineString><coordinates>-48.187118,-8.970381,0 -48.187148,-8.970367,0</coordinates></LineString></Placemark>
<Placemark><name>2657035</name><styleUrl>#styleDaimonCIRCUITO238TRECHO</styleUrl><LineString><coordinates>-48.187148,-8.970367,0 -48.187152,-8.970407,0</coordinates></LineString></Placemark>
<Placemark><name>12121442</name><styleUrl>#styleDaimonCIRCUITO238TRECHO</styleUrl><LineString><coordinates>-48.224275,-8.956231,0 -48.224277,-8.956248,0</coordinates></LineString></Placemark>
<Placemark><name>2806190</name><styleUrl>#styleDaimonCIRCUITO238TRECHO</styleUrl><LineString><coordinates>-48.224275,-8.956231,0 -48.227664,-8.954950,0</coordinates></LineString></Placemark>
<Placemark><name>2807505</name><styleUrl>#styleDaimonCIRCUITO238TRECHO</styleUrl><LineString><coordinates>-48.186980,-8.970458,0 -48.187118,-8.970381,0</coordinates></LineString></Placemark>
<Placemark><name>2806192</name><styleUrl>#styleDaimonCIRCUITO238TRECHO</styleUrl><LineString><coordinates>-48.224277,-8.956248,0 -48.224305,-8.956479,0</coordinates></LineString></Placemark>
<Placemark><name>12024824</name><styleUrl>#styleDaimonCIRCUITO238TRECHO</styleUrl><LineString><coordinates>-48.227664,-8.954950,0 -48.227664,-8.954932,0</coordinates></LineString></Placemark>
<Placemark><name>2658675</name><styleUrl>#styleDaimonCIRCUITO238TRECHO</styleUrl><LineString><coordinates>-48.227664,-8.954950,0 -48.239093,-8.950630,0</coordinates></LineString></Placemark>
<Placemark><name>12076403</name><styleUrl>#styleDaimonCIRCUITO238TRECHO</styleUrl><LineString><coordinates>-48.186967,-8.970483,0 -48.186980,-8.970458,0</coordinates></LineString></Placemark>
<Placemark><name>36172763</name><styleUrl>#styleDaimonCIRCUITO238TRECHO</styleUrl><LineString><coordinates>-48.224305,-8.956479,0 -48.224281,-8.956488,0</coordinates></LineString></Placemark>
<Placemark><name>2658933</name><styleUrl>#styleDaimonCIRCUITO238TRECHO</styleUrl><LineString><coordinates>-48.227664,-8.954932,0 -48.227656,-8.954714,0</coordinates></LineString></Placemark>
<Placemark><name>12073834</name><styleUrl>#styleDaimonCIRCUITO238TRECHO</styleUrl><LineString><coordinates>-48.239093,-8.950630,0 -48.239126,-8.950618,0</coordinates></LineString></Placemark>
<Placemark><name>2806538</name><styleUrl>#styleDaimonCIRCUITO238TRECHO</styleUrl><LineString><coordinates>-48.187127,-8.971333,0 -48.186967,-8.970483,0</coordinates></LineString></Placemark>
<Placemark><name>2806545</name><styleUrl>#styleDaimonCIRCUITO238TRECHO</styleUrl><LineString><coordinates>-48.239126,-8.950618,0 -48.248605,-8.946981,0</coordinates></LineString></Placemark>
<Placemark><name>12073833</name><styleUrl>#styleDaimonCIRCUITO238TRECHO</styleUrl><LineString><coordinates>-48.248605,-8.946981,0 -48.248637,-8.946968,0</coordinates></LineString></Placemark>
<Placemark><name>12076401</name><styleUrl>#styleDaimonCIRCUITO238TRECHO</styleUrl><LineString><coordinates>-48.248637,-8.946968,0 -48.248606,-8.946964,0</coordinates></LineString></Placemark>
<Placemark><name>2806074</name><styleUrl>#styleDaimonCIRCUITO238TRECHO</styleUrl><LineString><coordinates>-48.248637,-8.946968,0 -48.252276,-8.945627,0</coordinates></LineString></Placemark>
<Placemark><name>2806077</name><styleUrl>#styleDaimonCIRCUITO238TRECHO</styleUrl><LineString><coordinates>-48.248606,-8.946964,0 -48.248538,-8.946921,0</coordinates></LineString></Placemark>
<Placemark><name>12155853</name><styleUrl>#styleDaimonCIRCUITO238TRECHO</styleUrl><LineString><coordinates>-48.252276,-8.945627,0 -48.252285,-8.945642,0</coordinates></LineString></Placemark>
<Placemark><name>2658366</name><styleUrl>#styleDaimonCIRCUITO238TRECHO</styleUrl><LineString><coordinates>-48.252276,-8.945627,0 -48.253052,-8.945323,0</coordinates></LineString></Placemark>
<Placemark><name>2658621</name><styleUrl>#styleDaimonCIRCUITO238TRECHO</styleUrl><LineString><coordinates>-48.252285,-8.945642,0 -48.252439,-8.945892,0</coordinates></LineString></Placemark>
<Placemark><name>3663577</name><styleUrl>#styleDaimonCIRCUITO238TRECHO</styleUrl><LineString><coordinates>-48.253052,-8.945323,0 -48.253042,-8.945342,0</coordinates></LineString></Placemark>
<Placemark><name>12073950</name><styleUrl>#styleDaimonCIRCUITO238TRECHO</styleUrl><LineString><coordinates>-48.254796,-8.944668,0 -48.254828,-8.944655,0</coordinates></LineString></Placemark>
<Placemark><name>2658364</name><styleUrl>#styleDaimonCIRCUITO238TRECHO</styleUrl><LineString><coordinates>-48.254828,-8.944655,0 -48.259913,-8.942709,0</coordinates></LineString></Placemark>
<Placemark><name>2658365</name><styleUrl>#styleDaimonCIRCUITO238TRECHO</styleUrl><LineString><coordinates>-48.253227,-8.945258,0 -48.254796,-8.944668,0</coordinates></LineString></Placemark>
<Placemark><name>2658106</name><styleUrl>#styleDaimonCIRCUITO238TRECHO</styleUrl><LineString><coordinates>-48.259913,-8.942709,0 -48.271176,-8.938457,0</coordinates></LineString></Placemark>
<Placemark><name>12073947</name><styleUrl>#styleDaimonCIRCUITO238TRECHO</styleUrl><LineString><coordinates>-48.271176,-8.938457,0 -48.271208,-8.938443,0</coordinates></LineString></Placemark>
<Placemark><name>2806349</name><styleUrl>#styleDaimonCIRCUITO238TRECHO</styleUrl><LineString><coordinates>-48.271208,-8.938443,0 -48.272947,-8.937784,0</coordinates></LineString></Placemark>
<Placemark><name>12073948</name><styleUrl>#styleDaimonCIRCUITO238TRECHO</styleUrl><LineString><coordinates>-48.272947,-8.937784,0 -48.272979,-8.937772,0</coordinates></LineString></Placemark>
<Placemark><name>2806344</name><styleUrl>#styleDaimonCIRCUITO238TRECHO</styleUrl><LineString><coordinates>-48.272979,-8.937772,0 -48.280069,-8.935096,0</coordinates></LineString></Placemark>
<Placemark><name>12073949</name><styleUrl>#styleDaimonCIRCUITO238TRECHO</styleUrl><LineString><coordinates>-48.280069,-8.935096,0 -48.280101,-8.935083,0</coordinates></LineString></Placemark>
<Placemark><name>2660922</name><styleUrl>#styleDaimonCIRCUITO238TRECHO</styleUrl><LineString><coordinates>-48.280101,-8.935083,0 -48.293620,-8.929982,0</coordinates></LineString></Placemark>
<Placemark><name>3663576</name><styleUrl>#styleDaimonCIRCUITO238TRECHO</styleUrl><LineString><coordinates>-48.293620,-8.929982,0 -48.293637,-8.929950,0</coordinates></LineString></Placemark>
<Placemark><name>12121445</name><styleUrl>#styleDaimonCIRCUITO238TRECHO</styleUrl><LineString><coordinates>-48.223380,-8.965159,0 -48.223375,-8.965194,0</coordinates></LineString></Placemark>
<Placemark><name>2806181</name><styleUrl>#styleDaimonCIRCUITO238TRECHO</styleUrl><LineString><coordinates>-48.223375,-8.965194,0 -48.222851,-8.970468,0</coordinates></LineString></Placemark>
<Placemark><name>2806071</name><styleUrl>#styleDaimonCIRCUITO238TRECHO</styleUrl><LineString><coordinates>-48.223469,-8.964475,0 -48.223380,-8.965159,0</coordinates></LineString></Placemark>
<Placemark><name>12121444</name><styleUrl>#styleDaimonCIRCUITO238TRECHO</styleUrl><LineString><coordinates>-48.222851,-8.970468,0 -48.222842,-8.970501,0</coordinates></LineString></Placemark>
<Placemark><name>2806070</name><styleUrl>#styleDaimonCIRCUITO238TRECHO</styleUrl><LineString><coordinates>-48.223599,-8.963124,0 -48.223469,-8.964475,0</coordinates></LineString></Placemark>
<Placemark><name>2806188</name><styleUrl>#styleDaimonCIRCUITO238TRECHO</styleUrl><LineString><coordinates>-48.222842,-8.970501,0 -48.220129,-8.974301,0</coordinates></LineString></Placemark>
<Placemark><name>12121443</name><styleUrl>#styleDaimonCIRCUITO238TRECHO</styleUrl><LineString><coordinates>-48.223603,-8.963090,0 -48.223599,-8.963124,0</coordinates></LineString></Placemark>
<Placemark><name>2662477</name><styleUrl>#styleDaimonCIRCUITO238TRECHO</styleUrl><LineString><coordinates>-48.220129,-8.974301,0 -48.219652,-8.974854,0</coordinates></LineString></Placemark>
<Placemark><name>2806064</name><styleUrl>#styleDaimonCIRCUITO238TRECHO</styleUrl><LineString><coordinates>-48.224299,-8.956522,0 -48.223603,-8.963090,0</coordinates></LineString></Placemark>
<Placemark><name>12120931</name><styleUrl>#styleDaimonCIRCUITO238TRECHO</styleUrl><LineString><coordinates>-48.219652,-8.974854,0 -48.219643,-8.974884,0</coordinates></LineString></Placemark>
<Placemark><name>36172760</name><styleUrl>#styleDaimonCIRCUITO238TRECHO</styleUrl><LineString><coordinates>-48.224299,-8.956522,0 -48.224278,-8.956489,0</coordinates></LineString></Placemark>
<Placemark><name>36172767</name><styleUrl>#styleDaimonCIRCUITO238TRECHO</styleUrl><LineString><coordinates>-48.224305,-8.956484,0 -48.224299,-8.956522,0</coordinates></LineString></Placemark>
<Placemark><name>3108119</name><styleUrl>#styleDaimonCIRCUITO238TRECHO</styleUrl><LineString><coordinates>-48.219643,-8.974884,0 -48.220051,-8.977315,0</coordinates></LineString></Placemark>
<Placemark><name>12120930</name><styleUrl>#styleDaimonCIRCUITO238TRECHO</styleUrl><LineString><coordinates>-48.220051,-8.977315,0 -48.220033,-8.977319,0</coordinates></LineString></Placemark>
<Placemark><name>3108116</name><styleUrl>#styleDaimonCIRCUITO238TRECHO</styleUrl><LineString><coordinates>-48.220051,-8.977315,0 -48.220104,-8.977823,0</coordinates></LineString></Placemark>
<Placemark><name>3108115</name><styleUrl>#styleDaimonCIRCUITO238TRECHO</styleUrl><LineString><coordinates>-48.220033,-8.977319,0 -48.211107,-8.979535,0</coordinates></LineString></Placemark>
<Placemark><name>12120929</name><styleUrl>#styleDaimonCIRCUITO238TRECHO</styleUrl><LineString><coordinates>-48.211107,-8.979535,0 -48.211095,-8.979559,0</coordinates></LineString></Placemark>
<Placemark><name>60331448</name><styleUrl>#styleDaimonCIRCUITO238TRECHO</styleUrl><LineString><coordinates>-48.211095,-8.979559,0 -48.211273,-8.980437,0</coordinates></LineString></Placemark>
<Placemark><name>3097237</name><styleUrl>#styleDaimonCIRCUITO238TRECHO</styleUrl><LineString><coordinates>-48.211273,-8.980437,0 -48.211287,-8.980508,0</coordinates></LineString></Placemark>
<Placemark><name>12120928</name><styleUrl>#styleDaimonCIRCUITO238TRECHO</styleUrl><LineString><coordinates>-48.211287,-8.980508,0 -48.211295,-8.980541,0</coordinates></LineString></Placemark>
<Placemark><name>60331442</name><styleUrl>#styleDaimonCIRCUITO238TRECHO</styleUrl><LineString><coordinates>-48.211295,-8.980541,0 -48.211847,-8.982551,0</coordinates></LineString></Placemark>
<Placemark><name>3100197</name><styleUrl>#styleDaimonCIRCUITO238TRECHO</styleUrl><LineString><coordinates>-48.293622,-8.929984,0 -48.293646,-8.929994,0</coordinates></LineString></Placemark>
<Placemark><name>3663180</name><styleUrl>#styleDaimonCIRCUITO238TRECHO</styleUrl><LineString><coordinates>-48.293646,-8.929994,0 -48.293671,-8.929994,0</coordinates></LineString></Placemark>
<Placemark><name>3663178</name><styleUrl>#styleDaimonCIRCUITO238TRECHO</styleUrl><LineString><coordinates>-48.293671,-8.929990,0 -48.293664,-8.929958,0</coordinates></LineString></Placemark>
<Placemark><name>3106069</name><styleUrl>#styleDaimonCIRCUITO238TRECHO</styleUrl><LineString><coordinates>-48.293664,-8.929958,0 -48.294474,-8.929648,0</coordinates></LineString></Placemark>
<Placemark><name>3100198</name><styleUrl>#styleDaimonCIRCUITO238TRECHO</styleUrl><LineString><coordinates>-48.293664,-8.929958,0 -48.293639,-8.929946,0</coordinates></LineString></Placemark>
<Placemark><name>3663567</name><styleUrl>#styleDaimonCIRCUITO238TRECHO</styleUrl><LineString><coordinates>-48.294845,-8.929513,0 -48.294890,-8.929530,0</coordinates></LineString></Placemark>
<Placemark><name>3575711</name><styleUrl>#styleDaimonCIRCUITO238TRECHO</styleUrl><LineString><coordinates>-48.294401,-8.929676,0 -48.294845,-8.929513,0</coordinates></LineString></Placemark>
<Placemark><name>3663183</name><styleUrl>#styleDaimonCIRCUITO238TRECHO</styleUrl><LineString><coordinates>-48.294847,-8.929512,0 -48.294881,-8.929482,0</coordinates></LineString></Placemark>
<Placemark><name>Suporte Chave DJ_AL01065015_FICT</name><styleUrl>#styleDaimonCIRCUITO238TRECHO</styleUrl><LineString><coordinates>-48.175458,-8.978758,0 -48.175279,-8.978838,0</coordinates></LineString></Placemark>
<Placemark><name>Suporte Chave 8801168015</name><styleUrl>#styleDaimonCIRCUITO238TRECHO</styleUrl><LineString><coordinates>-48.174935,-8.978747,0 -48.174937,-8.978748,0</coordinates></LineString></Placemark>
<Placemark><name>Suporte Chave 8800026015</name><styleUrl>#styleDaimonCIRCUITO238TRECHO</styleUrl><LineString><coordinates>-48.174549,-8.978735,0 -48.174543,-8.978749,0</coordinates></LineString></Placemark>
<Placemark><name>Suporte Chave 8801179015</name><styleUrl>#styleDaimonCIRCUITO238TRECHO</styleUrl><LineString><coordinates>-48.173835,-8.981931,0 -48.173818,-8.981975,0</coordinates></LineString></Placemark>
<Placemark><name>Suporte Chave 8800030015</name><styleUrl>#styleDaimonCIRCUITO238TRECHO</styleUrl><LineString><coordinates>-48.173062,-8.981664,0 -48.173031,-8.981653,0</coordinates></LineString></Placemark>
<Placemark><name>Suporte Chave 8821002015</name><styleUrl>#styleDaimonCIRCUITO238TRECHO</styleUrl><LineString><coordinates>-48.170920,-8.981075,0 -48.170880,-8.981070,0</coordinates></LineString></Placemark>
<Placemark><name>Suporte Chave 7931913015</name><styleUrl>#styleDaimonCIRCUITO238TRECHO</styleUrl><LineString><coordinates>-48.172171,-8.986231,0 -48.172171,-8.986234,0</coordinates></LineString></Placemark>
<Placemark><name>Suporte Chave 7931243015</name><styleUrl>#styleDaimonCIRCUITO238TRECHO</styleUrl><LineString><coordinates>-48.170297,-8.980970,0 -48.170296,-8.980970,0</coordinates></LineString></Placemark>
<Placemark><name>Suporte Chave 8837604015</name><styleUrl>#styleDaimonCIRCUITO238TRECHO</styleUrl><LineString><coordinates>-48.175919,-8.994034,0 -48.175923,-8.994036,0</coordinates></LineString></Placemark>
<Placemark><name>Suporte Chave 8837605011</name><styleUrl>#styleDaimonCIRCUITO238TRECHO</styleUrl><LineString><coordinates>-48.185393,-8.992159,0 -48.185430,-8.992152,0</coordinates></LineString></Placemark>
<Placemark><name>Suporte Chave 8838757015</name><styleUrl>#styleDaimonCIRCUITO238TRECHO</styleUrl><LineString><coordinates>-48.168294,-8.980399,0 -48.168297,-8.980378,0</coordinates></LineString></Placemark>
<Placemark><name>Suporte Chave 7954971011</name><styleUrl>#styleDaimonCIRCUITO238TRECHO</styleUrl><LineString><coordinates>-48.188074,-8.989928,0 -48.188066,-8.989894,0</coordinates></LineString></Placemark>
<Placemark><name>Suporte Chave 8837603011</name><styleUrl>#styleDaimonCIRCUITO238TRECHO</styleUrl><LineString><coordinates>-48.186764,-8.983965,0 -48.186774,-8.983910,0</coordinates></LineString></Placemark>
<Placemark><name>Suporte Chave 8800094011</name><styleUrl>#styleDaimonCIRCUITO238TRECHO</styleUrl><LineString><coordinates>-48.187976,-8.975617,0 -48.187975,-8.975610,0</coordinates></LineString></Placemark>
<Placemark><name>Suporte Chave 8800128011</name><styleUrl>#styleDaimonCIRCUITO238TRECHO</styleUrl><LineString><coordinates>-48.187220,-8.971800,0 -48.187212,-8.971757,0</coordinates></LineString></Placemark>
<Placemark><name>Suporte Chave 8843238011</name><styleUrl>#styleDaimonCIRCUITO238TRECHO</styleUrl><LineString><coordinates>-48.187290,-8.973062,0 -48.187252,-8.973070,0</coordinates></LineString></Placemark>
<Placemark><name>Suporte Chave 7952358011</name><styleUrl>#styleDaimonCIRCUITO238TRECHO</styleUrl><LineString><coordinates>-48.187133,-8.971366,0 -48.187127,-8.971333,0</coordinates></LineString></Placemark>
<Placemark><name>Suporte Chave 8800214011</name><styleUrl>#styleDaimonCIRCUITO238TRECHO</styleUrl><LineString><coordinates>-48.253052,-8.945323,0 -48.253227,-8.945258,0</coordinates></LineString></Placemark>
<Placemark><name>Suporte Chave 4100117011</name><styleUrl>#styleDaimonCIRCUITO238TRECHO</styleUrl><LineString><coordinates>-48.224305,-8.956479,0 -48.224305,-8.956484,0</coordinates></LineString></Placemark>
<Placemark><name>Suporte Chave 8800108011</name><styleUrl>#styleDaimonCIRCUITO238TRECHO</styleUrl><LineString><coordinates>-48.294474,-8.929648,0 -48.294401,-8.929676,0</coordinates></LineString></Placemark>
<Placemark><name>Suporte Chave 8031913015</name><styleUrl>#styleDaimonCIRCUITO238TRECHO</styleUrl><LineString><coordinates>-48.172215,-8.986258,0 -48.172212,-8.986261,0</coordinates></LineString></Placemark>
<Placemark><name>Suporte Chave 8000859011</name><styleUrl>#styleDaimonCIRCUITO238TRECHO</styleUrl><LineString><coordinates>-48.293639,-8.929946,0 -48.293637,-8.929950,0</coordinates></LineString></Placemark>
<Placemark><name>Suporte Chave 8031243015</name><styleUrl>#styleDaimonCIRCUITO238TRECHO</styleUrl><LineString><coordinates>-48.170265,-8.981009,0 -48.170263,-8.981006,0</coordinates></LineString></Placemark>
</Folder></Folder>
<Folder><name>Circ_AL02065015</name>
<Folder><name>Chave</name>
<Placemark><name>DJ_AL02065015_FICT</name><styleUrl>#mapDaimonCorBranco</styleUrl><Point><coordinates>-48.175375,-8.978770,0</coordinates></Point></Placemark>
<Placemark><name>8825887015</name><styleUrl>#mapDaimonCorAzul</styleUrl><Point><coordinates>-48.174984,-8.978690,0</coordinates></Point></Placemark>
<Placemark><name>8800001015</name><styleUrl>#mapDaimonCorAzul</styleUrl><Point><coordinates>-48.175241,-8.978221,0</coordinates></Point></Placemark>
<Placemark><name>8801133015</name><styleUrl>#mapDaimonCorAzul</styleUrl><Point><coordinates>-48.176285,-8.973193,0</coordinates></Point></Placemark>
<Placemark><name>8800002015</name><styleUrl>#mapDaimonCorAzul</styleUrl><Point><coordinates>-48.176546,-8.973897,0</coordinates></Point></Placemark>
<Placemark><name>8800007015</name><styleUrl>#mapDaimonCorAzul</styleUrl><Point><coordinates>-48.176038,-8.972097,0</coordinates></Point></Placemark>
<Placemark><name>8800004015</name><styleUrl>#mapDaimonCorAzul</styleUrl><Point><coordinates>-48.176195,-8.971938,0</coordinates></Point></Placemark>
<Placemark><name>8800009015</name><styleUrl>#mapDaimonCorAzul</styleUrl><Point><coordinates>-48.173246,-8.971930,0</coordinates></Point></Placemark>
<Placemark><name>8800015015</name><styleUrl>#mapDaimonCorAzul</styleUrl><Point><coordinates>-48.173284,-8.972295,0</coordinates></Point></Placemark>
<Placemark><name>7957620015</name><styleUrl>#mapDaimonCorVerde</styleUrl><Point><coordinates>-48.173222,-8.971670,0</coordinates></Point></Placemark>
<Placemark><name>8852282015</name><styleUrl>#mapDaimonCorAzul</styleUrl><Point><coordinates>-48.173494,-8.973021,0</coordinates></Point></Placemark>
<Placemark><name>8800011015</name><styleUrl>#mapDaimonCorAzul</styleUrl><Point><coordinates>-48.171125,-8.971243,0</coordinates></Point></Placemark>
<Placemark><name>8801130015</name><styleUrl>#mapDaimonCorAzul</styleUrl><Point><coordinates>-48.169703,-8.974819,0</coordinates></Point></Placemark>
<Placemark><name>8800253018</name><styleUrl>#mapDaimonCorAzul</styleUrl><Point><coordinates>-48.163456,-8.966469,0</coordinates></Point></Placemark>
<Placemark><name>7931906018</name><styleUrl>#mapDaimonCorVerde</styleUrl><Point><coordinates>-48.162956,-8.966693,0</coordinates></Point></Placemark>
<Placemark><name>884529918</name><styleUrl>#mapDaimonCorAzul</styleUrl><Point><coordinates>-48.162270,-8.959181,0</coordinates></Point></Placemark>
<Placemark><name>4010020018</name><styleUrl>#mapDaimonCorBranco</styleUrl><Point><coordinates>-48.166514,-8.936315,0</coordinates></Point></Placemark>
<Placemark><name>8800382018</name><styleUrl>#mapDaimonCorAzul</styleUrl><Point><coordinates>-48.155719,-8.878223,0</coordinates></Point></Placemark>
<Placemark><name>8031906018</name><styleUrl>#mapDaimonCorBranco</styleUrl><Point><coordinates>-48.162931,-8.966657,0</coordinates></Point></Placemark>
<Placemark><name>8800073015</name><styleUrl>#mapDaimonCorAzul</styleUrl><Point><coordinates>-48.173425,-8.972498,0</coordinates></Point></Placemark>
</Folder><Folder><name>Trecho</name>
<Placemark><name>12078867</name><styleUrl>#styleDaimonCIRCUITO239TRECHO</styleUrl><LineString><coordinates>-48.175117,-8.978746,0 -48.175084,-8.978736,0</coordinates></LineString></Placemark>
<Placemark><name>71891747</name><styleUrl>#styleDaimonCIRCUITO239TRECHO</styleUrl><LineString><coordinates>-48.175084,-8.978736,0 -48.174977,-8.978701,0</coordinates></LineString></Placemark>
<Placemark><name>3664551</name><styleUrl>#styleDaimonCIRCUITO239TRECHO</styleUrl><LineString><coordinates>-48.175084,-8.978736,0 -48.175093,-8.978746,0</coordinates></LineString></Placemark>
<Placemark><name>71891738</name><styleUrl>#styleDaimonCIRCUITO239TRECHO</styleUrl><LineString><coordinates>-48.175293,-8.978782,0 -48.175117,-8.978746,0</coordinates></LineString></Placemark>
<Placemark><name>71891770</name><styleUrl>#styleDaimonCIRCUITO239TRECHO</styleUrl><LineString><coordinates>-48.175109,-8.978461,0 -48.175232,-8.978237,0</coordinates></LineString></Placemark>
<Placemark><name>71891754</name><styleUrl>#styleDaimonCIRCUITO239TRECHO</styleUrl><LineString><coordinates>-48.174991,-8.978678,0 -48.175109,-8.978461,0</coordinates></LineString></Placemark>
<Placemark><name>71891938</name><styleUrl>#styleDaimonCIRCUITO239TRECHO</styleUrl><LineString><coordinates>-48.176437,-8.975088,0 -48.176334,-8.973904,0</coordinates></LineString></Placemark>
<Placemark><name>71891976</name><styleUrl>#styleDaimonCIRCUITO239TRECHO</styleUrl><LineString><coordinates>-48.176334,-8.973904,0 -48.176286,-8.973206,0</coordinates></LineString></Placemark>
<Placemark><name>3535917</name><styleUrl>#styleDaimonCIRCUITO239TRECHO</styleUrl><LineString><coordinates>-48.176334,-8.973904,0 -48.176530,-8.973898,0</coordinates></LineString></Placemark>
<Placemark><name>3535918</name><styleUrl>#styleDaimonCIRCUITO239TRECHO</styleUrl><LineString><coordinates>-48.176334,-8.973904,0 -48.176110,-8.973910,0</coordinates></LineString></Placemark>
<Placemark><name>71891904</name><styleUrl>#styleDaimonCIRCUITO239TRECHO</styleUrl><LineString><coordinates>-48.176499,-8.976045,0 -48.176437,-8.975088,0</coordinates></LineString></Placemark>
<Placemark><name>12075614</name><styleUrl>#styleDaimonCIRCUITO239TRECHO</styleUrl><LineString><coordinates>-48.176492,-8.976059,0 -48.176499,-8.976045,0</coordinates></LineString></Placemark>
<Placemark><name>71891883</name><styleUrl>#styleDaimonCIRCUITO239TRECHO</styleUrl><LineString><coordinates>-48.176499,-8.976045,0 -48.176525,-8.976373,0</coordinates></LineString></Placemark>
<Placemark><name>71891800</name><styleUrl>#styleDaimonCIRCUITO239TRECHO</styleUrl><LineString><coordinates>-48.175827,-8.977199,0 -48.176492,-8.976059,0</coordinates></LineString></Placemark>
<Placemark><name>3212050</name><styleUrl>#styleDaimonCIRCUITO239TRECHO</styleUrl><LineString><coordinates>-48.176525,-8.976373,0 -48.176550,-8.976691,0</coordinates></LineString></Placemark>
<Placemark><name>71891814</name><styleUrl>#styleDaimonCIRCUITO239TRECHO</styleUrl><LineString><coordinates>-48.175250,-8.978206,0 -48.175827,-8.977199,0</coordinates></LineString></Placemark>
<Placemark><name>3188461</name><styleUrl>#styleDaimonCIRCUITO239TRECHO</styleUrl><LineString><coordinates>-48.176550,-8.976691,0 -48.176578,-8.976941,0</coordinates></LineString></Placemark>
<Placemark><name>2526930</name><styleUrl>#styleDaimonCIRCUITO239TRECHO</styleUrl><LineString><coordinates>-48.176262,-8.972897,0 -48.176061,-8.972898,0</coordinates></LineString></Placemark>
<Placemark><name>71892030</name><styleUrl>#styleDaimonCIRCUITO239TRECHO</styleUrl><LineString><coordinates>-48.176284,-8.973181,0 -48.176262,-8.972897,0</coordinates></LineString></Placemark>
<Placemark><name>2526931</name><styleUrl>#styleDaimonCIRCUITO239TRECHO</styleUrl><LineString><coordinates>-48.176262,-8.972897,0 -48.177014,-8.972808,0</coordinates></LineString></Placemark>
<Placemark><name>71892051</name><styleUrl>#styleDaimonCIRCUITO239TRECHO</styleUrl><LineString><coordinates>-48.176262,-8.972897,0 -48.176205,-8.972089,0</coordinates></LineString></Placemark>
<Placemark><name>2526934</name><styleUrl>#styleDaimonCIRCUITO239TRECHO</styleUrl><LineString><coordinates>-48.177014,-8.972808,0 -48.177310,-8.972783,0</coordinates></LineString></Placemark>
<Placemark><name>71892130</name><styleUrl>#styleDaimonCIRCUITO239TRECHO</styleUrl><LineString><coordinates>-48.176205,-8.972089,0 -48.176053,-8.972096,0</coordinates></LineString></Placemark>
<Placemark><name>71892081</name><styleUrl>#styleDaimonCIRCUITO239TRECHO</styleUrl><LineString><coordinates>-48.176205,-8.972089,0 -48.176196,-8.971958,0</coordinates></LineString></Placemark>
<Placemark><name>71892091</name><styleUrl>#styleDaimonCIRCUITO239TRECHO</styleUrl><LineString><coordinates>-48.176205,-8.972089,0 -48.176439,-8.972080,0</coordinates></LineString></Placemark>
<Placemark><name>71892100</name><styleUrl>#styleDaimonCIRCUITO239TRECHO</styleUrl><LineString><coordinates>-48.176439,-8.972080,0 -48.176736,-8.972067,0</coordinates></LineString></Placemark>
<Placemark><name>36332377</name><styleUrl>#styleDaimonCIRCUITO239TRECHO</styleUrl><LineString><coordinates>-48.176736,-8.972067,0 -48.176762,-8.972066,0</coordinates></LineString></Placemark>
<Placemark><name>36332340</name><styleUrl>#styleDaimonCIRCUITO239TRECHO</styleUrl><LineString><coordinates>-48.176762,-8.972066,0 -48.176782,-8.972063,0</coordinates></LineString></Placemark>
<Placemark><name>36332329</name><styleUrl>#styleDaimonCIRCUITO239TRECHO</styleUrl><LineString><coordinates>-48.176782,-8.972063,0 -48.177059,-8.972030,0</coordinates></LineString></Placemark>
<Placemark><name>36332360</name><styleUrl>#styleDaimonCIRCUITO239TRECHO</styleUrl><LineString><coordinates>-48.176782,-8.972063,0 -48.176769,-8.971886,0</coordinates></LineString></Placemark>
<Placemark><name>36332351</name><styleUrl>#styleDaimonCIRCUITO239TRECHO</styleUrl><LineString><coordinates>-48.176782,-8.972063,0 -48.176804,-8.972335,0</coordinates></LineString></Placemark>
<Placemark><name>36332305</name><styleUrl>#styleDaimonCIRCUITO239TRECHO</styleUrl><LineString><coordinates>-48.176804,-8.972335,0 -48.176819,-8.972497,0</coordinates></LineString></Placemark>
<Placemark><name>3535914</name><styleUrl>#styleDaimonCIRCUITO239TRECHO</styleUrl><LineString><coordinates>-48.176928,-8.973882,0 -48.177092,-8.973877,0</coordinates></LineString></Placemark>
<Placemark><name>3535912</name><styleUrl>#styleDaimonCIRCUITO239TRECHO</styleUrl><LineString><coordinates>-48.176928,-8.973882,0 -48.176919,-8.973756,0</coordinates></LineString></Placemark>
<Placemark><name>3535913</name><styleUrl>#styleDaimonCIRCUITO239TRECHO</styleUrl><LineString><coordinates>-48.176561,-8.973897,0 -48.176928,-8.973882,0</coordinates></LineString></Placemark>
<Placemark><name>3535911</name><styleUrl>#styleDaimonCIRCUITO239TRECHO</styleUrl><LineString><coordinates>-48.176928,-8.973882,0 -48.176942,-8.974029,0</coordinates></LineString></Placemark>
<Placemark><name>2535867</name><styleUrl>#styleDaimonCIRCUITO239TRECHO</styleUrl><LineString><coordinates>-48.173276,-8.972217,0 -48.173247,-8.971943,0</coordinates></LineString></Placemark>
<Placemark><name>71892247</name><styleUrl>#styleDaimonCIRCUITO239TRECHO</styleUrl><LineString><coordinates>-48.173276,-8.972217,0 -48.173080,-8.972227,0</coordinates></LineString></Placemark>
<Placemark><name>2535868</name><styleUrl>#styleDaimonCIRCUITO239TRECHO</styleUrl><LineString><coordinates>-48.173276,-8.972217,0 -48.173282,-8.972282,0</coordinates></LineString></Placemark>
<Placemark><name>71892183</name><styleUrl>#styleDaimonCIRCUITO239TRECHO</styleUrl><LineString><coordinates>-48.174677,-8.972149,0 -48.173276,-8.972217,0</coordinates></LineString></Placemark>
<Placemark><name>71892151</name><styleUrl>#styleDaimonCIRCUITO239TRECHO</styleUrl><LineString><coordinates>-48.176024,-8.972098,0 -48.174677,-8.972149,0</coordinates></LineString></Placemark>
<Placemark><name>3536464</name><styleUrl>#styleDaimonCIRCUITO239TRECHO</styleUrl><LineString><coordinates>-48.174911,-8.970055,0 -48.174923,-8.970195,0</coordinates></LineString></Placemark>
<Placemark><name>3536463</name><styleUrl>#styleDaimonCIRCUITO239TRECHO</styleUrl><LineString><coordinates>-48.174911,-8.970055,0 -48.174777,-8.968632,0</coordinates></LineString></Placemark>
<Placemark><name>3535921</name><styleUrl>#styleDaimonCIRCUITO239TRECHO</styleUrl><LineString><coordinates>-48.176061,-8.969907,0 -48.174911,-8.970055,0</coordinates></LineString></Placemark>
<Placemark><name>3536462</name><styleUrl>#styleDaimonCIRCUITO239TRECHO</styleUrl><LineString><coordinates>-48.174911,-8.970055,0 -48.174602,-8.970094,0</coordinates></LineString></Placemark>
<Placemark><name>3089679</name><styleUrl>#styleDaimonCIRCUITO239TRECHO</styleUrl><LineString><coordinates>-48.174777,-8.968632,0 -48.174749,-8.968335,0</coordinates></LineString></Placemark>
<Placemark><name>3535922</name><styleUrl>#styleDaimonCIRCUITO239TRECHO</styleUrl><LineString><coordinates>-48.176061,-8.969907,0 -48.176116,-8.969900,0</coordinates></LineString></Placemark>
<Placemark><name>3082338</name><styleUrl>#styleDaimonCIRCUITO239TRECHO</styleUrl><LineString><coordinates>-48.176061,-8.969907,0 -48.176013,-8.969064,0</coordinates></LineString></Placemark>
<Placemark><name>3162437</name><styleUrl>#styleDaimonCIRCUITO239TRECHO</styleUrl><LineString><coordinates>-48.176169,-8.971550,0 -48.176061,-8.969907,0</coordinates></LineString></Placemark>
<Placemark><name>3618707</name><styleUrl>#styleDaimonCIRCUITO239TRECHO</styleUrl><LineString><coordinates>-48.174602,-8.970094,0 -48.174288,-8.970134,0</coordinates></LineString></Placemark>
<Placemark><name>12074091</name><styleUrl>#styleDaimonCIRCUITO239TRECHO</styleUrl><LineString><coordinates>-48.176013,-8.969064,0 -48.176011,-8.969030,0</coordinates></LineString></Placemark>
<Placemark><name>3190364</name><styleUrl>#styleDaimonCIRCUITO239TRECHO</styleUrl><LineString><coordinates>-48.176194,-8.971918,0 -48.176169,-8.971550,0</coordinates></LineString></Placemark>
<Placemark><name>3618503</name><styleUrl>#styleDaimonCIRCUITO239TRECHO</styleUrl><LineString><coordinates>-48.174288,-8.970134,0 -48.173961,-8.970176,0</coordinates></LineString></Placemark>
<Placemark><name>3089930</name><styleUrl>#styleDaimonCIRCUITO239TRECHO</styleUrl><LineString><coordinates>-48.176011,-8.969030,0 -48.175996,-8.968761,0</coordinates></LineString></Placemark>
<Placemark><name>3186622</name><styleUrl>#styleDaimonCIRCUITO239TRECHO</styleUrl><LineString><coordinates>-48.175996,-8.968761,0 -48.175978,-8.968460,0</coordinates></LineString></Placemark>
<Placemark><name>31947468</name><styleUrl>#styleDaimonCIRCUITO239TRECHO</styleUrl><LineString><coordinates>-48.175978,-8.968460,0 -48.175975,-8.968435,0</coordinates></LineString></Placemark>
<Placemark><name>31947436</name><styleUrl>#styleDaimonCIRCUITO239TRECHO</styleUrl><LineString><coordinates>-48.175975,-8.968435,0 -48.175959,-8.968091,0</coordinates></LineString></Placemark>
<Placemark><name>3163032</name><styleUrl>#styleDaimonCIRCUITO239TRECHO</styleUrl><LineString><coordinates>-48.173245,-8.971918,0 -48.173223,-8.971688,0</coordinates></LineString></Placemark>
<Placemark><name>3187607</name><styleUrl>#styleDaimonCIRCUITO239TRECHO</styleUrl><LineString><coordinates>-48.173408,-8.973612,0 -48.173451,-8.974052,0</coordinates></LineString></Placemark>
<Placemark><name>3536458</name><styleUrl>#styleDaimonCIRCUITO239TRECHO</styleUrl><LineString><coordinates>-48.173408,-8.973612,0 -48.173239,-8.973616,0</coordinates></LineString></Placemark>
<Placemark><name>3536460</name><styleUrl>#styleDaimonCIRCUITO239TRECHO</styleUrl><LineString><coordinates>-48.173352,-8.973024,0 -48.173408,-8.973612,0</coordinates></LineString></Placemark>
<Placemark><name>3536459</name><styleUrl>#styleDaimonCIRCUITO239TRECHO</styleUrl><LineString><coordinates>-48.173408,-8.973612,0 -48.173867,-8.973606,0</coordinates></LineString></Placemark>
<Placemark><name>3207505</name><styleUrl>#styleDaimonCIRCUITO239TRECHO</styleUrl><LineString><coordinates>-48.173451,-8.974052,0 -48.173522,-8.974796,0</coordinates></LineString></Placemark>
<Placemark><name>42081461</name><styleUrl>#styleDaimonCIRCUITO239TRECHO</styleUrl><LineString><coordinates>-48.173352,-8.973024,0 -48.173166,-8.973027,0</coordinates></LineString></Placemark>
<Placemark><name>42081319</name><styleUrl>#styleDaimonCIRCUITO239TRECHO</styleUrl><LineString><coordinates>-48.173352,-8.973024,0 -48.173479,-8.973022,0</coordinates></LineString></Placemark>
<Placemark><name>3163035</name><styleUrl>#styleDaimonCIRCUITO239TRECHO</styleUrl><LineString><coordinates>-48.173306,-8.972544,0 -48.173352,-8.973024,0</coordinates></LineString></Placemark>
<Placemark><name>2535860</name><styleUrl>#styleDaimonCIRCUITO239TRECHO</styleUrl><LineString><coordinates>-48.173522,-8.974796,0 -48.173375,-8.974770,0</coordinates></LineString></Placemark>
<Placemark><name>2535858</name><styleUrl>#styleDaimonCIRCUITO239TRECHO</styleUrl><LineString><coordinates>-48.173522,-8.974796,0 -48.173573,-8.975313,0</coordinates></LineString></Placemark>
<Placemark><name>2535859</name><styleUrl>#styleDaimonCIRCUITO239TRECHO</styleUrl><LineString><coordinates>-48.173522,-8.974796,0 -48.174030,-8.974804,0</coordinates></LineString></Placemark>
<Placemark><name>3163033</name><styleUrl>#styleDaimonCIRCUITO239TRECHO</styleUrl><LineString><coordinates>-48.173285,-8.972308,0 -48.173306,-8.972544,0</coordinates></LineString></Placemark>
<Placemark><name>2527086</name><styleUrl>#styleDaimonCIRCUITO239TRECHO</styleUrl><LineString><coordinates>-48.173166,-8.971088,0 -48.173305,-8.971076,0</coordinates></LineString></Placemark>
<Placemark><name>2527084</name><styleUrl>#styleDaimonCIRCUITO239TRECHO</styleUrl><LineString><coordinates>-48.173166,-8.971088,0 -48.173160,-8.971019,0</coordinates></LineString></Placemark>
<Placemark><name>2527083</name><styleUrl>#styleDaimonCIRCUITO239TRECHO</styleUrl><LineString><coordinates>-48.173220,-8.971653,0 -48.173166,-8.971088,0</coordinates></LineString></Placemark>
<Placemark><name>2527085</name><styleUrl>#styleDaimonCIRCUITO239TRECHO</styleUrl><LineString><coordinates>-48.173166,-8.971088,0 -48.171139,-8.971260,0</coordinates></LineString></Placemark>
<Placemark><name>42081304</name><styleUrl>#styleDaimonCIRCUITO239TRECHO</styleUrl><LineString><coordinates>-48.174270,-8.972952,0 -48.174625,-8.972922,0</coordinates></LineString></Placemark>
<Placemark><name>42081321</name><styleUrl>#styleDaimonCIRCUITO239TRECHO</styleUrl><LineString><coordinates>-48.173508,-8.973020,0 -48.174270,-8.972952,0</coordinates></LineString></Placemark>
<Placemark><name>12076282</name><styleUrl>#styleDaimonCIRCUITO239TRECHO</styleUrl><LineString><coordinates>-48.167871,-8.967757,0 -48.167892,-8.967724,0</coordinates></LineString></Placemark>
<Placemark><name>2781825</name><styleUrl>#styleDaimonCIRCUITO239TRECHO</styleUrl><LineString><coordinates>-48.167892,-8.967724,0 -48.167951,-8.967530,0</coordinates></LineString></Placemark>
<Placemark><name>2781826</name><styleUrl>#styleDaimonCIRCUITO239TRECHO</styleUrl><LineString><coordinates>-48.167871,-8.967757,0 -48.167553,-8.967508,0</coordinates></LineString></Placemark>
<Placemark><name>2781824</name><styleUrl>#styleDaimonCIRCUITO239TRECHO</styleUrl><LineString><coordinates>-48.168109,-8.967912,0 -48.167871,-8.967757,0</coordinates></LineString></Placemark>
<Placemark><name>12072323</name><styleUrl>#styleDaimonCIRCUITO239TRECHO</styleUrl><LineString><coordinates>-48.167553,-8.967508,0 -48.167528,-8.967510,0</coordinates></LineString></Placemark>
<Placemark><name>12072324</name><styleUrl>#styleDaimonCIRCUITO239TRECHO</styleUrl><LineString><coordinates>-48.168136,-8.967932,0 -48.168109,-8.967912,0</coordinates></LineString></Placemark>
<Placemark><name>3097440</name><styleUrl>#styleDaimonCIRCUITO239TRECHO</styleUrl><LineString><coordinates>-48.168109,-8.967912,0 -48.168098,-8.967951,0</coordinates></LineString></Placemark>
<Placemark><name>3561022</name><styleUrl>#styleDaimonCIRCUITO239TRECHO</styleUrl><LineString><coordinates>-48.167528,-8.967510,0 -48.167489,-8.967556,0</coordinates></LineString></Placemark>
<Placemark><name>3172006</name><styleUrl>#styleDaimonCIRCUITO239TRECHO</styleUrl><LineString><coordinates>-48.170707,-8.970384,0 -48.168136,-8.967932,0</coordinates></LineString></Placemark>
<Placemark><name>3561023</name><styleUrl>#styleDaimonCIRCUITO239TRECHO</styleUrl><LineString><coordinates>-48.167489,-8.967556,0 -48.167421,-8.967497,0</coordinates></LineString></Placemark>
<Placemark><name>12074093</name><styleUrl>#styleDaimonCIRCUITO239TRECHO</styleUrl><LineString><coordinates>-48.170731,-8.970408,0 -48.170707,-8.970384,0</coordinates></LineString></Placemark>
<Placemark><name>3496858</name><styleUrl>#styleDaimonCIRCUITO239TRECHO</styleUrl><LineString><coordinates>-48.170707,-8.970384,0 -48.170692,-8.970419,0</coordinates></LineString></Placemark>
<Placemark><name>3561021</name><styleUrl>#styleDaimonCIRCUITO239TRECHO</styleUrl><LineString><coordinates>-48.167421,-8.967497,0 -48.167250,-8.967351,0</coordinates></LineString></Placemark>
<Placemark><name>3458489</name><styleUrl>#styleDaimonCIRCUITO239TRECHO</styleUrl><LineString><coordinates>-48.170942,-8.970606,0 -48.170731,-8.970408,0</coordinates></LineString></Placemark>
<Placemark><name>12074099</name><styleUrl>#styleDaimonCIRCUITO239TRECHO</styleUrl><LineString><coordinates>-48.167250,-8.967351,0 -48.167237,-8.967368,0</coordinates></LineString></Placemark>
<Placemark><name>2985823</name><styleUrl>#styleDaimonCIRCUITO239TRECHO</styleUrl><LineString><coordinates>-48.167250,-8.967351,0 -48.166740,-8.966915,0</coordinates></LineString></Placemark>
<Placemark><name>12075725</name><styleUrl>#styleDaimonCIRCUITO239TRECHO</styleUrl><LineString><coordinates>-48.170949,-8.970633,0 -48.170942,-8.970606,0</coordinates></LineString></Placemark>
<Placemark><name>3235652</name><styleUrl>#styleDaimonCIRCUITO239TRECHO</styleUrl><LineString><coordinates>-48.167237,-8.967368,0 -48.167028,-8.967691,0</coordinates></LineString></Placemark>
<Placemark><name>2985822</name><styleUrl>#styleDaimonCIRCUITO239TRECHO</styleUrl><LineString><coordinates>-48.166740,-8.966915,0 -48.166422,-8.966642,0</coordinates></LineString></Placemark>
<Placemark><name>2985950</name><styleUrl>#styleDaimonCIRCUITO239TRECHO</styleUrl><LineString><coordinates>-48.170862,-8.970884,0 -48.170949,-8.970633,0</coordinates></LineString></Placemark>
<Placemark><name>3537108</name><styleUrl>#styleDaimonCIRCUITO239TRECHO</styleUrl><LineString><coordinates>-48.166422,-8.966642,0 -48.166307,-8.966543,0</coordinates></LineString></Placemark>
<Placemark><name>3537110</name><styleUrl>#styleDaimonCIRCUITO239TRECHO</styleUrl><LineString><coordinates>-48.166422,-8.966642,0 -48.166550,-8.966500,0</coordinates></LineString></Placemark>
<Placemark><name>3537109</name><styleUrl>#styleDaimonCIRCUITO239TRECHO</styleUrl><LineString><coordinates>-48.166422,-8.966642,0 -48.166160,-8.966932,0</coordinates></LineString></Placemark>
<Placemark><name>12074094</name><styleUrl>#styleDaimonCIRCUITO239TRECHO</styleUrl><LineString><coordinates>-48.170867,-8.970912,0 -48.170862,-8.970884,0</coordinates></LineString></Placemark>
<Placemark><name>3186737</name><styleUrl>#styleDaimonCIRCUITO239TRECHO</styleUrl><LineString><coordinates>-48.171112,-8.971225,0 -48.170867,-8.970912,0</coordinates></LineString></Placemark>
<Placemark><name>2902916</name><styleUrl>#styleDaimonCIRCUITO239TRECHO</styleUrl><LineString><coordinates>-48.164018,-8.966067,0 -48.163399,-8.965546,0</coordinates></LineString></Placemark>
<Placemark><name>2902915</name><styleUrl>#styleDaimonCIRCUITO239TRECHO</styleUrl><LineString><coordinates>-48.164143,-8.966168,0 -48.164018,-8.966067,0</coordinates></LineString></Placemark>
<Placemark><name>3536941</name><styleUrl>#styleDaimonCIRCUITO239TRECHO</styleUrl><LineString><coordinates>-48.164018,-8.966067,0 -48.164050,-8.966028,0</coordinates></LineString></Placemark>
<Placemark><name>3164450</name><styleUrl>#styleDaimonCIRCUITO239TRECHO</styleUrl><LineString><coordinates>-48.164018,-8.966067,0 -48.163470,-8.966463,0</coordinates></LineString></Placemark>
<Placemark><name>12074096</name><styleUrl>#styleDaimonCIRCUITO239TRECHO</styleUrl><LineString><coordinates>-48.164170,-8.966189,0 -48.164143,-8.966168,0</coordinates></LineString></Placemark>
<Placemark><name>3536946</name><styleUrl>#styleDaimonCIRCUITO239TRECHO</styleUrl><LineString><coordinates>-48.164696,-8.966608,0 -48.164170,-8.966189,0</coordinates></LineString></Placemark>
<Placemark><name>3536944</name><styleUrl>#styleDaimonCIRCUITO239TRECHO</styleUrl><LineString><coordinates>-48.164696,-8.966608,0 -48.164585,-8.966744,0</coordinates></LineString></Placemark>
<Placemark><name>3186237</name><styleUrl>#styleDaimonCIRCUITO239TRECHO</styleUrl><LineString><coordinates>-48.165666,-8.967424,0 -48.164696,-8.966608,0</coordinates></LineString></Placemark>
<Placemark><name>2985474</name><styleUrl>#styleDaimonCIRCUITO239TRECHO</styleUrl><LineString><coordinates>-48.164696,-8.966608,0 -48.165595,-8.965507,0</coordinates></LineString></Placemark>
<Placemark><name>12072313</name><styleUrl>#styleDaimonCIRCUITO239TRECHO</styleUrl><LineString><coordinates>-48.165690,-8.967423,0 -48.165666,-8.967424,0</coordinates></LineString></Placemark>
<Placemark><name>3172005</name><styleUrl>#styleDaimonCIRCUITO239TRECHO</styleUrl><LineString><coordinates>-48.165595,-8.965507,0 -48.165784,-8.965276,0</coordinates></LineString></Placemark>
<Placemark><name>3186911</name><styleUrl>#styleDaimonCIRCUITO239TRECHO</styleUrl><LineString><coordinates>-48.166134,-8.966960,0 -48.165690,-8.967423,0</coordinates></LineString></Placemark>
<Placemark><name>28959421</name><styleUrl>#styleDaimonCIRCUITO239TRECHO</styleUrl><LineString><coordinates>-48.165784,-8.965276,0 -48.165807,-8.965250,0</coordinates></LineString></Placemark>
<Placemark><name>28959312</name><styleUrl>#styleDaimonCIRCUITO239TRECHO</styleUrl><LineString><coordinates>-48.165807,-8.965250,0 -48.167329,-8.963092,0</coordinates></LineString></Placemark>
<Placemark><name>28959283</name><styleUrl>#styleDaimonCIRCUITO239TRECHO</styleUrl><LineString><coordinates>-48.167329,-8.963092,0 -48.167518,-8.962799,0</coordinates></LineString></Placemark>
<Placemark><name>3658622</name><styleUrl>#styleDaimonCIRCUITO239TRECHO</styleUrl><LineString><coordinates>-48.162973,-8.966671,0 -48.162931,-8.966654,0</coordinates></LineString></Placemark>
<Placemark><name>3638247</name><styleUrl>#styleDaimonCIRCUITO239TRECHO</styleUrl><LineString><coordinates>-48.163441,-8.966475,0 -48.162973,-8.966671,0</coordinates></LineString></Placemark>
<Placemark><name>3097984</name><styleUrl>#styleDaimonCIRCUITO239TRECHO</styleUrl><LineString><coordinates>-48.164826,-8.963720,0 -48.165922,-8.962293,0</coordinates></LineString></Placemark>
<Placemark><name>3087652</name><styleUrl>#styleDaimonCIRCUITO239TRECHO</styleUrl><LineString><coordinates>-48.163420,-8.965519,0 -48.164826,-8.963720,0</coordinates></LineString></Placemark>
<Placemark><name>3658543</name><styleUrl>#styleDaimonCIRCUITO239TRECHO</styleUrl><LineString><coordinates>-48.162972,-8.966674,0 -48.162956,-8.966693,0</coordinates></LineString></Placemark>
<Placemark><name>3658623</name><styleUrl>#styleDaimonCIRCUITO239TRECHO</styleUrl><LineString><coordinates>-48.162955,-8.966694,0 -48.162940,-8.966700,0</coordinates></LineString></Placemark>
<Placemark><name>3638248</name><styleUrl>#styleDaimonCIRCUITO239TRECHO</styleUrl><LineString><coordinates>-48.162914,-8.966696,0 -48.162595,-8.966829,0</coordinates></LineString></Placemark>
<Placemark><name>3658544</name><styleUrl>#styleDaimonCIRCUITO239TRECHO</styleUrl><LineString><coordinates>-48.162938,-8.966700,0 -48.162914,-8.966696,0</coordinates></LineString></Placemark>
<Placemark><name>3658545</name><styleUrl>#styleDaimonCIRCUITO239TRECHO</styleUrl><LineString><coordinates>-48.162914,-8.966696,0 -48.162930,-8.966659,0</coordinates></LineString></Placemark>
<Placemark><name>3536126</name><styleUrl>#styleDaimonCIRCUITO239TRECHO</styleUrl><LineString><coordinates>-48.162595,-8.966829,0 -48.162740,-8.966960,0</coordinates></LineString></Placemark>
<Placemark><name>3536125</name><styleUrl>#styleDaimonCIRCUITO239TRECHO</styleUrl><LineString><coordinates>-48.162595,-8.966829,0 -48.162560,-8.966793,0</coordinates></LineString></Placemark>
<Placemark><name>3090651</name><styleUrl>#styleDaimonCIRCUITO239TRECHO</styleUrl><LineString><coordinates>-48.162595,-8.966829,0 -48.161036,-8.967480,0</coordinates></LineString></Placemark>
<Placemark><name>3098622</name><styleUrl>#styleDaimonCIRCUITO239TRECHO</styleUrl><LineString><coordinates>-48.161036,-8.967480,0 -48.160105,-8.967886,0</coordinates></LineString></Placemark>
<Placemark><name>12072320</name><styleUrl>#styleDaimonCIRCUITO239TRECHO</styleUrl><LineString><coordinates>-48.160105,-8.967886,0 -48.160074,-8.967901,0</coordinates></LineString></Placemark>
<Placemark><name>3104616</name><styleUrl>#styleDaimonCIRCUITO239TRECHO</styleUrl><LineString><coordinates>-48.160074,-8.967901,0 -48.159517,-8.968167,0</coordinates></LineString></Placemark>
<Placemark><name>12072321</name><styleUrl>#styleDaimonCIRCUITO239TRECHO</styleUrl><LineString><coordinates>-48.159517,-8.968167,0 -48.159483,-8.968185,0</coordinates></LineString></Placemark>
<Placemark><name>2950466</name><styleUrl>#styleDaimonCIRCUITO239TRECHO</styleUrl><LineString><coordinates>-48.159483,-8.968185,0 -48.158622,-8.968615,0</coordinates></LineString></Placemark>
<Placemark><name>3535537</name><styleUrl>#styleDaimonCIRCUITO239TRECHO</styleUrl><LineString><coordinates>-48.158622,-8.968615,0 -48.158507,-8.968673,0</coordinates></LineString></Placemark>
<Placemark><name>3535535</name><styleUrl>#styleDaimonCIRCUITO239TRECHO</styleUrl><LineString><coordinates>-48.158622,-8.968615,0 -48.158652,-8.968706,0</coordinates></LineString></Placemark>
<Placemark><name>3535536</name><styleUrl>#styleDaimonCIRCUITO239TRECHO</styleUrl><LineString><coordinates>-48.158622,-8.968615,0 -48.158402,-8.968118,0</coordinates></LineString></Placemark>
<Placemark><name>12026127</name><styleUrl>#styleDaimonCIRCUITO239TRECHO</styleUrl><LineString><coordinates>-48.158507,-8.968673,0 -48.158476,-8.968688,0</coordinates></LineString></Placemark>
<Placemark><name>12074098</name><styleUrl>#styleDaimonCIRCUITO239TRECHO</styleUrl><LineString><coordinates>-48.158652,-8.968706,0 -48.158680,-8.968726,0</coordinates></LineString></Placemark>
<Placemark><name>3097979</name><styleUrl>#styleDaimonCIRCUITO239TRECHO</styleUrl><LineString><coordinates>-48.158402,-8.968118,0 -48.157930,-8.967055,0</coordinates></LineString></Placemark>
<Placemark><name>2779608</name><styleUrl>#styleDaimonCIRCUITO239TRECHO</styleUrl><LineString><coordinates>-48.158476,-8.968688,0 -48.158194,-8.968829,0</coordinates></LineString></Placemark>
<Placemark><name>3098037</name><styleUrl>#styleDaimonCIRCUITO239TRECHO</styleUrl><LineString><coordinates>-48.158680,-8.968726,0 -48.159635,-8.969367,0</coordinates></LineString></Placemark>
<Placemark><name>2971144</name><styleUrl>#styleDaimonCIRCUITO239TRECHO</styleUrl><LineString><coordinates>-48.158194,-8.968829,0 -48.157918,-8.968897,0</coordinates></LineString></Placemark>
<Placemark><name>12072325</name><styleUrl>#styleDaimonCIRCUITO239TRECHO</styleUrl><LineString><coordinates>-48.159635,-8.969367,0 -48.159665,-8.969384,0</coordinates></LineString></Placemark>
<Placemark><name>12030144</name><styleUrl>#styleDaimonCIRCUITO239TRECHO</styleUrl><LineString><coordinates>-48.157918,-8.968897,0 -48.157885,-8.968907,0</coordinates></LineString></Placemark>
<Placemark><name>3098039</name><styleUrl>#styleDaimonCIRCUITO239TRECHO</styleUrl><LineString><coordinates>-48.159665,-8.969384,0 -48.160052,-8.969576,0</coordinates></LineString></Placemark>
<Placemark><name>3004165</name><styleUrl>#styleDaimonCIRCUITO239TRECHO</styleUrl><LineString><coordinates>-48.157885,-8.968907,0 -48.157587,-8.968970,0</coordinates></LineString></Placemark>
<Placemark><name>3459479</name><styleUrl>#styleDaimonCIRCUITO239TRECHO</styleUrl><LineString><coordinates>-48.160953,-8.965360,0 -48.160757,-8.965189,0</coordinates></LineString></Placemark>
<Placemark><name>3236130</name><styleUrl>#styleDaimonCIRCUITO239TRECHO</styleUrl><LineString><coordinates>-48.160757,-8.965189,0 -48.158958,-8.963609,0</coordinates></LineString></Placemark>
<Placemark><name>3459481</name><styleUrl>#styleDaimonCIRCUITO239TRECHO</styleUrl><LineString><coordinates>-48.160757,-8.965189,0 -48.160862,-8.965118,0</coordinates></LineString></Placemark>
<Placemark><name>3459482</name><styleUrl>#styleDaimonCIRCUITO239TRECHO</styleUrl><LineString><coordinates>-48.160757,-8.965189,0 -48.159242,-8.965833,0</coordinates></LineString></Placemark>
<Placemark><name>12072326</name><styleUrl>#styleDaimonCIRCUITO239TRECHO</styleUrl><LineString><coordinates>-48.160979,-8.965381,0 -48.160953,-8.965360,0</coordinates></LineString></Placemark>
<Placemark><name>3089578</name><styleUrl>#styleDaimonCIRCUITO239TRECHO</styleUrl><LineString><coordinates>-48.158958,-8.963609,0 -48.158642,-8.963334,0</coordinates></LineString></Placemark>
<Placemark><name>3459488</name><styleUrl>#styleDaimonCIRCUITO239TRECHO</styleUrl><LineString><coordinates>-48.159242,-8.965833,0 -48.158938,-8.965949,0</coordinates></LineString></Placemark>
<Placemark><name>3186655</name><styleUrl>#styleDaimonCIRCUITO239TRECHO</styleUrl><LineString><coordinates>-48.161182,-8.965560,0 -48.160979,-8.965381,0</coordinates></LineString></Placemark>
<Placemark><name>3186656</name><styleUrl>#styleDaimonCIRCUITO239TRECHO</styleUrl><LineString><coordinates>-48.162534,-8.966768,0 -48.161182,-8.965560,0</coordinates></LineString></Placemark>
<Placemark><name>Suporte Chave DJ_AL02065015_FICT</name><styleUrl>#styleDaimonCIRCUITO239TRECHO</styleUrl><LineString><coordinates>-48.175458,-8.978758,0 -48.175293,-8.978782,0</coordinates></LineString></Placemark>
<Placemark><name>Suporte Chave 8825887015</name><styleUrl>#styleDaimonCIRCUITO239TRECHO</styleUrl><LineString><coordinates>-48.174977,-8.978701,0 -48.174991,-8.978678,0</coordinates></LineString></Placemark>
<Placemark><name>Suporte Chave 8800001015</name><styleUrl>#styleDaimonCIRCUITO239TRECHO</styleUrl><LineString><coordinates>-48.175232,-8.978237,0 -48.175250,-8.978206,0</coordinates></LineString></Placemark>
<Placemark><name>Suporte Chave 8801133015</name><styleUrl>#styleDaimonCIRCUITO239TRECHO</styleUrl><LineString><coordinates>-48.176286,-8.973206,0 -48.176284,-8.973181,0</coordinates></LineString></Placemark>
<Placemark><name>Suporte Chave 8800002015</name><styleUrl>#styleDaimonCIRCUITO239TRECHO</styleUrl><LineString><coordinates>-48.176530,-8.973898,0 -48.176561,-8.973897,0</coordinates></LineString></Placemark>
<Placemark><name>Suporte Chave 8800007015</name><styleUrl>#styleDaimonCIRCUITO239TRECHO</styleUrl><LineString><coordinates>-48.176053,-8.972096,0 -48.176024,-8.972098,0</coordinates></LineString></Placemark>
<Placemark><name>Suporte Chave 8800004015</name><styleUrl>#styleDaimonCIRCUITO239TRECHO</styleUrl><LineString><coordinates>-48.176196,-8.971958,0 -48.176194,-8.971918,0</coordinates></LineString></Placemark>
<Placemark><name>Suporte Chave 8800009015</name><styleUrl>#styleDaimonCIRCUITO239TRECHO</styleUrl><LineString><coordinates>-48.173247,-8.971943,0 -48.173245,-8.971918,0</coordinates></LineString></Placemark>
<Placemark><name>Suporte Chave 8800015015</name><styleUrl>#styleDaimonCIRCUITO239TRECHO</styleUrl><LineString><coordinates>-48.173282,-8.972282,0 -48.173285,-8.972308,0</coordinates></LineString></Placemark>
<Placemark><name>Suporte Chave 7957620015</name><styleUrl>#styleDaimonCIRCUITO239TRECHO</styleUrl><LineString><coordinates>-48.173223,-8.971688,0 -48.173220,-8.971653,0</coordinates></LineString></Placemark>
<Placemark><name>Suporte Chave 8852282015</name><styleUrl>#styleDaimonCIRCUITO239TRECHO</styleUrl><LineString><coordinates>-48.173479,-8.973022,0 -48.173508,-8.973020,0</coordinates></LineString></Placemark>
<Placemark><name>Suporte Chave 8800011015</name><styleUrl>#styleDaimonCIRCUITO239TRECHO</styleUrl><LineString><coordinates>-48.171139,-8.971260,0 -48.171112,-8.971225,0</coordinates></LineString></Placemark>
<Placemark><name>Suporte Chave 8800253018</name><styleUrl>#styleDaimonCIRCUITO239TRECHO</styleUrl><LineString><coordinates>-48.163470,-8.966463,0 -48.163441,-8.966475,0</coordinates></LineString></Placemark>
<Placemark><name>Suporte Chave 7931906018</name><styleUrl>#styleDaimonCIRCUITO239TRECHO</styleUrl><LineString><coordinates>-48.162956,-8.966693,0 -48.162955,-8.966694,0</coordinates></LineString></Placemark>
<Placemark><name>Suporte Chave 8031906018</name><styleUrl>#styleDaimonCIRCUITO239TRECHO</styleUrl><LineString><coordinates>-48.162931,-8.966654,0 -48.162930,-8.966659,0</coordinates></LineString></Placemark>
</Folder></Folder>
<Folder><name>Circ_LD01065015</name>
<Folder><name>Chave</name>
<Placemark><name>DJ_LD01065015_FICT</name><styleUrl>#mapDaimonCorBranco</styleUrl><Point><coordinates>-48.175363,-8.978829,0</coordinates></Point></Placemark>
<Placemark><name>8800739015</name><styleUrl>#mapDaimonCorAzul</styleUrl><Point><coordinates>-48.163455,-8.980268,0</coordinates></Point></Placemark>
<Placemark><name>8800619015</name><styleUrl>#mapDaimonCorAzul</styleUrl><Point><coordinates>-48.175207,-8.978887,0</coordinates></Point></Placemark>
<Placemark><name>8845279018</name><styleUrl>#mapDaimonCorAzul</styleUrl><Point><coordinates>-48.158851,-8.978952,0</coordinates></Point></Placemark>
<Placemark><name>4010023018</name><styleUrl>#mapDaimonCorBranco</styleUrl><Point><coordinates>-48.086114,-8.951932,0</coordinates></Point></Placemark>
<Placemark><name>4006012018</name><styleUrl>#mapDaimonCorBranco</styleUrl><Point><coordinates>-48.155824,-8.978193,0</coordinates></Point></Placemark>
<Placemark><name>7936078018</name><styleUrl>#mapDaimonCorVerde</styleUrl><Point><coordinates>-48.048556,-8.935730,0</coordinates></Point></Placemark>
<Placemark><name>8810026018</name><styleUrl>#mapDaimonCorAzul</styleUrl><Point><coordinates>-48.087825,-8.989115,0</coordinates></Point></Placemark>
<Placemark><name>4000173018</name><styleUrl>#mapDaimonCorBranco</styleUrl><Point><coordinates>-48.133373,-8.990499,0</coordinates></Point></Placemark>
<Placemark><name>8800259018</name><styleUrl>#mapDaimonCorAzul</styleUrl><Point><coordinates>-48.047359,-8.931110,0</coordinates></Point></Placemark>
<Placemark><name>8800226104</name><styleUrl>#mapDaimonCorAzul</styleUrl><Point><coordinates>-47.947234,-8.870487,0</coordinates></Point></Placemark>
<Placemark><name>4010018104</name><styleUrl>#mapDaimonCorBranco</styleUrl><Point><coordinates>-47.964323,-8.895729,0</coordinates></Point></Placemark>
<Placemark><name>4000065104</name><styleUrl>#mapDaimonCorBranco</styleUrl><Point><coordinates>-47.859642,-8.842803,0</coordinates></Point></Placemark>
<Placemark><name>8800339104</name><styleUrl>#mapDaimonCorAzul</styleUrl><Point><coordinates>-47.840307,-8.835091,0</coordinates></Point></Placemark>
<Placemark><name>7900171018</name><styleUrl>#mapDaimonCorVerde</styleUrl><Point><coordinates>-48.020430,-8.895604,0</coordinates></Point></Placemark>
<Placemark><name>8800425018</name><styleUrl>#mapDaimonCorAzul</styleUrl><Point><coordinates>-48.026080,-9.047200,0</coordinates></Point></Placemark>
<Placemark><name>4000565104</name><styleUrl>#mapDaimonCorBranco</styleUrl><Point><coordinates>-47.817381,-8.830579,0</coordinates></Point></Placemark>
<Placemark><name>8810055104</name><styleUrl>#mapDaimonCorAzul</styleUrl><Point><coordinates>-47.840696,-8.961989,0</coordinates></Point></Placemark>
<Placemark><name>PR33022015</name><styleUrl>#mapDaimonCorBranco</styleUrl><Point><coordinates>-48.072363,-9.123462,0</coordinates></Point></Placemark>
<Placemark><name>8810089104</name><styleUrl>#mapDaimonCorAzul</styleUrl><Point><coordinates>-48.110837,-8.835894,0</coordinates></Point></Placemark>
<Placemark><name>8855078104</name><styleUrl>#mapDaimonCorAzul</styleUrl><Point><coordinates>-48.084791,-8.839349,0</coordinates></Point></Placemark>
<Placemark><name>8800272018</name><styleUrl>#mapDaimonCorAzul</styleUrl><Point><coordinates>-47.858239,-9.000609,0</coordinates></Point></Placemark>
<Placemark><name>8853237104</name><styleUrl>#mapDaimonCorAzul</styleUrl><Point><coordinates>-48.070682,-8.801291,0</coordinates></Point></Placemark>
<Placemark><name>8852808104</name><styleUrl>#mapDaimonCorAzul</styleUrl><Point><coordinates>-48.072801,-8.762127,0</coordinates></Point></Placemark>
<Placemark><name>7925621104</name><styleUrl>#mapDaimonCorVerde</styleUrl><Point><coordinates>-47.756888,-8.781064,0</coordinates></Point></Placemark>
<Placemark><name>7900371104</name><styleUrl>#mapDaimonCorVerde</styleUrl><Point><coordinates>-47.777949,-8.783983,0</coordinates></Point></Placemark>
<Placemark><name>8800483104</name><styleUrl>#mapDaimonCorAzul</styleUrl><Point><coordinates>-48.109619,-8.718187,0</coordinates></Point></Placemark>
<Placemark><name>8800365104</name><styleUrl>#mapDaimonCorAzul</styleUrl><Point><coordinates>-47.756403,-8.780066,0</coordinates></Point></Placemark>
<Placemark><name>8800360104</name><styleUrl>#mapDaimonCorAzul</styleUrl><Point><coordinates>-47.821870,-8.771191,0</coordinates></Point></Placemark>
<Placemark><name>8849518104</name><styleUrl>#mapDaimonCorAzul</styleUrl><Point><coordinates>-47.754049,-8.777487,0</coordinates></Point></Placemark>
<Placemark><name>8800368104</name><styleUrl>#mapDaimonCorAzul</styleUrl><Point><coordinates>-47.879340,-8.776115,0</coordinates></Point></Placemark>
<Placemark><name>8800369104</name><styleUrl>#mapDaimonCorAzul</styleUrl><Point><coordinates>-47.930550,-8.761502,0</coordinates></Point></Placemark>
<Placemark><name>8843311104</name><styleUrl>#mapDaimonCorAzul</styleUrl><Point><coordinates>-47.753689,-8.776625,0</coordinates></Point></Placemark>
<Placemark><name>8810002104</name><styleUrl>#mapDaimonCorAzul</styleUrl><Point><coordinates>-47.957655,-8.709263,0</coordinates></Point></Placemark>
<Placemark><name>8843350104</name><styleUrl>#mapDaimonCorAzul</styleUrl><Point><coordinates>-47.748943,-8.773134,0</coordinates></Point></Placemark>
<Placemark><name>8800304104</name><styleUrl>#mapDaimonCorAzul</styleUrl><Point><coordinates>-47.748194,-8.770298,0</coordinates></Point></Placemark>
<Placemark><name>8800364104</name><styleUrl>#mapDaimonCorAzul</styleUrl><Point><coordinates>-47.987968,-8.671340,0</coordinates></Point></Placemark>
<Placemark><name>7900308104</name><styleUrl>#mapDaimonCorVerde</styleUrl><Point><coordinates>-47.743468,-8.774051,0</coordinates></Point></Placemark>
<Placemark><name>7925622104</name><styleUrl>#mapDaimonCorVerde</styleUrl><Point><coordinates>-47.748270,-8.769988,0</coordinates></Point></Placemark>
<Placemark><name>8853843079</name><styleUrl>#mapDaimonCorAzul</styleUrl><Point><coordinates>-48.048850,-8.636262,0</coordinates></Point></Placemark>
<Placemark><name>4010085104</name><styleUrl>#mapDaimonCorBranco</styleUrl><Point><coordinates>-48.019995,-8.662408,0</coordinates></Point></Placemark>
<Placemark><name>4010139104</name><styleUrl>#mapDaimonCorBranco</styleUrl><Point><coordinates>-47.738504,-8.781491,0</coordinates></Point></Placemark>
<Placemark><name>8800138104</name><styleUrl>#mapDaimonCorAzul</styleUrl><Point><coordinates>-47.697626,-8.845742,0</coordinates></Point></Placemark>
<Placemark><name>8810015078</name><styleUrl>#mapDaimonCorAzul</styleUrl><Point><coordinates>-47.742266,-8.696716,0</coordinates></Point></Placemark>
<Placemark><name>8810004104</name><styleUrl>#mapDaimonCorAzul</styleUrl><Point><coordinates>-47.737721,-8.866528,0</coordinates></Point></Placemark>
<Placemark><name>4010054104</name><styleUrl>#mapDaimonCorBranco</styleUrl><Point><coordinates>-47.684707,-8.844929,0</coordinates></Point></Placemark>
<Placemark><name>4000270078</name><styleUrl>#mapDaimonCorBranco</styleUrl><Point><coordinates>-47.746039,-8.691201,0</coordinates></Point></Placemark>
<Placemark><name>8810005104</name><styleUrl>#mapDaimonCorAzul</styleUrl><Point><coordinates>-47.754594,-8.893040,0</coordinates></Point></Placemark>
<Placemark><name>8810056104</name><styleUrl>#mapDaimonCorAzul</styleUrl><Point><coordinates>-47.672948,-8.891685,0</coordinates></Point></Placemark>
<Placemark><name>7931218104</name><styleUrl>#mapDaimonCorVerde</styleUrl><Point><coordinates>-47.603024,-8.860192,0</coordinates></Point></Placemark>
<Placemark><name>7931219078</name><styleUrl>#mapDaimonCorVerde</styleUrl><Point><coordinates>-47.748271,-8.607149,0</coordinates></Point></Placemark>
<Placemark><name>4000430078</name><styleUrl>#mapDaimonCorBranco</styleUrl><Point><coordinates>-47.746029,-8.635674,0</coordinates></Point></Placemark>
<Placemark><name>7925730078</name><styleUrl>#mapDaimonCorVerde</styleUrl><Point><coordinates>-47.739629,-8.714284,0</coordinates></Point></Placemark>
<Placemark><name>8800218079</name><styleUrl>#mapDaimonCorAzul</styleUrl><Point><coordinates>-48.056632,-8.623183,0</coordinates></Point></Placemark>
<Placemark><name>4010123104</name><styleUrl>#mapDaimonCorBranco</styleUrl><Point><coordinates>-47.775728,-8.934290,0</coordinates></Point></Placemark>
<Placemark><name>8800229104</name><styleUrl>#mapDaimonCorAzul</styleUrl><Point><coordinates>-47.602645,-8.860399,0</coordinates></Point></Placemark>
<Placemark><name>7949652078</name><styleUrl>#mapDaimonCorVerde</styleUrl><Point><coordinates>-47.772902,-8.522127,0</coordinates></Point></Placemark>
<Placemark><name>4000713078</name><styleUrl>#mapDaimonCorBranco</styleUrl><Point><coordinates>-47.749907,-8.594265,0</coordinates></Point></Placemark>
<Placemark><name>8800351078</name><styleUrl>#mapDaimonCorAzul</styleUrl><Point><coordinates>-47.772115,-8.518948,0</coordinates></Point></Placemark>
<Placemark><name>8810021078</name><styleUrl>#mapDaimonCorAzul</styleUrl><Point><coordinates>-47.664709,-8.673035,0</coordinates></Point></Placemark>
<Placemark><name>8800183195</name><styleUrl>#mapDaimonCorAzul</styleUrl><Point><coordinates>-47.530144,-8.910000,0</coordinates></Point></Placemark>
<Placemark><name>8800352078</name><styleUrl>#mapDaimonCorAzul</styleUrl><Point><coordinates>-47.775261,-8.483418,0</coordinates></Point></Placemark>
<Placemark><name>4000553078</name><styleUrl>#mapDaimonCorBranco</styleUrl><Point><coordinates>-47.802104,-8.575466,0</coordinates></Point></Placemark>
<Placemark><name>8810019078</name><styleUrl>#mapDaimonCorAzul</styleUrl><Point><coordinates>-47.657738,-8.761775,0</coordinates></Point></Placemark>
<Placemark><name>8810024078</name><styleUrl>#mapDaimonCorAzul</styleUrl><Point><coordinates>-47.595351,-8.645170,0</coordinates></Point></Placemark>
<Placemark><name>8800353078</name><styleUrl>#mapDaimonCorAzul</styleUrl><Point><coordinates>-47.780018,-8.462234,0</coordinates></Point></Placemark>
<Placemark><name>8800428078</name><styleUrl>#mapDaimonCorAzul</styleUrl><Point><coordinates>-47.515808,-8.632313,0</coordinates></Point></Placemark>
<Placemark><name>PR33492018</name><styleUrl>#mapDaimonCorBranco</styleUrl><Point><coordinates>-47.744252,-8.969891,0</coordinates></Point></Placemark>
<Placemark><name>8849796195</name><styleUrl>#mapDaimonCorAzul</styleUrl><Point><coordinates>-47.462656,-8.868176,0</coordinates></Point></Placemark>
<Placemark><name>8840245195</name><styleUrl>#mapDaimonCorAzul</styleUrl><Point><coordinates>-47.521455,-8.928743,0</coordinates></Point></Placemark>
<Placemark><name>7900085195</name><styleUrl>#mapDaimonCorVerde</styleUrl><Point><coordinates>-47.462888,-8.876257,0</coordinates></Point></Placemark>
<Placemark><name>4000354078</name><styleUrl>#mapDaimonCorBranco</styleUrl><Point><coordinates>-47.778360,-8.463548,0</coordinates></Point></Placemark>
<Placemark><name>8800429078</name><styleUrl>#mapDaimonCorAzul</styleUrl><Point><coordinates>-47.649668,-8.618585,0</coordinates></Point></Placemark>
<Placemark><name>4012367078</name><styleUrl>#mapDaimonCorBranco</styleUrl><Point><coordinates>-47.526934,-8.628278,0</coordinates></Point></Placemark>
<Placemark><name>4000477078</name><styleUrl>#mapDaimonCorBranco</styleUrl><Point><coordinates>-47.515623,-8.687500,0</coordinates></Point></Placemark>
<Placemark><name>8810025078</name><styleUrl>#mapDaimonCorAzul</styleUrl><Point><coordinates>-47.519004,-8.694796,0</coordinates></Point></Placemark>
<Placemark><name>7925734195</name><styleUrl>#mapDaimonCorVerde</styleUrl><Point><coordinates>-47.462521,-8.868000,0</coordinates></Point></Placemark>
<Placemark><name>PR34786078</name><styleUrl>#mapDaimonCorBranco</styleUrl><Point><coordinates>-47.777354,-8.410253,0</coordinates></Point></Placemark>
<Placemark><name>4000419078</name><styleUrl>#mapDaimonCorBranco</styleUrl><Point><coordinates>-47.773708,-8.412979,0</coordinates></Point></Placemark>
<Placemark><name>4000573078</name><styleUrl>#mapDaimonCorBranco</styleUrl><Point><coordinates>-47.769790,-8.438512,0</coordinates></Point></Placemark>
<Placemark><name>8812371078</name><styleUrl>#mapDaimonCorAzul</styleUrl><Point><coordinates>-47.528095,-8.578815,0</coordinates></Point></Placemark>
<Placemark><name>4000951078</name><styleUrl>#mapDaimonCorBranco</styleUrl><Point><coordinates>-47.518735,-8.717375,0</coordinates></Point></Placemark>
<Placemark><name>4000604078</name><styleUrl>#mapDaimonCorBranco</styleUrl><Point><coordinates>-47.524064,-8.733572,0</coordinates></Point></Placemark>
<Placemark><name>8800085195</name><styleUrl>#mapDaimonCorAzul</styleUrl><Point><coordinates>-47.462126,-8.875738,0</coordinates></Point></Placemark>
<Placemark><name>4000221078</name><styleUrl>#mapDaimonCorBranco</styleUrl><Point><coordinates>-47.664553,-8.591627,0</coordinates></Point></Placemark>
<Placemark><name>8812383078</name><styleUrl>#mapDaimonCorAzul</styleUrl><Point><coordinates>-47.510065,-8.529133,0</coordinates></Point></Placemark>
<Placemark><name>8800181195</name><styleUrl>#mapDaimonCorAzul</styleUrl><Point><coordinates>-47.428787,-8.819361,0</coordinates></Point></Placemark>
<Placemark><name>8800184195</name><styleUrl>#mapDaimonCorAzul</styleUrl><Point><coordinates>-47.418290,-8.923228,0</coordinates></Point></Placemark>
<Placemark><name>8812369078</name><styleUrl>#mapDaimonCorAzul</styleUrl><Point><coordinates>-47.468338,-8.494025,0</coordinates></Point></Placemark>
<Placemark><name>8839883078</name><styleUrl>#mapDaimonCorAzul</styleUrl><Point><coordinates>-47.581925,-8.746808,0</coordinates></Point></Placemark>
<Placemark><name>4000172195</name><styleUrl>#mapDaimonCorBranco</styleUrl><Point><coordinates>-47.423231,-8.810303,0</coordinates></Point></Placemark>
<Placemark><name>4000299195</name><styleUrl>#mapDaimonCorBranco</styleUrl><Point><coordinates>-47.363388,-8.963905,0</coordinates></Point></Placemark>
<Placemark><name>8812406078</name><styleUrl>#mapDaimonCorAzul</styleUrl><Point><coordinates>-47.440049,-8.504911,0</coordinates></Point></Placemark>
<Placemark><name>8800072195</name><styleUrl>#mapDaimonCorAzul</styleUrl><Point><coordinates>-47.478129,-8.813297,0</coordinates></Point></Placemark>
<Placemark><name>7934850227</name><styleUrl>#mapDaimonCorVerde</styleUrl><Point><coordinates>-47.380921,-8.796338,0</coordinates></Point></Placemark>
<Placemark><name>4210013195</name><styleUrl>#mapDaimonCorBranco</styleUrl><Point><coordinates>-47.397830,-8.957614,0</coordinates></Point></Placemark>
<Placemark><name>PR33422195</name><styleUrl>#mapDaimonCorBranco</styleUrl><Point><coordinates>-47.327450,-8.914568,0</coordinates></Point></Placemark>
<Placemark><name>405084795</name><styleUrl>#mapDaimonCorBranco</styleUrl><Point><coordinates>-47.333753,-8.957508,0</coordinates></Point></Placemark>
<Placemark><name>4010040195</name><styleUrl>#mapDaimonCorBranco</styleUrl><Point><coordinates>-47.330459,-8.956950,0</coordinates></Point></Placemark>
<Placemark><name>8800698078</name><styleUrl>#mapDaimonCorAzul</styleUrl><Point><coordinates>-47.661489,-8.503619,0</coordinates></Point></Placemark>
<Placemark><name>PR33030078</name><styleUrl>#mapDaimonCorBranco</styleUrl><Point><coordinates>-47.588073,-8.719765,0</coordinates></Point></Placemark>
<Placemark><name>PR33018078</name><styleUrl>#mapDaimonCorBranco</styleUrl><Point><coordinates>-47.579732,-8.726528,0</coordinates></Point></Placemark>
<Placemark><name>8800271078</name><styleUrl>#mapDaimonCorAzul</styleUrl><Point><coordinates>-47.497881,-8.758388,0</coordinates></Point></Placemark>
<Placemark><name>PR33480195</name><styleUrl>#mapDaimonCorBranco</styleUrl><Point><coordinates>-47.349060,-8.943827,0</coordinates></Point></Placemark>
<Placemark><name>345026195</name><styleUrl>#mapDaimonCorBranco</styleUrl><Point><coordinates>-47.481980,-9.048091,0</coordinates></Point></Placemark>
<Placemark><name>8812241078</name><styleUrl>#mapDaimonCorAzul</styleUrl><Point><coordinates>-47.609678,-8.500162,0</coordinates></Point></Placemark>
<Placemark><name>8812376078</name><styleUrl>#mapDaimonCorAzul</styleUrl><Point><coordinates>-47.596319,-8.404620,0</coordinates></Point></Placemark>
<Placemark><name>8800085227</name><styleUrl>#mapDaimonCorAzul</styleUrl><Point><coordinates>-47.379472,-8.798580,0</coordinates></Point></Placemark>
<Placemark><name>8844737195</name><styleUrl>#mapDaimonCorAzul</styleUrl><Point><coordinates>-47.500024,-9.026423,0</coordinates></Point></Placemark>
<Placemark><name>345027195</name><styleUrl>#mapDaimonCorBranco</styleUrl><Point><coordinates>-47.474447,-9.076082,0</coordinates></Point></Placemark>
<Placemark><name>4000343195</name><styleUrl>#mapDaimonCorBranco</styleUrl><Point><coordinates>-47.279120,-8.915655,0</coordinates></Point></Placemark>
<Placemark><name>4000339195</name><styleUrl>#mapDaimonCorBranco</styleUrl><Point><coordinates>-47.280962,-8.915916,0</coordinates></Point></Placemark>
<Placemark><name>8812226078</name><styleUrl>#mapDaimonCorAzul</styleUrl><Point><coordinates>-47.582557,-8.484473,0</coordinates></Point></Placemark>
<Placemark><name>8800124227</name><styleUrl>#mapDaimonCorAzul</styleUrl><Point><coordinates>-47.315528,-8.770047,0</coordinates></Point></Placemark>
<Placemark><name>4000261227</name><styleUrl>#mapDaimonCorBranco</styleUrl><Point><coordinates>-47.315472,-8.776300,0</coordinates></Point></Placemark>
<Placemark><name>8810002195</name><styleUrl>#mapDaimonCorAzul</styleUrl><Point><coordinates>-47.345049,-9.037217,0</coordinates></Point></Placemark>
<Placemark><name>4010003227</name><styleUrl>#mapDaimonCorBranco</styleUrl><Point><coordinates>-47.285252,-8.761100,0</coordinates></Point></Placemark>
<Placemark><name>8800265227</name><styleUrl>#mapDaimonCorAzul</styleUrl><Point><coordinates>-47.283280,-8.803082,0</coordinates></Point></Placemark>
<Placemark><name>8800151195</name><styleUrl>#mapDaimonCorAzul</styleUrl><Point><coordinates>-47.328671,-9.079102,0</coordinates></Point></Placemark>
<Placemark><name>8800320195</name><styleUrl>#mapDaimonCorAzul</styleUrl><Point><coordinates>-47.278631,-9.006758,0</coordinates></Point></Placemark>
<Placemark><name>7921011227</name><styleUrl>#mapDaimonCorVerde</styleUrl><Point><coordinates>-47.242198,-8.746028,0</coordinates></Point></Placemark>
<Placemark><name>4000275227</name><styleUrl>#mapDaimonCorBranco</styleUrl><Point><coordinates>-47.282067,-8.811936,0</coordinates></Point></Placemark>
<Placemark><name>8835122195</name><styleUrl>#mapDaimonCorAzul</styleUrl><Point><coordinates>-47.332669,-8.896085,0</coordinates></Point></Placemark>
<Placemark><name>7900001227</name><styleUrl>#mapDaimonCorVerde</styleUrl><Point><coordinates>-47.241326,-8.740200,0</coordinates></Point></Placemark>
<Placemark><name>8800397227</name><styleUrl>#mapDaimonCorAzul</styleUrl><Point><coordinates>-47.310387,-8.707888,0</coordinates></Point></Placemark>
<Placemark><name>8837333195</name><styleUrl>#mapDaimonCorAzul</styleUrl><Point><coordinates>-47.304620,-9.143232,0</coordinates></Point></Placemark>
<Placemark><name>8834260195</name><styleUrl>#mapDaimonCorAzul</styleUrl><Point><coordinates>-47.315309,-9.147039,0</coordinates></Point></Placemark>
<Placemark><name>8837845195</name><styleUrl>#mapDaimonCorAzul</styleUrl><Point><coordinates>-47.292295,-9.101083,0</coordinates></Point></Placemark>
<Placemark><name>8800399227</name><styleUrl>#mapDaimonCorAzul</styleUrl><Point><coordinates>-47.307430,-8.661344,0</coordinates></Point></Placemark>
<Placemark><name>8843580195</name><styleUrl>#mapDaimonCorAzul</styleUrl><Point><coordinates>-47.329331,-9.190154,0</coordinates></Point></Placemark>
<Placemark><name>8821006227</name><styleUrl>#mapDaimonCorAzul</styleUrl><Point><coordinates>-47.240603,-8.734745,0</coordinates></Point></Placemark>
<Placemark><name>8800548227</name><styleUrl>#mapDaimonCorAzul</styleUrl><Point><coordinates>-47.188500,-8.797273,0</coordinates></Point></Placemark>
<Placemark><name>8833085082</name><styleUrl>#mapDaimonCorAzul</styleUrl><Point><coordinates>-47.173742,-8.933144,0</coordinates></Point></Placemark>
<Placemark><name>8800106227</name><styleUrl>#mapDaimonCorAzul</styleUrl><Point><coordinates>-47.240088,-8.731032,0</coordinates></Point></Placemark>
<Placemark><name>8852367227</name><styleUrl>#mapDaimonCorAzul</styleUrl><Point><coordinates>-47.242560,-8.736158,0</coordinates></Point></Placemark>
<Placemark><name>4000549227</name><styleUrl>#mapDaimonCorBranco</styleUrl><Point><coordinates>-47.170243,-8.791262,0</coordinates></Point></Placemark>
<Placemark><name>8800467227</name><styleUrl>#mapDaimonCorAzul</styleUrl><Point><coordinates>-47.217670,-8.815702,0</coordinates></Point></Placemark>
<Placemark><name>8844671195</name><styleUrl>#mapDaimonCorAzul</styleUrl><Point><coordinates>-47.353638,-8.863146,0</coordinates></Point></Placemark>
<Placemark><name>8841874083</name><styleUrl>#mapDaimonCorAzul</styleUrl><Point><coordinates>-47.195438,-8.968605,0</coordinates></Point></Placemark>
<Placemark><name>8836079227</name><styleUrl>#mapDaimonCorAzul</styleUrl><Point><coordinates>-47.239938,-8.730450,0</coordinates></Point></Placemark>
<Placemark><name>8800556227</name><styleUrl>#mapDaimonCorAzul</styleUrl><Point><coordinates>-47.123351,-8.809648,0</coordinates></Point></Placemark>
<Placemark><name>PR33455227</name><styleUrl>#mapDaimonCorBranco</styleUrl><Point><coordinates>-47.234538,-8.744953,0</coordinates></Point></Placemark>
<Placemark><name>8841875083</name><styleUrl>#mapDaimonCorAzul</styleUrl><Point><coordinates>-47.192862,-9.011999,0</coordinates></Point></Placemark>
<Placemark><name>8833091082</name><styleUrl>#mapDaimonCorAzul</styleUrl><Point><coordinates>-47.143915,-8.958029,0</coordinates></Point></Placemark>
<Placemark><name>8825620227</name><styleUrl>#mapDaimonCorAzul</styleUrl><Point><coordinates>-47.239584,-8.728680,0</coordinates></Point></Placemark>
<Placemark><name>8800583227</name><styleUrl>#mapDaimonCorAzul</styleUrl><Point><coordinates>-47.097432,-8.842051,0</coordinates></Point></Placemark>
<Placemark><name>7943337227</name><styleUrl>#mapDaimonCorVerde</styleUrl><Point><coordinates>-47.169164,-8.787210,0</coordinates></Point></Placemark>
<Placemark><name>PR33452227</name><styleUrl>#mapDaimonCorBranco</styleUrl><Point><coordinates>-47.228070,-8.777186,0</coordinates></Point></Placemark>
<Placemark><name>7949688227</name><styleUrl>#mapDaimonCorVerde</styleUrl><Point><coordinates>-47.239297,-8.726700,0</coordinates></Point></Placemark>
<Placemark><name>8800586227</name><styleUrl>#mapDaimonCorAzul</styleUrl><Point><coordinates>-47.074852,-8.877938,0</coordinates></Point></Placemark>
<Placemark><name>8851294082</name><styleUrl>#mapDaimonCorAzul</styleUrl><Point><coordinates>-47.092324,-8.985559,0</coordinates></Point></Placemark>
<Placemark><name>4000337227</name><styleUrl>#mapDaimonCorBranco</styleUrl><Point><coordinates>-47.235841,-8.720092,0</coordinates></Point></Placemark>
<Placemark><name>8800060227</name><styleUrl>#mapDaimonCorAzul</styleUrl><Point><coordinates>-47.217684,-8.702484,0</coordinates></Point></Placemark>
<Placemark><name>8830617227</name><styleUrl>#mapDaimonCorAzul</styleUrl><Point><coordinates>-47.133728,-8.765820,0</coordinates></Point></Placemark>
<Placemark><name>8851296082</name><styleUrl>#mapDaimonCorAzul</styleUrl><Point><coordinates>-47.087238,-9.013948,0</coordinates></Point></Placemark>
<Placemark><name>8800344227</name><styleUrl>#mapDaimonCorAzul</styleUrl><Point><coordinates>-47.250328,-8.672700,0</coordinates></Point></Placemark>
<Placemark><name>8800063227</name><styleUrl>#mapDaimonCorAzul</styleUrl><Point><coordinates>-47.199323,-8.669629,0</coordinates></Point></Placemark>
<Placemark><name>8857733227</name><styleUrl>#mapDaimonCorAzul</styleUrl><Point><coordinates>-47.113958,-8.763027,0</coordinates></Point></Placemark>
<Placemark><name>4050483227</name><styleUrl>#mapDaimonCorBranco</styleUrl><Point><coordinates>-47.103513,-8.755827,0</coordinates></Point></Placemark>
<Placemark><name>4030737227</name><styleUrl>#mapDaimonCorBranco</styleUrl><Point><coordinates>-47.113371,-8.762624,0</coordinates></Point></Placemark>
<Placemark><name>8800488227</name><styleUrl>#mapDaimonCorAzul</styleUrl><Point><coordinates>-47.139120,-8.730019,0</coordinates></Point></Placemark>
<Placemark><name>8800345227</name><styleUrl>#mapDaimonCorAzul</styleUrl><Point><coordinates>-47.256839,-8.628084,0</coordinates></Point></Placemark>
<Placemark><name>8800066227</name><styleUrl>#mapDaimonCorAzul</styleUrl><Point><coordinates>-47.167846,-8.633351,0</coordinates></Point></Placemark>
<Placemark><name>4030746227</name><styleUrl>#mapDaimonCorBranco</styleUrl><Point><coordinates>-47.098718,-8.723855,0</coordinates></Point></Placemark>
<Placemark><name>8828698227</name><styleUrl>#mapDaimonCorAzul</styleUrl><Point><coordinates>-47.209312,-8.629534,0</coordinates></Point></Placemark>
<Placemark><name>8800033227</name><styleUrl>#mapDaimonCorAzul</styleUrl><Point><coordinates>-47.060058,-8.761984,0</coordinates></Point></Placemark>
<Placemark><name>8830638227</name><styleUrl>#mapDaimonCorAzul</styleUrl><Point><coordinates>-47.066288,-8.811724,0</coordinates></Point></Placemark>
<Placemark><name>8828687227</name><styleUrl>#mapDaimonCorAzul</styleUrl><Point><coordinates>-47.220171,-8.575212,0</coordinates></Point></Placemark>
<Placemark><name>4050840227</name><styleUrl>#mapDaimonCorBranco</styleUrl><Point><coordinates>-47.154774,-8.588127,0</coordinates></Point></Placemark>
<Placemark><name>8800038227</name><styleUrl>#mapDaimonCorAzul</styleUrl><Point><coordinates>-47.031337,-8.739168,0</coordinates></Point></Placemark>
<Placemark><name>8800300227</name><styleUrl>#mapDaimonCorAzul</styleUrl><Point><coordinates>-47.129010,-8.549079,0</coordinates></Point></Placemark>
<Placemark><name>4000517227</name><styleUrl>#mapDaimonCorBranco</styleUrl><Point><coordinates>-46.995083,-8.730950,0</coordinates></Point></Placemark>
<Placemark><name>8828305227</name><styleUrl>#mapDaimonCorAzul</styleUrl><Point><coordinates>-47.211325,-8.501950,0</coordinates></Point></Placemark>
<Placemark><name>5200301227</name><styleUrl>#mapDaimonCorBranco</styleUrl><Point><coordinates>-47.114292,-8.533217,0</coordinates></Point></Placemark>
<Placemark><name>8831285227</name><styleUrl>#mapDaimonCorAzul</styleUrl><Point><coordinates>-47.190890,-8.469807,0</coordinates></Point></Placemark>
<Placemark><name>5231284227</name><styleUrl>#mapDaimonCorBranco</styleUrl><Point><coordinates>-47.179836,-8.464547,0</coordinates></Point></Placemark>
<Placemark><name>5231293227</name><styleUrl>#mapDaimonCorBranco</styleUrl><Point><coordinates>-47.215432,-8.470842,0</coordinates></Point></Placemark>
<Placemark><name>8830622227</name><styleUrl>#mapDaimonCorAzul</styleUrl><Point><coordinates>-47.077121,-8.536531,0</coordinates></Point></Placemark>
<Placemark><name>8827958227</name><styleUrl>#mapDaimonCorAzul</styleUrl><Point><coordinates>-47.037841,-8.534295,0</coordinates></Point></Placemark>
<Placemark><name>8829586227</name><styleUrl>#mapDaimonCorAzul</styleUrl><Point><coordinates>-47.000380,-8.521162,0</coordinates></Point></Placemark>
<Placemark><name>8837831227</name><styleUrl>#mapDaimonCorAzul</styleUrl><Point><coordinates>-46.972493,-8.639784,0</coordinates></Point></Placemark>
<Placemark><name>8830742227</name><styleUrl>#mapDaimonCorAzul</styleUrl><Point><coordinates>-46.962571,-8.534568,0</coordinates></Point></Placemark>
<Placemark><name>8031218104</name><styleUrl>#mapDaimonCorBranco</styleUrl><Point><coordinates>-47.603039,-8.860238,0</coordinates></Point></Placemark>
<Placemark><name>8839107227</name><styleUrl>#mapDaimonCorAzul</styleUrl><Point><coordinates>-47.239498,-8.727900,0</coordinates></Point></Placemark>
<Placemark><name>8000306104</name><styleUrl>#mapDaimonCorBranco</styleUrl><Point><coordinates>-47.778534,-8.787861,0</coordinates></Point></Placemark>
<Placemark><name>8034850227</name><styleUrl>#mapDaimonCorBranco</styleUrl><Point><coordinates>-47.380969,-8.796343,0</coordinates></Point></Placemark>
<Placemark><name>8000171018</name><styleUrl>#mapDaimonCorBranco</styleUrl><Point><coordinates>-48.020434,-8.895586,0</coordinates></Point></Placemark>
<Placemark><name>8025730078</name><styleUrl>#mapDaimonCorBranco</styleUrl><Point><coordinates>-47.739609,-8.714236,0</coordinates></Point></Placemark>
<Placemark><name>8025622104</name><styleUrl>#mapDaimonCorBranco</styleUrl><Point><coordinates>-47.748222,-8.769972,0</coordinates></Point></Placemark>
<Placemark><name>8031219078</name><styleUrl>#mapDaimonCorBranco</styleUrl><Point><coordinates>-47.748313,-8.607128,0</coordinates></Point></Placemark>
<Placemark><name>8025621104</name><styleUrl>#mapDaimonCorBranco</styleUrl><Point><coordinates>-47.756930,-8.781036,0</coordinates></Point></Placemark>
<Placemark><name>8043337227</name><styleUrl>#mapDaimonCorBranco</styleUrl><Point><coordinates>-47.169118,-8.787218,0</coordinates></Point></Placemark>
<Placemark><name>8036078018</name><styleUrl>#mapDaimonCorBranco</styleUrl><Point><coordinates>-48.048604,-8.935716,0</coordinates></Point></Placemark>
</Folder><Folder><name>Trecho</name>
<Placemark><name>3563661</name><styleUrl>#styleDaimonCIRCUITO240TRECHO</styleUrl><LineString><coordinates>-48.175268,-8.978901,0 -48.175210,-8.978887,0</coordinates></LineString></Placemark>
<Placemark><name>3587867</name><styleUrl>#styleDaimonCIRCUITO240TRECHO</styleUrl><LineString><coordinates>-48.175210,-8.978887,0 -48.175072,-8.978850,0</coordinates></LineString></Placemark>
<Placemark><name>2979166</name><styleUrl>#styleDaimonCIRCUITO240TRECHO</styleUrl><LineString><coordinates>-48.175072,-8.978850,0 -48.174927,-8.978814,0</coordinates></LineString></Placemark>
<Placemark><name>12110825</name><styleUrl>#styleDaimonCIRCUITO240TRECHO</styleUrl><LineString><coordinates>-48.174927,-8.978814,0 -48.174902,-8.978828,0</coordinates></LineString></Placemark>
<Placemark><name>3626989</name><styleUrl>#styleDaimonCIRCUITO240TRECHO</styleUrl><LineString><coordinates>-48.174902,-8.978828,0 -48.174761,-8.979118,0</coordinates></LineString></Placemark>
<Placemark><name>12117245</name><styleUrl>#styleDaimonCIRCUITO240TRECHO</styleUrl><LineString><coordinates>-48.174761,-8.979118,0 -48.174747,-8.979151,0</coordinates></LineString></Placemark>
<Placemark><name>3188062</name><styleUrl>#styleDaimonCIRCUITO240TRECHO</styleUrl><LineString><coordinates>-48.174747,-8.979151,0 -48.173392,-8.982415,0</coordinates></LineString></Placemark>
<Placemark><name>27396564</name><styleUrl>#styleDaimonCIRCUITO240TRECHO</styleUrl><LineString><coordinates>-48.173392,-8.982415,0 -48.172731,-8.984077,0</coordinates></LineString></Placemark>
<Placemark><name>12105521</name><styleUrl>#styleDaimonCIRCUITO240TRECHO</styleUrl><LineString><coordinates>-48.172731,-8.984077,0 -48.172709,-8.984087,0</coordinates></LineString></Placemark>
<Placemark><name>2945503</name><styleUrl>#styleDaimonCIRCUITO240TRECHO</styleUrl><LineString><coordinates>-48.172709,-8.984087,0 -48.170311,-8.983214,0</coordinates></LineString></Placemark>
<Placemark><name>27580685</name><styleUrl>#styleDaimonCIRCUITO240TRECHO</styleUrl><LineString><coordinates>-48.170311,-8.983214,0 -48.170281,-8.983205,0</coordinates></LineString></Placemark>
<Placemark><name>27580673</name><styleUrl>#styleDaimonCIRCUITO240TRECHO</styleUrl><LineString><coordinates>-48.170281,-8.983205,0 -48.170166,-8.983202,0</coordinates></LineString></Placemark>
<Placemark><name>12112210</name><styleUrl>#styleDaimonCIRCUITO240TRECHO</styleUrl><LineString><coordinates>-48.170166,-8.983202,0 -48.170143,-8.983211,0</coordinates></LineString></Placemark>
<Placemark><name>2961490</name><styleUrl>#styleDaimonCIRCUITO240TRECHO</styleUrl><LineString><coordinates>-48.170143,-8.983211,0 -48.169927,-8.983854,0</coordinates></LineString></Placemark>
<Placemark><name>12112211</name><styleUrl>#styleDaimonCIRCUITO240TRECHO</styleUrl><LineString><coordinates>-48.169927,-8.983854,0 -48.169906,-8.983877,0</coordinates></LineString></Placemark>
<Placemark><name>3466561</name><styleUrl>#styleDaimonCIRCUITO240TRECHO</styleUrl><LineString><coordinates>-48.169906,-8.983877,0 -48.167524,-8.982746,0</coordinates></LineString></Placemark>
<Placemark><name>12112207</name><styleUrl>#styleDaimonCIRCUITO240TRECHO</styleUrl><LineString><coordinates>-48.167524,-8.982746,0 -48.167493,-8.982731,0</coordinates></LineString></Placemark>
<Placemark><name>3169120</name><styleUrl>#styleDaimonCIRCUITO240TRECHO</styleUrl><LineString><coordinates>-48.167493,-8.982731,0 -48.165712,-8.982138,0</coordinates></LineString></Placemark>
<Placemark><name>3536436</name><styleUrl>#styleDaimonCIRCUITO240TRECHO</styleUrl><LineString><coordinates>-48.165712,-8.982138,0 -48.165850,-8.981859,0</coordinates></LineString></Placemark>
<Placemark><name>3536435</name><styleUrl>#styleDaimonCIRCUITO240TRECHO</styleUrl><LineString><coordinates>-48.165712,-8.982138,0 -48.165678,-8.982128,0</coordinates></LineString></Placemark>
<Placemark><name>3186559</name><styleUrl>#styleDaimonCIRCUITO240TRECHO</styleUrl><LineString><coordinates>-48.165712,-8.982138,0 -48.165033,-8.983519,0</coordinates></LineString></Placemark>
<Placemark><name>12088038</name><styleUrl>#styleDaimonCIRCUITO240TRECHO</styleUrl><LineString><coordinates>-48.165033,-8.983519,0 -48.165019,-8.983513,0</coordinates></LineString></Placemark>
<Placemark><name>3186561</name><styleUrl>#styleDaimonCIRCUITO240TRECHO</styleUrl><LineString><coordinates>-48.165033,-8.983519,0 -48.164892,-8.983788,0</coordinates></LineString></Placemark>
<Placemark><name>3186560</name><styleUrl>#styleDaimonCIRCUITO240TRECHO</styleUrl><LineString><coordinates>-48.165019,-8.983513,0 -48.164833,-8.983489,0</coordinates></LineString></Placemark>
<Placemark><name>12112093</name><styleUrl>#styleDaimonCIRCUITO240TRECHO</styleUrl><LineString><coordinates>-48.164833,-8.983489,0 -48.164816,-8.983487,0</coordinates></LineString></Placemark>
<Placemark><name>3108673</name><styleUrl>#styleDaimonCIRCUITO240TRECHO</styleUrl><LineString><coordinates>-48.164816,-8.983487,0 -48.164833,-8.983272,0</coordinates></LineString></Placemark>
<Placemark><name>3108674</name><styleUrl>#styleDaimonCIRCUITO240TRECHO</styleUrl><LineString><coordinates>-48.164816,-8.983487,0 -48.164797,-8.983607,0</coordinates></LineString></Placemark>
<Placemark><name>12082801</name><styleUrl>#styleDaimonCIRCUITO240TRECHO</styleUrl><LineString><coordinates>-48.164833,-8.983272,0 -48.164836,-8.983237,0</coordinates></LineString></Placemark>
<Placemark><name>3108671</name><styleUrl>#styleDaimonCIRCUITO240TRECHO</styleUrl><LineString><coordinates>-48.164836,-8.983237,0 -48.164969,-8.981467,0</coordinates></LineString></Placemark>
<Placemark><name>12110718</name><styleUrl>#styleDaimonCIRCUITO240TRECHO</styleUrl><LineString><coordinates>-48.164969,-8.981467,0 -48.164958,-8.981455,0</coordinates></LineString></Placemark>
<Placemark><name>3186556</name><styleUrl>#styleDaimonCIRCUITO240TRECHO</styleUrl><LineString><coordinates>-48.164969,-8.981467,0 -48.164986,-8.981260,0</coordinates></LineString></Placemark>
<Placemark><name>2535384</name><styleUrl>#styleDaimonCIRCUITO240TRECHO</styleUrl><LineString><coordinates>-48.164958,-8.981455,0 -48.163624,-8.980326,0</coordinates></LineString></Placemark>
<Placemark><name>3108378</name><styleUrl>#styleDaimonCIRCUITO240TRECHO</styleUrl><LineString><coordinates>-48.163624,-8.980326,0 -48.163597,-8.980354,0</coordinates></LineString></Placemark>
<Placemark><name>2976143</name><styleUrl>#styleDaimonCIRCUITO240TRECHO</styleUrl><LineString><coordinates>-48.160207,-8.979143,0 -48.158891,-8.978957,0</coordinates></LineString></Placemark>
<Placemark><name>12082211</name><styleUrl>#styleDaimonCIRCUITO240TRECHO</styleUrl><LineString><coordinates>-48.160241,-8.979147,0 -48.160207,-8.979143,0</coordinates></LineString></Placemark>
<Placemark><name>2976144</name><styleUrl>#styleDaimonCIRCUITO240TRECHO</styleUrl><LineString><coordinates>-48.163286,-8.980209,0 -48.160241,-8.979147,0</coordinates></LineString></Placemark>
<Placemark><name>3097374</name><styleUrl>#styleDaimonCIRCUITO240TRECHO</styleUrl><LineString><coordinates>-48.160241,-8.979147,0 -48.160217,-8.979180,0</coordinates></LineString></Placemark>
<Placemark><name>3666734</name><styleUrl>#styleDaimonCIRCUITO240TRECHO</styleUrl><LineString><coordinates>-48.175205,-8.978887,0 -48.175190,-8.978894,0</coordinates></LineString></Placemark>
<Placemark><name>12061890</name><styleUrl>#styleDaimonCIRCUITO240TRECHO</styleUrl><LineString><coordinates>-48.075360,-8.948818,0 -48.075367,-8.948803,0</coordinates></LineString></Placemark>
<Placemark><name>3091367</name><styleUrl>#styleDaimonCIRCUITO240TRECHO</styleUrl><LineString><coordinates>-48.075367,-8.948803,0 -48.075399,-8.948721,0</coordinates></LineString></Placemark>
<Placemark><name>3181260</name><styleUrl>#styleDaimonCIRCUITO240TRECHO</styleUrl><LineString><coordinates>-48.080227,-8.950249,0 -48.075360,-8.948818,0</coordinates></LineString></Placemark>
<Placemark><name>3080383</name><styleUrl>#styleDaimonCIRCUITO240TRECHO</styleUrl><LineString><coordinates>-48.075360,-8.948818,0 -48.066152,-8.947535,0</coordinates></LineString></Placemark>
<Placemark><name>12112430</name><styleUrl>#styleDaimonCIRCUITO240TRECHO</styleUrl><LineString><coordinates>-48.080260,-8.950257,0 -48.080227,-8.950249,0</coordinates></LineString></Placemark>
<Placemark><name>12112431</name><styleUrl>#styleDaimonCIRCUITO240TRECHO</styleUrl><LineString><coordinates>-48.066152,-8.947535,0 -48.066118,-8.947533,0</coordinates></LineString></Placemark>
<Placemark><name>3647740</name><styleUrl>#styleDaimonCIRCUITO240TRECHO</styleUrl><LineString><coordinates>-48.081771,-8.950687,0 -48.080260,-8.950257,0</coordinates></LineString></Placemark>
<Placemark><name>3080373</name><styleUrl>#styleDaimonCIRCUITO240TRECHO</styleUrl><LineString><coordinates>-48.066118,-8.947533,0 -48.064907,-8.947287,0</coordinates></LineString></Placemark>
<Placemark><name>12112429</name><styleUrl>#styleDaimonCIRCUITO240TRECHO</styleUrl><LineString><coordinates>-48.081803,-8.950697,0 -48.081771,-8.950687,0</coordinates></LineString></Placemark>
<Placemark><name>12112432</name><styleUrl>#styleDaimonCIRCUITO240TRECHO</styleUrl><LineString><coordinates>-48.064907,-8.947287,0 -48.064874,-8.947280,0</coordinates></LineString></Placemark>
<Placemark><name>3465537</name><styleUrl>#styleDaimonCIRCUITO240TRECHO</styleUrl><LineString><coordinates>-48.085703,-8.951865,0 -48.081803,-8.950697,0</coordinates></LineString></Placemark>
<Placemark><name>3188436</name><styleUrl>#styleDaimonCIRCUITO240TRECHO</styleUrl><LineString><coordinates>-48.064874,-8.947280,0 -48.063711,-8.946994,0</coordinates></LineString></Placemark>
<Placemark><name>12105305</name><styleUrl>#styleDaimonCIRCUITO240TRECHO</styleUrl><LineString><coordinates>-48.085736,-8.951870,0 -48.085703,-8.951865,0</coordinates></LineString></Placemark>
<Placemark><name>12112433</name><styleUrl>#styleDaimonCIRCUITO240TRECHO</styleUrl><LineString><coordinates>-48.063711,-8.946994,0 -48.063678,-8.946987,0</coordinates></LineString></Placemark>
<Placemark><name>3169628</name><styleUrl>#styleDaimonCIRCUITO240TRECHO</styleUrl><LineString><coordinates>-48.086114,-8.951931,0 -48.085736,-8.951870,0</coordinates></LineString></Placemark>
<Placemark><name>2995326</name><styleUrl>#styleDaimonCIRCUITO240TRECHO</styleUrl><LineString><coordinates>-48.063678,-8.946987,0 -48.062794,-8.946785,0</coordinates></LineString></Placemark>
<Placemark><name>55981040</name><styleUrl>#styleDaimonCIRCUITO240TRECHO</styleUrl><LineString><coordinates>-48.086114,-8.951931,0 -48.086090,-8.951943,0</coordinates></LineString></Placemark>
<Placemark><name>3169629</name><styleUrl>#styleDaimonCIRCUITO240TRECHO</styleUrl><LineString><coordinates>-48.087256,-8.952287,0 -48.086114,-8.951931,0</coordinates></LineString></Placemark>
<Placemark><name>12048763</name><styleUrl>#styleDaimonCIRCUITO240TRECHO</styleUrl><LineString><coordinates>-48.062794,-8.946785,0 -48.062807,-8.946775,0</coordinates></LineString></Placemark>
<Placemark><name>3171387</name><styleUrl>#styleDaimonCIRCUITO240TRECHO</styleUrl><LineString><coordinates>-48.062794,-8.946785,0 -48.059625,-8.946098,0</coordinates></LineString></Placemark>
<Placemark><name>12105304</name><styleUrl>#styleDaimonCIRCUITO240TRECHO</styleUrl><LineString><coordinates>-48.087289,-8.952297,0 -48.087256,-8.952287,0</coordinates></LineString></Placemark>
<Placemark><name>2995327</name><styleUrl>#styleDaimonCIRCUITO240TRECHO</styleUrl><LineString><coordinates>-48.062807,-8.946775,0 -48.063128,-8.946496,0</coordinates></LineString></Placemark>
<Placemark><name>2905412</name><styleUrl>#styleDaimonCIRCUITO240TRECHO</styleUrl><LineString><coordinates>-48.059625,-8.946098,0 -48.055615,-8.944198,0</coordinates></LineString></Placemark>
<Placemark><name>3188957</name><styleUrl>#styleDaimonCIRCUITO240TRECHO</styleUrl><LineString><coordinates>-48.091200,-8.953472,0 -48.087289,-8.952297,0</coordinates></LineString></Placemark>
<Placemark><name>12141909</name><styleUrl>#styleDaimonCIRCUITO240TRECHO</styleUrl><LineString><coordinates>-48.055615,-8.944198,0 -48.055603,-8.944210,0</coordinates></LineString></Placemark>
<Placemark><name>2536802</name><styleUrl>#styleDaimonCIRCUITO240TRECHO</styleUrl><LineString><coordinates>-48.055615,-8.944198,0 -48.054859,-8.943744,0</coordinates></LineString></Placemark>
<Placemark><name>12105303</name><styleUrl>#styleDaimonCIRCUITO240TRECHO</styleUrl><LineString><coordinates>-48.091233,-8.953481,0 -48.091200,-8.953472,0</coordinates></LineString></Placemark>
<Placemark><name>2905279</name><styleUrl>#styleDaimonCIRCUITO240TRECHO</styleUrl><LineString><coordinates>-48.055603,-8.944210,0 -48.054996,-8.944792,0</coordinates></LineString></Placemark>
<Placemark><name>12082458</name><styleUrl>#styleDaimonCIRCUITO240TRECHO</styleUrl><LineString><coordinates>-48.054859,-8.943744,0 -48.054832,-8.943724,0</coordinates></LineString></Placemark>
<Placemark><name>2994353</name><styleUrl>#styleDaimonCIRCUITO240TRECHO</styleUrl><LineString><coordinates>-48.095036,-8.954571,0 -48.091233,-8.953481,0</coordinates></LineString></Placemark>
<Placemark><name>2536673</name><styleUrl>#styleDaimonCIRCUITO240TRECHO</styleUrl><LineString><coordinates>-48.054832,-8.943724,0 -48.049820,-8.938516,0</coordinates></LineString></Placemark>
<Placemark><name>12061484</name><styleUrl>#styleDaimonCIRCUITO240TRECHO</styleUrl><LineString><coordinates>-48.095036,-8.954571,0 -48.095038,-8.954553,0</coordinates></LineString></Placemark>
<Placemark><name>3098581</name><styleUrl>#styleDaimonCIRCUITO240TRECHO</styleUrl><LineString><coordinates>-48.106525,-8.957811,0 -48.095036,-8.954571,0</coordinates></LineString></Placemark>
<Placemark><name>2905439</name><styleUrl>#styleDaimonCIRCUITO240TRECHO</styleUrl><LineString><coordinates>-48.049820,-8.938516,0 -48.048604,-8.936395,0</coordinates></LineString></Placemark>
<Placemark><name>3206956</name><styleUrl>#styleDaimonCIRCUITO240TRECHO</styleUrl><LineString><coordinates>-48.095038,-8.954553,0 -48.095052,-8.954393,0</coordinates></LineString></Placemark>
<Placemark><name>12111631</name><styleUrl>#styleDaimonCIRCUITO240TRECHO</styleUrl><LineString><coordinates>-48.106557,-8.957821,0 -48.106525,-8.957811,0</coordinates></LineString></Placemark>
<Placemark><name>12082459</name><styleUrl>#styleDaimonCIRCUITO240TRECHO</styleUrl><LineString><coordinates>-48.048604,-8.936395,0 -48.048598,-8.936362,0</coordinates></LineString></Placemark>
<Placemark><name>3606024</name><styleUrl>#styleDaimonCIRCUITO240TRECHO</styleUrl><LineString><coordinates>-48.107793,-8.958221,0 -48.106557,-8.957821,0</coordinates></LineString></Placemark>
<Placemark><name>2950271</name><styleUrl>#styleDaimonCIRCUITO240TRECHO</styleUrl><LineString><coordinates>-48.048598,-8.936362,0 -48.048573,-8.935752,0</coordinates></LineString></Placemark>
<Placemark><name>12111630</name><styleUrl>#styleDaimonCIRCUITO240TRECHO</styleUrl><LineString><coordinates>-48.107809,-8.958225,0 -48.107793,-8.958221,0</coordinates></LineString></Placemark>
<Placemark><name>3661596</name><styleUrl>#styleDaimonCIRCUITO240TRECHO</styleUrl><LineString><coordinates>-48.048573,-8.935752,0 -48.048605,-8.935717,0</coordinates></LineString></Placemark>
<Placemark><name>3091229</name><styleUrl>#styleDaimonCIRCUITO240TRECHO</styleUrl><LineString><coordinates>-48.110279,-8.958976,0 -48.107809,-8.958225,0</coordinates></LineString></Placemark>
<Placemark><name>12174697</name><styleUrl>#styleDaimonCIRCUITO240TRECHO</styleUrl><LineString><coordinates>-48.110279,-8.958976,0 -48.110276,-8.958992,0</coordinates></LineString></Placemark>
<Placemark><name>3478124</name><styleUrl>#styleDaimonCIRCUITO240TRECHO</styleUrl><LineString><coordinates>-48.111829,-8.959365,0 -48.110279,-8.958976,0</coordinates></LineString></Placemark>
<Placemark><name>3478125</name><styleUrl>#styleDaimonCIRCUITO240TRECHO</styleUrl><LineString><coordinates>-48.110276,-8.958992,0 -48.110072,-8.959774,0</coordinates></LineString></Placemark>
<Placemark><name>12111629</name><styleUrl>#styleDaimonCIRCUITO240TRECHO</styleUrl><LineString><coordinates>-48.111845,-8.959369,0 -48.111829,-8.959365,0</coordinates></LineString></Placemark>
<Placemark><name>3477854</name><styleUrl>#styleDaimonCIRCUITO240TRECHO</styleUrl><LineString><coordinates>-48.113424,-8.959769,0 -48.111845,-8.959369,0</coordinates></LineString></Placemark>
<Placemark><name>12111628</name><styleUrl>#styleDaimonCIRCUITO240TRECHO</styleUrl><LineString><coordinates>-48.113456,-8.959778,0 -48.113424,-8.959769,0</coordinates></LineString></Placemark>
<Placemark><name>3477853</name><styleUrl>#styleDaimonCIRCUITO240TRECHO</styleUrl><LineString><coordinates>-48.116442,-8.960692,0 -48.113456,-8.959778,0</coordinates></LineString></Placemark>
<Placemark><name>12111627</name><styleUrl>#styleDaimonCIRCUITO240TRECHO</styleUrl><LineString><coordinates>-48.116474,-8.960703,0 -48.116442,-8.960692,0</coordinates></LineString></Placemark>
<Placemark><name>3477849</name><styleUrl>#styleDaimonCIRCUITO240TRECHO</styleUrl><LineString><coordinates>-48.118043,-8.961235,0 -48.116474,-8.960703,0</coordinates></LineString></Placemark>
<Placemark><name>12111626</name><styleUrl>#styleDaimonCIRCUITO240TRECHO</styleUrl><LineString><coordinates>-48.118075,-8.961245,0 -48.118043,-8.961235,0</coordinates></LineString></Placemark>
<Placemark><name>3477840</name><styleUrl>#styleDaimonCIRCUITO240TRECHO</styleUrl><LineString><coordinates>-48.126137,-8.963675,0 -48.118075,-8.961245,0</coordinates></LineString></Placemark>
<Placemark><name>12111625</name><styleUrl>#styleDaimonCIRCUITO240TRECHO</styleUrl><LineString><coordinates>-48.126169,-8.963685,0 -48.126137,-8.963675,0</coordinates></LineString></Placemark>
<Placemark><name>2987426</name><styleUrl>#styleDaimonCIRCUITO240TRECHO</styleUrl><LineString><coordinates>-48.128526,-8.964397,0 -48.126169,-8.963685,0</coordinates></LineString></Placemark>
<Placemark><name>2987424</name><styleUrl>#styleDaimonCIRCUITO240TRECHO</styleUrl><LineString><coordinates>-48.130897,-8.965115,0 -48.128526,-8.964397,0</coordinates></LineString></Placemark>
<Placemark><name>12065976</name><styleUrl>#styleDaimonCIRCUITO240TRECHO</styleUrl><LineString><coordinates>-48.130897,-8.965115,0 -48.130902,-8.965101,0</coordinates></LineString></Placemark>
<Placemark><name>2987420</name><styleUrl>#styleDaimonCIRCUITO240TRECHO</styleUrl><LineString><coordinates>-48.133710,-8.965970,0 -48.130897,-8.965115,0</coordinates></LineString></Placemark>
<Placemark><name>3603998</name><styleUrl>#styleDaimonCIRCUITO240TRECHO</styleUrl><LineString><coordinates>-48.130902,-8.965101,0 -48.130919,-8.965063,0</coordinates></LineString></Placemark>
<Placemark><name>T_0357644018</name><styleUrl>#styleDaimonCIRCUITO240TRECHO</styleUrl><LineString><coordinates>-48.133764,-8.965984,0 -48.133710,-8.965970,0</coordinates></LineString></Placemark>
<Placemark><name>2950034</name><styleUrl>#styleDaimonCIRCUITO240TRECHO</styleUrl><LineString><coordinates>-48.137211,-8.966779,0 -48.133764,-8.965984,0</coordinates></LineString></Placemark>
<Placemark><name>12061483</name><styleUrl>#styleDaimonCIRCUITO240TRECHO</styleUrl><LineString><coordinates>-48.137211,-8.966779,0 -48.137214,-8.966763,0</coordinates></LineString></Placemark>
<Placemark><name>3171081</name><styleUrl>#styleDaimonCIRCUITO240TRECHO</styleUrl><LineString><coordinates>-48.138055,-8.966852,0 -48.137211,-8.966779,0</coordinates></LineString></Placemark>
<Placemark><name>3171082</name><styleUrl>#styleDaimonCIRCUITO240TRECHO</styleUrl><LineString><coordinates>-48.137214,-8.966763,0 -48.137263,-8.966473,0</coordinates></LineString></Placemark>
<Placemark><name>3170859</name><styleUrl>#styleDaimonCIRCUITO240TRECHO</styleUrl><LineString><coordinates>-48.139669,-8.967073,0 -48.138055,-8.966852,0</coordinates></LineString></Placemark>
<Placemark><name>12111624</name><styleUrl>#styleDaimonCIRCUITO240TRECHO</styleUrl><LineString><coordinates>-48.139701,-8.967082,0 -48.139669,-8.967073,0</coordinates></LineString></Placemark>
<Placemark><name>2968748</name><styleUrl>#styleDaimonCIRCUITO240TRECHO</styleUrl><LineString><coordinates>-48.142910,-8.968430,0 -48.139701,-8.967082,0</coordinates></LineString></Placemark>
<Placemark><name>2968744</name><styleUrl>#styleDaimonCIRCUITO240TRECHO</styleUrl><LineString><coordinates>-48.146832,-8.969926,0 -48.142910,-8.968430,0</coordinates></LineString></Placemark>
<Placemark><name>12111623</name><styleUrl>#styleDaimonCIRCUITO240TRECHO</styleUrl><LineString><coordinates>-48.146862,-8.969938,0 -48.146832,-8.969926,0</coordinates></LineString></Placemark>
<Placemark><name>2968741</name><styleUrl>#styleDaimonCIRCUITO240TRECHO</styleUrl><LineString><coordinates>-48.147686,-8.970275,0 -48.146862,-8.969938,0</coordinates></LineString></Placemark>
<Placemark><name>2968740</name><styleUrl>#styleDaimonCIRCUITO240TRECHO</styleUrl><LineString><coordinates>-48.148438,-8.970579,0 -48.147686,-8.970275,0</coordinates></LineString></Placemark>
<Placemark><name>2968737</name><styleUrl>#styleDaimonCIRCUITO240TRECHO</styleUrl><LineString><coordinates>-48.150263,-8.971325,0 -48.148438,-8.970579,0</coordinates></LineString></Placemark>
<Placemark><name>2968735</name><styleUrl>#styleDaimonCIRCUITO240TRECHO</styleUrl><LineString><coordinates>-48.153648,-8.972443,0 -48.150263,-8.971325,0</coordinates></LineString></Placemark>
<Placemark><name>12111632</name><styleUrl>#styleDaimonCIRCUITO240TRECHO</styleUrl><LineString><coordinates>-48.153656,-8.972457,0 -48.153648,-8.972443,0</coordinates></LineString></Placemark>
<Placemark><name>3171579</name><styleUrl>#styleDaimonCIRCUITO240TRECHO</styleUrl><LineString><coordinates>-48.154706,-8.974447,0 -48.153656,-8.972457,0</coordinates></LineString></Placemark>
<Placemark><name>12105414</name><styleUrl>#styleDaimonCIRCUITO240TRECHO</styleUrl><LineString><coordinates>-48.154708,-8.974464,0 -48.154706,-8.974447,0</coordinates></LineString></Placemark>
<Placemark><name>3171574</name><styleUrl>#styleDaimonCIRCUITO240TRECHO</styleUrl><LineString><coordinates>-48.154966,-8.977505,0 -48.154708,-8.974464,0</coordinates></LineString></Placemark>
<Placemark><name>12105413</name><styleUrl>#styleDaimonCIRCUITO240TRECHO</styleUrl><LineString><coordinates>-48.154966,-8.977505,0 -48.154949,-8.977511,0</coordinates></LineString></Placemark>
<Placemark><name>2986663</name><styleUrl>#styleDaimonCIRCUITO240TRECHO</styleUrl><LineString><coordinates>-48.155058,-8.978284,0 -48.154966,-8.977505,0</coordinates></LineString></Placemark>
<Placemark><name>3171340</name><styleUrl>#styleDaimonCIRCUITO240TRECHO</styleUrl><LineString><coordinates>-48.154949,-8.977511,0 -48.154531,-8.977676,0</coordinates></LineString></Placemark>
<Placemark><name>12105412</name><styleUrl>#styleDaimonCIRCUITO240TRECHO</styleUrl><LineString><coordinates>-48.155076,-8.978303,0 -48.155058,-8.978284,0</coordinates></LineString></Placemark>
<Placemark><name>2976150</name><styleUrl>#styleDaimonCIRCUITO240TRECHO</styleUrl><LineString><coordinates>-48.155410,-8.978356,0 -48.155076,-8.978303,0</coordinates></LineString></Placemark>
<Placemark><name>32389662</name><styleUrl>#styleDaimonCIRCUITO240TRECHO</styleUrl><LineString><coordinates>-48.155799,-8.978418,0 -48.155410,-8.978356,0</coordinates></LineString></Placemark>
<Placemark><name>12126853</name><styleUrl>#styleDaimonCIRCUITO240TRECHO</styleUrl><LineString><coordinates>-48.155799,-8.978418,0 -48.155801,-8.978400,0</coordinates></LineString></Placemark>
<Placemark><name>12082213</name><styleUrl>#styleDaimonCIRCUITO240TRECHO</styleUrl><LineString><coordinates>-48.155815,-8.978421,0 -48.155799,-8.978418,0</coordinates></LineString></Placemark>
<Placemark><name>2976142</name><styleUrl>#styleDaimonCIRCUITO240TRECHO</styleUrl><LineString><coordinates>-48.155801,-8.978400,0 -48.155823,-8.978194,0</coordinates></LineString></Placemark>
<Placemark><name>2976149</name><styleUrl>#styleDaimonCIRCUITO240TRECHO</styleUrl><LineString><coordinates>-48.157224,-8.978670,0 -48.155815,-8.978421,0</coordinates></LineString></Placemark>
<Placemark><name>55981022</name><styleUrl>#styleDaimonCIRCUITO240TRECHO</styleUrl><LineString><coordinates>-48.155823,-8.978194,0 -48.155850,-8.978197,0</coordinates></LineString></Placemark>
<Placemark><name>71821444</name><styleUrl>#styleDaimonCIRCUITO240TRECHO</styleUrl><LineString><coordinates>-48.157312,-8.978686,0 -48.157224,-8.978670,0</coordinates></LineString></Placemark>
<Placemark><name>2976146</name><styleUrl>#styleDaimonCIRCUITO240TRECHO</styleUrl><LineString><coordinates>-48.158811,-8.978946,0 -48.157312,-8.978686,0</coordinates></LineString></Placemark>
<Placemark><name>3656102</name><styleUrl>#styleDaimonCIRCUITO240TRECHO</styleUrl><LineString><coordinates>-48.048572,-8.935750,0 -48.048556,-8.935731,0</coordinates></LineString></Placemark>
<Placemark><name>2993066</name><styleUrl>#styleDaimonCIRCUITO240TRECHO</styleUrl><LineString><coordinates>-48.086286,-8.970604,0 -48.093647,-8.980235,0</coordinates></LineString></Placemark>
<Placemark><name>3091068</name><styleUrl>#styleDaimonCIRCUITO240TRECHO</styleUrl><LineString><coordinates>-48.093647,-8.980235,0 -48.093905,-8.981410,0</coordinates></LineString></Placemark>
<Placemark><name>12061892</name><styleUrl>#styleDaimonCIRCUITO240TRECHO</styleUrl><LineString><coordinates>-48.086276,-8.970573,0 -48.086286,-8.970604,0</coordinates></LineString></Placemark>
<Placemark><name>3091069</name><styleUrl>#styleDaimonCIRCUITO240TRECHO</styleUrl><LineString><coordinates>-48.093905,-8.981410,0 -48.094137,-8.982475,0</coordinates></LineString></Placemark>
<Placemark><name>3181259</name><styleUrl>#styleDaimonCIRCUITO240TRECHO</styleUrl><LineString><coordinates>-48.086291,-8.969314,0 -48.086276,-8.970573,0</coordinates></LineString></Placemark>
<Placemark><name>12050018</name><styleUrl>#styleDaimonCIRCUITO240TRECHO</styleUrl><LineString><coordinates>-48.094137,-8.982475,0 -48.094127,-8.982504,0</coordinates></LineString></Placemark>
<Placemark><name>12061893</name><styleUrl>#styleDaimonCIRCUITO240TRECHO</styleUrl><LineString><coordinates>-48.086291,-8.969314,0 -48.086277,-8.969323,0</coordinates></LineString></Placemark>
<Placemark><name>2993076</name><styleUrl>#styleDaimonCIRCUITO240TRECHO</styleUrl><LineString><coordinates>-48.086125,-8.953116,0 -48.086291,-8.969314,0</coordinates></LineString></Placemark>
<Placemark><name>3096263</name><styleUrl>#styleDaimonCIRCUITO240TRECHO</styleUrl><LineString><coordinates>-48.094127,-8.982504,0 -48.088639,-8.988266,0</coordinates></LineString></Placemark>
<Placemark><name>2993071</name><styleUrl>#styleDaimonCIRCUITO240TRECHO</styleUrl><LineString><coordinates>-48.086277,-8.969323,0 -48.081400,-8.973145,0</coordinates></LineString></Placemark>
<Placemark><name>12061781</name><styleUrl>#styleDaimonCIRCUITO240TRECHO</styleUrl><LineString><coordinates>-48.086124,-8.953082,0 -48.086125,-8.953116,0</coordinates></LineString></Placemark>
<Placemark><name>2993064</name><styleUrl>#styleDaimonCIRCUITO240TRECHO</styleUrl><LineString><coordinates>-48.088639,-8.988266,0 -48.087847,-8.989091,0</coordinates></LineString></Placemark>
<Placemark><name>3169630</name><styleUrl>#styleDaimonCIRCUITO240TRECHO</styleUrl><LineString><coordinates>-48.086114,-8.951958,0 -48.086124,-8.953082,0</coordinates></LineString></Placemark>
<Placemark><name>55981041</name><styleUrl>#styleDaimonCIRCUITO240TRECHO</styleUrl><LineString><coordinates>-48.086114,-8.951958,0 -48.086093,-8.951945,0</coordinates></LineString></Placemark>
<Placemark><name>55981039</name><styleUrl>#styleDaimonCIRCUITO240TRECHO</styleUrl><LineString><coordinates>-48.086114,-8.951934,0 -48.086114,-8.951958,0</coordinates></LineString></Placemark>
<Placemark><name>2976139</name><styleUrl>#styleDaimonCIRCUITO240TRECHO</styleUrl><LineString><coordinates>-48.156959,-8.975941,0 -48.159044,-8.976320,0</coordinates></LineString></Placemark>
<Placemark><name>12126854</name><styleUrl>#styleDaimonCIRCUITO240TRECHO</styleUrl><LineString><coordinates>-48.156942,-8.975938,0 -48.156959,-8.975941,0</coordinates></LineString></Placemark>
<Placemark><name>55981021</name><styleUrl>#styleDaimonCIRCUITO240TRECHO</styleUrl><LineString><coordinates>-48.155835,-8.978169,0 -48.156942,-8.975938,0</coordinates></LineString></Placemark>
<Placemark><name>67682028</name><styleUrl>#styleDaimonCIRCUITO240TRECHO</styleUrl><LineString><coordinates>-48.156942,-8.975938,0 -48.157346,-8.975189,0</coordinates></LineString></Placemark>
<Placemark><name>2976141</name><styleUrl>#styleDaimonCIRCUITO240TRECHO</styleUrl><LineString><coordinates>-48.155835,-8.978169,0 -48.155849,-8.978194,0</coordinates></LineString></Placemark>
<Placemark><name>55981020</name><styleUrl>#styleDaimonCIRCUITO240TRECHO</styleUrl><LineString><coordinates>-48.155825,-8.978192,0 -48.155835,-8.978169,0</coordinates></LineString></Placemark>
<Placemark><name>2976136</name><styleUrl>#styleDaimonCIRCUITO240TRECHO</styleUrl><LineString><coordinates>-48.157346,-8.975189,0 -48.157481,-8.974941,0</coordinates></LineString></Placemark>
<Placemark><name>12126855</name><styleUrl>#styleDaimonCIRCUITO240TRECHO</styleUrl><LineString><coordinates>-48.157481,-8.974941,0 -48.157506,-8.974923,0</coordinates></LineString></Placemark>
<Placemark><name>2976135</name><styleUrl>#styleDaimonCIRCUITO240TRECHO</styleUrl><LineString><coordinates>-48.157506,-8.974923,0 -48.157795,-8.974880,0</coordinates></LineString></Placemark>
<Placemark><name>32475551</name><styleUrl>#styleDaimonCIRCUITO240TRECHO</styleUrl><LineString><coordinates>-48.157795,-8.974880,0 -48.161067,-8.974269,0</coordinates></LineString></Placemark>
<Placemark><name>2975861</name><styleUrl>#styleDaimonCIRCUITO240TRECHO</styleUrl><LineString><coordinates>-48.161067,-8.974269,0 -48.161505,-8.974148,0</coordinates></LineString></Placemark>
<Placemark><name>3656104</name><styleUrl>#styleDaimonCIRCUITO240TRECHO</styleUrl><LineString><coordinates>-48.048556,-8.935729,0 -48.048556,-8.935713,0</coordinates></LineString></Placemark>
<Placemark><name>3171385</name><styleUrl>#styleDaimonCIRCUITO240TRECHO</styleUrl><LineString><coordinates>-48.072253,-9.005103,0 -48.071732,-9.006315,0</coordinates></LineString></Placemark>
<Placemark><name>3188960</name><styleUrl>#styleDaimonCIRCUITO240TRECHO</styleUrl><LineString><coordinates>-48.071732,-9.006315,0 -48.069797,-9.007603,0</coordinates></LineString></Placemark>
<Placemark><name>12050260</name><styleUrl>#styleDaimonCIRCUITO240TRECHO</styleUrl><LineString><coordinates>-48.072271,-9.005074,0 -48.072253,-9.005103,0</coordinates></LineString></Placemark>
<Placemark><name>12050259</name><styleUrl>#styleDaimonCIRCUITO240TRECHO</styleUrl><LineString><coordinates>-48.072253,-9.005103,0 -48.072274,-9.005096,0</coordinates></LineString></Placemark>
<Placemark><name>3080377</name><styleUrl>#styleDaimonCIRCUITO240TRECHO</styleUrl><LineString><coordinates>-48.069797,-9.007603,0 -48.065431,-9.009891,0</coordinates></LineString></Placemark>
<Placemark><name>3091370</name><styleUrl>#styleDaimonCIRCUITO240TRECHO</styleUrl><LineString><coordinates>-48.077119,-9.000103,0 -48.072271,-9.005074,0</coordinates></LineString></Placemark>
<Placemark><name>3091372</name><styleUrl>#styleDaimonCIRCUITO240TRECHO</styleUrl><LineString><coordinates>-48.072274,-9.005096,0 -48.078118,-9.006762,0</coordinates></LineString></Placemark>
<Placemark><name>12050258</name><styleUrl>#styleDaimonCIRCUITO240TRECHO</styleUrl><LineString><coordinates>-48.065431,-9.009891,0 -48.065400,-9.009905,0</coordinates></LineString></Placemark>
<Placemark><name>12061998</name><styleUrl>#styleDaimonCIRCUITO240TRECHO</styleUrl><LineString><coordinates>-48.077144,-9.000079,0 -48.077119,-9.000103,0</coordinates></LineString></Placemark>
<Placemark><name>3091319</name><styleUrl>#styleDaimonCIRCUITO240TRECHO</styleUrl><LineString><coordinates>-48.065400,-9.009905,0 -48.050530,-9.016783,0</coordinates></LineString></Placemark>
<Placemark><name>3181069</name><styleUrl>#styleDaimonCIRCUITO240TRECHO</styleUrl><LineString><coordinates>-48.078997,-8.998295,0 -48.077144,-9.000079,0</coordinates></LineString></Placemark>
<Placemark><name>12061999</name><styleUrl>#styleDaimonCIRCUITO240TRECHO</styleUrl><LineString><coordinates>-48.079020,-8.998270,0 -48.078997,-8.998295,0</coordinates></LineString></Placemark>
<Placemark><name>3180251</name><styleUrl>#styleDaimonCIRCUITO240TRECHO</styleUrl><LineString><coordinates>-48.080848,-8.996297,0 -48.079020,-8.998270,0</coordinates></LineString></Placemark>
<Placemark><name>12062000</name><styleUrl>#styleDaimonCIRCUITO240TRECHO</styleUrl><LineString><coordinates>-48.080848,-8.996297,0 -48.080863,-8.996305,0</coordinates></LineString></Placemark>
<Placemark><name>3456949</name><styleUrl>#styleDaimonCIRCUITO240TRECHO</styleUrl><LineString><coordinates>-48.087399,-8.989554,0 -48.080848,-8.996297,0</coordinates></LineString></Placemark>
<Placemark><name>3180250</name><styleUrl>#styleDaimonCIRCUITO240TRECHO</styleUrl><LineString><coordinates>-48.080863,-8.996305,0 -48.083028,-8.997369,0</coordinates></LineString></Placemark>
<Placemark><name>35760690</name><styleUrl>#styleDaimonCIRCUITO240TRECHO</styleUrl><LineString><coordinates>-48.087399,-8.989554,0 -48.087387,-8.989540,0</coordinates></LineString></Placemark>
<Placemark><name>35760712</name><styleUrl>#styleDaimonCIRCUITO240TRECHO</styleUrl><LineString><coordinates>-48.087803,-8.989138,0 -48.087399,-8.989554,0</coordinates></LineString></Placemark>
<Placemark><name>12051137</name><styleUrl>#styleDaimonCIRCUITO240TRECHO</styleUrl><LineString><coordinates>-48.083028,-8.997369,0 -48.083016,-8.997381,0</coordinates></LineString></Placemark>
<Placemark><name>3181254</name><styleUrl>#styleDaimonCIRCUITO240TRECHO</styleUrl><LineString><coordinates>-48.083028,-8.997369,0 -48.085293,-8.998578,0</coordinates></LineString></Placemark>
<Placemark><name>3188437</name><styleUrl>#styleDaimonCIRCUITO240TRECHO</styleUrl><LineString><coordinates>-48.083016,-8.997381,0 -48.082742,-8.997676,0</coordinates></LineString></Placemark>
<Placemark><name>3181255</name><styleUrl>#styleDaimonCIRCUITO240TRECHO</styleUrl><LineString><coordinates>-48.082742,-8.997676,0 -48.080079,-9.001432,0</coordinates></LineString></Placemark>
<Placemark><name>12082780</name><styleUrl>#styleDaimonCIRCUITO240TRECHO</styleUrl><LineString><coordinates>-48.048348,-8.934397,0 -48.048337,-8.934365,0</coordinates></LineString></Placemark>
<Placemark><name>2905275</name><styleUrl>#styleDaimonCIRCUITO240TRECHO</styleUrl><LineString><coordinates>-48.048337,-8.934365,0 -48.048027,-8.933488,0</coordinates></LineString></Placemark>
<Placemark><name>2950272</name><styleUrl>#styleDaimonCIRCUITO240TRECHO</styleUrl><LineString><coordinates>-48.048539,-8.935004,0 -48.048348,-8.934397,0</coordinates></LineString></Placemark>
<Placemark><name>12082781</name><styleUrl>#styleDaimonCIRCUITO240TRECHO</styleUrl><LineString><coordinates>-48.048027,-8.933488,0 -48.048016,-8.933456,0</coordinates></LineString></Placemark>
<Placemark><name>12082779</name><styleUrl>#styleDaimonCIRCUITO240TRECHO</styleUrl><LineString><coordinates>-48.048545,-8.935038,0 -48.048539,-8.935004,0</coordinates></LineString></Placemark>
<Placemark><name>2905276</name><styleUrl>#styleDaimonCIRCUITO240TRECHO</styleUrl><LineString><coordinates>-48.048016,-8.933456,0 -48.047378,-8.931151,0</coordinates></LineString></Placemark>
<Placemark><name>3615923</name><styleUrl>#styleDaimonCIRCUITO240TRECHO</styleUrl><LineString><coordinates>-48.048570,-8.935688,0 -48.048545,-8.935038,0</coordinates></LineString></Placemark>
<Placemark><name>3661595</name><styleUrl>#styleDaimonCIRCUITO240TRECHO</styleUrl><LineString><coordinates>-48.048570,-8.935688,0 -48.048603,-8.935715,0</coordinates></LineString></Placemark>
<Placemark><name>3656103</name><styleUrl>#styleDaimonCIRCUITO240TRECHO</styleUrl><LineString><coordinates>-48.048558,-8.935711,0 -48.048570,-8.935688,0</coordinates></LineString></Placemark>
<Placemark><name>12088347</name><styleUrl>#styleDaimonCIRCUITO240TRECHO</styleUrl><LineString><coordinates>-47.951216,-8.871532,0 -47.951184,-8.871522,0</coordinates></LineString></Placemark>
<Placemark><name>3180643</name><styleUrl>#styleDaimonCIRCUITO240TRECHO</styleUrl><LineString><coordinates>-47.951184,-8.871522,0 -47.949108,-8.871012,0</coordinates></LineString></Placemark>
<Placemark><name>3172641</name><styleUrl>#styleDaimonCIRCUITO240TRECHO</styleUrl><LineString><coordinates>-47.951184,-8.871522,0 -47.951186,-8.871558,0</coordinates></LineString></Placemark>
<Placemark><name>3180642</name><styleUrl>#styleDaimonCIRCUITO240TRECHO</styleUrl><LineString><coordinates>-47.954567,-8.872845,0 -47.951216,-8.871532,0</coordinates></LineString></Placemark>
<Placemark><name>12088346</name><styleUrl>#styleDaimonCIRCUITO240TRECHO</styleUrl><LineString><coordinates>-47.949108,-8.871012,0 -47.949076,-8.871003,0</coordinates></LineString></Placemark>
<Placemark><name>51978962</name><styleUrl>#styleDaimonCIRCUITO240TRECHO</styleUrl><LineString><coordinates>-47.949108,-8.871012,0 -47.948912,-8.871023,0</coordinates></LineString></Placemark>
<Placemark><name>12106539</name><styleUrl>#styleDaimonCIRCUITO240TRECHO</styleUrl><LineString><coordinates>-47.954597,-8.872859,0 -47.954567,-8.872845,0</coordinates></LineString></Placemark>
<Placemark><name>2536264</name><styleUrl>#styleDaimonCIRCUITO240TRECHO</styleUrl><LineString><coordinates>-47.954567,-8.872845,0 -47.954602,-8.872819,0</coordinates></LineString></Placemark>
<Placemark><name>3536075</name><styleUrl>#styleDaimonCIRCUITO240TRECHO</styleUrl><LineString><coordinates>-47.949076,-8.871003,0 -47.947446,-8.870553,0</coordinates></LineString></Placemark>
<Placemark><name>3172640</name><styleUrl>#styleDaimonCIRCUITO240TRECHO</styleUrl><LineString><coordinates>-47.949076,-8.871003,0 -47.949101,-8.870973,0</coordinates></LineString></Placemark>
<Placemark><name>3180640</name><styleUrl>#styleDaimonCIRCUITO240TRECHO</styleUrl><LineString><coordinates>-47.955090,-8.873173,0 -47.954597,-8.872859,0</coordinates></LineString></Placemark>
<Placemark><name>3536074</name><styleUrl>#styleDaimonCIRCUITO240TRECHO</styleUrl><LineString><coordinates>-47.947446,-8.870553,0 -47.947408,-8.870607,0</coordinates></LineString></Placemark>
<Placemark><name>3536076</name><styleUrl>#styleDaimonCIRCUITO240TRECHO</styleUrl><LineString><coordinates>-47.947446,-8.870553,0 -47.947334,-8.870521,0</coordinates></LineString></Placemark>
<Placemark><name>3536073</name><styleUrl>#styleDaimonCIRCUITO240TRECHO</styleUrl><LineString><coordinates>-47.947446,-8.870553,0 -47.947517,-8.870449,0</coordinates></LineString></Placemark>
<Placemark><name>12106538</name><styleUrl>#styleDaimonCIRCUITO240TRECHO</styleUrl><LineString><coordinates>-47.955118,-8.873192,0 -47.955090,-8.873173,0</coordinates></LineString></Placemark>
<Placemark><name>3623489</name><styleUrl>#styleDaimonCIRCUITO240TRECHO</styleUrl><LineString><coordinates>-47.947334,-8.870521,0 -47.947335,-8.870479,0</coordinates></LineString></Placemark>
<Placemark><name>3180641</name><styleUrl>#styleDaimonCIRCUITO240TRECHO</styleUrl><LineString><coordinates>-47.957137,-8.874661,0 -47.955118,-8.873192,0</coordinates></LineString></Placemark>
<Placemark><name>12088630</name><styleUrl>#styleDaimonCIRCUITO240TRECHO</styleUrl><LineString><coordinates>-47.957159,-8.874685,0 -47.957137,-8.874661,0</coordinates></LineString></Placemark>
<Placemark><name>3536295</name><styleUrl>#styleDaimonCIRCUITO240TRECHO</styleUrl><LineString><coordinates>-47.957296,-8.874885,0 -47.957159,-8.874685,0</coordinates></LineString></Placemark>
<Placemark><name>3536296</name><styleUrl>#styleDaimonCIRCUITO240TRECHO</styleUrl><LineString><coordinates>-47.957296,-8.874885,0 -47.957279,-8.874895,0</coordinates></LineString></Placemark>
<Placemark><name>3536297</name><styleUrl>#styleDaimonCIRCUITO240TRECHO</styleUrl><LineString><coordinates>-47.957296,-8.874885,0 -47.957501,-8.874777,0</coordinates></LineString></Placemark>
<Placemark><name>3536294</name><styleUrl>#styleDaimonCIRCUITO240TRECHO</styleUrl><LineString><coordinates>-47.958004,-8.876116,0 -47.957296,-8.874885,0</coordinates></LineString></Placemark>
<Placemark><name>12088629</name><styleUrl>#styleDaimonCIRCUITO240TRECHO</styleUrl><LineString><coordinates>-47.958015,-8.876147,0 -47.958004,-8.876116,0</coordinates></LineString></Placemark>
<Placemark><name>3487275</name><styleUrl>#styleDaimonCIRCUITO240TRECHO</styleUrl><LineString><coordinates>-47.958441,-8.877934,0 -47.958015,-8.876147,0</coordinates></LineString></Placemark>
<Placemark><name>12088628</name><styleUrl>#styleDaimonCIRCUITO240TRECHO</styleUrl><LineString><coordinates>-47.958443,-8.877951,0 -47.958441,-8.877934,0</coordinates></LineString></Placemark>
<Placemark><name>3487274</name><styleUrl>#styleDaimonCIRCUITO240TRECHO</styleUrl><LineString><coordinates>-47.958597,-8.878858,0 -47.958443,-8.877951,0</coordinates></LineString></Placemark>
<Placemark><name>12088627</name><styleUrl>#styleDaimonCIRCUITO240TRECHO</styleUrl><LineString><coordinates>-47.958601,-8.878875,0 -47.958597,-8.878858,0</coordinates></LineString></Placemark>
<Placemark><name>2905421</name><styleUrl>#styleDaimonCIRCUITO240TRECHO</styleUrl><LineString><coordinates>-47.959033,-8.880749,0 -47.958601,-8.878875,0</coordinates></LineString></Placemark>
<Placemark><name>12087025</name><styleUrl>#styleDaimonCIRCUITO240TRECHO</styleUrl><LineString><coordinates>-47.959035,-8.880765,0 -47.959033,-8.880749,0</coordinates></LineString></Placemark>
<Placemark><name>2536090</name><styleUrl>#styleDaimonCIRCUITO240TRECHO</styleUrl><LineString><coordinates>-47.959124,-8.881426,0 -47.959035,-8.880765,0</coordinates></LineString></Placemark>
<Placemark><name>12087024</name><styleUrl>#styleDaimonCIRCUITO240TRECHO</styleUrl><LineString><coordinates>-47.959128,-8.881442,0 -47.959124,-8.881426,0</coordinates></LineString></Placemark>
<Placemark><name>2536088</name><styleUrl>#styleDaimonCIRCUITO240TRECHO</styleUrl><LineString><coordinates>-47.959535,-8.883274,0 -47.959128,-8.881442,0</coordinates></LineString></Placemark>
<Placemark><name>12087023</name><styleUrl>#styleDaimonCIRCUITO240TRECHO</styleUrl><LineString><coordinates>-47.959543,-8.883308,0 -47.959535,-8.883274,0</coordinates></LineString></Placemark>
<Placemark><name>2536824</name><styleUrl>#styleDaimonCIRCUITO240TRECHO</styleUrl><LineString><coordinates>-47.959701,-8.884175,0 -47.959543,-8.883308,0</coordinates></LineString></Placemark>
<Placemark><name>12165347</name><styleUrl>#styleDaimonCIRCUITO240TRECHO</styleUrl><LineString><coordinates>-47.959701,-8.884175,0 -47.959685,-8.884179,0</coordinates></LineString></Placemark>
<Placemark><name>2951254</name><styleUrl>#styleDaimonCIRCUITO240TRECHO</styleUrl><LineString><coordinates>-47.960390,-8.887686,0 -47.959701,-8.884175,0</coordinates></LineString></Placemark>
<Placemark><name>3099252</name><styleUrl>#styleDaimonCIRCUITO240TRECHO</styleUrl><LineString><coordinates>-47.959685,-8.884179,0 -47.958981,-8.884311,0</coordinates></LineString></Placemark>
<Placemark><name>12106325</name><styleUrl>#styleDaimonCIRCUITO240TRECHO</styleUrl><LineString><coordinates>-47.960392,-8.887720,0 -47.960390,-8.887686,0</coordinates></LineString></Placemark>
<Placemark><name>2951259</name><styleUrl>#styleDaimonCIRCUITO240TRECHO</styleUrl><LineString><coordinates>-47.960216,-8.889565,0 -47.960392,-8.887720,0</coordinates></LineString></Placemark>
<Placemark><name>12106324</name><styleUrl>#styleDaimonCIRCUITO240TRECHO</styleUrl><LineString><coordinates>-47.960219,-8.889598,0 -47.960216,-8.889565,0</coordinates></LineString></Placemark>
<Placemark><name>2951260</name><styleUrl>#styleDaimonCIRCUITO240TRECHO</styleUrl><LineString><coordinates>-47.960886,-8.891852,0 -47.960219,-8.889598,0</coordinates></LineString></Placemark>
<Placemark><name>12087946</name><styleUrl>#styleDaimonCIRCUITO240TRECHO</styleUrl><LineString><coordinates>-47.960895,-8.891885,0 -47.960886,-8.891852,0</coordinates></LineString></Placemark>
<Placemark><name>3214552</name><styleUrl>#styleDaimonCIRCUITO240TRECHO</styleUrl><LineString><coordinates>-47.961367,-8.893480,0 -47.960895,-8.891885,0</coordinates></LineString></Placemark>
<Placemark><name>12106530</name><styleUrl>#styleDaimonCIRCUITO240TRECHO</styleUrl><LineString><coordinates>-47.961387,-8.893505,0 -47.961367,-8.893480,0</coordinates></LineString></Placemark>
<Placemark><name>2536212</name><styleUrl>#styleDaimonCIRCUITO240TRECHO</styleUrl><LineString><coordinates>-47.964386,-8.895432,0 -47.961387,-8.893505,0</coordinates></LineString></Placemark>
<Placemark><name>12172292</name><styleUrl>#styleDaimonCIRCUITO240TRECHO</styleUrl><LineString><coordinates>-47.964386,-8.895432,0 -47.964381,-8.895458,0</coordinates></LineString></Placemark>
<Placemark><name>3469343</name><styleUrl>#styleDaimonCIRCUITO240TRECHO</styleUrl><LineString><coordinates>-47.964968,-8.895862,0 -47.964386,-8.895432,0</coordinates></LineString></Placemark>
<Placemark><name>3469344</name><styleUrl>#styleDaimonCIRCUITO240TRECHO</styleUrl><LineString><coordinates>-47.964381,-8.895458,0 -47.964338,-8.895657,0</coordinates></LineString></Placemark>
<Placemark><name>3469340</name><styleUrl>#styleDaimonCIRCUITO240TRECHO</styleUrl><LineString><coordinates>-47.965520,-8.896185,0 -47.964968,-8.895862,0</coordinates></LineString></Placemark>
<Placemark><name>3469341</name><styleUrl>#styleDaimonCIRCUITO240TRECHO</styleUrl><LineString><coordinates>-47.966027,-8.896504,0 -47.965520,-8.896185,0</coordinates></LineString></Placemark>
<Placemark><name>12106529</name><styleUrl>#styleDaimonCIRCUITO240TRECHO</styleUrl><LineString><coordinates>-47.966056,-8.896523,0 -47.966027,-8.896504,0</coordinates></LineString></Placemark>
<Placemark><name>3469342</name><styleUrl>#styleDaimonCIRCUITO240TRECHO</styleUrl><LineString><coordinates>-47.968139,-8.897821,0 -47.966056,-8.896523,0</coordinates></LineString></Placemark>
<Placemark><name>12106441</name><styleUrl>#styleDaimonCIRCUITO240TRECHO</styleUrl><LineString><coordinates>-47.968168,-8.897841,0 -47.968139,-8.897821,0</coordinates></LineString></Placemark>
<Placemark><name>3002343</name><styleUrl>#styleDaimonCIRCUITO240TRECHO</styleUrl><LineString><coordinates>-47.969376,-8.898583,0 -47.968168,-8.897841,0</coordinates></LineString></Placemark>
<Placemark><name>3001859</name><styleUrl>#styleDaimonCIRCUITO240TRECHO</styleUrl><LineString><coordinates>-47.971361,-8.899991,0 -47.969376,-8.898583,0</coordinates></LineString></Placemark>
<Placemark><name>2905249</name><styleUrl>#styleDaimonCIRCUITO240TRECHO</styleUrl><LineString><coordinates>-47.973166,-8.901619,0 -47.971361,-8.899991,0</coordinates></LineString></Placemark>
<Placemark><name>12082091</name><styleUrl>#styleDaimonCIRCUITO240TRECHO</styleUrl><LineString><coordinates>-47.973195,-8.901636,0 -47.973166,-8.901619,0</coordinates></LineString></Placemark>
<Placemark><name>2905248</name><styleUrl>#styleDaimonCIRCUITO240TRECHO</styleUrl><LineString><coordinates>-47.973905,-8.901914,0 -47.973195,-8.901636,0</coordinates></LineString></Placemark>
<Placemark><name>12087838</name><styleUrl>#styleDaimonCIRCUITO240TRECHO</styleUrl><LineString><coordinates>-47.973938,-8.901925,0 -47.973905,-8.901914,0</coordinates></LineString></Placemark>
<Placemark><name>2953346</name><styleUrl>#styleDaimonCIRCUITO240TRECHO</styleUrl><LineString><coordinates>-47.973905,-8.901914,0 -47.973936,-8.901886,0</coordinates></LineString></Placemark>
<Placemark><name>12031921</name><styleUrl>#styleDaimonCIRCUITO240TRECHO</styleUrl><LineString><coordinates>-47.973938,-8.901925,0 -47.973918,-8.901936,0</coordinates></LineString></Placemark>
<Placemark><name>3002211</name><styleUrl>#styleDaimonCIRCUITO240TRECHO</styleUrl><LineString><coordinates>-47.976304,-8.902774,0 -47.973938,-8.901925,0</coordinates></LineString></Placemark>
<Placemark><name>3002210</name><styleUrl>#styleDaimonCIRCUITO240TRECHO</styleUrl><LineString><coordinates>-47.973918,-8.901936,0 -47.973889,-8.902066,0</coordinates></LineString></Placemark>
<Placemark><name>12081879</name><styleUrl>#styleDaimonCIRCUITO240TRECHO</styleUrl><LineString><coordinates>-47.976334,-8.902788,0 -47.976304,-8.902774,0</coordinates></LineString></Placemark>
<Placemark><name>3001858</name><styleUrl>#styleDaimonCIRCUITO240TRECHO</styleUrl><LineString><coordinates>-47.976304,-8.902774,0 -47.976306,-8.902814,0</coordinates></LineString></Placemark>
<Placemark><name>2536657</name><styleUrl>#styleDaimonCIRCUITO240TRECHO</styleUrl><LineString><coordinates>-47.977125,-8.903238,0 -47.976334,-8.902788,0</coordinates></LineString></Placemark>
<Placemark><name>12081878</name><styleUrl>#styleDaimonCIRCUITO240TRECHO</styleUrl><LineString><coordinates>-47.977155,-8.903255,0 -47.977125,-8.903238,0</coordinates></LineString></Placemark>
<Placemark><name>2536656</name><styleUrl>#styleDaimonCIRCUITO240TRECHO</styleUrl><LineString><coordinates>-47.978492,-8.904126,0 -47.977155,-8.903255,0</coordinates></LineString></Placemark>
<Placemark><name>12081877</name><styleUrl>#styleDaimonCIRCUITO240TRECHO</styleUrl><LineString><coordinates>-47.978521,-8.904143,0 -47.978492,-8.904126,0</coordinates></LineString></Placemark>
<Placemark><name>2536655</name><styleUrl>#styleDaimonCIRCUITO240TRECHO</styleUrl><LineString><coordinates>-47.979275,-8.904598,0 -47.978521,-8.904143,0</coordinates></LineString></Placemark>
<Placemark><name>12081876</name><styleUrl>#styleDaimonCIRCUITO240TRECHO</styleUrl><LineString><coordinates>-47.979297,-8.904623,0 -47.979275,-8.904598,0</coordinates></LineString></Placemark>
<Placemark><name>3469066</name><styleUrl>#styleDaimonCIRCUITO240TRECHO</styleUrl><LineString><coordinates>-47.979663,-8.905363,0 -47.979297,-8.904623,0</coordinates></LineString></Placemark>
<Placemark><name>12082092</name><styleUrl>#styleDaimonCIRCUITO240TRECHO</styleUrl><LineString><coordinates>-47.979688,-8.905377,0 -47.979663,-8.905363,0</coordinates></LineString></Placemark>
<Placemark><name>12127962</name><styleUrl>#styleDaimonCIRCUITO240TRECHO</styleUrl><LineString><coordinates>-47.979688,-8.905377,0 -47.979654,-8.905384,0</coordinates></LineString></Placemark>
<Placemark><name>3169087</name><styleUrl>#styleDaimonCIRCUITO240TRECHO</styleUrl><LineString><coordinates>-47.990463,-8.904052,0 -47.979688,-8.905377,0</coordinates></LineString></Placemark>
<Placemark><name>3469065</name><styleUrl>#styleDaimonCIRCUITO240TRECHO</styleUrl><LineString><coordinates>-47.979654,-8.905384,0 -47.979463,-8.905436,0</coordinates></LineString></Placemark>
<Placemark><name>12105655</name><styleUrl>#styleDaimonCIRCUITO240TRECHO</styleUrl><LineString><coordinates>-47.990498,-8.904049,0 -47.990463,-8.904052,0</coordinates></LineString></Placemark>
<Placemark><name>3001623</name><styleUrl>#styleDaimonCIRCUITO240TRECHO</styleUrl><LineString><coordinates>-47.992271,-8.903781,0 -47.990498,-8.904049,0</coordinates></LineString></Placemark>
<Placemark><name>12082090</name><styleUrl>#styleDaimonCIRCUITO240TRECHO</styleUrl><LineString><coordinates>-47.992305,-8.903778,0 -47.992271,-8.903781,0</coordinates></LineString></Placemark>
<Placemark><name>3001616</name><styleUrl>#styleDaimonCIRCUITO240TRECHO</styleUrl><LineString><coordinates>-47.993986,-8.903647,0 -47.992305,-8.903778,0</coordinates></LineString></Placemark>
<Placemark><name>12082089</name><styleUrl>#styleDaimonCIRCUITO240TRECHO</styleUrl><LineString><coordinates>-47.994019,-8.903643,0 -47.993986,-8.903647,0</coordinates></LineString></Placemark>
<Placemark><name>3105180</name><styleUrl>#styleDaimonCIRCUITO240TRECHO</styleUrl><LineString><coordinates>-47.994907,-8.903443,0 -47.994019,-8.903643,0</coordinates></LineString></Placemark>
<Placemark><name>2905246</name><styleUrl>#styleDaimonCIRCUITO240TRECHO</styleUrl><LineString><coordinates>-48.005771,-8.902456,0 -47.994907,-8.903443,0</coordinates></LineString></Placemark>
<Placemark><name>12082088</name><styleUrl>#styleDaimonCIRCUITO240TRECHO</styleUrl><LineString><coordinates>-48.005805,-8.902458,0 -48.005771,-8.902456,0</coordinates></LineString></Placemark>
<Placemark><name>2993210</name><styleUrl>#styleDaimonCIRCUITO240TRECHO</styleUrl><LineString><coordinates>-48.006660,-8.902465,0 -48.005805,-8.902458,0</coordinates></LineString></Placemark>
<Placemark><name>12082087</name><styleUrl>#styleDaimonCIRCUITO240TRECHO</styleUrl><LineString><coordinates>-48.006694,-8.902465,0 -48.006660,-8.902465,0</coordinates></LineString></Placemark>
<Placemark><name>3090711</name><styleUrl>#styleDaimonCIRCUITO240TRECHO</styleUrl><LineString><coordinates>-48.018254,-8.904911,0 -48.006694,-8.902465,0</coordinates></LineString></Placemark>
<Placemark><name>12106420</name><styleUrl>#styleDaimonCIRCUITO240TRECHO</styleUrl><LineString><coordinates>-48.018254,-8.904911,0 -48.018258,-8.904895,0</coordinates></LineString></Placemark>
<Placemark><name>3172557</name><styleUrl>#styleDaimonCIRCUITO240TRECHO</styleUrl><LineString><coordinates>-48.019957,-8.905267,0 -48.018254,-8.904911,0</coordinates></LineString></Placemark>
<Placemark><name>3625724</name><styleUrl>#styleDaimonCIRCUITO240TRECHO</styleUrl><LineString><coordinates>-48.018258,-8.904895,0 -48.018475,-8.903916,0</coordinates></LineString></Placemark>
<Placemark><name>12106421</name><styleUrl>#styleDaimonCIRCUITO240TRECHO</styleUrl><LineString><coordinates>-48.019990,-8.905274,0 -48.019957,-8.905267,0</coordinates></LineString></Placemark>
<Placemark><name>12114902</name><styleUrl>#styleDaimonCIRCUITO240TRECHO</styleUrl><LineString><coordinates>-48.018475,-8.903916,0 -48.018483,-8.903886,0</coordinates></LineString></Placemark>
<Placemark><name>3080796</name><styleUrl>#styleDaimonCIRCUITO240TRECHO</styleUrl><LineString><coordinates>-48.024789,-8.906681,0 -48.019990,-8.905274,0</coordinates></LineString></Placemark>
<Placemark><name>3625721</name><styleUrl>#styleDaimonCIRCUITO240TRECHO</styleUrl><LineString><coordinates>-48.018483,-8.903886,0 -48.018827,-8.902402,0</coordinates></LineString></Placemark>
<Placemark><name>12087139</name><styleUrl>#styleDaimonCIRCUITO240TRECHO</styleUrl><LineString><coordinates>-48.024815,-8.906700,0 -48.024789,-8.906681,0</coordinates></LineString></Placemark>
<Placemark><name>12051576</name><styleUrl>#styleDaimonCIRCUITO240TRECHO</styleUrl><LineString><coordinates>-48.018827,-8.902402,0 -48.018842,-8.902407,0</coordinates></LineString></Placemark>
<Placemark><name>3172550</name><styleUrl>#styleDaimonCIRCUITO240TRECHO</styleUrl><LineString><coordinates>-48.018827,-8.902402,0 -48.019314,-8.900345,0</coordinates></LineString></Placemark>
<Placemark><name>3195810</name><styleUrl>#styleDaimonCIRCUITO240TRECHO</styleUrl><LineString><coordinates>-48.027279,-8.909271,0 -48.024815,-8.906700,0</coordinates></LineString></Placemark>
<Placemark><name>3172555</name><styleUrl>#styleDaimonCIRCUITO240TRECHO</styleUrl><LineString><coordinates>-48.018842,-8.902407,0 -48.019091,-8.902496,0</coordinates></LineString></Placemark>
<Placemark><name>12106419</name><styleUrl>#styleDaimonCIRCUITO240TRECHO</styleUrl><LineString><coordinates>-48.019314,-8.900345,0 -48.019322,-8.900312,0</coordinates></LineString></Placemark>
<Placemark><name>12106422</name><styleUrl>#styleDaimonCIRCUITO240TRECHO</styleUrl><LineString><coordinates>-48.027309,-8.909282,0 -48.027279,-8.909271,0</coordinates></LineString></Placemark>
<Placemark><name>12051577</name><styleUrl>#styleDaimonCIRCUITO240TRECHO</styleUrl><LineString><coordinates>-48.019091,-8.902496,0 -48.019113,-8.902517,0</coordinates></LineString></Placemark>
<Placemark><name>3172553</name><styleUrl>#styleDaimonCIRCUITO240TRECHO</styleUrl><LineString><coordinates>-48.019322,-8.900312,0 -48.020408,-8.895622,0</coordinates></LineString></Placemark>
<Placemark><name>3198540</name><styleUrl>#styleDaimonCIRCUITO240TRECHO</styleUrl><LineString><coordinates>-48.028230,-8.909264,0 -48.027309,-8.909282,0</coordinates></LineString></Placemark>
<Placemark><name>3172556</name><styleUrl>#styleDaimonCIRCUITO240TRECHO</styleUrl><LineString><coordinates>-48.019113,-8.902517,0 -48.019741,-8.903908,0</coordinates></LineString></Placemark>
<Placemark><name>3661214</name><styleUrl>#styleDaimonCIRCUITO240TRECHO</styleUrl><LineString><coordinates>-48.020408,-8.895622,0 -48.020383,-8.895584,0</coordinates></LineString></Placemark>
<Placemark><name>12106423</name><styleUrl>#styleDaimonCIRCUITO240TRECHO</styleUrl><LineString><coordinates>-48.028257,-8.909277,0 -48.028230,-8.909264,0</coordinates></LineString></Placemark>
<Placemark><name>12051578</name><styleUrl>#styleDaimonCIRCUITO240TRECHO</styleUrl><LineString><coordinates>-48.019741,-8.903908,0 -48.019763,-8.903930,0</coordinates></LineString></Placemark>
<Placemark><name>3198539</name><styleUrl>#styleDaimonCIRCUITO240TRECHO</styleUrl><LineString><coordinates>-48.030151,-8.912160,0 -48.028257,-8.909277,0</coordinates></LineString></Placemark>
<Placemark><name>3172559</name><styleUrl>#styleDaimonCIRCUITO240TRECHO</styleUrl><LineString><coordinates>-48.019763,-8.903930,0 -48.022275,-8.904830,0</coordinates></LineString></Placemark>
<Placemark><name>12106424</name><styleUrl>#styleDaimonCIRCUITO240TRECHO</styleUrl><LineString><coordinates>-48.030176,-8.912182,0 -48.030151,-8.912160,0</coordinates></LineString></Placemark>
<Placemark><name>12051579</name><styleUrl>#styleDaimonCIRCUITO240TRECHO</styleUrl><LineString><coordinates>-48.022275,-8.904830,0 -48.022306,-8.904842,0</coordinates></LineString></Placemark>
<Placemark><name>3198541</name><styleUrl>#styleDaimonCIRCUITO240TRECHO</styleUrl><LineString><coordinates>-48.030862,-8.912573,0 -48.030176,-8.912182,0</coordinates></LineString></Placemark>
<Placemark><name>3172558</name><styleUrl>#styleDaimonCIRCUITO240TRECHO</styleUrl><LineString><coordinates>-48.022306,-8.904842,0 -48.023570,-8.905303,0</coordinates></LineString></Placemark>
<Placemark><name>12172279</name><styleUrl>#styleDaimonCIRCUITO240TRECHO</styleUrl><LineString><coordinates>-48.030862,-8.912573,0 -48.030878,-8.912568,0</coordinates></LineString></Placemark>
<Placemark><name>3198542</name><styleUrl>#styleDaimonCIRCUITO240TRECHO</styleUrl><LineString><coordinates>-48.031461,-8.912839,0 -48.030862,-8.912573,0</coordinates></LineString></Placemark>
<Placemark><name>12051580</name><styleUrl>#styleDaimonCIRCUITO240TRECHO</styleUrl><LineString><coordinates>-48.023570,-8.905303,0 -48.023594,-8.905294,0</coordinates></LineString></Placemark>
<Placemark><name>3198544</name><styleUrl>#styleDaimonCIRCUITO240TRECHO</styleUrl><LineString><coordinates>-48.030878,-8.912568,0 -48.031121,-8.912489,0</coordinates></LineString></Placemark>
<Placemark><name>12106426</name><styleUrl>#styleDaimonCIRCUITO240TRECHO</styleUrl><LineString><coordinates>-48.031491,-8.912854,0 -48.031461,-8.912839,0</coordinates></LineString></Placemark>
<Placemark><name>2534723</name><styleUrl>#styleDaimonCIRCUITO240TRECHO</styleUrl><LineString><coordinates>-48.023594,-8.905294,0 -48.024637,-8.903589,0</coordinates></LineString></Placemark>
<Placemark><name>3198545</name><styleUrl>#styleDaimonCIRCUITO240TRECHO</styleUrl><LineString><coordinates>-48.032710,-8.913547,0 -48.031491,-8.912854,0</coordinates></LineString></Placemark>
<Placemark><name>2534729</name><styleUrl>#styleDaimonCIRCUITO240TRECHO</styleUrl><LineString><coordinates>-48.024637,-8.903589,0 -48.027065,-8.899830,0</coordinates></LineString></Placemark>
<Placemark><name>12106425</name><styleUrl>#styleDaimonCIRCUITO240TRECHO</styleUrl><LineString><coordinates>-48.032737,-8.913567,0 -48.032710,-8.913547,0</coordinates></LineString></Placemark>
<Placemark><name>2967962</name><styleUrl>#styleDaimonCIRCUITO240TRECHO</styleUrl><LineString><coordinates>-48.027065,-8.899830,0 -48.027571,-8.899059,0</coordinates></LineString></Placemark>
<Placemark><name>3198548</name><styleUrl>#styleDaimonCIRCUITO240TRECHO</styleUrl><LineString><coordinates>-48.033431,-8.914124,0 -48.032737,-8.913567,0</coordinates></LineString></Placemark>
<Placemark><name>3163825</name><styleUrl>#styleDaimonCIRCUITO240TRECHO</styleUrl><LineString><coordinates>-48.036670,-8.918290,0 -48.033431,-8.914124,0</coordinates></LineString></Placemark>
<Placemark><name>12106427</name><styleUrl>#styleDaimonCIRCUITO240TRECHO</styleUrl><LineString><coordinates>-48.036689,-8.918318,0 -48.036670,-8.918290,0</coordinates></LineString></Placemark>
<Placemark><name>3091305</name><styleUrl>#styleDaimonCIRCUITO240TRECHO</styleUrl><LineString><coordinates>-48.037509,-8.919453,0 -48.036689,-8.918318,0</coordinates></LineString></Placemark>
<Placemark><name>12087137</name><styleUrl>#styleDaimonCIRCUITO240TRECHO</styleUrl><LineString><coordinates>-48.037529,-8.919481,0 -48.037509,-8.919453,0</coordinates></LineString></Placemark>
<Placemark><name>3188883</name><styleUrl>#styleDaimonCIRCUITO240TRECHO</styleUrl><LineString><coordinates>-48.038563,-8.920845,0 -48.037529,-8.919481,0</coordinates></LineString></Placemark>
<Placemark><name>12087138</name><styleUrl>#styleDaimonCIRCUITO240TRECHO</styleUrl><LineString><coordinates>-48.038586,-8.920870,0 -48.038563,-8.920845,0</coordinates></LineString></Placemark>
<Placemark><name>3163827</name><styleUrl>#styleDaimonCIRCUITO240TRECHO</styleUrl><LineString><coordinates>-48.047340,-8.931069,0 -48.038586,-8.920870,0</coordinates></LineString></Placemark>
<Placemark><name>2995340</name><styleUrl>#styleDaimonCIRCUITO240TRECHO</styleUrl><LineString><coordinates>-48.032198,-8.850677,0 -48.034793,-8.842387,0</coordinates></LineString></Placemark>
<Placemark><name>2995336</name><styleUrl>#styleDaimonCIRCUITO240TRECHO</styleUrl><LineString><coordinates>-48.031079,-8.853879,0 -48.032198,-8.850677,0</coordinates></LineString></Placemark>
<Placemark><name>12087141</name><styleUrl>#styleDaimonCIRCUITO240TRECHO</styleUrl><LineString><coordinates>-48.034793,-8.842387,0 -48.034813,-8.842363,0</coordinates></LineString></Placemark>
<Placemark><name>12088371</name><styleUrl>#styleDaimonCIRCUITO240TRECHO</styleUrl><LineString><coordinates>-48.031067,-8.853911,0 -48.031079,-8.853879,0</coordinates></LineString></Placemark>
<Placemark><name>3172974</name><styleUrl>#styleDaimonCIRCUITO240TRECHO</styleUrl><LineString><coordinates>-48.034813,-8.842363,0 -48.035378,-8.842068,0</coordinates></LineString></Placemark>
<Placemark><name>3474296</name><styleUrl>#styleDaimonCIRCUITO240TRECHO</styleUrl><LineString><coordinates>-48.028857,-8.861503,0 -48.031067,-8.853911,0</coordinates></LineString></Placemark>
<Placemark><name>3172976</name><styleUrl>#styleDaimonCIRCUITO240TRECHO</styleUrl><LineString><coordinates>-48.035378,-8.842068,0 -48.037497,-8.841205,0</coordinates></LineString></Placemark>
<Placemark><name>2534773</name><styleUrl>#styleDaimonCIRCUITO240TRECHO</styleUrl><LineString><coordinates>-48.027416,-8.866457,0 -48.028857,-8.861503,0</coordinates></LineString></Placemark>
<Placemark><name>26223510</name><styleUrl>#styleDaimonCIRCUITO240TRECHO</styleUrl><LineString><coordinates>-48.037497,-8.841205,0 -48.038999,-8.840532,0</coordinates></LineString></Placemark>
<Placemark><name>12088372</name><styleUrl>#styleDaimonCIRCUITO240TRECHO</styleUrl><LineString><coordinates>-48.027408,-8.866490,0 -48.027416,-8.866457,0</coordinates></LineString></Placemark>
<Placemark><name>3173227</name><styleUrl>#styleDaimonCIRCUITO240TRECHO</styleUrl><LineString><coordinates>-48.038999,-8.840532,0 -48.039083,-8.840505,0</coordinates></LineString></Placemark>
<Placemark><name>2534767</name><styleUrl>#styleDaimonCIRCUITO240TRECHO</styleUrl><LineString><coordinates>-48.027128,-8.867520,0 -48.027408,-8.866490,0</coordinates></LineString></Placemark>
<Placemark><name>3173232</name><styleUrl>#styleDaimonCIRCUITO240TRECHO</styleUrl><LineString><coordinates>-48.039083,-8.840505,0 -48.042234,-8.839182,0</coordinates></LineString></Placemark>
<Placemark><name>2534769</name><styleUrl>#styleDaimonCIRCUITO240TRECHO</styleUrl><LineString><coordinates>-48.026057,-8.871175,0 -48.027128,-8.867520,0</coordinates></LineString></Placemark>
<Placemark><name>12087140</name><styleUrl>#styleDaimonCIRCUITO240TRECHO</styleUrl><LineString><coordinates>-48.042234,-8.839182,0 -48.042267,-8.839176,0</coordinates></LineString></Placemark>
<Placemark><name>12059258</name><styleUrl>#styleDaimonCIRCUITO240TRECHO</styleUrl><LineString><coordinates>-48.026057,-8.871175,0 -48.026023,-8.871198,0</coordinates></LineString></Placemark>
<Placemark><name>2534765</name><styleUrl>#styleDaimonCIRCUITO240TRECHO</styleUrl><LineString><coordinates>-48.025766,-8.872125,0 -48.026057,-8.871175,0</coordinates></LineString></Placemark>
<Placemark><name>3666432</name><styleUrl>#styleDaimonCIRCUITO240TRECHO</styleUrl><LineString><coordinates>-48.026057,-8.871175,0 -48.026049,-8.871163,0</coordinates></LineString></Placemark>
<Placemark><name>3173230</name><styleUrl>#styleDaimonCIRCUITO240TRECHO</styleUrl><LineString><coordinates>-48.042267,-8.839176,0 -48.053304,-8.839361,0</coordinates></LineString></Placemark>
<Placemark><name>3236991</name><styleUrl>#styleDaimonCIRCUITO240TRECHO</styleUrl><LineString><coordinates>-48.026023,-8.871198,0 -48.025698,-8.871430,0</coordinates></LineString></Placemark>
<Placemark><name>12088373</name><styleUrl>#styleDaimonCIRCUITO240TRECHO</styleUrl><LineString><coordinates>-48.025757,-8.872157,0 -48.025766,-8.872125,0</coordinates></LineString></Placemark>
<Placemark><name>2534764</name><styleUrl>#styleDaimonCIRCUITO240TRECHO</styleUrl><LineString><coordinates>-48.024860,-8.875423,0 -48.025757,-8.872157,0</coordinates></LineString></Placemark>
<Placemark><name>12106548</name><styleUrl>#styleDaimonCIRCUITO240TRECHO</styleUrl><LineString><coordinates>-48.024852,-8.875455,0 -48.024860,-8.875423,0</coordinates></LineString></Placemark>
<Placemark><name>2534763</name><styleUrl>#styleDaimonCIRCUITO240TRECHO</styleUrl><LineString><coordinates>-48.024483,-8.878101,0 -48.024852,-8.875455,0</coordinates></LineString></Placemark>
<Placemark><name>12106417</name><styleUrl>#styleDaimonCIRCUITO240TRECHO</styleUrl><LineString><coordinates>-48.024476,-8.878134,0 -48.024483,-8.878101,0</coordinates></LineString></Placemark>
<Placemark><name>2536932</name><styleUrl>#styleDaimonCIRCUITO240TRECHO</styleUrl><LineString><coordinates>-48.024037,-8.879906,0 -48.024476,-8.878134,0</coordinates></LineString></Placemark>
<Placemark><name>2536935</name><styleUrl>#styleDaimonCIRCUITO240TRECHO</styleUrl><LineString><coordinates>-48.023441,-8.882494,0 -48.024037,-8.879906,0</coordinates></LineString></Placemark>
<Placemark><name>2536939</name><styleUrl>#styleDaimonCIRCUITO240TRECHO</styleUrl><LineString><coordinates>-48.022216,-8.887804,0 -48.023441,-8.882494,0</coordinates></LineString></Placemark>
<Placemark><name>12106418</name><styleUrl>#styleDaimonCIRCUITO240TRECHO</styleUrl><LineString><coordinates>-48.022208,-8.887836,0 -48.022216,-8.887804,0</coordinates></LineString></Placemark>
<Placemark><name>2536982</name><styleUrl>#styleDaimonCIRCUITO240TRECHO</styleUrl><LineString><coordinates>-48.020581,-8.894940,0 -48.022208,-8.887836,0</coordinates></LineString></Placemark>
<Placemark><name>12172278</name><styleUrl>#styleDaimonCIRCUITO240TRECHO</styleUrl><LineString><coordinates>-48.020581,-8.894940,0 -48.020564,-8.894935,0</coordinates></LineString></Placemark>
<Placemark><name>3625722</name><styleUrl>#styleDaimonCIRCUITO240TRECHO</styleUrl><LineString><coordinates>-48.020426,-8.895561,0 -48.020581,-8.894940,0</coordinates></LineString></Placemark>
<Placemark><name>3172447</name><styleUrl>#styleDaimonCIRCUITO240TRECHO</styleUrl><LineString><coordinates>-48.020564,-8.894935,0 -48.020186,-8.894822,0</coordinates></LineString></Placemark>
<Placemark><name>3656101</name><styleUrl>#styleDaimonCIRCUITO240TRECHO</styleUrl><LineString><coordinates>-48.020426,-8.895561,0 -48.020434,-8.895585,0</coordinates></LineString></Placemark>
<Placemark><name>3661602</name><styleUrl>#styleDaimonCIRCUITO240TRECHO</styleUrl><LineString><coordinates>-48.020387,-8.895582,0 -48.020426,-8.895561,0</coordinates></LineString></Placemark>
<Placemark><name>12087028</name><styleUrl>#styleDaimonCIRCUITO240TRECHO</styleUrl><LineString><coordinates>-47.932917,-8.860726,0 -47.932894,-8.860702,0</coordinates></LineString></Placemark>
<Placemark><name>3189268</name><styleUrl>#styleDaimonCIRCUITO240TRECHO</styleUrl><LineString><coordinates>-47.932894,-8.860702,0 -47.931195,-8.858894,0</coordinates></LineString></Placemark>
<Placemark><name>2960604</name><styleUrl>#styleDaimonCIRCUITO240TRECHO</styleUrl><LineString><coordinates>-47.932894,-8.860702,0 -47.932929,-8.860689,0</coordinates></LineString></Placemark>
<Placemark><name>3189262</name><styleUrl>#styleDaimonCIRCUITO240TRECHO</styleUrl><LineString><coordinates>-47.934039,-8.861933,0 -47.932917,-8.860726,0</coordinates></LineString></Placemark>
<Placemark><name>12107004</name><styleUrl>#styleDaimonCIRCUITO240TRECHO</styleUrl><LineString><coordinates>-47.931195,-8.858894,0 -47.931172,-8.858869,0</coordinates></LineString></Placemark>
<Placemark><name>3089763</name><styleUrl>#styleDaimonCIRCUITO240TRECHO</styleUrl><LineString><coordinates>-47.931195,-8.858894,0 -47.931208,-8.858853,0</coordinates></LineString></Placemark>
<Placemark><name>12088594</name><styleUrl>#styleDaimonCIRCUITO240TRECHO</styleUrl><LineString><coordinates>-47.934039,-8.861933,0 -47.934049,-8.861919,0</coordinates></LineString></Placemark>
<Placemark><name>3460830</name><styleUrl>#styleDaimonCIRCUITO240TRECHO</styleUrl><LineString><coordinates>-47.935200,-8.863177,0 -47.934039,-8.861933,0</coordinates></LineString></Placemark>
<Placemark><name>3460831</name><styleUrl>#styleDaimonCIRCUITO240TRECHO</styleUrl><LineString><coordinates>-47.931172,-8.858869,0 -47.929276,-8.856065,0</coordinates></LineString></Placemark>
<Placemark><name>2535473</name><styleUrl>#styleDaimonCIRCUITO240TRECHO</styleUrl><LineString><coordinates>-47.934049,-8.861919,0 -47.934064,-8.861896,0</coordinates></LineString></Placemark>
<Placemark><name>12088581</name><styleUrl>#styleDaimonCIRCUITO240TRECHO</styleUrl><LineString><coordinates>-47.935224,-8.863202,0 -47.935200,-8.863177,0</coordinates></LineString></Placemark>
<Placemark><name>12088732</name><styleUrl>#styleDaimonCIRCUITO240TRECHO</styleUrl><LineString><coordinates>-47.929276,-8.856065,0 -47.929259,-8.856036,0</coordinates></LineString></Placemark>
<Placemark><name>3195541</name><styleUrl>#styleDaimonCIRCUITO240TRECHO</styleUrl><LineString><coordinates>-47.937431,-8.865509,0 -47.935224,-8.863202,0</coordinates></LineString></Placemark>
<Placemark><name>2535471</name><styleUrl>#styleDaimonCIRCUITO240TRECHO</styleUrl><LineString><coordinates>-47.935224,-8.863202,0 -47.935237,-8.863160,0</coordinates></LineString></Placemark>
<Placemark><name>2960880</name><styleUrl>#styleDaimonCIRCUITO240TRECHO</styleUrl><LineString><coordinates>-47.929259,-8.856036,0 -47.929297,-8.856035,0</coordinates></LineString></Placemark>
<Placemark><name>3180937</name><styleUrl>#styleDaimonCIRCUITO240TRECHO</styleUrl><LineString><coordinates>-47.929259,-8.856036,0 -47.927339,-8.852793,0</coordinates></LineString></Placemark>
<Placemark><name>12088580</name><styleUrl>#styleDaimonCIRCUITO240TRECHO</styleUrl><LineString><coordinates>-47.937455,-8.865534,0 -47.937431,-8.865509,0</coordinates></LineString></Placemark>
<Placemark><name>12087026</name><styleUrl>#styleDaimonCIRCUITO240TRECHO</styleUrl><LineString><coordinates>-47.927339,-8.852793,0 -47.927322,-8.852763,0</coordinates></LineString></Placemark>
<Placemark><name>3460717</name><styleUrl>#styleDaimonCIRCUITO240TRECHO</styleUrl><LineString><coordinates>-47.938277,-8.866453,0 -47.937455,-8.865534,0</coordinates></LineString></Placemark>
<Placemark><name>2945310</name><styleUrl>#styleDaimonCIRCUITO240TRECHO</styleUrl><LineString><coordinates>-47.927322,-8.852763,0 -47.927363,-8.852762,0</coordinates></LineString></Placemark>
<Placemark><name>3460703</name><styleUrl>#styleDaimonCIRCUITO240TRECHO</styleUrl><LineString><coordinates>-47.927322,-8.852763,0 -47.924811,-8.848502,0</coordinates></LineString></Placemark>
<Placemark><name>12088579</name><styleUrl>#styleDaimonCIRCUITO240TRECHO</styleUrl><LineString><coordinates>-47.938302,-8.866476,0 -47.938277,-8.866453,0</coordinates></LineString></Placemark>
<Placemark><name>12087027</name><styleUrl>#styleDaimonCIRCUITO240TRECHO</styleUrl><LineString><coordinates>-47.924811,-8.848502,0 -47.924793,-8.848474,0</coordinates></LineString></Placemark>
<Placemark><name>3089762</name><styleUrl>#styleDaimonCIRCUITO240TRECHO</styleUrl><LineString><coordinates>-47.938977,-8.867040,0 -47.938302,-8.866476,0</coordinates></LineString></Placemark>
<Placemark><name>3460704</name><styleUrl>#styleDaimonCIRCUITO240TRECHO</styleUrl><LineString><coordinates>-47.924793,-8.848474,0 -47.923879,-8.846959,0</coordinates></LineString></Placemark>
<Placemark><name>12088578</name><styleUrl>#styleDaimonCIRCUITO240TRECHO</styleUrl><LineString><coordinates>-47.939006,-8.867058,0 -47.938977,-8.867040,0</coordinates></LineString></Placemark>
<Placemark><name>12088476</name><styleUrl>#styleDaimonCIRCUITO240TRECHO</styleUrl><LineString><coordinates>-47.923879,-8.846959,0 -47.923861,-8.846930,0</coordinates></LineString></Placemark>
<Placemark><name>3089761</name><styleUrl>#styleDaimonCIRCUITO240TRECHO</styleUrl><LineString><coordinates>-47.940302,-8.867746,0 -47.939006,-8.867058,0</coordinates></LineString></Placemark>
<Placemark><name>3188229</name><styleUrl>#styleDaimonCIRCUITO240TRECHO</styleUrl><LineString><coordinates>-47.923861,-8.846930,0 -47.923127,-8.845675,0</coordinates></LineString></Placemark>
<Placemark><name>12173205</name><styleUrl>#styleDaimonCIRCUITO240TRECHO</styleUrl><LineString><coordinates>-47.940302,-8.867746,0 -47.940292,-8.867760,0</coordinates></LineString></Placemark>
<Placemark><name>3197987</name><styleUrl>#styleDaimonCIRCUITO240TRECHO</styleUrl><LineString><coordinates>-47.941776,-8.868584,0 -47.940302,-8.867746,0</coordinates></LineString></Placemark>
<Placemark><name>12088475</name><styleUrl>#styleDaimonCIRCUITO240TRECHO</styleUrl><LineString><coordinates>-47.923127,-8.845675,0 -47.923109,-8.845646,0</coordinates></LineString></Placemark>
<Placemark><name>3197988</name><styleUrl>#styleDaimonCIRCUITO240TRECHO</styleUrl><LineString><coordinates>-47.940292,-8.867760,0 -47.940217,-8.867860,0</coordinates></LineString></Placemark>
<Placemark><name>12087497</name><styleUrl>#styleDaimonCIRCUITO240TRECHO</styleUrl><LineString><coordinates>-47.941807,-8.868599,0 -47.941776,-8.868584,0</coordinates></LineString></Placemark>
<Placemark><name>3195536</name><styleUrl>#styleDaimonCIRCUITO240TRECHO</styleUrl><LineString><coordinates>-47.923109,-8.845646,0 -47.922500,-8.844639,0</coordinates></LineString></Placemark>
<Placemark><name>3091039</name><styleUrl>#styleDaimonCIRCUITO240TRECHO</styleUrl><LineString><coordinates>-47.943039,-8.869065,0 -47.941807,-8.868599,0</coordinates></LineString></Placemark>
<Placemark><name>12088474</name><styleUrl>#styleDaimonCIRCUITO240TRECHO</styleUrl><LineString><coordinates>-47.922500,-8.844639,0 -47.922477,-8.844615,0</coordinates></LineString></Placemark>
<Placemark><name>12087496</name><styleUrl>#styleDaimonCIRCUITO240TRECHO</styleUrl><LineString><coordinates>-47.943056,-8.869071,0 -47.943039,-8.869065,0</coordinates></LineString></Placemark>
<Placemark><name>3195537</name><styleUrl>#styleDaimonCIRCUITO240TRECHO</styleUrl><LineString><coordinates>-47.922477,-8.844615,0 -47.921843,-8.844094,0</coordinates></LineString></Placemark>
<Placemark><name>3091037</name><styleUrl>#styleDaimonCIRCUITO240TRECHO</styleUrl><LineString><coordinates>-47.945298,-8.869829,0 -47.943056,-8.869071,0</coordinates></LineString></Placemark>
<Placemark><name>12088473</name><styleUrl>#styleDaimonCIRCUITO240TRECHO</styleUrl><LineString><coordinates>-47.921843,-8.844094,0 -47.921814,-8.844075,0</coordinates></LineString></Placemark>
<Placemark><name>12087495</name><styleUrl>#styleDaimonCIRCUITO240TRECHO</styleUrl><LineString><coordinates>-47.945331,-8.869839,0 -47.945298,-8.869829,0</coordinates></LineString></Placemark>
<Placemark><name>12037374</name><styleUrl>#styleDaimonCIRCUITO240TRECHO</styleUrl><LineString><coordinates>-47.921814,-8.844075,0 -47.921830,-8.844065,0</coordinates></LineString></Placemark>
<Placemark><name>3195538</name><styleUrl>#styleDaimonCIRCUITO240TRECHO</styleUrl><LineString><coordinates>-47.921814,-8.844075,0 -47.920647,-8.843523,0</coordinates></LineString></Placemark>
<Placemark><name>3623490</name><styleUrl>#styleDaimonCIRCUITO240TRECHO</styleUrl><LineString><coordinates>-47.947134,-8.870454,0 -47.945331,-8.869839,0</coordinates></LineString></Placemark>
<Placemark><name>2995347</name><styleUrl>#styleDaimonCIRCUITO240TRECHO</styleUrl><LineString><coordinates>-47.945331,-8.869839,0 -47.945305,-8.869867,0</coordinates></LineString></Placemark>
<Placemark><name>3195539</name><styleUrl>#styleDaimonCIRCUITO240TRECHO</styleUrl><LineString><coordinates>-47.921830,-8.844065,0 -47.921828,-8.843524,0</coordinates></LineString></Placemark>
<Placemark><name>12088362</name><styleUrl>#styleDaimonCIRCUITO240TRECHO</styleUrl><LineString><coordinates>-47.920647,-8.843523,0 -47.920615,-8.843513,0</coordinates></LineString></Placemark>
<Placemark><name>3180945</name><styleUrl>#styleDaimonCIRCUITO240TRECHO</styleUrl><LineString><coordinates>-47.920615,-8.843513,0 -47.919449,-8.843326,0</coordinates></LineString></Placemark>
<Placemark><name>12088477</name><styleUrl>#styleDaimonCIRCUITO240TRECHO</styleUrl><LineString><coordinates>-47.919449,-8.843326,0 -47.919416,-8.843320,0</coordinates></LineString></Placemark>
<Placemark><name>3180944</name><styleUrl>#styleDaimonCIRCUITO240TRECHO</styleUrl><LineString><coordinates>-47.919416,-8.843320,0 -47.917364,-8.842961,0</coordinates></LineString></Placemark>
<Placemark><name>12088478</name><styleUrl>#styleDaimonCIRCUITO240TRECHO</styleUrl><LineString><coordinates>-47.917364,-8.842961,0 -47.917331,-8.842955,0</coordinates></LineString></Placemark>
<Placemark><name>3180943</name><styleUrl>#styleDaimonCIRCUITO240TRECHO</styleUrl><LineString><coordinates>-47.917331,-8.842955,0 -47.916474,-8.842807,0</coordinates></LineString></Placemark>
<Placemark><name>12088479</name><styleUrl>#styleDaimonCIRCUITO240TRECHO</styleUrl><LineString><coordinates>-47.916474,-8.842807,0 -47.916440,-8.842801,0</coordinates></LineString></Placemark>
<Placemark><name>3180942</name><styleUrl>#styleDaimonCIRCUITO240TRECHO</styleUrl><LineString><coordinates>-47.916440,-8.842801,0 -47.914887,-8.842549,0</coordinates></LineString></Placemark>
<Placemark><name>12106540</name><styleUrl>#styleDaimonCIRCUITO240TRECHO</styleUrl><LineString><coordinates>-47.914887,-8.842549,0 -47.914853,-8.842543,0</coordinates></LineString></Placemark>
<Placemark><name>3180941</name><styleUrl>#styleDaimonCIRCUITO240TRECHO</styleUrl><LineString><coordinates>-47.914853,-8.842543,0 -47.913336,-8.842229,0</coordinates></LineString></Placemark>
<Placemark><name>12088633</name><styleUrl>#styleDaimonCIRCUITO240TRECHO</styleUrl><LineString><coordinates>-47.913336,-8.842229,0 -47.913303,-8.842222,0</coordinates></LineString></Placemark>
<Placemark><name>3180938</name><styleUrl>#styleDaimonCIRCUITO240TRECHO</styleUrl><LineString><coordinates>-47.913303,-8.842222,0 -47.908676,-8.841443,0</coordinates></LineString></Placemark>
<Placemark><name>12088745</name><styleUrl>#styleDaimonCIRCUITO240TRECHO</styleUrl><LineString><coordinates>-47.908676,-8.841443,0 -47.908642,-8.841439,0</coordinates></LineString></Placemark>
<Placemark><name>3189270</name><styleUrl>#styleDaimonCIRCUITO240TRECHO</styleUrl><LineString><coordinates>-47.908642,-8.841439,0 -47.906266,-8.841048,0</coordinates></LineString></Placemark>
<Placemark><name>12088746</name><styleUrl>#styleDaimonCIRCUITO240TRECHO</styleUrl><LineString><coordinates>-47.906266,-8.841048,0 -47.906234,-8.841043,0</coordinates></LineString></Placemark>
<Placemark><name>3189266</name><styleUrl>#styleDaimonCIRCUITO240TRECHO</styleUrl><LineString><coordinates>-47.906234,-8.841043,0 -47.905198,-8.840896,0</coordinates></LineString></Placemark>
<Placemark><name>12088747</name><styleUrl>#styleDaimonCIRCUITO240TRECHO</styleUrl><LineString><coordinates>-47.905198,-8.840896,0 -47.905164,-8.840892,0</coordinates></LineString></Placemark>
<Placemark><name>3189265</name><styleUrl>#styleDaimonCIRCUITO240TRECHO</styleUrl><LineString><coordinates>-47.905164,-8.840892,0 -47.903594,-8.840658,0</coordinates></LineString></Placemark>
<Placemark><name>12088748</name><styleUrl>#styleDaimonCIRCUITO240TRECHO</styleUrl><LineString><coordinates>-47.903594,-8.840658,0 -47.903561,-8.840652,0</coordinates></LineString></Placemark>
<Placemark><name>3096016</name><styleUrl>#styleDaimonCIRCUITO240TRECHO</styleUrl><LineString><coordinates>-47.903561,-8.840652,0 -47.900900,-8.840251,0</coordinates></LineString></Placemark>
<Placemark><name>12087014</name><styleUrl>#styleDaimonCIRCUITO240TRECHO</styleUrl><LineString><coordinates>-47.900900,-8.840251,0 -47.900865,-8.840246,0</coordinates></LineString></Placemark>
<Placemark><name>3178093</name><styleUrl>#styleDaimonCIRCUITO240TRECHO</styleUrl><LineString><coordinates>-47.900865,-8.840246,0 -47.900876,-8.840282,0</coordinates></LineString></Placemark>
<Placemark><name>3666099</name><styleUrl>#styleDaimonCIRCUITO240TRECHO</styleUrl><LineString><coordinates>-47.900865,-8.840246,0 -47.900869,-8.840232,0</coordinates></LineString></Placemark>
<Placemark><name>3465540</name><styleUrl>#styleDaimonCIRCUITO240TRECHO</styleUrl><LineString><coordinates>-47.900865,-8.840246,0 -47.898203,-8.839904,0</coordinates></LineString></Placemark>
<Placemark><name>12088749</name><styleUrl>#styleDaimonCIRCUITO240TRECHO</styleUrl><LineString><coordinates>-47.898203,-8.839904,0 -47.898169,-8.839904,0</coordinates></LineString></Placemark>
<Placemark><name>2951159</name><styleUrl>#styleDaimonCIRCUITO240TRECHO</styleUrl><LineString><coordinates>-47.898203,-8.839904,0 -47.898187,-8.839940,0</coordinates></LineString></Placemark>
<Placemark><name>3089759</name><styleUrl>#styleDaimonCIRCUITO240TRECHO</styleUrl><LineString><coordinates>-47.898169,-8.839904,0 -47.896866,-8.840166,0</coordinates></LineString></Placemark>
<Placemark><name>12088750</name><styleUrl>#styleDaimonCIRCUITO240TRECHO</styleUrl><LineString><coordinates>-47.896866,-8.840166,0 -47.896834,-8.840177,0</coordinates></LineString></Placemark>
<Placemark><name>3089760</name><styleUrl>#styleDaimonCIRCUITO240TRECHO</styleUrl><LineString><coordinates>-47.896834,-8.840177,0 -47.896027,-8.840467,0</coordinates></LineString></Placemark>
<Placemark><name>12088751</name><styleUrl>#styleDaimonCIRCUITO240TRECHO</styleUrl><LineString><coordinates>-47.896027,-8.840467,0 -47.895996,-8.840480,0</coordinates></LineString></Placemark>
<Placemark><name>2906007</name><styleUrl>#styleDaimonCIRCUITO240TRECHO</styleUrl><LineString><coordinates>-47.895996,-8.840480,0 -47.894332,-8.841155,0</coordinates></LineString></Placemark>
<Placemark><name>12165344</name><styleUrl>#styleDaimonCIRCUITO240TRECHO</styleUrl><LineString><coordinates>-47.894332,-8.841155,0 -47.894325,-8.841146,0</coordinates></LineString></Placemark>
<Placemark><name>12087012</name><styleUrl>#styleDaimonCIRCUITO240TRECHO</styleUrl><LineString><coordinates>-47.894332,-8.841155,0 -47.894300,-8.841167,0</coordinates></LineString></Placemark>
<Placemark><name>2951172</name><styleUrl>#styleDaimonCIRCUITO240TRECHO</styleUrl><LineString><coordinates>-47.894325,-8.841146,0 -47.894415,-8.840982,0</coordinates></LineString></Placemark>
<Placemark><name>2951528</name><styleUrl>#styleDaimonCIRCUITO240TRECHO</styleUrl><LineString><coordinates>-47.894300,-8.841167,0 -47.889978,-8.842977,0</coordinates></LineString></Placemark>
<Placemark><name>12087022</name><styleUrl>#styleDaimonCIRCUITO240TRECHO</styleUrl><LineString><coordinates>-47.889978,-8.842977,0 -47.889946,-8.842988,0</coordinates></LineString></Placemark>
<Placemark><name>3089682</name><styleUrl>#styleDaimonCIRCUITO240TRECHO</styleUrl><LineString><coordinates>-47.889946,-8.842988,0 -47.889101,-8.843240,0</coordinates></LineString></Placemark>
<Placemark><name>12088359</name><styleUrl>#styleDaimonCIRCUITO240TRECHO</styleUrl><LineString><coordinates>-47.889101,-8.843240,0 -47.889068,-8.843248,0</coordinates></LineString></Placemark>
<Placemark><name>2951026</name><styleUrl>#styleDaimonCIRCUITO240TRECHO</styleUrl><LineString><coordinates>-47.889068,-8.843248,0 -47.884307,-8.844074,0</coordinates></LineString></Placemark>
<Placemark><name>12107001</name><styleUrl>#styleDaimonCIRCUITO240TRECHO</styleUrl><LineString><coordinates>-47.884307,-8.844074,0 -47.884273,-8.844080,0</coordinates></LineString></Placemark>
<Placemark><name>3089681</name><styleUrl>#styleDaimonCIRCUITO240TRECHO</styleUrl><LineString><coordinates>-47.884307,-8.844074,0 -47.884297,-8.844113,0</coordinates></LineString></Placemark>
<Placemark><name>3188413</name><styleUrl>#styleDaimonCIRCUITO240TRECHO</styleUrl><LineString><coordinates>-47.884273,-8.844080,0 -47.882128,-8.844521,0</coordinates></LineString></Placemark>
<Placemark><name>12107003</name><styleUrl>#styleDaimonCIRCUITO240TRECHO</styleUrl><LineString><coordinates>-47.882128,-8.844521,0 -47.882095,-8.844525,0</coordinates></LineString></Placemark>
<Placemark><name>3089756</name><styleUrl>#styleDaimonCIRCUITO240TRECHO</styleUrl><LineString><coordinates>-47.882095,-8.844525,0 -47.882108,-8.844489,0</coordinates></LineString></Placemark>
<Placemark><name>2535413</name><styleUrl>#styleDaimonCIRCUITO240TRECHO</styleUrl><LineString><coordinates>-47.882095,-8.844525,0 -47.878609,-8.845092,0</coordinates></LineString></Placemark>
<Placemark><name>12088490</name><styleUrl>#styleDaimonCIRCUITO240TRECHO</styleUrl><LineString><coordinates>-47.878609,-8.845092,0 -47.878575,-8.845094,0</coordinates></LineString></Placemark>
<Placemark><name>2535410</name><styleUrl>#styleDaimonCIRCUITO240TRECHO</styleUrl><LineString><coordinates>-47.878575,-8.845094,0 -47.876124,-8.844941,0</coordinates></LineString></Placemark>
<Placemark><name>12087247</name><styleUrl>#styleDaimonCIRCUITO240TRECHO</styleUrl><LineString><coordinates>-47.876124,-8.844941,0 -47.876090,-8.844933,0</coordinates></LineString></Placemark>
<Placemark><name>3666422</name><styleUrl>#styleDaimonCIRCUITO240TRECHO</styleUrl><LineString><coordinates>-47.876124,-8.844941,0 -47.876115,-8.844952,0</coordinates></LineString></Placemark>
<Placemark><name>2945311</name><styleUrl>#styleDaimonCIRCUITO240TRECHO</styleUrl><LineString><coordinates>-47.876090,-8.844933,0 -47.872482,-8.843645,0</coordinates></LineString></Placemark>
<Placemark><name>12088489</name><styleUrl>#styleDaimonCIRCUITO240TRECHO</styleUrl><LineString><coordinates>-47.872482,-8.843645,0 -47.872451,-8.843631,0</coordinates></LineString></Placemark>
<Placemark><name>2960879</name><styleUrl>#styleDaimonCIRCUITO240TRECHO</styleUrl><LineString><coordinates>-47.872451,-8.843631,0 -47.871419,-8.843271,0</coordinates></LineString></Placemark>
<Placemark><name>12087153</name><styleUrl>#styleDaimonCIRCUITO240TRECHO</styleUrl><LineString><coordinates>-47.871419,-8.843271,0 -47.871387,-8.843260,0</coordinates></LineString></Placemark>
<Placemark><name>3469191</name><styleUrl>#styleDaimonCIRCUITO240TRECHO</styleUrl><LineString><coordinates>-47.871387,-8.843260,0 -47.866937,-8.841721,0</coordinates></LineString></Placemark>
<Placemark><name>12111071</name><styleUrl>#styleDaimonCIRCUITO240TRECHO</styleUrl><LineString><coordinates>-47.866937,-8.841721,0 -47.866904,-8.841716,0</coordinates></LineString></Placemark>
<Placemark><name>2535416</name><styleUrl>#styleDaimonCIRCUITO240TRECHO</styleUrl><LineString><coordinates>-47.866904,-8.841716,0 -47.866465,-8.841708,0</coordinates></LineString></Placemark>
<Placemark><name>2534714</name><styleUrl>#styleDaimonCIRCUITO240TRECHO</styleUrl><LineString><coordinates>-47.866465,-8.841708,0 -47.864675,-8.841923,0</coordinates></LineString></Placemark>
<Placemark><name>12087151</name><styleUrl>#styleDaimonCIRCUITO240TRECHO</styleUrl><LineString><coordinates>-47.864675,-8.841923,0 -47.864642,-8.841929,0</coordinates></LineString></Placemark>
<Placemark><name>2535449</name><styleUrl>#styleDaimonCIRCUITO240TRECHO</styleUrl><LineString><coordinates>-47.864642,-8.841929,0 -47.862630,-8.842287,0</coordinates></LineString></Placemark>
<Placemark><name>12087150</name><styleUrl>#styleDaimonCIRCUITO240TRECHO</styleUrl><LineString><coordinates>-47.862630,-8.842287,0 -47.862596,-8.842292,0</coordinates></LineString></Placemark>
<Placemark><name>2535447</name><styleUrl>#styleDaimonCIRCUITO240TRECHO</styleUrl><LineString><coordinates>-47.862596,-8.842292,0 -47.861408,-8.842498,0</coordinates></LineString></Placemark>
<Placemark><name>12087149</name><styleUrl>#styleDaimonCIRCUITO240TRECHO</styleUrl><LineString><coordinates>-47.861408,-8.842498,0 -47.861374,-8.842503,0</coordinates></LineString></Placemark>
<Placemark><name>2535446</name><styleUrl>#styleDaimonCIRCUITO240TRECHO</styleUrl><LineString><coordinates>-47.861374,-8.842503,0 -47.859642,-8.842801,0</coordinates></LineString></Placemark>
<Placemark><name>38607471</name><styleUrl>#styleDaimonCIRCUITO240TRECHO</styleUrl><LineString><coordinates>-47.859642,-8.842801,0 -47.859609,-8.842825,0</coordinates></LineString></Placemark>
<Placemark><name>3474596</name><styleUrl>#styleDaimonCIRCUITO240TRECHO</styleUrl><LineString><coordinates>-47.859642,-8.842801,0 -47.857164,-8.843206,0</coordinates></LineString></Placemark>
<Placemark><name>12087013</name><styleUrl>#styleDaimonCIRCUITO240TRECHO</styleUrl><LineString><coordinates>-47.857164,-8.843206,0 -47.857131,-8.843204,0</coordinates></LineString></Placemark>
<Placemark><name>2906008</name><styleUrl>#styleDaimonCIRCUITO240TRECHO</styleUrl><LineString><coordinates>-47.857131,-8.843204,0 -47.855569,-8.842735,0</coordinates></LineString></Placemark>
<Placemark><name>3181659</name><styleUrl>#styleDaimonCIRCUITO240TRECHO</styleUrl><LineString><coordinates>-47.855569,-8.842735,0 -47.852776,-8.841816,0</coordinates></LineString></Placemark>
<Placemark><name>12105284</name><styleUrl>#styleDaimonCIRCUITO240TRECHO</styleUrl><LineString><coordinates>-47.852776,-8.841816,0 -47.852747,-8.841801,0</coordinates></LineString></Placemark>
<Placemark><name>2992954</name><styleUrl>#styleDaimonCIRCUITO240TRECHO</styleUrl><LineString><coordinates>-47.852747,-8.841801,0 -47.848127,-8.838671,0</coordinates></LineString></Placemark>
<Placemark><name>12037145</name><styleUrl>#styleDaimonCIRCUITO240TRECHO</styleUrl><LineString><coordinates>-47.848127,-8.838671,0 -47.848138,-8.838657,0</coordinates></LineString></Placemark>
<Placemark><name>3190027</name><styleUrl>#styleDaimonCIRCUITO240TRECHO</styleUrl><LineString><coordinates>-47.848127,-8.838671,0 -47.842581,-8.835460,0</coordinates></LineString></Placemark>
<Placemark><name>2992955</name><styleUrl>#styleDaimonCIRCUITO240TRECHO</styleUrl><LineString><coordinates>-47.848138,-8.838657,0 -47.848271,-8.838479,0</coordinates></LineString></Placemark>
<Placemark><name>12105285</name><styleUrl>#styleDaimonCIRCUITO240TRECHO</styleUrl><LineString><coordinates>-47.842581,-8.835460,0 -47.842548,-8.835450,0</coordinates></LineString></Placemark>
<Placemark><name>3088898</name><styleUrl>#styleDaimonCIRCUITO240TRECHO</styleUrl><LineString><coordinates>-47.842548,-8.835450,0 -47.841589,-8.835173,0</coordinates></LineString></Placemark>
<Placemark><name>12105294</name><styleUrl>#styleDaimonCIRCUITO240TRECHO</styleUrl><LineString><coordinates>-47.841589,-8.835173,0 -47.841556,-8.835168,0</coordinates></LineString></Placemark>
<Placemark><name>3088896</name><styleUrl>#styleDaimonCIRCUITO240TRECHO</styleUrl><LineString><coordinates>-47.841556,-8.835168,0 -47.840355,-8.835091,0</coordinates></LineString></Placemark>
<Placemark><name>3655838</name><styleUrl>#styleDaimonCIRCUITO240TRECHO</styleUrl><LineString><coordinates>-48.020411,-8.895621,0 -48.020430,-8.895605,0</coordinates></LineString></Placemark>
<Placemark><name>3467728</name><styleUrl>#styleDaimonCIRCUITO240TRECHO</styleUrl><LineString><coordinates>-47.956582,-8.901945,0 -47.954301,-8.903165,0</coordinates></LineString></Placemark>
<Placemark><name>2992936</name><styleUrl>#styleDaimonCIRCUITO240TRECHO</styleUrl><LineString><coordinates>-47.963424,-8.899397,0 -47.956582,-8.901945,0</coordinates></LineString></Placemark>
<Placemark><name>12171505</name><styleUrl>#styleDaimonCIRCUITO240TRECHO</styleUrl><LineString><coordinates>-47.954301,-8.903165,0 -47.954277,-8.903187,0</coordinates></LineString></Placemark>
<Placemark><name>12171504</name><styleUrl>#styleDaimonCIRCUITO240TRECHO</styleUrl><LineString><coordinates>-47.963444,-8.899374,0 -47.963424,-8.899397,0</coordinates></LineString></Placemark>
<Placemark><name>3096290</name><styleUrl>#styleDaimonCIRCUITO240TRECHO</styleUrl><LineString><coordinates>-47.954277,-8.903187,0 -47.947220,-8.912841,0</coordinates></LineString></Placemark>
<Placemark><name>2905242</name><styleUrl>#styleDaimonCIRCUITO240TRECHO</styleUrl><LineString><coordinates>-47.963764,-8.898235,0 -47.963444,-8.899374,0</coordinates></LineString></Placemark>
<Placemark><name>12171506</name><styleUrl>#styleDaimonCIRCUITO240TRECHO</styleUrl><LineString><coordinates>-47.947220,-8.912841,0 -47.947198,-8.912867,0</coordinates></LineString></Placemark>
<Placemark><name>12171503</name><styleUrl>#styleDaimonCIRCUITO240TRECHO</styleUrl><LineString><coordinates>-47.963773,-8.898202,0 -47.963764,-8.898235,0</coordinates></LineString></Placemark>
<Placemark><name>3096291</name><styleUrl>#styleDaimonCIRCUITO240TRECHO</styleUrl><LineString><coordinates>-47.947198,-8.912867,0 -47.945581,-8.914792,0</coordinates></LineString></Placemark>
<Placemark><name>3474175</name><styleUrl>#styleDaimonCIRCUITO240TRECHO</styleUrl><LineString><coordinates>-47.964034,-8.897132,0 -47.963773,-8.898202,0</coordinates></LineString></Placemark>
<Placemark><name>12158965</name><styleUrl>#styleDaimonCIRCUITO240TRECHO</styleUrl><LineString><coordinates>-47.945581,-8.914792,0 -47.945558,-8.914817,0</coordinates></LineString></Placemark>
<Placemark><name>3666417</name><styleUrl>#styleDaimonCIRCUITO240TRECHO</styleUrl><LineString><coordinates>-47.945581,-8.914792,0 -47.945587,-8.914805,0</coordinates></LineString></Placemark>
<Placemark><name>12171502</name><styleUrl>#styleDaimonCIRCUITO240TRECHO</styleUrl><LineString><coordinates>-47.964041,-8.897099,0 -47.964034,-8.897132,0</coordinates></LineString></Placemark>
<Placemark><name>3179887</name><styleUrl>#styleDaimonCIRCUITO240TRECHO</styleUrl><LineString><coordinates>-47.945558,-8.914817,0 -47.945091,-8.915325,0</coordinates></LineString></Placemark>
<Placemark><name>3474171</name><styleUrl>#styleDaimonCIRCUITO240TRECHO</styleUrl><LineString><coordinates>-47.964308,-8.895801,0 -47.964041,-8.897099,0</coordinates></LineString></Placemark>
<Placemark><name>12158966</name><styleUrl>#styleDaimonCIRCUITO240TRECHO</styleUrl><LineString><coordinates>-47.945091,-8.915325,0 -47.945069,-8.915351,0</coordinates></LineString></Placemark>
<Placemark><name>3001617</name><styleUrl>#styleDaimonCIRCUITO240TRECHO</styleUrl><LineString><coordinates>-47.945069,-8.915351,0 -47.943420,-8.917282,0</coordinates></LineString></Placemark>
<Placemark><name>12158967</name><styleUrl>#styleDaimonCIRCUITO240TRECHO</styleUrl><LineString><coordinates>-47.943420,-8.917282,0 -47.943397,-8.917307,0</coordinates></LineString></Placemark>
<Placemark><name>3090708</name><styleUrl>#styleDaimonCIRCUITO240TRECHO</styleUrl><LineString><coordinates>-47.943397,-8.917307,0 -47.941575,-8.919417,0</coordinates></LineString></Placemark>
<Placemark><name>3098868</name><styleUrl>#styleDaimonCIRCUITO240TRECHO</styleUrl><LineString><coordinates>-47.941575,-8.919417,0 -47.940801,-8.920347,0</coordinates></LineString></Placemark>
<Placemark><name>12158510</name><styleUrl>#styleDaimonCIRCUITO240TRECHO</styleUrl><LineString><coordinates>-47.940801,-8.920347,0 -47.940781,-8.920374,0</coordinates></LineString></Placemark>
<Placemark><name>3474847</name><styleUrl>#styleDaimonCIRCUITO240TRECHO</styleUrl><LineString><coordinates>-47.940781,-8.920374,0 -47.938501,-8.923031,0</coordinates></LineString></Placemark>
<Placemark><name>12158511</name><styleUrl>#styleDaimonCIRCUITO240TRECHO</styleUrl><LineString><coordinates>-47.938501,-8.923031,0 -47.938479,-8.923057,0</coordinates></LineString></Placemark>
<Placemark><name>3474849</name><styleUrl>#styleDaimonCIRCUITO240TRECHO</styleUrl><LineString><coordinates>-47.938479,-8.923057,0 -47.937591,-8.924110,0</coordinates></LineString></Placemark>
<Placemark><name>12158509</name><styleUrl>#styleDaimonCIRCUITO240TRECHO</styleUrl><LineString><coordinates>-47.937591,-8.924110,0 -47.937605,-8.924119,0</coordinates></LineString></Placemark>
<Placemark><name>3097551</name><styleUrl>#styleDaimonCIRCUITO240TRECHO</styleUrl><LineString><coordinates>-47.937591,-8.924110,0 -47.935225,-8.926253,0</coordinates></LineString></Placemark>
<Placemark><name>3097558</name><styleUrl>#styleDaimonCIRCUITO240TRECHO</styleUrl><LineString><coordinates>-47.937605,-8.924119,0 -47.942482,-8.927215,0</coordinates></LineString></Placemark>
<Placemark><name>12158512</name><styleUrl>#styleDaimonCIRCUITO240TRECHO</styleUrl><LineString><coordinates>-47.935225,-8.926253,0 -47.935199,-8.926277,0</coordinates></LineString></Placemark>
<Placemark><name>3097554</name><styleUrl>#styleDaimonCIRCUITO240TRECHO</styleUrl><LineString><coordinates>-47.935199,-8.926277,0 -47.933377,-8.927940,0</coordinates></LineString></Placemark>
<Placemark><name>12165409</name><styleUrl>#styleDaimonCIRCUITO240TRECHO</styleUrl><LineString><coordinates>-47.933377,-8.927940,0 -47.933352,-8.927963,0</coordinates></LineString></Placemark>
<Placemark><name>3097555</name><styleUrl>#styleDaimonCIRCUITO240TRECHO</styleUrl><LineString><coordinates>-47.933352,-8.927963,0 -47.932141,-8.929050,0</coordinates></LineString></Placemark>
<Placemark><name>12165413</name><styleUrl>#styleDaimonCIRCUITO240TRECHO</styleUrl><LineString><coordinates>-47.932141,-8.929050,0 -47.932115,-8.929073,0</coordinates></LineString></Placemark>
<Placemark><name>2944996</name><styleUrl>#styleDaimonCIRCUITO240TRECHO</styleUrl><LineString><coordinates>-47.932115,-8.929073,0 -47.930469,-8.930591,0</coordinates></LineString></Placemark>
<Placemark><name>3666410</name><styleUrl>#styleDaimonCIRCUITO240TRECHO</styleUrl><LineString><coordinates>-47.932115,-8.929073,0 -47.932128,-8.929079,0</coordinates></LineString></Placemark>
<Placemark><name>12165414</name><styleUrl>#styleDaimonCIRCUITO240TRECHO</styleUrl><LineString><coordinates>-47.930469,-8.930591,0 -47.930444,-8.930614,0</coordinates></LineString></Placemark>
<Placemark><name>3097557</name><styleUrl>#styleDaimonCIRCUITO240TRECHO</styleUrl><LineString><coordinates>-47.930444,-8.930614,0 -47.929466,-8.931454,0</coordinates></LineString></Placemark>
<Placemark><name>12165415</name><styleUrl>#styleDaimonCIRCUITO240TRECHO</styleUrl><LineString><coordinates>-47.929466,-8.931454,0 -47.929440,-8.931476,0</coordinates></LineString></Placemark>
<Placemark><name>2944997</name><styleUrl>#styleDaimonCIRCUITO240TRECHO</styleUrl><LineString><coordinates>-47.929440,-8.931476,0 -47.928370,-8.932471,0</coordinates></LineString></Placemark>
<Placemark><name>2944999</name><styleUrl>#styleDaimonCIRCUITO240TRECHO</styleUrl><LineString><coordinates>-47.928370,-8.932471,0 -47.922581,-8.939492,0</coordinates></LineString></Placemark>
<Placemark><name>12165416</name><styleUrl>#styleDaimonCIRCUITO240TRECHO</styleUrl><LineString><coordinates>-47.922581,-8.939492,0 -47.922575,-8.939523,0</coordinates></LineString></Placemark>
<Placemark><name>2945147</name><styleUrl>#styleDaimonCIRCUITO240TRECHO</styleUrl><LineString><coordinates>-47.922575,-8.939523,0 -47.923191,-8.941202,0</coordinates></LineString></Placemark>
<Placemark><name>12165417</name><styleUrl>#styleDaimonCIRCUITO240TRECHO</styleUrl><LineString><coordinates>-47.923191,-8.941202,0 -47.923174,-8.941202,0</coordinates></LineString></Placemark>
<Placemark><name>3097560</name><styleUrl>#styleDaimonCIRCUITO240TRECHO</styleUrl><LineString><coordinates>-47.923191,-8.941202,0 -47.925609,-8.947735,0</coordinates></LineString></Placemark>
<Placemark><name>3097567</name><styleUrl>#styleDaimonCIRCUITO240TRECHO</styleUrl><LineString><coordinates>-47.923174,-8.941202,0 -47.920877,-8.941203,0</coordinates></LineString></Placemark>
<Placemark><name>2945148</name><styleUrl>#styleDaimonCIRCUITO240TRECHO</styleUrl><LineString><coordinates>-47.925609,-8.947735,0 -47.926077,-8.949001,0</coordinates></LineString></Placemark>
<Placemark><name>12165418</name><styleUrl>#styleDaimonCIRCUITO240TRECHO</styleUrl><LineString><coordinates>-47.926077,-8.949001,0 -47.926073,-8.949032,0</coordinates></LineString></Placemark>
<Placemark><name>3170046</name><styleUrl>#styleDaimonCIRCUITO240TRECHO</styleUrl><LineString><coordinates>-47.926073,-8.949032,0 -47.925601,-8.949756,0</coordinates></LineString></Placemark>
<Placemark><name>12158728</name><styleUrl>#styleDaimonCIRCUITO240TRECHO</styleUrl><LineString><coordinates>-47.925601,-8.949756,0 -47.925610,-8.949771,0</coordinates></LineString></Placemark>
<Placemark><name>2950874</name><styleUrl>#styleDaimonCIRCUITO240TRECHO</styleUrl><LineString><coordinates>-47.925601,-8.949756,0 -47.915664,-8.960679,0</coordinates></LineString></Placemark>
<Placemark><name>2906435</name><styleUrl>#styleDaimonCIRCUITO240TRECHO</styleUrl><LineString><coordinates>-47.925610,-8.949771,0 -47.933647,-8.961386,0</coordinates></LineString></Placemark>
<Placemark><name>12165256</name><styleUrl>#styleDaimonCIRCUITO240TRECHO</styleUrl><LineString><coordinates>-47.915664,-8.960679,0 -47.915633,-8.960692,0</coordinates></LineString></Placemark>
<Placemark><name>12158729</name><styleUrl>#styleDaimonCIRCUITO240TRECHO</styleUrl><LineString><coordinates>-47.933647,-8.961386,0 -47.933672,-8.961407,0</coordinates></LineString></Placemark>
<Placemark><name>3097561</name><styleUrl>#styleDaimonCIRCUITO240TRECHO</styleUrl><LineString><coordinates>-47.915633,-8.960692,0 -47.909137,-8.961585,0</coordinates></LineString></Placemark>
<Placemark><name>2985971</name><styleUrl>#styleDaimonCIRCUITO240TRECHO</styleUrl><LineString><coordinates>-47.933672,-8.961407,0 -47.937935,-8.963249,0</coordinates></LineString></Placemark>
<Placemark><name>12158957</name><styleUrl>#styleDaimonCIRCUITO240TRECHO</styleUrl><LineString><coordinates>-47.909137,-8.961585,0 -47.909138,-8.961602,0</coordinates></LineString></Placemark>
<Placemark><name>3097562</name><styleUrl>#styleDaimonCIRCUITO240TRECHO</styleUrl><LineString><coordinates>-47.909137,-8.961585,0 -47.908011,-8.961749,0</coordinates></LineString></Placemark>
<Placemark><name>12158730</name><styleUrl>#styleDaimonCIRCUITO240TRECHO</styleUrl><LineString><coordinates>-47.937935,-8.963249,0 -47.937952,-8.963274,0</coordinates></LineString></Placemark>
<Placemark><name>3457245</name><styleUrl>#styleDaimonCIRCUITO240TRECHO</styleUrl><LineString><coordinates>-47.909138,-8.961602,0 -47.909218,-8.964324,0</coordinates></LineString></Placemark>
<Placemark><name>3189072</name><styleUrl>#styleDaimonCIRCUITO240TRECHO</styleUrl><LineString><coordinates>-47.908011,-8.961749,0 -47.907087,-8.961865,0</coordinates></LineString></Placemark>
<Placemark><name>2986257</name><styleUrl>#styleDaimonCIRCUITO240TRECHO</styleUrl><LineString><coordinates>-47.937952,-8.963274,0 -47.938257,-8.971234,0</coordinates></LineString></Placemark>
<Placemark><name>12158956</name><styleUrl>#styleDaimonCIRCUITO240TRECHO</styleUrl><LineString><coordinates>-47.909218,-8.964324,0 -47.909235,-8.964345,0</coordinates></LineString></Placemark>
<Placemark><name>12165405</name><styleUrl>#styleDaimonCIRCUITO240TRECHO</styleUrl><LineString><coordinates>-47.907087,-8.961865,0 -47.907055,-8.961858,0</coordinates></LineString></Placemark>
<Placemark><name>2951418</name><styleUrl>#styleDaimonCIRCUITO240TRECHO</styleUrl><LineString><coordinates>-47.938257,-8.971234,0 -47.938354,-8.972409,0</coordinates></LineString></Placemark>
<Placemark><name>3457244</name><styleUrl>#styleDaimonCIRCUITO240TRECHO</styleUrl><LineString><coordinates>-47.909235,-8.964345,0 -47.911107,-8.964796,0</coordinates></LineString></Placemark>
<Placemark><name>3097563</name><styleUrl>#styleDaimonCIRCUITO240TRECHO</styleUrl><LineString><coordinates>-47.907055,-8.961858,0 -47.904939,-8.960253,0</coordinates></LineString></Placemark>
<Placemark><name>3097564</name><styleUrl>#styleDaimonCIRCUITO240TRECHO</styleUrl><LineString><coordinates>-47.904939,-8.960253,0 -47.904182,-8.959584,0</coordinates></LineString></Placemark>
<Placemark><name>12165421</name><styleUrl>#styleDaimonCIRCUITO240TRECHO</styleUrl><LineString><coordinates>-47.904182,-8.959584,0 -47.904152,-8.959574,0</coordinates></LineString></Placemark>
<Placemark><name>2951304</name><styleUrl>#styleDaimonCIRCUITO240TRECHO</styleUrl><LineString><coordinates>-47.904152,-8.959574,0 -47.892014,-8.961532,0</coordinates></LineString></Placemark>
<Placemark><name>12165423</name><styleUrl>#styleDaimonCIRCUITO240TRECHO</styleUrl><LineString><coordinates>-47.892014,-8.961532,0 -47.891981,-8.961542,0</coordinates></LineString></Placemark>
<Placemark><name>12165422</name><styleUrl>#styleDaimonCIRCUITO240TRECHO</styleUrl><LineString><coordinates>-47.892014,-8.961532,0 -47.891995,-8.961521,0</coordinates></LineString></Placemark>
<Placemark><name>2958595</name><styleUrl>#styleDaimonCIRCUITO240TRECHO</styleUrl><LineString><coordinates>-47.891981,-8.961542,0 -47.891585,-8.961641,0</coordinates></LineString></Placemark>
<Placemark><name>2951288</name><styleUrl>#styleDaimonCIRCUITO240TRECHO</styleUrl><LineString><coordinates>-47.891995,-8.961521,0 -47.891844,-8.960604,0</coordinates></LineString></Placemark>
<Placemark><name>2951287</name><styleUrl>#styleDaimonCIRCUITO240TRECHO</styleUrl><LineString><coordinates>-47.891844,-8.960604,0 -47.890801,-8.956735,0</coordinates></LineString></Placemark>
<Placemark><name>12171510</name><styleUrl>#styleDaimonCIRCUITO240TRECHO</styleUrl><LineString><coordinates>-47.890801,-8.956735,0 -47.890786,-8.956705,0</coordinates></LineString></Placemark>
<Placemark><name>2951176</name><styleUrl>#styleDaimonCIRCUITO240TRECHO</styleUrl><LineString><coordinates>-47.890786,-8.956705,0 -47.889625,-8.954034,0</coordinates></LineString></Placemark>
<Placemark><name>12106993</name><styleUrl>#styleDaimonCIRCUITO240TRECHO</styleUrl><LineString><coordinates>-48.062168,-8.879521,0 -48.062200,-8.879508,0</coordinates></LineString></Placemark>
<Placemark><name>2950473</name><styleUrl>#styleDaimonCIRCUITO240TRECHO</styleUrl><LineString><coordinates>-48.049245,-8.884212,0 -48.062168,-8.879521,0</coordinates></LineString></Placemark>
<Placemark><name>2950476</name><styleUrl>#styleDaimonCIRCUITO240TRECHO</styleUrl><LineString><coordinates>-48.062200,-8.879508,0 -48.063021,-8.879164,0</coordinates></LineString></Placemark>
<Placemark><name>12106905</name><styleUrl>#styleDaimonCIRCUITO240TRECHO</styleUrl><LineString><coordinates>-48.049211,-8.884216,0 -48.049245,-8.884212,0</coordinates></LineString></Placemark>
<Placemark><name>12102920</name><styleUrl>#styleDaimonCIRCUITO240TRECHO</styleUrl><LineString><coordinates>-48.063021,-8.879164,0 -48.063028,-8.879180,0</coordinates></LineString></Placemark>
<Placemark><name>3181073</name><styleUrl>#styleDaimonCIRCUITO240TRECHO</styleUrl><LineString><coordinates>-48.063021,-8.879164,0 -48.070094,-8.876493,0</coordinates></LineString></Placemark>
<Placemark><name>3180657</name><styleUrl>#styleDaimonCIRCUITO240TRECHO</styleUrl><LineString><coordinates>-48.044806,-8.883983,0 -48.049211,-8.884216,0</coordinates></LineString></Placemark>
<Placemark><name>2798778</name><styleUrl>#styleDaimonCIRCUITO240TRECHO</styleUrl><LineString><coordinates>-48.063028,-8.879180,0 -48.063046,-8.879439,0</coordinates></LineString></Placemark>
<Placemark><name>2995328</name><styleUrl>#styleDaimonCIRCUITO240TRECHO</styleUrl><LineString><coordinates>-48.070094,-8.876493,0 -48.074414,-8.874853,0</coordinates></LineString></Placemark>
<Placemark><name>12143059</name><styleUrl>#styleDaimonCIRCUITO240TRECHO</styleUrl><LineString><coordinates>-48.044806,-8.883983,0 -48.044807,-8.883966,0</coordinates></LineString></Placemark>
<Placemark><name>2534762</name><styleUrl>#styleDaimonCIRCUITO240TRECHO</styleUrl><LineString><coordinates>-48.037829,-8.883568,0 -48.044806,-8.883983,0</coordinates></LineString></Placemark>
<Placemark><name>12111855</name><styleUrl>#styleDaimonCIRCUITO240TRECHO</styleUrl><LineString><coordinates>-48.074414,-8.874853,0 -48.074446,-8.874841,0</coordinates></LineString></Placemark>
<Placemark><name>3087497</name><styleUrl>#styleDaimonCIRCUITO240TRECHO</styleUrl><LineString><coordinates>-48.044807,-8.883966,0 -48.044817,-8.883844,0</coordinates></LineString></Placemark>
<Placemark><name>12114958</name><styleUrl>#styleDaimonCIRCUITO240TRECHO</styleUrl><LineString><coordinates>-48.037794,-8.883564,0 -48.037829,-8.883568,0</coordinates></LineString></Placemark>
<Placemark><name>3088977</name><styleUrl>#styleDaimonCIRCUITO240TRECHO</styleUrl><LineString><coordinates>-48.074446,-8.874841,0 -48.083387,-8.870364,0</coordinates></LineString></Placemark>
<Placemark><name>2535043</name><styleUrl>#styleDaimonCIRCUITO240TRECHO</styleUrl><LineString><coordinates>-48.031919,-8.883022,0 -48.037794,-8.883564,0</coordinates></LineString></Placemark>
<Placemark><name>34313613</name><styleUrl>#styleDaimonCIRCUITO240TRECHO</styleUrl><LineString><coordinates>-48.083387,-8.870364,0 -48.083372,-8.870354,0</coordinates></LineString></Placemark>
<Placemark><name>3181080</name><styleUrl>#styleDaimonCIRCUITO240TRECHO</styleUrl><LineString><coordinates>-48.083387,-8.870364,0 -48.084556,-8.869757,0</coordinates></LineString></Placemark>
<Placemark><name>2536929</name><styleUrl>#styleDaimonCIRCUITO240TRECHO</styleUrl><LineString><coordinates>-48.023550,-8.882503,0 -48.031919,-8.883022,0</coordinates></LineString></Placemark>
<Placemark><name>34313587</name><styleUrl>#styleDaimonCIRCUITO240TRECHO</styleUrl><LineString><coordinates>-48.083372,-8.870354,0 -48.083195,-8.870226,0</coordinates></LineString></Placemark>
<Placemark><name>2535444</name><styleUrl>#styleDaimonCIRCUITO240TRECHO</styleUrl><LineString><coordinates>-47.858859,-8.847101,0 -47.858567,-8.848862,0</coordinates></LineString></Placemark>
<Placemark><name>3172699</name><styleUrl>#styleDaimonCIRCUITO240TRECHO</styleUrl><LineString><coordinates>-47.859245,-8.845035,0 -47.858859,-8.847101,0</coordinates></LineString></Placemark>
<Placemark><name>12127847</name><styleUrl>#styleDaimonCIRCUITO240TRECHO</styleUrl><LineString><coordinates>-47.858567,-8.848862,0 -47.858560,-8.848895,0</coordinates></LineString></Placemark>
<Placemark><name>12125629</name><styleUrl>#styleDaimonCIRCUITO240TRECHO</styleUrl><LineString><coordinates>-47.859250,-8.845002,0 -47.859245,-8.845035,0</coordinates></LineString></Placemark>
<Placemark><name>2961170</name><styleUrl>#styleDaimonCIRCUITO240TRECHO</styleUrl><LineString><coordinates>-47.858560,-8.848895,0 -47.857988,-8.851994,0</coordinates></LineString></Placemark>
<Placemark><name>3172698</name><styleUrl>#styleDaimonCIRCUITO240TRECHO</styleUrl><LineString><coordinates>-47.859469,-8.843720,0 -47.859250,-8.845002,0</coordinates></LineString></Placemark>
<Placemark><name>12127846</name><styleUrl>#styleDaimonCIRCUITO240TRECHO</styleUrl><LineString><coordinates>-47.857988,-8.851994,0 -47.857982,-8.852027,0</coordinates></LineString></Placemark>
<Placemark><name>12126099</name><styleUrl>#styleDaimonCIRCUITO240TRECHO</styleUrl><LineString><coordinates>-47.859476,-8.843687,0 -47.859469,-8.843720,0</coordinates></LineString></Placemark>
<Placemark><name>3181822</name><styleUrl>#styleDaimonCIRCUITO240TRECHO</styleUrl><LineString><coordinates>-47.857982,-8.852027,0 -47.857276,-8.856114,0</coordinates></LineString></Placemark>
<Placemark><name>3474835</name><styleUrl>#styleDaimonCIRCUITO240TRECHO</styleUrl><LineString><coordinates>-47.859579,-8.843269,0 -47.859476,-8.843687,0</coordinates></LineString></Placemark>
<Placemark><name>12127845</name><styleUrl>#styleDaimonCIRCUITO240TRECHO</styleUrl><LineString><coordinates>-47.857276,-8.856114,0 -47.857271,-8.856148,0</coordinates></LineString></Placemark>
<Placemark><name>3474832</name><styleUrl>#styleDaimonCIRCUITO240TRECHO</styleUrl><LineString><coordinates>-47.859637,-8.842843,0 -47.859579,-8.843269,0</coordinates></LineString></Placemark>
<Placemark><name>3186239</name><styleUrl>#styleDaimonCIRCUITO240TRECHO</styleUrl><LineString><coordinates>-47.857271,-8.856148,0 -47.856995,-8.858378,0</coordinates></LineString></Placemark>
<Placemark><name>38607473</name><styleUrl>#styleDaimonCIRCUITO240TRECHO</styleUrl><LineString><coordinates>-47.859642,-8.842806,0 -47.859637,-8.842843,0</coordinates></LineString></Placemark>
<Placemark><name>38607472</name><styleUrl>#styleDaimonCIRCUITO240TRECHO</styleUrl><LineString><coordinates>-47.859637,-8.842843,0 -47.859612,-8.842827,0</coordinates></LineString></Placemark>
<Placemark><name>12126328</name><styleUrl>#styleDaimonCIRCUITO240TRECHO</styleUrl><LineString><coordinates>-47.856995,-8.858378,0 -47.856993,-8.858412,0</coordinates></LineString></Placemark>
<Placemark><name>3490293</name><styleUrl>#styleDaimonCIRCUITO240TRECHO</styleUrl><LineString><coordinates>-47.856993,-8.858412,0 -47.857208,-8.860174,0</coordinates></LineString></Placemark>
<Placemark><name>3666109</name><styleUrl>#styleDaimonCIRCUITO240TRECHO</styleUrl><LineString><coordinates>-47.856993,-8.858412,0 -47.856981,-8.858405,0</coordinates></LineString></Placemark>
<Placemark><name>12125883</name><styleUrl>#styleDaimonCIRCUITO240TRECHO</styleUrl><LineString><coordinates>-47.857208,-8.860174,0 -47.857214,-8.860208,0</coordinates></LineString></Placemark>
<Placemark><name>3186670</name><styleUrl>#styleDaimonCIRCUITO240TRECHO</styleUrl><LineString><coordinates>-47.857214,-8.860208,0 -47.857256,-8.860418,0</coordinates></LineString></Placemark>
<Placemark><name>12125882</name><styleUrl>#styleDaimonCIRCUITO240TRECHO</styleUrl><LineString><coordinates>-47.857256,-8.860418,0 -47.857261,-8.860452,0</coordinates></LineString></Placemark>
<Placemark><name>3186245</name><styleUrl>#styleDaimonCIRCUITO240TRECHO</styleUrl><LineString><coordinates>-47.857261,-8.860452,0 -47.857592,-8.862917,0</coordinates></LineString></Placemark>
<Placemark><name>12127850</name><styleUrl>#styleDaimonCIRCUITO240TRECHO</styleUrl><LineString><coordinates>-47.857592,-8.862917,0 -47.857596,-8.862952,0</coordinates></LineString></Placemark>
<Placemark><name>3186240</name><styleUrl>#styleDaimonCIRCUITO240TRECHO</styleUrl><LineString><coordinates>-47.857596,-8.862952,0 -47.857683,-8.863788,0</coordinates></LineString></Placemark>
<Placemark><name>12127849</name><styleUrl>#styleDaimonCIRCUITO240TRECHO</styleUrl><LineString><coordinates>-47.857683,-8.863788,0 -47.857688,-8.863821,0</coordinates></LineString></Placemark>
<Placemark><name>3179098</name><styleUrl>#styleDaimonCIRCUITO240TRECHO</styleUrl><LineString><coordinates>-47.857688,-8.863821,0 -47.858095,-8.866442,0</coordinates></LineString></Placemark>
<Placemark><name>12127848</name><styleUrl>#styleDaimonCIRCUITO240TRECHO</styleUrl><LineString><coordinates>-47.858095,-8.866442,0 -47.858099,-8.866476,0</coordinates></LineString></Placemark>
<Placemark><name>3108233</name><styleUrl>#styleDaimonCIRCUITO240TRECHO</styleUrl><LineString><coordinates>-47.858099,-8.866476,0 -47.858182,-8.867141,0</coordinates></LineString></Placemark>
<Placemark><name>3108365</name><styleUrl>#styleDaimonCIRCUITO240TRECHO</styleUrl><LineString><coordinates>-47.858182,-8.867141,0 -47.858208,-8.867561,0</coordinates></LineString></Placemark>
<Placemark><name>12127741</name><styleUrl>#styleDaimonCIRCUITO240TRECHO</styleUrl><LineString><coordinates>-47.858208,-8.867561,0 -47.858224,-8.867588,0</coordinates></LineString></Placemark>
<Placemark><name>3108369</name><styleUrl>#styleDaimonCIRCUITO240TRECHO</styleUrl><LineString><coordinates>-47.858224,-8.867588,0 -47.859080,-8.868095,0</coordinates></LineString></Placemark>
<Placemark><name>2977015</name><styleUrl>#styleDaimonCIRCUITO240TRECHO</styleUrl><LineString><coordinates>-47.859080,-8.868095,0 -47.861262,-8.869437,0</coordinates></LineString></Placemark>
<Placemark><name>2977017</name><styleUrl>#styleDaimonCIRCUITO240TRECHO</styleUrl><LineString><coordinates>-47.861262,-8.869437,0 -47.862116,-8.869687,0</coordinates></LineString></Placemark>
<Placemark><name>12128074</name><styleUrl>#styleDaimonCIRCUITO240TRECHO</styleUrl><LineString><coordinates>-47.862116,-8.869687,0 -47.862149,-8.869693,0</coordinates></LineString></Placemark>
<Placemark><name>3108363</name><styleUrl>#styleDaimonCIRCUITO240TRECHO</styleUrl><LineString><coordinates>-47.862149,-8.869693,0 -47.864155,-8.870023,0</coordinates></LineString></Placemark>
<Placemark><name>12128336</name><styleUrl>#styleDaimonCIRCUITO240TRECHO</styleUrl><LineString><coordinates>-47.864155,-8.870023,0 -47.864188,-8.870029,0</coordinates></LineString></Placemark>
<Placemark><name>2984877</name><styleUrl>#styleDaimonCIRCUITO240TRECHO</styleUrl><LineString><coordinates>-47.864188,-8.870029,0 -47.867787,-8.870091,0</coordinates></LineString></Placemark>
<Placemark><name>3108372</name><styleUrl>#styleDaimonCIRCUITO240TRECHO</styleUrl><LineString><coordinates>-47.867787,-8.870091,0 -47.869062,-8.870057,0</coordinates></LineString></Placemark>
<Placemark><name>12128335</name><styleUrl>#styleDaimonCIRCUITO240TRECHO</styleUrl><LineString><coordinates>-47.869062,-8.870057,0 -47.869089,-8.870071,0</coordinates></LineString></Placemark>
<Placemark><name>3108235</name><styleUrl>#styleDaimonCIRCUITO240TRECHO</styleUrl><LineString><coordinates>-47.869089,-8.870071,0 -47.869951,-8.871199,0</coordinates></LineString></Placemark>
<Placemark><name>12128334</name><styleUrl>#styleDaimonCIRCUITO240TRECHO</styleUrl><LineString><coordinates>-47.869951,-8.871199,0 -47.869972,-8.871226,0</coordinates></LineString></Placemark>
<Placemark><name>3108234</name><styleUrl>#styleDaimonCIRCUITO240TRECHO</styleUrl><LineString><coordinates>-47.869972,-8.871226,0 -47.872327,-8.874378,0</coordinates></LineString></Placemark>
<Placemark><name>12128333</name><styleUrl>#styleDaimonCIRCUITO240TRECHO</styleUrl><LineString><coordinates>-47.872327,-8.874378,0 -47.872329,-8.874407,0</coordinates></LineString></Placemark>
<Placemark><name>3186242</name><styleUrl>#styleDaimonCIRCUITO240TRECHO</styleUrl><LineString><coordinates>-47.872329,-8.874407,0 -47.871311,-8.876879,0</coordinates></LineString></Placemark>
<Placemark><name>2529220</name><styleUrl>#styleDaimonCIRCUITO240TRECHO</styleUrl><LineString><coordinates>-47.778523,-8.787905,0 -47.778536,-8.787861,0</coordinates></LineString></Placemark>
<Placemark><name>12082221</name><styleUrl>#styleDaimonCIRCUITO240TRECHO</styleUrl><LineString><coordinates>-47.778523,-8.787905,0 -47.778534,-8.787899,0</coordinates></LineString></Placemark>
<Placemark><name>3666730</name><styleUrl>#styleDaimonCIRCUITO240TRECHO</styleUrl><LineString><coordinates>-47.778523,-8.787905,0 -47.778507,-8.787916,0</coordinates></LineString></Placemark>
<Placemark><name>3090910</name><styleUrl>#styleDaimonCIRCUITO240TRECHO</styleUrl><LineString><coordinates>-47.779254,-8.788864,0 -47.778523,-8.787905,0</coordinates></LineString></Placemark>
<Placemark><name>12086927</name><styleUrl>#styleDaimonCIRCUITO240TRECHO</styleUrl><LineString><coordinates>-47.779274,-8.788890,0 -47.779254,-8.788864,0</coordinates></LineString></Placemark>
<Placemark><name>3090912</name><styleUrl>#styleDaimonCIRCUITO240TRECHO</styleUrl><LineString><coordinates>-47.779985,-8.789779,0 -47.779274,-8.788890,0</coordinates></LineString></Placemark>
<Placemark><name>12081861</name><styleUrl>#styleDaimonCIRCUITO240TRECHO</styleUrl><LineString><coordinates>-47.780005,-8.789807,0 -47.779985,-8.789779,0</coordinates></LineString></Placemark>
<Placemark><name>3105992</name><styleUrl>#styleDaimonCIRCUITO240TRECHO</styleUrl><LineString><coordinates>-47.780913,-8.791088,0 -47.780005,-8.789807,0</coordinates></LineString></Placemark>
<Placemark><name>3178169</name><styleUrl>#styleDaimonCIRCUITO240TRECHO</styleUrl><LineString><coordinates>-47.782003,-8.792450,0 -47.780913,-8.791088,0</coordinates></LineString></Placemark>
<Placemark><name>12031133</name><styleUrl>#styleDaimonCIRCUITO240TRECHO</styleUrl><LineString><coordinates>-47.782003,-8.792450,0 -47.782016,-8.792439,0</coordinates></LineString></Placemark>
<Placemark><name>3178174</name><styleUrl>#styleDaimonCIRCUITO240TRECHO</styleUrl><LineString><coordinates>-47.783940,-8.795088,0 -47.782003,-8.792450,0</coordinates></LineString></Placemark>
<Placemark><name>3178172</name><styleUrl>#styleDaimonCIRCUITO240TRECHO</styleUrl><LineString><coordinates>-47.782016,-8.792439,0 -47.782154,-8.792335,0</coordinates></LineString></Placemark>
<Placemark><name>12081971</name><styleUrl>#styleDaimonCIRCUITO240TRECHO</styleUrl><LineString><coordinates>-47.783961,-8.795115,0 -47.783940,-8.795088,0</coordinates></LineString></Placemark>
<Placemark><name>3178460</name><styleUrl>#styleDaimonCIRCUITO240TRECHO</styleUrl><LineString><coordinates>-47.784404,-8.795736,0 -47.783961,-8.795115,0</coordinates></LineString></Placemark>
<Placemark><name>74543840</name><styleUrl>#styleDaimonCIRCUITO240TRECHO</styleUrl><LineString><coordinates>-47.784927,-8.796354,0 -47.784404,-8.795736,0</coordinates></LineString></Placemark>
<Placemark><name>3178463</name><styleUrl>#styleDaimonCIRCUITO240TRECHO</styleUrl><LineString><coordinates>-47.786356,-8.798290,0 -47.784927,-8.796354,0</coordinates></LineString></Placemark>
<Placemark><name>12158848</name><styleUrl>#styleDaimonCIRCUITO240TRECHO</styleUrl><LineString><coordinates>-47.786356,-8.798290,0 -47.786342,-8.798300,0</coordinates></LineString></Placemark>
<Placemark><name>2951573</name><styleUrl>#styleDaimonCIRCUITO240TRECHO</styleUrl><LineString><coordinates>-47.791019,-8.806910,0 -47.786356,-8.798290,0</coordinates></LineString></Placemark>
<Placemark><name>3178465</name><styleUrl>#styleDaimonCIRCUITO240TRECHO</styleUrl><LineString><coordinates>-47.786342,-8.798300,0 -47.786153,-8.798451,0</coordinates></LineString></Placemark>
<Placemark><name>12081970</name><styleUrl>#styleDaimonCIRCUITO240TRECHO</styleUrl><LineString><coordinates>-47.791032,-8.806941,0 -47.791019,-8.806910,0</coordinates></LineString></Placemark>
<Placemark><name>2951578</name><styleUrl>#styleDaimonCIRCUITO240TRECHO</styleUrl><LineString><coordinates>-47.791987,-8.809110,0 -47.791032,-8.806941,0</coordinates></LineString></Placemark>
<Placemark><name>12081977</name><styleUrl>#styleDaimonCIRCUITO240TRECHO</styleUrl><LineString><coordinates>-47.791999,-8.809142,0 -47.791987,-8.809110,0</coordinates></LineString></Placemark>
<Placemark><name>2951579</name><styleUrl>#styleDaimonCIRCUITO240TRECHO</styleUrl><LineString><coordinates>-47.792850,-8.811245,0 -47.791999,-8.809142,0</coordinates></LineString></Placemark>
<Placemark><name>12081976</name><styleUrl>#styleDaimonCIRCUITO240TRECHO</styleUrl><LineString><coordinates>-47.792863,-8.811276,0 -47.792850,-8.811245,0</coordinates></LineString></Placemark>
<Placemark><name>2951819</name><styleUrl>#styleDaimonCIRCUITO240TRECHO</styleUrl><LineString><coordinates>-47.793553,-8.812908,0 -47.792863,-8.811276,0</coordinates></LineString></Placemark>
<Placemark><name>12159441</name><styleUrl>#styleDaimonCIRCUITO240TRECHO</styleUrl><LineString><coordinates>-47.793553,-8.812908,0 -47.793570,-8.812904,0</coordinates></LineString></Placemark>
<Placemark><name>2951823</name><styleUrl>#styleDaimonCIRCUITO240TRECHO</styleUrl><LineString><coordinates>-47.793906,-8.813608,0 -47.793553,-8.812908,0</coordinates></LineString></Placemark>
<Placemark><name>2951820</name><styleUrl>#styleDaimonCIRCUITO240TRECHO</styleUrl><LineString><coordinates>-47.793570,-8.812904,0 -47.793909,-8.812808,0</coordinates></LineString></Placemark>
<Placemark><name>2951824</name><styleUrl>#styleDaimonCIRCUITO240TRECHO</styleUrl><LineString><coordinates>-47.794166,-8.814390,0 -47.793906,-8.813608,0</coordinates></LineString></Placemark>
<Placemark><name>12086926</name><styleUrl>#styleDaimonCIRCUITO240TRECHO</styleUrl><LineString><coordinates>-47.794186,-8.814415,0 -47.794166,-8.814390,0</coordinates></LineString></Placemark>
<Placemark><name>2961858</name><styleUrl>#styleDaimonCIRCUITO240TRECHO</styleUrl><LineString><coordinates>-47.795089,-8.814961,0 -47.794186,-8.814415,0</coordinates></LineString></Placemark>
<Placemark><name>12086925</name><styleUrl>#styleDaimonCIRCUITO240TRECHO</styleUrl><LineString><coordinates>-47.795118,-8.814980,0 -47.795089,-8.814961,0</coordinates></LineString></Placemark>
<Placemark><name>3535802</name><styleUrl>#styleDaimonCIRCUITO240TRECHO</styleUrl><LineString><coordinates>-47.796229,-8.815677,0 -47.795118,-8.814980,0</coordinates></LineString></Placemark>
<Placemark><name>3535804</name><styleUrl>#styleDaimonCIRCUITO240TRECHO</styleUrl><LineString><coordinates>-47.796229,-8.815677,0 -47.796257,-8.815586,0</coordinates></LineString></Placemark>
<Placemark><name>3535803</name><styleUrl>#styleDaimonCIRCUITO240TRECHO</styleUrl><LineString><coordinates>-47.796229,-8.815677,0 -47.796214,-8.815728,0</coordinates></LineString></Placemark>
<Placemark><name>3535801</name><styleUrl>#styleDaimonCIRCUITO240TRECHO</styleUrl><LineString><coordinates>-47.796330,-8.815741,0 -47.796229,-8.815677,0</coordinates></LineString></Placemark>
<Placemark><name>12088780</name><styleUrl>#styleDaimonCIRCUITO240TRECHO</styleUrl><LineString><coordinates>-47.796359,-8.815760,0 -47.796330,-8.815741,0</coordinates></LineString></Placemark>
<Placemark><name>2961859</name><styleUrl>#styleDaimonCIRCUITO240TRECHO</styleUrl><LineString><coordinates>-47.797061,-8.816214,0 -47.796359,-8.815760,0</coordinates></LineString></Placemark>
<Placemark><name>12087924</name><styleUrl>#styleDaimonCIRCUITO240TRECHO</styleUrl><LineString><coordinates>-47.797082,-8.816239,0 -47.797061,-8.816214,0</coordinates></LineString></Placemark>
<Placemark><name>3666425</name><styleUrl>#styleDaimonCIRCUITO240TRECHO</styleUrl><LineString><coordinates>-47.797082,-8.816239,0 -47.797067,-8.816240,0</coordinates></LineString></Placemark>
<Placemark><name>2961861</name><styleUrl>#styleDaimonCIRCUITO240TRECHO</styleUrl><LineString><coordinates>-47.797737,-8.817887,0 -47.797082,-8.816239,0</coordinates></LineString></Placemark>
<Placemark><name>12088779</name><styleUrl>#styleDaimonCIRCUITO240TRECHO</styleUrl><LineString><coordinates>-47.797757,-8.817911,0 -47.797737,-8.817887,0</coordinates></LineString></Placemark>
<Placemark><name>3178308</name><styleUrl>#styleDaimonCIRCUITO240TRECHO</styleUrl><LineString><coordinates>-47.798732,-8.818424,0 -47.797757,-8.817911,0</coordinates></LineString></Placemark>
<Placemark><name>12088778</name><styleUrl>#styleDaimonCIRCUITO240TRECHO</styleUrl><LineString><coordinates>-47.798763,-8.818438,0 -47.798732,-8.818424,0</coordinates></LineString></Placemark>
<Placemark><name>3178309</name><styleUrl>#styleDaimonCIRCUITO240TRECHO</styleUrl><LineString><coordinates>-47.799590,-8.818787,0 -47.798763,-8.818438,0</coordinates></LineString></Placemark>
<Placemark><name>12087586</name><styleUrl>#styleDaimonCIRCUITO240TRECHO</styleUrl><LineString><coordinates>-47.799621,-8.818801,0 -47.799590,-8.818787,0</coordinates></LineString></Placemark>
<Placemark><name>2987323</name><styleUrl>#styleDaimonCIRCUITO240TRECHO</styleUrl><LineString><coordinates>-47.799621,-8.818801,0 -47.799624,-8.818764,0</coordinates></LineString></Placemark>
<Placemark><name>3178310</name><styleUrl>#styleDaimonCIRCUITO240TRECHO</styleUrl><LineString><coordinates>-47.801034,-8.819485,0 -47.799621,-8.818801,0</coordinates></LineString></Placemark>
<Placemark><name>12087931</name><styleUrl>#styleDaimonCIRCUITO240TRECHO</styleUrl><LineString><coordinates>-47.801065,-8.819498,0 -47.801034,-8.819485,0</coordinates></LineString></Placemark>
<Placemark><name>3497082</name><styleUrl>#styleDaimonCIRCUITO240TRECHO</styleUrl><LineString><coordinates>-47.801889,-8.819852,0 -47.801065,-8.819498,0</coordinates></LineString></Placemark>
<Placemark><name>3108741</name><styleUrl>#styleDaimonCIRCUITO240TRECHO</styleUrl><LineString><coordinates>-47.801065,-8.819498,0 -47.801066,-8.819459,0</coordinates></LineString></Placemark>
<Placemark><name>12126992</name><styleUrl>#styleDaimonCIRCUITO240TRECHO</styleUrl><LineString><coordinates>-47.801889,-8.819852,0 -47.801888,-8.819869,0</coordinates></LineString></Placemark>
<Placemark><name>3497330</name><styleUrl>#styleDaimonCIRCUITO240TRECHO</styleUrl><LineString><coordinates>-47.806347,-8.821962,0 -47.801889,-8.819852,0</coordinates></LineString></Placemark>
<Placemark><name>3497083</name><styleUrl>#styleDaimonCIRCUITO240TRECHO</styleUrl><LineString><coordinates>-47.801888,-8.819869,0 -47.801803,-8.820812,0</coordinates></LineString></Placemark>
<Placemark><name>12087930</name><styleUrl>#styleDaimonCIRCUITO240TRECHO</styleUrl><LineString><coordinates>-47.806375,-8.821980,0 -47.806347,-8.821962,0</coordinates></LineString></Placemark>
<Placemark><name>3169378</name><styleUrl>#styleDaimonCIRCUITO240TRECHO</styleUrl><LineString><coordinates>-47.810177,-8.825128,0 -47.806375,-8.821980,0</coordinates></LineString></Placemark>
<Placemark><name>12087929</name><styleUrl>#styleDaimonCIRCUITO240TRECHO</styleUrl><LineString><coordinates>-47.810203,-8.825150,0 -47.810177,-8.825128,0</coordinates></LineString></Placemark>
<Placemark><name>3169379</name><styleUrl>#styleDaimonCIRCUITO240TRECHO</styleUrl><LineString><coordinates>-47.811203,-8.826028,0 -47.810203,-8.825150,0</coordinates></LineString></Placemark>
<Placemark><name>12087928</name><styleUrl>#styleDaimonCIRCUITO240TRECHO</styleUrl><LineString><coordinates>-47.811230,-8.826048,0 -47.811203,-8.826028,0</coordinates></LineString></Placemark>
<Placemark><name>3169381</name><styleUrl>#styleDaimonCIRCUITO240TRECHO</styleUrl><LineString><coordinates>-47.812572,-8.826858,0 -47.811230,-8.826048,0</coordinates></LineString></Placemark>
<Placemark><name>12087927</name><styleUrl>#styleDaimonCIRCUITO240TRECHO</styleUrl><LineString><coordinates>-47.812602,-8.826874,0 -47.812572,-8.826858,0</coordinates></LineString></Placemark>
<Placemark><name>3169382</name><styleUrl>#styleDaimonCIRCUITO240TRECHO</styleUrl><LineString><coordinates>-47.813550,-8.827393,0 -47.812602,-8.826874,0</coordinates></LineString></Placemark>
<Placemark><name>12087926</name><styleUrl>#styleDaimonCIRCUITO240TRECHO</styleUrl><LineString><coordinates>-47.813580,-8.827410,0 -47.813550,-8.827393,0</coordinates></LineString></Placemark>
<Placemark><name>3179454</name><styleUrl>#styleDaimonCIRCUITO240TRECHO</styleUrl><LineString><coordinates>-47.817275,-8.829597,0 -47.813580,-8.827410,0</coordinates></LineString></Placemark>
<Placemark><name>12087925</name><styleUrl>#styleDaimonCIRCUITO240TRECHO</styleUrl><LineString><coordinates>-47.817304,-8.829614,0 -47.817275,-8.829597,0</coordinates></LineString></Placemark>
<Placemark><name>3081857</name><styleUrl>#styleDaimonCIRCUITO240TRECHO</styleUrl><LineString><coordinates>-47.817996,-8.830001,0 -47.817304,-8.829614,0</coordinates></LineString></Placemark>
<Placemark><name>12159215</name><styleUrl>#styleDaimonCIRCUITO240TRECHO</styleUrl><LineString><coordinates>-47.817996,-8.830001,0 -47.817989,-8.830013,0</coordinates></LineString></Placemark>
<Placemark><name>2950263</name><styleUrl>#styleDaimonCIRCUITO240TRECHO</styleUrl><LineString><coordinates>-47.829965,-8.836010,0 -47.817996,-8.830001,0</coordinates></LineString></Placemark>
<Placemark><name>3081859</name><styleUrl>#styleDaimonCIRCUITO240TRECHO</styleUrl><LineString><coordinates>-47.817989,-8.830013,0 -47.817352,-8.830606,0</coordinates></LineString></Placemark>
<Placemark><name>12087045</name><styleUrl>#styleDaimonCIRCUITO240TRECHO</styleUrl><LineString><coordinates>-47.829998,-8.836009,0 -47.829965,-8.836010,0</coordinates></LineString></Placemark>
<Placemark><name>3195036</name><styleUrl>#styleDaimonCIRCUITO240TRECHO</styleUrl><LineString><coordinates>-47.833856,-8.834826,0 -47.829998,-8.836009,0</coordinates></LineString></Placemark>
<Placemark><name>12088625</name><styleUrl>#styleDaimonCIRCUITO240TRECHO</styleUrl><LineString><coordinates>-47.833890,-8.834823,0 -47.833856,-8.834826,0</coordinates></LineString></Placemark>
<Placemark><name>3195038</name><styleUrl>#styleDaimonCIRCUITO240TRECHO</styleUrl><LineString><coordinates>-47.839390,-8.835084,0 -47.833890,-8.834823,0</coordinates></LineString></Placemark>
<Placemark><name>3088894</name><styleUrl>#styleDaimonCIRCUITO240TRECHO</styleUrl><LineString><coordinates>-47.840259,-8.835091,0 -47.839390,-8.835084,0</coordinates></LineString></Placemark>
<Placemark><name>3655839</name><styleUrl>#styleDaimonCIRCUITO240TRECHO</styleUrl><LineString><coordinates>-48.020431,-8.895603,0 -48.020434,-8.895587,0</coordinates></LineString></Placemark>
<Placemark><name>3098968</name><styleUrl>#styleDaimonCIRCUITO240TRECHO</styleUrl><LineString><coordinates>-47.877396,-8.960473,0 -47.873635,-8.959747,0</coordinates></LineString></Placemark>
<Placemark><name>3169579</name><styleUrl>#styleDaimonCIRCUITO240TRECHO</styleUrl><LineString><coordinates>-47.873635,-8.959747,0 -47.869378,-8.959418,0</coordinates></LineString></Placemark>
<Placemark><name>12165248</name><styleUrl>#styleDaimonCIRCUITO240TRECHO</styleUrl><LineString><coordinates>-47.877430,-8.960480,0 -47.877396,-8.960473,0</coordinates></LineString></Placemark>
<Placemark><name>3169583</name><styleUrl>#styleDaimonCIRCUITO240TRECHO</styleUrl><LineString><coordinates>-47.869378,-8.959418,0 -47.865895,-8.959179,0</coordinates></LineString></Placemark>
<Placemark><name>3474848</name><styleUrl>#styleDaimonCIRCUITO240TRECHO</styleUrl><LineString><coordinates>-47.882270,-8.961421,0 -47.877430,-8.960480,0</coordinates></LineString></Placemark>
<Placemark><name>3169790</name><styleUrl>#styleDaimonCIRCUITO240TRECHO</styleUrl><LineString><coordinates>-47.865895,-8.959179,0 -47.863982,-8.959056,0</coordinates></LineString></Placemark>
<Placemark><name>3169533</name><styleUrl>#styleDaimonCIRCUITO240TRECHO</styleUrl><LineString><coordinates>-47.891478,-8.961640,0 -47.882270,-8.961421,0</coordinates></LineString></Placemark>
<Placemark><name>12158955</name><styleUrl>#styleDaimonCIRCUITO240TRECHO</styleUrl><LineString><coordinates>-47.863982,-8.959056,0 -47.863948,-8.959052,0</coordinates></LineString></Placemark>
<Placemark><name>2954070</name><styleUrl>#styleDaimonCIRCUITO240TRECHO</styleUrl><LineString><coordinates>-47.863948,-8.959052,0 -47.861752,-8.958884,0</coordinates></LineString></Placemark>
<Placemark><name>12165372</name><styleUrl>#styleDaimonCIRCUITO240TRECHO</styleUrl><LineString><coordinates>-47.861752,-8.958884,0 -47.861719,-8.958881,0</coordinates></LineString></Placemark>
<Placemark><name>12163818</name><styleUrl>#styleDaimonCIRCUITO240TRECHO</styleUrl><LineString><coordinates>-47.861752,-8.958884,0 -47.861735,-8.958900,0</coordinates></LineString></Placemark>
<Placemark><name>3163775</name><styleUrl>#styleDaimonCIRCUITO240TRECHO</styleUrl><LineString><coordinates>-47.861719,-8.958881,0 -47.860394,-8.958777,0</coordinates></LineString></Placemark>
<Placemark><name>3163777</name><styleUrl>#styleDaimonCIRCUITO240TRECHO</styleUrl><LineString><coordinates>-47.861735,-8.958900,0 -47.861728,-8.959409,0</coordinates></LineString></Placemark>
<Placemark><name>12165634</name><styleUrl>#styleDaimonCIRCUITO240TRECHO</styleUrl><LineString><coordinates>-47.860394,-8.958777,0 -47.860359,-8.958775,0</coordinates></LineString></Placemark>
<Placemark><name>3163772</name><styleUrl>#styleDaimonCIRCUITO240TRECHO</styleUrl><LineString><coordinates>-47.860359,-8.958775,0 -47.857684,-8.958602,0</coordinates></LineString></Placemark>
<Placemark><name>12165635</name><styleUrl>#styleDaimonCIRCUITO240TRECHO</styleUrl><LineString><coordinates>-47.857684,-8.958602,0 -47.857651,-8.958599,0</coordinates></LineString></Placemark>
<Placemark><name>3178810</name><styleUrl>#styleDaimonCIRCUITO240TRECHO</styleUrl><LineString><coordinates>-47.857651,-8.958599,0 -47.850442,-8.958511,0</coordinates></LineString></Placemark>
<Placemark><name>3460817</name><styleUrl>#styleDaimonCIRCUITO240TRECHO</styleUrl><LineString><coordinates>-47.850442,-8.958511,0 -47.843249,-8.959189,0</coordinates></LineString></Placemark>
<Placemark><name>12165522</name><styleUrl>#styleDaimonCIRCUITO240TRECHO</styleUrl><LineString><coordinates>-47.843249,-8.959189,0 -47.843221,-8.959204,0</coordinates></LineString></Placemark>
<Placemark><name>3460816</name><styleUrl>#styleDaimonCIRCUITO240TRECHO</styleUrl><LineString><coordinates>-47.843221,-8.959204,0 -47.840793,-8.961983,0</coordinates></LineString></Placemark>
<Placemark><name>12173790</name><styleUrl>#styleDaimonCIRCUITO240TRECHO</styleUrl><LineString><coordinates>-47.815289,-8.861749,0 -47.815301,-8.861736,0</coordinates></LineString></Placemark>
<Placemark><name>2987983</name><styleUrl>#styleDaimonCIRCUITO240TRECHO</styleUrl><LineString><coordinates>-47.815289,-8.861749,0 -47.815932,-8.862208,0</coordinates></LineString></Placemark>
<Placemark><name>2987984</name><styleUrl>#styleDaimonCIRCUITO240TRECHO</styleUrl><LineString><coordinates>-47.813397,-8.860505,0 -47.815289,-8.861749,0</coordinates></LineString></Placemark>
<Placemark><name>3181398</name><styleUrl>#styleDaimonCIRCUITO240TRECHO</styleUrl><LineString><coordinates>-47.815301,-8.861736,0 -47.817056,-8.859931,0</coordinates></LineString></Placemark>
<Placemark><name>12173789</name><styleUrl>#styleDaimonCIRCUITO240TRECHO</styleUrl><LineString><coordinates>-47.813368,-8.860487,0 -47.813397,-8.860505,0</coordinates></LineString></Placemark>
<Placemark><name>12173791</name><styleUrl>#styleDaimonCIRCUITO240TRECHO</styleUrl><LineString><coordinates>-47.817056,-8.859931,0 -47.817084,-8.859915,0</coordinates></LineString></Placemark>
<Placemark><name>2987982</name><styleUrl>#styleDaimonCIRCUITO240TRECHO</styleUrl><LineString><coordinates>-47.811712,-8.859296,0 -47.813368,-8.860487,0</coordinates></LineString></Placemark>
<Placemark><name>2987986</name><styleUrl>#styleDaimonCIRCUITO240TRECHO</styleUrl><LineString><coordinates>-47.817084,-8.859915,0 -47.818746,-8.859319,0</coordinates></LineString></Placemark>
<Placemark><name>12173788</name><styleUrl>#styleDaimonCIRCUITO240TRECHO</styleUrl><LineString><coordinates>-47.811683,-8.859277,0 -47.811712,-8.859296,0</coordinates></LineString></Placemark>
<Placemark><name>12173792</name><styleUrl>#styleDaimonCIRCUITO240TRECHO</styleUrl><LineString><coordinates>-47.818746,-8.859319,0 -47.818779,-8.859308,0</coordinates></LineString></Placemark>
<Placemark><name>3186685</name><styleUrl>#styleDaimonCIRCUITO240TRECHO</styleUrl><LineString><coordinates>-47.810535,-8.858525,0 -47.811683,-8.859277,0</coordinates></LineString></Placemark>
<Placemark><name>3181447</name><styleUrl>#styleDaimonCIRCUITO240TRECHO</styleUrl><LineString><coordinates>-47.818779,-8.859308,0 -47.821471,-8.858325,0</coordinates></LineString></Placemark>
<Placemark><name>12173787</name><styleUrl>#styleDaimonCIRCUITO240TRECHO</styleUrl><LineString><coordinates>-47.810504,-8.858515,0 -47.810535,-8.858525,0</coordinates></LineString></Placemark>
<Placemark><name>2987977</name><styleUrl>#styleDaimonCIRCUITO240TRECHO</styleUrl><LineString><coordinates>-47.808737,-8.858450,0 -47.810504,-8.858515,0</coordinates></LineString></Placemark>
<Placemark><name>12173786</name><styleUrl>#styleDaimonCIRCUITO240TRECHO</styleUrl><LineString><coordinates>-47.808719,-8.858449,0 -47.808737,-8.858450,0</coordinates></LineString></Placemark>
<Placemark><name>3186676</name><styleUrl>#styleDaimonCIRCUITO240TRECHO</styleUrl><LineString><coordinates>-47.808719,-8.858449,0 -47.807571,-8.861795,0</coordinates></LineString></Placemark>
<Placemark><name>3186678</name><styleUrl>#styleDaimonCIRCUITO240TRECHO</styleUrl><LineString><coordinates>-47.809313,-8.855978,0 -47.808719,-8.858449,0</coordinates></LineString></Placemark>
<Placemark><name>12172869</name><styleUrl>#styleDaimonCIRCUITO240TRECHO</styleUrl><LineString><coordinates>-47.807571,-8.861795,0 -47.807564,-8.861828,0</coordinates></LineString></Placemark>
<Placemark><name>12173785</name><styleUrl>#styleDaimonCIRCUITO240TRECHO</styleUrl><LineString><coordinates>-47.809315,-8.855945,0 -47.809313,-8.855978,0</coordinates></LineString></Placemark>
<Placemark><name>3186440</name><styleUrl>#styleDaimonCIRCUITO240TRECHO</styleUrl><LineString><coordinates>-47.807564,-8.861828,0 -47.807660,-8.862857,0</coordinates></LineString></Placemark>
<Placemark><name>3181656</name><styleUrl>#styleDaimonCIRCUITO240TRECHO</styleUrl><LineString><coordinates>-47.809007,-8.853429,0 -47.809315,-8.855945,0</coordinates></LineString></Placemark>
<Placemark><name>3186442</name><styleUrl>#styleDaimonCIRCUITO240TRECHO</styleUrl><LineString><coordinates>-47.807660,-8.862857,0 -47.807722,-8.863096,0</coordinates></LineString></Placemark>
<Placemark><name>12173784</name><styleUrl>#styleDaimonCIRCUITO240TRECHO</styleUrl><LineString><coordinates>-47.809002,-8.853394,0 -47.809007,-8.853429,0</coordinates></LineString></Placemark>
<Placemark><name>2987688</name><styleUrl>#styleDaimonCIRCUITO240TRECHO</styleUrl><LineString><coordinates>-47.808785,-8.852095,0 -47.809002,-8.853394,0</coordinates></LineString></Placemark>
<Placemark><name>12159217</name><styleUrl>#styleDaimonCIRCUITO240TRECHO</styleUrl><LineString><coordinates>-47.808785,-8.852095,0 -47.808800,-8.852090,0</coordinates></LineString></Placemark>
<Placemark><name>3189501</name><styleUrl>#styleDaimonCIRCUITO240TRECHO</styleUrl><LineString><coordinates>-47.808183,-8.847296,0 -47.808785,-8.852095,0</coordinates></LineString></Placemark>
<Placemark><name>2984590</name><styleUrl>#styleDaimonCIRCUITO240TRECHO</styleUrl><LineString><coordinates>-47.808800,-8.852090,0 -47.811487,-8.851246,0</coordinates></LineString></Placemark>
<Placemark><name>3235307</name><styleUrl>#styleDaimonCIRCUITO240TRECHO</styleUrl><LineString><coordinates>-47.809010,-8.840063,0 -47.808183,-8.847296,0</coordinates></LineString></Placemark>
<Placemark><name>12165170</name><styleUrl>#styleDaimonCIRCUITO240TRECHO</styleUrl><LineString><coordinates>-47.811487,-8.851246,0 -47.811511,-8.851256,0</coordinates></LineString></Placemark>
<Placemark><name>12159216</name><styleUrl>#styleDaimonCIRCUITO240TRECHO</styleUrl><LineString><coordinates>-47.809023,-8.840031,0 -47.809010,-8.840063,0</coordinates></LineString></Placemark>
<Placemark><name>2984593</name><styleUrl>#styleDaimonCIRCUITO240TRECHO</styleUrl><LineString><coordinates>-47.811511,-8.851256,0 -47.814820,-8.855528,0</coordinates></LineString></Placemark>
<Placemark><name>2984645</name><styleUrl>#styleDaimonCIRCUITO240TRECHO</styleUrl><LineString><coordinates>-47.817387,-8.830572,0 -47.809023,-8.840031,0</coordinates></LineString></Placemark>
<Placemark><name>55590244</name><styleUrl>#styleDaimonCIRCUITO240TRECHO</styleUrl><LineString><coordinates>-47.817410,-8.830551,0 -47.817387,-8.830572,0</coordinates></LineString></Placemark>
<Placemark><name>55590248</name><styleUrl>#styleDaimonCIRCUITO240TRECHO</styleUrl><LineString><coordinates>-47.817387,-8.830572,0 -47.817386,-8.830548,0</coordinates></LineString></Placemark>
<Placemark><name>55590251</name><styleUrl>#styleDaimonCIRCUITO240TRECHO</styleUrl><LineString><coordinates>-47.817410,-8.830551,0 -47.817385,-8.830545,0</coordinates></LineString></Placemark>
<Placemark><name>2529219</name><styleUrl>#styleDaimonCIRCUITO240TRECHO</styleUrl><LineString><coordinates>-47.778497,-8.787898,0 -47.778487,-8.787880,0</coordinates></LineString></Placemark>
<Placemark><name>3655545</name><styleUrl>#styleDaimonCIRCUITO240TRECHO</styleUrl><LineString><coordinates>-47.778521,-8.787905,0 -47.778497,-8.787898,0</coordinates></LineString></Placemark>
<Placemark><name>12165520</name><styleUrl>#styleDaimonCIRCUITO240TRECHO</styleUrl><LineString><coordinates>-47.817756,-8.958774,0 -47.817725,-8.958762,0</coordinates></LineString></Placemark>
<Placemark><name>2993477</name><styleUrl>#styleDaimonCIRCUITO240TRECHO</styleUrl><LineString><coordinates>-47.817725,-8.958762,0 -47.817130,-8.958494,0</coordinates></LineString></Placemark>
<Placemark><name>2993478</name><styleUrl>#styleDaimonCIRCUITO240TRECHO</styleUrl><LineString><coordinates>-47.819824,-8.959487,0 -47.817756,-8.958774,0</coordinates></LineString></Placemark>
<Placemark><name>12165247</name><styleUrl>#styleDaimonCIRCUITO240TRECHO</styleUrl><LineString><coordinates>-47.817130,-8.958494,0 -47.817099,-8.958481,0</coordinates></LineString></Placemark>
<Placemark><name>12165640</name><styleUrl>#styleDaimonCIRCUITO240TRECHO</styleUrl><LineString><coordinates>-47.819856,-8.959498,0 -47.819824,-8.959487,0</coordinates></LineString></Placemark>
<Placemark><name>2993476</name><styleUrl>#styleDaimonCIRCUITO240TRECHO</styleUrl><LineString><coordinates>-47.817099,-8.958481,0 -47.814498,-8.957386,0</coordinates></LineString></Placemark>
<Placemark><name>2993479</name><styleUrl>#styleDaimonCIRCUITO240TRECHO</styleUrl><LineString><coordinates>-47.822197,-8.960313,0 -47.819856,-8.959498,0</coordinates></LineString></Placemark>
<Placemark><name>12165246</name><styleUrl>#styleDaimonCIRCUITO240TRECHO</styleUrl><LineString><coordinates>-47.814498,-8.957386,0 -47.814467,-8.957371,0</coordinates></LineString></Placemark>
<Placemark><name>12165521</name><styleUrl>#styleDaimonCIRCUITO240TRECHO</styleUrl><LineString><coordinates>-47.822228,-8.960324,0 -47.822197,-8.960313,0</coordinates></LineString></Placemark>
<Placemark><name>3190037</name><styleUrl>#styleDaimonCIRCUITO240TRECHO</styleUrl><LineString><coordinates>-47.814467,-8.957371,0 -47.805071,-8.953234,0</coordinates></LineString></Placemark>
<Placemark><name>2993480</name><styleUrl>#styleDaimonCIRCUITO240TRECHO</styleUrl><LineString><coordinates>-47.827065,-8.961950,0 -47.822228,-8.960324,0</coordinates></LineString></Placemark>
<Placemark><name>3171537</name><styleUrl>#styleDaimonCIRCUITO240TRECHO</styleUrl><LineString><coordinates>-47.840598,-8.961996,0 -47.827065,-8.961950,0</coordinates></LineString></Placemark>
<Placemark><name>3655820</name><styleUrl>#styleDaimonCIRCUITO240TRECHO</styleUrl><LineString><coordinates>-47.756913,-8.781077,0 -47.756932,-8.781036,0</coordinates></LineString></Placemark>
<Placemark><name>3163640</name><styleUrl>#styleDaimonCIRCUITO240TRECHO</styleUrl><LineString><coordinates>-47.760549,-8.785085,0 -47.756913,-8.781077,0</coordinates></LineString></Placemark>
<Placemark><name>2993487</name><styleUrl>#styleDaimonCIRCUITO240TRECHO</styleUrl><LineString><coordinates>-47.761805,-8.786199,0 -47.760549,-8.785085,0</coordinates></LineString></Placemark>
<Placemark><name>12088380</name><styleUrl>#styleDaimonCIRCUITO240TRECHO</styleUrl><LineString><coordinates>-47.761836,-8.786212,0 -47.761805,-8.786199,0</coordinates></LineString></Placemark>
<Placemark><name>3171039</name><styleUrl>#styleDaimonCIRCUITO240TRECHO</styleUrl><LineString><coordinates>-47.763065,-8.786441,0 -47.761836,-8.786212,0</coordinates></LineString></Placemark>
<Placemark><name>12105540</name><styleUrl>#styleDaimonCIRCUITO240TRECHO</styleUrl><LineString><coordinates>-47.763094,-8.786433,0 -47.763065,-8.786441,0</coordinates></LineString></Placemark>
<Placemark><name>3171014</name><styleUrl>#styleDaimonCIRCUITO240TRECHO</styleUrl><LineString><coordinates>-47.763828,-8.785738,0 -47.763094,-8.786433,0</coordinates></LineString></Placemark>
<Placemark><name>12112096</name><styleUrl>#styleDaimonCIRCUITO240TRECHO</styleUrl><LineString><coordinates>-47.763856,-8.785726,0 -47.763828,-8.785738,0</coordinates></LineString></Placemark>
<Placemark><name>3171291</name><styleUrl>#styleDaimonCIRCUITO240TRECHO</styleUrl><LineString><coordinates>-47.765929,-8.785841,0 -47.763856,-8.785726,0</coordinates></LineString></Placemark>
<Placemark><name>12173688</name><styleUrl>#styleDaimonCIRCUITO240TRECHO</styleUrl><LineString><coordinates>-47.765929,-8.785841,0 -47.765946,-8.785826,0</coordinates></LineString></Placemark>
<Placemark><name>12112094</name><styleUrl>#styleDaimonCIRCUITO240TRECHO</styleUrl><LineString><coordinates>-47.765963,-8.785840,0 -47.765929,-8.785841,0</coordinates></LineString></Placemark>
<Placemark><name>2950391</name><styleUrl>#styleDaimonCIRCUITO240TRECHO</styleUrl><LineString><coordinates>-47.765946,-8.785826,0 -47.765939,-8.785659,0</coordinates></LineString></Placemark>
<Placemark><name>3171289</name><styleUrl>#styleDaimonCIRCUITO240TRECHO</styleUrl><LineString><coordinates>-47.767515,-8.785590,0 -47.765963,-8.785840,0</coordinates></LineString></Placemark>
<Placemark><name>12112095</name><styleUrl>#styleDaimonCIRCUITO240TRECHO</styleUrl><LineString><coordinates>-47.767549,-8.785585,0 -47.767515,-8.785590,0</coordinates></LineString></Placemark>
<Placemark><name>3171290</name><styleUrl>#styleDaimonCIRCUITO240TRECHO</styleUrl><LineString><coordinates>-47.769006,-8.785344,0 -47.767549,-8.785585,0</coordinates></LineString></Placemark>
<Placemark><name>12112184</name><styleUrl>#styleDaimonCIRCUITO240TRECHO</styleUrl><LineString><coordinates>-47.769040,-8.785339,0 -47.769006,-8.785344,0</coordinates></LineString></Placemark>
<Placemark><name>3164611</name><styleUrl>#styleDaimonCIRCUITO240TRECHO</styleUrl><LineString><coordinates>-47.769695,-8.785218,0 -47.769040,-8.785339,0</coordinates></LineString></Placemark>
<Placemark><name>12061651</name><styleUrl>#styleDaimonCIRCUITO240TRECHO</styleUrl><LineString><coordinates>-47.769695,-8.785218,0 -47.769691,-8.785202,0</coordinates></LineString></Placemark>
<Placemark><name>3188558</name><styleUrl>#styleDaimonCIRCUITO240TRECHO</styleUrl><LineString><coordinates>-47.773494,-8.784348,0 -47.769695,-8.785218,0</coordinates></LineString></Placemark>
<Placemark><name>3164613</name><styleUrl>#styleDaimonCIRCUITO240TRECHO</styleUrl><LineString><coordinates>-47.769691,-8.785202,0 -47.769608,-8.784884,0</coordinates></LineString></Placemark>
<Placemark><name>12081972</name><styleUrl>#styleDaimonCIRCUITO240TRECHO</styleUrl><LineString><coordinates>-47.773528,-8.784343,0 -47.773494,-8.784348,0</coordinates></LineString></Placemark>
<Placemark><name>3089888</name><styleUrl>#styleDaimonCIRCUITO240TRECHO</styleUrl><LineString><coordinates>-47.775266,-8.784367,0 -47.773528,-8.784343,0</coordinates></LineString></Placemark>
<Placemark><name>12081973</name><styleUrl>#styleDaimonCIRCUITO240TRECHO</styleUrl><LineString><coordinates>-47.775298,-8.784379,0 -47.775266,-8.784367,0</coordinates></LineString></Placemark>
<Placemark><name>3105352</name><styleUrl>#styleDaimonCIRCUITO240TRECHO</styleUrl><LineString><coordinates>-47.775816,-8.784701,0 -47.775298,-8.784379,0</coordinates></LineString></Placemark>
<Placemark><name>12031938</name><styleUrl>#styleDaimonCIRCUITO240TRECHO</styleUrl><LineString><coordinates>-47.775816,-8.784701,0 -47.775830,-8.784692,0</coordinates></LineString></Placemark>
<Placemark><name>2979202</name><styleUrl>#styleDaimonCIRCUITO240TRECHO</styleUrl><LineString><coordinates>-47.776031,-8.784797,0 -47.775816,-8.784701,0</coordinates></LineString></Placemark>
<Placemark><name>3105353</name><styleUrl>#styleDaimonCIRCUITO240TRECHO</styleUrl><LineString><coordinates>-47.775830,-8.784692,0 -47.776056,-8.784549,0</coordinates></LineString></Placemark>
<Placemark><name>12081974</name><styleUrl>#styleDaimonCIRCUITO240TRECHO</styleUrl><LineString><coordinates>-47.776031,-8.784797,0 -47.776042,-8.784784,0</coordinates></LineString></Placemark>
<Placemark><name>2979203</name><styleUrl>#styleDaimonCIRCUITO240TRECHO</styleUrl><LineString><coordinates>-47.776415,-8.785088,0 -47.776031,-8.784797,0</coordinates></LineString></Placemark>
<Placemark><name>2979201</name><styleUrl>#styleDaimonCIRCUITO240TRECHO</styleUrl><LineString><coordinates>-47.776042,-8.784784,0 -47.776154,-8.784651,0</coordinates></LineString></Placemark>
<Placemark><name>12081975</name><styleUrl>#styleDaimonCIRCUITO240TRECHO</styleUrl><LineString><coordinates>-47.776438,-8.785112,0 -47.776415,-8.785088,0</coordinates></LineString></Placemark>
<Placemark><name>3179455</name><styleUrl>#styleDaimonCIRCUITO240TRECHO</styleUrl><LineString><coordinates>-47.778492,-8.787853,0 -47.776438,-8.785112,0</coordinates></LineString></Placemark>
<Placemark><name>3655546</name><styleUrl>#styleDaimonCIRCUITO240TRECHO</styleUrl><LineString><coordinates>-47.778488,-8.787878,0 -47.778492,-8.787853,0</coordinates></LineString></Placemark>
<Placemark><name>3661606</name><styleUrl>#styleDaimonCIRCUITO240TRECHO</styleUrl><LineString><coordinates>-47.778492,-8.787853,0 -47.778532,-8.787861,0</coordinates></LineString></Placemark>
<Placemark><name>3655821</name><styleUrl>#styleDaimonCIRCUITO240TRECHO</styleUrl><LineString><coordinates>-47.756911,-8.781076,0 -47.756888,-8.781065,0</coordinates></LineString></Placemark>
<Placemark><name>3660810</name><styleUrl>#styleDaimonCIRCUITO240TRECHO</styleUrl><LineString><coordinates>-47.756888,-8.781063,0 -47.756885,-8.781047,0</coordinates></LineString></Placemark>
<Placemark><name>3655822</name><styleUrl>#styleDaimonCIRCUITO240TRECHO</styleUrl><LineString><coordinates>-47.756886,-8.781044,0 -47.756894,-8.781020,0</coordinates></LineString></Placemark>
<Placemark><name>3171721</name><styleUrl>#styleDaimonCIRCUITO240TRECHO</styleUrl><LineString><coordinates>-47.756894,-8.781020,0 -47.756431,-8.780096,0</coordinates></LineString></Placemark>
<Placemark><name>3660809</name><styleUrl>#styleDaimonCIRCUITO240TRECHO</styleUrl><LineString><coordinates>-47.756894,-8.781020,0 -47.756929,-8.781036,0</coordinates></LineString></Placemark>
<Placemark><name>3661608</name><styleUrl>#styleDaimonCIRCUITO240TRECHO</styleUrl><LineString><coordinates>-47.756431,-8.780096,0 -47.756412,-8.780123,0</coordinates></LineString></Placemark>
<Placemark><name>3164544</name><styleUrl>#styleDaimonCIRCUITO240TRECHO</styleUrl><LineString><coordinates>-47.754037,-8.777498,0 -47.753668,-8.777086,0</coordinates></LineString></Placemark>
<Placemark><name>3164542</name><styleUrl>#styleDaimonCIRCUITO240TRECHO</styleUrl><LineString><coordinates>-47.754363,-8.777861,0 -47.754037,-8.777498,0</coordinates></LineString></Placemark>
<Placemark><name>3164541</name><styleUrl>#styleDaimonCIRCUITO240TRECHO</styleUrl><LineString><coordinates>-47.754708,-8.778248,0 -47.754363,-8.777861,0</coordinates></LineString></Placemark>
<Placemark><name>2535872</name><styleUrl>#styleDaimonCIRCUITO240TRECHO</styleUrl><LineString><coordinates>-47.754363,-8.777861,0 -47.753820,-8.778273,0</coordinates></LineString></Placemark>
<Placemark><name>2535871</name><styleUrl>#styleDaimonCIRCUITO240TRECHO</styleUrl><LineString><coordinates>-47.754363,-8.777861,0 -47.754425,-8.777813,0</coordinates></LineString></Placemark>
<Placemark><name>3164614</name><styleUrl>#styleDaimonCIRCUITO240TRECHO</styleUrl><LineString><coordinates>-47.756374,-8.780037,0 -47.754708,-8.778248,0</coordinates></LineString></Placemark>
<Placemark><name>3172850</name><styleUrl>#styleDaimonCIRCUITO240TRECHO</styleUrl><LineString><coordinates>-47.753820,-8.778273,0 -47.753365,-8.778527,0</coordinates></LineString></Placemark>
<Placemark><name>12114478</name><styleUrl>#styleDaimonCIRCUITO240TRECHO</styleUrl><LineString><coordinates>-47.754279,-8.777281,0 -47.754278,-8.777264,0</coordinates></LineString></Placemark>
<Placemark><name>3647870</name><styleUrl>#styleDaimonCIRCUITO240TRECHO</styleUrl><LineString><coordinates>-47.754278,-8.777264,0 -47.753968,-8.776928,0</coordinates></LineString></Placemark>
<Placemark><name>3164545</name><styleUrl>#styleDaimonCIRCUITO240TRECHO</styleUrl><LineString><coordinates>-47.754062,-8.777476,0 -47.754279,-8.777281,0</coordinates></LineString></Placemark>
<Placemark><name>Suporte Chave DJ_LD01065015_FICT</name><styleUrl>#styleDaimonCIRCUITO240TRECHO</styleUrl><LineString><coordinates>-48.175458,-8.978758,0 -48.175268,-8.978901,0</coordinates></LineString></Placemark>
<Placemark><name>Suporte Chave 8800739015</name><styleUrl>#styleDaimonCIRCUITO240TRECHO</styleUrl><LineString><coordinates>-48.163624,-8.980326,0 -48.163286,-8.980209,0</coordinates></LineString></Placemark>
<Placemark><name>Suporte Chave 8800619015</name><styleUrl>#styleDaimonCIRCUITO240TRECHO</styleUrl><LineString><coordinates>-48.175210,-8.978887,0 -48.175205,-8.978887,0</coordinates></LineString></Placemark>
<Placemark><name>Suporte Chave 8845279018</name><styleUrl>#styleDaimonCIRCUITO240TRECHO</styleUrl><LineString><coordinates>-48.158891,-8.978957,0 -48.158811,-8.978946,0</coordinates></LineString></Placemark>
<Placemark><name>Suporte Chave 4010023018</name><styleUrl>#styleDaimonCIRCUITO240TRECHO</styleUrl><LineString><coordinates>-48.086114,-8.951931,0 -48.086114,-8.951934,0</coordinates></LineString></Placemark>
<Placemark><name>Suporte Chave 4006012018</name><styleUrl>#styleDaimonCIRCUITO240TRECHO</styleUrl><LineString><coordinates>-48.155823,-8.978194,0 -48.155825,-8.978192,0</coordinates></LineString></Placemark>
<Placemark><name>Suporte Chave 7936078018</name><styleUrl>#styleDaimonCIRCUITO240TRECHO</styleUrl><LineString><coordinates>-48.048556,-8.935731,0 -48.048556,-8.935729,0</coordinates></LineString></Placemark>
<Placemark><name>Suporte Chave 8810026018</name><styleUrl>#styleDaimonCIRCUITO240TRECHO</styleUrl><LineString><coordinates>-48.087847,-8.989091,0 -48.087803,-8.989138,0</coordinates></LineString></Placemark>
<Placemark><name>Suporte Chave 8800259018</name><styleUrl>#styleDaimonCIRCUITO240TRECHO</styleUrl><LineString><coordinates>-48.047378,-8.931151,0 -48.047340,-8.931069,0</coordinates></LineString></Placemark>
<Placemark><name>Suporte Chave 8800226104</name><styleUrl>#styleDaimonCIRCUITO240TRECHO</styleUrl><LineString><coordinates>-47.947334,-8.870521,0 -47.947134,-8.870454,0</coordinates></LineString></Placemark>
<Placemark><name>Suporte Chave 4010018104</name><styleUrl>#styleDaimonCIRCUITO240TRECHO</styleUrl><LineString><coordinates>-47.964338,-8.895657,0 -47.964308,-8.895801,0</coordinates></LineString></Placemark>
<Placemark><name>Suporte Chave 4000065104</name><styleUrl>#styleDaimonCIRCUITO240TRECHO</styleUrl><LineString><coordinates>-47.859642,-8.842801,0 -47.859642,-8.842806,0</coordinates></LineString></Placemark>
<Placemark><name>Suporte Chave 8800339104</name><styleUrl>#styleDaimonCIRCUITO240TRECHO</styleUrl><LineString><coordinates>-47.840355,-8.835091,0 -47.840259,-8.835091,0</coordinates></LineString></Placemark>
<Placemark><name>Suporte Chave 7900171018</name><styleUrl>#styleDaimonCIRCUITO240TRECHO</styleUrl><LineString><coordinates>-48.020430,-8.895605,0 -48.020431,-8.895603,0</coordinates></LineString></Placemark>
<Placemark><name>Suporte Chave 4000565104</name><styleUrl>#styleDaimonCIRCUITO240TRECHO</styleUrl><LineString><coordinates>-47.817352,-8.830606,0 -47.817410,-8.830551,0</coordinates></LineString></Placemark>
<Placemark><name>Suporte Chave 8810055104</name><styleUrl>#styleDaimonCIRCUITO240TRECHO</styleUrl><LineString><coordinates>-47.840793,-8.961983,0 -47.840598,-8.961996,0</coordinates></LineString></Placemark>
<Placemark><name>Suporte Chave 7925621104</name><styleUrl>#styleDaimonCIRCUITO240TRECHO</styleUrl><LineString><coordinates>-47.756888,-8.781065,0 -47.756888,-8.781063,0</coordinates></LineString></Placemark>
<Placemark><name>Suporte Chave 8800365104</name><styleUrl>#styleDaimonCIRCUITO240TRECHO</styleUrl><LineString><coordinates>-47.756431,-8.780096,0 -47.756374,-8.780037,0</coordinates></LineString></Placemark>
<Placemark><name>Suporte Chave 8849518104</name><styleUrl>#styleDaimonCIRCUITO240TRECHO</styleUrl><LineString><coordinates>-47.754037,-8.777498,0 -47.754062,-8.777476,0</coordinates></LineString></Placemark>
<Placemark><name>Suporte Chave 8000306104</name><styleUrl>#styleDaimonCIRCUITO240TRECHO</styleUrl><LineString><coordinates>-47.778536,-8.787861,0 -47.778532,-8.787861,0</coordinates></LineString></Placemark>
<Placemark><name>Suporte Chave 8000171018</name><styleUrl>#styleDaimonCIRCUITO240TRECHO</styleUrl><LineString><coordinates>-48.020434,-8.895587,0 -48.020434,-8.895585,0</coordinates></LineString></Placemark>
<Placemark><name>Suporte Chave 8025621104</name><styleUrl>#styleDaimonCIRCUITO240TRECHO</styleUrl><LineString><coordinates>-47.756932,-8.781036,0 -47.756929,-8.781036,0</coordinates></LineString></Placemark>
<Placemark><name>Suporte Chave 8036078018</name><styleUrl>#styleDaimonCIRCUITO240TRECHO</styleUrl><LineString><coordinates>-48.048605,-8.935717,0 -48.048603,-8.935715,0</coordinates></LineString></Placemark>
</Folder></Folder>
<Folder><name>Circ_LD02065015</name>
<Folder><name>Chave</name>
<Placemark><name>DJ_LD02065015_FICT</name><styleUrl>#mapDaimonCorBranco</styleUrl><Point><coordinates>-48.175356,-8.978855,0</coordinates></Point></Placemark>
<Placemark><name>8801170015</name><styleUrl>#mapDaimonCorAzul</styleUrl><Point><coordinates>-48.175194,-8.978938,0</coordinates></Point></Placemark>
<Placemark><name>8846636015</name><styleUrl>#mapDaimonCorAzul</styleUrl><Point><coordinates>-48.168021,-9.000122,0</coordinates></Point></Placemark>
<Placemark><name>8846448015</name><styleUrl>#mapDaimonCorAzul</styleUrl><Point><coordinates>-48.169454,-9.010342,0</coordinates></Point></Placemark>
<Placemark><name>7946713015</name><styleUrl>#mapDaimonCorVerde</styleUrl><Point><coordinates>-48.171142,-9.016882,0</coordinates></Point></Placemark>
<Placemark><name>8800170015</name><styleUrl>#mapDaimonCorAzul</styleUrl><Point><coordinates>-48.167133,-9.026782,0</coordinates></Point></Placemark>
<Placemark><name>4110163015</name><styleUrl>#mapDaimonCorBranco</styleUrl><Point><coordinates>-48.187758,-9.043774,0</coordinates></Point></Placemark>
<Placemark><name>8842250015</name><styleUrl>#mapDaimonCorAzul</styleUrl><Point><coordinates>-48.147294,-9.061737,0</coordinates></Point></Placemark>
<Placemark><name>4010019015</name><styleUrl>#mapDaimonCorBranco</styleUrl><Point><coordinates>-48.150869,-9.050263,0</coordinates></Point></Placemark>
<Placemark><name>4019527015</name><styleUrl>#mapDaimonCorBranco</styleUrl><Point><coordinates>-48.192917,-9.044553,0</coordinates></Point></Placemark>
<Placemark><name>4000501015</name><styleUrl>#mapDaimonCorBranco</styleUrl><Point><coordinates>-48.138284,-9.093023,0</coordinates></Point></Placemark>
<Placemark><name>8800180015</name><styleUrl>#mapDaimonCorAzul</styleUrl><Point><coordinates>-48.131287,-9.117276,0</coordinates></Point></Placemark>
<Placemark><name>4010178015</name><styleUrl>#mapDaimonCorBranco</styleUrl><Point><coordinates>-48.143097,-9.119150,0</coordinates></Point></Placemark>
<Placemark><name>46078</name><styleUrl>#mapDaimonCorBranco</styleUrl><Point><coordinates>-48.149667,-9.103913,0</coordinates></Point></Placemark>
<Placemark><name>8842219015</name><styleUrl>#mapDaimonCorAzul</styleUrl><Point><coordinates>-48.137497,-9.160264,0</coordinates></Point></Placemark>
<Placemark><name>46741</name><styleUrl>#mapDaimonCorBranco</styleUrl><Point><coordinates>-48.148586,-9.106530,0</coordinates></Point></Placemark>
<Placemark><name>8209917015</name><styleUrl>#mapDaimonCorBranco</styleUrl><Point><coordinates>-48.146184,-9.146993,0</coordinates></Point></Placemark>
<Placemark><name>7930264015</name><styleUrl>#mapDaimonCorVerde</styleUrl><Point><coordinates>-48.161346,-9.195336,0</coordinates></Point></Placemark>
<Placemark><name>2200189015</name><styleUrl>#mapDaimonCorBranco</styleUrl><Point><coordinates>-48.149596,-9.181078,0</coordinates></Point></Placemark>
<Placemark><name>8800751015</name><styleUrl>#mapDaimonCorAzul</styleUrl><Point><coordinates>-48.148454,-9.180080,0</coordinates></Point></Placemark>
<Placemark><name>4000066015</name><styleUrl>#mapDaimonCorBranco</styleUrl><Point><coordinates>-48.171890,-9.212480,0</coordinates></Point></Placemark>
<Placemark><name>8800282015</name><styleUrl>#mapDaimonCorAzul</styleUrl><Point><coordinates>-48.175748,-9.286193,0</coordinates></Point></Placemark>
<Placemark><name>7925733015</name><styleUrl>#mapDaimonCorVerde</styleUrl><Point><coordinates>-48.147973,-9.179677,0</coordinates></Point></Placemark>
<Placemark><name>8800968015</name><styleUrl>#mapDaimonCorAzul</styleUrl><Point><coordinates>-48.331253,-9.264217,0</coordinates></Point></Placemark>
<Placemark><name>8846739015</name><styleUrl>#mapDaimonCorAzul</styleUrl><Point><coordinates>-48.298865,-9.172308,0</coordinates></Point></Placemark>
<Placemark><name>4000528015</name><styleUrl>#mapDaimonCorBranco</styleUrl><Point><coordinates>-48.210178,-9.310067,0</coordinates></Point></Placemark>
<Placemark><name>8800750015</name><styleUrl>#mapDaimonCorAzul</styleUrl><Point><coordinates>-48.120030,-9.257310,0</coordinates></Point></Placemark>
<Placemark><name>8801161015</name><styleUrl>#mapDaimonCorAzul</styleUrl><Point><coordinates>-48.051246,-9.190837,0</coordinates></Point></Placemark>
<Placemark><name>8839127015</name><styleUrl>#mapDaimonCorAzul</styleUrl><Point><coordinates>-48.013717,-9.181815,0</coordinates></Point></Placemark>
<Placemark><name>7925717015</name><styleUrl>#mapDaimonCorVerde</styleUrl><Point><coordinates>-48.077197,-9.251694,0</coordinates></Point></Placemark>
<Placemark><name>7957466015</name><styleUrl>#mapDaimonCorVerde</styleUrl><Point><coordinates>-47.989894,-9.190245,0</coordinates></Point></Placemark>
<Placemark><name>8800493015</name><styleUrl>#mapDaimonCorAzul</styleUrl><Point><coordinates>-48.075857,-9.251561,0</coordinates></Point></Placemark>
<Placemark><name>8800230015</name><styleUrl>#mapDaimonCorAzul</styleUrl><Point><coordinates>-48.026086,-9.290877,0</coordinates></Point></Placemark>
<Placemark><name>7910231015</name><styleUrl>#mapDaimonCorVerde</styleUrl><Point><coordinates>-48.026574,-9.290903,0</coordinates></Point></Placemark>
<Placemark><name>8801162015</name><styleUrl>#mapDaimonCorAzul</styleUrl><Point><coordinates>-47.948615,-9.293726,0</coordinates></Point></Placemark>
<Placemark><name>8801088015</name><styleUrl>#mapDaimonCorAzul</styleUrl><Point><coordinates>-47.944144,-9.292706,0</coordinates></Point></Placemark>
<Placemark><name>8800522015</name><styleUrl>#mapDaimonCorAzul</styleUrl><Point><coordinates>-47.933331,-9.298358,0</coordinates></Point></Placemark>
<Placemark><name>8801177015</name><styleUrl>#mapDaimonCorAzul</styleUrl><Point><coordinates>-47.902605,-9.319468,0</coordinates></Point></Placemark>
<Placemark><name>4000074015</name><styleUrl>#mapDaimonCorBranco</styleUrl><Point><coordinates>-47.929097,-9.301508,0</coordinates></Point></Placemark>
<Placemark><name>4000524015</name><styleUrl>#mapDaimonCorBranco</styleUrl><Point><coordinates>-47.901239,-9.298041,0</coordinates></Point></Placemark>
<Placemark><name>7900525015</name><styleUrl>#mapDaimonCorVerde</styleUrl><Point><coordinates>-47.942096,-9.292123,0</coordinates></Point></Placemark>
<Placemark><name>4000796015</name><styleUrl>#mapDaimonCorBranco</styleUrl><Point><coordinates>-48.010832,-9.334669,0</coordinates></Point></Placemark>
<Placemark><name>8800546015</name><styleUrl>#mapDaimonCorAzul</styleUrl><Point><coordinates>-48.088219,-9.404519,0</coordinates></Point></Placemark>
<Placemark><name>7926655070</name><styleUrl>#mapDaimonCorVerde</styleUrl><Point><coordinates>-47.887595,-9.345355,0</coordinates></Point></Placemark>
<Placemark><name>8800320006</name><styleUrl>#mapDaimonCorAzul</styleUrl><Point><coordinates>-48.113843,-9.448765,0</coordinates></Point></Placemark>
<Placemark><name>8845294015</name><styleUrl>#mapDaimonCorAzul</styleUrl><Point><coordinates>-47.961404,-9.361935,0</coordinates></Point></Placemark>
<Placemark><name>4000320006</name><styleUrl>#mapDaimonCorBranco</styleUrl><Point><coordinates>-48.113880,-9.448782,0</coordinates></Point></Placemark>
<Placemark><name>342939015</name><styleUrl>#mapDaimonCorBranco</styleUrl><Point><coordinates>-47.775717,-9.224501,0</coordinates></Point></Placemark>
<Placemark><name>8801074070</name><styleUrl>#mapDaimonCorAzul</styleUrl><Point><coordinates>-47.887466,-9.345753,0</coordinates></Point></Placemark>
<Placemark><name>PR33450015</name><styleUrl>#mapDaimonCorBranco</styleUrl><Point><coordinates>-47.940753,-9.242122,0</coordinates></Point></Placemark>
<Placemark><name>8800032006</name><styleUrl>#mapDaimonCorAzul</styleUrl><Point><coordinates>-48.159503,-9.468376,0</coordinates></Point></Placemark>
<Placemark><name>8800810015</name><styleUrl>#mapDaimonCorAzul</styleUrl><Point><coordinates>-48.160131,-9.362011,0</coordinates></Point></Placemark>
<Placemark><name>8801000015</name><styleUrl>#mapDaimonCorAzul</styleUrl><Point><coordinates>-47.767421,-9.266669,0</coordinates></Point></Placemark>
<Placemark><name>8800745015</name><styleUrl>#mapDaimonCorAzul</styleUrl><Point><coordinates>-47.883697,-9.199418,0</coordinates></Point></Placemark>
<Placemark><name>414R074</name><styleUrl>#mapDaimonCorBranco</styleUrl><Point><coordinates>-47.887564,-9.347028,0</coordinates></Point></Placemark>
<Placemark><name>8801003015</name><styleUrl>#mapDaimonCorAzul</styleUrl><Point><coordinates>-47.749461,-9.281272,0</coordinates></Point></Placemark>
<Placemark><name>8800157070</name><styleUrl>#mapDaimonCorAzul</styleUrl><Point><coordinates>-47.823688,-9.404777,0</coordinates></Point></Placemark>
<Placemark><name>7943319015</name><styleUrl>#mapDaimonCorVerde</styleUrl><Point><coordinates>-47.882139,-9.198509,0</coordinates></Point></Placemark>
<Placemark><name>7947203070</name><styleUrl>#mapDaimonCorVerde</styleUrl><Point><coordinates>-47.795237,-9.475960,0</coordinates></Point></Placemark>
<Placemark><name>7959990070</name><styleUrl>#mapDaimonCorVerde</styleUrl><Point><coordinates>-47.817087,-9.413262,0</coordinates></Point></Placemark>
<Placemark><name>4010042070</name><styleUrl>#mapDaimonCorBranco</styleUrl><Point><coordinates>-47.807422,-9.469688,0</coordinates></Point></Placemark>
<Placemark><name>8800259070</name><styleUrl>#mapDaimonCorAzul</styleUrl><Point><coordinates>-47.709195,-9.533579,0</coordinates></Point></Placemark>
<Placemark><name>4000572070</name><styleUrl>#mapDaimonCorBranco</styleUrl><Point><coordinates>-47.732169,-9.523903,0</coordinates></Point></Placemark>
<Placemark><name>4000537070</name><styleUrl>#mapDaimonCorBranco</styleUrl><Point><coordinates>-47.756481,-9.497208,0</coordinates></Point></Placemark>
<Placemark><name>4000265070</name><styleUrl>#mapDaimonCorBranco</styleUrl><Point><coordinates>-47.739711,-9.501146,0</coordinates></Point></Placemark>
<Placemark><name>8810043070</name><styleUrl>#mapDaimonCorAzul</styleUrl><Point><coordinates>-47.863656,-9.530594,0</coordinates></Point></Placemark>
<Placemark><name>4000600070</name><styleUrl>#mapDaimonCorBranco</styleUrl><Point><coordinates>-47.848892,-9.527493,0</coordinates></Point></Placemark>
<Placemark><name>4000228070</name><styleUrl>#mapDaimonCorBranco</styleUrl><Point><coordinates>-47.689989,-9.535920,0</coordinates></Point></Placemark>
<Placemark><name>8800575070</name><styleUrl>#mapDaimonCorAzul</styleUrl><Point><coordinates>-47.779915,-9.543617,0</coordinates></Point></Placemark>
<Placemark><name>8800542070</name><styleUrl>#mapDaimonCorAzul</styleUrl><Point><coordinates>-47.769959,-9.442409,0</coordinates></Point></Placemark>
<Placemark><name>8800732070</name><styleUrl>#mapDaimonCorAzul</styleUrl><Point><coordinates>-47.779579,-9.388893,0</coordinates></Point></Placemark>
<Placemark><name>8800601070</name><styleUrl>#mapDaimonCorAzul</styleUrl><Point><coordinates>-47.838631,-9.567270,0</coordinates></Point></Placemark>
<Placemark><name>4001017015</name><styleUrl>#mapDaimonCorBranco</styleUrl><Point><coordinates>-47.816896,-9.145008,0</coordinates></Point></Placemark>
<Placemark><name>7926785070</name><styleUrl>#mapDaimonCorVerde</styleUrl><Point><coordinates>-47.687769,-9.539456,0</coordinates></Point></Placemark>
<Placemark><name>8800736070</name><styleUrl>#mapDaimonCorAzul</styleUrl><Point><coordinates>-47.754003,-9.362374,0</coordinates></Point></Placemark>
<Placemark><name>4000582006</name><styleUrl>#mapDaimonCorBranco</styleUrl><Point><coordinates>-47.936688,-9.574496,0</coordinates></Point></Placemark>
<Placemark><name>8800499070</name><styleUrl>#mapDaimonCorAzul</styleUrl><Point><coordinates>-47.664320,-9.470059,0</coordinates></Point></Placemark>
<Placemark><name>4000757070</name><styleUrl>#mapDaimonCorBranco</styleUrl><Point><coordinates>-47.720095,-9.355568,0</coordinates></Point></Placemark>
<Placemark><name>8800252006</name><styleUrl>#mapDaimonCorAzul</styleUrl><Point><coordinates>-47.957557,-9.588713,0</coordinates></Point></Placemark>
<Placemark><name>8800469018</name><styleUrl>#mapDaimonCorAzul</styleUrl><Point><coordinates>-47.784440,-9.083060,0</coordinates></Point></Placemark>
<Placemark><name>PR32797018</name><styleUrl>#mapDaimonCorBranco</styleUrl><Point><coordinates>-47.943084,-9.022749,0</coordinates></Point></Placemark>
<Placemark><name>8800783070</name><styleUrl>#mapDaimonCorAzul</styleUrl><Point><coordinates>-47.687451,-9.539742,0</coordinates></Point></Placemark>
<Placemark><name>8800762070</name><styleUrl>#mapDaimonCorAzul</styleUrl><Point><coordinates>-47.679993,-9.374216,0</coordinates></Point></Placemark>
<Placemark><name>8800253006</name><styleUrl>#mapDaimonCorAzul</styleUrl><Point><coordinates>-48.003092,-9.564849,0</coordinates></Point></Placemark>
<Placemark><name>7957460018</name><styleUrl>#mapDaimonCorVerde</styleUrl><Point><coordinates>-47.735625,-9.072589,0</coordinates></Point></Placemark>
<Placemark><name>PR36437018</name><styleUrl>#mapDaimonCorBranco</styleUrl><Point><coordinates>-47.880650,-9.057603,0</coordinates></Point></Placemark>
<Placemark><name>8800384070</name><styleUrl>#mapDaimonCorAzul</styleUrl><Point><coordinates>-47.685822,-9.539973,0</coordinates></Point></Placemark>
<Placemark><name>8800259006</name><styleUrl>#mapDaimonCorAzul</styleUrl><Point><coordinates>-47.955467,-9.528946,0</coordinates></Point></Placemark>
<Placemark><name>8837549070</name><styleUrl>#mapDaimonCorAzul</styleUrl><Point><coordinates>-47.890325,-9.611146,0</coordinates></Point></Placemark>
<Placemark><name>PR32430070</name><styleUrl>#mapDaimonCorBranco</styleUrl><Point><coordinates>-47.849648,-9.656458,0</coordinates></Point></Placemark>
<Placemark><name>8800472018</name><styleUrl>#mapDaimonCorAzul</styleUrl><Point><coordinates>-47.701390,-9.094468,0</coordinates></Point></Placemark>
<Placemark><name>PR32749018</name><styleUrl>#mapDaimonCorBranco</styleUrl><Point><coordinates>-47.787441,-9.052430,0</coordinates></Point></Placemark>
<Placemark><name>8855047018</name><styleUrl>#mapDaimonCorAzul</styleUrl><Point><coordinates>-47.702121,-9.097688,0</coordinates></Point></Placemark>
<Placemark><name>8800486195</name><styleUrl>#mapDaimonCorAzul</styleUrl><Point><coordinates>-47.695282,-9.104337,0</coordinates></Point></Placemark>
<Placemark><name>4000474018</name><styleUrl>#mapDaimonCorBranco</styleUrl><Point><coordinates>-47.681671,-9.078097,0</coordinates></Point></Placemark>
<Placemark><name>7929000070</name><styleUrl>#mapDaimonCorVerde</styleUrl><Point><coordinates>-47.633004,-9.475254,0</coordinates></Point></Placemark>
<Placemark><name>4037542070</name><styleUrl>#mapDaimonCorBranco</styleUrl><Point><coordinates>-47.587637,-9.532781,0</coordinates></Point></Placemark>
<Placemark><name>PR32751018</name><styleUrl>#mapDaimonCorBranco</styleUrl><Point><coordinates>-47.774584,-9.046495,0</coordinates></Point></Placemark>
<Placemark><name>8800476018</name><styleUrl>#mapDaimonCorAzul</styleUrl><Point><coordinates>-47.637341,-9.048761,0</coordinates></Point></Placemark>
<Placemark><name>4012061070</name><styleUrl>#mapDaimonCorBranco</styleUrl><Point><coordinates>-47.588993,-9.542858,0</coordinates></Point></Placemark>
<Placemark><name>8835341070</name><styleUrl>#mapDaimonCorAzul</styleUrl><Point><coordinates>-47.558691,-9.508113,0</coordinates></Point></Placemark>
<Placemark><name>4000650018</name><styleUrl>#mapDaimonCorBranco</styleUrl><Point><coordinates>-47.684076,-9.116994,0</coordinates></Point></Placemark>
<Placemark><name>4010107070</name><styleUrl>#mapDaimonCorBranco</styleUrl><Point><coordinates>-47.623111,-9.426436,0</coordinates></Point></Placemark>
<Placemark><name>8800270070</name><styleUrl>#mapDaimonCorAzul</styleUrl><Point><coordinates>-47.616377,-9.415490,0</coordinates></Point></Placemark>
<Placemark><name>4012108070</name><styleUrl>#mapDaimonCorBranco</styleUrl><Point><coordinates>-47.577830,-9.582475,0</coordinates></Point></Placemark>
<Placemark><name>8800592018</name><styleUrl>#mapDaimonCorAzul</styleUrl><Point><coordinates>-47.693061,-9.147285,0</coordinates></Point></Placemark>
<Placemark><name>4032901070</name><styleUrl>#mapDaimonCorBranco</styleUrl><Point><coordinates>-47.566690,-9.387067,0</coordinates></Point></Placemark>
<Placemark><name>8800272070</name><styleUrl>#mapDaimonCorAzul</styleUrl><Point><coordinates>-47.547938,-9.398119,0</coordinates></Point></Placemark>
<Placemark><name>8812110070</name><styleUrl>#mapDaimonCorAzul</styleUrl><Point><coordinates>-47.532123,-9.625369,0</coordinates></Point></Placemark>
<Placemark><name>8800653070</name><styleUrl>#mapDaimonCorAzul</styleUrl><Point><coordinates>-47.699269,-9.419944,0</coordinates></Point></Placemark>
<Placemark><name>8832984070</name><styleUrl>#mapDaimonCorAzul</styleUrl><Point><coordinates>-47.592339,-9.358905,0</coordinates></Point></Placemark>
<Placemark><name>PR32978070</name><styleUrl>#mapDaimonCorBranco</styleUrl><Point><coordinates>-47.566688,-9.384924,0</coordinates></Point></Placemark>
<Placemark><name>8800273070</name><styleUrl>#mapDaimonCorAzul</styleUrl><Point><coordinates>-47.479085,-9.398601,0</coordinates></Point></Placemark>
<Placemark><name>8820484070</name><styleUrl>#mapDaimonCorAzul</styleUrl><Point><coordinates>-47.489860,-9.649086,0</coordinates></Point></Placemark>
<Placemark><name>PR32780018</name><styleUrl>#mapDaimonCorBranco</styleUrl><Point><coordinates>-47.693136,-9.148601,0</coordinates></Point></Placemark>
<Placemark><name>PR32753195</name><styleUrl>#mapDaimonCorBranco</styleUrl><Point><coordinates>-47.688263,-9.183010,0</coordinates></Point></Placemark>
<Placemark><name>8800899015</name><styleUrl>#mapDaimonCorAzul</styleUrl><Point><coordinates>-47.710258,-9.189433,0</coordinates></Point></Placemark>
<Placemark><name>PR40480070</name><styleUrl>#mapDaimonCorBranco</styleUrl><Point><coordinates>-47.581572,-9.362054,0</coordinates></Point></Placemark>
<Placemark><name>PR39711070</name><styleUrl>#mapDaimonCorBranco</styleUrl><Point><coordinates>-47.580294,-9.333797,0</coordinates></Point></Placemark>
<Placemark><name>8800355070</name><styleUrl>#mapDaimonCorAzul</styleUrl><Point><coordinates>-47.410972,-9.439195,0</coordinates></Point></Placemark>
<Placemark><name>8820494070</name><styleUrl>#mapDaimonCorAzul</styleUrl><Point><coordinates>-47.459283,-9.667048,0</coordinates></Point></Placemark>
<Placemark><name>8800514070</name><styleUrl>#mapDaimonCorAzul</styleUrl><Point><coordinates>-47.739776,-9.427125,0</coordinates></Point></Placemark>
<Placemark><name>PR40474070</name><styleUrl>#mapDaimonCorBranco</styleUrl><Point><coordinates>-47.591250,-9.321155,0</coordinates></Point></Placemark>
<Placemark><name>PR27308070</name><styleUrl>#mapDaimonCorBranco</styleUrl><Point><coordinates>-47.587717,-9.325014,0</coordinates></Point></Placemark>
<Placemark><name>PR40475070</name><styleUrl>#mapDaimonCorBranco</styleUrl><Point><coordinates>-47.585659,-9.324846,0</coordinates></Point></Placemark>
<Placemark><name>PR40359070</name><styleUrl>#mapDaimonCorBranco</styleUrl><Point><coordinates>-47.614407,-9.342003,0</coordinates></Point></Placemark>
<Placemark><name>8800003187</name><styleUrl>#mapDaimonCorAzul</styleUrl><Point><coordinates>-47.327312,-9.462614,0</coordinates></Point></Placemark>
<Placemark><name>8847149070</name><styleUrl>#mapDaimonCorAzul</styleUrl><Point><coordinates>-47.461416,-9.593254,0</coordinates></Point></Placemark>
<Placemark><name>8800276082</name><styleUrl>#mapDaimonCorAzul</styleUrl><Point><coordinates>-47.256051,-9.515357,0</coordinates></Point></Placemark>
<Placemark><name>8820385070</name><styleUrl>#mapDaimonCorAzul</styleUrl><Point><coordinates>-47.379626,-9.669745,0</coordinates></Point></Placemark>
<Placemark><name>8833740082</name><styleUrl>#mapDaimonCorAzul</styleUrl><Point><coordinates>-47.328654,-9.506235,0</coordinates></Point></Placemark>
<Placemark><name>PR33720070</name><styleUrl>#mapDaimonCorBranco</styleUrl><Point><coordinates>-47.319129,-9.475182,0</coordinates></Point></Placemark>
<Placemark><name>8832561187</name><styleUrl>#mapDaimonCorAzul</styleUrl><Point><coordinates>-47.312177,-9.442279,0</coordinates></Point></Placemark>
<Placemark><name>PR33741070</name><styleUrl>#mapDaimonCorBranco</styleUrl><Point><coordinates>-47.328899,-9.507154,0</coordinates></Point></Placemark>
<Placemark><name>8833718082</name><styleUrl>#mapDaimonCorAzul</styleUrl><Point><coordinates>-47.325024,-9.541428,0</coordinates></Point></Placemark>
<Placemark><name>7926787082</name><styleUrl>#mapDaimonCorVerde</styleUrl><Point><coordinates>-47.248329,-9.513971,0</coordinates></Point></Placemark>
<Placemark><name>8835639187</name><styleUrl>#mapDaimonCorAzul</styleUrl><Point><coordinates>-47.338853,-9.405544,0</coordinates></Point></Placemark>
<Placemark><name>8836093195</name><styleUrl>#mapDaimonCorAzul</styleUrl><Point><coordinates>-47.632296,-9.270296,0</coordinates></Point></Placemark>
<Placemark><name>8841147070</name><styleUrl>#mapDaimonCorAzul</styleUrl><Point><coordinates>-47.320113,-9.597994,0</coordinates></Point></Placemark>
<Placemark><name>8800281082</name><styleUrl>#mapDaimonCorAzul</styleUrl><Point><coordinates>-47.170050,-9.554873,0</coordinates></Point></Placemark>
<Placemark><name>8800282082</name><styleUrl>#mapDaimonCorAzul</styleUrl><Point><coordinates>-47.096709,-9.599064,0</coordinates></Point></Placemark>
<Placemark><name>8846546195</name><styleUrl>#mapDaimonCorAzul</styleUrl><Point><coordinates>-47.627237,-9.218139,0</coordinates></Point></Placemark>
<Placemark><name>8800083082</name><styleUrl>#mapDaimonCorAzul</styleUrl><Point><coordinates>-47.017899,-9.607136,0</coordinates></Point></Placemark>
<Placemark><name>8800097082</name><styleUrl>#mapDaimonCorAzul</styleUrl><Point><coordinates>-46.947256,-9.622735,0</coordinates></Point></Placemark>
<Placemark><name>8850760195</name><styleUrl>#mapDaimonCorAzul</styleUrl><Point><coordinates>-47.595234,-9.233540,0</coordinates></Point></Placemark>
<Placemark><name>7940411082</name><styleUrl>#mapDaimonCorVerde</styleUrl><Point><coordinates>-46.963169,-9.600307,0</coordinates></Point></Placemark>
<Placemark><name>7929534082</name><styleUrl>#mapDaimonCorVerde</styleUrl><Point><coordinates>-46.864041,-9.672112,0</coordinates></Point></Placemark>
<Placemark><name>8800122082</name><styleUrl>#mapDaimonCorAzul</styleUrl><Point><coordinates>-46.997951,-9.528392,0</coordinates></Point></Placemark>
<Placemark><name>8800089082</name><styleUrl>#mapDaimonCorAzul</styleUrl><Point><coordinates>-46.765455,-9.655547,0</coordinates></Point></Placemark>
<Placemark><name>8800123082</name><styleUrl>#mapDaimonCorAzul</styleUrl><Point><coordinates>-46.998096,-9.445085,0</coordinates></Point></Placemark>
<Placemark><name>8833092082</name><styleUrl>#mapDaimonCorAzul</styleUrl><Point><coordinates>-47.014117,-9.450143,0</coordinates></Point></Placemark>
<Placemark><name>8844519082</name><styleUrl>#mapDaimonCorAzul</styleUrl><Point><coordinates>-46.815604,-9.623264,0</coordinates></Point></Placemark>
<Placemark><name>8810082082</name><styleUrl>#mapDaimonCorAzul</styleUrl><Point><coordinates>-46.865101,-9.754943,0</coordinates></Point></Placemark>
<Placemark><name>4000267082</name><styleUrl>#mapDaimonCorBranco</styleUrl><Point><coordinates>-46.684920,-9.607257,0</coordinates></Point></Placemark>
<Placemark><name>8800125082</name><styleUrl>#mapDaimonCorAzul</styleUrl><Point><coordinates>-46.989003,-9.359854,0</coordinates></Point></Placemark>
<Placemark><name>8844520082</name><styleUrl>#mapDaimonCorAzul</styleUrl><Point><coordinates>-46.826874,-9.591066,0</coordinates></Point></Placemark>
<Placemark><name>8810083082</name><styleUrl>#mapDaimonCorAzul</styleUrl><Point><coordinates>-46.890518,-9.802973,0</coordinates></Point></Placemark>
<Placemark><name>8800160082</name><styleUrl>#mapDaimonCorAzul</styleUrl><Point><coordinates>-46.677517,-9.601056,0</coordinates></Point></Placemark>
<Placemark><name>8800275082</name><styleUrl>#mapDaimonCorAzul</styleUrl><Point><coordinates>-46.678004,-9.639619,0</coordinates></Point></Placemark>
<Placemark><name>8800076082</name><styleUrl>#mapDaimonCorAzul</styleUrl><Point><coordinates>-47.009937,-9.279193,0</coordinates></Point></Placemark>
<Placemark><name>8800124082</name><styleUrl>#mapDaimonCorAzul</styleUrl><Point><coordinates>-46.936433,-9.359273,0</coordinates></Point></Placemark>
<Placemark><name>ETO322388A</name><styleUrl>#mapDaimonCorBranco</styleUrl><Point><coordinates>-46.816448,-9.557865,0</coordinates></Point></Placemark>
<Placemark><name>8844521082</name><styleUrl>#mapDaimonCorAzul</styleUrl><Point><coordinates>-46.815486,-9.555284,0</coordinates></Point></Placemark>
<Placemark><name>8844057082</name><styleUrl>#mapDaimonCorAzul</styleUrl><Point><coordinates>-46.925995,-9.779974,0</coordinates></Point></Placemark>
<Placemark><name>PR33439082</name><styleUrl>#mapDaimonCorBranco</styleUrl><Point><coordinates>-46.887776,-9.794877,0</coordinates></Point></Placemark>
<Placemark><name>8810084082</name><styleUrl>#mapDaimonCorAzul</styleUrl><Point><coordinates>-46.938562,-9.818840,0</coordinates></Point></Placemark>
<Placemark><name>8841510082</name><styleUrl>#mapDaimonCorAzul</styleUrl><Point><coordinates>-46.675317,-9.598004,0</coordinates></Point></Placemark>
<Placemark><name>8844250082</name><styleUrl>#mapDaimonCorAzul</styleUrl><Point><coordinates>-46.674711,-9.595768,0</coordinates></Point></Placemark>
<Placemark><name>8800080082</name><styleUrl>#mapDaimonCorAzul</styleUrl><Point><coordinates>-46.904009,-9.332038,0</coordinates></Point></Placemark>
<Placemark><name>8800163082</name><styleUrl>#mapDaimonCorAzul</styleUrl><Point><coordinates>-46.672568,-9.599588,0</coordinates></Point></Placemark>
<Placemark><name>8843078082</name><styleUrl>#mapDaimonCorAzul</styleUrl><Point><coordinates>-46.674550,-9.595432,0</coordinates></Point></Placemark>
<Placemark><name>8852108082</name><styleUrl>#mapDaimonCorAzul</styleUrl><Point><coordinates>-47.052710,-9.208590,0</coordinates></Point></Placemark>
<Placemark><name>4000059082</name><styleUrl>#mapDaimonCorBranco</styleUrl><Point><coordinates>-46.938394,-9.820010,0</coordinates></Point></Placemark>
<Placemark><name>4000079082</name><styleUrl>#mapDaimonCorBranco</styleUrl><Point><coordinates>-46.851687,-9.335870,0</coordinates></Point></Placemark>
<Placemark><name>8800153082</name><styleUrl>#mapDaimonCorAzul</styleUrl><Point><coordinates>-46.646172,-9.654474,0</coordinates></Point></Placemark>
<Placemark><name>8800154082</name><styleUrl>#mapDaimonCorAzul</styleUrl><Point><coordinates>-46.647052,-9.717469,0</coordinates></Point></Placemark>
<Placemark><name>8841887082</name><styleUrl>#mapDaimonCorAzul</styleUrl><Point><coordinates>-46.650724,-9.583960,0</coordinates></Point></Placemark>
<Placemark><name>8040411082</name><styleUrl>#mapDaimonCorBranco</styleUrl><Point><coordinates>-46.963220,-9.600326,0</coordinates></Point></Placemark>
<Placemark><name>8026787082</name><styleUrl>#mapDaimonCorBranco</styleUrl><Point><coordinates>-47.248316,-9.514019,0</coordinates></Point></Placemark>
<Placemark><name>7936096015</name><styleUrl>#mapDaimonCorVerde</styleUrl><Point><coordinates>-47.942746,-9.214599,0</coordinates></Point></Placemark>
<Placemark><name>8025733015</name><styleUrl>#mapDaimonCorBranco</styleUrl><Point><coordinates>-48.148000,-9.179630,0</coordinates></Point></Placemark>
<Placemark><name>8026030015</name><styleUrl>#mapDaimonCorBranco</styleUrl><Point><coordinates>-48.145699,-9.174228,0</coordinates></Point></Placemark>
<Placemark><name>8043319015</name><styleUrl>#mapDaimonCorBranco</styleUrl><Point><coordinates>-47.882151,-9.198462,0</coordinates></Point></Placemark>
<Placemark><name>8026785070</name><styleUrl>#mapDaimonCorBranco</styleUrl><Point><coordinates>-47.687789,-9.539485,0</coordinates></Point></Placemark>
<Placemark><name>8029534082</name><styleUrl>#mapDaimonCorBranco</styleUrl><Point><coordinates>-46.864047,-9.672152,0</coordinates></Point></Placemark>
<Placemark><name>8029000070</name><styleUrl>#mapDaimonCorBranco</styleUrl><Point><coordinates>-47.633051,-9.475276,0</coordinates></Point></Placemark>
<Placemark><name>8031914015</name><styleUrl>#mapDaimonCorBranco</styleUrl><Point><coordinates>-48.175394,-9.286060,0</coordinates></Point></Placemark>
<Placemark><name>8812108070</name><styleUrl>#mapDaimonCorAzul</styleUrl><Point><coordinates>-47.577789,-9.582482,0</coordinates></Point></Placemark>
<Placemark><name>8026655070</name><styleUrl>#mapDaimonCorBranco</styleUrl><Point><coordinates>-47.887537,-9.345357,0</coordinates></Point></Placemark>
<Placemark><name>8030264015</name><styleUrl>#mapDaimonCorBranco</styleUrl><Point><coordinates>-48.161302,-9.195372,0</coordinates></Point></Placemark>
<Placemark><name>8025717015</name><styleUrl>#mapDaimonCorBranco</styleUrl><Point><coordinates>-48.077185,-9.251656,0</coordinates></Point></Placemark>
<Placemark><name>8036096015</name><styleUrl>#mapDaimonCorBranco</styleUrl><Point><coordinates>-47.942776,-9.214590,0</coordinates></Point></Placemark>
<Placemark><name>8856331015</name><styleUrl>#mapDaimonCorAzul</styleUrl><Point><coordinates>-47.931594,-9.167184,0</coordinates></Point></Placemark>
</Folder><Folder><name>Trecho</name>
<Placemark><name>3194770</name><styleUrl>#styleDaimonCIRCUITO241TRECHO</styleUrl><LineString><coordinates>-48.175254,-8.978952,0 -48.175196,-8.978939,0</coordinates></LineString></Placemark>
<Placemark><name>12087840</name><styleUrl>#styleDaimonCIRCUITO241TRECHO</styleUrl><LineString><coordinates>-48.167673,-8.997638,0 -48.167668,-8.997669,0</coordinates></LineString></Placemark>
<Placemark><name>72333574</name><styleUrl>#styleDaimonCIRCUITO241TRECHO</styleUrl><LineString><coordinates>-48.167257,-8.995155,0 -48.167673,-8.997638,0</coordinates></LineString></Placemark>
<Placemark><name>72333533</name><styleUrl>#styleDaimonCIRCUITO241TRECHO</styleUrl><LineString><coordinates>-48.167668,-8.997669,0 -48.167902,-8.999301,0</coordinates></LineString></Placemark>
<Placemark><name>72333807</name><styleUrl>#styleDaimonCIRCUITO241TRECHO</styleUrl><LineString><coordinates>-48.167257,-8.995155,0 -48.167627,-8.994898,0</coordinates></LineString></Placemark>
<Placemark><name>72333646</name><styleUrl>#styleDaimonCIRCUITO241TRECHO</styleUrl><LineString><coordinates>-48.165446,-8.991670,0 -48.167257,-8.995155,0</coordinates></LineString></Placemark>
<Placemark><name>72333504</name><styleUrl>#styleDaimonCIRCUITO241TRECHO</styleUrl><LineString><coordinates>-48.167902,-8.999301,0 -48.168019,-9.000109,0</coordinates></LineString></Placemark>
<Placemark><name>44271193</name><styleUrl>#styleDaimonCIRCUITO241TRECHO</styleUrl><LineString><coordinates>-48.165336,-8.991493,0 -48.165446,-8.991670,0</coordinates></LineString></Placemark>
<Placemark><name>3460584</name><styleUrl>#styleDaimonCIRCUITO241TRECHO</styleUrl><LineString><coordinates>-48.165336,-8.991493,0 -48.165671,-8.991333,0</coordinates></LineString></Placemark>
<Placemark><name>72333656</name><styleUrl>#styleDaimonCIRCUITO241TRECHO</styleUrl><LineString><coordinates>-48.163941,-8.989243,0 -48.165336,-8.991493,0</coordinates></LineString></Placemark>
<Placemark><name>3460590</name><styleUrl>#styleDaimonCIRCUITO241TRECHO</styleUrl><LineString><coordinates>-48.163941,-8.989243,0 -48.163360,-8.989309,0</coordinates></LineString></Placemark>
<Placemark><name>72334293</name><styleUrl>#styleDaimonCIRCUITO241TRECHO</styleUrl><LineString><coordinates>-48.170786,-8.986705,0 -48.163941,-8.989243,0</coordinates></LineString></Placemark>
<Placemark><name>12159568</name><styleUrl>#styleDaimonCIRCUITO241TRECHO</styleUrl><LineString><coordinates>-48.163360,-8.989309,0 -48.163330,-8.989321,0</coordinates></LineString></Placemark>
<Placemark><name>72334213</name><styleUrl>#styleDaimonCIRCUITO241TRECHO</styleUrl><LineString><coordinates>-48.171102,-8.986711,0 -48.170786,-8.986705,0</coordinates></LineString></Placemark>
<Placemark><name>3460591</name><styleUrl>#styleDaimonCIRCUITO241TRECHO</styleUrl><LineString><coordinates>-48.163330,-8.989321,0 -48.163162,-8.989461,0</coordinates></LineString></Placemark>
<Placemark><name>12105515</name><styleUrl>#styleDaimonCIRCUITO241TRECHO</styleUrl><LineString><coordinates>-48.171135,-8.986706,0 -48.171102,-8.986711,0</coordinates></LineString></Placemark>
<Placemark><name>72334222</name><styleUrl>#styleDaimonCIRCUITO241TRECHO</styleUrl><LineString><coordinates>-48.171451,-8.986580,0 -48.171135,-8.986706,0</coordinates></LineString></Placemark>
<Placemark><name>12105516</name><styleUrl>#styleDaimonCIRCUITO241TRECHO</styleUrl><LineString><coordinates>-48.171479,-8.986563,0 -48.171451,-8.986580,0</coordinates></LineString></Placemark>
<Placemark><name>72334055</name><styleUrl>#styleDaimonCIRCUITO241TRECHO</styleUrl><LineString><coordinates>-48.171733,-8.986252,0 -48.171479,-8.986563,0</coordinates></LineString></Placemark>
<Placemark><name>12105522</name><styleUrl>#styleDaimonCIRCUITO241TRECHO</styleUrl><LineString><coordinates>-48.171751,-8.986224,0 -48.171733,-8.986252,0</coordinates></LineString></Placemark>
<Placemark><name>72334089</name><styleUrl>#styleDaimonCIRCUITO241TRECHO</styleUrl><LineString><coordinates>-48.174869,-8.978863,0 -48.171751,-8.986224,0</coordinates></LineString></Placemark>
<Placemark><name>12117864</name><styleUrl>#styleDaimonCIRCUITO241TRECHO</styleUrl><LineString><coordinates>-48.174902,-8.978873,0 -48.174869,-8.978863,0</coordinates></LineString></Placemark>
<Placemark><name>3600092</name><styleUrl>#styleDaimonCIRCUITO241TRECHO</styleUrl><LineString><coordinates>-48.175150,-8.978929,0 -48.174902,-8.978873,0</coordinates></LineString></Placemark>
<Placemark><name>12115125</name><styleUrl>#styleDaimonCIRCUITO241TRECHO</styleUrl><LineString><coordinates>-48.175150,-8.978929,0 -48.175183,-8.978922,0</coordinates></LineString></Placemark>
<Placemark><name>3664767</name><styleUrl>#styleDaimonCIRCUITO241TRECHO</styleUrl><LineString><coordinates>-48.175192,-8.978938,0 -48.175150,-8.978929,0</coordinates></LineString></Placemark>
<Placemark><name>3629167</name><styleUrl>#styleDaimonCIRCUITO241TRECHO</styleUrl><LineString><coordinates>-48.175183,-8.978922,0 -48.175190,-8.978894,0</coordinates></LineString></Placemark>
<Placemark><name>25644036</name><styleUrl>#styleDaimonCIRCUITO241TRECHO</styleUrl><LineString><coordinates>-48.169334,-9.009875,0 -48.169451,-9.010330,0</coordinates></LineString></Placemark>
<Placemark><name>72333095</name><styleUrl>#styleDaimonCIRCUITO241TRECHO</styleUrl><LineString><coordinates>-48.169274,-9.009317,0 -48.169334,-9.009875,0</coordinates></LineString></Placemark>
<Placemark><name>72333360</name><styleUrl>#styleDaimonCIRCUITO241TRECHO</styleUrl><LineString><coordinates>-48.168024,-9.000136,0 -48.169274,-9.009317,0</coordinates></LineString></Placemark>
<Placemark><name>72333102</name><styleUrl>#styleDaimonCIRCUITO241TRECHO</styleUrl><LineString><coordinates>-48.169457,-9.010353,0 -48.170286,-9.013573,0</coordinates></LineString></Placemark>
<Placemark><name>72333104</name><styleUrl>#styleDaimonCIRCUITO241TRECHO</styleUrl><LineString><coordinates>-48.170286,-9.013573,0 -48.170930,-9.016074,0</coordinates></LineString></Placemark>
<Placemark><name>72333070</name><styleUrl>#styleDaimonCIRCUITO241TRECHO</styleUrl><LineString><coordinates>-48.170930,-9.016074,0 -48.171135,-9.016855,0</coordinates></LineString></Placemark>
<Placemark><name>72333464</name><styleUrl>#styleDaimonCIRCUITO241TRECHO</styleUrl><LineString><coordinates>-48.170930,-9.016074,0 -48.171245,-9.016061,0</coordinates></LineString></Placemark>
<Placemark><name>3203942</name><styleUrl>#styleDaimonCIRCUITO241TRECHO</styleUrl><LineString><coordinates>-48.171259,-9.020720,0 -48.167157,-9.026748,0</coordinates></LineString></Placemark>
<Placemark><name>12088262</name><styleUrl>#styleDaimonCIRCUITO241TRECHO</styleUrl><LineString><coordinates>-48.171269,-9.020688,0 -48.171259,-9.020720,0</coordinates></LineString></Placemark>
<Placemark><name>2988032</name><styleUrl>#styleDaimonCIRCUITO241TRECHO</styleUrl><LineString><coordinates>-48.171350,-9.018286,0 -48.171269,-9.020688,0</coordinates></LineString></Placemark>
<Placemark><name>12088261</name><styleUrl>#styleDaimonCIRCUITO241TRECHO</styleUrl><LineString><coordinates>-48.171349,-9.018252,0 -48.171350,-9.018286,0</coordinates></LineString></Placemark>
<Placemark><name>3640466</name><styleUrl>#styleDaimonCIRCUITO241TRECHO</styleUrl><LineString><coordinates>-48.171149,-9.016908,0 -48.171349,-9.018252,0</coordinates></LineString></Placemark>
<Placemark><name>2528475</name><styleUrl>#styleDaimonCIRCUITO241TRECHO</styleUrl><LineString><coordinates>-48.163865,-9.031438,0 -48.163774,-9.031343,0</coordinates></LineString></Placemark>
<Placemark><name>12110705</name><styleUrl>#styleDaimonCIRCUITO241TRECHO</styleUrl><LineString><coordinates>-48.163873,-9.031443,0 -48.163865,-9.031438,0</coordinates></LineString></Placemark>
<Placemark><name>3090840</name><styleUrl>#styleDaimonCIRCUITO241TRECHO</styleUrl><LineString><coordinates>-48.164329,-9.030781,0 -48.163873,-9.031443,0</coordinates></LineString></Placemark>
<Placemark><name>3096341</name><styleUrl>#styleDaimonCIRCUITO241TRECHO</styleUrl><LineString><coordinates>-48.163873,-9.031443,0 -48.158793,-9.038810,0</coordinates></LineString></Placemark>
<Placemark><name>2528472</name><styleUrl>#styleDaimonCIRCUITO241TRECHO</styleUrl><LineString><coordinates>-48.167109,-9.026816,0 -48.164329,-9.030781,0</coordinates></LineString></Placemark>
<Placemark><name>12112444</name><styleUrl>#styleDaimonCIRCUITO241TRECHO</styleUrl><LineString><coordinates>-48.158793,-9.038810,0 -48.158774,-9.038838,0</coordinates></LineString></Placemark>
<Placemark><name>3179428</name><styleUrl>#styleDaimonCIRCUITO241TRECHO</styleUrl><LineString><coordinates>-48.158774,-9.038838,0 -48.150870,-9.050263,0</coordinates></LineString></Placemark>
<Placemark><name>55744895</name><styleUrl>#styleDaimonCIRCUITO241TRECHO</styleUrl><LineString><coordinates>-48.150870,-9.050263,0 -48.150844,-9.050272,0</coordinates></LineString></Placemark>
<Placemark><name>3179422</name><styleUrl>#styleDaimonCIRCUITO241TRECHO</styleUrl><LineString><coordinates>-48.150870,-9.050263,0 -48.150445,-9.050929,0</coordinates></LineString></Placemark>
<Placemark><name>12110708</name><styleUrl>#styleDaimonCIRCUITO241TRECHO</styleUrl><LineString><coordinates>-48.150445,-9.050929,0 -48.150430,-9.050959,0</coordinates></LineString></Placemark>
<Placemark><name>3179418</name><styleUrl>#styleDaimonCIRCUITO241TRECHO</styleUrl><LineString><coordinates>-48.150430,-9.050959,0 -48.148011,-9.059363,0</coordinates></LineString></Placemark>
<Placemark><name>12174024</name><styleUrl>#styleDaimonCIRCUITO241TRECHO</styleUrl><LineString><coordinates>-48.148011,-9.059363,0 -48.148028,-9.059361,0</coordinates></LineString></Placemark>
<Placemark><name>2904722</name><styleUrl>#styleDaimonCIRCUITO241TRECHO</styleUrl><LineString><coordinates>-48.148011,-9.059363,0 -48.147283,-9.061777,0</coordinates></LineString></Placemark>
<Placemark><name>2904720</name><styleUrl>#styleDaimonCIRCUITO241TRECHO</styleUrl><LineString><coordinates>-48.148028,-9.059361,0 -48.148149,-9.059337,0</coordinates></LineString></Placemark>
<Placemark><name>2535659</name><styleUrl>#styleDaimonCIRCUITO241TRECHO</styleUrl><LineString><coordinates>-48.147305,-9.061697,0 -48.144864,-9.070137,0</coordinates></LineString></Placemark>
<Placemark><name>3536098</name><styleUrl>#styleDaimonCIRCUITO241TRECHO</styleUrl><LineString><coordinates>-48.144864,-9.070137,0 -48.144817,-9.070121,0</coordinates></LineString></Placemark>
<Placemark><name>3536099</name><styleUrl>#styleDaimonCIRCUITO241TRECHO</styleUrl><LineString><coordinates>-48.144864,-9.070137,0 -48.145032,-9.070195,0</coordinates></LineString></Placemark>
<Placemark><name>2906392</name><styleUrl>#styleDaimonCIRCUITO241TRECHO</styleUrl><LineString><coordinates>-48.144864,-9.070137,0 -48.143260,-9.075790,0</coordinates></LineString></Placemark>
<Placemark><name>12110721</name><styleUrl>#styleDaimonCIRCUITO241TRECHO</styleUrl><LineString><coordinates>-48.143260,-9.075790,0 -48.143250,-9.075823,0</coordinates></LineString></Placemark>
<Placemark><name>2950219</name><styleUrl>#styleDaimonCIRCUITO241TRECHO</styleUrl><LineString><coordinates>-48.143250,-9.075823,0 -48.139184,-9.089863,0</coordinates></LineString></Placemark>
<Placemark><name>12110726</name><styleUrl>#styleDaimonCIRCUITO241TRECHO</styleUrl><LineString><coordinates>-48.139184,-9.089863,0 -48.139175,-9.089896,0</coordinates></LineString></Placemark>
<Placemark><name>3467010</name><styleUrl>#styleDaimonCIRCUITO241TRECHO</styleUrl><LineString><coordinates>-48.139175,-9.089896,0 -48.138285,-9.093024,0</coordinates></LineString></Placemark>
<Placemark><name>55981003</name><styleUrl>#styleDaimonCIRCUITO241TRECHO</styleUrl><LineString><coordinates>-48.138285,-9.093024,0 -48.138262,-9.093037,0</coordinates></LineString></Placemark>
<Placemark><name>2994363</name><styleUrl>#styleDaimonCIRCUITO241TRECHO</styleUrl><LineString><coordinates>-48.138285,-9.093024,0 -48.136240,-9.100209,0</coordinates></LineString></Placemark>
<Placemark><name>2533253</name><styleUrl>#styleDaimonCIRCUITO241TRECHO</styleUrl><LineString><coordinates>-48.136240,-9.100209,0 -48.136435,-9.100257,0</coordinates></LineString></Placemark>
<Placemark><name>3467385</name><styleUrl>#styleDaimonCIRCUITO241TRECHO</styleUrl><LineString><coordinates>-48.136240,-9.100209,0 -48.135127,-9.103948,0</coordinates></LineString></Placemark>
<Placemark><name>2533254</name><styleUrl>#styleDaimonCIRCUITO241TRECHO</styleUrl><LineString><coordinates>-48.136240,-9.100209,0 -48.136226,-9.100206,0</coordinates></LineString></Placemark>
<Placemark><name>12112089</name><styleUrl>#styleDaimonCIRCUITO241TRECHO</styleUrl><LineString><coordinates>-48.135127,-9.103948,0 -48.135118,-9.103982,0</coordinates></LineString></Placemark>
<Placemark><name>3163765</name><styleUrl>#styleDaimonCIRCUITO241TRECHO</styleUrl><LineString><coordinates>-48.135118,-9.103982,0 -48.131518,-9.116480,0</coordinates></LineString></Placemark>
<Placemark><name>12112090</name><styleUrl>#styleDaimonCIRCUITO241TRECHO</styleUrl><LineString><coordinates>-48.131518,-9.116480,0 -48.131534,-9.116483,0</coordinates></LineString></Placemark>
<Placemark><name>3080938</name><styleUrl>#styleDaimonCIRCUITO241TRECHO</styleUrl><LineString><coordinates>-48.131518,-9.116480,0 -48.131299,-9.117236,0</coordinates></LineString></Placemark>
<Placemark><name>3214170</name><styleUrl>#styleDaimonCIRCUITO241TRECHO</styleUrl><LineString><coordinates>-48.131534,-9.116483,0 -48.131775,-9.116531,0</coordinates></LineString></Placemark>
<Placemark><name>12152558</name><styleUrl>#styleDaimonCIRCUITO241TRECHO</styleUrl><LineString><coordinates>-48.136482,-9.015642,0 -48.136467,-9.015645,0</coordinates></LineString></Placemark>
<Placemark><name>3170549</name><styleUrl>#styleDaimonCIRCUITO241TRECHO</styleUrl><LineString><coordinates>-48.134307,-9.022252,0 -48.136482,-9.015642,0</coordinates></LineString></Placemark>
<Placemark><name>3574066</name><styleUrl>#styleDaimonCIRCUITO241TRECHO</styleUrl><LineString><coordinates>-48.136482,-9.015642,0 -48.136453,-9.014699,0</coordinates></LineString></Placemark>
<Placemark><name>3599403</name><styleUrl>#styleDaimonCIRCUITO241TRECHO</styleUrl><LineString><coordinates>-48.136467,-9.015645,0 -48.136392,-9.015654,0</coordinates></LineString></Placemark>
<Placemark><name>12126004</name><styleUrl>#styleDaimonCIRCUITO241TRECHO</styleUrl><LineString><coordinates>-48.134293,-9.022282,0 -48.134307,-9.022252,0</coordinates></LineString></Placemark>
<Placemark><name>3574067</name><styleUrl>#styleDaimonCIRCUITO241TRECHO</styleUrl><LineString><coordinates>-48.136453,-9.014699,0 -48.136657,-9.013616,0</coordinates></LineString></Placemark>
<Placemark><name>2536135</name><styleUrl>#styleDaimonCIRCUITO241TRECHO</styleUrl><LineString><coordinates>-48.132597,-9.026465,0 -48.134293,-9.022282,0</coordinates></LineString></Placemark>
<Placemark><name>3476328</name><styleUrl>#styleDaimonCIRCUITO241TRECHO</styleUrl><LineString><coordinates>-48.136657,-9.013616,0 -48.138099,-9.010355,0</coordinates></LineString></Placemark>
<Placemark><name>3090839</name><styleUrl>#styleDaimonCIRCUITO241TRECHO</styleUrl><LineString><coordinates>-48.128788,-9.033974,0 -48.132597,-9.026465,0</coordinates></LineString></Placemark>
<Placemark><name>41819276</name><styleUrl>#styleDaimonCIRCUITO241TRECHO</styleUrl><LineString><coordinates>-48.138099,-9.010355,0 -48.138476,-9.009577,0</coordinates></LineString></Placemark>
<Placemark><name>12152832</name><styleUrl>#styleDaimonCIRCUITO241TRECHO</styleUrl><LineString><coordinates>-48.128771,-9.034004,0 -48.128788,-9.033974,0</coordinates></LineString></Placemark>
<Placemark><name>3172860</name><styleUrl>#styleDaimonCIRCUITO241TRECHO</styleUrl><LineString><coordinates>-48.138476,-9.009577,0 -48.138911,-9.008521,0</coordinates></LineString></Placemark>
<Placemark><name>3096336</name><styleUrl>#styleDaimonCIRCUITO241TRECHO</styleUrl><LineString><coordinates>-48.126208,-9.039014,0 -48.128771,-9.034004,0</coordinates></LineString></Placemark>
<Placemark><name>12154481</name><styleUrl>#styleDaimonCIRCUITO241TRECHO</styleUrl><LineString><coordinates>-48.138911,-9.008521,0 -48.138928,-9.008491,0</coordinates></LineString></Placemark>
<Placemark><name>12154381</name><styleUrl>#styleDaimonCIRCUITO241TRECHO</styleUrl><LineString><coordinates>-48.126208,-9.039014,0 -48.126191,-9.039016,0</coordinates></LineString></Placemark>
<Placemark><name>3096713</name><styleUrl>#styleDaimonCIRCUITO241TRECHO</styleUrl><LineString><coordinates>-48.123894,-9.043877,0 -48.126208,-9.039014,0</coordinates></LineString></Placemark>
<Placemark><name>3172866</name><styleUrl>#styleDaimonCIRCUITO241TRECHO</styleUrl><LineString><coordinates>-48.138928,-9.008491,0 -48.141642,-9.005494,0</coordinates></LineString></Placemark>
<Placemark><name>2969041</name><styleUrl>#styleDaimonCIRCUITO241TRECHO</styleUrl><LineString><coordinates>-48.126191,-9.039016,0 -48.121474,-9.039606,0</coordinates></LineString></Placemark>
<Placemark><name>3096705</name><styleUrl>#styleDaimonCIRCUITO241TRECHO</styleUrl><LineString><coordinates>-48.122937,-9.046417,0 -48.123894,-9.043877,0</coordinates></LineString></Placemark>
<Placemark><name>12154380</name><styleUrl>#styleDaimonCIRCUITO241TRECHO</styleUrl><LineString><coordinates>-48.141642,-9.005494,0 -48.141652,-9.005464,0</coordinates></LineString></Placemark>
<Placemark><name>12154382</name><styleUrl>#styleDaimonCIRCUITO241TRECHO</styleUrl><LineString><coordinates>-48.122916,-9.046439,0 -48.122937,-9.046417,0</coordinates></LineString></Placemark>
<Placemark><name>3082790</name><styleUrl>#styleDaimonCIRCUITO241TRECHO</styleUrl><LineString><coordinates>-48.141652,-9.005464,0 -48.141762,-9.002237,0</coordinates></LineString></Placemark>
<Placemark><name>12154383</name><styleUrl>#styleDaimonCIRCUITO241TRECHO</styleUrl><LineString><coordinates>-48.122948,-9.046439,0 -48.122916,-9.046439,0</coordinates></LineString></Placemark>
<Placemark><name>3468306</name><styleUrl>#styleDaimonCIRCUITO241TRECHO</styleUrl><LineString><coordinates>-48.122916,-9.046439,0 -48.122524,-9.046605,0</coordinates></LineString></Placemark>
<Placemark><name>3082791</name><styleUrl>#styleDaimonCIRCUITO241TRECHO</styleUrl><LineString><coordinates>-48.141762,-9.002237,0 -48.141871,-9.000047,0</coordinates></LineString></Placemark>
<Placemark><name>3088785</name><styleUrl>#styleDaimonCIRCUITO241TRECHO</styleUrl><LineString><coordinates>-48.132603,-9.050105,0 -48.122948,-9.046439,0</coordinates></LineString></Placemark>
<Placemark><name>12154669</name><styleUrl>#styleDaimonCIRCUITO241TRECHO</styleUrl><LineString><coordinates>-48.132603,-9.050105,0 -48.132607,-9.050121,0</coordinates></LineString></Placemark>
<Placemark><name>2951963</name><styleUrl>#styleDaimonCIRCUITO241TRECHO</styleUrl><LineString><coordinates>-48.134969,-9.050463,0 -48.132603,-9.050105,0</coordinates></LineString></Placemark>
<Placemark><name>2951965</name><styleUrl>#styleDaimonCIRCUITO241TRECHO</styleUrl><LineString><coordinates>-48.132607,-9.050121,0 -48.133341,-9.052972,0</coordinates></LineString></Placemark>
<Placemark><name>12154668</name><styleUrl>#styleDaimonCIRCUITO241TRECHO</styleUrl><LineString><coordinates>-48.135002,-9.050458,0 -48.134969,-9.050463,0</coordinates></LineString></Placemark>
<Placemark><name>3172864</name><styleUrl>#styleDaimonCIRCUITO241TRECHO</styleUrl><LineString><coordinates>-48.142502,-9.047119,0 -48.135002,-9.050458,0</coordinates></LineString></Placemark>
<Placemark><name>3172338</name><styleUrl>#styleDaimonCIRCUITO241TRECHO</styleUrl><LineString><coordinates>-48.142920,-9.046950,0 -48.142502,-9.047119,0</coordinates></LineString></Placemark>
<Placemark><name>12128441</name><styleUrl>#styleDaimonCIRCUITO241TRECHO</styleUrl><LineString><coordinates>-48.142951,-9.046950,0 -48.142920,-9.046950,0</coordinates></LineString></Placemark>
<Placemark><name>3179625</name><styleUrl>#styleDaimonCIRCUITO241TRECHO</styleUrl><LineString><coordinates>-48.150045,-9.049919,0 -48.142951,-9.046950,0</coordinates></LineString></Placemark>
<Placemark><name>12154385</name><styleUrl>#styleDaimonCIRCUITO241TRECHO</styleUrl><LineString><coordinates>-48.150077,-9.049933,0 -48.150045,-9.049919,0</coordinates></LineString></Placemark>
<Placemark><name>3179619</name><styleUrl>#styleDaimonCIRCUITO241TRECHO</styleUrl><LineString><coordinates>-48.150834,-9.050249,0 -48.150077,-9.049933,0</coordinates></LineString></Placemark>
<Placemark><name>55744894</name><styleUrl>#styleDaimonCIRCUITO241TRECHO</styleUrl><LineString><coordinates>-48.150834,-9.050249,0 -48.150843,-9.050270,0</coordinates></LineString></Placemark>
<Placemark><name>55744893</name><styleUrl>#styleDaimonCIRCUITO241TRECHO</styleUrl><LineString><coordinates>-48.150867,-9.050262,0 -48.150834,-9.050249,0</coordinates></LineString></Placemark>
<Placemark><name>3096099</name><styleUrl>#styleDaimonCIRCUITO241TRECHO</styleUrl><LineString><coordinates>-48.101225,-9.093571,0 -48.100747,-9.094187,0</coordinates></LineString></Placemark>
<Placemark><name>3096098</name><styleUrl>#styleDaimonCIRCUITO241TRECHO</styleUrl><LineString><coordinates>-48.101502,-9.093173,0 -48.101225,-9.093571,0</coordinates></LineString></Placemark>
<Placemark><name>12173679</name><styleUrl>#styleDaimonCIRCUITO241TRECHO</styleUrl><LineString><coordinates>-48.100747,-9.094187,0 -48.100733,-9.094217,0</coordinates></LineString></Placemark>
<Placemark><name>12173678</name><styleUrl>#styleDaimonCIRCUITO241TRECHO</styleUrl><LineString><coordinates>-48.101521,-9.093145,0 -48.101502,-9.093173,0</coordinates></LineString></Placemark>
<Placemark><name>2996344</name><styleUrl>#styleDaimonCIRCUITO241TRECHO</styleUrl><LineString><coordinates>-48.100733,-9.094217,0 -48.099661,-9.101129,0</coordinates></LineString></Placemark>
<Placemark><name>2995119</name><styleUrl>#styleDaimonCIRCUITO241TRECHO</styleUrl><LineString><coordinates>-48.102936,-9.091176,0 -48.101521,-9.093145,0</coordinates></LineString></Placemark>
<Placemark><name>12173680</name><styleUrl>#styleDaimonCIRCUITO241TRECHO</styleUrl><LineString><coordinates>-48.099661,-9.101129,0 -48.099652,-9.101162,0</coordinates></LineString></Placemark>
<Placemark><name>12173677</name><styleUrl>#styleDaimonCIRCUITO241TRECHO</styleUrl><LineString><coordinates>-48.102957,-9.091148,0 -48.102936,-9.091176,0</coordinates></LineString></Placemark>
<Placemark><name>2994812</name><styleUrl>#styleDaimonCIRCUITO241TRECHO</styleUrl><LineString><coordinates>-48.099652,-9.101162,0 -48.099514,-9.101437,0</coordinates></LineString></Placemark>
<Placemark><name>2995116</name><styleUrl>#styleDaimonCIRCUITO241TRECHO</styleUrl><LineString><coordinates>-48.104085,-9.089688,0 -48.102957,-9.091148,0</coordinates></LineString></Placemark>
<Placemark><name>3664769</name><styleUrl>#styleDaimonCIRCUITO241TRECHO</styleUrl><LineString><coordinates>-48.102957,-9.091148,0 -48.102955,-9.091163,0</coordinates></LineString></Placemark>
<Placemark><name>2994813</name><styleUrl>#styleDaimonCIRCUITO241TRECHO</styleUrl><LineString><coordinates>-48.099514,-9.101437,0 -48.099383,-9.101661,0</coordinates></LineString></Placemark>
<Placemark><name>12173676</name><styleUrl>#styleDaimonCIRCUITO241TRECHO</styleUrl><LineString><coordinates>-48.104085,-9.089688,0 -48.104068,-9.089688,0</coordinates></LineString></Placemark>
<Placemark><name>3091566</name><styleUrl>#styleDaimonCIRCUITO241TRECHO</styleUrl><LineString><coordinates>-48.106117,-9.088581,0 -48.104085,-9.089688,0</coordinates></LineString></Placemark>
<Placemark><name>2995117</name><styleUrl>#styleDaimonCIRCUITO241TRECHO</styleUrl><LineString><coordinates>-48.104068,-9.089688,0 -48.102704,-9.089711,0</coordinates></LineString></Placemark>
<Placemark><name>3091565</name><styleUrl>#styleDaimonCIRCUITO241TRECHO</styleUrl><LineString><coordinates>-48.112704,-9.085134,0 -48.106117,-9.088581,0</coordinates></LineString></Placemark>
<Placemark><name>3189831</name><styleUrl>#styleDaimonCIRCUITO241TRECHO</styleUrl><LineString><coordinates>-48.113672,-9.084652,0 -48.112704,-9.085134,0</coordinates></LineString></Placemark>
<Placemark><name>12173674</name><styleUrl>#styleDaimonCIRCUITO241TRECHO</styleUrl><LineString><coordinates>-48.113702,-9.084635,0 -48.113672,-9.084652,0</coordinates></LineString></Placemark>
<Placemark><name>3196934</name><styleUrl>#styleDaimonCIRCUITO241TRECHO</styleUrl><LineString><coordinates>-48.117995,-9.082410,0 -48.113702,-9.084635,0</coordinates></LineString></Placemark>
<Placemark><name>12173673</name><styleUrl>#styleDaimonCIRCUITO241TRECHO</styleUrl><LineString><coordinates>-48.118025,-9.082393,0 -48.117995,-9.082410,0</coordinates></LineString></Placemark>
<Placemark><name>3460074</name><styleUrl>#styleDaimonCIRCUITO241TRECHO</styleUrl><LineString><coordinates>-48.118889,-9.081909,0 -48.118025,-9.082393,0</coordinates></LineString></Placemark>
<Placemark><name>12174134</name><styleUrl>#styleDaimonCIRCUITO241TRECHO</styleUrl><LineString><coordinates>-48.118920,-9.081893,0 -48.118889,-9.081909,0</coordinates></LineString></Placemark>
<Placemark><name>69339553</name><styleUrl>#styleDaimonCIRCUITO241TRECHO</styleUrl><LineString><coordinates>-48.118920,-9.081893,0 -48.118741,-9.081686,0</coordinates></LineString></Placemark>
<Placemark><name>3460072</name><styleUrl>#styleDaimonCIRCUITO241TRECHO</styleUrl><LineString><coordinates>-48.120963,-9.080897,0 -48.118920,-9.081893,0</coordinates></LineString></Placemark>
<Placemark><name>12174033</name><styleUrl>#styleDaimonCIRCUITO241TRECHO</styleUrl><LineString><coordinates>-48.120994,-9.080887,0 -48.120963,-9.080897,0</coordinates></LineString></Placemark>
<Placemark><name>3460071</name><styleUrl>#styleDaimonCIRCUITO241TRECHO</styleUrl><LineString><coordinates>-48.121863,-9.080697,0 -48.120994,-9.080887,0</coordinates></LineString></Placemark>
<Placemark><name>2951704</name><styleUrl>#styleDaimonCIRCUITO241TRECHO</styleUrl><LineString><coordinates>-48.122745,-9.080519,0 -48.121863,-9.080697,0</coordinates></LineString></Placemark>
<Placemark><name>12174032</name><styleUrl>#styleDaimonCIRCUITO241TRECHO</styleUrl><LineString><coordinates>-48.122779,-9.080513,0 -48.122745,-9.080519,0</coordinates></LineString></Placemark>
<Placemark><name>2951703</name><styleUrl>#styleDaimonCIRCUITO241TRECHO</styleUrl><LineString><coordinates>-48.125902,-9.079979,0 -48.122779,-9.080513,0</coordinates></LineString></Placemark>
<Placemark><name>12174031</name><styleUrl>#styleDaimonCIRCUITO241TRECHO</styleUrl><LineString><coordinates>-48.125933,-9.079984,0 -48.125902,-9.079979,0</coordinates></LineString></Placemark>
<Placemark><name>2959533</name><styleUrl>#styleDaimonCIRCUITO241TRECHO</styleUrl><LineString><coordinates>-48.127822,-9.080819,0 -48.125933,-9.079984,0</coordinates></LineString></Placemark>
<Placemark><name>12174030</name><styleUrl>#styleDaimonCIRCUITO241TRECHO</styleUrl><LineString><coordinates>-48.127854,-9.080832,0 -48.127822,-9.080819,0</coordinates></LineString></Placemark>
<Placemark><name>2987198</name><styleUrl>#styleDaimonCIRCUITO241TRECHO</styleUrl><LineString><coordinates>-48.134159,-9.087415,0 -48.127854,-9.080832,0</coordinates></LineString></Placemark>
<Placemark><name>12174029</name><styleUrl>#styleDaimonCIRCUITO241TRECHO</styleUrl><LineString><coordinates>-48.134161,-9.087447,0 -48.134159,-9.087415,0</coordinates></LineString></Placemark>
<Placemark><name>2987193</name><styleUrl>#styleDaimonCIRCUITO241TRECHO</styleUrl><LineString><coordinates>-48.133540,-9.089459,0 -48.134161,-9.087447,0</coordinates></LineString></Placemark>
<Placemark><name>12174028</name><styleUrl>#styleDaimonCIRCUITO241TRECHO</styleUrl><LineString><coordinates>-48.133548,-9.089485,0 -48.133540,-9.089459,0</coordinates></LineString></Placemark>
<Placemark><name>2987190</name><styleUrl>#styleDaimonCIRCUITO241TRECHO</styleUrl><LineString><coordinates>-48.137390,-9.092374,0 -48.133548,-9.089485,0</coordinates></LineString></Placemark>
<Placemark><name>52751840</name><styleUrl>#styleDaimonCIRCUITO241TRECHO</styleUrl><LineString><coordinates>-48.138263,-9.093007,0 -48.137390,-9.092374,0</coordinates></LineString></Placemark>
<Placemark><name>55981002</name><styleUrl>#styleDaimonCIRCUITO241TRECHO</styleUrl><LineString><coordinates>-48.138283,-9.093023,0 -48.138263,-9.093007,0</coordinates></LineString></Placemark>
<Placemark><name>55981004</name><styleUrl>#styleDaimonCIRCUITO241TRECHO</styleUrl><LineString><coordinates>-48.138263,-9.093007,0 -48.138263,-9.093034,0</coordinates></LineString></Placemark>
<Placemark><name>3535923</name><styleUrl>#styleDaimonCIRCUITO241TRECHO</styleUrl><LineString><coordinates>-48.132218,-9.149268,0 -48.132192,-9.149272,0</coordinates></LineString></Placemark>
<Placemark><name>2959432</name><styleUrl>#styleDaimonCIRCUITO241TRECHO</styleUrl><LineString><coordinates>-48.130448,-9.145499,0 -48.132218,-9.149268,0</coordinates></LineString></Placemark>
<Placemark><name>2987185</name><styleUrl>#styleDaimonCIRCUITO241TRECHO</styleUrl><LineString><coordinates>-48.132218,-9.149268,0 -48.137488,-9.160222,0</coordinates></LineString></Placemark>
<Placemark><name>3535924</name><styleUrl>#styleDaimonCIRCUITO241TRECHO</styleUrl><LineString><coordinates>-48.132218,-9.149268,0 -48.132398,-9.149243,0</coordinates></LineString></Placemark>
<Placemark><name>12082111</name><styleUrl>#styleDaimonCIRCUITO241TRECHO</styleUrl><LineString><coordinates>-48.130435,-9.145468,0 -48.130448,-9.145499,0</coordinates></LineString></Placemark>
<Placemark><name>2959441</name><styleUrl>#styleDaimonCIRCUITO241TRECHO</styleUrl><LineString><coordinates>-48.127410,-9.133664,0 -48.130435,-9.145468,0</coordinates></LineString></Placemark>
<Placemark><name>12159557</name><styleUrl>#styleDaimonCIRCUITO241TRECHO</styleUrl><LineString><coordinates>-48.127410,-9.133664,0 -48.127428,-9.133661,0</coordinates></LineString></Placemark>
<Placemark><name>2959526</name><styleUrl>#styleDaimonCIRCUITO241TRECHO</styleUrl><LineString><coordinates>-48.127035,-9.132131,0 -48.127410,-9.133664,0</coordinates></LineString></Placemark>
<Placemark><name>2950498</name><styleUrl>#styleDaimonCIRCUITO241TRECHO</styleUrl><LineString><coordinates>-48.127428,-9.133661,0 -48.127627,-9.133620,0</coordinates></LineString></Placemark>
<Placemark><name>12082110</name><styleUrl>#styleDaimonCIRCUITO241TRECHO</styleUrl><LineString><coordinates>-48.127035,-9.132099,0 -48.127035,-9.132131,0</coordinates></LineString></Placemark>
<Placemark><name>2959527</name><styleUrl>#styleDaimonCIRCUITO241TRECHO</styleUrl><LineString><coordinates>-48.131276,-9.117316,0 -48.127035,-9.132099,0</coordinates></LineString></Placemark>
<Placemark><name>2959041</name><styleUrl>#styleDaimonCIRCUITO241TRECHO</styleUrl><LineString><coordinates>-48.143979,-9.172630,0 -48.145690,-9.174192,0</coordinates></LineString></Placemark>
<Placemark><name>3569969</name><styleUrl>#styleDaimonCIRCUITO241TRECHO</styleUrl><LineString><coordinates>-48.145690,-9.174192,0 -48.145697,-9.174228,0</coordinates></LineString></Placemark>
<Placemark><name>12110832</name><styleUrl>#styleDaimonCIRCUITO241TRECHO</styleUrl><LineString><coordinates>-48.143979,-9.172630,0 -48.143988,-9.172614,0</coordinates></LineString></Placemark>
<Placemark><name>3215598</name><styleUrl>#styleDaimonCIRCUITO241TRECHO</styleUrl><LineString><coordinates>-48.139247,-9.168252,0 -48.143979,-9.172630,0</coordinates></LineString></Placemark>
<Placemark><name>2536629</name><styleUrl>#styleDaimonCIRCUITO241TRECHO</styleUrl><LineString><coordinates>-48.143988,-9.172614,0 -48.144072,-9.172452,0</coordinates></LineString></Placemark>
<Placemark><name>12082806</name><styleUrl>#styleDaimonCIRCUITO241TRECHO</styleUrl><LineString><coordinates>-48.139230,-9.168225,0 -48.139247,-9.168252,0</coordinates></LineString></Placemark>
<Placemark><name>2986941</name><styleUrl>#styleDaimonCIRCUITO241TRECHO</styleUrl><LineString><coordinates>-48.137506,-9.160305,0 -48.139230,-9.168225,0</coordinates></LineString></Placemark>
<Placemark><name>3665089</name><styleUrl>#styleDaimonCIRCUITO241TRECHO</styleUrl><LineString><coordinates>-48.145693,-9.174193,0 -48.145716,-9.174199,0</coordinates></LineString></Placemark>
<Placemark><name>3669283</name><styleUrl>#styleDaimonCIRCUITO241TRECHO</styleUrl><LineString><coordinates>-48.145716,-9.174199,0 -48.145739,-9.174214,0</coordinates></LineString></Placemark>
<Placemark><name>59708096</name><styleUrl>#styleDaimonCIRCUITO241TRECHO</styleUrl><LineString><coordinates>-48.153471,-9.181477,0 -48.153490,-9.181465,0</coordinates></LineString></Placemark>
<Placemark><name>3450136</name><styleUrl>#styleDaimonCIRCUITO241TRECHO</styleUrl><LineString><coordinates>-48.153471,-9.181477,0 -48.157610,-9.185340,0</coordinates></LineString></Placemark>
<Placemark><name>3640648</name><styleUrl>#styleDaimonCIRCUITO241TRECHO</styleUrl><LineString><coordinates>-48.151090,-9.179270,0 -48.153471,-9.181477,0</coordinates></LineString></Placemark>
<Placemark><name>59708088</name><styleUrl>#styleDaimonCIRCUITO241TRECHO</styleUrl><LineString><coordinates>-48.153490,-9.181465,0 -48.153566,-9.181423,0</coordinates></LineString></Placemark>
<Placemark><name>12105423</name><styleUrl>#styleDaimonCIRCUITO241TRECHO</styleUrl><LineString><coordinates>-48.157610,-9.185340,0 -48.157629,-9.185367,0</coordinates></LineString></Placemark>
<Placemark><name>12110837</name><styleUrl>#styleDaimonCIRCUITO241TRECHO</styleUrl><LineString><coordinates>-48.151090,-9.179270,0 -48.151077,-9.179282,0</coordinates></LineString></Placemark>
<Placemark><name>3171607</name><styleUrl>#styleDaimonCIRCUITO241TRECHO</styleUrl><LineString><coordinates>-48.147529,-9.175876,0 -48.151090,-9.179270,0</coordinates></LineString></Placemark>
<Placemark><name>2985646</name><styleUrl>#styleDaimonCIRCUITO241TRECHO</styleUrl><LineString><coordinates>-48.157629,-9.185367,0 -48.158607,-9.188197,0</coordinates></LineString></Placemark>
<Placemark><name>2986672</name><styleUrl>#styleDaimonCIRCUITO241TRECHO</styleUrl><LineString><coordinates>-48.151077,-9.179282,0 -48.150840,-9.179499,0</coordinates></LineString></Placemark>
<Placemark><name>12110836</name><styleUrl>#styleDaimonCIRCUITO241TRECHO</styleUrl><LineString><coordinates>-48.147504,-9.175852,0 -48.147529,-9.175876,0</coordinates></LineString></Placemark>
<Placemark><name>12105422</name><styleUrl>#styleDaimonCIRCUITO241TRECHO</styleUrl><LineString><coordinates>-48.158607,-9.188197,0 -48.158618,-9.188230,0</coordinates></LineString></Placemark>
<Placemark><name>3569970</name><styleUrl>#styleDaimonCIRCUITO241TRECHO</styleUrl><LineString><coordinates>-48.145735,-9.174237,0 -48.147504,-9.175852,0</coordinates></LineString></Placemark>
<Placemark><name>3459548</name><styleUrl>#styleDaimonCIRCUITO241TRECHO</styleUrl><LineString><coordinates>-48.158618,-9.188230,0 -48.159130,-9.189739,0</coordinates></LineString></Placemark>
<Placemark><name>3658737</name><styleUrl>#styleDaimonCIRCUITO241TRECHO</styleUrl><LineString><coordinates>-48.145739,-9.174217,0 -48.145735,-9.174237,0</coordinates></LineString></Placemark>
<Placemark><name>3669284</name><styleUrl>#styleDaimonCIRCUITO241TRECHO</styleUrl><LineString><coordinates>-48.145735,-9.174237,0 -48.145701,-9.174229,0</coordinates></LineString></Placemark>
<Placemark><name>12105424</name><styleUrl>#styleDaimonCIRCUITO241TRECHO</styleUrl><LineString><coordinates>-48.159130,-9.189739,0 -48.159140,-9.189772,0</coordinates></LineString></Placemark>
<Placemark><name>3458480</name><styleUrl>#styleDaimonCIRCUITO241TRECHO</styleUrl><LineString><coordinates>-48.159140,-9.189772,0 -48.159611,-9.191078,0</coordinates></LineString></Placemark>
<Placemark><name>12105425</name><styleUrl>#styleDaimonCIRCUITO241TRECHO</styleUrl><LineString><coordinates>-48.159611,-9.191078,0 -48.159623,-9.191111,0</coordinates></LineString></Placemark>
<Placemark><name>3458029</name><styleUrl>#styleDaimonCIRCUITO241TRECHO</styleUrl><LineString><coordinates>-48.159623,-9.191111,0 -48.161317,-9.195329,0</coordinates></LineString></Placemark>
<Placemark><name>3664333</name><styleUrl>#styleDaimonCIRCUITO241TRECHO</styleUrl><LineString><coordinates>-48.161317,-9.195329,0 -48.161299,-9.195371,0</coordinates></LineString></Placemark>
<Placemark><name>3658739</name><styleUrl>#styleDaimonCIRCUITO241TRECHO</styleUrl><LineString><coordinates>-48.161321,-9.195330,0 -48.161346,-9.195335,0</coordinates></LineString></Placemark>
<Placemark><name>3658738</name><styleUrl>#styleDaimonCIRCUITO241TRECHO</styleUrl><LineString><coordinates>-48.161346,-9.195337,0 -48.161354,-9.195354,0</coordinates></LineString></Placemark>
<Placemark><name>12112320</name><styleUrl>#styleDaimonCIRCUITO241TRECHO</styleUrl><LineString><coordinates>-48.182069,-9.260574,0 -48.182074,-9.260607,0</coordinates></LineString></Placemark>
<Placemark><name>3451627</name><styleUrl>#styleDaimonCIRCUITO241TRECHO</styleUrl><LineString><coordinates>-48.182074,-9.260607,0 -48.182076,-9.261747,0</coordinates></LineString></Placemark>
<Placemark><name>3002337</name><styleUrl>#styleDaimonCIRCUITO241TRECHO</styleUrl><LineString><coordinates>-48.182074,-9.260607,0 -48.182107,-9.260585,0</coordinates></LineString></Placemark>
<Placemark><name>3088965</name><styleUrl>#styleDaimonCIRCUITO241TRECHO</styleUrl><LineString><coordinates>-48.181831,-9.259848,0 -48.182069,-9.260574,0</coordinates></LineString></Placemark>
<Placemark><name>12112319</name><styleUrl>#styleDaimonCIRCUITO241TRECHO</styleUrl><LineString><coordinates>-48.182076,-9.261747,0 -48.182076,-9.261782,0</coordinates></LineString></Placemark>
<Placemark><name>12111957</name><styleUrl>#styleDaimonCIRCUITO241TRECHO</styleUrl><LineString><coordinates>-48.181831,-9.259848,0 -48.181847,-9.259853,0</coordinates></LineString></Placemark>
<Placemark><name>2976425</name><styleUrl>#styleDaimonCIRCUITO241TRECHO</styleUrl><LineString><coordinates>-48.176779,-9.246959,0 -48.181831,-9.259848,0</coordinates></LineString></Placemark>
<Placemark><name>3640658</name><styleUrl>#styleDaimonCIRCUITO241TRECHO</styleUrl><LineString><coordinates>-48.182076,-9.261782,0 -48.182111,-9.263549,0</coordinates></LineString></Placemark>
<Placemark><name>3088966</name><styleUrl>#styleDaimonCIRCUITO241TRECHO</styleUrl><LineString><coordinates>-48.181847,-9.259853,0 -48.182227,-9.259944,0</coordinates></LineString></Placemark>
<Placemark><name>12111958</name><styleUrl>#styleDaimonCIRCUITO241TRECHO</styleUrl><LineString><coordinates>-48.176768,-9.246927,0 -48.176779,-9.246959,0</coordinates></LineString></Placemark>
<Placemark><name>12112318</name><styleUrl>#styleDaimonCIRCUITO241TRECHO</styleUrl><LineString><coordinates>-48.182111,-9.263549,0 -48.182107,-9.263583,0</coordinates></LineString></Placemark>
<Placemark><name>3088734</name><styleUrl>#styleDaimonCIRCUITO241TRECHO</styleUrl><LineString><coordinates>-48.175346,-9.243352,0 -48.176768,-9.246927,0</coordinates></LineString></Placemark>
<Placemark><name>3451407</name><styleUrl>#styleDaimonCIRCUITO241TRECHO</styleUrl><LineString><coordinates>-48.182107,-9.263583,0 -48.180651,-9.269818,0</coordinates></LineString></Placemark>
<Placemark><name>12112321</name><styleUrl>#styleDaimonCIRCUITO241TRECHO</styleUrl><LineString><coordinates>-48.175341,-9.243318,0 -48.175346,-9.243352,0</coordinates></LineString></Placemark>
<Placemark><name>12087834</name><styleUrl>#styleDaimonCIRCUITO241TRECHO</styleUrl><LineString><coordinates>-48.180651,-9.269818,0 -48.180630,-9.269834,0</coordinates></LineString></Placemark>
<Placemark><name>3459390</name><styleUrl>#styleDaimonCIRCUITO241TRECHO</styleUrl><LineString><coordinates>-48.176301,-9.229185,0 -48.175341,-9.243318,0</coordinates></LineString></Placemark>
<Placemark><name>2971287</name><styleUrl>#styleDaimonCIRCUITO241TRECHO</styleUrl><LineString><coordinates>-48.180630,-9.269834,0 -48.180046,-9.269782,0</coordinates></LineString></Placemark>
<Placemark><name>12112322</name><styleUrl>#styleDaimonCIRCUITO241TRECHO</styleUrl><LineString><coordinates>-48.176297,-9.229152,0 -48.176301,-9.229185,0</coordinates></LineString></Placemark>
<Placemark><name>12087833</name><styleUrl>#styleDaimonCIRCUITO241TRECHO</styleUrl><LineString><coordinates>-48.180046,-9.269782,0 -48.180022,-9.269796,0</coordinates></LineString></Placemark>
<Placemark><name>3091420</name><styleUrl>#styleDaimonCIRCUITO241TRECHO</styleUrl><LineString><coordinates>-48.174982,-9.224467,0 -48.176297,-9.229152,0</coordinates></LineString></Placemark>
<Placemark><name>2984768</name><styleUrl>#styleDaimonCIRCUITO241TRECHO</styleUrl><LineString><coordinates>-48.180022,-9.269796,0 -48.178585,-9.273594,0</coordinates></LineString></Placemark>
<Placemark><name>12112323</name><styleUrl>#styleDaimonCIRCUITO241TRECHO</styleUrl><LineString><coordinates>-48.174970,-9.224436,0 -48.174982,-9.224467,0</coordinates></LineString></Placemark>
<Placemark><name>12087832</name><styleUrl>#styleDaimonCIRCUITO241TRECHO</styleUrl><LineString><coordinates>-48.178585,-9.273594,0 -48.178578,-9.273627,0</coordinates></LineString></Placemark>
<Placemark><name>2995103</name><styleUrl>#styleDaimonCIRCUITO241TRECHO</styleUrl><LineString><coordinates>-48.174484,-9.223628,0 -48.174970,-9.224436,0</coordinates></LineString></Placemark>
<Placemark><name>3107896</name><styleUrl>#styleDaimonCIRCUITO241TRECHO</styleUrl><LineString><coordinates>-48.178578,-9.273627,0 -48.177802,-9.279206,0</coordinates></LineString></Placemark>
<Placemark><name>12112324</name><styleUrl>#styleDaimonCIRCUITO241TRECHO</styleUrl><LineString><coordinates>-48.174469,-9.223597,0 -48.174484,-9.223628,0</coordinates></LineString></Placemark>
<Placemark><name>12087371</name><styleUrl>#styleDaimonCIRCUITO241TRECHO</styleUrl><LineString><coordinates>-48.177802,-9.279206,0 -48.177795,-9.279240,0</coordinates></LineString></Placemark>
<Placemark><name>2995104</name><styleUrl>#styleDaimonCIRCUITO241TRECHO</styleUrl><LineString><coordinates>-48.172716,-9.217617,0 -48.174469,-9.223597,0</coordinates></LineString></Placemark>
<Placemark><name>2971003</name><styleUrl>#styleDaimonCIRCUITO241TRECHO</styleUrl><LineString><coordinates>-48.177795,-9.279240,0 -48.175779,-9.286199,0</coordinates></LineString></Placemark>
<Placemark><name>12112325</name><styleUrl>#styleDaimonCIRCUITO241TRECHO</styleUrl><LineString><coordinates>-48.172707,-9.217584,0 -48.172716,-9.217617,0</coordinates></LineString></Placemark>
<Placemark><name>12087370</name><styleUrl>#styleDaimonCIRCUITO241TRECHO</styleUrl><LineString><coordinates>-48.175779,-9.286199,0 -48.175771,-9.286233,0</coordinates></LineString></Placemark>
<Placemark><name>3664431</name><styleUrl>#styleDaimonCIRCUITO241TRECHO</styleUrl><LineString><coordinates>-48.175779,-9.286199,0 -48.175764,-9.286200,0</coordinates></LineString></Placemark>
<Placemark><name>2994184</name><styleUrl>#styleDaimonCIRCUITO241TRECHO</styleUrl><LineString><coordinates>-48.171833,-9.214359,0 -48.172707,-9.217584,0</coordinates></LineString></Placemark>
<Placemark><name>3169443</name><styleUrl>#styleDaimonCIRCUITO241TRECHO</styleUrl><LineString><coordinates>-48.175771,-9.286233,0 -48.175725,-9.286492,0</coordinates></LineString></Placemark>
<Placemark><name>12112326</name><styleUrl>#styleDaimonCIRCUITO241TRECHO</styleUrl><LineString><coordinates>-48.171830,-9.214325,0 -48.171833,-9.214359,0</coordinates></LineString></Placemark>
<Placemark><name>2994187</name><styleUrl>#styleDaimonCIRCUITO241TRECHO</styleUrl><LineString><coordinates>-48.171890,-9.213504,0 -48.171830,-9.214325,0</coordinates></LineString></Placemark>
<Placemark><name>12112327</name><styleUrl>#styleDaimonCIRCUITO241TRECHO</styleUrl><LineString><coordinates>-48.171893,-9.213471,0 -48.171890,-9.213504,0</coordinates></LineString></Placemark>
<Placemark><name>3107891</name><styleUrl>#styleDaimonCIRCUITO241TRECHO</styleUrl><LineString><coordinates>-48.171616,-9.212576,0 -48.171893,-9.213471,0</coordinates></LineString></Placemark>
<Placemark><name>12127020</name><styleUrl>#styleDaimonCIRCUITO241TRECHO</styleUrl><LineString><coordinates>-48.171616,-9.212576,0 -48.171633,-9.212571,0</coordinates></LineString></Placemark>
<Placemark><name>3106422</name><styleUrl>#styleDaimonCIRCUITO241TRECHO</styleUrl><LineString><coordinates>-48.170318,-9.207947,0 -48.171616,-9.212576,0</coordinates></LineString></Placemark>
<Placemark><name>3106423</name><styleUrl>#styleDaimonCIRCUITO241TRECHO</styleUrl><LineString><coordinates>-48.171633,-9.212571,0 -48.171838,-9.212502,0</coordinates></LineString></Placemark>
<Placemark><name>12088149</name><styleUrl>#styleDaimonCIRCUITO241TRECHO</styleUrl><LineString><coordinates>-48.170303,-9.207917,0 -48.170318,-9.207947,0</coordinates></LineString></Placemark>
<Placemark><name>2977759</name><styleUrl>#styleDaimonCIRCUITO241TRECHO</styleUrl><LineString><coordinates>-48.167932,-9.204644,0 -48.170303,-9.207917,0</coordinates></LineString></Placemark>
<Placemark><name>12165539</name><styleUrl>#styleDaimonCIRCUITO241TRECHO</styleUrl><LineString><coordinates>-48.167932,-9.204644,0 -48.167947,-9.204635,0</coordinates></LineString></Placemark>
<Placemark><name>3450559</name><styleUrl>#styleDaimonCIRCUITO241TRECHO</styleUrl><LineString><coordinates>-48.165999,-9.201989,0 -48.167932,-9.204644,0</coordinates></LineString></Placemark>
<Placemark><name>3450556</name><styleUrl>#styleDaimonCIRCUITO241TRECHO</styleUrl><LineString><coordinates>-48.167947,-9.204635,0 -48.168201,-9.204482,0</coordinates></LineString></Placemark>
<Placemark><name>12087808</name><styleUrl>#styleDaimonCIRCUITO241TRECHO</styleUrl><LineString><coordinates>-48.165999,-9.201989,0 -48.166013,-9.201979,0</coordinates></LineString></Placemark>
<Placemark><name>2961696</name><styleUrl>#styleDaimonCIRCUITO241TRECHO</styleUrl><LineString><coordinates>-48.161529,-9.195710,0 -48.165999,-9.201989,0</coordinates></LineString></Placemark>
<Placemark><name>2967439</name><styleUrl>#styleDaimonCIRCUITO241TRECHO</styleUrl><LineString><coordinates>-48.166013,-9.201979,0 -48.166198,-9.201855,0</coordinates></LineString></Placemark>
<Placemark><name>12117054</name><styleUrl>#styleDaimonCIRCUITO241TRECHO</styleUrl><LineString><coordinates>-48.161512,-9.195680,0 -48.161529,-9.195710,0</coordinates></LineString></Placemark>
<Placemark><name>3588624</name><styleUrl>#styleDaimonCIRCUITO241TRECHO</styleUrl><LineString><coordinates>-48.161348,-9.195376,0 -48.161512,-9.195680,0</coordinates></LineString></Placemark>
<Placemark><name>3664334</name><styleUrl>#styleDaimonCIRCUITO241TRECHO</styleUrl><LineString><coordinates>-48.161354,-9.195356,0 -48.161348,-9.195376,0</coordinates></LineString></Placemark>
<Placemark><name>3664335</name><styleUrl>#styleDaimonCIRCUITO241TRECHO</styleUrl><LineString><coordinates>-48.161348,-9.195376,0 -48.161304,-9.195372,0</coordinates></LineString></Placemark>
<Placemark><name>3198731</name><styleUrl>#styleDaimonCIRCUITO241TRECHO</styleUrl><LineString><coordinates>-48.312493,-9.213359,0 -48.312682,-9.215268,0</coordinates></LineString></Placemark>
<Placemark><name>12153191</name><styleUrl>#styleDaimonCIRCUITO241TRECHO</styleUrl><LineString><coordinates>-48.312493,-9.213359,0 -48.312476,-9.213362,0</coordinates></LineString></Placemark>
<Placemark><name>3198730</name><styleUrl>#styleDaimonCIRCUITO241TRECHO</styleUrl><LineString><coordinates>-48.312231,-9.210605,0 -48.312493,-9.213359,0</coordinates></LineString></Placemark>
<Placemark><name>3564246</name><styleUrl>#styleDaimonCIRCUITO241TRECHO</styleUrl><LineString><coordinates>-48.312476,-9.213362,0 -48.312417,-9.213373,0</coordinates></LineString></Placemark>
<Placemark><name>12125764</name><styleUrl>#styleDaimonCIRCUITO241TRECHO</styleUrl><LineString><coordinates>-48.312226,-9.210572,0 -48.312231,-9.210605,0</coordinates></LineString></Placemark>
<Placemark><name>3198726</name><styleUrl>#styleDaimonCIRCUITO241TRECHO</styleUrl><LineString><coordinates>-48.311120,-9.205265,0 -48.312226,-9.210572,0</coordinates></LineString></Placemark>
<Placemark><name>3203590</name><styleUrl>#styleDaimonCIRCUITO241TRECHO</styleUrl><LineString><coordinates>-48.310560,-9.202612,0 -48.311120,-9.205265,0</coordinates></LineString></Placemark>
<Placemark><name>12126663</name><styleUrl>#styleDaimonCIRCUITO241TRECHO</styleUrl><LineString><coordinates>-48.310547,-9.202582,0 -48.310560,-9.202612,0</coordinates></LineString></Placemark>
<Placemark><name>3203328</name><styleUrl>#styleDaimonCIRCUITO241TRECHO</styleUrl><LineString><coordinates>-48.309779,-9.201490,0 -48.310547,-9.202582,0</coordinates></LineString></Placemark>
<Placemark><name>12126662</name><styleUrl>#styleDaimonCIRCUITO241TRECHO</styleUrl><LineString><coordinates>-48.309779,-9.201490,0 -48.309795,-9.201486,0</coordinates></LineString></Placemark>
<Placemark><name>3099434</name><styleUrl>#styleDaimonCIRCUITO241TRECHO</styleUrl><LineString><coordinates>-48.308263,-9.199235,0 -48.309779,-9.201490,0</coordinates></LineString></Placemark>
<Placemark><name>3203326</name><styleUrl>#styleDaimonCIRCUITO241TRECHO</styleUrl><LineString><coordinates>-48.309795,-9.201486,0 -48.310907,-9.201170,0</coordinates></LineString></Placemark>
<Placemark><name>12126556</name><styleUrl>#styleDaimonCIRCUITO241TRECHO</styleUrl><LineString><coordinates>-48.308263,-9.199235,0 -48.308273,-9.199221,0</coordinates></LineString></Placemark>
<Placemark><name>3466678</name><styleUrl>#styleDaimonCIRCUITO241TRECHO</styleUrl><LineString><coordinates>-48.302777,-9.191298,0 -48.308263,-9.199235,0</coordinates></LineString></Placemark>
<Placemark><name>3190356</name><styleUrl>#styleDaimonCIRCUITO241TRECHO</styleUrl><LineString><coordinates>-48.308273,-9.199221,0 -48.308388,-9.199026,0</coordinates></LineString></Placemark>
<Placemark><name>12126889</name><styleUrl>#styleDaimonCIRCUITO241TRECHO</styleUrl><LineString><coordinates>-48.302758,-9.191270,0 -48.302777,-9.191298,0</coordinates></LineString></Placemark>
<Placemark><name>2961863</name><styleUrl>#styleDaimonCIRCUITO241TRECHO</styleUrl><LineString><coordinates>-48.295163,-9.180259,0 -48.302758,-9.191270,0</coordinates></LineString></Placemark>
<Placemark><name>12128215</name><styleUrl>#styleDaimonCIRCUITO241TRECHO</styleUrl><LineString><coordinates>-48.295144,-9.180230,0 -48.295163,-9.180259,0</coordinates></LineString></Placemark>
<Placemark><name>2967896</name><styleUrl>#styleDaimonCIRCUITO241TRECHO</styleUrl><LineString><coordinates>-48.292313,-9.176133,0 -48.295144,-9.180230,0</coordinates></LineString></Placemark>
<Placemark><name>12128216</name><styleUrl>#styleDaimonCIRCUITO241TRECHO</styleUrl><LineString><coordinates>-48.292296,-9.176103,0 -48.292313,-9.176133,0</coordinates></LineString></Placemark>
<Placemark><name>3468169</name><styleUrl>#styleDaimonCIRCUITO241TRECHO</styleUrl><LineString><coordinates>-48.290308,-9.172063,0 -48.292296,-9.176103,0</coordinates></LineString></Placemark>
<Placemark><name>12128217</name><styleUrl>#styleDaimonCIRCUITO241TRECHO</styleUrl><LineString><coordinates>-48.290283,-9.172042,0 -48.290308,-9.172063,0</coordinates></LineString></Placemark>
<Placemark><name>3215272</name><styleUrl>#styleDaimonCIRCUITO241TRECHO</styleUrl><LineString><coordinates>-48.285703,-9.170130,0 -48.290283,-9.172042,0</coordinates></LineString></Placemark>
<Placemark><name>12128218</name><styleUrl>#styleDaimonCIRCUITO241TRECHO</styleUrl><LineString><coordinates>-48.285671,-9.170124,0 -48.285703,-9.170130,0</coordinates></LineString></Placemark>
<Placemark><name>3215274</name><styleUrl>#styleDaimonCIRCUITO241TRECHO</styleUrl><LineString><coordinates>-48.284091,-9.169975,0 -48.285671,-9.170124,0</coordinates></LineString></Placemark>
<Placemark><name>12128548</name><styleUrl>#styleDaimonCIRCUITO241TRECHO</styleUrl><LineString><coordinates>-48.284057,-9.169973,0 -48.284091,-9.169975,0</coordinates></LineString></Placemark>
<Placemark><name>3497334</name><styleUrl>#styleDaimonCIRCUITO241TRECHO</styleUrl><LineString><coordinates>-48.281171,-9.169690,0 -48.284057,-9.169973,0</coordinates></LineString></Placemark>
<Placemark><name>12128549</name><styleUrl>#styleDaimonCIRCUITO241TRECHO</styleUrl><LineString><coordinates>-48.281141,-9.169700,0 -48.281171,-9.169690,0</coordinates></LineString></Placemark>
<Placemark><name>3457765</name><styleUrl>#styleDaimonCIRCUITO241TRECHO</styleUrl><LineString><coordinates>-48.278620,-9.177091,0 -48.281141,-9.169700,0</coordinates></LineString></Placemark>
<Placemark><name>12126996</name><styleUrl>#styleDaimonCIRCUITO241TRECHO</styleUrl><LineString><coordinates>-48.278603,-9.177120,0 -48.278620,-9.177091,0</coordinates></LineString></Placemark>
<Placemark><name>3179457</name><styleUrl>#styleDaimonCIRCUITO241TRECHO</styleUrl><LineString><coordinates>-48.272483,-9.182549,0 -48.278603,-9.177120,0</coordinates></LineString></Placemark>
<Placemark><name>12128550</name><styleUrl>#styleDaimonCIRCUITO241TRECHO</styleUrl><LineString><coordinates>-48.272458,-9.182571,0 -48.272483,-9.182549,0</coordinates></LineString></Placemark>
<Placemark><name>3179462</name><styleUrl>#styleDaimonCIRCUITO241TRECHO</styleUrl><LineString><coordinates>-48.268438,-9.184555,0 -48.272458,-9.182571,0</coordinates></LineString></Placemark>
<Placemark><name>12126648</name><styleUrl>#styleDaimonCIRCUITO241TRECHO</styleUrl><LineString><coordinates>-48.268438,-9.184555,0 -48.268433,-9.184539,0</coordinates></LineString></Placemark>
<Placemark><name>3179467</name><styleUrl>#styleDaimonCIRCUITO241TRECHO</styleUrl><LineString><coordinates>-48.266677,-9.185301,0 -48.268438,-9.184555,0</coordinates></LineString></Placemark>
<Placemark><name>2988185</name><styleUrl>#styleDaimonCIRCUITO241TRECHO</styleUrl><LineString><coordinates>-48.268433,-9.184539,0 -48.266916,-9.181374,0</coordinates></LineString></Placemark>
<Placemark><name>12126649</name><styleUrl>#styleDaimonCIRCUITO241TRECHO</styleUrl><LineString><coordinates>-48.266647,-9.185299,0 -48.266677,-9.185301,0</coordinates></LineString></Placemark>
<Placemark><name>12127985</name><styleUrl>#styleDaimonCIRCUITO241TRECHO</styleUrl><LineString><coordinates>-48.266916,-9.181374,0 -48.266927,-9.181361,0</coordinates></LineString></Placemark>
<Placemark><name>2988187</name><styleUrl>#styleDaimonCIRCUITO241TRECHO</styleUrl><LineString><coordinates>-48.266916,-9.181374,0 -48.265569,-9.179013,0</coordinates></LineString></Placemark>
<Placemark><name>3179469</name><styleUrl>#styleDaimonCIRCUITO241TRECHO</styleUrl><LineString><coordinates>-48.265701,-9.184301,0 -48.266647,-9.185299,0</coordinates></LineString></Placemark>
<Placemark><name>2988186</name><styleUrl>#styleDaimonCIRCUITO241TRECHO</styleUrl><LineString><coordinates>-48.266927,-9.181361,0 -48.268577,-9.179334,0</coordinates></LineString></Placemark>
<Placemark><name>12126847</name><styleUrl>#styleDaimonCIRCUITO241TRECHO</styleUrl><LineString><coordinates>-48.265569,-9.179013,0 -48.265544,-9.179006,0</coordinates></LineString></Placemark>
<Placemark><name>12125966</name><styleUrl>#styleDaimonCIRCUITO241TRECHO</styleUrl><LineString><coordinates>-48.265674,-9.184289,0 -48.265701,-9.184301,0</coordinates></LineString></Placemark>
<Placemark><name>57522446</name><styleUrl>#styleDaimonCIRCUITO241TRECHO</styleUrl><LineString><coordinates>-48.265544,-9.179006,0 -48.265540,-9.178987,0</coordinates></LineString></Placemark>
<Placemark><name>3458800</name><styleUrl>#styleDaimonCIRCUITO241TRECHO</styleUrl><LineString><coordinates>-48.265544,-9.179006,0 -48.263910,-9.179758,0</coordinates></LineString></Placemark>
<Placemark><name>3179645</name><styleUrl>#styleDaimonCIRCUITO241TRECHO</styleUrl><LineString><coordinates>-48.260340,-9.189341,0 -48.265674,-9.184289,0</coordinates></LineString></Placemark>
<Placemark><name>57522441</name><styleUrl>#styleDaimonCIRCUITO241TRECHO</styleUrl><LineString><coordinates>-48.265540,-9.178987,0 -48.265394,-9.178741,0</coordinates></LineString></Placemark>
<Placemark><name>12127983</name><styleUrl>#styleDaimonCIRCUITO241TRECHO</styleUrl><LineString><coordinates>-48.260340,-9.189341,0 -48.260323,-9.189337,0</coordinates></LineString></Placemark>
<Placemark><name>3188565</name><styleUrl>#styleDaimonCIRCUITO241TRECHO</styleUrl><LineString><coordinates>-48.261728,-9.205835,0 -48.260340,-9.189341,0</coordinates></LineString></Placemark>
<Placemark><name>2987901</name><styleUrl>#styleDaimonCIRCUITO241TRECHO</styleUrl><LineString><coordinates>-48.260323,-9.189337,0 -48.260163,-9.189304,0</coordinates></LineString></Placemark>
<Placemark><name>12143179</name><styleUrl>#styleDaimonCIRCUITO241TRECHO</styleUrl><LineString><coordinates>-48.261721,-9.205865,0 -48.261728,-9.205835,0</coordinates></LineString></Placemark>
<Placemark><name>12127984</name><styleUrl>#styleDaimonCIRCUITO241TRECHO</styleUrl><LineString><coordinates>-48.260163,-9.189304,0 -48.260129,-9.189298,0</coordinates></LineString></Placemark>
<Placemark><name>3105363</name><styleUrl>#styleDaimonCIRCUITO241TRECHO</styleUrl><LineString><coordinates>-48.261544,-9.206100,0 -48.261721,-9.205865,0</coordinates></LineString></Placemark>
<Placemark><name>2987903</name><styleUrl>#styleDaimonCIRCUITO241TRECHO</styleUrl><LineString><coordinates>-48.260129,-9.189298,0 -48.257853,-9.188892,0</coordinates></LineString></Placemark>
<Placemark><name>3105365</name><styleUrl>#styleDaimonCIRCUITO241TRECHO</styleUrl><LineString><coordinates>-48.259762,-9.208533,0 -48.261544,-9.206100,0</coordinates></LineString></Placemark>
<Placemark><name>12143180</name><styleUrl>#styleDaimonCIRCUITO241TRECHO</styleUrl><LineString><coordinates>-48.259735,-9.208551,0 -48.259762,-9.208533,0</coordinates></LineString></Placemark>
<Placemark><name>3105634</name><styleUrl>#styleDaimonCIRCUITO241TRECHO</styleUrl><LineString><coordinates>-48.258983,-9.208733,0 -48.259735,-9.208551,0</coordinates></LineString></Placemark>
<Placemark><name>12143181</name><styleUrl>#styleDaimonCIRCUITO241TRECHO</styleUrl><LineString><coordinates>-48.258950,-9.208741,0 -48.258983,-9.208733,0</coordinates></LineString></Placemark>
<Placemark><name>3105635</name><styleUrl>#styleDaimonCIRCUITO241TRECHO</styleUrl><LineString><coordinates>-48.255838,-9.209434,0 -48.258950,-9.208741,0</coordinates></LineString></Placemark>
<Placemark><name>12143182</name><styleUrl>#styleDaimonCIRCUITO241TRECHO</styleUrl><LineString><coordinates>-48.255805,-9.209439,0 -48.255838,-9.209434,0</coordinates></LineString></Placemark>
<Placemark><name>3105637</name><styleUrl>#styleDaimonCIRCUITO241TRECHO</styleUrl><LineString><coordinates>-48.251742,-9.209385,0 -48.255805,-9.209439,0</coordinates></LineString></Placemark>
<Placemark><name>12143183</name><styleUrl>#styleDaimonCIRCUITO241TRECHO</styleUrl><LineString><coordinates>-48.251708,-9.209385,0 -48.251742,-9.209385,0</coordinates></LineString></Placemark>
<Placemark><name>3105641</name><styleUrl>#styleDaimonCIRCUITO241TRECHO</styleUrl><LineString><coordinates>-48.242462,-9.209195,0 -48.251708,-9.209385,0</coordinates></LineString></Placemark>
<Placemark><name>12127980</name><styleUrl>#styleDaimonCIRCUITO241TRECHO</styleUrl><LineString><coordinates>-48.242462,-9.209195,0 -48.242438,-9.209209,0</coordinates></LineString></Placemark>
<Placemark><name>12127979</name><styleUrl>#styleDaimonCIRCUITO241TRECHO</styleUrl><LineString><coordinates>-48.242431,-9.209183,0 -48.242462,-9.209195,0</coordinates></LineString></Placemark>
<Placemark><name>3178517</name><styleUrl>#styleDaimonCIRCUITO241TRECHO</styleUrl><LineString><coordinates>-48.242438,-9.209209,0 -48.242279,-9.209565,0</coordinates></LineString></Placemark>
<Placemark><name>3449891</name><styleUrl>#styleDaimonCIRCUITO241TRECHO</styleUrl><LineString><coordinates>-48.238698,-9.202163,0 -48.242431,-9.209183,0</coordinates></LineString></Placemark>
<Placemark><name>12127981</name><styleUrl>#styleDaimonCIRCUITO241TRECHO</styleUrl><LineString><coordinates>-48.242279,-9.209565,0 -48.242267,-9.209597,0</coordinates></LineString></Placemark>
<Placemark><name>12126782</name><styleUrl>#styleDaimonCIRCUITO241TRECHO</styleUrl><LineString><coordinates>-48.238672,-9.202147,0 -48.238698,-9.202163,0</coordinates></LineString></Placemark>
<Placemark><name>3090413</name><styleUrl>#styleDaimonCIRCUITO241TRECHO</styleUrl><LineString><coordinates>-48.242267,-9.209597,0 -48.238957,-9.217055,0</coordinates></LineString></Placemark>
<Placemark><name>2977750</name><styleUrl>#styleDaimonCIRCUITO241TRECHO</styleUrl><LineString><coordinates>-48.232931,-9.201663,0 -48.238672,-9.202147,0</coordinates></LineString></Placemark>
<Placemark><name>12127982</name><styleUrl>#styleDaimonCIRCUITO241TRECHO</styleUrl><LineString><coordinates>-48.238957,-9.217055,0 -48.238943,-9.217086,0</coordinates></LineString></Placemark>
<Placemark><name>12126657</name><styleUrl>#styleDaimonCIRCUITO241TRECHO</styleUrl><LineString><coordinates>-48.232931,-9.201663,0 -48.232928,-9.201645,0</coordinates></LineString></Placemark>
<Placemark><name>2977757</name><styleUrl>#styleDaimonCIRCUITO241TRECHO</styleUrl><LineString><coordinates>-48.232854,-9.201684,0 -48.232931,-9.201663,0</coordinates></LineString></Placemark>
<Placemark><name>2967618</name><styleUrl>#styleDaimonCIRCUITO241TRECHO</styleUrl><LineString><coordinates>-48.238943,-9.217086,0 -48.234018,-9.225650,0</coordinates></LineString></Placemark>
<Placemark><name>2977756</name><styleUrl>#styleDaimonCIRCUITO241TRECHO</styleUrl><LineString><coordinates>-48.232928,-9.201645,0 -48.232805,-9.200959,0</coordinates></LineString></Placemark>
<Placemark><name>12126783</name><styleUrl>#styleDaimonCIRCUITO241TRECHO</styleUrl><LineString><coordinates>-48.232835,-9.201705,0 -48.232854,-9.201684,0</coordinates></LineString></Placemark>
<Placemark><name>12143190</name><styleUrl>#styleDaimonCIRCUITO241TRECHO</styleUrl><LineString><coordinates>-48.234018,-9.225650,0 -48.233994,-9.225669,0</coordinates></LineString></Placemark>
<Placemark><name>2977758</name><styleUrl>#styleDaimonCIRCUITO241TRECHO</styleUrl><LineString><coordinates>-48.232694,-9.205080,0 -48.232835,-9.201705,0</coordinates></LineString></Placemark>
<Placemark><name>2967884</name><styleUrl>#styleDaimonCIRCUITO241TRECHO</styleUrl><LineString><coordinates>-48.233994,-9.225669,0 -48.230614,-9.226652,0</coordinates></LineString></Placemark>
<Placemark><name>12126781</name><styleUrl>#styleDaimonCIRCUITO241TRECHO</styleUrl><LineString><coordinates>-48.232682,-9.205110,0 -48.232694,-9.205080,0</coordinates></LineString></Placemark>
<Placemark><name>2967893</name><styleUrl>#styleDaimonCIRCUITO241TRECHO</styleUrl><LineString><coordinates>-48.230614,-9.226652,0 -48.227323,-9.228168,0</coordinates></LineString></Placemark>
<Placemark><name>3106417</name><styleUrl>#styleDaimonCIRCUITO241TRECHO</styleUrl><LineString><coordinates>-48.224187,-9.211423,0 -48.232682,-9.205110,0</coordinates></LineString></Placemark>
<Placemark><name>12143189</name><styleUrl>#styleDaimonCIRCUITO241TRECHO</styleUrl><LineString><coordinates>-48.227323,-9.228168,0 -48.227316,-9.228194,0</coordinates></LineString></Placemark>
<Placemark><name>12126780</name><styleUrl>#styleDaimonCIRCUITO241TRECHO</styleUrl><LineString><coordinates>-48.224162,-9.211426,0 -48.224187,-9.211423,0</coordinates></LineString></Placemark>
<Placemark><name>2967894</name><styleUrl>#styleDaimonCIRCUITO241TRECHO</styleUrl><LineString><coordinates>-48.227316,-9.228194,0 -48.227550,-9.228745,0</coordinates></LineString></Placemark>
<Placemark><name>2961690</name><styleUrl>#styleDaimonCIRCUITO241TRECHO</styleUrl><LineString><coordinates>-48.218986,-9.208533,0 -48.224162,-9.211426,0</coordinates></LineString></Placemark>
<Placemark><name>3467150</name><styleUrl>#styleDaimonCIRCUITO241TRECHO</styleUrl><LineString><coordinates>-48.227550,-9.228745,0 -48.228460,-9.230493,0</coordinates></LineString></Placemark>
<Placemark><name>12126779</name><styleUrl>#styleDaimonCIRCUITO241TRECHO</styleUrl><LineString><coordinates>-48.218956,-9.208516,0 -48.218986,-9.208533,0</coordinates></LineString></Placemark>
<Placemark><name>3468164</name><styleUrl>#styleDaimonCIRCUITO241TRECHO</styleUrl><LineString><coordinates>-48.228460,-9.230493,0 -48.228890,-9.231225,0</coordinates></LineString></Placemark>
<Placemark><name>3450129</name><styleUrl>#styleDaimonCIRCUITO241TRECHO</styleUrl><LineString><coordinates>-48.217832,-9.207905,0 -48.218956,-9.208516,0</coordinates></LineString></Placemark>
<Placemark><name>12143188</name><styleUrl>#styleDaimonCIRCUITO241TRECHO</styleUrl><LineString><coordinates>-48.228890,-9.231225,0 -48.228888,-9.231253,0</coordinates></LineString></Placemark>
<Placemark><name>12126778</name><styleUrl>#styleDaimonCIRCUITO241TRECHO</styleUrl><LineString><coordinates>-48.217803,-9.207888,0 -48.217832,-9.207905,0</coordinates></LineString></Placemark>
<Placemark><name>3468166</name><styleUrl>#styleDaimonCIRCUITO241TRECHO</styleUrl><LineString><coordinates>-48.228888,-9.231253,0 -48.226535,-9.233819,0</coordinates></LineString></Placemark>
<Placemark><name>3450133</name><styleUrl>#styleDaimonCIRCUITO241TRECHO</styleUrl><LineString><coordinates>-48.213946,-9.206719,0 -48.217803,-9.207888,0</coordinates></LineString></Placemark>
<Placemark><name>12126777</name><styleUrl>#styleDaimonCIRCUITO241TRECHO</styleUrl><LineString><coordinates>-48.213916,-9.206706,0 -48.213946,-9.206719,0</coordinates></LineString></Placemark>
<Placemark><name>2969485</name><styleUrl>#styleDaimonCIRCUITO241TRECHO</styleUrl><LineString><coordinates>-48.211779,-9.205254,0 -48.213916,-9.206706,0</coordinates></LineString></Placemark>
<Placemark><name>2969491</name><styleUrl>#styleDaimonCIRCUITO241TRECHO</styleUrl><LineString><coordinates>-48.210886,-9.204519,0 -48.211779,-9.205254,0</coordinates></LineString></Placemark>
<Placemark><name>12126776</name><styleUrl>#styleDaimonCIRCUITO241TRECHO</styleUrl><LineString><coordinates>-48.210869,-9.204492,0 -48.210886,-9.204519,0</coordinates></LineString></Placemark>
<Placemark><name>2976122</name><styleUrl>#styleDaimonCIRCUITO241TRECHO</styleUrl><LineString><coordinates>-48.211473,-9.199881,0 -48.210869,-9.204492,0</coordinates></LineString></Placemark>
<Placemark><name>12126553</name><styleUrl>#styleDaimonCIRCUITO241TRECHO</styleUrl><LineString><coordinates>-48.211461,-9.199864,0 -48.211473,-9.199881,0</coordinates></LineString></Placemark>
<Placemark><name>2976120</name><styleUrl>#styleDaimonCIRCUITO241TRECHO</styleUrl><LineString><coordinates>-48.209332,-9.199687,0 -48.211461,-9.199864,0</coordinates></LineString></Placemark>
<Placemark><name>12126552</name><styleUrl>#styleDaimonCIRCUITO241TRECHO</styleUrl><LineString><coordinates>-48.209299,-9.199688,0 -48.209332,-9.199687,0</coordinates></LineString></Placemark>
<Placemark><name>2969496</name><styleUrl>#styleDaimonCIRCUITO241TRECHO</styleUrl><LineString><coordinates>-48.205908,-9.200095,0 -48.209299,-9.199688,0</coordinates></LineString></Placemark>
<Placemark><name>12126551</name><styleUrl>#styleDaimonCIRCUITO241TRECHO</styleUrl><LineString><coordinates>-48.205875,-9.200099,0 -48.205908,-9.200095,0</coordinates></LineString></Placemark>
<Placemark><name>2969497</name><styleUrl>#styleDaimonCIRCUITO241TRECHO</styleUrl><LineString><coordinates>-48.203322,-9.200446,0 -48.205875,-9.200099,0</coordinates></LineString></Placemark>
<Placemark><name>12126550</name><styleUrl>#styleDaimonCIRCUITO241TRECHO</styleUrl><LineString><coordinates>-48.203288,-9.200451,0 -48.203322,-9.200446,0</coordinates></LineString></Placemark>
<Placemark><name>2969499</name><styleUrl>#styleDaimonCIRCUITO241TRECHO</styleUrl><LineString><coordinates>-48.200637,-9.200761,0 -48.203288,-9.200451,0</coordinates></LineString></Placemark>
<Placemark><name>12126549</name><styleUrl>#styleDaimonCIRCUITO241TRECHO</styleUrl><LineString><coordinates>-48.200603,-9.200768,0 -48.200637,-9.200761,0</coordinates></LineString></Placemark>
<Placemark><name>2969758</name><styleUrl>#styleDaimonCIRCUITO241TRECHO</styleUrl><LineString><coordinates>-48.198558,-9.201541,0 -48.200603,-9.200768,0</coordinates></LineString></Placemark>
<Placemark><name>12126548</name><styleUrl>#styleDaimonCIRCUITO241TRECHO</styleUrl><LineString><coordinates>-48.198526,-9.201551,0 -48.198558,-9.201541,0</coordinates></LineString></Placemark>
<Placemark><name>2969759</name><styleUrl>#styleDaimonCIRCUITO241TRECHO</styleUrl><LineString><coordinates>-48.196120,-9.202366,0 -48.198526,-9.201551,0</coordinates></LineString></Placemark>
<Placemark><name>12126787</name><styleUrl>#styleDaimonCIRCUITO241TRECHO</styleUrl><LineString><coordinates>-48.196088,-9.202378,0 -48.196120,-9.202366,0</coordinates></LineString></Placemark>
<Placemark><name>2969761</name><styleUrl>#styleDaimonCIRCUITO241TRECHO</styleUrl><LineString><coordinates>-48.194714,-9.202864,0 -48.196088,-9.202378,0</coordinates></LineString></Placemark>
<Placemark><name>12126902</name><styleUrl>#styleDaimonCIRCUITO241TRECHO</styleUrl><LineString><coordinates>-48.194682,-9.202875,0 -48.194714,-9.202864,0</coordinates></LineString></Placemark>
<Placemark><name>2962330</name><styleUrl>#styleDaimonCIRCUITO241TRECHO</styleUrl><LineString><coordinates>-48.185149,-9.206434,0 -48.194682,-9.202875,0</coordinates></LineString></Placemark>
<Placemark><name>30002495</name><styleUrl>#styleDaimonCIRCUITO241TRECHO</styleUrl><LineString><coordinates>-48.185126,-9.206446,0 -48.185149,-9.206434,0</coordinates></LineString></Placemark>
<Placemark><name>30002482</name><styleUrl>#styleDaimonCIRCUITO241TRECHO</styleUrl><LineString><coordinates>-48.185014,-9.206503,0 -48.185126,-9.206446,0</coordinates></LineString></Placemark>
<Placemark><name>25768561</name><styleUrl>#styleDaimonCIRCUITO241TRECHO</styleUrl><LineString><coordinates>-48.183667,-9.207122,0 -48.185014,-9.206503,0</coordinates></LineString></Placemark>
<Placemark><name>12154465</name><styleUrl>#styleDaimonCIRCUITO241TRECHO</styleUrl><LineString><coordinates>-48.183667,-9.207122,0 -48.183676,-9.207140,0</coordinates></LineString></Placemark>
<Placemark><name>2962596</name><styleUrl>#styleDaimonCIRCUITO241TRECHO</styleUrl><LineString><coordinates>-48.180471,-9.208532,0 -48.183667,-9.207122,0</coordinates></LineString></Placemark>
<Placemark><name>3566462</name><styleUrl>#styleDaimonCIRCUITO241TRECHO</styleUrl><LineString><coordinates>-48.183676,-9.207140,0 -48.183855,-9.207461,0</coordinates></LineString></Placemark>
<Placemark><name>12125766</name><styleUrl>#styleDaimonCIRCUITO241TRECHO</styleUrl><LineString><coordinates>-48.180440,-9.208546,0 -48.180471,-9.208532,0</coordinates></LineString></Placemark>
<Placemark><name>2962599</name><styleUrl>#styleDaimonCIRCUITO241TRECHO</styleUrl><LineString><coordinates>-48.171943,-9.212459,0 -48.180440,-9.208546,0</coordinates></LineString></Placemark>
<Placemark><name>3588729</name><styleUrl>#styleDaimonCIRCUITO241TRECHO</styleUrl><LineString><coordinates>-48.175439,-9.286050,0 -48.175394,-9.286062,0</coordinates></LineString></Placemark>
<Placemark><name>3588726</name><styleUrl>#styleDaimonCIRCUITO241TRECHO</styleUrl><LineString><coordinates>-48.175733,-9.286185,0 -48.175439,-9.286050,0</coordinates></LineString></Placemark>
<Placemark><name>12153188</name><styleUrl>#styleDaimonCIRCUITO241TRECHO</styleUrl><LineString><coordinates>-48.286718,-9.228962,0 -48.286688,-9.228973,0</coordinates></LineString></Placemark>
<Placemark><name>3564182</name><styleUrl>#styleDaimonCIRCUITO241TRECHO</styleUrl><LineString><coordinates>-48.292213,-9.225135,0 -48.286718,-9.228962,0</coordinates></LineString></Placemark>
<Placemark><name>3560131</name><styleUrl>#styleDaimonCIRCUITO241TRECHO</styleUrl><LineString><coordinates>-48.286688,-9.228973,0 -48.277190,-9.233316,0</coordinates></LineString></Placemark>
<Placemark><name>12153193</name><styleUrl>#styleDaimonCIRCUITO241TRECHO</styleUrl><LineString><coordinates>-48.292233,-9.225110,0 -48.292213,-9.225135,0</coordinates></LineString></Placemark>
<Placemark><name>12153061</name><styleUrl>#styleDaimonCIRCUITO241TRECHO</styleUrl><LineString><coordinates>-48.277190,-9.233316,0 -48.277164,-9.233336,0</coordinates></LineString></Placemark>
<Placemark><name>3560114</name><styleUrl>#styleDaimonCIRCUITO241TRECHO</styleUrl><LineString><coordinates>-48.293118,-9.223700,0 -48.292233,-9.225110,0</coordinates></LineString></Placemark>
<Placemark><name>3564253</name><styleUrl>#styleDaimonCIRCUITO241TRECHO</styleUrl><LineString><coordinates>-48.277164,-9.233336,0 -48.272382,-9.239223,0</coordinates></LineString></Placemark>
<Placemark><name>12153194</name><styleUrl>#styleDaimonCIRCUITO241TRECHO</styleUrl><LineString><coordinates>-48.293129,-9.223668,0 -48.293118,-9.223700,0</coordinates></LineString></Placemark>
<Placemark><name>3560375</name><styleUrl>#styleDaimonCIRCUITO241TRECHO</styleUrl><LineString><coordinates>-48.272382,-9.239223,0 -48.269904,-9.242263,0</coordinates></LineString></Placemark>
<Placemark><name>3560118</name><styleUrl>#styleDaimonCIRCUITO241TRECHO</styleUrl><LineString><coordinates>-48.293293,-9.221881,0 -48.293129,-9.223668,0</coordinates></LineString></Placemark>
<Placemark><name>12153189</name><styleUrl>#styleDaimonCIRCUITO241TRECHO</styleUrl><LineString><coordinates>-48.269904,-9.242263,0 -48.269880,-9.242286,0</coordinates></LineString></Placemark>
<Placemark><name>12153192</name><styleUrl>#styleDaimonCIRCUITO241TRECHO</styleUrl><LineString><coordinates>-48.293313,-9.221853,0 -48.293293,-9.221881,0</coordinates></LineString></Placemark>
<Placemark><name>3560113</name><styleUrl>#styleDaimonCIRCUITO241TRECHO</styleUrl><LineString><coordinates>-48.269880,-9.242286,0 -48.267148,-9.243903,0</coordinates></LineString></Placemark>
<Placemark><name>3564249</name><styleUrl>#styleDaimonCIRCUITO241TRECHO</styleUrl><LineString><coordinates>-48.302908,-9.217450,0 -48.293313,-9.221853,0</coordinates></LineString></Placemark>
<Placemark><name>12153190</name><styleUrl>#styleDaimonCIRCUITO241TRECHO</styleUrl><LineString><coordinates>-48.302938,-9.217436,0 -48.302908,-9.217450,0</coordinates></LineString></Placemark>
<Placemark><name>3560115</name><styleUrl>#styleDaimonCIRCUITO241TRECHO</styleUrl><LineString><coordinates>-48.312321,-9.213394,0 -48.302938,-9.217436,0</coordinates></LineString></Placemark>
<Placemark><name>3088180</name><styleUrl>#styleDaimonCIRCUITO241TRECHO</styleUrl><LineString><coordinates>-48.236642,-9.172196,0 -48.236748,-9.171325,0</coordinates></LineString></Placemark>
<Placemark><name>3496432</name><styleUrl>#styleDaimonCIRCUITO241TRECHO</styleUrl><LineString><coordinates>-48.235344,-9.182257,0 -48.236642,-9.172196,0</coordinates></LineString></Placemark>
<Placemark><name>12126661</name><styleUrl>#styleDaimonCIRCUITO241TRECHO</styleUrl><LineString><coordinates>-48.236748,-9.171325,0 -48.236742,-9.171293,0</coordinates></LineString></Placemark>
<Placemark><name>12126660</name><styleUrl>#styleDaimonCIRCUITO241TRECHO</styleUrl><LineString><coordinates>-48.235340,-9.182290,0 -48.235344,-9.182257,0</coordinates></LineString></Placemark>
<Placemark><name>3107185</name><styleUrl>#styleDaimonCIRCUITO241TRECHO</styleUrl><LineString><coordinates>-48.236742,-9.171293,0 -48.228785,-9.158691,0</coordinates></LineString></Placemark>
<Placemark><name>3187209</name><styleUrl>#styleDaimonCIRCUITO241TRECHO</styleUrl><LineString><coordinates>-48.231497,-9.195092,0 -48.235340,-9.182290,0</coordinates></LineString></Placemark>
<Placemark><name>12127017</name><styleUrl>#styleDaimonCIRCUITO241TRECHO</styleUrl><LineString><coordinates>-48.228785,-9.158691,0 -48.228770,-9.158662,0</coordinates></LineString></Placemark>
<Placemark><name>12126659</name><styleUrl>#styleDaimonCIRCUITO241TRECHO</styleUrl><LineString><coordinates>-48.231500,-9.195119,0 -48.231497,-9.195092,0</coordinates></LineString></Placemark>
<Placemark><name>12127016</name><styleUrl>#styleDaimonCIRCUITO241TRECHO</styleUrl><LineString><coordinates>-48.228770,-9.158662,0 -48.228762,-9.158687,0</coordinates></LineString></Placemark>
<Placemark><name>3088429</name><styleUrl>#styleDaimonCIRCUITO241TRECHO</styleUrl><LineString><coordinates>-48.228770,-9.158662,0 -48.227929,-9.156934,0</coordinates></LineString></Placemark>
<Placemark><name>3106426</name><styleUrl>#styleDaimonCIRCUITO241TRECHO</styleUrl><LineString><coordinates>-48.233896,-9.197498,0 -48.231500,-9.195119,0</coordinates></LineString></Placemark>
<Placemark><name>2961960</name><styleUrl>#styleDaimonCIRCUITO241TRECHO</styleUrl><LineString><coordinates>-48.228762,-9.158687,0 -48.219658,-9.164227,0</coordinates></LineString></Placemark>
<Placemark><name>12127018</name><styleUrl>#styleDaimonCIRCUITO241TRECHO</styleUrl><LineString><coordinates>-48.227929,-9.156934,0 -48.227917,-9.156902,0</coordinates></LineString></Placemark>
<Placemark><name>12126658</name><styleUrl>#styleDaimonCIRCUITO241TRECHO</styleUrl><LineString><coordinates>-48.233903,-9.197525,0 -48.233896,-9.197498,0</coordinates></LineString></Placemark>
<Placemark><name>2961957</name><styleUrl>#styleDaimonCIRCUITO241TRECHO</styleUrl><LineString><coordinates>-48.227917,-9.156902,0 -48.227499,-9.155893,0</coordinates></LineString></Placemark>
<Placemark><name>3106419</name><styleUrl>#styleDaimonCIRCUITO241TRECHO</styleUrl><LineString><coordinates>-48.232841,-9.200842,0 -48.233903,-9.197525,0</coordinates></LineString></Placemark>
<Placemark><name>12125763</name><styleUrl>#styleDaimonCIRCUITO241TRECHO</styleUrl><LineString><coordinates>-48.312874,-9.215302,0 -48.312870,-9.215318,0</coordinates></LineString></Placemark>
<Placemark><name>3198733</name><styleUrl>#styleDaimonCIRCUITO241TRECHO</styleUrl><LineString><coordinates>-48.312874,-9.215302,0 -48.313733,-9.215394,0</coordinates></LineString></Placemark>
<Placemark><name>3198732</name><styleUrl>#styleDaimonCIRCUITO241TRECHO</styleUrl><LineString><coordinates>-48.312702,-9.215272,0 -48.312874,-9.215302,0</coordinates></LineString></Placemark>
<Placemark><name>3198734</name><styleUrl>#styleDaimonCIRCUITO241TRECHO</styleUrl><LineString><coordinates>-48.312870,-9.215318,0 -48.312645,-9.216138,0</coordinates></LineString></Placemark>
<Placemark><name>12125762</name><styleUrl>#styleDaimonCIRCUITO241TRECHO</styleUrl><LineString><coordinates>-48.312645,-9.216138,0 -48.312646,-9.216171,0</coordinates></LineString></Placemark>
<Placemark><name>3496848</name><styleUrl>#styleDaimonCIRCUITO241TRECHO</styleUrl><LineString><coordinates>-48.312646,-9.216171,0 -48.315383,-9.229222,0</coordinates></LineString></Placemark>
<Placemark><name>12125952</name><styleUrl>#styleDaimonCIRCUITO241TRECHO</styleUrl><LineString><coordinates>-48.315383,-9.229222,0 -48.315389,-9.229255,0</coordinates></LineString></Placemark>
<Placemark><name>2968264</name><styleUrl>#styleDaimonCIRCUITO241TRECHO</styleUrl><LineString><coordinates>-48.315389,-9.229255,0 -48.318067,-9.242155,0</coordinates></LineString></Placemark>
<Placemark><name>12125953</name><styleUrl>#styleDaimonCIRCUITO241TRECHO</styleUrl><LineString><coordinates>-48.318067,-9.242155,0 -48.318074,-9.242188,0</coordinates></LineString></Placemark>
<Placemark><name>2994922</name><styleUrl>#styleDaimonCIRCUITO241TRECHO</styleUrl><LineString><coordinates>-48.318074,-9.242188,0 -48.320174,-9.252554,0</coordinates></LineString></Placemark>
<Placemark><name>12125954</name><styleUrl>#styleDaimonCIRCUITO241TRECHO</styleUrl><LineString><coordinates>-48.320174,-9.252554,0 -48.320191,-9.252580,0</coordinates></LineString></Placemark>
<Placemark><name>2971261</name><styleUrl>#styleDaimonCIRCUITO241TRECHO</styleUrl><LineString><coordinates>-48.320191,-9.252580,0 -48.327096,-9.256981,0</coordinates></LineString></Placemark>
<Placemark><name>12126555</name><styleUrl>#styleDaimonCIRCUITO241TRECHO</styleUrl><LineString><coordinates>-48.327096,-9.256981,0 -48.327119,-9.257004,0</coordinates></LineString></Placemark>
<Placemark><name>2985937</name><styleUrl>#styleDaimonCIRCUITO241TRECHO</styleUrl><LineString><coordinates>-48.327119,-9.257004,0 -48.331219,-9.264156,0</coordinates></LineString></Placemark>
<Placemark><name>3664418</name><styleUrl>#styleDaimonCIRCUITO241TRECHO</styleUrl><LineString><coordinates>-48.175427,-9.286026,0 -48.175411,-9.286017,0</coordinates></LineString></Placemark>
<Placemark><name>3659532</name><styleUrl>#styleDaimonCIRCUITO241TRECHO</styleUrl><LineString><coordinates>-48.175438,-9.286048,0 -48.175427,-9.286026,0</coordinates></LineString></Placemark>
<Placemark><name>3162448</name><styleUrl>#styleDaimonCIRCUITO241TRECHO</styleUrl><LineString><coordinates>-48.341460,-9.293199,0 -48.337525,-9.295576,0</coordinates></LineString></Placemark>
<Placemark><name>12125772</name><styleUrl>#styleDaimonCIRCUITO241TRECHO</styleUrl><LineString><coordinates>-48.341480,-9.293174,0 -48.341460,-9.293199,0</coordinates></LineString></Placemark>
<Placemark><name>3162641</name><styleUrl>#styleDaimonCIRCUITO241TRECHO</styleUrl><LineString><coordinates>-48.342046,-9.291613,0 -48.341480,-9.293174,0</coordinates></LineString></Placemark>
<Placemark><name>3162644</name><styleUrl>#styleDaimonCIRCUITO241TRECHO</styleUrl><LineString><coordinates>-48.343352,-9.288101,0 -48.342046,-9.291613,0</coordinates></LineString></Placemark>
<Placemark><name>12125960</name><styleUrl>#styleDaimonCIRCUITO241TRECHO</styleUrl><LineString><coordinates>-48.343351,-9.288069,0 -48.343352,-9.288101,0</coordinates></LineString></Placemark>
<Placemark><name>3180970</name><styleUrl>#styleDaimonCIRCUITO241TRECHO</styleUrl><LineString><coordinates>-48.342178,-9.285114,0 -48.343351,-9.288069,0</coordinates></LineString></Placemark>
<Placemark><name>2978023</name><styleUrl>#styleDaimonCIRCUITO241TRECHO</styleUrl><LineString><coordinates>-48.338082,-9.276498,0 -48.342178,-9.285114,0</coordinates></LineString></Placemark>
<Placemark><name>12125959</name><styleUrl>#styleDaimonCIRCUITO241TRECHO</styleUrl><LineString><coordinates>-48.338065,-9.276469,0 -48.338082,-9.276498,0</coordinates></LineString></Placemark>
<Placemark><name>2962044</name><styleUrl>#styleDaimonCIRCUITO241TRECHO</styleUrl><LineString><coordinates>-48.331288,-9.264278,0 -48.338065,-9.276469,0</coordinates></LineString></Placemark>
<Placemark><name>12087373</name><styleUrl>#styleDaimonCIRCUITO241TRECHO</styleUrl><LineString><coordinates>-48.145716,-9.270541,0 -48.145686,-9.270525,0</coordinates></LineString></Placemark>
<Placemark><name>2993082</name><styleUrl>#styleDaimonCIRCUITO241TRECHO</styleUrl><LineString><coordinates>-48.147985,-9.271745,0 -48.145716,-9.270541,0</coordinates></LineString></Placemark>
<Placemark><name>3169083</name><styleUrl>#styleDaimonCIRCUITO241TRECHO</styleUrl><LineString><coordinates>-48.145716,-9.270541,0 -48.145681,-9.270569,0</coordinates></LineString></Placemark>
<Placemark><name>3096286</name><styleUrl>#styleDaimonCIRCUITO241TRECHO</styleUrl><LineString><coordinates>-48.145686,-9.270525,0 -48.135560,-9.265329,0</coordinates></LineString></Placemark>
<Placemark><name>12082215</name><styleUrl>#styleDaimonCIRCUITO241TRECHO</styleUrl><LineString><coordinates>-48.148015,-9.271761,0 -48.147985,-9.271745,0</coordinates></LineString></Placemark>
<Placemark><name>12082684</name><styleUrl>#styleDaimonCIRCUITO241TRECHO</styleUrl><LineString><coordinates>-48.135560,-9.265329,0 -48.135529,-9.265313,0</coordinates></LineString></Placemark>
<Placemark><name>3098577</name><styleUrl>#styleDaimonCIRCUITO241TRECHO</styleUrl><LineString><coordinates>-48.148015,-9.271761,0 -48.148018,-9.271723,0</coordinates></LineString></Placemark>
<Placemark><name>2988019</name><styleUrl>#styleDaimonCIRCUITO241TRECHO</styleUrl><LineString><coordinates>-48.154804,-9.275259,0 -48.148015,-9.271761,0</coordinates></LineString></Placemark>
<Placemark><name>2951111</name><styleUrl>#styleDaimonCIRCUITO241TRECHO</styleUrl><LineString><coordinates>-48.135529,-9.265313,0 -48.133046,-9.264011,0</coordinates></LineString></Placemark>
<Placemark><name>3169084</name><styleUrl>#styleDaimonCIRCUITO241TRECHO</styleUrl><LineString><coordinates>-48.135529,-9.265313,0 -48.135560,-9.265291,0</coordinates></LineString></Placemark>
<Placemark><name>12126856</name><styleUrl>#styleDaimonCIRCUITO241TRECHO</styleUrl><LineString><coordinates>-48.154804,-9.275259,0 -48.154813,-9.275244,0</coordinates></LineString></Placemark>
<Placemark><name>3640656</name><styleUrl>#styleDaimonCIRCUITO241TRECHO</styleUrl><LineString><coordinates>-48.161344,-9.278707,0 -48.154804,-9.275259,0</coordinates></LineString></Placemark>
<Placemark><name>12082083</name><styleUrl>#styleDaimonCIRCUITO241TRECHO</styleUrl><LineString><coordinates>-48.133046,-9.264011,0 -48.133017,-9.263995,0</coordinates></LineString></Placemark>
<Placemark><name>3002035</name><styleUrl>#styleDaimonCIRCUITO241TRECHO</styleUrl><LineString><coordinates>-48.133046,-9.264011,0 -48.133013,-9.264035,0</coordinates></LineString></Placemark>
<Placemark><name>2534619</name><styleUrl>#styleDaimonCIRCUITO241TRECHO</styleUrl><LineString><coordinates>-48.154813,-9.275244,0 -48.154911,-9.275085,0</coordinates></LineString></Placemark>
<Placemark><name>12082214</name><styleUrl>#styleDaimonCIRCUITO241TRECHO</styleUrl><LineString><coordinates>-48.161374,-9.278725,0 -48.161344,-9.278707,0</coordinates></LineString></Placemark>
<Placemark><name>2950809</name><styleUrl>#styleDaimonCIRCUITO241TRECHO</styleUrl><LineString><coordinates>-48.133017,-9.263995,0 -48.120050,-9.257320,0</coordinates></LineString></Placemark>
<Placemark><name>3098576</name><styleUrl>#styleDaimonCIRCUITO241TRECHO</styleUrl><LineString><coordinates>-48.161374,-9.278725,0 -48.161376,-9.278688,0</coordinates></LineString></Placemark>
<Placemark><name>3198090</name><styleUrl>#styleDaimonCIRCUITO241TRECHO</styleUrl><LineString><coordinates>-48.164312,-9.280199,0 -48.161374,-9.278725,0</coordinates></LineString></Placemark>
<Placemark><name>12111064</name><styleUrl>#styleDaimonCIRCUITO241TRECHO</styleUrl><LineString><coordinates>-48.164340,-9.280218,0 -48.164312,-9.280199,0</coordinates></LineString></Placemark>
<Placemark><name>3467862</name><styleUrl>#styleDaimonCIRCUITO241TRECHO</styleUrl><LineString><coordinates>-48.164312,-9.280199,0 -48.164307,-9.280241,0</coordinates></LineString></Placemark>
<Placemark><name>2535937</name><styleUrl>#styleDaimonCIRCUITO241TRECHO</styleUrl><LineString><coordinates>-48.165800,-9.280995,0 -48.164340,-9.280218,0</coordinates></LineString></Placemark>
<Placemark><name>2535938</name><styleUrl>#styleDaimonCIRCUITO241TRECHO</styleUrl><LineString><coordinates>-48.165800,-9.280995,0 -48.165682,-9.281162,0</coordinates></LineString></Placemark>
<Placemark><name>2535936</name><styleUrl>#styleDaimonCIRCUITO241TRECHO</styleUrl><LineString><coordinates>-48.166219,-9.281218,0 -48.165800,-9.280995,0</coordinates></LineString></Placemark>
<Placemark><name>2535939</name><styleUrl>#styleDaimonCIRCUITO241TRECHO</styleUrl><LineString><coordinates>-48.165800,-9.280995,0 -48.165816,-9.280974,0</coordinates></LineString></Placemark>
<Placemark><name>12111953</name><styleUrl>#styleDaimonCIRCUITO241TRECHO</styleUrl><LineString><coordinates>-48.166248,-9.281233,0 -48.166219,-9.281218,0</coordinates></LineString></Placemark>
<Placemark><name>2994077</name><styleUrl>#styleDaimonCIRCUITO241TRECHO</styleUrl><LineString><coordinates>-48.166219,-9.281218,0 -48.166219,-9.281258,0</coordinates></LineString></Placemark>
<Placemark><name>3588725</name><styleUrl>#styleDaimonCIRCUITO241TRECHO</styleUrl><LineString><coordinates>-48.175383,-9.286021,0 -48.166248,-9.281233,0</coordinates></LineString></Placemark>
<Placemark><name>3659140</name><styleUrl>#styleDaimonCIRCUITO241TRECHO</styleUrl><LineString><coordinates>-48.175383,-9.286021,0 -48.175394,-9.286058,0</coordinates></LineString></Placemark>
<Placemark><name>3588728</name><styleUrl>#styleDaimonCIRCUITO241TRECHO</styleUrl><LineString><coordinates>-48.175408,-9.286018,0 -48.175383,-9.286021,0</coordinates></LineString></Placemark>
<Placemark><name>T_9025717015</name><styleUrl>#styleDaimonCIRCUITO241TRECHO</styleUrl><LineString><coordinates>-48.077170,-9.251680,0 -48.077219,-9.251684,0</coordinates></LineString></Placemark>
<Placemark><name>3658352</name><styleUrl>#styleDaimonCIRCUITO241TRECHO</styleUrl><LineString><coordinates>-48.077219,-9.251684,0 -48.077186,-9.251654,0</coordinates></LineString></Placemark>
<Placemark><name>3425127</name><styleUrl>#styleDaimonCIRCUITO241TRECHO</styleUrl><LineString><coordinates>-48.083101,-9.252209,0 -48.077170,-9.251680,0</coordinates></LineString></Placemark>
<Placemark><name>12087951</name><styleUrl>#styleDaimonCIRCUITO241TRECHO</styleUrl><LineString><coordinates>-48.083135,-9.252212,0 -48.083101,-9.252209,0</coordinates></LineString></Placemark>
<Placemark><name>3164227</name><styleUrl>#styleDaimonCIRCUITO241TRECHO</styleUrl><LineString><coordinates>-48.090306,-9.253183,0 -48.083135,-9.252212,0</coordinates></LineString></Placemark>
<Placemark><name>12113082</name><styleUrl>#styleDaimonCIRCUITO241TRECHO</styleUrl><LineString><coordinates>-48.090310,-9.253215,0 -48.090306,-9.253183,0</coordinates></LineString></Placemark>
<Placemark><name>2953347</name><styleUrl>#styleDaimonCIRCUITO241TRECHO</styleUrl><LineString><coordinates>-48.090306,-9.253183,0 -48.091670,-9.253030,0</coordinates></LineString></Placemark>
<Placemark><name>3511016</name><styleUrl>#styleDaimonCIRCUITO241TRECHO</styleUrl><LineString><coordinates>-48.091193,-9.256010,0 -48.090310,-9.253215,0</coordinates></LineString></Placemark>
<Placemark><name>12087950</name><styleUrl>#styleDaimonCIRCUITO241TRECHO</styleUrl><LineString><coordinates>-48.091670,-9.253030,0 -48.091689,-9.253009,0</coordinates></LineString></Placemark>
<Placemark><name>12113077</name><styleUrl>#styleDaimonCIRCUITO241TRECHO</styleUrl><LineString><coordinates>-48.091206,-9.256041,0 -48.091193,-9.256010,0</coordinates></LineString></Placemark>
<Placemark><name>2905411</name><styleUrl>#styleDaimonCIRCUITO241TRECHO</styleUrl><LineString><coordinates>-48.091689,-9.253009,0 -48.091792,-9.251625,0</coordinates></LineString></Placemark>
<Placemark><name>3510776</name><styleUrl>#styleDaimonCIRCUITO241TRECHO</styleUrl><LineString><coordinates>-48.091277,-9.256279,0 -48.091206,-9.256041,0</coordinates></LineString></Placemark>
<Placemark><name>12087949</name><styleUrl>#styleDaimonCIRCUITO241TRECHO</styleUrl><LineString><coordinates>-48.091792,-9.251625,0 -48.091779,-9.251601,0</coordinates></LineString></Placemark>
<Placemark><name>12113079</name><styleUrl>#styleDaimonCIRCUITO241TRECHO</styleUrl><LineString><coordinates>-48.091286,-9.256304,0 -48.091277,-9.256279,0</coordinates></LineString></Placemark>
<Placemark><name>2905410</name><styleUrl>#styleDaimonCIRCUITO241TRECHO</styleUrl><LineString><coordinates>-48.091779,-9.251601,0 -48.090719,-9.251080,0</coordinates></LineString></Placemark>
<Placemark><name>3510782</name><styleUrl>#styleDaimonCIRCUITO241TRECHO</styleUrl><LineString><coordinates>-48.093788,-9.256870,0 -48.091286,-9.256304,0</coordinates></LineString></Placemark>
<Placemark><name>12087948</name><styleUrl>#styleDaimonCIRCUITO241TRECHO</styleUrl><LineString><coordinates>-48.090719,-9.251080,0 -48.090710,-9.251059,0</coordinates></LineString></Placemark>
<Placemark><name>12113080</name><styleUrl>#styleDaimonCIRCUITO241TRECHO</styleUrl><LineString><coordinates>-48.093815,-9.256886,0 -48.093788,-9.256870,0</coordinates></LineString></Placemark>
<Placemark><name>2905408</name><styleUrl>#styleDaimonCIRCUITO241TRECHO</styleUrl><LineString><coordinates>-48.090710,-9.251059,0 -48.091527,-9.249187,0</coordinates></LineString></Placemark>
<Placemark><name>3510781</name><styleUrl>#styleDaimonCIRCUITO241TRECHO</styleUrl><LineString><coordinates>-48.095761,-9.261709,0 -48.093815,-9.256886,0</coordinates></LineString></Placemark>
<Placemark><name>12081872</name><styleUrl>#styleDaimonCIRCUITO241TRECHO</styleUrl><LineString><coordinates>-48.091527,-9.249187,0 -48.091544,-9.249158,0</coordinates></LineString></Placemark>
<Placemark><name>12113170</name><styleUrl>#styleDaimonCIRCUITO241TRECHO</styleUrl><LineString><coordinates>-48.095766,-9.261745,0 -48.095761,-9.261709,0</coordinates></LineString></Placemark>
<Placemark><name>3002039</name><styleUrl>#styleDaimonCIRCUITO241TRECHO</styleUrl><LineString><coordinates>-48.091544,-9.249158,0 -48.092653,-9.248065,0</coordinates></LineString></Placemark>
<Placemark><name>3510795</name><styleUrl>#styleDaimonCIRCUITO241TRECHO</styleUrl><LineString><coordinates>-48.111524,-9.259751,0 -48.095766,-9.261745,0</coordinates></LineString></Placemark>
<Placemark><name>12081871</name><styleUrl>#styleDaimonCIRCUITO241TRECHO</styleUrl><LineString><coordinates>-48.092653,-9.248065,0 -48.092682,-9.248053,0</coordinates></LineString></Placemark>
<Placemark><name>12113081</name><styleUrl>#styleDaimonCIRCUITO241TRECHO</styleUrl><LineString><coordinates>-48.111546,-9.259740,0 -48.111524,-9.259751,0</coordinates></LineString></Placemark>
<Placemark><name>3002036</name><styleUrl>#styleDaimonCIRCUITO241TRECHO</styleUrl><LineString><coordinates>-48.092682,-9.248053,0 -48.094451,-9.248183,0</coordinates></LineString></Placemark>
<Placemark><name>3511018</name><styleUrl>#styleDaimonCIRCUITO241TRECHO</styleUrl><LineString><coordinates>-48.117785,-9.256921,0 -48.111546,-9.259740,0</coordinates></LineString></Placemark>
<Placemark><name>12082084</name><styleUrl>#styleDaimonCIRCUITO241TRECHO</styleUrl><LineString><coordinates>-48.094451,-9.248183,0 -48.094477,-9.248170,0</coordinates></LineString></Placemark>
<Placemark><name>12113078</name><styleUrl>#styleDaimonCIRCUITO241TRECHO</styleUrl><LineString><coordinates>-48.117813,-9.256904,0 -48.117785,-9.256921,0</coordinates></LineString></Placemark>
<Placemark><name>3002034</name><styleUrl>#styleDaimonCIRCUITO241TRECHO</styleUrl><LineString><coordinates>-48.094477,-9.248170,0 -48.095999,-9.244911,0</coordinates></LineString></Placemark>
<Placemark><name>3510784</name><styleUrl>#styleDaimonCIRCUITO241TRECHO</styleUrl><LineString><coordinates>-48.118555,-9.256556,0 -48.117813,-9.256904,0</coordinates></LineString></Placemark>
<Placemark><name>12105654</name><styleUrl>#styleDaimonCIRCUITO241TRECHO</styleUrl><LineString><coordinates>-48.095999,-9.244911,0 -48.096015,-9.244878,0</coordinates></LineString></Placemark>
<Placemark><name>12113076</name><styleUrl>#styleDaimonCIRCUITO241TRECHO</styleUrl><LineString><coordinates>-48.118588,-9.256571,0 -48.118555,-9.256556,0</coordinates></LineString></Placemark>
<Placemark><name>2952119</name><styleUrl>#styleDaimonCIRCUITO241TRECHO</styleUrl><LineString><coordinates>-48.096015,-9.244878,0 -48.095540,-9.244641,0</coordinates></LineString></Placemark>
<Placemark><name>3640660</name><styleUrl>#styleDaimonCIRCUITO241TRECHO</styleUrl><LineString><coordinates>-48.120011,-9.257300,0 -48.118588,-9.256571,0</coordinates></LineString></Placemark>
<Placemark><name>2952120</name><styleUrl>#styleDaimonCIRCUITO241TRECHO</styleUrl><LineString><coordinates>-48.095540,-9.244641,0 -48.095478,-9.244605,0</coordinates></LineString></Placemark>
<Placemark><name>2952121</name><styleUrl>#styleDaimonCIRCUITO241TRECHO</styleUrl><LineString><coordinates>-48.095478,-9.244605,0 -48.094810,-9.244242,0</coordinates></LineString></Placemark>
<Placemark><name>3663941</name><styleUrl>#styleDaimonCIRCUITO241TRECHO</styleUrl><LineString><coordinates>-48.077217,-9.251686,0 -48.077198,-9.251694,0</coordinates></LineString></Placemark>
<Placemark><name>3663939</name><styleUrl>#styleDaimonCIRCUITO241TRECHO</styleUrl><LineString><coordinates>-48.077195,-9.251694,0 -48.077169,-9.251693,0</coordinates></LineString></Placemark>
<Placemark><name>3560389</name><styleUrl>#styleDaimonCIRCUITO241TRECHO</styleUrl><LineString><coordinates>-48.077149,-9.251681,0 -48.075902,-9.251564,0</coordinates></LineString></Placemark>
<Placemark><name>3658353</name><styleUrl>#styleDaimonCIRCUITO241TRECHO</styleUrl><LineString><coordinates>-48.077149,-9.251681,0 -48.077183,-9.251657,0</coordinates></LineString></Placemark>
<Placemark><name>3663940</name><styleUrl>#styleDaimonCIRCUITO241TRECHO</styleUrl><LineString><coordinates>-48.077167,-9.251692,0 -48.077149,-9.251681,0</coordinates></LineString></Placemark>
<Placemark><name>12088488</name><styleUrl>#styleDaimonCIRCUITO241TRECHO</styleUrl><LineString><coordinates>-48.063794,-9.265404,0 -48.063762,-9.265407,0</coordinates></LineString></Placemark>
<Placemark><name>2536247</name><styleUrl>#styleDaimonCIRCUITO241TRECHO</styleUrl><LineString><coordinates>-48.063762,-9.265407,0 -48.063682,-9.265456,0</coordinates></LineString></Placemark>
<Placemark><name>3640657</name><styleUrl>#styleDaimonCIRCUITO241TRECHO</styleUrl><LineString><coordinates>-48.069497,-9.266884,0 -48.063794,-9.265404,0</coordinates></LineString></Placemark>
<Placemark><name>12087134</name><styleUrl>#styleDaimonCIRCUITO241TRECHO</styleUrl><LineString><coordinates>-48.063682,-9.265456,0 -48.063700,-9.265459,0</coordinates></LineString></Placemark>
<Placemark><name>2951143</name><styleUrl>#styleDaimonCIRCUITO241TRECHO</styleUrl><LineString><coordinates>-48.063682,-9.265456,0 -48.060809,-9.267408,0</coordinates></LineString></Placemark>
<Placemark><name>12088487</name><styleUrl>#styleDaimonCIRCUITO241TRECHO</styleUrl><LineString><coordinates>-48.069528,-9.266879,0 -48.069497,-9.266884,0</coordinates></LineString></Placemark>
<Placemark><name>2536246</name><styleUrl>#styleDaimonCIRCUITO241TRECHO</styleUrl><LineString><coordinates>-48.063700,-9.265459,0 -48.063846,-9.265486,0</coordinates></LineString></Placemark>
<Placemark><name>12088471</name><styleUrl>#styleDaimonCIRCUITO241TRECHO</styleUrl><LineString><coordinates>-48.060809,-9.267408,0 -48.060781,-9.267427,0</coordinates></LineString></Placemark>
<Placemark><name>3170054</name><styleUrl>#styleDaimonCIRCUITO241TRECHO</styleUrl><LineString><coordinates>-48.076186,-9.263353,0 -48.069528,-9.266879,0</coordinates></LineString></Placemark>
<Placemark><name>3204976</name><styleUrl>#styleDaimonCIRCUITO241TRECHO</styleUrl><LineString><coordinates>-48.060781,-9.267427,0 -48.053379,-9.272516,0</coordinates></LineString></Placemark>
<Placemark><name>12088485</name><styleUrl>#styleDaimonCIRCUITO241TRECHO</styleUrl><LineString><coordinates>-48.076217,-9.263340,0 -48.076186,-9.263353,0</coordinates></LineString></Placemark>
<Placemark><name>2951413</name><styleUrl>#styleDaimonCIRCUITO241TRECHO</styleUrl><LineString><coordinates>-48.053379,-9.272516,0 -48.046654,-9.277110,0</coordinates></LineString></Placemark>
<Placemark><name>2968636</name><styleUrl>#styleDaimonCIRCUITO241TRECHO</styleUrl><LineString><coordinates>-48.076435,-9.263267,0 -48.076217,-9.263340,0</coordinates></LineString></Placemark>
<Placemark><name>12081505</name><styleUrl>#styleDaimonCIRCUITO241TRECHO</styleUrl><LineString><coordinates>-48.046654,-9.277110,0 -48.046626,-9.277129,0</coordinates></LineString></Placemark>
<Placemark><name>12088486</name><styleUrl>#styleDaimonCIRCUITO241TRECHO</styleUrl><LineString><coordinates>-48.076450,-9.263262,0 -48.076435,-9.263267,0</coordinates></LineString></Placemark>
<Placemark><name>2950345</name><styleUrl>#styleDaimonCIRCUITO241TRECHO</styleUrl><LineString><coordinates>-48.046626,-9.277129,0 -48.035815,-9.284463,0</coordinates></LineString></Placemark>
<Placemark><name>2968631</name><styleUrl>#styleDaimonCIRCUITO241TRECHO</styleUrl><LineString><coordinates>-48.076450,-9.263262,0 -48.076765,-9.264136,0</coordinates></LineString></Placemark>
<Placemark><name>3088434</name><styleUrl>#styleDaimonCIRCUITO241TRECHO</styleUrl><LineString><coordinates>-48.076841,-9.259890,0 -48.076450,-9.263262,0</coordinates></LineString></Placemark>
<Placemark><name>12081506</name><styleUrl>#styleDaimonCIRCUITO241TRECHO</styleUrl><LineString><coordinates>-48.035815,-9.284463,0 -48.035787,-9.284481,0</coordinates></LineString></Placemark>
<Placemark><name>12088484</name><styleUrl>#styleDaimonCIRCUITO241TRECHO</styleUrl><LineString><coordinates>-48.076826,-9.259869,0 -48.076841,-9.259890,0</coordinates></LineString></Placemark>
<Placemark><name>2950348</name><styleUrl>#styleDaimonCIRCUITO241TRECHO</styleUrl><LineString><coordinates>-48.035787,-9.284481,0 -48.026803,-9.290285,0</coordinates></LineString></Placemark>
<Placemark><name>3107316</name><styleUrl>#styleDaimonCIRCUITO241TRECHO</styleUrl><LineString><coordinates>-48.067443,-9.257489,0 -48.076826,-9.259869,0</coordinates></LineString></Placemark>
<Placemark><name>12081507</name><styleUrl>#styleDaimonCIRCUITO241TRECHO</styleUrl><LineString><coordinates>-48.026803,-9.290285,0 -48.026774,-9.290303,0</coordinates></LineString></Placemark>
<Placemark><name>12088483</name><styleUrl>#styleDaimonCIRCUITO241TRECHO</styleUrl><LineString><coordinates>-48.067410,-9.257480,0 -48.067443,-9.257489,0</coordinates></LineString></Placemark>
<Placemark><name>3477132</name><styleUrl>#styleDaimonCIRCUITO241TRECHO</styleUrl><LineString><coordinates>-48.026774,-9.290303,0 -48.026565,-9.290446,0</coordinates></LineString></Placemark>
<Placemark><name>3171095</name><styleUrl>#styleDaimonCIRCUITO241TRECHO</styleUrl><LineString><coordinates>-48.067123,-9.257361,0 -48.067410,-9.257480,0</coordinates></LineString></Placemark>
<Placemark><name>12081508</name><styleUrl>#styleDaimonCIRCUITO241TRECHO</styleUrl><LineString><coordinates>-48.026565,-9.290446,0 -48.026581,-9.290452,0</coordinates></LineString></Placemark>
<Placemark><name>3468412</name><styleUrl>#styleDaimonCIRCUITO241TRECHO</styleUrl><LineString><coordinates>-48.026565,-9.290446,0 -48.026117,-9.290848,0</coordinates></LineString></Placemark>
<Placemark><name>12088482</name><styleUrl>#styleDaimonCIRCUITO241TRECHO</styleUrl><LineString><coordinates>-48.067108,-9.257354,0 -48.067123,-9.257361,0</coordinates></LineString></Placemark>
<Placemark><name>3468656</name><styleUrl>#styleDaimonCIRCUITO241TRECHO</styleUrl><LineString><coordinates>-48.026581,-9.290452,0 -48.026706,-9.290494,0</coordinates></LineString></Placemark>
<Placemark><name>3171097</name><styleUrl>#styleDaimonCIRCUITO241TRECHO</styleUrl><LineString><coordinates>-48.067108,-9.257354,0 -48.066936,-9.258207,0</coordinates></LineString></Placemark>
<Placemark><name>2950814</name><styleUrl>#styleDaimonCIRCUITO241TRECHO</styleUrl><LineString><coordinates>-48.068710,-9.251093,0 -48.067108,-9.257354,0</coordinates></LineString></Placemark>
<Placemark><name>2945626</name><styleUrl>#styleDaimonCIRCUITO241TRECHO</styleUrl><LineString><coordinates>-48.066936,-9.258207,0 -48.066883,-9.258287,0</coordinates></LineString></Placemark>
<Placemark><name>12081870</name><styleUrl>#styleDaimonCIRCUITO241TRECHO</styleUrl><LineString><coordinates>-48.068722,-9.251061,0 -48.068710,-9.251093,0</coordinates></LineString></Placemark>
<Placemark><name>3104631</name><styleUrl>#styleDaimonCIRCUITO241TRECHO</styleUrl><LineString><coordinates>-48.068758,-9.250971,0 -48.068722,-9.251061,0</coordinates></LineString></Placemark>
<Placemark><name>12105650</name><styleUrl>#styleDaimonCIRCUITO241TRECHO</styleUrl><LineString><coordinates>-48.068781,-9.250958,0 -48.068758,-9.250971,0</coordinates></LineString></Placemark>
<Placemark><name>3104896</name><styleUrl>#styleDaimonCIRCUITO241TRECHO</styleUrl><LineString><coordinates>-48.075812,-9.251557,0 -48.068781,-9.250958,0</coordinates></LineString></Placemark>
<Placemark><name>12087947</name><styleUrl>#styleDaimonCIRCUITO241TRECHO</styleUrl><LineString><coordinates>-47.981828,-9.300877,0 -47.981795,-9.300869,0</coordinates></LineString></Placemark>
<Placemark><name>3097509</name><styleUrl>#styleDaimonCIRCUITO241TRECHO</styleUrl><LineString><coordinates>-47.981795,-9.300869,0 -47.976175,-9.299657,0</coordinates></LineString></Placemark>
<Placemark><name>3002198</name><styleUrl>#styleDaimonCIRCUITO241TRECHO</styleUrl><LineString><coordinates>-47.982585,-9.301047,0 -47.981828,-9.300877,0</coordinates></LineString></Placemark>
<Placemark><name>3002199</name><styleUrl>#styleDaimonCIRCUITO241TRECHO</styleUrl><LineString><coordinates>-47.995371,-9.303796,0 -47.982585,-9.301047,0</coordinates></LineString></Placemark>
<Placemark><name>12081993</name><styleUrl>#styleDaimonCIRCUITO241TRECHO</styleUrl><LineString><coordinates>-47.995405,-9.303803,0 -47.995371,-9.303796,0</coordinates></LineString></Placemark>
<Placemark><name>2536623</name><styleUrl>#styleDaimonCIRCUITO241TRECHO</styleUrl><LineString><coordinates>-48.004539,-9.305764,0 -47.995405,-9.303803,0</coordinates></LineString></Placemark>
<Placemark><name>12081994</name><styleUrl>#styleDaimonCIRCUITO241TRECHO</styleUrl><LineString><coordinates>-48.004570,-9.305759,0 -48.004539,-9.305764,0</coordinates></LineString></Placemark>
<Placemark><name>2988334</name><styleUrl>#styleDaimonCIRCUITO241TRECHO</styleUrl><LineString><coordinates>-48.013052,-9.299980,0 -48.004570,-9.305759,0</coordinates></LineString></Placemark>
<Placemark><name>3169345</name><styleUrl>#styleDaimonCIRCUITO241TRECHO</styleUrl><LineString><coordinates>-48.016435,-9.297689,0 -48.013052,-9.299980,0</coordinates></LineString></Placemark>
<Placemark><name>12031246</name><styleUrl>#styleDaimonCIRCUITO241TRECHO</styleUrl><LineString><coordinates>-48.016435,-9.297689,0 -48.016425,-9.297676,0</coordinates></LineString></Placemark>
<Placemark><name>3169173</name><styleUrl>#styleDaimonCIRCUITO241TRECHO</styleUrl><LineString><coordinates>-48.017086,-9.297224,0 -48.016435,-9.297689,0</coordinates></LineString></Placemark>
<Placemark><name>3169349</name><styleUrl>#styleDaimonCIRCUITO241TRECHO</styleUrl><LineString><coordinates>-48.016425,-9.297676,0 -48.016288,-9.297504,0</coordinates></LineString></Placemark>
<Placemark><name>12081526</name><styleUrl>#styleDaimonCIRCUITO241TRECHO</styleUrl><LineString><coordinates>-48.017113,-9.297204,0 -48.017086,-9.297224,0</coordinates></LineString></Placemark>
<Placemark><name>3088606</name><styleUrl>#styleDaimonCIRCUITO241TRECHO</styleUrl><LineString><coordinates>-48.022249,-9.293714,0 -48.017113,-9.297204,0</coordinates></LineString></Placemark>
<Placemark><name>12081525</name><styleUrl>#styleDaimonCIRCUITO241TRECHO</styleUrl><LineString><coordinates>-48.022276,-9.293694,0 -48.022249,-9.293714,0</coordinates></LineString></Placemark>
<Placemark><name>3088605</name><styleUrl>#styleDaimonCIRCUITO241TRECHO</styleUrl><LineString><coordinates>-48.024206,-9.292385,0 -48.022276,-9.293694,0</coordinates></LineString></Placemark>
<Placemark><name>12081510</name><styleUrl>#styleDaimonCIRCUITO241TRECHO</styleUrl><LineString><coordinates>-48.024234,-9.292365,0 -48.024206,-9.292385,0</coordinates></LineString></Placemark>
<Placemark><name>3468659</name><styleUrl>#styleDaimonCIRCUITO241TRECHO</styleUrl><LineString><coordinates>-48.024850,-9.291951,0 -48.024234,-9.292365,0</coordinates></LineString></Placemark>
<Placemark><name>12081509</name><styleUrl>#styleDaimonCIRCUITO241TRECHO</styleUrl><LineString><coordinates>-48.024876,-9.291931,0 -48.024850,-9.291951,0</coordinates></LineString></Placemark>
<Placemark><name>3468658</name><styleUrl>#styleDaimonCIRCUITO241TRECHO</styleUrl><LineString><coordinates>-48.026055,-9.290905,0 -48.024876,-9.291931,0</coordinates></LineString></Placemark>
<Placemark><name>Suporte Chave DJ_LD02065015_FICT</name><styleUrl>#styleDaimonCIRCUITO241TRECHO</styleUrl><LineString><coordinates>-48.175458,-8.978758,0 -48.175254,-8.978952,0</coordinates></LineString></Placemark>
<Placemark><name>Suporte Chave 8801170015</name><styleUrl>#styleDaimonCIRCUITO241TRECHO</styleUrl><LineString><coordinates>-48.175196,-8.978939,0 -48.175192,-8.978938,0</coordinates></LineString></Placemark>
<Placemark><name>Suporte Chave 8846636015</name><styleUrl>#styleDaimonCIRCUITO241TRECHO</styleUrl><LineString><coordinates>-48.168019,-9.000109,0 -48.168024,-9.000136,0</coordinates></LineString></Placemark>
<Placemark><name>Suporte Chave 8846448015</name><styleUrl>#styleDaimonCIRCUITO241TRECHO</styleUrl><LineString><coordinates>-48.169451,-9.010330,0 -48.169457,-9.010353,0</coordinates></LineString></Placemark>
<Placemark><name>Suporte Chave 7946713015</name><styleUrl>#styleDaimonCIRCUITO241TRECHO</styleUrl><LineString><coordinates>-48.171135,-9.016855,0 -48.171149,-9.016908,0</coordinates></LineString></Placemark>
<Placemark><name>Suporte Chave 8800170015</name><styleUrl>#styleDaimonCIRCUITO241TRECHO</styleUrl><LineString><coordinates>-48.167157,-9.026748,0 -48.167109,-9.026816,0</coordinates></LineString></Placemark>
<Placemark><name>Suporte Chave 8842250015</name><styleUrl>#styleDaimonCIRCUITO241TRECHO</styleUrl><LineString><coordinates>-48.147283,-9.061777,0 -48.147305,-9.061697,0</coordinates></LineString></Placemark>
<Placemark><name>Suporte Chave 4010019015</name><styleUrl>#styleDaimonCIRCUITO241TRECHO</styleUrl><LineString><coordinates>-48.150870,-9.050263,0 -48.150867,-9.050262,0</coordinates></LineString></Placemark>
<Placemark><name>Suporte Chave 4000501015</name><styleUrl>#styleDaimonCIRCUITO241TRECHO</styleUrl><LineString><coordinates>-48.138285,-9.093024,0 -48.138283,-9.093023,0</coordinates></LineString></Placemark>
<Placemark><name>Suporte Chave 8800180015</name><styleUrl>#styleDaimonCIRCUITO241TRECHO</styleUrl><LineString><coordinates>-48.131299,-9.117236,0 -48.131276,-9.117316,0</coordinates></LineString></Placemark>
<Placemark><name>Suporte Chave 8842219015</name><styleUrl>#styleDaimonCIRCUITO241TRECHO</styleUrl><LineString><coordinates>-48.137488,-9.160222,0 -48.137506,-9.160305,0</coordinates></LineString></Placemark>
<Placemark><name>Suporte Chave 7930264015</name><styleUrl>#styleDaimonCIRCUITO241TRECHO</styleUrl><LineString><coordinates>-48.161346,-9.195335,0 -48.161346,-9.195337,0</coordinates></LineString></Placemark>
<Placemark><name>Suporte Chave 4000066015</name><styleUrl>#styleDaimonCIRCUITO241TRECHO</styleUrl><LineString><coordinates>-48.171838,-9.212502,0 -48.171943,-9.212459,0</coordinates></LineString></Placemark>
<Placemark><name>Suporte Chave 8800282015</name><styleUrl>#styleDaimonCIRCUITO241TRECHO</styleUrl><LineString><coordinates>-48.175764,-9.286200,0 -48.175733,-9.286185,0</coordinates></LineString></Placemark>
<Placemark><name>Suporte Chave 8800968015</name><styleUrl>#styleDaimonCIRCUITO241TRECHO</styleUrl><LineString><coordinates>-48.331219,-9.264156,0 -48.331288,-9.264278,0</coordinates></LineString></Placemark>
<Placemark><name>Suporte Chave 8800750015</name><styleUrl>#styleDaimonCIRCUITO241TRECHO</styleUrl><LineString><coordinates>-48.120050,-9.257320,0 -48.120011,-9.257300,0</coordinates></LineString></Placemark>
<Placemark><name>Suporte Chave 7925717015</name><styleUrl>#styleDaimonCIRCUITO241TRECHO</styleUrl><LineString><coordinates>-48.077198,-9.251694,0 -48.077195,-9.251694,0</coordinates></LineString></Placemark>
<Placemark><name>Suporte Chave 8800493015</name><styleUrl>#styleDaimonCIRCUITO241TRECHO</styleUrl><LineString><coordinates>-48.075902,-9.251564,0 -48.075812,-9.251557,0</coordinates></LineString></Placemark>
<Placemark><name>Suporte Chave 8800230015</name><styleUrl>#styleDaimonCIRCUITO241TRECHO</styleUrl><LineString><coordinates>-48.026117,-9.290848,0 -48.026055,-9.290905,0</coordinates></LineString></Placemark>
<Placemark><name>Suporte Chave 8026030015</name><styleUrl>#styleDaimonCIRCUITO241TRECHO</styleUrl><LineString><coordinates>-48.145697,-9.174228,0 -48.145701,-9.174229,0</coordinates></LineString></Placemark>
<Placemark><name>Suporte Chave 8031914015</name><styleUrl>#styleDaimonCIRCUITO241TRECHO</styleUrl><LineString><coordinates>-48.175394,-9.286062,0 -48.175394,-9.286058,0</coordinates></LineString></Placemark>
<Placemark><name>Suporte Chave 8030264015</name><styleUrl>#styleDaimonCIRCUITO241TRECHO</styleUrl><LineString><coordinates>-48.161299,-9.195371,0 -48.161304,-9.195372,0</coordinates></LineString></Placemark>
<Placemark><name>Suporte Chave 8025717015</name><styleUrl>#styleDaimonCIRCUITO241TRECHO</styleUrl><LineString><coordinates>-48.077186,-9.251654,0 -48.077183,-9.251657,0</coordinates></LineString></Placemark>
</Folder></Folder>
</Document></kml>