<?xml version="1.0" encoding="UTF-8"?>
<kml xmlns="http://www.opengis.net/kml/2.2"><Document>
<name>SE-2AGT — Augustinópolis: perimetro urbano + T1/T2</name>
<Style id="stLim"><LineStyle><color>ff00d6ff</color><width>3</width></LineStyle><PolyStyle><fill>0</fill></PolyStyle></Style>
<Style id="stT1"><LineStyle><color>ff808040</color><width>2.4</width></LineStyle></Style>
<Style id="stT2"><LineStyle><color>ff2020e0</color><width>2.4</width></LineStyle></Style>
<Style id="stPoste"><IconStyle><scale>0.5</scale><color>ffff0000</color><Icon><href>http://maps.google.com/mapfiles/kml/paddle/wht-circle.png</href></Icon></IconStyle><LabelStyle><scale>0</scale></LabelStyle></Style>
<Folder><name>Limite municipal — Augustinópolis (IBGE 1702554)</name>
<Placemark><styleUrl>#stLim</styleUrl><LineString><tessellate>1</tessellate><coordinates>-47.977867,-5.422975,0 -47.928125,-5.448224,0 -47.924647,-5.440157,0 -47.925835,-5.426913,0 -47.935694,-5.417336,0 -47.932586,-5.402456,0 -47.940061,-5.392949,0 -47.937363,-5.383689,0 -47.913422,-5.404735,0 -47.869251,-5.416875,0 -47.827114,-5.386204,0 -47.828973,-5.392369,0 -47.825505,-5.406238,0 -47.830250,-5.417415,0 -47.825114,-5.438352,0 -47.830331,-5.443998,0 -47.843281,-5.443323,0 -47.852781,-5.449343,0 -47.851948,-5.474467,0 -47.865582,-5.486123,0 -47.859146,-5.493629,0 -47.865079,-5.511218,0 -47.856313,-5.524815,0 -47.857306,-5.538255,0 -47.861941,-5.543295,0 -47.859454,-5.557931,0 -47.859256,-5.570154,0 -47.837975,-5.589719,0 -47.838401,-5.599190,0 -47.836307,-5.611698,0 -47.840360,-5.621249,0 -47.835704,-5.627183,0 -47.834588,-5.636146,0 -47.839384,-5.647194,0 -47.838926,-5.648515,0 -47.843974,-5.662652,0 -47.868663,-5.664070,0 -47.877001,-5.657163,0 -47.875400,-5.648948,0 -47.881283,-5.644736,0 -47.882588,-5.634968,0 -47.886617,-5.631166,0 -47.880537,-5.627329,0 -47.886696,-5.621098,0 -47.886332,-5.609099,0 -47.897340,-5.609410,0 -47.908424,-5.615836,0 -47.917057,-5.594533,0 -47.930834,-5.589950,0 -47.928643,-5.580136,0 -47.936672,-5.567321,0 -47.953648,-5.561221,0 -47.972477,-5.566444,0 -47.968950,-5.547792,0 -47.979253,-5.540989,0 -47.986088,-5.523835,0 -47.998084,-5.516570,0 -48.000610,-5.510686,0 -48.004557,-5.509917,0 -48.013221,-5.495662,0 -48.012892,-5.482521,0 -48.021949,-5.476742,0 -48.020814,-5.466408,0 -48.028946,-5.468789,0 -48.037199,-5.462110,0 -48.045974,-5.462861,0 -48.048201,-5.444740,0 -48.071171,-5.444165,0 -48.075865,-5.439564,0 -48.074033,-5.417052,0 -48.065640,-5.408446,0 -48.064430,-5.379161,0 -48.056614,-5.383063,0 -48.043661,-5.389353,0 -48.009753,-5.406295,0 -48.000735,-5.410799,0 -47.978334,-5.422726,0 -47.977867,-5.422975,0</coordinates></LineString></Placemark>
</Folder>
<Folder><name>AL02014045AU — Augustinópolis (806 trechos · 40.2 km)</name><Folder><name>Trecho</name>
<Placemark><name>T1</name><styleUrl>#stT1</styleUrl><LineString><tessellate>1</tessellate><coordinates>-47.878680,-5.475910,0 -47.878940,-5.476380,0</coordinates></LineString></Placemark>
<Placemark><name>T1</name><styleUrl>#stT1</styleUrl><LineString><tessellate>1</tessellate><coordinates>-47.878940,-5.476380,0 -47.878700,-5.476340,0</coordinates></LineString></Placemark>
<Placemark><name>T1</name><styleUrl>#stT1</styleUrl><LineString><tessellate>1</tessellate><coordinates>-47.878660,-5.475880,0 -47.878680,-5.475910,0</coordinates></LineString></Placemark>
<Placemark><name>T1</name><styleUrl>#stT1</styleUrl><LineString><tessellate>1</tessellate><coordinates>-47.878140,-5.474950,0 -47.878660,-5.475880,0</coordinates></LineString></Placemark>
<Placemark><name>T1</name><styleUrl>#stT1</styleUrl><LineString><tessellate>1</tessellate><coordinates>-47.878130,-5.474920,0 -47.878140,-5.474950,0</coordinates></LineString></Placemark>
<Placemark><name>T1</name><styleUrl>#stT1</styleUrl><LineString><tessellate>1</tessellate><coordinates>-47.878130,-5.474920,0 -47.877990,-5.474670,0</coordinates></LineString></Placemark>
<Placemark><name>T1</name><styleUrl>#stT1</styleUrl><LineString><tessellate>1</tessellate><coordinates>-47.891100,-5.478030,0 -47.891120,-5.478030,0</coordinates></LineString></Placemark>
<Placemark><name>T1</name><styleUrl>#stT1</styleUrl><LineString><tessellate>1</tessellate><coordinates>-47.890250,-5.477830,0 -47.891100,-5.478030,0</coordinates></LineString></Placemark>
<Placemark><name>T1</name><styleUrl>#stT1</styleUrl><LineString><tessellate>1</tessellate><coordinates>-47.891120,-5.478030,0 -47.891150,-5.477880,0</coordinates></LineString></Placemark>
<Placemark><name>T1</name><styleUrl>#stT1</styleUrl><LineString><tessellate>1</tessellate><coordinates>-47.890220,-5.477840,0 -47.890250,-5.477830,0</coordinates></LineString></Placemark>
<Placemark><name>T1</name><styleUrl>#stT1</styleUrl><LineString><tessellate>1</tessellate><coordinates>-47.891150,-5.477880,0 -47.891140,-5.477850,0</coordinates></LineString></Placemark>
<Placemark><name>T1</name><styleUrl>#stT1</styleUrl><LineString><tessellate>1</tessellate><coordinates>-47.889330,-5.478400,0 -47.890220,-5.477840,0</coordinates></LineString></Placemark>
<Placemark><name>T1</name><styleUrl>#stT1</styleUrl><LineString><tessellate>1</tessellate><coordinates>-47.891140,-5.477850,0 -47.890850,-5.477790,0</coordinates></LineString></Placemark>
<Placemark><name>T1</name><styleUrl>#stT1</styleUrl><LineString><tessellate>1</tessellate><coordinates>-47.889310,-5.478410,0 -47.889330,-5.478400,0</coordinates></LineString></Placemark>
<Placemark><name>T1</name><styleUrl>#stT1</styleUrl><LineString><tessellate>1</tessellate><coordinates>-47.890850,-5.477790,0 -47.890650,-5.477750,0</coordinates></LineString></Placemark>
<Placemark><name>T1</name><styleUrl>#stT1</styleUrl><LineString><tessellate>1</tessellate><coordinates>-47.890850,-5.477790,0 -47.890830,-5.477830,0</coordinates></LineString></Placemark>
<Placemark><name>T1</name><styleUrl>#stT1</styleUrl><LineString><tessellate>1</tessellate><coordinates>-47.890850,-5.477790,0 -47.890840,-5.477700,0</coordinates></LineString></Placemark>
<Placemark><name>T1</name><styleUrl>#stT1</styleUrl><LineString><tessellate>1</tessellate><coordinates>-47.888890,-5.477910,0 -47.889310,-5.478410,0</coordinates></LineString></Placemark>
<Placemark><name>T1</name><styleUrl>#stT1</styleUrl><LineString><tessellate>1</tessellate><coordinates>-47.890840,-5.477700,0 -47.890840,-5.477670,0</coordinates></LineString></Placemark>
<Placemark><name>T1</name><styleUrl>#stT1</styleUrl><LineString><tessellate>1</tessellate><coordinates>-47.888860,-5.477900,0 -47.888890,-5.477910,0</coordinates></LineString></Placemark>
<Placemark><name>T1</name><styleUrl>#stT1</styleUrl><LineString><tessellate>1</tessellate><coordinates>-47.890840,-5.477670,0 -47.890130,-5.475120,0</coordinates></LineString></Placemark>
<Placemark><name>T1</name><styleUrl>#stT1</styleUrl><LineString><tessellate>1</tessellate><coordinates>-47.888270,-5.477800,0 -47.888860,-5.477900,0</coordinates></LineString></Placemark>
<Placemark><name>T1</name><styleUrl>#stT1</styleUrl><LineString><tessellate>1</tessellate><coordinates>-47.890130,-5.475120,0 -47.890130,-5.475100,0</coordinates></LineString></Placemark>
<Placemark><name>T1</name><styleUrl>#stT1</styleUrl><LineString><tessellate>1</tessellate><coordinates>-47.888240,-5.477800,0 -47.888270,-5.477800,0</coordinates></LineString></Placemark>
<Placemark><name>T1</name><styleUrl>#stT1</styleUrl><LineString><tessellate>1</tessellate><coordinates>-47.890130,-5.475100,0 -47.891320,-5.475140,0</coordinates></LineString></Placemark>
<Placemark><name>T1</name><styleUrl>#stT1</styleUrl><LineString><tessellate>1</tessellate><coordinates>-47.890130,-5.475100,0 -47.889940,-5.475090,0</coordinates></LineString></Placemark>
<Placemark><name>T1</name><styleUrl>#stT1</styleUrl><LineString><tessellate>1</tessellate><coordinates>-47.884410,-5.477200,0 -47.888240,-5.477800,0</coordinates></LineString></Placemark>
<Placemark><name>T1</name><styleUrl>#stT1</styleUrl><LineString><tessellate>1</tessellate><coordinates>-47.891320,-5.475140,0 -47.891980,-5.475160,0</coordinates></LineString></Placemark>
<Placemark><name>T1</name><styleUrl>#stT1</styleUrl><LineString><tessellate>1</tessellate><coordinates>-47.884370,-5.477200,0 -47.884410,-5.477200,0</coordinates></LineString></Placemark>
<Placemark><name>T1</name><styleUrl>#stT1</styleUrl><LineString><tessellate>1</tessellate><coordinates>-47.882640,-5.476940,0 -47.884370,-5.477200,0</coordinates></LineString></Placemark>
<Placemark><name>T1</name><styleUrl>#stT1</styleUrl><LineString><tessellate>1</tessellate><coordinates>-47.882640,-5.476940,0 -47.882640,-5.476930,0</coordinates></LineString></Placemark>
<Placemark><name>T1</name><styleUrl>#stT1</styleUrl><LineString><tessellate>1</tessellate><coordinates>-47.879040,-5.476400,0 -47.882640,-5.476940,0</coordinates></LineString></Placemark>
<Placemark><name>T1</name><styleUrl>#stT1</styleUrl><LineString><tessellate>1</tessellate><coordinates>-47.882640,-5.476930,0 -47.882640,-5.476910,0</coordinates></LineString></Placemark>
<Placemark><name>T1</name><styleUrl>#stT1</styleUrl><LineString><tessellate>1</tessellate><coordinates>-47.877980,-5.474640,0 -47.877920,-5.474670,0</coordinates></LineString></Placemark>
<Placemark><name>T1</name><styleUrl>#stT1</styleUrl><LineString><tessellate>1</tessellate><coordinates>-47.895000,-5.472650,0 -47.895190,-5.472460,0</coordinates></LineString></Placemark>
<Placemark><name>T1</name><styleUrl>#stT1</styleUrl><LineString><tessellate>1</tessellate><coordinates>-47.892230,-5.475080,0 -47.895000,-5.472650,0</coordinates></LineString></Placemark>
<Placemark><name>T1</name><styleUrl>#stT1</styleUrl><LineString><tessellate>1</tessellate><coordinates>-47.892200,-5.475100,0 -47.892230,-5.475080,0</coordinates></LineString></Placemark>
<Placemark><name>T1</name><styleUrl>#stT1</styleUrl><LineString><tessellate>1</tessellate><coordinates>-47.892180,-5.475110,0 -47.892200,-5.475100,0</coordinates></LineString></Placemark>
<Placemark><name>T1</name><styleUrl>#stT1</styleUrl><LineString><tessellate>1</tessellate><coordinates>-47.892000,-5.475160,0 -47.892180,-5.475110,0</coordinates></LineString></Placemark>
<Placemark><name>T1</name><styleUrl>#stT1</styleUrl><LineString><tessellate>1</tessellate><coordinates>-47.892180,-5.475110,0 -47.892150,-5.475010,0</coordinates></LineString></Placemark>
<Placemark><name>T1</name><styleUrl>#stT1</styleUrl><LineString><tessellate>1</tessellate><coordinates>-47.892180,-5.475110,0 -47.892250,-5.475340,0</coordinates></LineString></Placemark>
<Placemark><name>T1</name><styleUrl>#stT1</styleUrl><LineString><tessellate>1</tessellate><coordinates>-47.891320,-5.475150,0 -47.891320,-5.475270,0</coordinates></LineString></Placemark>
<Placemark><name>T1</name><styleUrl>#stT1</styleUrl><LineString><tessellate>1</tessellate><coordinates>-47.891990,-5.474350,0 -47.891780,-5.473710,0</coordinates></LineString></Placemark>
<Placemark><name>T1</name><styleUrl>#stT1</styleUrl><LineString><tessellate>1</tessellate><coordinates>-47.891780,-5.473710,0 -47.891460,-5.473250,0</coordinates></LineString></Placemark>
<Placemark><name>T1</name><styleUrl>#stT1</styleUrl><LineString><tessellate>1</tessellate><coordinates>-47.892000,-5.474380,0 -47.891990,-5.474350,0</coordinates></LineString></Placemark>
<Placemark><name>T1</name><styleUrl>#stT1</styleUrl><LineString><tessellate>1</tessellate><coordinates>-47.891460,-5.473250,0 -47.891170,-5.473000,0</coordinates></LineString></Placemark>
<Placemark><name>T1</name><styleUrl>#stT1</styleUrl><LineString><tessellate>1</tessellate><coordinates>-47.892000,-5.474380,0 -47.891950,-5.474350,0</coordinates></LineString></Placemark>
<Placemark><name>T1</name><styleUrl>#stT1</styleUrl><LineString><tessellate>1</tessellate><coordinates>-47.892140,-5.474970,0 -47.892000,-5.474380,0</coordinates></LineString></Placemark>
<Placemark><name>T1</name><styleUrl>#stT1</styleUrl><LineString><tessellate>1</tessellate><coordinates>-47.891950,-5.474350,0 -47.891850,-5.474290,0</coordinates></LineString></Placemark>
<Placemark><name>T1</name><styleUrl>#stT1</styleUrl><LineString><tessellate>1</tessellate><coordinates>-47.891850,-5.474290,0 -47.891710,-5.474270,0</coordinates></LineString></Placemark>
<Placemark><name>T1</name><styleUrl>#stT1</styleUrl><LineString><tessellate>1</tessellate><coordinates>-47.892440,-5.475730,0 -47.892460,-5.475750,0</coordinates></LineString></Placemark>
<Placemark><name>T1</name><styleUrl>#stT1</styleUrl><LineString><tessellate>1</tessellate><coordinates>-47.892270,-5.475380,0 -47.892440,-5.475730,0</coordinates></LineString></Placemark>
<Placemark><name>T1</name><styleUrl>#stT1</styleUrl><LineString><tessellate>1</tessellate><coordinates>-47.899660,-5.471350,0 -47.899650,-5.471340,0</coordinates></LineString></Placemark>
<Placemark><name>T1</name><styleUrl>#stT1</styleUrl><LineString><tessellate>1</tessellate><coordinates>-47.899650,-5.471340,0 -47.899640,-5.471320,0</coordinates></LineString></Placemark>
<Placemark><name>T1</name><styleUrl>#stT1</styleUrl><LineString><tessellate>1</tessellate><coordinates>-47.899080,-5.471710,0 -47.899660,-5.471350,0</coordinates></LineString></Placemark>
<Placemark><name>T1</name><styleUrl>#stT1</styleUrl><LineString><tessellate>1</tessellate><coordinates>-47.899080,-5.471710,0 -47.899100,-5.471760,0</coordinates></LineString></Placemark>
<Placemark><name>T1</name><styleUrl>#stT1</styleUrl><LineString><tessellate>1</tessellate><coordinates>-47.899080,-5.471710,0 -47.899030,-5.471610,0</coordinates></LineString></Placemark>
<Placemark><name>T1</name><styleUrl>#stT1</styleUrl><LineString><tessellate>1</tessellate><coordinates>-47.898850,-5.471850,0 -47.899080,-5.471710,0</coordinates></LineString></Placemark>
<Placemark><name>T1</name><styleUrl>#stT1</styleUrl><LineString><tessellate>1</tessellate><coordinates>-47.898850,-5.471850,0 -47.898840,-5.471830,0</coordinates></LineString></Placemark>
<Placemark><name>T1</name><styleUrl>#stT1</styleUrl><LineString><tessellate>1</tessellate><coordinates>-47.897720,-5.472530,0 -47.898850,-5.471850,0</coordinates></LineString></Placemark>
<Placemark><name>T1</name><styleUrl>#stT1</styleUrl><LineString><tessellate>1</tessellate><coordinates>-47.898840,-5.471830,0 -47.898830,-5.471820,0</coordinates></LineString></Placemark>
<Placemark><name>T1</name><styleUrl>#stT1</styleUrl><LineString><tessellate>1</tessellate><coordinates>-47.895890,-5.473560,0 -47.897720,-5.472530,0</coordinates></LineString></Placemark>
<Placemark><name>T1</name><styleUrl>#stT1</styleUrl><LineString><tessellate>1</tessellate><coordinates>-47.895890,-5.473560,0 -47.895720,-5.473710,0</coordinates></LineString></Placemark>
<Placemark><name>T1</name><styleUrl>#stT1</styleUrl><LineString><tessellate>1</tessellate><coordinates>-47.895890,-5.473560,0 -47.895970,-5.473650,0</coordinates></LineString></Placemark>
<Placemark><name>T1</name><styleUrl>#stT1</styleUrl><LineString><tessellate>1</tessellate><coordinates>-47.895020,-5.472670,0 -47.895890,-5.473560,0</coordinates></LineString></Placemark>
<Placemark><name>T1</name><styleUrl>#stT1</styleUrl><LineString><tessellate>1</tessellate><coordinates>-47.892440,-5.475730,0 -47.892450,-5.475740,0</coordinates></LineString></Placemark>
<Placemark><name>T1</name><styleUrl>#stT1</styleUrl><LineString><tessellate>1</tessellate><coordinates>-47.899170,-5.471910,0 -47.900130,-5.474050,0</coordinates></LineString></Placemark>
<Placemark><name>T1</name><styleUrl>#stT1</styleUrl><LineString><tessellate>1</tessellate><coordinates>-47.899300,-5.463110,0 -47.899290,-5.463120,0</coordinates></LineString></Placemark>
<Placemark><name>T1</name><styleUrl>#stT1</styleUrl><LineString><tessellate>1</tessellate><coordinates>-47.899300,-5.463110,0 -47.899310,-5.463100,0</coordinates></LineString></Placemark>
<Placemark><name>T1</name><styleUrl>#stT1</styleUrl><LineString><tessellate>1</tessellate><coordinates>-47.899300,-5.463110,0 -47.899060,-5.463010,0</coordinates></LineString></Placemark>
<Placemark><name>T1</name><styleUrl>#stT1</styleUrl><LineString><tessellate>1</tessellate><coordinates>-47.899820,-5.463370,0 -47.899300,-5.463110,0</coordinates></LineString></Placemark>
<Placemark><name>T1</name><styleUrl>#stT1</styleUrl><LineString><tessellate>1</tessellate><coordinates>-47.899290,-5.463120,0 -47.899060,-5.463310,0</coordinates></LineString></Placemark>
<Placemark><name>T1</name><styleUrl>#stT1</styleUrl><LineString><tessellate>1</tessellate><coordinates>-47.899310,-5.463100,0 -47.899460,-5.463030,0</coordinates></LineString></Placemark>
<Placemark><name>T1</name><styleUrl>#stT1</styleUrl><LineString><tessellate>1</tessellate><coordinates>-47.899060,-5.463010,0 -47.899110,-5.463010,0</coordinates></LineString></Placemark>
<Placemark><name>T1</name><styleUrl>#stT1</styleUrl><LineString><tessellate>1</tessellate><coordinates>-47.899060,-5.463010,0 -47.899050,-5.463010,0</coordinates></LineString></Placemark>
<Placemark><name>T1</name><styleUrl>#stT1</styleUrl><LineString><tessellate>1</tessellate><coordinates>-47.899060,-5.463010,0 -47.899050,-5.463010,0</coordinates></LineString></Placemark>
<Placemark><name>T1</name><styleUrl>#stT1</styleUrl><LineString><tessellate>1</tessellate><coordinates>-47.899900,-5.463410,0 -47.899820,-5.463370,0</coordinates></LineString></Placemark>
<Placemark><name>T1</name><styleUrl>#stT1</styleUrl><LineString><tessellate>1</tessellate><coordinates>-47.899060,-5.463310,0 -47.898340,-5.463640,0</coordinates></LineString></Placemark>
<Placemark><name>T1</name><styleUrl>#stT1</styleUrl><LineString><tessellate>1</tessellate><coordinates>-47.899460,-5.463030,0 -47.899610,-5.462960,0</coordinates></LineString></Placemark>
<Placemark><name>T1</name><styleUrl>#stT1</styleUrl><LineString><tessellate>1</tessellate><coordinates>-47.899900,-5.463410,0 -47.899870,-5.463390,0</coordinates></LineString></Placemark>
<Placemark><name>T1</name><styleUrl>#stT1</styleUrl><LineString><tessellate>1</tessellate><coordinates>-47.899940,-5.463420,0 -47.899900,-5.463410,0</coordinates></LineString></Placemark>
<Placemark><name>T1</name><styleUrl>#stT1</styleUrl><LineString><tessellate>1</tessellate><coordinates>-47.898340,-5.463640,0 -47.898260,-5.463680,0</coordinates></LineString></Placemark>
<Placemark><name>T1</name><styleUrl>#stT1</styleUrl><LineString><tessellate>1</tessellate><coordinates>-47.899870,-5.463390,0 -47.899850,-5.463380,0</coordinates></LineString></Placemark>
<Placemark><name>T1</name><styleUrl>#stT1</styleUrl><LineString><tessellate>1</tessellate><coordinates>-47.900240,-5.463570,0 -47.899940,-5.463420,0</coordinates></LineString></Placemark>
<Placemark><name>T1</name><styleUrl>#stT1</styleUrl><LineString><tessellate>1</tessellate><coordinates>-47.900270,-5.463590,0 -47.900240,-5.463570,0</coordinates></LineString></Placemark>
<Placemark><name>T1</name><styleUrl>#stT1</styleUrl><LineString><tessellate>1</tessellate><coordinates>-47.900900,-5.464550,0 -47.900270,-5.463590,0</coordinates></LineString></Placemark>
<Placemark><name>T1</name><styleUrl>#stT1</styleUrl><LineString><tessellate>1</tessellate><coordinates>-47.900270,-5.463590,0 -47.900280,-5.463540,0</coordinates></LineString></Placemark>
<Placemark><name>T1</name><styleUrl>#stT1</styleUrl><LineString><tessellate>1</tessellate><coordinates>-47.900900,-5.464550,0 -47.900880,-5.464560,0</coordinates></LineString></Placemark>
<Placemark><name>T1</name><styleUrl>#stT1</styleUrl><LineString><tessellate>1</tessellate><coordinates>-47.901950,-5.466400,0 -47.900900,-5.464550,0</coordinates></LineString></Placemark>
<Placemark><name>T1</name><styleUrl>#stT1</styleUrl><LineString><tessellate>1</tessellate><coordinates>-47.900880,-5.464560,0 -47.900860,-5.464570,0</coordinates></LineString></Placemark>
<Placemark><name>T1</name><styleUrl>#stT1</styleUrl><LineString><tessellate>1</tessellate><coordinates>-47.892450,-5.475750,0 -47.892470,-5.475790,0</coordinates></LineString></Placemark>
<Placemark><name>T1</name><styleUrl>#stT1</styleUrl><LineString><tessellate>1</tessellate><coordinates>-47.892470,-5.475790,0 -47.892460,-5.475750,0</coordinates></LineString></Placemark>
<Placemark><name>T1</name><styleUrl>#stT1</styleUrl><LineString><tessellate>1</tessellate><coordinates>-47.892470,-5.475790,0 -47.893440,-5.477730,0</coordinates></LineString></Placemark>
<Placemark><name>T1</name><styleUrl>#stT1</styleUrl><LineString><tessellate>1</tessellate><coordinates>-47.893440,-5.477730,0 -47.893460,-5.477760,0</coordinates></LineString></Placemark>
<Placemark><name>T1</name><styleUrl>#stT1</styleUrl><LineString><tessellate>1</tessellate><coordinates>-47.893460,-5.477760,0 -47.893470,-5.477750,0</coordinates></LineString></Placemark>
<Placemark><name>T1</name><styleUrl>#stT1</styleUrl><LineString><tessellate>1</tessellate><coordinates>-47.893460,-5.477760,0 -47.893830,-5.478500,0</coordinates></LineString></Placemark>
<Placemark><name>T1</name><styleUrl>#stT1</styleUrl><LineString><tessellate>1</tessellate><coordinates>-47.893470,-5.477750,0 -47.893490,-5.477830,0</coordinates></LineString></Placemark>
<Placemark><name>T1</name><styleUrl>#stT1</styleUrl><LineString><tessellate>1</tessellate><coordinates>-47.893830,-5.478500,0 -47.893840,-5.478510,0</coordinates></LineString></Placemark>
<Placemark><name>T1</name><styleUrl>#stT1</styleUrl><LineString><tessellate>1</tessellate><coordinates>-47.893490,-5.477830,0 -47.893500,-5.477840,0</coordinates></LineString></Placemark>
<Placemark><name>T1</name><styleUrl>#stT1</styleUrl><LineString><tessellate>1</tessellate><coordinates>-47.893840,-5.478510,0 -47.893890,-5.478600,0</coordinates></LineString></Placemark>
<Placemark><name>T1</name><styleUrl>#stT1</styleUrl><LineString><tessellate>1</tessellate><coordinates>-47.893500,-5.477840,0 -47.893860,-5.477630,0</coordinates></LineString></Placemark>
<Placemark><name>T1</name><styleUrl>#stT1</styleUrl><LineString><tessellate>1</tessellate><coordinates>-47.893890,-5.478600,0 -47.893890,-5.478620,0</coordinates></LineString></Placemark>
<Placemark><name>T1</name><styleUrl>#stT1</styleUrl><LineString><tessellate>1</tessellate><coordinates>-47.893890,-5.478620,0 -47.894600,-5.480020,0</coordinates></LineString></Placemark>
<Placemark><name>T1</name><styleUrl>#stT1</styleUrl><LineString><tessellate>1</tessellate><coordinates>-47.894600,-5.480020,0 -47.894610,-5.480030,0</coordinates></LineString></Placemark>
<Placemark><name>T1</name><styleUrl>#stT1</styleUrl><LineString><tessellate>1</tessellate><coordinates>-47.894610,-5.480030,0 -47.894640,-5.480050,0</coordinates></LineString></Placemark>
<Placemark><name>T1</name><styleUrl>#stT1</styleUrl><LineString><tessellate>1</tessellate><coordinates>-47.894610,-5.480030,0 -47.894400,-5.480160,0</coordinates></LineString></Placemark>
<Placemark><name>T1</name><styleUrl>#stT1</styleUrl><LineString><tessellate>1</tessellate><coordinates>-47.894640,-5.480050,0 -47.894780,-5.480150,0</coordinates></LineString></Placemark>
<Placemark><name>T1</name><styleUrl>#stT1</styleUrl><LineString><tessellate>1</tessellate><coordinates>-47.894400,-5.480160,0 -47.894370,-5.480180,0</coordinates></LineString></Placemark>
<Placemark><name>T1</name><styleUrl>#stT1</styleUrl><LineString><tessellate>1</tessellate><coordinates>-47.894370,-5.480180,0 -47.894390,-5.480190,0</coordinates></LineString></Placemark>
<Placemark><name>T1</name><styleUrl>#stT1</styleUrl><LineString><tessellate>1</tessellate><coordinates>-47.902390,-5.465870,0 -47.902420,-5.465860,0</coordinates></LineString></Placemark>
<Placemark><name>T1</name><styleUrl>#stT1</styleUrl><LineString><tessellate>1</tessellate><coordinates>-47.902420,-5.465860,0 -47.902610,-5.465890,0</coordinates></LineString></Placemark>
<Placemark><name>T1</name><styleUrl>#stT1</styleUrl><LineString><tessellate>1</tessellate><coordinates>-47.899670,-5.462930,0 -47.901660,-5.461940,0</coordinates></LineString></Placemark>
<Placemark><name>T1</name><styleUrl>#stT1</styleUrl><LineString><tessellate>1</tessellate><coordinates>-47.899920,-5.463440,0 -47.899720,-5.463600,0</coordinates></LineString></Placemark>
<Placemark><name>T1</name><styleUrl>#stT1</styleUrl><LineString><tessellate>1</tessellate><coordinates>-47.900080,-5.458890,0 -47.903400,-5.457210,0</coordinates></LineString></Placemark>
<Placemark><name>T1</name><styleUrl>#stT1</styleUrl><LineString><tessellate>1</tessellate><coordinates>-47.899330,-5.459660,0 -47.900080,-5.458890,0</coordinates></LineString></Placemark>
<Placemark><name>T1</name><styleUrl>#stT1</styleUrl><LineString><tessellate>1</tessellate><coordinates>-47.899320,-5.459670,0 -47.899330,-5.459660,0</coordinates></LineString></Placemark>
<Placemark><name>T1</name><styleUrl>#stT1</styleUrl><LineString><tessellate>1</tessellate><coordinates>-47.898980,-5.462700,0 -47.899320,-5.459670,0</coordinates></LineString></Placemark>
<Placemark><name>T1</name><styleUrl>#stT1</styleUrl><LineString><tessellate>1</tessellate><coordinates>-47.898970,-5.462740,0 -47.898980,-5.462700,0</coordinates></LineString></Placemark>
<Placemark><name>T1</name><styleUrl>#stT1</styleUrl><LineString><tessellate>1</tessellate><coordinates>-47.899420,-5.463000,0 -47.898970,-5.462740,0</coordinates></LineString></Placemark>
<Placemark><name>T1</name><styleUrl>#stT1</styleUrl><LineString><tessellate>1</tessellate><coordinates>-47.899050,-5.463010,0 -47.899060,-5.462990,0</coordinates></LineString></Placemark>
<Placemark><name>T1</name><styleUrl>#stT1</styleUrl><LineString><tessellate>1</tessellate><coordinates>-47.894870,-5.480190,0 -47.895650,-5.480480,0</coordinates></LineString></Placemark>
<Placemark><name>T1</name><styleUrl>#stT1</styleUrl><LineString><tessellate>1</tessellate><coordinates>-47.894470,-5.480740,0 -47.894470,-5.480770,0</coordinates></LineString></Placemark>
<Placemark><name>T1</name><styleUrl>#stT1</styleUrl><LineString><tessellate>1</tessellate><coordinates>-47.894400,-5.480250,0 -47.894470,-5.480740,0</coordinates></LineString></Placemark>
<Placemark><name>T1</name><styleUrl>#stT1</styleUrl><LineString><tessellate>1</tessellate><coordinates>-47.894470,-5.480770,0 -47.894550,-5.481320,0</coordinates></LineString></Placemark>
<Placemark><name>T1</name><styleUrl>#stT1</styleUrl><LineString><tessellate>1</tessellate><coordinates>-47.895650,-5.480480,0 -47.895670,-5.480450,0</coordinates></LineString></Placemark>
<Placemark><name>T1</name><styleUrl>#stT1</styleUrl><LineString><tessellate>1</tessellate><coordinates>-47.878010,-5.474890,0 -47.878080,-5.474870,0</coordinates></LineString></Placemark>
<Placemark><name>T1</name><styleUrl>#stT1</styleUrl><LineString><tessellate>1</tessellate><coordinates>-47.880990,-5.472770,0 -47.880990,-5.472750,0</coordinates></LineString></Placemark>
<Placemark><name>T1</name><styleUrl>#stT1</styleUrl><LineString><tessellate>1</tessellate><coordinates>-47.880990,-5.472750,0 -47.881000,-5.472370,0</coordinates></LineString></Placemark>
<Placemark><name>T1</name><styleUrl>#stT1</styleUrl><LineString><tessellate>1</tessellate><coordinates>-47.878800,-5.473860,0 -47.880990,-5.472770,0</coordinates></LineString></Placemark>
<Placemark><name>T1</name><styleUrl>#stT1</styleUrl><LineString><tessellate>1</tessellate><coordinates>-47.880990,-5.472770,0 -47.883070,-5.471730,0</coordinates></LineString></Placemark>
<Placemark><name>T1</name><styleUrl>#stT1</styleUrl><LineString><tessellate>1</tessellate><coordinates>-47.878800,-5.473860,0 -47.878790,-5.473830,0</coordinates></LineString></Placemark>
<Placemark><name>T1</name><styleUrl>#stT1</styleUrl><LineString><tessellate>1</tessellate><coordinates>-47.878440,-5.474050,0 -47.878800,-5.473860,0</coordinates></LineString></Placemark>
<Placemark><name>T1</name><styleUrl>#stT1</styleUrl><LineString><tessellate>1</tessellate><coordinates>-47.883070,-5.471730,0 -47.883090,-5.471740,0</coordinates></LineString></Placemark>
<Placemark><name>T1</name><styleUrl>#stT1</styleUrl><LineString><tessellate>1</tessellate><coordinates>-47.883070,-5.471730,0 -47.883270,-5.471630,0</coordinates></LineString></Placemark>
<Placemark><name>T1</name><styleUrl>#stT1</styleUrl><LineString><tessellate>1</tessellate><coordinates>-47.878410,-5.474060,0 -47.878440,-5.474050,0</coordinates></LineString></Placemark>
<Placemark><name>T1</name><styleUrl>#stT1</styleUrl><LineString><tessellate>1</tessellate><coordinates>-47.883090,-5.471740,0 -47.883150,-5.471720,0</coordinates></LineString></Placemark>
<Placemark><name>T1</name><styleUrl>#stT1</styleUrl><LineString><tessellate>1</tessellate><coordinates>-47.883270,-5.471630,0 -47.884480,-5.471030,0</coordinates></LineString></Placemark>
<Placemark><name>T1</name><styleUrl>#stT1</styleUrl><LineString><tessellate>1</tessellate><coordinates>-47.877930,-5.474300,0 -47.878410,-5.474060,0</coordinates></LineString></Placemark>
<Placemark><name>T1</name><styleUrl>#stT1</styleUrl><LineString><tessellate>1</tessellate><coordinates>-47.883150,-5.471720,0 -47.883180,-5.471720,0</coordinates></LineString></Placemark>
<Placemark><name>T1</name><styleUrl>#stT1</styleUrl><LineString><tessellate>1</tessellate><coordinates>-47.884480,-5.471030,0 -47.884510,-5.471020,0</coordinates></LineString></Placemark>
<Placemark><name>T1</name><styleUrl>#stT1</styleUrl><LineString><tessellate>1</tessellate><coordinates>-47.877880,-5.474330,0 -47.877930,-5.474300,0</coordinates></LineString></Placemark>
<Placemark><name>T1</name><styleUrl>#stT1</styleUrl><LineString><tessellate>1</tessellate><coordinates>-47.883180,-5.471720,0 -47.883260,-5.471740,0</coordinates></LineString></Placemark>
<Placemark><name>T1</name><styleUrl>#stT1</styleUrl><LineString><tessellate>1</tessellate><coordinates>-47.884510,-5.471020,0 -47.884650,-5.470950,0</coordinates></LineString></Placemark>
<Placemark><name>T1</name><styleUrl>#stT1</styleUrl><LineString><tessellate>1</tessellate><coordinates>-47.877880,-5.474350,0 -47.877880,-5.474330,0</coordinates></LineString></Placemark>
<Placemark><name>T1</name><styleUrl>#stT1</styleUrl><LineString><tessellate>1</tessellate><coordinates>-47.883260,-5.471740,0 -47.883270,-5.471770,0</coordinates></LineString></Placemark>
<Placemark><name>T1</name><styleUrl>#stT1</styleUrl><LineString><tessellate>1</tessellate><coordinates>-47.884650,-5.470950,0 -47.884630,-5.470930,0</coordinates></LineString></Placemark>
<Placemark><name>T1</name><styleUrl>#stT1</styleUrl><LineString><tessellate>1</tessellate><coordinates>-47.884650,-5.470950,0 -47.885710,-5.470480,0</coordinates></LineString></Placemark>
<Placemark><name>T1</name><styleUrl>#stT1</styleUrl><LineString><tessellate>1</tessellate><coordinates>-47.877970,-5.474520,0 -47.877880,-5.474350,0</coordinates></LineString></Placemark>
<Placemark><name>T1</name><styleUrl>#stT1</styleUrl><LineString><tessellate>1</tessellate><coordinates>-47.883270,-5.471770,0 -47.883680,-5.472680,0</coordinates></LineString></Placemark>
<Placemark><name>T1</name><styleUrl>#stT1</styleUrl><LineString><tessellate>1</tessellate><coordinates>-47.885710,-5.470480,0 -47.885640,-5.470390,0</coordinates></LineString></Placemark>
<Placemark><name>T1</name><styleUrl>#stT1</styleUrl><LineString><tessellate>1</tessellate><coordinates>-47.885710,-5.470480,0 -47.886280,-5.470210,0</coordinates></LineString></Placemark>
<Placemark><name>T1</name><styleUrl>#stT1</styleUrl><LineString><tessellate>1</tessellate><coordinates>-47.885710,-5.470480,0 -47.885800,-5.470610,0</coordinates></LineString></Placemark>
<Placemark><name>T1</name><styleUrl>#stT1</styleUrl><LineString><tessellate>1</tessellate><coordinates>-47.877990,-5.474550,0 -47.877970,-5.474520,0</coordinates></LineString></Placemark>
<Placemark><name>T1</name><styleUrl>#stT1</styleUrl><LineString><tessellate>1</tessellate><coordinates>-47.886280,-5.470210,0 -47.887400,-5.469670,0</coordinates></LineString></Placemark>
<Placemark><name>T1</name><styleUrl>#stT1</styleUrl><LineString><tessellate>1</tessellate><coordinates>-47.878150,-5.474830,0 -47.877990,-5.474550,0</coordinates></LineString></Placemark>
<Placemark><name>T1</name><styleUrl>#stT1</styleUrl><LineString><tessellate>1</tessellate><coordinates>-47.887400,-5.469670,0 -47.887150,-5.469500,0</coordinates></LineString></Placemark>
<Placemark><name>T1</name><styleUrl>#stT1</styleUrl><LineString><tessellate>1</tessellate><coordinates>-47.887400,-5.469670,0 -47.887430,-5.469700,0</coordinates></LineString></Placemark>
<Placemark><name>T1</name><styleUrl>#stT1</styleUrl><LineString><tessellate>1</tessellate><coordinates>-47.887400,-5.469670,0 -47.887550,-5.469590,0</coordinates></LineString></Placemark>
<Placemark><name>T1</name><styleUrl>#stT1</styleUrl><LineString><tessellate>1</tessellate><coordinates>-47.878120,-5.474840,0 -47.878150,-5.474830,0</coordinates></LineString></Placemark>
<Placemark><name>T1</name><styleUrl>#stT1</styleUrl><LineString><tessellate>1</tessellate><coordinates>-47.887550,-5.469590,0 -47.887590,-5.469570,0</coordinates></LineString></Placemark>
<Placemark><name>T1</name><styleUrl>#stT1</styleUrl><LineString><tessellate>1</tessellate><coordinates>-47.878080,-5.474870,0 -47.878120,-5.474840,0</coordinates></LineString></Placemark>
<Placemark><name>T1</name><styleUrl>#stT1</styleUrl><LineString><tessellate>1</tessellate><coordinates>-47.887590,-5.469570,0 -47.887880,-5.469390,0</coordinates></LineString></Placemark>
<Placemark><name>T1</name><styleUrl>#stT1</styleUrl><LineString><tessellate>1</tessellate><coordinates>-47.887880,-5.469390,0 -47.888040,-5.469290,0</coordinates></LineString></Placemark>
<Placemark><name>T1</name><styleUrl>#stT1</styleUrl><LineString><tessellate>1</tessellate><coordinates>-47.887880,-5.469410,0 -47.887910,-5.469390,0</coordinates></LineString></Placemark>
<Placemark><name>T1</name><styleUrl>#stT1</styleUrl><LineString><tessellate>1</tessellate><coordinates>-47.887880,-5.469410,0 -47.887890,-5.469410,0</coordinates></LineString></Placemark>
<Placemark><name>T1</name><styleUrl>#stT1</styleUrl><LineString><tessellate>1</tessellate><coordinates>-47.887880,-5.469390,0 -47.887880,-5.469410,0</coordinates></LineString></Placemark>
<Placemark><name>T1</name><styleUrl>#stT1</styleUrl><LineString><tessellate>1</tessellate><coordinates>-47.887910,-5.469390,0 -47.887900,-5.469410,0</coordinates></LineString></Placemark>
<Placemark><name>T1</name><styleUrl>#stT1</styleUrl><LineString><tessellate>1</tessellate><coordinates>-47.885790,-5.470600,0 -47.886570,-5.472200,0</coordinates></LineString></Placemark>
<Placemark><name>T1</name><styleUrl>#stT1</styleUrl><LineString><tessellate>1</tessellate><coordinates>-47.886570,-5.472200,0 -47.887050,-5.473670,0</coordinates></LineString></Placemark>
<Placemark><name>T1</name><styleUrl>#stT1</styleUrl><LineString><tessellate>1</tessellate><coordinates>-47.887050,-5.473670,0 -47.887110,-5.473840,0</coordinates></LineString></Placemark>
<Placemark><name>T1</name><styleUrl>#stT1</styleUrl><LineString><tessellate>1</tessellate><coordinates>-47.887050,-5.473670,0 -47.886910,-5.473720,0</coordinates></LineString></Placemark>
<Placemark><name>T1</name><styleUrl>#stT1</styleUrl><LineString><tessellate>1</tessellate><coordinates>-47.887050,-5.473670,0 -47.887150,-5.473640,0</coordinates></LineString></Placemark>
<Placemark><name>T1</name><styleUrl>#stT1</styleUrl><LineString><tessellate>1</tessellate><coordinates>-47.883870,-5.473130,0 -47.883550,-5.473340,0</coordinates></LineString></Placemark>
<Placemark><name>T1</name><styleUrl>#stT1</styleUrl><LineString><tessellate>1</tessellate><coordinates>-47.883550,-5.473340,0 -47.883410,-5.473420,0</coordinates></LineString></Placemark>
<Placemark><name>T1</name><styleUrl>#stT1</styleUrl><LineString><tessellate>1</tessellate><coordinates>-47.883870,-5.473130,0 -47.883990,-5.473080,0</coordinates></LineString></Placemark>
<Placemark><name>T1</name><styleUrl>#stT1</styleUrl><LineString><tessellate>1</tessellate><coordinates>-47.883690,-5.472720,0 -47.883870,-5.473130,0</coordinates></LineString></Placemark>
<Placemark><name>T1</name><styleUrl>#stT1</styleUrl><LineString><tessellate>1</tessellate><coordinates>-47.883870,-5.473130,0 -47.884070,-5.473580,0</coordinates></LineString></Placemark>
<Placemark><name>T1</name><styleUrl>#stT1</styleUrl><LineString><tessellate>1</tessellate><coordinates>-47.890130,-5.471140,0 -47.890090,-5.471170,0</coordinates></LineString></Placemark>
<Placemark><name>T1</name><styleUrl>#stT1</styleUrl><LineString><tessellate>1</tessellate><coordinates>-47.889290,-5.470310,0 -47.890130,-5.471140,0</coordinates></LineString></Placemark>
<Placemark><name>T1</name><styleUrl>#stT1</styleUrl><LineString><tessellate>1</tessellate><coordinates>-47.890130,-5.471140,0 -47.890760,-5.470540,0</coordinates></LineString></Placemark>
<Placemark><name>T1</name><styleUrl>#stT1</styleUrl><LineString><tessellate>1</tessellate><coordinates>-47.890130,-5.471140,0 -47.890250,-5.471250,0</coordinates></LineString></Placemark>
<Placemark><name>T1</name><styleUrl>#stT1</styleUrl><LineString><tessellate>1</tessellate><coordinates>-47.890090,-5.471170,0 -47.890070,-5.471190,0</coordinates></LineString></Placemark>
<Placemark><name>T1</name><styleUrl>#stT1</styleUrl><LineString><tessellate>1</tessellate><coordinates>-47.889270,-5.470290,0 -47.889290,-5.470310,0</coordinates></LineString></Placemark>
<Placemark><name>T1</name><styleUrl>#stT1</styleUrl><LineString><tessellate>1</tessellate><coordinates>-47.890760,-5.470540,0 -47.891310,-5.470010,0</coordinates></LineString></Placemark>
<Placemark><name>T1</name><styleUrl>#stT1</styleUrl><LineString><tessellate>1</tessellate><coordinates>-47.890070,-5.471190,0 -47.889650,-5.471630,0</coordinates></LineString></Placemark>
<Placemark><name>T1</name><styleUrl>#stT1</styleUrl><LineString><tessellate>1</tessellate><coordinates>-47.889030,-5.470060,0 -47.889270,-5.470290,0</coordinates></LineString></Placemark>
<Placemark><name>T1</name><styleUrl>#stT1</styleUrl><LineString><tessellate>1</tessellate><coordinates>-47.891310,-5.470010,0 -47.891270,-5.469970,0</coordinates></LineString></Placemark>
<Placemark><name>T1</name><styleUrl>#stT1</styleUrl><LineString><tessellate>1</tessellate><coordinates>-47.891310,-5.470010,0 -47.891530,-5.470250,0</coordinates></LineString></Placemark>
<Placemark><name>T1</name><styleUrl>#stT1</styleUrl><LineString><tessellate>1</tessellate><coordinates>-47.891310,-5.470010,0 -47.891340,-5.469980,0</coordinates></LineString></Placemark>
<Placemark><name>T1</name><styleUrl>#stT1</styleUrl><LineString><tessellate>1</tessellate><coordinates>-47.889650,-5.471630,0 -47.889640,-5.471640,0</coordinates></LineString></Placemark>
<Placemark><name>T1</name><styleUrl>#stT1</styleUrl><LineString><tessellate>1</tessellate><coordinates>-47.888190,-5.469200,0 -47.889030,-5.470060,0</coordinates></LineString></Placemark>
<Placemark><name>T1</name><styleUrl>#stT1</styleUrl><LineString><tessellate>1</tessellate><coordinates>-47.891530,-5.470250,0 -47.891550,-5.470230,0</coordinates></LineString></Placemark>
<Placemark><name>T1</name><styleUrl>#stT1</styleUrl><LineString><tessellate>1</tessellate><coordinates>-47.891530,-5.470250,0 -47.891820,-5.470540,0</coordinates></LineString></Placemark>
<Placemark><name>T1</name><styleUrl>#stT1</styleUrl><LineString><tessellate>1</tessellate><coordinates>-47.889640,-5.471640,0 -47.889540,-5.471540,0</coordinates></LineString></Placemark>
<Placemark><name>T1</name><styleUrl>#stT1</styleUrl><LineString><tessellate>1</tessellate><coordinates>-47.889640,-5.471640,0 -47.890120,-5.472090,0</coordinates></LineString></Placemark>
<Placemark><name>T1</name><styleUrl>#stT1</styleUrl><LineString><tessellate>1</tessellate><coordinates>-47.888060,-5.469280,0 -47.888190,-5.469200,0</coordinates></LineString></Placemark>
<Placemark><name>T1</name><styleUrl>#stT1</styleUrl><LineString><tessellate>1</tessellate><coordinates>-47.888190,-5.469200,0 -47.887930,-5.468830,0</coordinates></LineString></Placemark>
<Placemark><name>T1</name><styleUrl>#stT1</styleUrl><LineString><tessellate>1</tessellate><coordinates>-47.888190,-5.469200,0 -47.888470,-5.469040,0</coordinates></LineString></Placemark>
<Placemark><name>T1</name><styleUrl>#stT1</styleUrl><LineString><tessellate>1</tessellate><coordinates>-47.891550,-5.470230,0 -47.892010,-5.469780,0</coordinates></LineString></Placemark>
<Placemark><name>T1</name><styleUrl>#stT1</styleUrl><LineString><tessellate>1</tessellate><coordinates>-47.890120,-5.472090,0 -47.890370,-5.472320,0</coordinates></LineString></Placemark>
<Placemark><name>T1</name><styleUrl>#stT1</styleUrl><LineString><tessellate>1</tessellate><coordinates>-47.888470,-5.469040,0 -47.888830,-5.468830,0</coordinates></LineString></Placemark>
<Placemark><name>T1</name><styleUrl>#stT1</styleUrl><LineString><tessellate>1</tessellate><coordinates>-47.892010,-5.469780,0 -47.892020,-5.469740,0</coordinates></LineString></Placemark>
<Placemark><name>T1</name><styleUrl>#stT1</styleUrl><LineString><tessellate>1</tessellate><coordinates>-47.888950,-5.473950,0 -47.889090,-5.474190,0</coordinates></LineString></Placemark>
<Placemark><name>T1</name><styleUrl>#stT1</styleUrl><LineString><tessellate>1</tessellate><coordinates>-47.888500,-5.473180,0 -47.888950,-5.473950,0</coordinates></LineString></Placemark>
<Placemark><name>T1</name><styleUrl>#stT1</styleUrl><LineString><tessellate>1</tessellate><coordinates>-47.888500,-5.473180,0 -47.888450,-5.473090,0</coordinates></LineString></Placemark>
<Placemark><name>T1</name><styleUrl>#stT1</styleUrl><LineString><tessellate>1</tessellate><coordinates>-47.888500,-5.473180,0 -47.888640,-5.473130,0</coordinates></LineString></Placemark>
<Placemark><name>T1</name><styleUrl>#stT1</styleUrl><LineString><tessellate>1</tessellate><coordinates>-47.887180,-5.473630,0 -47.888500,-5.473180,0</coordinates></LineString></Placemark>
<Placemark><name>T1</name><styleUrl>#stT1</styleUrl><LineString><tessellate>1</tessellate><coordinates>-47.886880,-5.473730,0 -47.886470,-5.473870,0</coordinates></LineString></Placemark>
<Placemark><name>T1</name><styleUrl>#stT1</styleUrl><LineString><tessellate>1</tessellate><coordinates>-47.886470,-5.473870,0 -47.886420,-5.473730,0</coordinates></LineString></Placemark>
<Placemark><name>T1</name><styleUrl>#stT1</styleUrl><LineString><tessellate>1</tessellate><coordinates>-47.886470,-5.473870,0 -47.886540,-5.474070,0</coordinates></LineString></Placemark>
<Placemark><name>T1</name><styleUrl>#stT1</styleUrl><LineString><tessellate>1</tessellate><coordinates>-47.886470,-5.473870,0 -47.886230,-5.473950,0</coordinates></LineString></Placemark>
<Placemark><name>T1</name><styleUrl>#stT1</styleUrl><LineString><tessellate>1</tessellate><coordinates>-47.892020,-5.469780,0 -47.892040,-5.469780,0</coordinates></LineString></Placemark>
<Placemark><name>T1</name><styleUrl>#stT1</styleUrl><LineString><tessellate>1</tessellate><coordinates>-47.890540,-5.475200,0 -47.891910,-5.475230,0</coordinates></LineString></Placemark>
<Placemark><name>T1</name><styleUrl>#stT1</styleUrl><LineString><tessellate>1</tessellate><coordinates>-47.890520,-5.475200,0 -47.890540,-5.475200,0</coordinates></LineString></Placemark>
<Placemark><name>T1</name><styleUrl>#stT1</styleUrl><LineString><tessellate>1</tessellate><coordinates>-47.890260,-5.475270,0 -47.890520,-5.475200,0</coordinates></LineString></Placemark>
<Placemark><name>T1</name><styleUrl>#stT1</styleUrl><LineString><tessellate>1</tessellate><coordinates>-47.890230,-5.475270,0 -47.890260,-5.475270,0</coordinates></LineString></Placemark>
<Placemark><name>T1</name><styleUrl>#stT1</styleUrl><LineString><tessellate>1</tessellate><coordinates>-47.890230,-5.475270,0 -47.890440,-5.476170,0</coordinates></LineString></Placemark>
<Placemark><name>T1</name><styleUrl>#stT1</styleUrl><LineString><tessellate>1</tessellate><coordinates>-47.889850,-5.474130,0 -47.890230,-5.475270,0</coordinates></LineString></Placemark>
<Placemark><name>T1</name><styleUrl>#stT1</styleUrl><LineString><tessellate>1</tessellate><coordinates>-47.890440,-5.476170,0 -47.890430,-5.476170,0</coordinates></LineString></Placemark>
<Placemark><name>T1</name><styleUrl>#stT1</styleUrl><LineString><tessellate>1</tessellate><coordinates>-47.890440,-5.476170,0 -47.890520,-5.476500,0</coordinates></LineString></Placemark>
<Placemark><name>T1</name><styleUrl>#stT1</styleUrl><LineString><tessellate>1</tessellate><coordinates>-47.889850,-5.474130,0 -47.889920,-5.474080,0</coordinates></LineString></Placemark>
<Placemark><name>T1</name><styleUrl>#stT1</styleUrl><LineString><tessellate>1</tessellate><coordinates>-47.889290,-5.474520,0 -47.889850,-5.474130,0</coordinates></LineString></Placemark>
<Placemark><name>T1</name><styleUrl>#stT1</styleUrl><LineString><tessellate>1</tessellate><coordinates>-47.889850,-5.474130,0 -47.889800,-5.474030,0</coordinates></LineString></Placemark>
<Placemark><name>T1</name><styleUrl>#stT1</styleUrl><LineString><tessellate>1</tessellate><coordinates>-47.890430,-5.476170,0 -47.890050,-5.476200,0</coordinates></LineString></Placemark>
<Placemark><name>T1</name><styleUrl>#stT1</styleUrl><LineString><tessellate>1</tessellate><coordinates>-47.889290,-5.474520,0 -47.889280,-5.474540,0</coordinates></LineString></Placemark>
<Placemark><name>T1</name><styleUrl>#stT1</styleUrl><LineString><tessellate>1</tessellate><coordinates>-47.889110,-5.474220,0 -47.889290,-5.474520,0</coordinates></LineString></Placemark>
<Placemark><name>T1</name><styleUrl>#stT1</styleUrl><LineString><tessellate>1</tessellate><coordinates>-47.890050,-5.476200,0 -47.889740,-5.476210,0</coordinates></LineString></Placemark>
<Placemark><name>T1</name><styleUrl>#stT1</styleUrl><LineString><tessellate>1</tessellate><coordinates>-47.889280,-5.474540,0 -47.889020,-5.474730,0</coordinates></LineString></Placemark>
<Placemark><name>T1</name><styleUrl>#stT1</styleUrl><LineString><tessellate>1</tessellate><coordinates>-47.885840,-5.477000,0 -47.885600,-5.476960,0</coordinates></LineString></Placemark>
<Placemark><name>T1</name><styleUrl>#stT1</styleUrl><LineString><tessellate>1</tessellate><coordinates>-47.884650,-5.475450,0 -47.885840,-5.477000,0</coordinates></LineString></Placemark>
<Placemark><name>T1</name><styleUrl>#stT1</styleUrl><LineString><tessellate>1</tessellate><coordinates>-47.885840,-5.477000,0 -47.886080,-5.477050,0</coordinates></LineString></Placemark>
<Placemark><name>T1</name><styleUrl>#stT1</styleUrl><LineString><tessellate>1</tessellate><coordinates>-47.884680,-5.474960,0 -47.884650,-5.475450,0</coordinates></LineString></Placemark>
<Placemark><name>T1</name><styleUrl>#stT1</styleUrl><LineString><tessellate>1</tessellate><coordinates>-47.884650,-5.475450,0 -47.884650,-5.475630,0</coordinates></LineString></Placemark>
<Placemark><name>T1</name><styleUrl>#stT1</styleUrl><LineString><tessellate>1</tessellate><coordinates>-47.884650,-5.475450,0 -47.884560,-5.475440,0</coordinates></LineString></Placemark>
<Placemark><name>T1</name><styleUrl>#stT1</styleUrl><LineString><tessellate>1</tessellate><coordinates>-47.886870,-5.475080,0 -47.884680,-5.474960,0</coordinates></LineString></Placemark>
<Placemark><name>T1</name><styleUrl>#stT1</styleUrl><LineString><tessellate>1</tessellate><coordinates>-47.884680,-5.474960,0 -47.884060,-5.473550,0</coordinates></LineString></Placemark>
<Placemark><name>T1</name><styleUrl>#stT1</styleUrl><LineString><tessellate>1</tessellate><coordinates>-47.886870,-5.475080,0 -47.887030,-5.475090,0</coordinates></LineString></Placemark>
<Placemark><name>T1</name><styleUrl>#stT1</styleUrl><LineString><tessellate>1</tessellate><coordinates>-47.886550,-5.474110,0 -47.886870,-5.475080,0</coordinates></LineString></Placemark>
<Placemark><name>T1</name><styleUrl>#stT1</styleUrl><LineString><tessellate>1</tessellate><coordinates>-47.892060,-5.469740,0 -47.892220,-5.469580,0</coordinates></LineString></Placemark>
<Placemark><name>T1</name><styleUrl>#stT1</styleUrl><LineString><tessellate>1</tessellate><coordinates>-47.892060,-5.469740,0 -47.892020,-5.469740,0</coordinates></LineString></Placemark>
<Placemark><name>T1</name><styleUrl>#stT1</styleUrl><LineString><tessellate>1</tessellate><coordinates>-47.892060,-5.469760,0 -47.892060,-5.469740,0</coordinates></LineString></Placemark>
<Placemark><name>T1</name><styleUrl>#stT1</styleUrl><LineString><tessellate>1</tessellate><coordinates>-47.892220,-5.469580,0 -47.892240,-5.469550,0</coordinates></LineString></Placemark>
<Placemark><name>T1</name><styleUrl>#stT1</styleUrl><LineString><tessellate>1</tessellate><coordinates>-47.892240,-5.469550,0 -47.892250,-5.469420,0</coordinates></LineString></Placemark>
<Placemark><name>T1</name><styleUrl>#stT1</styleUrl><LineString><tessellate>1</tessellate><coordinates>-47.892250,-5.469420,0 -47.892250,-5.469410,0</coordinates></LineString></Placemark>
<Placemark><name>T1</name><styleUrl>#stT1</styleUrl><LineString><tessellate>1</tessellate><coordinates>-47.892250,-5.469410,0 -47.892520,-5.469790,0</coordinates></LineString></Placemark>
<Placemark><name>T1</name><styleUrl>#stT1</styleUrl><LineString><tessellate>1</tessellate><coordinates>-47.892250,-5.469410,0 -47.891740,-5.468670,0</coordinates></LineString></Placemark>
<Placemark><name>T1</name><styleUrl>#stT1</styleUrl><LineString><tessellate>1</tessellate><coordinates>-47.892520,-5.469790,0 -47.892490,-5.469830,0</coordinates></LineString></Placemark>
<Placemark><name>T1</name><styleUrl>#stT1</styleUrl><LineString><tessellate>1</tessellate><coordinates>-47.892520,-5.469790,0 -47.893430,-5.471100,0</coordinates></LineString></Placemark>
<Placemark><name>T1</name><styleUrl>#stT1</styleUrl><LineString><tessellate>1</tessellate><coordinates>-47.892520,-5.469790,0 -47.893830,-5.469030,0</coordinates></LineString></Placemark>
<Placemark><name>T1</name><styleUrl>#stT1</styleUrl><LineString><tessellate>1</tessellate><coordinates>-47.891740,-5.468670,0 -47.891770,-5.468650,0</coordinates></LineString></Placemark>
<Placemark><name>T1</name><styleUrl>#stT1</styleUrl><LineString><tessellate>1</tessellate><coordinates>-47.891740,-5.468670,0 -47.891540,-5.468870,0</coordinates></LineString></Placemark>
<Placemark><name>T1</name><styleUrl>#stT1</styleUrl><LineString><tessellate>1</tessellate><coordinates>-47.891740,-5.468670,0 -47.891560,-5.468420,0</coordinates></LineString></Placemark>
<Placemark><name>T1</name><styleUrl>#stT1</styleUrl><LineString><tessellate>1</tessellate><coordinates>-47.893430,-5.471100,0 -47.893440,-5.471110,0</coordinates></LineString></Placemark>
<Placemark><name>T1</name><styleUrl>#stT1</styleUrl><LineString><tessellate>1</tessellate><coordinates>-47.893830,-5.469030,0 -47.894100,-5.468820,0</coordinates></LineString></Placemark>
<Placemark><name>T1</name><styleUrl>#stT1</styleUrl><LineString><tessellate>1</tessellate><coordinates>-47.891560,-5.468420,0 -47.891200,-5.467900,0</coordinates></LineString></Placemark>
<Placemark><name>T1</name><styleUrl>#stT1</styleUrl><LineString><tessellate>1</tessellate><coordinates>-47.893440,-5.471110,0 -47.893610,-5.471340,0</coordinates></LineString></Placemark>
<Placemark><name>T1</name><styleUrl>#stT1</styleUrl><LineString><tessellate>1</tessellate><coordinates>-47.893610,-5.471340,0 -47.893580,-5.471340,0</coordinates></LineString></Placemark>
<Placemark><name>T1</name><styleUrl>#stT1</styleUrl><LineString><tessellate>1</tessellate><coordinates>-47.893610,-5.471340,0 -47.893920,-5.471790,0</coordinates></LineString></Placemark>
<Placemark><name>T1</name><styleUrl>#stT1</styleUrl><LineString><tessellate>1</tessellate><coordinates>-47.893580,-5.471340,0 -47.893420,-5.471380,0</coordinates></LineString></Placemark>
<Placemark><name>T1</name><styleUrl>#stT1</styleUrl><LineString><tessellate>1</tessellate><coordinates>-47.893920,-5.471790,0 -47.893990,-5.471880,0</coordinates></LineString></Placemark>
<Placemark><name>T1</name><styleUrl>#stT1</styleUrl><LineString><tessellate>1</tessellate><coordinates>-47.893920,-5.471790,0 -47.893730,-5.472020,0</coordinates></LineString></Placemark>
<Placemark><name>T1</name><styleUrl>#stT1</styleUrl><LineString><tessellate>1</tessellate><coordinates>-47.893920,-5.471790,0 -47.894020,-5.471690,0</coordinates></LineString></Placemark>
<Placemark><name>T1</name><styleUrl>#stT1</styleUrl><LineString><tessellate>1</tessellate><coordinates>-47.893990,-5.471880,0 -47.894460,-5.472570,0</coordinates></LineString></Placemark>
<Placemark><name>T1</name><styleUrl>#stT1</styleUrl><LineString><tessellate>1</tessellate><coordinates>-47.895940,-5.469560,0 -47.897070,-5.468390,0</coordinates></LineString></Placemark>
<Placemark><name>T1</name><styleUrl>#stT1</styleUrl><LineString><tessellate>1</tessellate><coordinates>-47.897070,-5.468390,0 -47.897330,-5.468120,0</coordinates></LineString></Placemark>
<Placemark><name>T1</name><styleUrl>#stT1</styleUrl><LineString><tessellate>1</tessellate><coordinates>-47.895920,-5.469580,0 -47.895940,-5.469560,0</coordinates></LineString></Placemark>
<Placemark><name>T1</name><styleUrl>#stT1</styleUrl><LineString><tessellate>1</tessellate><coordinates>-47.895750,-5.469770,0 -47.895920,-5.469580,0</coordinates></LineString></Placemark>
<Placemark><name>T1</name><styleUrl>#stT1</styleUrl><LineString><tessellate>1</tessellate><coordinates>-47.894030,-5.471680,0 -47.895750,-5.469770,0</coordinates></LineString></Placemark>
<Placemark><name>T1</name><styleUrl>#stT1</styleUrl><LineString><tessellate>1</tessellate><coordinates>-47.892790,-5.472010,0 -47.892390,-5.472310,0</coordinates></LineString></Placemark>
<Placemark><name>T1</name><styleUrl>#stT1</styleUrl><LineString><tessellate>1</tessellate><coordinates>-47.893400,-5.471410,0 -47.892790,-5.472010,0</coordinates></LineString></Placemark>
<Placemark><name>T1</name><styleUrl>#stT1</styleUrl><LineString><tessellate>1</tessellate><coordinates>-47.892810,-5.467820,0 -47.892840,-5.467800,0</coordinates></LineString></Placemark>
<Placemark><name>T1</name><styleUrl>#stT1</styleUrl><LineString><tessellate>1</tessellate><coordinates>-47.892840,-5.467800,0 -47.893920,-5.467150,0</coordinates></LineString></Placemark>
<Placemark><name>T1</name><styleUrl>#stT1</styleUrl><LineString><tessellate>1</tessellate><coordinates>-47.892520,-5.468000,0 -47.892810,-5.467820,0</coordinates></LineString></Placemark>
<Placemark><name>T1</name><styleUrl>#stT1</styleUrl><LineString><tessellate>1</tessellate><coordinates>-47.893920,-5.467150,0 -47.894220,-5.466970,0</coordinates></LineString></Placemark>
<Placemark><name>T1</name><styleUrl>#stT1</styleUrl><LineString><tessellate>1</tessellate><coordinates>-47.891790,-5.468630,0 -47.892520,-5.468000,0</coordinates></LineString></Placemark>
<Placemark><name>T1</name><styleUrl>#stT1</styleUrl><LineString><tessellate>1</tessellate><coordinates>-47.893830,-5.469030,0 -47.893820,-5.469000,0</coordinates></LineString></Placemark>
<Placemark><name>T1</name><styleUrl>#stT1</styleUrl><LineString><tessellate>1</tessellate><coordinates>-47.890070,-5.467200,0 -47.890060,-5.467150,0</coordinates></LineString></Placemark>
<Placemark><name>T1</name><styleUrl>#stT1</styleUrl><LineString><tessellate>1</tessellate><coordinates>-47.890460,-5.467400,0 -47.890070,-5.467200,0</coordinates></LineString></Placemark>
<Placemark><name>T1</name><styleUrl>#stT1</styleUrl><LineString><tessellate>1</tessellate><coordinates>-47.890690,-5.467520,0 -47.890460,-5.467400,0</coordinates></LineString></Placemark>
<Placemark><name>T1</name><styleUrl>#stT1</styleUrl><LineString><tessellate>1</tessellate><coordinates>-47.890720,-5.467530,0 -47.890690,-5.467520,0</coordinates></LineString></Placemark>
<Placemark><name>T1</name><styleUrl>#stT1</styleUrl><LineString><tessellate>1</tessellate><coordinates>-47.890870,-5.467610,0 -47.890720,-5.467530,0</coordinates></LineString></Placemark>
<Placemark><name>T1</name><styleUrl>#stT1</styleUrl><LineString><tessellate>1</tessellate><coordinates>-47.891190,-5.467880,0 -47.890870,-5.467610,0</coordinates></LineString></Placemark>
<Placemark><name>T1</name><styleUrl>#stT1</styleUrl><LineString><tessellate>1</tessellate><coordinates>-47.893830,-5.473860,0 -47.893350,-5.474260,0</coordinates></LineString></Placemark>
<Placemark><name>T1</name><styleUrl>#stT1</styleUrl><LineString><tessellate>1</tessellate><coordinates>-47.894780,-5.473030,0 -47.893830,-5.473860,0</coordinates></LineString></Placemark>
<Placemark><name>T1</name><styleUrl>#stT1</styleUrl><LineString><tessellate>1</tessellate><coordinates>-47.894770,-5.473010,0 -47.894780,-5.473030,0</coordinates></LineString></Placemark>
<Placemark><name>T1</name><styleUrl>#stT1</styleUrl><LineString><tessellate>1</tessellate><coordinates>-47.894780,-5.473030,0 -47.894960,-5.472860,0</coordinates></LineString></Placemark>
<Placemark><name>T1</name><styleUrl>#stT1</styleUrl><LineString><tessellate>1</tessellate><coordinates>-47.894480,-5.472590,0 -47.894770,-5.473010,0</coordinates></LineString></Placemark>
<Placemark><name>T1</name><styleUrl>#stT1</styleUrl><LineString><tessellate>1</tessellate><coordinates>-47.894250,-5.465780,0 -47.894230,-5.465750,0</coordinates></LineString></Placemark>
<Placemark><name>T1</name><styleUrl>#stT1</styleUrl><LineString><tessellate>1</tessellate><coordinates>-47.894230,-5.465750,0 -47.894030,-5.465500,0</coordinates></LineString></Placemark>
<Placemark><name>T1</name><styleUrl>#stT1</styleUrl><LineString><tessellate>1</tessellate><coordinates>-47.894250,-5.465780,0 -47.895480,-5.465180,0</coordinates></LineString></Placemark>
<Placemark><name>T1</name><styleUrl>#stT1</styleUrl><LineString><tessellate>1</tessellate><coordinates>-47.894780,-5.466640,0 -47.894250,-5.465780,0</coordinates></LineString></Placemark>
<Placemark><name>T1</name><styleUrl>#stT1</styleUrl><LineString><tessellate>1</tessellate><coordinates>-47.894250,-5.465780,0 -47.894160,-5.465830,0</coordinates></LineString></Placemark>
<Placemark><name>T1</name><styleUrl>#stT1</styleUrl><LineString><tessellate>1</tessellate><coordinates>-47.895480,-5.465180,0 -47.895520,-5.465160,0</coordinates></LineString></Placemark>
<Placemark><name>T1</name><styleUrl>#stT1</styleUrl><LineString><tessellate>1</tessellate><coordinates>-47.894760,-5.466650,0 -47.894780,-5.466640,0</coordinates></LineString></Placemark>
<Placemark><name>T1</name><styleUrl>#stT1</styleUrl><LineString><tessellate>1</tessellate><coordinates>-47.894780,-5.466640,0 -47.894910,-5.466850,0</coordinates></LineString></Placemark>
<Placemark><name>T1</name><styleUrl>#stT1</styleUrl><LineString><tessellate>1</tessellate><coordinates>-47.895520,-5.465160,0 -47.895600,-5.465130,0</coordinates></LineString></Placemark>
<Placemark><name>T1</name><styleUrl>#stT1</styleUrl><LineString><tessellate>1</tessellate><coordinates>-47.894190,-5.466990,0 -47.894760,-5.466650,0</coordinates></LineString></Placemark>
<Placemark><name>T1</name><styleUrl>#stT1</styleUrl><LineString><tessellate>1</tessellate><coordinates>-47.895600,-5.465130,0 -47.895640,-5.465240,0</coordinates></LineString></Placemark>
<Placemark><name>T1</name><styleUrl>#stT1</styleUrl><LineString><tessellate>1</tessellate><coordinates>-47.895600,-5.465130,0 -47.896450,-5.464700,0</coordinates></LineString></Placemark>
<Placemark><name>T1</name><styleUrl>#stT1</styleUrl><LineString><tessellate>1</tessellate><coordinates>-47.895600,-5.465130,0 -47.895410,-5.464680,0</coordinates></LineString></Placemark>
<Placemark><name>T1</name><styleUrl>#stT1</styleUrl><LineString><tessellate>1</tessellate><coordinates>-47.896450,-5.464700,0 -47.896630,-5.464610,0</coordinates></LineString></Placemark>
<Placemark><name>T1</name><styleUrl>#stT1</styleUrl><LineString><tessellate>1</tessellate><coordinates>-47.895410,-5.464680,0 -47.894990,-5.463660,0</coordinates></LineString></Placemark>
<Placemark><name>T1</name><styleUrl>#stT1</styleUrl><LineString><tessellate>1</tessellate><coordinates>-47.896630,-5.464610,0 -47.896910,-5.464470,0</coordinates></LineString></Placemark>
<Placemark><name>T1</name><styleUrl>#stT1</styleUrl><LineString><tessellate>1</tessellate><coordinates>-47.894990,-5.463660,0 -47.894870,-5.463360,0</coordinates></LineString></Placemark>
<Placemark><name>T1</name><styleUrl>#stT1</styleUrl><LineString><tessellate>1</tessellate><coordinates>-47.891390,-5.467320,0 -47.892820,-5.466520,0</coordinates></LineString></Placemark>
<Placemark><name>T1</name><styleUrl>#stT1</styleUrl><LineString><tessellate>1</tessellate><coordinates>-47.890920,-5.467580,0 -47.891390,-5.467320,0</coordinates></LineString></Placemark>
<Placemark><name>T1</name><styleUrl>#stT1</styleUrl><LineString><tessellate>1</tessellate><coordinates>-47.890060,-5.467200,0 -47.890010,-5.467190,0</coordinates></LineString></Placemark>
<Placemark><name>T1</name><styleUrl>#stT1</styleUrl><LineString><tessellate>1</tessellate><coordinates>-47.892120,-5.475310,0 -47.892100,-5.475330,0</coordinates></LineString></Placemark>
<Placemark><name>T1</name><styleUrl>#stT1</styleUrl><LineString><tessellate>1</tessellate><coordinates>-47.892100,-5.475330,0 -47.891930,-5.475240,0</coordinates></LineString></Placemark>
<Placemark><name>T1</name><styleUrl>#stT1</styleUrl><LineString><tessellate>1</tessellate><coordinates>-47.892130,-5.475300,0 -47.892120,-5.475310,0</coordinates></LineString></Placemark>
<Placemark><name>T1</name><styleUrl>#stT1</styleUrl><LineString><tessellate>1</tessellate><coordinates>-47.892130,-5.475300,0 -47.892230,-5.475500,0</coordinates></LineString></Placemark>
<Placemark><name>T1</name><styleUrl>#stT1</styleUrl><LineString><tessellate>1</tessellate><coordinates>-47.892130,-5.475300,0 -47.892050,-5.475130,0</coordinates></LineString></Placemark>
<Placemark><name>T1</name><styleUrl>#stT1</styleUrl><LineString><tessellate>1</tessellate><coordinates>-47.892400,-5.475070,0 -47.892130,-5.475300,0</coordinates></LineString></Placemark>
<Placemark><name>T1</name><styleUrl>#stT1</styleUrl><LineString><tessellate>1</tessellate><coordinates>-47.892430,-5.475050,0 -47.892400,-5.475070,0</coordinates></LineString></Placemark>
<Placemark><name>T1</name><styleUrl>#stT1</styleUrl><LineString><tessellate>1</tessellate><coordinates>-47.893330,-5.474280,0 -47.892430,-5.475050,0</coordinates></LineString></Placemark>
<Placemark><name>T1</name><styleUrl>#stT1</styleUrl><LineString><tessellate>1</tessellate><coordinates>-47.896440,-5.464680,0 -47.896360,-5.464510,0</coordinates></LineString></Placemark>
<Placemark><name>T1</name><styleUrl>#stT1</styleUrl><LineString><tessellate>1</tessellate><coordinates>-47.892820,-5.466520,0 -47.892810,-5.466480,0</coordinates></LineString></Placemark>
<Placemark><name>T1</name><styleUrl>#stT1</styleUrl><LineString><tessellate>1</tessellate><coordinates>-47.892900,-5.476820,0 -47.892920,-5.476810,0</coordinates></LineString></Placemark>
<Placemark><name>T1</name><styleUrl>#stT1</styleUrl><LineString><tessellate>1</tessellate><coordinates>-47.892420,-5.475880,0 -47.892900,-5.476820,0</coordinates></LineString></Placemark>
<Placemark><name>T1</name><styleUrl>#stT1</styleUrl><LineString><tessellate>1</tessellate><coordinates>-47.892900,-5.476820,0 -47.893700,-5.478390,0</coordinates></LineString></Placemark>
<Placemark><name>T1</name><styleUrl>#stT1</styleUrl><LineString><tessellate>1</tessellate><coordinates>-47.892920,-5.476810,0 -47.893520,-5.476440,0</coordinates></LineString></Placemark>
<Placemark><name>T1</name><styleUrl>#stT1</styleUrl><LineString><tessellate>1</tessellate><coordinates>-47.892220,-5.475480,0 -47.892420,-5.475880,0</coordinates></LineString></Placemark>
<Placemark><name>T1</name><styleUrl>#stT1</styleUrl><LineString><tessellate>1</tessellate><coordinates>-47.893700,-5.478390,0 -47.892020,-5.478040,0</coordinates></LineString></Placemark>
<Placemark><name>T1</name><styleUrl>#stT1</styleUrl><LineString><tessellate>1</tessellate><coordinates>-47.893700,-5.478390,0 -47.893920,-5.478830,0</coordinates></LineString></Placemark>
<Placemark><name>T1</name><styleUrl>#stT1</styleUrl><LineString><tessellate>1</tessellate><coordinates>-47.893700,-5.478390,0 -47.893770,-5.478400,0</coordinates></LineString></Placemark>
<Placemark><name>T1</name><styleUrl>#stT1</styleUrl><LineString><tessellate>1</tessellate><coordinates>-47.893520,-5.476440,0 -47.893800,-5.476260,0</coordinates></LineString></Placemark>
<Placemark><name>T1</name><styleUrl>#stT1</styleUrl><LineString><tessellate>1</tessellate><coordinates>-47.892020,-5.478040,0 -47.891690,-5.477970,0</coordinates></LineString></Placemark>
<Placemark><name>T1</name><styleUrl>#stT1</styleUrl><LineString><tessellate>1</tessellate><coordinates>-47.893920,-5.478830,0 -47.892280,-5.479430,0</coordinates></LineString></Placemark>
<Placemark><name>T1</name><styleUrl>#stT1</styleUrl><LineString><tessellate>1</tessellate><coordinates>-47.893920,-5.478830,0 -47.893970,-5.478810,0</coordinates></LineString></Placemark>
<Placemark><name>T1</name><styleUrl>#stT1</styleUrl><LineString><tessellate>1</tessellate><coordinates>-47.893920,-5.478830,0 -47.893990,-5.478970,0</coordinates></LineString></Placemark>
<Placemark><name>T1</name><styleUrl>#stT1</styleUrl><LineString><tessellate>1</tessellate><coordinates>-47.893800,-5.476260,0 -47.893820,-5.476250,0</coordinates></LineString></Placemark>
<Placemark><name>T1</name><styleUrl>#stT1</styleUrl><LineString><tessellate>1</tessellate><coordinates>-47.892280,-5.479430,0 -47.891900,-5.479570,0</coordinates></LineString></Placemark>
<Placemark><name>T1</name><styleUrl>#stT1</styleUrl><LineString><tessellate>1</tessellate><coordinates>-47.892280,-5.479430,0 -47.892310,-5.479500,0</coordinates></LineString></Placemark>
<Placemark><name>T1</name><styleUrl>#stT1</styleUrl><LineString><tessellate>1</tessellate><coordinates>-47.892280,-5.479430,0 -47.891840,-5.478610,0</coordinates></LineString></Placemark>
<Placemark><name>T1</name><styleUrl>#stT1</styleUrl><LineString><tessellate>1</tessellate><coordinates>-47.893820,-5.476250,0 -47.894300,-5.475960,0</coordinates></LineString></Placemark>
<Placemark><name>T1</name><styleUrl>#stT1</styleUrl><LineString><tessellate>1</tessellate><coordinates>-47.891900,-5.479570,0 -47.891600,-5.479680,0</coordinates></LineString></Placemark>
<Placemark><name>T1</name><styleUrl>#stT1</styleUrl><LineString><tessellate>1</tessellate><coordinates>-47.891840,-5.478610,0 -47.892090,-5.478520,0</coordinates></LineString></Placemark>
<Placemark><name>T1</name><styleUrl>#stT1</styleUrl><LineString><tessellate>1</tessellate><coordinates>-47.891840,-5.478610,0 -47.891460,-5.478750,0</coordinates></LineString></Placemark>
<Placemark><name>T1</name><styleUrl>#stT1</styleUrl><LineString><tessellate>1</tessellate><coordinates>-47.891840,-5.478610,0 -47.891740,-5.478430,0</coordinates></LineString></Placemark>
<Placemark><name>T1</name><styleUrl>#stT1</styleUrl><LineString><tessellate>1</tessellate><coordinates>-47.891460,-5.478750,0 -47.891150,-5.478860,0</coordinates></LineString></Placemark>
<Placemark><name>T1</name><styleUrl>#stT1</styleUrl><LineString><tessellate>1</tessellate><coordinates>-47.891150,-5.478860,0 -47.891110,-5.478880,0</coordinates></LineString></Placemark>
<Placemark><name>T1</name><styleUrl>#stT1</styleUrl><LineString><tessellate>1</tessellate><coordinates>-47.891110,-5.478880,0 -47.889880,-5.479310,0</coordinates></LineString></Placemark>
<Placemark><name>T1</name><styleUrl>#stT1</styleUrl><LineString><tessellate>1</tessellate><coordinates>-47.895570,-5.474790,0 -47.895580,-5.474780,0</coordinates></LineString></Placemark>
<Placemark><name>T1</name><styleUrl>#stT1</styleUrl><LineString><tessellate>1</tessellate><coordinates>-47.894330,-5.475930,0 -47.895570,-5.474790,0</coordinates></LineString></Placemark>
<Placemark><name>T1</name><styleUrl>#stT1</styleUrl><LineString><tessellate>1</tessellate><coordinates>-47.895580,-5.474780,0 -47.896730,-5.475600,0</coordinates></LineString></Placemark>
<Placemark><name>T1</name><styleUrl>#stT1</styleUrl><LineString><tessellate>1</tessellate><coordinates>-47.895580,-5.474780,0 -47.894730,-5.474170,0</coordinates></LineString></Placemark>
<Placemark><name>T1</name><styleUrl>#stT1</styleUrl><LineString><tessellate>1</tessellate><coordinates>-47.896730,-5.475600,0 -47.897000,-5.475780,0</coordinates></LineString></Placemark>
<Placemark><name>T1</name><styleUrl>#stT1</styleUrl><LineString><tessellate>1</tessellate><coordinates>-47.894730,-5.474170,0 -47.894440,-5.473950,0</coordinates></LineString></Placemark>
<Placemark><name>T1</name><styleUrl>#stT1</styleUrl><LineString><tessellate>1</tessellate><coordinates>-47.887070,-5.478360,0 -47.887170,-5.478320,0</coordinates></LineString></Placemark>
<Placemark><name>T1</name><styleUrl>#stT1</styleUrl><LineString><tessellate>1</tessellate><coordinates>-47.887070,-5.478360,0 -47.886570,-5.477340,0</coordinates></LineString></Placemark>
<Placemark><name>T1</name><styleUrl>#stT1</styleUrl><LineString><tessellate>1</tessellate><coordinates>-47.887070,-5.478360,0 -47.886510,-5.478650,0</coordinates></LineString></Placemark>
<Placemark><name>T1</name><styleUrl>#stT1</styleUrl><LineString><tessellate>1</tessellate><coordinates>-47.887550,-5.479320,0 -47.887070,-5.478360,0</coordinates></LineString></Placemark>
<Placemark><name>T1</name><styleUrl>#stT1</styleUrl><LineString><tessellate>1</tessellate><coordinates>-47.886570,-5.477340,0 -47.886490,-5.477160,0</coordinates></LineString></Placemark>
<Placemark><name>T1</name><styleUrl>#stT1</styleUrl><LineString><tessellate>1</tessellate><coordinates>-47.886510,-5.478650,0 -47.886310,-5.478750,0</coordinates></LineString></Placemark>
<Placemark><name>T1</name><styleUrl>#stT1</styleUrl><LineString><tessellate>1</tessellate><coordinates>-47.887550,-5.479320,0 -47.887750,-5.479230,0</coordinates></LineString></Placemark>
<Placemark><name>T1</name><styleUrl>#stT1</styleUrl><LineString><tessellate>1</tessellate><coordinates>-47.887550,-5.479320,0 -47.886290,-5.479980,0</coordinates></LineString></Placemark>
<Placemark><name>T1</name><styleUrl>#stT1</styleUrl><LineString><tessellate>1</tessellate><coordinates>-47.887860,-5.479930,0 -47.887550,-5.479320,0</coordinates></LineString></Placemark>
<Placemark><name>T1</name><styleUrl>#stT1</styleUrl><LineString><tessellate>1</tessellate><coordinates>-47.886490,-5.477160,0 -47.886480,-5.477140,0</coordinates></LineString></Placemark>
<Placemark><name>T1</name><styleUrl>#stT1</styleUrl><LineString><tessellate>1</tessellate><coordinates>-47.886290,-5.479980,0 -47.886420,-5.480260,0</coordinates></LineString></Placemark>
<Placemark><name>T1</name><styleUrl>#stT1</styleUrl><LineString><tessellate>1</tessellate><coordinates>-47.886290,-5.479980,0 -47.886130,-5.480060,0</coordinates></LineString></Placemark>
<Placemark><name>T1</name><styleUrl>#stT1</styleUrl><LineString><tessellate>1</tessellate><coordinates>-47.886290,-5.479980,0 -47.886250,-5.479910,0</coordinates></LineString></Placemark>
<Placemark><name>T1</name><styleUrl>#stT1</styleUrl><LineString><tessellate>1</tessellate><coordinates>-47.887980,-5.480200,0 -47.887860,-5.479930,0</coordinates></LineString></Placemark>
<Placemark><name>T1</name><styleUrl>#stT1</styleUrl><LineString><tessellate>1</tessellate><coordinates>-47.886480,-5.477140,0 -47.886120,-5.477060,0</coordinates></LineString></Placemark>
<Placemark><name>T1</name><styleUrl>#stT1</styleUrl><LineString><tessellate>1</tessellate><coordinates>-47.886420,-5.480260,0 -47.886590,-5.480600,0</coordinates></LineString></Placemark>
<Placemark><name>T1</name><styleUrl>#stT1</styleUrl><LineString><tessellate>1</tessellate><coordinates>-47.887980,-5.480200,0 -47.887850,-5.480260,0</coordinates></LineString></Placemark>
<Placemark><name>T1</name><styleUrl>#stT1</styleUrl><LineString><tessellate>1</tessellate><coordinates>-47.887980,-5.480200,0 -47.888010,-5.480230,0</coordinates></LineString></Placemark>
<Placemark><name>T1</name><styleUrl>#stT1</styleUrl><LineString><tessellate>1</tessellate><coordinates>-47.889140,-5.479600,0 -47.887980,-5.480200,0</coordinates></LineString></Placemark>
<Placemark><name>T1</name><styleUrl>#stT1</styleUrl><LineString><tessellate>1</tessellate><coordinates>-47.889850,-5.479320,0 -47.889140,-5.479600,0</coordinates></LineString></Placemark>
<Placemark><name>T1</name><styleUrl>#stT1</styleUrl><LineString><tessellate>1</tessellate><coordinates>-47.889140,-5.479600,0 -47.889110,-5.479500,0</coordinates></LineString></Placemark>
<Placemark><name>T1</name><styleUrl>#stT1</styleUrl><LineString><tessellate>1</tessellate><coordinates>-47.889140,-5.479600,0 -47.889240,-5.479770,0</coordinates></LineString></Placemark>
<Placemark><name>T1</name><styleUrl>#stT1</styleUrl><LineString><tessellate>1</tessellate><coordinates>-47.889240,-5.479770,0 -47.889310,-5.479920,0</coordinates></LineString></Placemark>
<Placemark><name>T1</name><styleUrl>#stT1</styleUrl><LineString><tessellate>1</tessellate><coordinates>-47.878000,-5.474830,0 -47.878050,-5.474810,0</coordinates></LineString></Placemark>
<Placemark><name>T1</name><styleUrl>#stT1</styleUrl><LineString><tessellate>1</tessellate><coordinates>-47.879190,-5.469450,0 -47.879170,-5.469450,0</coordinates></LineString></Placemark>
<Placemark><name>T1</name><styleUrl>#stT1</styleUrl><LineString><tessellate>1</tessellate><coordinates>-47.879270,-5.469870,0 -47.879190,-5.469450,0</coordinates></LineString></Placemark>
<Placemark><name>T1</name><styleUrl>#stT1</styleUrl><LineString><tessellate>1</tessellate><coordinates>-47.879190,-5.469450,0 -47.879120,-5.469110,0</coordinates></LineString></Placemark>
<Placemark><name>T1</name><styleUrl>#stT1</styleUrl><LineString><tessellate>1</tessellate><coordinates>-47.879170,-5.469450,0 -47.878840,-5.469520,0</coordinates></LineString></Placemark>
<Placemark><name>T1</name><styleUrl>#stT1</styleUrl><LineString><tessellate>1</tessellate><coordinates>-47.879150,-5.469890,0 -47.879270,-5.469870,0</coordinates></LineString></Placemark>
<Placemark><name>T1</name><styleUrl>#stT1</styleUrl><LineString><tessellate>1</tessellate><coordinates>-47.879270,-5.469870,0 -47.879440,-5.469830,0</coordinates></LineString></Placemark>
<Placemark><name>T1</name><styleUrl>#stT1</styleUrl><LineString><tessellate>1</tessellate><coordinates>-47.879270,-5.469870,0 -47.879330,-5.470160,0</coordinates></LineString></Placemark>
<Placemark><name>T1</name><styleUrl>#stT1</styleUrl><LineString><tessellate>1</tessellate><coordinates>-47.878840,-5.469520,0 -47.878500,-5.469620,0</coordinates></LineString></Placemark>
<Placemark><name>T1</name><styleUrl>#stT1</styleUrl><LineString><tessellate>1</tessellate><coordinates>-47.878180,-5.470090,0 -47.879150,-5.469890,0</coordinates></LineString></Placemark>
<Placemark><name>T1</name><styleUrl>#stT1</styleUrl><LineString><tessellate>1</tessellate><coordinates>-47.879440,-5.469830,0 -47.879470,-5.469820,0</coordinates></LineString></Placemark>
<Placemark><name>T1</name><styleUrl>#stT1</styleUrl><LineString><tessellate>1</tessellate><coordinates>-47.878180,-5.470090,0 -47.878150,-5.469880,0</coordinates></LineString></Placemark>
<Placemark><name>T1</name><styleUrl>#stT1</styleUrl><LineString><tessellate>1</tessellate><coordinates>-47.878180,-5.470090,0 -47.878030,-5.470120,0</coordinates></LineString></Placemark>
<Placemark><name>T1</name><styleUrl>#stT1</styleUrl><LineString><tessellate>1</tessellate><coordinates>-47.878370,-5.471360,0 -47.878180,-5.470090,0</coordinates></LineString></Placemark>
<Placemark><name>T1</name><styleUrl>#stT1</styleUrl><LineString><tessellate>1</tessellate><coordinates>-47.879470,-5.469820,0 -47.880380,-5.469540,0</coordinates></LineString></Placemark>
<Placemark><name>T1</name><styleUrl>#stT1</styleUrl><LineString><tessellate>1</tessellate><coordinates>-47.878370,-5.471360,0 -47.878430,-5.471340,0</coordinates></LineString></Placemark>
<Placemark><name>T1</name><styleUrl>#stT1</styleUrl><LineString><tessellate>1</tessellate><coordinates>-47.878620,-5.473040,0 -47.878370,-5.471360,0</coordinates></LineString></Placemark>
<Placemark><name>T1</name><styleUrl>#stT1</styleUrl><LineString><tessellate>1</tessellate><coordinates>-47.878370,-5.471360,0 -47.877760,-5.471430,0</coordinates></LineString></Placemark>
<Placemark><name>T1</name><styleUrl>#stT1</styleUrl><LineString><tessellate>1</tessellate><coordinates>-47.880380,-5.469540,0 -47.880390,-5.469560,0</coordinates></LineString></Placemark>
<Placemark><name>T1</name><styleUrl>#stT1</styleUrl><LineString><tessellate>1</tessellate><coordinates>-47.880380,-5.469540,0 -47.880590,-5.469460,0</coordinates></LineString></Placemark>
<Placemark><name>T1</name><styleUrl>#stT1</styleUrl><LineString><tessellate>1</tessellate><coordinates>-47.878600,-5.473040,0 -47.878620,-5.473040,0</coordinates></LineString></Placemark>
<Placemark><name>T1</name><styleUrl>#stT1</styleUrl><LineString><tessellate>1</tessellate><coordinates>-47.877760,-5.471430,0 -47.877370,-5.471490,0</coordinates></LineString></Placemark>
<Placemark><name>T1</name><styleUrl>#stT1</styleUrl><LineString><tessellate>1</tessellate><coordinates>-47.880390,-5.469560,0 -47.880590,-5.470180,0</coordinates></LineString></Placemark>
<Placemark><name>T1</name><styleUrl>#stT1</styleUrl><LineString><tessellate>1</tessellate><coordinates>-47.878550,-5.473040,0 -47.878600,-5.473040,0</coordinates></LineString></Placemark>
<Placemark><name>T1</name><styleUrl>#stT1</styleUrl><LineString><tessellate>1</tessellate><coordinates>-47.880590,-5.470180,0 -47.880650,-5.470350,0</coordinates></LineString></Placemark>
<Placemark><name>T1</name><styleUrl>#stT1</styleUrl><LineString><tessellate>1</tessellate><coordinates>-47.878530,-5.473040,0 -47.878550,-5.473040,0</coordinates></LineString></Placemark>
<Placemark><name>T1</name><styleUrl>#stT1</styleUrl><LineString><tessellate>1</tessellate><coordinates>-47.880650,-5.470350,0 -47.880760,-5.470310,0</coordinates></LineString></Placemark>
<Placemark><name>T1</name><styleUrl>#stT1</styleUrl><LineString><tessellate>1</tessellate><coordinates>-47.880650,-5.470350,0 -47.880710,-5.470570,0</coordinates></LineString></Placemark>
<Placemark><name>T1</name><styleUrl>#stT1</styleUrl><LineString><tessellate>1</tessellate><coordinates>-47.880650,-5.470350,0 -47.880520,-5.470400,0</coordinates></LineString></Placemark>
<Placemark><name>T1</name><styleUrl>#stT1</styleUrl><LineString><tessellate>1</tessellate><coordinates>-47.878700,-5.473680,0 -47.878530,-5.473040,0</coordinates></LineString></Placemark>
<Placemark><name>T1</name><styleUrl>#stT1</styleUrl><LineString><tessellate>1</tessellate><coordinates>-47.878700,-5.473700,0 -47.878700,-5.473680,0</coordinates></LineString></Placemark>
<Placemark><name>T1</name><styleUrl>#stT1</styleUrl><LineString><tessellate>1</tessellate><coordinates>-47.878700,-5.473680,0 -47.878720,-5.473710,0</coordinates></LineString></Placemark>
<Placemark><name>T1</name><styleUrl>#stT1</styleUrl><LineString><tessellate>1</tessellate><coordinates>-47.877850,-5.474150,0 -47.878700,-5.473700,0</coordinates></LineString></Placemark>
<Placemark><name>T1</name><styleUrl>#stT1</styleUrl><LineString><tessellate>1</tessellate><coordinates>-47.878720,-5.473710,0 -47.878790,-5.473830,0</coordinates></LineString></Placemark>
<Placemark><name>T1</name><styleUrl>#stT1</styleUrl><LineString><tessellate>1</tessellate><coordinates>-47.877800,-5.474170,0 -47.877850,-5.474150,0</coordinates></LineString></Placemark>
<Placemark><name>T1</name><styleUrl>#stT1</styleUrl><LineString><tessellate>1</tessellate><coordinates>-47.877790,-5.474200,0 -47.877800,-5.474170,0</coordinates></LineString></Placemark>
<Placemark><name>T1</name><styleUrl>#stT1</styleUrl><LineString><tessellate>1</tessellate><coordinates>-47.877800,-5.474170,0 -47.877660,-5.474250,0</coordinates></LineString></Placemark>
<Placemark><name>T1</name><styleUrl>#stT1</styleUrl><LineString><tessellate>1</tessellate><coordinates>-47.877960,-5.474520,0 -47.877790,-5.474200,0</coordinates></LineString></Placemark>
<Placemark><name>T1</name><styleUrl>#stT1</styleUrl><LineString><tessellate>1</tessellate><coordinates>-47.877980,-5.474550,0 -47.877960,-5.474520,0</coordinates></LineString></Placemark>
<Placemark><name>T1</name><styleUrl>#stT1</styleUrl><LineString><tessellate>1</tessellate><coordinates>-47.878100,-5.474780,0 -47.877980,-5.474550,0</coordinates></LineString></Placemark>
<Placemark><name>T1</name><styleUrl>#stT1</styleUrl><LineString><tessellate>1</tessellate><coordinates>-47.878090,-5.474790,0 -47.878100,-5.474780,0</coordinates></LineString></Placemark>
<Placemark><name>T1</name><styleUrl>#stT1</styleUrl><LineString><tessellate>1</tessellate><coordinates>-47.878050,-5.474810,0 -47.878090,-5.474790,0</coordinates></LineString></Placemark>
<Placemark><name>T1</name><styleUrl>#stT1</styleUrl><LineString><tessellate>1</tessellate><coordinates>-47.878970,-5.465100,0 -47.879000,-5.465120,0</coordinates></LineString></Placemark>
<Placemark><name>T1</name><styleUrl>#stT1</styleUrl><LineString><tessellate>1</tessellate><coordinates>-47.878350,-5.464730,0 -47.878970,-5.465100,0</coordinates></LineString></Placemark>
<Placemark><name>T1</name><styleUrl>#stT1</styleUrl><LineString><tessellate>1</tessellate><coordinates>-47.878320,-5.464740,0 -47.878350,-5.464730,0</coordinates></LineString></Placemark>
<Placemark><name>T1</name><styleUrl>#stT1</styleUrl><LineString><tessellate>1</tessellate><coordinates>-47.877490,-5.464920,0 -47.878320,-5.464740,0</coordinates></LineString></Placemark>
<Placemark><name>T1</name><styleUrl>#stT1</styleUrl><LineString><tessellate>1</tessellate><coordinates>-47.877470,-5.464950,0 -47.877490,-5.464920,0</coordinates></LineString></Placemark>
<Placemark><name>T1</name><styleUrl>#stT1</styleUrl><LineString><tessellate>1</tessellate><coordinates>-47.877510,-5.465250,0 -47.877470,-5.464950,0</coordinates></LineString></Placemark>
<Placemark><name>T1</name><styleUrl>#stT1</styleUrl><LineString><tessellate>1</tessellate><coordinates>-47.877520,-5.465290,0 -47.877510,-5.465250,0</coordinates></LineString></Placemark>
<Placemark><name>T1</name><styleUrl>#stT1</styleUrl><LineString><tessellate>1</tessellate><coordinates>-47.877570,-5.465620,0 -47.877520,-5.465290,0</coordinates></LineString></Placemark>
<Placemark><name>T1</name><styleUrl>#stT1</styleUrl><LineString><tessellate>1</tessellate><coordinates>-47.877570,-5.465650,0 -47.877570,-5.465620,0</coordinates></LineString></Placemark>
<Placemark><name>T1</name><styleUrl>#stT1</styleUrl><LineString><tessellate>1</tessellate><coordinates>-47.877580,-5.465750,0 -47.877570,-5.465650,0</coordinates></LineString></Placemark>
<Placemark><name>T1</name><styleUrl>#stT1</styleUrl><LineString><tessellate>1</tessellate><coordinates>-47.877580,-5.465750,0 -47.877620,-5.465720,0</coordinates></LineString></Placemark>
<Placemark><name>T1</name><styleUrl>#stT1</styleUrl><LineString><tessellate>1</tessellate><coordinates>-47.877580,-5.465750,0 -47.877140,-5.465810,0</coordinates></LineString></Placemark>
<Placemark><name>T1</name><styleUrl>#stT1</styleUrl><LineString><tessellate>1</tessellate><coordinates>-47.877760,-5.467000,0 -47.877580,-5.465750,0</coordinates></LineString></Placemark>
<Placemark><name>T1</name><styleUrl>#stT1</styleUrl><LineString><tessellate>1</tessellate><coordinates>-47.877140,-5.465810,0 -47.876790,-5.465870,0</coordinates></LineString></Placemark>
<Placemark><name>T1</name><styleUrl>#stT1</styleUrl><LineString><tessellate>1</tessellate><coordinates>-47.877760,-5.467030,0 -47.877760,-5.467000,0</coordinates></LineString></Placemark>
<Placemark><name>T1</name><styleUrl>#stT1</styleUrl><LineString><tessellate>1</tessellate><coordinates>-47.877870,-5.467840,0 -47.877760,-5.467030,0</coordinates></LineString></Placemark>
<Placemark><name>T1</name><styleUrl>#stT1</styleUrl><LineString><tessellate>1</tessellate><coordinates>-47.877870,-5.467840,0 -47.877990,-5.467820,0</coordinates></LineString></Placemark>
<Placemark><name>T1</name><styleUrl>#stT1</styleUrl><LineString><tessellate>1</tessellate><coordinates>-47.878140,-5.469820,0 -47.877870,-5.467840,0</coordinates></LineString></Placemark>
<Placemark><name>T1</name><styleUrl>#stT1</styleUrl><LineString><tessellate>1</tessellate><coordinates>-47.877870,-5.467840,0 -47.877320,-5.467890,0</coordinates></LineString></Placemark>
<Placemark><name>T1</name><styleUrl>#stT1</styleUrl><LineString><tessellate>1</tessellate><coordinates>-47.877320,-5.467890,0 -47.877060,-5.467930,0</coordinates></LineString></Placemark>
<Placemark><name>T1</name><styleUrl>#stT1</styleUrl><LineString><tessellate>1</tessellate><coordinates>-47.883000,-5.466700,0 -47.883030,-5.466730,0</coordinates></LineString></Placemark>
<Placemark><name>T1</name><styleUrl>#stT1</styleUrl><LineString><tessellate>1</tessellate><coordinates>-47.883030,-5.466730,0 -47.883100,-5.466800,0</coordinates></LineString></Placemark>
<Placemark><name>T1</name><styleUrl>#stT1</styleUrl><LineString><tessellate>1</tessellate><coordinates>-47.883100,-5.466800,0 -47.883290,-5.466970,0</coordinates></LineString></Placemark>
<Placemark><name>T1</name><styleUrl>#stT1</styleUrl><LineString><tessellate>1</tessellate><coordinates>-47.883290,-5.466970,0 -47.883380,-5.467160,0</coordinates></LineString></Placemark>
<Placemark><name>T1</name><styleUrl>#stT1</styleUrl><LineString><tessellate>1</tessellate><coordinates>-47.883380,-5.467160,0 -47.883380,-5.467210,0</coordinates></LineString></Placemark>
<Placemark><name>T1</name><styleUrl>#stT1</styleUrl><LineString><tessellate>1</tessellate><coordinates>-47.883380,-5.467210,0 -47.883390,-5.467520,0</coordinates></LineString></Placemark>
<Placemark><name>T1</name><styleUrl>#stT1</styleUrl><LineString><tessellate>1</tessellate><coordinates>-47.882950,-5.466790,0 -47.882910,-5.466870,0</coordinates></LineString></Placemark>
<Placemark><name>T1</name><styleUrl>#stT1</styleUrl><LineString><tessellate>1</tessellate><coordinates>-47.882950,-5.466790,0 -47.882920,-5.466880,0</coordinates></LineString></Placemark>
<Placemark><name>T1</name><styleUrl>#stT1</styleUrl><LineString><tessellate>1</tessellate><coordinates>-47.883020,-5.466740,0 -47.882950,-5.466790,0</coordinates></LineString></Placemark>
<Placemark><name>T1</name><styleUrl>#stT1</styleUrl><LineString><tessellate>1</tessellate><coordinates>-47.883150,-5.467000,0 -47.883130,-5.466940,0</coordinates></LineString></Placemark>
<Placemark><name>T1</name><styleUrl>#stT1</styleUrl><LineString><tessellate>1</tessellate><coordinates>-47.883280,-5.466980,0 -47.883150,-5.467000,0</coordinates></LineString></Placemark>
<Placemark><name>T1</name><styleUrl>#stT1</styleUrl><LineString><tessellate>1</tessellate><coordinates>-47.883400,-5.467150,0 -47.883600,-5.467090,0</coordinates></LineString></Placemark>
<Placemark><name>T1</name><styleUrl>#stT1</styleUrl><LineString><tessellate>1</tessellate><coordinates>-47.883600,-5.467090,0 -47.883660,-5.467240,0</coordinates></LineString></Placemark>
<Placemark><name>T1</name><styleUrl>#stT1</styleUrl><LineString><tessellate>1</tessellate><coordinates>-47.882990,-5.466710,0 -47.882940,-5.466750,0</coordinates></LineString></Placemark>
<Placemark><name>T1</name><styleUrl>#stT1</styleUrl><LineString><tessellate>1</tessellate><coordinates>-47.883120,-5.466740,0 -47.883080,-5.466710,0</coordinates></LineString></Placemark>
<Placemark><name>T1</name><styleUrl>#stT1</styleUrl><LineString><tessellate>1</tessellate><coordinates>-47.883100,-5.466790,0 -47.883120,-5.466740,0</coordinates></LineString></Placemark>
<Placemark><name>T1</name><styleUrl>#stT1</styleUrl><LineString><tessellate>1</tessellate><coordinates>-47.885070,-5.468470,0 -47.885530,-5.468690,0</coordinates></LineString></Placemark>
<Placemark><name>T1</name><styleUrl>#stT1</styleUrl><LineString><tessellate>1</tessellate><coordinates>-47.885530,-5.468690,0 -47.885890,-5.468860,0</coordinates></LineString></Placemark>
<Placemark><name>T1</name><styleUrl>#stT1</styleUrl><LineString><tessellate>1</tessellate><coordinates>-47.885070,-5.468470,0 -47.885010,-5.468480,0</coordinates></LineString></Placemark>
<Placemark><name>T1</name><styleUrl>#stT1</styleUrl><LineString><tessellate>1</tessellate><coordinates>-47.884460,-5.468180,0 -47.885070,-5.468470,0</coordinates></LineString></Placemark>
<Placemark><name>T1</name><styleUrl>#stT1</styleUrl><LineString><tessellate>1</tessellate><coordinates>-47.885070,-5.468470,0 -47.885290,-5.468190,0</coordinates></LineString></Placemark>
<Placemark><name>T1</name><styleUrl>#stT1</styleUrl><LineString><tessellate>1</tessellate><coordinates>-47.884070,-5.467990,0 -47.884460,-5.468180,0</coordinates></LineString></Placemark>
<Placemark><name>T1</name><styleUrl>#stT1</styleUrl><LineString><tessellate>1</tessellate><coordinates>-47.885290,-5.468190,0 -47.885380,-5.468030,0</coordinates></LineString></Placemark>
<Placemark><name>T1</name><styleUrl>#stT1</styleUrl><LineString><tessellate>1</tessellate><coordinates>-47.883900,-5.467910,0 -47.884070,-5.467990,0</coordinates></LineString></Placemark>
<Placemark><name>T1</name><styleUrl>#stT1</styleUrl><LineString><tessellate>1</tessellate><coordinates>-47.883350,-5.467710,0 -47.883900,-5.467910,0</coordinates></LineString></Placemark>
<Placemark><name>T1</name><styleUrl>#stT1</styleUrl><LineString><tessellate>1</tessellate><coordinates>-47.883390,-5.467540,0 -47.883350,-5.467710,0</coordinates></LineString></Placemark>
<Placemark><name>T1</name><styleUrl>#stT1</styleUrl><LineString><tessellate>1</tessellate><coordinates>-47.883350,-5.467710,0 -47.883340,-5.467790,0</coordinates></LineString></Placemark>
<Placemark><name>T1</name><styleUrl>#stT1</styleUrl><LineString><tessellate>1</tessellate><coordinates>-47.883350,-5.467710,0 -47.883090,-5.467670,0</coordinates></LineString></Placemark>
<Placemark><name>T1</name><styleUrl>#stT1</styleUrl><LineString><tessellate>1</tessellate><coordinates>-47.885530,-5.468670,0 -47.885510,-5.468560,0</coordinates></LineString></Placemark>
<Placemark><name>T1</name><styleUrl>#stT1</styleUrl><LineString><tessellate>1</tessellate><coordinates>-47.885510,-5.468560,0 -47.885360,-5.468540,0</coordinates></LineString></Placemark>
<Placemark><name>T1</name><styleUrl>#stT1</styleUrl><LineString><tessellate>1</tessellate><coordinates>-47.885000,-5.468500,0 -47.884820,-5.468880,0</coordinates></LineString></Placemark>
<Placemark><name>T1</name><styleUrl>#stT1</styleUrl><LineString><tessellate>1</tessellate><coordinates>-47.884820,-5.468880,0 -47.884790,-5.468930,0</coordinates></LineString></Placemark>
<Placemark><name>T1</name><styleUrl>#stT1</styleUrl><LineString><tessellate>1</tessellate><coordinates>-47.884790,-5.468930,0 -47.884800,-5.468950,0</coordinates></LineString></Placemark>
<Placemark><name>T1</name><styleUrl>#stT1</styleUrl><LineString><tessellate>1</tessellate><coordinates>-47.884790,-5.468930,0 -47.883970,-5.470010,0</coordinates></LineString></Placemark>
<Placemark><name>T1</name><styleUrl>#stT1</styleUrl><LineString><tessellate>1</tessellate><coordinates>-47.884800,-5.468950,0 -47.885090,-5.469270,0</coordinates></LineString></Placemark>
<Placemark><name>T1</name><styleUrl>#stT1</styleUrl><LineString><tessellate>1</tessellate><coordinates>-47.883970,-5.470010,0 -47.883830,-5.470170,0</coordinates></LineString></Placemark>
<Placemark><name>T1</name><styleUrl>#stT1</styleUrl><LineString><tessellate>1</tessellate><coordinates>-47.885090,-5.469270,0 -47.885260,-5.469390,0</coordinates></LineString></Placemark>
<Placemark><name>T1</name><styleUrl>#stT1</styleUrl><LineString><tessellate>1</tessellate><coordinates>-47.883830,-5.470170,0 -47.883760,-5.470250,0</coordinates></LineString></Placemark>
<Placemark><name>T1</name><styleUrl>#stT1</styleUrl><LineString><tessellate>1</tessellate><coordinates>-47.883830,-5.470170,0 -47.883650,-5.469990,0</coordinates></LineString></Placemark>
<Placemark><name>T1</name><styleUrl>#stT1</styleUrl><LineString><tessellate>1</tessellate><coordinates>-47.883830,-5.470170,0 -47.884570,-5.470870,0</coordinates></LineString></Placemark>
<Placemark><name>T1</name><styleUrl>#stT1</styleUrl><LineString><tessellate>1</tessellate><coordinates>-47.883760,-5.470250,0 -47.883410,-5.470500,0</coordinates></LineString></Placemark>
<Placemark><name>T1</name><styleUrl>#stT1</styleUrl><LineString><tessellate>1</tessellate><coordinates>-47.884570,-5.470870,0 -47.884580,-5.470880,0</coordinates></LineString></Placemark>
<Placemark><name>T1</name><styleUrl>#stT1</styleUrl><LineString><tessellate>1</tessellate><coordinates>-47.883410,-5.470500,0 -47.882910,-5.470040,0</coordinates></LineString></Placemark>
<Placemark><name>T1</name><styleUrl>#stT1</styleUrl><LineString><tessellate>1</tessellate><coordinates>-47.883410,-5.470500,0 -47.883470,-5.470550,0</coordinates></LineString></Placemark>
<Placemark><name>T1</name><styleUrl>#stT1</styleUrl><LineString><tessellate>1</tessellate><coordinates>-47.883410,-5.470500,0 -47.883280,-5.470600,0</coordinates></LineString></Placemark>
<Placemark><name>T1</name><styleUrl>#stT1</styleUrl><LineString><tessellate>1</tessellate><coordinates>-47.884580,-5.470880,0 -47.884630,-5.470930,0</coordinates></LineString></Placemark>
<Placemark><name>T1</name><styleUrl>#stT1</styleUrl><LineString><tessellate>1</tessellate><coordinates>-47.882910,-5.470040,0 -47.882610,-5.469770,0</coordinates></LineString></Placemark>
<Placemark><name>T1</name><styleUrl>#stT1</styleUrl><LineString><tessellate>1</tessellate><coordinates>-47.884470,-5.468170,0 -47.884540,-5.468090,0</coordinates></LineString></Placemark>
<Placemark><name>T1</name><styleUrl>#stT1</styleUrl><LineString><tessellate>1</tessellate><coordinates>-47.884540,-5.468090,0 -47.884400,-5.468080,0</coordinates></LineString></Placemark>
<Placemark><name>T1</name><styleUrl>#stT1</styleUrl><LineString><tessellate>1</tessellate><coordinates>-47.883880,-5.467910,0 -47.883910,-5.467930,0</coordinates></LineString></Placemark>
<Placemark><name>T1</name><styleUrl>#stT1</styleUrl><LineString><tessellate>1</tessellate><coordinates>-47.883910,-5.467930,0 -47.883890,-5.467930,0</coordinates></LineString></Placemark>
<Placemark><name>T1</name><styleUrl>#stT1</styleUrl><LineString><tessellate>1</tessellate><coordinates>-47.883900,-5.467910,0 -47.883880,-5.467910,0</coordinates></LineString></Placemark>
<Placemark><name>T1</name><styleUrl>#stT1</styleUrl><LineString><tessellate>1</tessellate><coordinates>-47.883880,-5.467910,0 -47.883890,-5.467930,0</coordinates></LineString></Placemark>
<Placemark><name>T1</name><styleUrl>#stT1</styleUrl><LineString><tessellate>1</tessellate><coordinates>-47.884770,-5.468840,0 -47.884790,-5.468770,0</coordinates></LineString></Placemark>
<Placemark><name>T1</name><styleUrl>#stT1</styleUrl><LineString><tessellate>1</tessellate><coordinates>-47.884810,-5.468870,0 -47.884770,-5.468840,0</coordinates></LineString></Placemark>
<Placemark><name>T1</name><styleUrl>#stT1</styleUrl><LineString><tessellate>1</tessellate><coordinates>-47.882260,-5.469450,0 -47.882370,-5.469380,0</coordinates></LineString></Placemark>
<Placemark><name>T1</name><styleUrl>#stT1</styleUrl><LineString><tessellate>1</tessellate><coordinates>-47.882590,-5.469760,0 -47.882260,-5.469450,0</coordinates></LineString></Placemark>
<Placemark><name>T1</name><styleUrl>#stT1</styleUrl><LineString><tessellate>1</tessellate><coordinates>-47.882260,-5.469450,0 -47.880780,-5.470300,0</coordinates></LineString></Placemark>
<Placemark><name>T1</name><styleUrl>#stT1</styleUrl><LineString><tessellate>1</tessellate><coordinates>-47.886270,-5.465770,0 -47.887950,-5.466220,0</coordinates></LineString></Placemark>
<Placemark><name>T1</name><styleUrl>#stT1</styleUrl><LineString><tessellate>1</tessellate><coordinates>-47.886110,-5.465730,0 -47.886270,-5.465770,0</coordinates></LineString></Placemark>
<Placemark><name>T1</name><styleUrl>#stT1</styleUrl><LineString><tessellate>1</tessellate><coordinates>-47.886090,-5.465720,0 -47.886110,-5.465730,0</coordinates></LineString></Placemark>
<Placemark><name>T1</name><styleUrl>#stT1</styleUrl><LineString><tessellate>1</tessellate><coordinates>-47.887900,-5.467760,0 -47.888390,-5.468310,0</coordinates></LineString></Placemark>
<Placemark><name>T1</name><styleUrl>#stT1</styleUrl><LineString><tessellate>1</tessellate><coordinates>-47.888390,-5.468310,0 -47.888660,-5.468610,0</coordinates></LineString></Placemark>
<Placemark><name>T1</name><styleUrl>#stT1</styleUrl><LineString><tessellate>1</tessellate><coordinates>-47.887900,-5.467760,0 -47.887630,-5.468040,0</coordinates></LineString></Placemark>
<Placemark><name>T1</name><styleUrl>#stT1</styleUrl><LineString><tessellate>1</tessellate><coordinates>-47.888370,-5.467290,0 -47.887900,-5.467760,0</coordinates></LineString></Placemark>
<Placemark><name>T1</name><styleUrl>#stT1</styleUrl><LineString><tessellate>1</tessellate><coordinates>-47.887900,-5.467760,0 -47.887250,-5.467040,0</coordinates></LineString></Placemark>
<Placemark><name>T1</name><styleUrl>#stT1</styleUrl><LineString><tessellate>1</tessellate><coordinates>-47.887630,-5.468040,0 -47.887500,-5.468140,0</coordinates></LineString></Placemark>
<Placemark><name>T1</name><styleUrl>#stT1</styleUrl><LineString><tessellate>1</tessellate><coordinates>-47.888430,-5.467200,0 -47.888370,-5.467290,0</coordinates></LineString></Placemark>
<Placemark><name>T1</name><styleUrl>#stT1</styleUrl><LineString><tessellate>1</tessellate><coordinates>-47.887250,-5.467040,0 -47.887020,-5.466940,0</coordinates></LineString></Placemark>
<Placemark><name>T1</name><styleUrl>#stT1</styleUrl><LineString><tessellate>1</tessellate><coordinates>-47.887500,-5.468140,0 -47.887420,-5.467970,0</coordinates></LineString></Placemark>
<Placemark><name>T1</name><styleUrl>#stT1</styleUrl><LineString><tessellate>1</tessellate><coordinates>-47.887500,-5.468140,0 -47.886660,-5.468920,0</coordinates></LineString></Placemark>
<Placemark><name>T1</name><styleUrl>#stT1</styleUrl><LineString><tessellate>1</tessellate><coordinates>-47.887500,-5.468140,0 -47.887590,-5.468340,0</coordinates></LineString></Placemark>
<Placemark><name>T1</name><styleUrl>#stT1</styleUrl><LineString><tessellate>1</tessellate><coordinates>-47.888430,-5.467200,0 -47.888360,-5.467150,0</coordinates></LineString></Placemark>
<Placemark><name>T1</name><styleUrl>#stT1</styleUrl><LineString><tessellate>1</tessellate><coordinates>-47.888430,-5.467200,0 -47.888550,-5.467280,0</coordinates></LineString></Placemark>
<Placemark><name>T1</name><styleUrl>#stT1</styleUrl><LineString><tessellate>1</tessellate><coordinates>-47.888870,-5.466600,0 -47.888430,-5.467200,0</coordinates></LineString></Placemark>
<Placemark><name>T1</name><styleUrl>#stT1</styleUrl><LineString><tessellate>1</tessellate><coordinates>-47.887590,-5.468340,0 -47.887930,-5.468830,0</coordinates></LineString></Placemark>
<Placemark><name>T1</name><styleUrl>#stT1</styleUrl><LineString><tessellate>1</tessellate><coordinates>-47.888880,-5.466590,0 -47.888870,-5.466600,0</coordinates></LineString></Placemark>
<Placemark><name>T1</name><styleUrl>#stT1</styleUrl><LineString><tessellate>1</tessellate><coordinates>-47.888880,-5.466590,0 -47.889770,-5.467040,0</coordinates></LineString></Placemark>
<Placemark><name>T1</name><styleUrl>#stT1</styleUrl><LineString><tessellate>1</tessellate><coordinates>-47.888780,-5.466530,0 -47.888880,-5.466590,0</coordinates></LineString></Placemark>
<Placemark><name>T1</name><styleUrl>#stT1</styleUrl><LineString><tessellate>1</tessellate><coordinates>-47.889770,-5.467040,0 -47.890010,-5.467170,0</coordinates></LineString></Placemark>
<Placemark><name>T1</name><styleUrl>#stT1</styleUrl><LineString><tessellate>1</tessellate><coordinates>-47.887980,-5.466230,0 -47.888780,-5.466530,0</coordinates></LineString></Placemark>
<Placemark><name>T1</name><styleUrl>#stT1</styleUrl><LineString><tessellate>1</tessellate><coordinates>-47.890010,-5.467170,0 -47.890060,-5.467150,0</coordinates></LineString></Placemark>
<Placemark><name>T1</name><styleUrl>#stT1</styleUrl><LineString><tessellate>1</tessellate><coordinates>-47.889580,-5.468130,0 -47.889610,-5.468070,0</coordinates></LineString></Placemark>
<Placemark><name>T1</name><styleUrl>#stT1</styleUrl><LineString><tessellate>1</tessellate><coordinates>-47.888570,-5.467300,0 -47.889580,-5.468130,0</coordinates></LineString></Placemark>
<Placemark><name>T1</name><styleUrl>#stT1</styleUrl><LineString><tessellate>1</tessellate><coordinates>-47.889580,-5.468130,0 -47.889640,-5.468210,0</coordinates></LineString></Placemark>
<Placemark><name>T1</name><styleUrl>#stT1</styleUrl><LineString><tessellate>1</tessellate><coordinates>-47.890010,-5.467170,0 -47.890010,-5.467190,0</coordinates></LineString></Placemark>
<Placemark><name>T1</name><styleUrl>#stT1</styleUrl><LineString><tessellate>1</tessellate><coordinates>-47.886140,-5.468980,0 -47.885850,-5.468840,0</coordinates></LineString></Placemark>
<Placemark><name>T1</name><styleUrl>#stT1</styleUrl><LineString><tessellate>1</tessellate><coordinates>-47.886470,-5.469140,0 -47.886140,-5.468980,0</coordinates></LineString></Placemark>
<Placemark><name>T1</name><styleUrl>#stT1</styleUrl><LineString><tessellate>1</tessellate><coordinates>-47.886490,-5.469130,0 -47.886470,-5.469140,0</coordinates></LineString></Placemark>
<Placemark><name>T1</name><styleUrl>#stT1</styleUrl><LineString><tessellate>1</tessellate><coordinates>-47.886470,-5.469140,0 -47.886710,-5.469250,0</coordinates></LineString></Placemark>
<Placemark><name>T1</name><styleUrl>#stT1</styleUrl><LineString><tessellate>1</tessellate><coordinates>-47.886650,-5.468940,0 -47.886490,-5.469130,0</coordinates></LineString></Placemark>
<Placemark><name>T1</name><styleUrl>#stT1</styleUrl><LineString><tessellate>1</tessellate><coordinates>-47.886710,-5.469250,0 -47.887150,-5.469500,0</coordinates></LineString></Placemark>
<Placemark><name>T1</name><styleUrl>#stT1</styleUrl><LineString><tessellate>1</tessellate><coordinates>-47.877880,-5.474590,0 -47.877920,-5.474570,0</coordinates></LineString></Placemark>
<Placemark><name>T1</name><styleUrl>#stT1</styleUrl><LineString><tessellate>1</tessellate><coordinates>-47.877430,-5.474780,0 -47.877570,-5.475080,0</coordinates></LineString></Placemark>
<Placemark><name>T1</name><styleUrl>#stT1</styleUrl><LineString><tessellate>1</tessellate><coordinates>-47.877570,-5.475080,0 -47.877600,-5.475080,0</coordinates></LineString></Placemark>
<Placemark><name>T1</name><styleUrl>#stT1</styleUrl><LineString><tessellate>1</tessellate><coordinates>-47.877440,-5.474770,0 -47.877430,-5.474780,0</coordinates></LineString></Placemark>
<Placemark><name>T1</name><styleUrl>#stT1</styleUrl><LineString><tessellate>1</tessellate><coordinates>-47.877610,-5.474670,0 -47.877440,-5.474770,0</coordinates></LineString></Placemark>
<Placemark><name>T1</name><styleUrl>#stT1</styleUrl><LineString><tessellate>1</tessellate><coordinates>-47.877900,-5.474520,0 -47.877610,-5.474670,0</coordinates></LineString></Placemark>
<Placemark><name>T1</name><styleUrl>#stT1</styleUrl><LineString><tessellate>1</tessellate><coordinates>-47.877910,-5.474520,0 -47.877900,-5.474520,0</coordinates></LineString></Placemark>
<Placemark><name>T1</name><styleUrl>#stT1</styleUrl><LineString><tessellate>1</tessellate><coordinates>-47.877920,-5.474570,0 -47.877910,-5.474520,0</coordinates></LineString></Placemark>
<Placemark><name>T1</name><styleUrl>#stT1</styleUrl><LineString><tessellate>1</tessellate><coordinates>-47.874960,-5.476330,0 -47.874930,-5.476350,0</coordinates></LineString></Placemark>
<Placemark><name>T1</name><styleUrl>#stT1</styleUrl><LineString><tessellate>1</tessellate><coordinates>-47.874960,-5.476330,0 -47.874980,-5.476380,0</coordinates></LineString></Placemark>
<Placemark><name>T1</name><styleUrl>#stT1</styleUrl><LineString><tessellate>1</tessellate><coordinates>-47.876710,-5.475500,0 -47.874960,-5.476330,0</coordinates></LineString></Placemark>
<Placemark><name>T1</name><styleUrl>#stT1</styleUrl><LineString><tessellate>1</tessellate><coordinates>-47.877360,-5.475210,0 -47.876710,-5.475500,0</coordinates></LineString></Placemark>
<Placemark><name>T1</name><styleUrl>#stT1</styleUrl><LineString><tessellate>1</tessellate><coordinates>-47.877550,-5.475090,0 -47.877360,-5.475210,0</coordinates></LineString></Placemark>
<Placemark><name>T1</name><styleUrl>#stT1</styleUrl><LineString><tessellate>1</tessellate><coordinates>-47.877360,-5.475210,0 -47.877360,-5.475180,0</coordinates></LineString></Placemark>
<Placemark><name>T1</name><styleUrl>#stT1</styleUrl><LineString><tessellate>1</tessellate><coordinates>-47.877900,-5.474630,0 -47.877940,-5.474610,0</coordinates></LineString></Placemark>
<Placemark><name>T1</name><styleUrl>#stT1</styleUrl><LineString><tessellate>1</tessellate><coordinates>-47.877360,-5.474790,0 -47.877350,-5.474820,0</coordinates></LineString></Placemark>
<Placemark><name>T1</name><styleUrl>#stT1</styleUrl><LineString><tessellate>1</tessellate><coordinates>-47.877600,-5.474660,0 -47.877360,-5.474790,0</coordinates></LineString></Placemark>
<Placemark><name>T1</name><styleUrl>#stT1</styleUrl><LineString><tessellate>1</tessellate><coordinates>-47.877350,-5.474820,0 -47.877380,-5.474880,0</coordinates></LineString></Placemark>
<Placemark><name>T1</name><styleUrl>#stT1</styleUrl><LineString><tessellate>1</tessellate><coordinates>-47.877890,-5.474500,0 -47.877600,-5.474660,0</coordinates></LineString></Placemark>
<Placemark><name>T1</name><styleUrl>#stT1</styleUrl><LineString><tessellate>1</tessellate><coordinates>-47.877380,-5.474880,0 -47.877390,-5.474910,0</coordinates></LineString></Placemark>
<Placemark><name>T1</name><styleUrl>#stT1</styleUrl><LineString><tessellate>1</tessellate><coordinates>-47.877930,-5.474510,0 -47.877890,-5.474500,0</coordinates></LineString></Placemark>
<Placemark><name>T1</name><styleUrl>#stT1</styleUrl><LineString><tessellate>1</tessellate><coordinates>-47.877390,-5.474910,0 -47.877470,-5.475080,0</coordinates></LineString></Placemark>
<Placemark><name>T1</name><styleUrl>#stT1</styleUrl><LineString><tessellate>1</tessellate><coordinates>-47.877940,-5.474610,0 -47.877930,-5.474510,0</coordinates></LineString></Placemark>
<Placemark><name>T1</name><styleUrl>#stT1</styleUrl><LineString><tessellate>1</tessellate><coordinates>-47.874600,-5.476340,0 -47.874570,-5.476350,0</coordinates></LineString></Placemark>
<Placemark><name>T1</name><styleUrl>#stT1</styleUrl><LineString><tessellate>1</tessellate><coordinates>-47.876530,-5.475530,0 -47.874600,-5.476340,0</coordinates></LineString></Placemark>
<Placemark><name>T1</name><styleUrl>#stT1</styleUrl><LineString><tessellate>1</tessellate><coordinates>-47.876560,-5.475520,0 -47.876530,-5.475530,0</coordinates></LineString></Placemark>
<Placemark><name>T1</name><styleUrl>#stT1</styleUrl><LineString><tessellate>1</tessellate><coordinates>-47.877110,-5.475270,0 -47.876560,-5.475520,0</coordinates></LineString></Placemark>
<Placemark><name>T1</name><styleUrl>#stT1</styleUrl><LineString><tessellate>1</tessellate><coordinates>-47.877340,-5.475160,0 -47.877110,-5.475270,0</coordinates></LineString></Placemark>
<Placemark><name>T1</name><styleUrl>#stT1</styleUrl><LineString><tessellate>1</tessellate><coordinates>-47.877340,-5.475160,0 -47.877360,-5.475180,0</coordinates></LineString></Placemark>
<Placemark><name>T1</name><styleUrl>#stT1</styleUrl><LineString><tessellate>1</tessellate><coordinates>-47.877460,-5.475080,0 -47.877340,-5.475160,0</coordinates></LineString></Placemark>
<Placemark><name>T1</name><styleUrl>#stT1</styleUrl><LineString><tessellate>1</tessellate><coordinates>-47.876880,-5.474650,0 -47.876880,-5.474620,0</coordinates></LineString></Placemark>
<Placemark><name>T1</name><styleUrl>#stT1</styleUrl><LineString><tessellate>1</tessellate><coordinates>-47.876880,-5.474620,0 -47.876820,-5.472560,0</coordinates></LineString></Placemark>
<Placemark><name>T1</name><styleUrl>#stT1</styleUrl><LineString><tessellate>1</tessellate><coordinates>-47.877010,-5.474990,0 -47.876880,-5.474650,0</coordinates></LineString></Placemark>
<Placemark><name>T1</name><styleUrl>#stT1</styleUrl><LineString><tessellate>1</tessellate><coordinates>-47.876820,-5.472560,0 -47.876790,-5.472460,0</coordinates></LineString></Placemark>
<Placemark><name>T1</name><styleUrl>#stT1</styleUrl><LineString><tessellate>1</tessellate><coordinates>-47.877020,-5.475020,0 -47.877010,-5.474990,0</coordinates></LineString></Placemark>
<Placemark><name>T1</name><styleUrl>#stT1</styleUrl><LineString><tessellate>1</tessellate><coordinates>-47.877100,-5.475240,0 -47.877020,-5.475020,0</coordinates></LineString></Placemark>
<Placemark><name>T1</name><styleUrl>#stT1</styleUrl><LineString><tessellate>1</tessellate><coordinates>-47.874280,-5.462450,0 -47.874290,-5.462420,0</coordinates></LineString></Placemark>
<Placemark><name>T1</name><styleUrl>#stT1</styleUrl><LineString><tessellate>1</tessellate><coordinates>-47.874290,-5.462420,0 -47.874380,-5.462190,0</coordinates></LineString></Placemark>
<Placemark><name>T1</name><styleUrl>#stT1</styleUrl><LineString><tessellate>1</tessellate><coordinates>-47.874380,-5.462190,0 -47.874380,-5.462180,0</coordinates></LineString></Placemark>
<Placemark><name>T1</name><styleUrl>#stT1</styleUrl><LineString><tessellate>1</tessellate><coordinates>-47.874380,-5.462190,0 -47.874360,-5.462180,0</coordinates></LineString></Placemark>
<Placemark><name>T1</name><styleUrl>#stT1</styleUrl><LineString><tessellate>1</tessellate><coordinates>-47.874380,-5.462180,0 -47.874630,-5.461500,0</coordinates></LineString></Placemark>
<Placemark><name>T1</name><styleUrl>#stT1</styleUrl><LineString><tessellate>1</tessellate><coordinates>-47.876660,-5.472620,0 -47.876650,-5.472630,0</coordinates></LineString></Placemark>
<Placemark><name>T1</name><styleUrl>#stT1</styleUrl><LineString><tessellate>1</tessellate><coordinates>-47.876650,-5.472630,0 -47.872230,-5.475710,0</coordinates></LineString></Placemark>
<Placemark><name>T1</name><styleUrl>#stT1</styleUrl><LineString><tessellate>1</tessellate><coordinates>-47.876800,-5.472570,0 -47.876660,-5.472620,0</coordinates></LineString></Placemark>
<Placemark><name>T1</name><styleUrl>#stT1</styleUrl><LineString><tessellate>1</tessellate><coordinates>-47.874620,-5.461430,0 -47.874060,-5.455320,0</coordinates></LineString></Placemark>
<Placemark><name>T1</name><styleUrl>#stT1</styleUrl><LineString><tessellate>1</tessellate><coordinates>-47.886540,-5.452020,0 -47.886550,-5.452010,0</coordinates></LineString></Placemark>
<Placemark><name>T1</name><styleUrl>#stT1</styleUrl><LineString><tessellate>1</tessellate><coordinates>-47.886540,-5.452020,0 -47.886530,-5.452040,0</coordinates></LineString></Placemark>
<Placemark><name>T1</name><styleUrl>#stT1</styleUrl><LineString><tessellate>1</tessellate><coordinates>-47.886540,-5.452020,0 -47.886870,-5.452400,0</coordinates></LineString></Placemark>
<Placemark><name>T1</name><styleUrl>#stT1</styleUrl><LineString><tessellate>1</tessellate><coordinates>-47.886550,-5.452010,0 -47.886570,-5.452000,0</coordinates></LineString></Placemark>
<Placemark><name>T1</name><styleUrl>#stT1</styleUrl><LineString><tessellate>1</tessellate><coordinates>-47.886530,-5.452040,0 -47.886350,-5.452210,0</coordinates></LineString></Placemark>
<Placemark><name>T1</name><styleUrl>#stT1</styleUrl><LineString><tessellate>1</tessellate><coordinates>-47.886870,-5.452400,0 -47.886900,-5.452420,0</coordinates></LineString></Placemark>
<Placemark><name>T1</name><styleUrl>#stT1</styleUrl><LineString><tessellate>1</tessellate><coordinates>-47.886350,-5.452210,0 -47.886320,-5.452200,0</coordinates></LineString></Placemark>
<Placemark><name>T1</name><styleUrl>#stT1</styleUrl><LineString><tessellate>1</tessellate><coordinates>-47.886900,-5.452420,0 -47.888540,-5.452280,0</coordinates></LineString></Placemark>
<Placemark><name>T1</name><styleUrl>#stT1</styleUrl><LineString><tessellate>1</tessellate><coordinates>-47.888540,-5.452280,0 -47.888570,-5.452270,0</coordinates></LineString></Placemark>
<Placemark><name>T1</name><styleUrl>#stT1</styleUrl><LineString><tessellate>1</tessellate><coordinates>-47.888570,-5.452270,0 -47.888560,-5.452260,0</coordinates></LineString></Placemark>
<Placemark><name>T1</name><styleUrl>#stT1</styleUrl><LineString><tessellate>1</tessellate><coordinates>-47.888570,-5.452270,0 -47.889250,-5.452440,0</coordinates></LineString></Placemark>
<Placemark><name>T1</name><styleUrl>#stT1</styleUrl><LineString><tessellate>1</tessellate><coordinates>-47.888560,-5.452260,0 -47.888690,-5.451980,0</coordinates></LineString></Placemark>
<Placemark><name>T1</name><styleUrl>#stT1</styleUrl><LineString><tessellate>1</tessellate><coordinates>-47.894420,-5.459350,0 -47.894700,-5.459730,0</coordinates></LineString></Placemark>
<Placemark><name>T1</name><styleUrl>#stT1</styleUrl><LineString><tessellate>1</tessellate><coordinates>-47.892970,-5.458190,0 -47.894420,-5.459350,0</coordinates></LineString></Placemark>
<Placemark><name>T1</name><styleUrl>#stT1</styleUrl><LineString><tessellate>1</tessellate><coordinates>-47.894700,-5.459730,0 -47.895000,-5.460100,0</coordinates></LineString></Placemark>
<Placemark><name>T1</name><styleUrl>#stT1</styleUrl><LineString><tessellate>1</tessellate><coordinates>-47.892940,-5.458170,0 -47.892970,-5.458190,0</coordinates></LineString></Placemark>
<Placemark><name>T1</name><styleUrl>#stT1</styleUrl><LineString><tessellate>1</tessellate><coordinates>-47.895000,-5.460100,0 -47.895120,-5.459980,0</coordinates></LineString></Placemark>
<Placemark><name>T1</name><styleUrl>#stT1</styleUrl><LineString><tessellate>1</tessellate><coordinates>-47.895000,-5.460100,0 -47.894950,-5.460120,0</coordinates></LineString></Placemark>
<Placemark><name>T1</name><styleUrl>#stT1</styleUrl><LineString><tessellate>1</tessellate><coordinates>-47.895000,-5.460100,0 -47.896200,-5.461630,0</coordinates></LineString></Placemark>
<Placemark><name>T1</name><styleUrl>#stT1</styleUrl><LineString><tessellate>1</tessellate><coordinates>-47.890150,-5.456890,0 -47.892940,-5.458170,0</coordinates></LineString></Placemark>
<Placemark><name>T1</name><styleUrl>#stT1</styleUrl><LineString><tessellate>1</tessellate><coordinates>-47.896200,-5.461630,0 -47.896240,-5.461620,0</coordinates></LineString></Placemark>
<Placemark><name>T1</name><styleUrl>#stT1</styleUrl><LineString><tessellate>1</tessellate><coordinates>-47.896200,-5.461630,0 -47.897090,-5.462770,0</coordinates></LineString></Placemark>
<Placemark><name>T1</name><styleUrl>#stT1</styleUrl><LineString><tessellate>1</tessellate><coordinates>-47.889360,-5.456770,0 -47.890150,-5.456890,0</coordinates></LineString></Placemark>
<Placemark><name>T1</name><styleUrl>#stT1</styleUrl><LineString><tessellate>1</tessellate><coordinates>-47.896240,-5.461620,0 -47.896250,-5.461630,0</coordinates></LineString></Placemark>
<Placemark><name>T1</name><styleUrl>#stT1</styleUrl><LineString><tessellate>1</tessellate><coordinates>-47.897090,-5.462770,0 -47.897310,-5.463050,0</coordinates></LineString></Placemark>
<Placemark><name>T1</name><styleUrl>#stT1</styleUrl><LineString><tessellate>1</tessellate><coordinates>-47.889360,-5.456770,0 -47.889310,-5.456880,0</coordinates></LineString></Placemark>
<Placemark><name>T1</name><styleUrl>#stT1</styleUrl><LineString><tessellate>1</tessellate><coordinates>-47.889740,-5.455990,0 -47.889360,-5.456770,0</coordinates></LineString></Placemark>
<Placemark><name>T1</name><styleUrl>#stT1</styleUrl><LineString><tessellate>1</tessellate><coordinates>-47.889360,-5.456770,0 -47.889200,-5.456740,0</coordinates></LineString></Placemark>
<Placemark><name>T1</name><styleUrl>#stT1</styleUrl><LineString><tessellate>1</tessellate><coordinates>-47.896250,-5.461630,0 -47.896980,-5.461960,0</coordinates></LineString></Placemark>
<Placemark><name>T1</name><styleUrl>#stT1</styleUrl><LineString><tessellate>1</tessellate><coordinates>-47.889760,-5.455960,0 -47.889740,-5.455990,0</coordinates></LineString></Placemark>
<Placemark><name>T1</name><styleUrl>#stT1</styleUrl><LineString><tessellate>1</tessellate><coordinates>-47.896980,-5.461960,0 -47.896990,-5.461970,0</coordinates></LineString></Placemark>
<Placemark><name>T1</name><styleUrl>#stT1</styleUrl><LineString><tessellate>1</tessellate><coordinates>-47.896980,-5.461960,0 -47.896990,-5.461930,0</coordinates></LineString></Placemark>
<Placemark><name>T1</name><styleUrl>#stT1</styleUrl><LineString><tessellate>1</tessellate><coordinates>-47.896980,-5.461960,0 -47.899030,-5.462990,0</coordinates></LineString></Placemark>
<Placemark><name>T1</name><styleUrl>#stT1</styleUrl><LineString><tessellate>1</tessellate><coordinates>-47.888510,-5.455470,0 -47.889760,-5.455960,0</coordinates></LineString></Placemark>
<Placemark><name>T1</name><styleUrl>#stT1</styleUrl><LineString><tessellate>1</tessellate><coordinates>-47.896990,-5.461970,0 -47.896990,-5.462000,0</coordinates></LineString></Placemark>
<Placemark><name>T1</name><styleUrl>#stT1</styleUrl><LineString><tessellate>1</tessellate><coordinates>-47.896990,-5.461930,0 -47.897020,-5.461860,0</coordinates></LineString></Placemark>
<Placemark><name>T1</name><styleUrl>#stT1</styleUrl><LineString><tessellate>1</tessellate><coordinates>-47.899030,-5.462990,0 -47.899050,-5.463010,0</coordinates></LineString></Placemark>
<Placemark><name>T1</name><styleUrl>#stT1</styleUrl><LineString><tessellate>1</tessellate><coordinates>-47.888500,-5.455450,0 -47.888510,-5.455470,0</coordinates></LineString></Placemark>
<Placemark><name>T1</name><styleUrl>#stT1</styleUrl><LineString><tessellate>1</tessellate><coordinates>-47.889240,-5.452520,0 -47.888500,-5.455450,0</coordinates></LineString></Placemark>
<Placemark><name>T1</name><styleUrl>#stT1</styleUrl><LineString><tessellate>1</tessellate><coordinates>-47.878580,-5.454140,0 -47.878550,-5.454130,0</coordinates></LineString></Placemark>
<Placemark><name>T1</name><styleUrl>#stT1</styleUrl><LineString><tessellate>1</tessellate><coordinates>-47.878550,-5.454130,0 -47.877370,-5.454240,0</coordinates></LineString></Placemark>
<Placemark><name>T1</name><styleUrl>#stT1</styleUrl><LineString><tessellate>1</tessellate><coordinates>-47.879120,-5.454350,0 -47.878580,-5.454140,0</coordinates></LineString></Placemark>
<Placemark><name>T1</name><styleUrl>#stT1</styleUrl><LineString><tessellate>1</tessellate><coordinates>-47.877370,-5.454240,0 -47.877210,-5.454260,0</coordinates></LineString></Placemark>
<Placemark><name>T1</name><styleUrl>#stT1</styleUrl><LineString><tessellate>1</tessellate><coordinates>-47.879150,-5.454350,0 -47.879120,-5.454350,0</coordinates></LineString></Placemark>
<Placemark><name>T1</name><styleUrl>#stT1</styleUrl><LineString><tessellate>1</tessellate><coordinates>-47.880310,-5.453930,0 -47.879150,-5.454350,0</coordinates></LineString></Placemark>
<Placemark><name>T1</name><styleUrl>#stT1</styleUrl><LineString><tessellate>1</tessellate><coordinates>-47.880310,-5.453930,0 -47.880300,-5.453900,0</coordinates></LineString></Placemark>
<Placemark><name>T1</name><styleUrl>#stT1</styleUrl><LineString><tessellate>1</tessellate><coordinates>-47.885040,-5.452590,0 -47.880310,-5.453930,0</coordinates></LineString></Placemark>
<Placemark><name>T1</name><styleUrl>#stT1</styleUrl><LineString><tessellate>1</tessellate><coordinates>-47.880300,-5.453900,0 -47.880120,-5.453340,0</coordinates></LineString></Placemark>
<Placemark><name>T1</name><styleUrl>#stT1</styleUrl><LineString><tessellate>1</tessellate><coordinates>-47.886320,-5.452220,0 -47.885040,-5.452590,0</coordinates></LineString></Placemark>
<Placemark><name>T1</name><styleUrl>#stT1</styleUrl><LineString><tessellate>1</tessellate><coordinates>-47.886320,-5.452220,0 -47.886320,-5.452200,0</coordinates></LineString></Placemark>
<Placemark><name>T1</name><styleUrl>#stT1</styleUrl><LineString><tessellate>1</tessellate><coordinates>-47.886340,-5.452210,0 -47.886320,-5.452220,0</coordinates></LineString></Placemark>
<Placemark><name>T1</name><styleUrl>#stT1</styleUrl><LineString><tessellate>1</tessellate><coordinates>-47.895130,-5.459980,0 -47.895150,-5.459960,0</coordinates></LineString></Placemark>
<Placemark><name>T1</name><styleUrl>#stT1</styleUrl><LineString><tessellate>1</tessellate><coordinates>-47.890200,-5.456780,0 -47.890200,-5.456770,0</coordinates></LineString></Placemark>
<Placemark><name>T1</name><styleUrl>#stT1</styleUrl><LineString><tessellate>1</tessellate><coordinates>-47.890160,-5.456880,0 -47.890200,-5.456780,0</coordinates></LineString></Placemark>
<Placemark><name>T1</name><styleUrl>#stT1</styleUrl><LineString><tessellate>1</tessellate><coordinates>-47.890200,-5.456770,0 -47.890350,-5.456450,0</coordinates></LineString></Placemark>
<Placemark><name>T1</name><styleUrl>#stT1</styleUrl><LineString><tessellate>1</tessellate><coordinates>-47.890350,-5.456450,0 -47.890300,-5.456400,0</coordinates></LineString></Placemark>
<Placemark><name>T1</name><styleUrl>#stT1</styleUrl><LineString><tessellate>1</tessellate><coordinates>-47.897410,-5.461050,0 -47.897420,-5.461040,0</coordinates></LineString></Placemark>
<Placemark><name>T1</name><styleUrl>#stT1</styleUrl><LineString><tessellate>1</tessellate><coordinates>-47.897420,-5.461040,0 -47.897480,-5.460940,0</coordinates></LineString></Placemark>
<Placemark><name>T1</name><styleUrl>#stT1</styleUrl><LineString><tessellate>1</tessellate><coordinates>-47.897060,-5.461780,0 -47.897410,-5.461050,0</coordinates></LineString></Placemark>
<Placemark><name>T1</name><styleUrl>#stT1</styleUrl><LineString><tessellate>1</tessellate><coordinates>-47.897480,-5.460940,0 -47.897490,-5.460910,0</coordinates></LineString></Placemark>
<Placemark><name>T1</name><styleUrl>#stT1</styleUrl><LineString><tessellate>1</tessellate><coordinates>-47.897490,-5.460910,0 -47.897410,-5.460260,0</coordinates></LineString></Placemark>
<Placemark><name>T1</name><styleUrl>#stT1</styleUrl><LineString><tessellate>1</tessellate><coordinates>-47.894690,-5.459730,0 -47.894580,-5.459750,0</coordinates></LineString></Placemark>
<Placemark><name>T1</name><styleUrl>#stT1</styleUrl><LineString><tessellate>1</tessellate><coordinates>-47.894440,-5.459350,0 -47.894630,-5.459330,0</coordinates></LineString></Placemark>
<Placemark><name>T1</name><styleUrl>#stT1</styleUrl><LineString><tessellate>1</tessellate><coordinates>-47.899030,-5.462990,0 -47.899060,-5.462990,0</coordinates></LineString></Placemark>
<Placemark><name>T1</name><styleUrl>#stT1</styleUrl><LineString><tessellate>1</tessellate><coordinates>-47.876990,-5.455020,0 -47.876970,-5.455030,0</coordinates></LineString></Placemark>
<Placemark><name>T1</name><styleUrl>#stT1</styleUrl><LineString><tessellate>1</tessellate><coordinates>-47.877330,-5.454320,0 -47.876990,-5.455020,0</coordinates></LineString></Placemark>
<Placemark><name>T1</name><styleUrl>#stT1</styleUrl><LineString><tessellate>1</tessellate><coordinates>-47.885040,-5.452680,0 -47.884890,-5.454540,0</coordinates></LineString></Placemark>
<Placemark><name>T1</name><styleUrl>#stT1</styleUrl><LineString><tessellate>1</tessellate><coordinates>-47.877150,-5.454270,0 -47.876550,-5.454340,0</coordinates></LineString></Placemark>
<Placemark><name>T2</name><styleUrl>#stT2</styleUrl><LineString><tessellate>1</tessellate><coordinates>-47.892450,-5.475740,0 -47.892450,-5.475760,0</coordinates></LineString></Placemark>
<Placemark><name>T2</name><styleUrl>#stT2</styleUrl><LineString><tessellate>1</tessellate><coordinates>-47.892040,-5.469780,0 -47.892060,-5.469770,0</coordinates></LineString></Placemark>
<Placemark><name>T2</name><styleUrl>#stT2</styleUrl><LineString><tessellate>1</tessellate><coordinates>-47.879000,-5.465120,0 -47.880050,-5.464580,0</coordinates></LineString></Placemark>
<Placemark><name>T2</name><styleUrl>#stT2</styleUrl><LineString><tessellate>1</tessellate><coordinates>-47.881400,-5.463910,0 -47.881650,-5.463790,0</coordinates></LineString></Placemark>
<Placemark><name>T2</name><styleUrl>#stT2</styleUrl><LineString><tessellate>1</tessellate><coordinates>-47.881650,-5.463790,0 -47.881700,-5.463800,0</coordinates></LineString></Placemark>
<Placemark><name>T2</name><styleUrl>#stT2</styleUrl><LineString><tessellate>1</tessellate><coordinates>-47.881370,-5.463920,0 -47.881400,-5.463910,0</coordinates></LineString></Placemark>
<Placemark><name>T2</name><styleUrl>#stT2</styleUrl><LineString><tessellate>1</tessellate><coordinates>-47.880970,-5.464120,0 -47.881370,-5.463920,0</coordinates></LineString></Placemark>
<Placemark><name>T2</name><styleUrl>#stT2</styleUrl><LineString><tessellate>1</tessellate><coordinates>-47.880970,-5.464120,0 -47.880980,-5.464150,0</coordinates></LineString></Placemark>
<Placemark><name>T2</name><styleUrl>#stT2</styleUrl><LineString><tessellate>1</tessellate><coordinates>-47.880710,-5.464250,0 -47.880970,-5.464120,0</coordinates></LineString></Placemark>
<Placemark><name>T2</name><styleUrl>#stT2</styleUrl><LineString><tessellate>1</tessellate><coordinates>-47.880980,-5.464150,0 -47.881010,-5.464390,0</coordinates></LineString></Placemark>
<Placemark><name>T2</name><styleUrl>#stT2</styleUrl><LineString><tessellate>1</tessellate><coordinates>-47.880360,-5.464430,0 -47.880710,-5.464250,0</coordinates></LineString></Placemark>
<Placemark><name>T2</name><styleUrl>#stT2</styleUrl><LineString><tessellate>1</tessellate><coordinates>-47.880080,-5.464570,0 -47.880360,-5.464430,0</coordinates></LineString></Placemark>
<Placemark><name>T2</name><styleUrl>#stT2</styleUrl><LineString><tessellate>1</tessellate><coordinates>-47.881560,-5.465600,0 -47.882050,-5.465980,0</coordinates></LineString></Placemark>
<Placemark><name>T2</name><styleUrl>#stT2</styleUrl><LineString><tessellate>1</tessellate><coordinates>-47.882050,-5.465980,0 -47.882310,-5.466140,0</coordinates></LineString></Placemark>
<Placemark><name>T2</name><styleUrl>#stT2</styleUrl><LineString><tessellate>1</tessellate><coordinates>-47.881020,-5.464420,0 -47.881560,-5.465600,0</coordinates></LineString></Placemark>
<Placemark><name>T2</name><styleUrl>#stT2</styleUrl><LineString><tessellate>1</tessellate><coordinates>-47.882310,-5.466140,0 -47.882320,-5.466150,0</coordinates></LineString></Placemark>
<Placemark><name>T2</name><styleUrl>#stT2</styleUrl><LineString><tessellate>1</tessellate><coordinates>-47.882320,-5.466150,0 -47.882840,-5.466550,0</coordinates></LineString></Placemark>
<Placemark><name>T2</name><styleUrl>#stT2</styleUrl><LineString><tessellate>1</tessellate><coordinates>-47.882820,-5.466530,0 -47.883000,-5.466700,0</coordinates></LineString></Placemark>
<Placemark><name>T2</name><styleUrl>#stT2</styleUrl><LineString><tessellate>1</tessellate><coordinates>-47.884330,-5.462930,0 -47.884820,-5.463570,0</coordinates></LineString></Placemark>
<Placemark><name>T2</name><styleUrl>#stT2</styleUrl><LineString><tessellate>1</tessellate><coordinates>-47.884820,-5.463570,0 -47.885410,-5.464080,0</coordinates></LineString></Placemark>
<Placemark><name>T2</name><styleUrl>#stT2</styleUrl><LineString><tessellate>1</tessellate><coordinates>-47.884330,-5.462930,0 -47.884310,-5.462890,0</coordinates></LineString></Placemark>
<Placemark><name>T2</name><styleUrl>#stT2</styleUrl><LineString><tessellate>1</tessellate><coordinates>-47.883510,-5.463290,0 -47.884330,-5.462930,0</coordinates></LineString></Placemark>
<Placemark><name>T2</name><styleUrl>#stT2</styleUrl><LineString><tessellate>1</tessellate><coordinates>-47.884330,-5.462930,0 -47.884460,-5.462870,0</coordinates></LineString></Placemark>
<Placemark><name>T2</name><styleUrl>#stT2</styleUrl><LineString><tessellate>1</tessellate><coordinates>-47.885410,-5.464080,0 -47.885330,-5.464170,0</coordinates></LineString></Placemark>
<Placemark><name>T2</name><styleUrl>#stT2</styleUrl><LineString><tessellate>1</tessellate><coordinates>-47.885410,-5.464080,0 -47.885450,-5.464120,0</coordinates></LineString></Placemark>
<Placemark><name>T2</name><styleUrl>#stT2</styleUrl><LineString><tessellate>1</tessellate><coordinates>-47.885410,-5.464080,0 -47.885520,-5.463970,0</coordinates></LineString></Placemark>
<Placemark><name>T2</name><styleUrl>#stT2</styleUrl><LineString><tessellate>1</tessellate><coordinates>-47.883480,-5.463300,0 -47.883510,-5.463290,0</coordinates></LineString></Placemark>
<Placemark><name>T2</name><styleUrl>#stT2</styleUrl><LineString><tessellate>1</tessellate><coordinates>-47.885520,-5.463970,0 -47.885550,-5.463970,0</coordinates></LineString></Placemark>
<Placemark><name>T2</name><styleUrl>#stT2</styleUrl><LineString><tessellate>1</tessellate><coordinates>-47.883480,-5.463300,0 -47.883560,-5.463420,0</coordinates></LineString></Placemark>
<Placemark><name>T2</name><styleUrl>#stT2</styleUrl><LineString><tessellate>1</tessellate><coordinates>-47.883200,-5.462940,0 -47.883480,-5.463300,0</coordinates></LineString></Placemark>
<Placemark><name>T2</name><styleUrl>#stT2</styleUrl><LineString><tessellate>1</tessellate><coordinates>-47.885550,-5.463970,0 -47.885930,-5.464060,0</coordinates></LineString></Placemark>
<Placemark><name>T2</name><styleUrl>#stT2</styleUrl><LineString><tessellate>1</tessellate><coordinates>-47.883560,-5.463420,0 -47.883680,-5.463630,0</coordinates></LineString></Placemark>
<Placemark><name>T2</name><styleUrl>#stT2</styleUrl><LineString><tessellate>1</tessellate><coordinates>-47.883200,-5.462940,0 -47.883240,-5.462920,0</coordinates></LineString></Placemark>
<Placemark><name>T2</name><styleUrl>#stT2</styleUrl><LineString><tessellate>1</tessellate><coordinates>-47.883200,-5.462940,0 -47.883080,-5.462660,0</coordinates></LineString></Placemark>
<Placemark><name>T2</name><styleUrl>#stT2</styleUrl><LineString><tessellate>1</tessellate><coordinates>-47.881980,-5.463630,0 -47.883200,-5.462940,0</coordinates></LineString></Placemark>
<Placemark><name>T2</name><styleUrl>#stT2</styleUrl><LineString><tessellate>1</tessellate><coordinates>-47.883680,-5.463630,0 -47.883830,-5.463870,0</coordinates></LineString></Placemark>
<Placemark><name>T2</name><styleUrl>#stT2</styleUrl><LineString><tessellate>1</tessellate><coordinates>-47.883080,-5.462660,0 -47.882910,-5.462390,0</coordinates></LineString></Placemark>
<Placemark><name>T2</name><styleUrl>#stT2</styleUrl><LineString><tessellate>1</tessellate><coordinates>-47.881710,-5.463760,0 -47.881980,-5.463630,0</coordinates></LineString></Placemark>
<Placemark><name>T2</name><styleUrl>#stT2</styleUrl><LineString><tessellate>1</tessellate><coordinates>-47.881980,-5.463630,0 -47.881970,-5.463610,0</coordinates></LineString></Placemark>
<Placemark><name>T2</name><styleUrl>#stT2</styleUrl><LineString><tessellate>1</tessellate><coordinates>-47.881680,-5.463760,0 -47.881710,-5.463760,0</coordinates></LineString></Placemark>
<Placemark><name>T2</name><styleUrl>#stT2</styleUrl><LineString><tessellate>1</tessellate><coordinates>-47.881710,-5.463760,0 -47.881700,-5.463800,0</coordinates></LineString></Placemark>
<Placemark><name>T2</name><styleUrl>#stT2</styleUrl><LineString><tessellate>1</tessellate><coordinates>-47.886310,-5.464170,0 -47.886380,-5.464190,0</coordinates></LineString></Placemark>
<Placemark><name>T2</name><styleUrl>#stT2</styleUrl><LineString><tessellate>1</tessellate><coordinates>-47.885970,-5.464080,0 -47.886310,-5.464170,0</coordinates></LineString></Placemark>
<Placemark><name>T2</name><styleUrl>#stT2</styleUrl><LineString><tessellate>1</tessellate><coordinates>-47.886310,-5.464170,0 -47.886260,-5.464310,0</coordinates></LineString></Placemark>
<Placemark><name>T2</name><styleUrl>#stT2</styleUrl><LineString><tessellate>1</tessellate><coordinates>-47.886310,-5.464170,0 -47.886380,-5.463950,0</coordinates></LineString></Placemark>
<Placemark><name>T2</name><styleUrl>#stT2</styleUrl><LineString><tessellate>1</tessellate><coordinates>-47.886260,-5.464310,0 -47.886190,-5.464600,0</coordinates></LineString></Placemark>
<Placemark><name>T2</name><styleUrl>#stT2</styleUrl><LineString><tessellate>1</tessellate><coordinates>-47.883720,-5.463370,0 -47.883690,-5.463310,0</coordinates></LineString></Placemark>
<Placemark><name>T2</name><styleUrl>#stT2</styleUrl><LineString><tessellate>1</tessellate><coordinates>-47.883570,-5.463420,0 -47.883720,-5.463370,0</coordinates></LineString></Placemark>
<Placemark><name>T2</name><styleUrl>#stT2</styleUrl><LineString><tessellate>1</tessellate><coordinates>-47.883090,-5.462660,0 -47.883170,-5.462630,0</coordinates></LineString></Placemark>
<Placemark><name>T2</name><styleUrl>#stT2</styleUrl><LineString><tessellate>1</tessellate><coordinates>-47.887120,-5.461300,0 -47.887120,-5.461290,0</coordinates></LineString></Placemark>
<Placemark><name>T2</name><styleUrl>#stT2</styleUrl><LineString><tessellate>1</tessellate><coordinates>-47.886980,-5.462490,0 -47.887120,-5.461300,0</coordinates></LineString></Placemark>
<Placemark><name>T2</name><styleUrl>#stT2</styleUrl><LineString><tessellate>1</tessellate><coordinates>-47.887120,-5.461290,0 -47.887190,-5.460970,0</coordinates></LineString></Placemark>
<Placemark><name>T2</name><styleUrl>#stT2</styleUrl><LineString><tessellate>1</tessellate><coordinates>-47.886390,-5.463920,0 -47.886980,-5.462490,0</coordinates></LineString></Placemark>
<Placemark><name>T2</name><styleUrl>#stT2</styleUrl><LineString><tessellate>1</tessellate><coordinates>-47.886180,-5.464630,0 -47.885940,-5.465550,0</coordinates></LineString></Placemark>
<Placemark><name>T2</name><styleUrl>#stT2</styleUrl><LineString><tessellate>1</tessellate><coordinates>-47.891740,-5.464040,0 -47.891830,-5.464080,0</coordinates></LineString></Placemark>
<Placemark><name>T2</name><styleUrl>#stT2</styleUrl><LineString><tessellate>1</tessellate><coordinates>-47.891740,-5.464040,0 -47.892130,-5.463050,0</coordinates></LineString></Placemark>
<Placemark><name>T2</name><styleUrl>#stT2</styleUrl><LineString><tessellate>1</tessellate><coordinates>-47.891740,-5.464040,0 -47.891720,-5.464070,0</coordinates></LineString></Placemark>
<Placemark><name>T2</name><styleUrl>#stT2</styleUrl><LineString><tessellate>1</tessellate><coordinates>-47.891050,-5.463750,0 -47.891740,-5.464040,0</coordinates></LineString></Placemark>
<Placemark><name>T2</name><styleUrl>#stT2</styleUrl><LineString><tessellate>1</tessellate><coordinates>-47.892130,-5.463050,0 -47.892250,-5.462740,0</coordinates></LineString></Placemark>
<Placemark><name>T2</name><styleUrl>#stT2</styleUrl><LineString><tessellate>1</tessellate><coordinates>-47.891030,-5.463740,0 -47.891050,-5.463750,0</coordinates></LineString></Placemark>
<Placemark><name>T2</name><styleUrl>#stT2</styleUrl><LineString><tessellate>1</tessellate><coordinates>-47.890760,-5.463600,0 -47.891030,-5.463740,0</coordinates></LineString></Placemark>
<Placemark><name>T2</name><styleUrl>#stT2</styleUrl><LineString><tessellate>1</tessellate><coordinates>-47.887010,-5.462490,0 -47.890760,-5.463600,0</coordinates></LineString></Placemark>
<Placemark><name>T2</name><styleUrl>#stT2</styleUrl><LineString><tessellate>1</tessellate><coordinates>-47.887280,-5.460540,0 -47.886060,-5.460280,0</coordinates></LineString></Placemark>
<Placemark><name>T2</name><styleUrl>#stT2</styleUrl><LineString><tessellate>1</tessellate><coordinates>-47.886060,-5.460280,0 -47.885680,-5.460200,0</coordinates></LineString></Placemark>
<Placemark><name>T2</name><styleUrl>#stT2</styleUrl><LineString><tessellate>1</tessellate><coordinates>-47.887280,-5.460540,0 -47.887330,-5.460540,0</coordinates></LineString></Placemark>
<Placemark><name>T2</name><styleUrl>#stT2</styleUrl><LineString><tessellate>1</tessellate><coordinates>-47.887200,-5.460940,0 -47.887280,-5.460540,0</coordinates></LineString></Placemark>
<Placemark><name>T2</name><styleUrl>#stT2</styleUrl><LineString><tessellate>1</tessellate><coordinates>-47.887280,-5.460540,0 -47.887610,-5.458060,0</coordinates></LineString></Placemark>
<Placemark><name>T2</name><styleUrl>#stT2</styleUrl><LineString><tessellate>1</tessellate><coordinates>-47.887610,-5.458060,0 -47.887630,-5.458070,0</coordinates></LineString></Placemark>
<Placemark><name>T2</name><styleUrl>#stT2</styleUrl><LineString><tessellate>1</tessellate><coordinates>-47.887610,-5.458060,0 -47.887050,-5.457910,0</coordinates></LineString></Placemark>
<Placemark><name>T2</name><styleUrl>#stT2</styleUrl><LineString><tessellate>1</tessellate><coordinates>-47.887610,-5.458060,0 -47.887600,-5.457820,0</coordinates></LineString></Placemark>
<Placemark><name>T2</name><styleUrl>#stT2</styleUrl><LineString><tessellate>1</tessellate><coordinates>-47.887630,-5.458070,0 -47.887650,-5.458080,0</coordinates></LineString></Placemark>
<Placemark><name>T2</name><styleUrl>#stT2</styleUrl><LineString><tessellate>1</tessellate><coordinates>-47.887630,-5.458070,0 -47.887660,-5.458130,0</coordinates></LineString></Placemark>
<Placemark><name>T2</name><styleUrl>#stT2</styleUrl><LineString><tessellate>1</tessellate><coordinates>-47.887630,-5.458070,0 -47.887860,-5.457100,0</coordinates></LineString></Placemark>
<Placemark><name>T2</name><styleUrl>#stT2</styleUrl><LineString><tessellate>1</tessellate><coordinates>-47.887050,-5.457910,0 -47.887010,-5.457900,0</coordinates></LineString></Placemark>
<Placemark><name>T2</name><styleUrl>#stT2</styleUrl><LineString><tessellate>1</tessellate><coordinates>-47.885910,-5.465670,0 -47.886090,-5.465720,0</coordinates></LineString></Placemark>
<Placemark><name>T2</name><styleUrl>#stT2</styleUrl><LineString><tessellate>1</tessellate><coordinates>-47.885910,-5.465670,0 -47.885850,-5.465660,0</coordinates></LineString></Placemark>
<Placemark><name>T2</name><styleUrl>#stT2</styleUrl><LineString><tessellate>1</tessellate><coordinates>-47.885910,-5.465670,0 -47.885860,-5.465870,0</coordinates></LineString></Placemark>
<Placemark><name>T2</name><styleUrl>#stT2</styleUrl><LineString><tessellate>1</tessellate><coordinates>-47.885940,-5.465560,0 -47.885910,-5.465670,0</coordinates></LineString></Placemark>
<Placemark><name>T2</name><styleUrl>#stT2</styleUrl><LineString><tessellate>1</tessellate><coordinates>-47.893790,-5.465240,0 -47.894030,-5.465500,0</coordinates></LineString></Placemark>
<Placemark><name>T2</name><styleUrl>#stT2</styleUrl><LineString><tessellate>1</tessellate><coordinates>-47.891860,-5.464100,0 -47.893790,-5.465240,0</coordinates></LineString></Placemark>
<Placemark><name>T2</name><styleUrl>#stT2</styleUrl><LineString><tessellate>1</tessellate><coordinates>-47.886980,-5.457900,0 -47.886060,-5.457890,0</coordinates></LineString></Placemark>
<Placemark><name>T2</name><styleUrl>#stT2</styleUrl><LineString><tessellate>1</tessellate><coordinates>-47.886060,-5.457890,0 -47.885750,-5.457890,0</coordinates></LineString></Placemark>
<Placemark><name>T2</name><styleUrl>#stT2</styleUrl><LineString><tessellate>1</tessellate><coordinates>-47.888820,-5.454530,0 -47.888810,-5.454530,0</coordinates></LineString></Placemark>
<Placemark><name>T2</name><styleUrl>#stT2</styleUrl><LineString><tessellate>1</tessellate><coordinates>-47.888810,-5.454530,0 -47.888650,-5.454500,0</coordinates></LineString></Placemark>
<Placemark><name>T2</name><styleUrl>#stT2</styleUrl><LineString><tessellate>1</tessellate><coordinates>-47.888440,-5.455770,0 -47.888820,-5.454530,0</coordinates></LineString></Placemark>
<Placemark><name>T2</name><styleUrl>#stT2</styleUrl><LineString><tessellate>1</tessellate><coordinates>-47.888820,-5.454530,0 -47.888920,-5.454160,0</coordinates></LineString></Placemark>
<Placemark><name>T2</name><styleUrl>#stT2</styleUrl><LineString><tessellate>1</tessellate><coordinates>-47.888420,-5.455810,0 -47.888440,-5.455770,0</coordinates></LineString></Placemark>
<Placemark><name>T2</name><styleUrl>#stT2</styleUrl><LineString><tessellate>1</tessellate><coordinates>-47.888280,-5.456130,0 -47.888420,-5.455810,0</coordinates></LineString></Placemark>
<Placemark><name>T2</name><styleUrl>#stT2</styleUrl><LineString><tessellate>1</tessellate><coordinates>-47.887850,-5.457130,0 -47.888280,-5.456130,0</coordinates></LineString></Placemark>
<Placemark><name>T2</name><styleUrl>#stT2</styleUrl><LineString><tessellate>1</tessellate><coordinates>-47.883990,-5.457870,0 -47.883880,-5.457860,0</coordinates></LineString></Placemark>
<Placemark><name>T2</name><styleUrl>#stT2</styleUrl><LineString><tessellate>1</tessellate><coordinates>-47.885710,-5.457890,0 -47.883990,-5.457870,0</coordinates></LineString></Placemark>
<Placemark><name>T2</name><styleUrl>#stT2</styleUrl><LineString><tessellate>1</tessellate><coordinates>-47.883990,-5.457870,0 -47.883980,-5.457970,0</coordinates></LineString></Placemark>
<Placemark><name>T2</name><styleUrl>#stT2</styleUrl><LineString><tessellate>1</tessellate><coordinates>-47.883990,-5.457870,0 -47.884010,-5.457350,0</coordinates></LineString></Placemark>
<Placemark><name>T2</name><styleUrl>#stT2</styleUrl><LineString><tessellate>1</tessellate><coordinates>-47.883880,-5.457860,0 -47.883840,-5.457860,0</coordinates></LineString></Placemark>
<Placemark><name>T2</name><styleUrl>#stT2</styleUrl><LineString><tessellate>1</tessellate><coordinates>-47.884010,-5.457350,0 -47.884030,-5.457060,0</coordinates></LineString></Placemark>
<Placemark><name>T2</name><styleUrl>#stT2</styleUrl><LineString><tessellate>1</tessellate><coordinates>-47.883840,-5.457860,0 -47.882850,-5.457850,0</coordinates></LineString></Placemark>
<Placemark><name>T2</name><styleUrl>#stT2</styleUrl><LineString><tessellate>1</tessellate><coordinates>-47.887140,-5.453970,0 -47.886850,-5.453870,0</coordinates></LineString></Placemark>
<Placemark><name>T2</name><styleUrl>#stT2</styleUrl><LineString><tessellate>1</tessellate><coordinates>-47.888620,-5.454500,0 -47.887140,-5.453970,0</coordinates></LineString></Placemark>
<Placemark><name>T2</name><styleUrl>#stT2</styleUrl><LineString><tessellate>1</tessellate><coordinates>-47.882150,-5.456790,0 -47.882090,-5.456610,0</coordinates></LineString></Placemark>
<Placemark><name>T2</name><styleUrl>#stT2</styleUrl><LineString><tessellate>1</tessellate><coordinates>-47.882150,-5.456820,0 -47.882150,-5.456790,0</coordinates></LineString></Placemark>
<Placemark><name>T2</name><styleUrl>#stT2</styleUrl><LineString><tessellate>1</tessellate><coordinates>-47.882290,-5.457100,0 -47.882150,-5.456820,0</coordinates></LineString></Placemark>
<Placemark><name>T2</name><styleUrl>#stT2</styleUrl><LineString><tessellate>1</tessellate><coordinates>-47.882300,-5.457120,0 -47.882290,-5.457100,0</coordinates></LineString></Placemark>
<Placemark><name>T2</name><styleUrl>#stT2</styleUrl><LineString><tessellate>1</tessellate><coordinates>-47.882390,-5.457410,0 -47.882300,-5.457120,0</coordinates></LineString></Placemark>
<Placemark><name>T2</name><styleUrl>#stT2</styleUrl><LineString><tessellate>1</tessellate><coordinates>-47.882540,-5.457850,0 -47.882390,-5.457410,0</coordinates></LineString></Placemark>
<Placemark><name>T2</name><styleUrl>#stT2</styleUrl><LineString><tessellate>1</tessellate><coordinates>-47.882540,-5.457850,0 -47.882580,-5.457960,0</coordinates></LineString></Placemark>
<Placemark><name>T2</name><styleUrl>#stT2</styleUrl><LineString><tessellate>1</tessellate><coordinates>-47.882540,-5.457850,0 -47.881460,-5.457830,0</coordinates></LineString></Placemark>
<Placemark><name>T2</name><styleUrl>#stT2</styleUrl><LineString><tessellate>1</tessellate><coordinates>-47.882820,-5.457850,0 -47.882540,-5.457850,0</coordinates></LineString></Placemark>
<Placemark><name>T2</name><styleUrl>#stT2</styleUrl><LineString><tessellate>1</tessellate><coordinates>-47.881460,-5.457830,0 -47.881430,-5.457820,0</coordinates></LineString></Placemark>
<Placemark><name>T2</name><styleUrl>#stT2</styleUrl><LineString><tessellate>1</tessellate><coordinates>-47.881430,-5.457820,0 -47.881410,-5.457770,0</coordinates></LineString></Placemark>
<Placemark><name>T2</name><styleUrl>#stT2</styleUrl><LineString><tessellate>1</tessellate><coordinates>-47.881410,-5.457770,0 -47.881130,-5.457980,0</coordinates></LineString></Placemark>
<Placemark><name>T2</name><styleUrl>#stT2</styleUrl><LineString><tessellate>1</tessellate><coordinates>-47.881410,-5.457770,0 -47.881480,-5.457720,0</coordinates></LineString></Placemark>
<Placemark><name>T2</name><styleUrl>#stT2</styleUrl><LineString><tessellate>1</tessellate><coordinates>-47.881410,-5.457770,0 -47.881300,-5.457570,0</coordinates></LineString></Placemark>
<Placemark><name>T2</name><styleUrl>#stT2</styleUrl><LineString><tessellate>1</tessellate><coordinates>-47.881300,-5.457570,0 -47.881300,-5.457550,0</coordinates></LineString></Placemark>
<Placemark><name>T2</name><styleUrl>#stT2</styleUrl><LineString><tessellate>1</tessellate><coordinates>-47.881300,-5.457550,0 -47.881560,-5.456080,0</coordinates></LineString></Placemark>
<Placemark><name>T2</name><styleUrl>#stT2</styleUrl><LineString><tessellate>1</tessellate><coordinates>-47.881560,-5.456080,0 -47.881630,-5.455700,0</coordinates></LineString></Placemark>
<Placemark><name>T2</name><styleUrl>#stT2</styleUrl><LineString><tessellate>1</tessellate><coordinates>-47.882240,-5.455820,0 -47.882790,-5.455920,0</coordinates></LineString></Placemark>
<Placemark><name>T2</name><styleUrl>#stT2</styleUrl><LineString><tessellate>1</tessellate><coordinates>-47.882790,-5.455920,0 -47.883040,-5.455960,0</coordinates></LineString></Placemark>
<Placemark><name>T2</name><styleUrl>#stT2</styleUrl><LineString><tessellate>1</tessellate><coordinates>-47.882220,-5.455820,0 -47.882240,-5.455820,0</coordinates></LineString></Placemark>
<Placemark><name>T2</name><styleUrl>#stT2</styleUrl><LineString><tessellate>1</tessellate><coordinates>-47.882220,-5.455820,0 -47.882230,-5.455720,0</coordinates></LineString></Placemark>
<Placemark><name>T2</name><styleUrl>#stT2</styleUrl><LineString><tessellate>1</tessellate><coordinates>-47.882090,-5.456590,0 -47.882220,-5.455820,0</coordinates></LineString></Placemark>
<Placemark><name>T2</name><styleUrl>#stT2</styleUrl><LineString><tessellate>1</tessellate><coordinates>-47.880680,-5.458400,0 -47.879840,-5.459150,0</coordinates></LineString></Placemark>
<Placemark><name>T2</name><styleUrl>#stT2</styleUrl><LineString><tessellate>1</tessellate><coordinates>-47.879840,-5.459150,0 -47.879570,-5.459400,0</coordinates></LineString></Placemark>
<Placemark><name>T2</name><styleUrl>#stT2</styleUrl><LineString><tessellate>1</tessellate><coordinates>-47.880680,-5.458400,0 -47.880620,-5.458290,0</coordinates></LineString></Placemark>
<Placemark><name>T2</name><styleUrl>#stT2</styleUrl><LineString><tessellate>1</tessellate><coordinates>-47.880870,-5.458210,0 -47.880680,-5.458400,0</coordinates></LineString></Placemark>
<Placemark><name>T2</name><styleUrl>#stT2</styleUrl><LineString><tessellate>1</tessellate><coordinates>-47.880680,-5.458400,0 -47.880980,-5.458930,0</coordinates></LineString></Placemark>
<Placemark><name>T2</name><styleUrl>#stT2</styleUrl><LineString><tessellate>1</tessellate><coordinates>-47.881110,-5.458000,0 -47.880870,-5.458210,0</coordinates></LineString></Placemark>
<Placemark><name>T2</name><styleUrl>#stT2</styleUrl><LineString><tessellate>1</tessellate><coordinates>-47.881790,-5.460420,0 -47.881790,-5.460440,0</coordinates></LineString></Placemark>
<Placemark><name>T2</name><styleUrl>#stT2</styleUrl><LineString><tessellate>1</tessellate><coordinates>-47.881000,-5.458960,0 -47.881790,-5.460420,0</coordinates></LineString></Placemark>
<Placemark><name>T2</name><styleUrl>#stT2</styleUrl><LineString><tessellate>1</tessellate><coordinates>-47.881790,-5.460440,0 -47.882010,-5.460830,0</coordinates></LineString></Placemark>
<Placemark><name>T2</name><styleUrl>#stT2</styleUrl><LineString><tessellate>1</tessellate><coordinates>-47.882010,-5.460830,0 -47.882030,-5.460840,0</coordinates></LineString></Placemark>
<Placemark><name>T2</name><styleUrl>#stT2</styleUrl><LineString><tessellate>1</tessellate><coordinates>-47.882030,-5.460840,0 -47.883440,-5.461020,0</coordinates></LineString></Placemark>
<Placemark><name>T2</name><styleUrl>#stT2</styleUrl><LineString><tessellate>1</tessellate><coordinates>-47.883440,-5.461020,0 -47.883420,-5.461190,0</coordinates></LineString></Placemark>
<Placemark><name>T2</name><styleUrl>#stT2</styleUrl><LineString><tessellate>1</tessellate><coordinates>-47.883440,-5.461020,0 -47.883560,-5.461030,0</coordinates></LineString></Placemark>
<Placemark><name>T2</name><styleUrl>#stT2</styleUrl><LineString><tessellate>1</tessellate><coordinates>-47.883440,-5.461020,0 -47.883490,-5.460680,0</coordinates></LineString></Placemark>
<Placemark><name>T2</name><styleUrl>#stT2</styleUrl><LineString><tessellate>1</tessellate><coordinates>-47.883490,-5.460680,0 -47.883540,-5.460370,0</coordinates></LineString></Placemark>
<Placemark><name>T2</name><styleUrl>#stT2</styleUrl><LineString><tessellate>1</tessellate><coordinates>-47.880010,-5.457130,0 -47.880120,-5.457030,0</coordinates></LineString></Placemark>
<Placemark><name>T2</name><styleUrl>#stT2</styleUrl><LineString><tessellate>1</tessellate><coordinates>-47.880600,-5.458260,0 -47.880010,-5.457130,0</coordinates></LineString></Placemark>
<Placemark><name>T2</name><styleUrl>#stT2</styleUrl><LineString><tessellate>1</tessellate><coordinates>-47.880010,-5.457130,0 -47.879700,-5.457420,0</coordinates></LineString></Placemark>
<Placemark><name>T2</name><styleUrl>#stT2</styleUrl><LineString><tessellate>1</tessellate><coordinates>-47.880010,-5.457130,0 -47.879930,-5.456980,0</coordinates></LineString></Placemark>
<Placemark><name>T2</name><styleUrl>#stT2</styleUrl><LineString><tessellate>1</tessellate><coordinates>-47.879700,-5.457420,0 -47.878540,-5.458470,0</coordinates></LineString></Placemark>
<Placemark><name>T2</name><styleUrl>#stT2</styleUrl><LineString><tessellate>1</tessellate><coordinates>-47.878540,-5.458470,0 -47.878430,-5.458570,0</coordinates></LineString></Placemark>
<Placemark><name>T2</name><styleUrl>#stT2</styleUrl><LineString><tessellate>1</tessellate><coordinates>-47.881020,-5.461620,0 -47.880920,-5.461880,0</coordinates></LineString></Placemark>
<Placemark><name>T2</name><styleUrl>#stT2</styleUrl><LineString><tessellate>1</tessellate><coordinates>-47.880920,-5.461880,0 -47.880640,-5.462620,0</coordinates></LineString></Placemark>
<Placemark><name>T2</name><styleUrl>#stT2</styleUrl><LineString><tessellate>1</tessellate><coordinates>-47.880920,-5.461880,0 -47.881010,-5.461920,0</coordinates></LineString></Placemark>
<Placemark><name>T2</name><styleUrl>#stT2</styleUrl><LineString><tessellate>1</tessellate><coordinates>-47.880920,-5.461880,0 -47.880270,-5.461600,0</coordinates></LineString></Placemark>
<Placemark><name>T2</name><styleUrl>#stT2</styleUrl><LineString><tessellate>1</tessellate><coordinates>-47.881030,-5.461590,0 -47.881020,-5.461620,0</coordinates></LineString></Placemark>
<Placemark><name>T2</name><styleUrl>#stT2</styleUrl><LineString><tessellate>1</tessellate><coordinates>-47.880640,-5.462620,0 -47.880470,-5.463060,0</coordinates></LineString></Placemark>
<Placemark><name>T2</name><styleUrl>#stT2</styleUrl><LineString><tessellate>1</tessellate><coordinates>-47.880270,-5.461600,0 -47.879960,-5.461460,0</coordinates></LineString></Placemark>
<Placemark><name>T2</name><styleUrl>#stT2</styleUrl><LineString><tessellate>1</tessellate><coordinates>-47.881400,-5.460640,0 -47.881030,-5.461590,0</coordinates></LineString></Placemark>
<Placemark><name>T2</name><styleUrl>#stT2</styleUrl><LineString><tessellate>1</tessellate><coordinates>-47.880470,-5.463060,0 -47.880300,-5.462990,0</coordinates></LineString></Placemark>
<Placemark><name>T2</name><styleUrl>#stT2</styleUrl><LineString><tessellate>1</tessellate><coordinates>-47.880470,-5.463060,0 -47.880370,-5.463330,0</coordinates></LineString></Placemark>
<Placemark><name>T2</name><styleUrl>#stT2</styleUrl><LineString><tessellate>1</tessellate><coordinates>-47.880470,-5.463060,0 -47.881540,-5.463390,0</coordinates></LineString></Placemark>
<Placemark><name>T2</name><styleUrl>#stT2</styleUrl><LineString><tessellate>1</tessellate><coordinates>-47.879960,-5.461460,0 -47.879930,-5.461450,0</coordinates></LineString></Placemark>
<Placemark><name>T2</name><styleUrl>#stT2</styleUrl><LineString><tessellate>1</tessellate><coordinates>-47.881410,-5.460630,0 -47.881400,-5.460640,0</coordinates></LineString></Placemark>
<Placemark><name>T2</name><styleUrl>#stT2</styleUrl><LineString><tessellate>1</tessellate><coordinates>-47.881540,-5.463390,0 -47.881550,-5.463400,0</coordinates></LineString></Placemark>
<Placemark><name>T2</name><styleUrl>#stT2</styleUrl><LineString><tessellate>1</tessellate><coordinates>-47.879930,-5.461450,0 -47.878560,-5.460860,0</coordinates></LineString></Placemark>
<Placemark><name>T2</name><styleUrl>#stT2</styleUrl><LineString><tessellate>1</tessellate><coordinates>-47.881750,-5.460440,0 -47.881410,-5.460630,0</coordinates></LineString></Placemark>
<Placemark><name>T2</name><styleUrl>#stT2</styleUrl><LineString><tessellate>1</tessellate><coordinates>-47.881550,-5.463400,0 -47.881930,-5.463590,0</coordinates></LineString></Placemark>
<Placemark><name>T2</name><styleUrl>#stT2</styleUrl><LineString><tessellate>1</tessellate><coordinates>-47.877440,-5.461380,0 -47.877740,-5.462410,0</coordinates></LineString></Placemark>
<Placemark><name>T2</name><styleUrl>#stT2</styleUrl><LineString><tessellate>1</tessellate><coordinates>-47.877740,-5.462410,0 -47.877830,-5.462740,0</coordinates></LineString></Placemark>
<Placemark><name>T2</name><styleUrl>#stT2</styleUrl><LineString><tessellate>1</tessellate><coordinates>-47.877280,-5.460860,0 -47.877440,-5.461380,0</coordinates></LineString></Placemark>
<Placemark><name>T2</name><styleUrl>#stT2</styleUrl><LineString><tessellate>1</tessellate><coordinates>-47.877510,-5.460860,0 -47.877280,-5.460860,0</coordinates></LineString></Placemark>
<Placemark><name>T2</name><styleUrl>#stT2</styleUrl><LineString><tessellate>1</tessellate><coordinates>-47.877280,-5.460860,0 -47.877180,-5.460860,0</coordinates></LineString></Placemark>
<Placemark><name>T2</name><styleUrl>#stT2</styleUrl><LineString><tessellate>1</tessellate><coordinates>-47.877280,-5.460860,0 -47.877160,-5.460350,0</coordinates></LineString></Placemark>
<Placemark><name>T2</name><styleUrl>#stT2</styleUrl><LineString><tessellate>1</tessellate><coordinates>-47.877540,-5.460860,0 -47.877510,-5.460860,0</coordinates></LineString></Placemark>
<Placemark><name>T2</name><styleUrl>#stT2</styleUrl><LineString><tessellate>1</tessellate><coordinates>-47.877160,-5.460350,0 -47.877010,-5.459830,0</coordinates></LineString></Placemark>
<Placemark><name>T2</name><styleUrl>#stT2</styleUrl><LineString><tessellate>1</tessellate><coordinates>-47.878530,-5.460860,0 -47.877540,-5.460860,0</coordinates></LineString></Placemark>
<Placemark><name>T2</name><styleUrl>#stT2</styleUrl><LineString><tessellate>1</tessellate><coordinates>-47.877010,-5.459830,0 -47.876920,-5.459510,0</coordinates></LineString></Placemark>
</Folder><Folder><name>Poste</name>
<Placemark><name>646918</name><styleUrl>#stPoste</styleUrl><Point><coordinates>-47.882640,-5.476907,0</coordinates></Point></Placemark>
<Placemark><name>1299678</name><styleUrl>#stPoste</styleUrl><Point><coordinates>-47.888254,-5.477798,0</coordinates></Point></Placemark>
<Placemark><name>40018542</name><styleUrl>#stPoste</styleUrl><Point><coordinates>-47.899730,-5.459216,0</coordinates></Point></Placemark>
<Placemark><name>43450993</name><styleUrl>#stPoste</styleUrl><Point><coordinates>-47.889112,-5.478173,0</coordinates></Point></Placemark>
<Placemark><name>658137</name><styleUrl>#stPoste</styleUrl><Point><coordinates>-47.892978,-5.474449,0</coordinates></Point></Placemark>
<Placemark><name>658825</name><styleUrl>#stPoste</styleUrl><Point><coordinates>-47.900259,-5.463574,0</coordinates></Point></Placemark>
<Placemark><name>659471</name><styleUrl>#stPoste</styleUrl><Point><coordinates>-47.902403,-5.465860,0</coordinates></Point></Placemark>
<Placemark><name>659474</name><styleUrl>#stPoste</styleUrl><Point><coordinates>-47.900862,-5.464570,0</coordinates></Point></Placemark>
<Placemark><name>660712</name><styleUrl>#stPoste</styleUrl><Point><coordinates>-47.893294,-5.474178,0</coordinates></Point></Placemark>
<Placemark><name>942265</name><styleUrl>#stPoste</styleUrl><Point><coordinates>-47.890775,-5.477951,0</coordinates></Point></Placemark>
<Placemark><name>1299668</name><styleUrl>#stPoste</styleUrl><Point><coordinates>-47.883832,-5.477117,0</coordinates></Point></Placemark>
<Placemark><name>644306</name><styleUrl>#stPoste</styleUrl><Point><coordinates>-47.892221,-5.475095,0</coordinates></Point></Placemark>
<Placemark><name>660367</name><styleUrl>#stPoste</styleUrl><Point><coordinates>-47.889502,-5.478307,0</coordinates></Point></Placemark>
<Placemark><name>1347378</name><styleUrl>#stPoste</styleUrl><Point><coordinates>-47.895652,-5.480482,0</coordinates></Point></Placemark>
<Placemark><name>40016339</name><styleUrl>#stPoste</styleUrl><Point><coordinates>-47.901053,-5.462245,0</coordinates></Point></Placemark>
<Placemark><name>697764</name><styleUrl>#stPoste</styleUrl><Point><coordinates>-47.891992,-5.474368,0</coordinates></Point></Placemark>
<Placemark><name>942270</name><styleUrl>#stPoste</styleUrl><Point><coordinates>-47.890834,-5.477842,0</coordinates></Point></Placemark>
<Placemark><name>1317115</name><styleUrl>#stPoste</styleUrl><Point><coordinates>-47.878684,-5.476342,0</coordinates></Point></Placemark>
<Placemark><name>68515079</name><styleUrl>#stPoste</styleUrl><Point><coordinates>-47.895233,-5.472897,0</coordinates></Point></Placemark>
<Placemark><name>177531</name><styleUrl>#stPoste</styleUrl><Point><coordinates>-47.893855,-5.477634,0</coordinates></Point></Placemark>
<Placemark><name>306348</name><styleUrl>#stPoste</styleUrl><Point><coordinates>-47.901663,-5.461944,0</coordinates></Point></Placemark>
<Placemark><name>643633</name><styleUrl>#stPoste</styleUrl><Point><coordinates>-47.893839,-5.478512,0</coordinates></Point></Placemark>
<Placemark><name>1299669</name><styleUrl>#stPoste</styleUrl><Point><coordinates>-47.884392,-5.477198,0</coordinates></Point></Placemark>
<Placemark><name>1471050</name><styleUrl>#stPoste</styleUrl><Point><coordinates>-47.894834,-5.472815,0</coordinates></Point></Placemark>
<Placemark><name>646921</name><styleUrl>#stPoste</styleUrl><Point><coordinates>-47.879890,-5.476550,0</coordinates></Point></Placemark>
<Placemark><name>1299679</name><styleUrl>#stPoste</styleUrl><Point><coordinates>-47.887848,-5.477728,0</coordinates></Point></Placemark>
<Placemark><name>1317118</name><styleUrl>#stPoste</styleUrl><Point><coordinates>-47.878669,-5.475897,0</coordinates></Point></Placemark>
<Placemark><name>643637</name><styleUrl>#stPoste</styleUrl><Point><coordinates>-47.894611,-5.480031,0</coordinates></Point></Placemark>
<Placemark><name>646917</name><styleUrl>#stPoste</styleUrl><Point><coordinates>-47.882635,-5.476945,0</coordinates></Point></Placemark>
<Placemark><name>942269</name><styleUrl>#stPoste</styleUrl><Point><coordinates>-47.891113,-5.478043,0</coordinates></Point></Placemark>
<Placemark><name>106538</name><styleUrl>#stPoste</styleUrl><Point><coordinates>-47.895704,-5.473719,0</coordinates></Point></Placemark>
<Placemark><name>361006</name><styleUrl>#stPoste</styleUrl><Point><coordinates>-47.900083,-5.458894,0</coordinates></Point></Placemark>
<Placemark><name>646567</name><styleUrl>#stPoste</styleUrl><Point><coordinates>-47.901453,-5.458091,0</coordinates></Point></Placemark>
<Placemark><name>1461105</name><styleUrl>#stPoste</styleUrl><Point><coordinates>-47.894469,-5.480754,0</coordinates></Point></Placemark>
<Placemark><name>658713</name><styleUrl>#stPoste</styleUrl><Point><coordinates>-47.894371,-5.473258,0</coordinates></Point></Placemark>
<Placemark><name>1461106</name><styleUrl>#stPoste</styleUrl><Point><coordinates>-47.894551,-5.481319,0</coordinates></Point></Placemark>
<Placemark><name>68515087</name><styleUrl>#stPoste</styleUrl><Point><coordinates>-47.895969,-5.473649,0</coordinates></Point></Placemark>
<Placemark><name>245717</name><styleUrl>#stPoste</styleUrl><Point><coordinates>-47.892149,-5.474989,0</coordinates></Point></Placemark>
<Placemark><name>1384343</name><styleUrl>#stPoste</styleUrl><Point><coordinates>-47.891785,-5.473713,0</coordinates></Point></Placemark>
<Placemark><name>135768</name><styleUrl>#stPoste</styleUrl><Point><coordinates>-47.891853,-5.474288,0</coordinates></Point></Placemark>
<Placemark><name>643634</name><styleUrl>#stPoste</styleUrl><Point><coordinates>-47.893894,-5.478621,0</coordinates></Point></Placemark>
<Placemark><name>645739</name><styleUrl>#stPoste</styleUrl><Point><coordinates>-47.890803,-5.475122,0</coordinates></Point></Placemark>
<Placemark><name>659473</name><styleUrl>#stPoste</styleUrl><Point><coordinates>-47.900898,-5.464554,0</coordinates></Point></Placemark>
<Placemark><name>646372</name><styleUrl>#stPoste</styleUrl><Point><coordinates>-47.899772,-5.473285,0</coordinates></Point></Placemark>
<Placemark><name>658712</name><styleUrl>#stPoste</styleUrl><Point><coordinates>-47.894663,-5.472986,0</coordinates></Point></Placemark>
<Placemark><name>450868</name><styleUrl>#stPoste</styleUrl><Point><coordinates>-47.899724,-5.463598,0</coordinates></Point></Placemark>
<Placemark><name>646677</name><styleUrl>#stPoste</styleUrl><Point><coordinates>-47.898829,-5.471816,0</coordinates></Point></Placemark>
<Placemark><name>1139328</name><styleUrl>#stPoste</styleUrl><Point><coordinates>-47.896093,-5.473468,0</coordinates></Point></Placemark>
<Placemark><name>68515065</name><styleUrl>#stPoste</styleUrl><Point><coordinates>-47.895476,-5.473155,0</coordinates></Point></Placemark>
<Placemark><name>345642</name><styleUrl>#stPoste</styleUrl><Point><coordinates>-47.902613,-5.465885,0</coordinates></Point></Placemark>
<Placemark><name>660365</name><styleUrl>#stPoste</styleUrl><Point><coordinates>-47.890234,-5.477836,0</coordinates></Point></Placemark>
<Placemark><name>698081</name><styleUrl>#stPoste</styleUrl><Point><coordinates>-47.892883,-5.476611,0</coordinates></Point></Placemark>
<Placemark><name>699248</name><styleUrl>#stPoste</styleUrl><Point><coordinates>-47.893100,-5.477042,0</coordinates></Point></Placemark>
<Placemark><name>660708</name><styleUrl>#stPoste</styleUrl><Point><coordinates>-47.895186,-5.472463,0</coordinates></Point></Placemark>
<Placemark><name>698071</name><styleUrl>#stPoste</styleUrl><Point><coordinates>-47.892456,-5.475751,0</coordinates></Point></Placemark>
<Placemark><name>31822862</name><styleUrl>#stPoste</styleUrl><Point><coordinates>-47.898261,-5.463675,0</coordinates></Point></Placemark>
<Placemark><name>40018664</name><styleUrl>#stPoste</styleUrl><Point><coordinates>-47.899013,-5.463402,0</coordinates></Point></Placemark>
<Placemark><name>368641</name><styleUrl>#stPoste</styleUrl><Point><coordinates>-47.891318,-5.475267,0</coordinates></Point></Placemark>
<Placemark><name>646678</name><styleUrl>#stPoste</styleUrl><Point><coordinates>-47.899025,-5.471606,0</coordinates></Point></Placemark>
<Placemark><name>1299672</name><styleUrl>#stPoste</styleUrl><Point><coordinates>-47.885293,-5.477333,0</coordinates></Point></Placemark>
<Placemark><name>1317113</name><styleUrl>#stPoste</styleUrl><Point><coordinates>-47.878134,-5.474935,0</coordinates></Point></Placemark>
<Placemark><name>646940</name><styleUrl>#stPoste</styleUrl><Point><coordinates>-47.899642,-5.471320,0</coordinates></Point></Placemark>
<Placemark><name>1352530</name><styleUrl>#stPoste</styleUrl><Point><coordinates>-47.897363,-5.472729,0</coordinates></Point></Placemark>
<Placemark><name>450867</name><styleUrl>#stPoste</styleUrl><Point><coordinates>-47.899940,-5.463424,0</coordinates></Point></Placemark>
<Placemark><name>643889</name><styleUrl>#stPoste</styleUrl><Point><coordinates>-47.892612,-5.474761,0</coordinates></Point></Placemark>
<Placemark><name>658091</name><styleUrl>#stPoste</styleUrl><Point><coordinates>-47.890386,-5.476250,0</coordinates></Point></Placemark>
<Placemark><name>698078</name><styleUrl>#stPoste</styleUrl><Point><coordinates>-47.892662,-5.476171,0</coordinates></Point></Placemark>
<Placemark><name>698658</name><styleUrl>#stPoste</styleUrl><Point><coordinates>-47.893499,-5.477838,0</coordinates></Point></Placemark>
<Placemark><name>36762197</name><styleUrl>#stPoste</styleUrl><Point><coordinates>-47.899388,-5.463157,0</coordinates></Point></Placemark>
<Placemark><name>659369</name><styleUrl>#stPoste</styleUrl><Point><coordinates>-47.899889,-5.463400,0</coordinates></Point></Placemark>
<Placemark><name>1317463</name><styleUrl>#stPoste</styleUrl><Point><coordinates>-47.878389,-5.475392,0</coordinates></Point></Placemark>
<Placemark><name>306340</name><styleUrl>#stPoste</styleUrl><Point><coordinates>-47.899839,-5.463376,0</coordinates></Point></Placemark>
<Placemark><name>1300026</name><styleUrl>#stPoste</styleUrl><Point><coordinates>-47.887511,-5.477675,0</coordinates></Point></Placemark>
<Placemark><name>40016323</name><styleUrl>#stPoste</styleUrl><Point><coordinates>-47.900320,-5.462692,0</coordinates></Point></Placemark>
<Placemark><name>660709</name><styleUrl>#stPoste</styleUrl><Point><coordinates>-47.894998,-5.472647,0</coordinates></Point></Placemark>
<Placemark><name>942268</name><styleUrl>#stPoste</styleUrl><Point><coordinates>-47.890495,-5.477890,0</coordinates></Point></Placemark>
<Placemark><name>31822861</name><styleUrl>#stPoste</styleUrl><Point><coordinates>-47.898343,-5.463638,0</coordinates></Point></Placemark>
<Placemark><name>40018645</name><styleUrl>#stPoste</styleUrl><Point><coordinates>-47.899140,-5.463279,0</coordinates></Point></Placemark>
<Placemark><name>646919</name><styleUrl>#stPoste</styleUrl><Point><coordinates>-47.881646,-5.476796,0</coordinates></Point></Placemark>
<Placemark><name>658976</name><styleUrl>#stPoste</styleUrl><Point><coordinates>-47.891156,-5.477856,0</coordinates></Point></Placemark>
<Placemark><name>892724</name><styleUrl>#stPoste</styleUrl><Point><coordinates>-47.896395,-5.473296,0</coordinates></Point></Placemark>
<Placemark><name>658826</name><styleUrl>#stPoste</styleUrl><Point><coordinates>-47.900279,-5.463539,0</coordinates></Point></Placemark>
<Placemark><name>660403</name><styleUrl>#stPoste</styleUrl><Point><coordinates>-47.894045,-5.473537,0</coordinates></Point></Placemark>
<Placemark><name>1299670</name><styleUrl>#stPoste</styleUrl><Point><coordinates>-47.884693,-5.477243,0</coordinates></Point></Placemark>
<Placemark><name>40016343</name><styleUrl>#stPoste</styleUrl><Point><coordinates>-47.900349,-5.462635,0</coordinates></Point></Placemark>
<Placemark><name>645519</name><styleUrl>#stPoste</styleUrl><Point><coordinates>-47.898848,-5.471849,0</coordinates></Point></Placemark>
<Placemark><name>656379</name><styleUrl>#stPoste</styleUrl><Point><coordinates>-47.877901,-5.474684,0</coordinates></Point></Placemark>
<Placemark><name>730241</name><styleUrl>#stPoste</styleUrl><Point><coordinates>-47.893453,-5.477746,0</coordinates></Point></Placemark>
<Placemark><name>1299674</name><styleUrl>#stPoste</styleUrl><Point><coordinates>-47.885910,-5.477425,0</coordinates></Point></Placemark>
<Placemark><name>1299677</name><styleUrl>#stPoste</styleUrl><Point><coordinates>-47.886807,-5.477559,0</coordinates></Point></Placemark>
<Placemark><name>1384650</name><styleUrl>#stPoste</styleUrl><Point><coordinates>-47.891590,-5.473399,0</coordinates></Point></Placemark>
<Placemark><name>1409144</name><styleUrl>#stPoste</styleUrl><Point><coordinates>-47.890997,-5.477817,0</coordinates></Point></Placemark>
<Placemark><name>645737</name><styleUrl>#stPoste</styleUrl><Point><coordinates>-47.890129,-5.475097,0</coordinates></Point></Placemark>
<Placemark><name>646912</name><styleUrl>#stPoste</styleUrl><Point><coordinates>-47.888875,-5.477901,0</coordinates></Point></Placemark>
<Placemark><name>646920</name><styleUrl>#stPoste</styleUrl><Point><coordinates>-47.880845,-5.476677,0</coordinates></Point></Placemark>
<Placemark><name>1317110</name><styleUrl>#stPoste</styleUrl><Point><coordinates>-47.878940,-5.476385,0</coordinates></Point></Placemark>
<Placemark><name>40018248</name><styleUrl>#stPoste</styleUrl><Point><coordinates>-47.899294,-5.459545,0</coordinates></Point></Placemark>
<Placemark><name>164739</name><styleUrl>#stPoste</styleUrl><Point><coordinates>-47.899106,-5.471774,0</coordinates></Point></Placemark>
<Placemark><name>1300027</name><styleUrl>#stPoste</styleUrl><Point><coordinates>-47.887181,-5.477623,0</coordinates></Point></Placemark>
<Placemark><name>1309293</name><styleUrl>#stPoste</styleUrl><Point><coordinates>-47.877986,-5.474655,0</coordinates></Point></Placemark>
<Placemark><name>1461385</name><styleUrl>#stPoste</styleUrl><Point><coordinates>-47.894385,-5.480171,0</coordinates></Point></Placemark>
<Placemark><name>1299676</name><styleUrl>#stPoste</styleUrl><Point><coordinates>-47.886526,-5.477517,0</coordinates></Point></Placemark>
<Placemark><name>1347374</name><styleUrl>#stPoste</styleUrl><Point><coordinates>-47.894800,-5.480161,0</coordinates></Point></Placemark>
<Placemark><name>368640</name><styleUrl>#stPoste</styleUrl><Point><coordinates>-47.891317,-5.475142,0</coordinates></Point></Placemark>
<Placemark><name>643887</name><styleUrl>#stPoste</styleUrl><Point><coordinates>-47.891665,-5.475154,0</coordinates></Point></Placemark>
<Placemark><name>644592</name><styleUrl>#stPoste</styleUrl><Point><coordinates>-47.891883,-5.474044,0</coordinates></Point></Placemark>
<Placemark><name>915753</name><styleUrl>#stPoste</styleUrl><Point><coordinates>-47.901429,-5.465486,0</coordinates></Point></Placemark>
<Placemark><name>306351</name><styleUrl>#stPoste</styleUrl><Point><coordinates>-47.892808,-5.466481,0</coordinates></Point></Placemark>
<Placemark><name>408893</name><styleUrl>#stPoste</styleUrl><Point><coordinates>-47.894735,-5.474170,0</coordinates></Point></Placemark>
<Placemark><name>692240</name><styleUrl>#stPoste</styleUrl><Point><coordinates>-47.888052,-5.469002,0</coordinates></Point></Placemark>
<Placemark><name>730011</name><styleUrl>#stPoste</styleUrl><Point><coordinates>-47.891534,-5.470252,0</coordinates></Point></Placemark>
<Placemark><name>1290022</name><styleUrl>#stPoste</styleUrl><Point><coordinates>-47.887878,-5.469391,0</coordinates></Point></Placemark>
<Placemark><name>1306269</name><styleUrl>#stPoste</styleUrl><Point><coordinates>-47.889239,-5.479771,0</coordinates></Point></Placemark>
<Placemark><name>1705936</name><styleUrl>#stPoste</styleUrl><Point><coordinates>-47.888815,-5.473858,0</coordinates></Point></Placemark>
<Placemark><name>1726019</name><styleUrl>#stPoste</styleUrl><Point><coordinates>-47.889418,-5.470658,0</coordinates></Point></Placemark>
<Placemark><name>40017127</name><styleUrl>#stPoste</styleUrl><Point><coordinates>-47.899086,-5.461562,0</coordinates></Point></Placemark>
<Placemark><name>58365389</name><styleUrl>#stPoste</styleUrl><Point><coordinates>-47.886767,-5.474746,0</coordinates></Point></Placemark>
<Placemark><name>136572</name><styleUrl>#stPoste</styleUrl><Point><coordinates>-47.886894,-5.473725,0</coordinates></Point></Placemark>
<Placemark><name>158843</name><styleUrl>#stPoste</styleUrl><Point><coordinates>-47.892415,-5.475063,0</coordinates></Point></Placemark>
<Placemark><name>645479</name><styleUrl>#stPoste</styleUrl><Point><coordinates>-47.889100,-5.474201,0</coordinates></Point></Placemark>
<Placemark><name>657811</name><styleUrl>#stPoste</styleUrl><Point><coordinates>-47.894118,-5.472072,0</coordinates></Point></Placemark>
<Placemark><name>657812</name><styleUrl>#stPoste</styleUrl><Point><coordinates>-47.894280,-5.472304,0</coordinates></Point></Placemark>
<Placemark><name>657820</name><styleUrl>#stPoste</styleUrl><Point><coordinates>-47.893710,-5.471488,0</coordinates></Point></Placemark>
<Placemark><name>659559</name><styleUrl>#stPoste</styleUrl><Point><coordinates>-47.892260,-5.468182,0</coordinates></Point></Placemark>
<Placemark><name>1273913</name><styleUrl>#stPoste</styleUrl><Point><coordinates>-47.896933,-5.464464,0</coordinates></Point></Placemark>
<Placemark><name>1298638</name><styleUrl>#stPoste</styleUrl><Point><coordinates>-47.883826,-5.473022,0</coordinates></Point></Placemark>
<Placemark><name>1299666</name><styleUrl>#stPoste</styleUrl><Point><coordinates>-47.886476,-5.477143,0</coordinates></Point></Placemark>
<Placemark><name>1317111</name><styleUrl>#stPoste</styleUrl><Point><coordinates>-47.878134,-5.474838,0</coordinates></Point></Placemark>
<Placemark><name>1705010</name><styleUrl>#stPoste</styleUrl><Point><coordinates>-47.891369,-5.472999,0</coordinates></Point></Placemark>
<Placemark><name>1871211</name><styleUrl>#stPoste</styleUrl><Point><coordinates>-47.885041,-5.474838,0</coordinates></Point></Placemark>
<Placemark><name>39041397</name><styleUrl>#stPoste</styleUrl><Point><coordinates>-47.892793,-5.472010,0</coordinates></Point></Placemark>
<Placemark><name>40017533</name><styleUrl>#stPoste</styleUrl><Point><coordinates>-47.899385,-5.460456,0</coordinates></Point></Placemark>
<Placemark><name>58364762</name><styleUrl>#stPoste</styleUrl><Point><coordinates>-47.888889,-5.469918,0</coordinates></Point></Placemark>
<Placemark><name>643890</name><styleUrl>#stPoste</styleUrl><Point><coordinates>-47.892663,-5.474851,0</coordinates></Point></Placemark>
<Placemark><name>656349</name><styleUrl>#stPoste</styleUrl><Point><coordinates>-47.892687,-5.470025,0</coordinates></Point></Placemark>
<Placemark><name>657809</name><styleUrl>#stPoste</styleUrl><Point><coordinates>-47.893684,-5.467295,0</coordinates></Point></Placemark>
<Placemark><name>659560</name><styleUrl>#stPoste</styleUrl><Point><coordinates>-47.891970,-5.468458,0</coordinates></Point></Placemark>
<Placemark><name>660681</name><styleUrl>#stPoste</styleUrl><Point><coordinates>-47.889030,-5.470056,0</coordinates></Point></Placemark>
<Placemark><name>1131710</name><styleUrl>#stPoste</styleUrl><Point><coordinates>-47.897066,-5.468385,0</coordinates></Point></Placemark>
<Placemark><name>1300762</name><styleUrl>#stPoste</styleUrl><Point><coordinates>-47.886920,-5.478443,0</coordinates></Point></Placemark>
<Placemark><name>1393071</name><styleUrl>#stPoste</styleUrl><Point><coordinates>-47.892034,-5.469759,0</coordinates></Point></Placemark>
<Placemark><name>1705134</name><styleUrl>#stPoste</styleUrl><Point><coordinates>-47.892740,-5.470325,0</coordinates></Point></Placemark>
<Placemark><name>1863154</name><styleUrl>#stPoste</styleUrl><Point><coordinates>-47.890276,-5.477747,0</coordinates></Point></Placemark>
<Placemark><name>1885377</name><styleUrl>#stPoste</styleUrl><Point><coordinates>-47.889601,-5.476149,0</coordinates></Point></Placemark>
<Placemark><name>46350148</name><styleUrl>#stPoste</styleUrl><Point><coordinates>-47.889697,-5.468351,0</coordinates></Point></Placemark>
<Placemark><name>46350584</name><styleUrl>#stPoste</styleUrl><Point><coordinates>-47.883406,-5.472069,0</coordinates></Point></Placemark>
<Placemark><name>58365367</name><styleUrl>#stPoste</styleUrl><Point><coordinates>-47.886657,-5.475067,0</coordinates></Point></Placemark>
<Placemark><name>136568</name><styleUrl>#stPoste</styleUrl><Point><coordinates>-47.891193,-5.467887,0</coordinates></Point></Placemark>
<Placemark><name>333915</name><styleUrl>#stPoste</styleUrl><Point><coordinates>-47.891563,-5.468417,0</coordinates></Point></Placemark>
<Placemark><name>643632</name><styleUrl>#stPoste</styleUrl><Point><coordinates>-47.893521,-5.478350,0</coordinates></Point></Placemark>
<Placemark><name>644307</name><styleUrl>#stPoste</styleUrl><Point><coordinates>-47.892112,-5.475321,0</coordinates></Point></Placemark>
<Placemark><name>644309</name><styleUrl>#stPoste</styleUrl><Point><coordinates>-47.891042,-5.475211,0</coordinates></Point></Placemark>
<Placemark><name>646510</name><styleUrl>#stPoste</styleUrl><Point><coordinates>-47.886770,-5.469973,0</coordinates></Point></Placemark>
<Placemark><name>658092</name><styleUrl>#stPoste</styleUrl><Point><coordinates>-47.890622,-5.477059,0</coordinates></Point></Placemark>
<Placemark><name>659005</name><styleUrl>#stPoste</styleUrl><Point><coordinates>-47.895579,-5.474781,0</coordinates></Point></Placemark>
<Placemark><name>699558</name><styleUrl>#stPoste</styleUrl><Point><coordinates>-47.886188,-5.471187,0</coordinates></Point></Placemark>
<Placemark><name>699559</name><styleUrl>#stPoste</styleUrl><Point><coordinates>-47.891131,-5.478871,0</coordinates></Point></Placemark>
<Placemark><name>730009</name><styleUrl>#stPoste</styleUrl><Point><coordinates>-47.894130,-5.471573,0</coordinates></Point></Placemark>
<Placemark><name>1300757</name><styleUrl>#stPoste</styleUrl><Point><coordinates>-47.887504,-5.479221,0</coordinates></Point></Placemark>
<Placemark><name>1305912</name><styleUrl>#stPoste</styleUrl><Point><coordinates>-47.886760,-5.479740,0</coordinates></Point></Placemark>
<Placemark><name>1317116</name><styleUrl>#stPoste</styleUrl><Point><coordinates>-47.877974,-5.474534,0</coordinates></Point></Placemark>
<Placemark><name>1428793</name><styleUrl>#stPoste</styleUrl><Point><coordinates>-47.890383,-5.472334,0</coordinates></Point></Placemark>
<Placemark><name>1705939</name><styleUrl>#stPoste</styleUrl><Point><coordinates>-47.893412,-5.467509,0</coordinates></Point></Placemark>
<Placemark><name>1716102</name><styleUrl>#stPoste</styleUrl><Point><coordinates>-47.892761,-5.467990,0</coordinates></Point></Placemark>
<Placemark><name>1716512</name><styleUrl>#stPoste</styleUrl><Point><coordinates>-47.894397,-5.472618,0</coordinates></Point></Placemark>
<Placemark><name>1717200</name><styleUrl>#stPoste</styleUrl><Point><coordinates>-47.890817,-5.470261,0</coordinates></Point></Placemark>
<Placemark><name>41587998</name><styleUrl>#stPoste</styleUrl><Point><coordinates>-47.892040,-5.469230,0</coordinates></Point></Placemark>
<Placemark><name>43764460</name><styleUrl>#stPoste</styleUrl><Point><coordinates>-47.894957,-5.472864,0</coordinates></Point></Placemark>
<Placemark><name>55624492</name><styleUrl>#stPoste</styleUrl><Point><coordinates>-47.891392,-5.467317,0</coordinates></Point></Placemark>
<Placemark><name>58365199</name><styleUrl>#stPoste</styleUrl><Point><coordinates>-47.885835,-5.477000,0</coordinates></Point></Placemark>
<Placemark><name>144626</name><styleUrl>#stPoste</styleUrl><Point><coordinates>-47.878157,-5.474012,0</coordinates></Point></Placemark>
<Placemark><name>644576</name><styleUrl>#stPoste</styleUrl><Point><coordinates>-47.888636,-5.473131,0</coordinates></Point></Placemark>
<Placemark><name>644674</name><styleUrl>#stPoste</styleUrl><Point><coordinates>-47.893177,-5.471638,0</coordinates></Point></Placemark>
<Placemark><name>644890</name><styleUrl>#stPoste</styleUrl><Point><coordinates>-47.887794,-5.473418,0</coordinates></Point></Placemark>
<Placemark><name>645483</name><styleUrl>#stPoste</styleUrl><Point><coordinates>-47.887480,-5.473525,0</coordinates></Point></Placemark>
<Placemark><name>645738</name><styleUrl>#stPoste</styleUrl><Point><coordinates>-47.890394,-5.475108,0</coordinates></Point></Placemark>
<Placemark><name>658090</name><styleUrl>#stPoste</styleUrl><Point><coordinates>-47.890046,-5.476200,0</coordinates></Point></Placemark>
<Placemark><name>698666</name><styleUrl>#stPoste</styleUrl><Point><coordinates>-47.886746,-5.472728,0</coordinates></Point></Placemark>
<Placemark><name>730112</name><styleUrl>#stPoste</styleUrl><Point><coordinates>-47.883592,-5.471474,0</coordinates></Point></Placemark>
<Placemark><name>1299005</name><styleUrl>#stPoste</styleUrl><Point><coordinates>-47.883927,-5.473253,0</coordinates></Point></Placemark>
<Placemark><name>1305909</name><styleUrl>#stPoste</styleUrl><Point><coordinates>-47.887173,-5.478557,0</coordinates></Point></Placemark>
<Placemark><name>1306267</name><styleUrl>#stPoste</styleUrl><Point><coordinates>-47.889868,-5.479315,0</coordinates></Point></Placemark>
<Placemark><name>1469724</name><styleUrl>#stPoste</styleUrl><Point><coordinates>-47.894114,-5.468807,0</coordinates></Point></Placemark>
<Placemark><name>58365726</name><styleUrl>#stPoste</styleUrl><Point><coordinates>-47.887030,-5.475092,0</coordinates></Point></Placemark>
<Placemark><name>645735</name><styleUrl>#stPoste</styleUrl><Point><coordinates>-47.889015,-5.474731,0</coordinates></Point></Placemark>
<Placemark><name>646914</name><styleUrl>#stPoste</styleUrl><Point><coordinates>-47.890042,-5.474601,0</coordinates></Point></Placemark>
<Placemark><name>1726080</name><styleUrl>#stPoste</styleUrl><Point><coordinates>-47.894968,-5.470879,0</coordinates></Point></Placemark>
<Placemark><name>1730591</name><styleUrl>#stPoste</styleUrl><Point><coordinates>-47.886353,-5.471925,0</coordinates></Point></Placemark>
<Placemark><name>1819405</name><styleUrl>#stPoste</styleUrl><Point><coordinates>-47.889973,-5.476067,0</coordinates></Point></Placemark>
<Placemark><name>1844631</name><styleUrl>#stPoste</styleUrl><Point><coordinates>-47.895945,-5.473490,0</coordinates></Point></Placemark>
<Placemark><name>33463142</name><styleUrl>#stPoste</styleUrl><Point><coordinates>-47.885972,-5.470867,0</coordinates></Point></Placemark>
<Placemark><name>40018651</name><styleUrl>#stPoste</styleUrl><Point><coordinates>-47.899077,-5.463341,0</coordinates></Point></Placemark>
<Placemark><name>58365354</name><styleUrl>#stPoste</styleUrl><Point><coordinates>-47.886054,-5.475024,0</coordinates></Point></Placemark>
<Placemark><name>71284694</name><styleUrl>#stPoste</styleUrl><Point><coordinates>-47.880669,-5.472930,0</coordinates></Point></Placemark>
<Placemark><name>643556</name><styleUrl>#stPoste</styleUrl><Point><coordinates>-47.878425,-5.474056,0</coordinates></Point></Placemark>
<Placemark><name>645481</name><styleUrl>#stPoste</styleUrl><Point><coordinates>-47.893311,-5.479056,0</coordinates></Point></Placemark>
<Placemark><name>658127</name><styleUrl>#stPoste</styleUrl><Point><coordinates>-47.893297,-5.467528,0</coordinates></Point></Placemark>
<Placemark><name>660414</name><styleUrl>#stPoste</styleUrl><Point><coordinates>-47.891400,-5.468184,0</coordinates></Point></Placemark>
<Placemark><name>660694</name><styleUrl>#stPoste</styleUrl><Point><coordinates>-47.894611,-5.466367,0</coordinates></Point></Placemark>
<Placemark><name>694495</name><styleUrl>#stPoste</styleUrl><Point><coordinates>-47.895820,-5.465010,0</coordinates></Point></Placemark>
<Placemark><name>730518</name><styleUrl>#stPoste</styleUrl><Point><coordinates>-47.893212,-5.476628,0</coordinates></Point></Placemark>
<Placemark><name>1131711</name><styleUrl>#stPoste</styleUrl><Point><coordinates>-47.897332,-5.468121,0</coordinates></Point></Placemark>
<Placemark><name>1298639</name><styleUrl>#stPoste</styleUrl><Point><coordinates>-47.884004,-5.473064,0</coordinates></Point></Placemark>
<Placemark><name>1715843</name><styleUrl>#stPoste</styleUrl><Point><coordinates>-47.888896,-5.469763,0</coordinates></Point></Placemark>
<Placemark><name>1724593</name><styleUrl>#stPoste</styleUrl><Point><coordinates>-47.895019,-5.465551,0</coordinates></Point></Placemark>
<Placemark><name>1725422</name><styleUrl>#stPoste</styleUrl><Point><coordinates>-47.893729,-5.469268,0</coordinates></Point></Placemark>
<Placemark><name>1726068</name><styleUrl>#stPoste</styleUrl><Point><coordinates>-47.886313,-5.471521,0</coordinates></Point></Placemark>
<Placemark><name>33145388</name><styleUrl>#stPoste</styleUrl><Point><coordinates>-47.885642,-5.470383,0</coordinates></Point></Placemark>
<Placemark><name>58365269</name><styleUrl>#stPoste</styleUrl><Point><coordinates>-47.884636,-5.474989,0</coordinates></Point></Placemark>
<Placemark><name>158842</name><styleUrl>#stPoste</styleUrl><Point><coordinates>-47.893832,-5.473855,0</coordinates></Point></Placemark>
<Placemark><name>644972</name><styleUrl>#stPoste</styleUrl><Point><coordinates>-47.894844,-5.475457,0</coordinates></Point></Placemark>
<Placemark><name>692257</name><styleUrl>#stPoste</styleUrl><Point><coordinates>-47.888355,-5.469396,0</coordinates></Point></Placemark>
<Placemark><name>693114</name><styleUrl>#stPoste</styleUrl><Point><coordinates>-47.895289,-5.464385,0</coordinates></Point></Placemark>
<Placemark><name>1300752</name><styleUrl>#stPoste</styleUrl><Point><coordinates>-47.886236,-5.479893,0</coordinates></Point></Placemark>
<Placemark><name>1305922</name><styleUrl>#stPoste</styleUrl><Point><coordinates>-47.888407,-5.479980,0</coordinates></Point></Placemark>
<Placemark><name>1463808</name><styleUrl>#stPoste</styleUrl><Point><coordinates>-47.878075,-5.474738,0</coordinates></Point></Placemark>
<Placemark><name>1716607</name><styleUrl>#stPoste</styleUrl><Point><coordinates>-47.891821,-5.477876,0</coordinates></Point></Placemark>
<Placemark><name>1725412</name><styleUrl>#stPoste</styleUrl><Point><coordinates>-47.893934,-5.473543,0</coordinates></Point></Placemark>
<Placemark><name>32140593</name><styleUrl>#stPoste</styleUrl><Point><coordinates>-47.891036,-5.470499,0</coordinates></Point></Placemark>
<Placemark><name>58365393</name><styleUrl>#stPoste</styleUrl><Point><coordinates>-47.886643,-5.474391,0</coordinates></Point></Placemark>
<Placemark><name>135754</name><styleUrl>#stPoste</styleUrl><Point><coordinates>-47.878093,-5.474860,0</coordinates></Point></Placemark>
<Placemark><name>643635</name><styleUrl>#stPoste</styleUrl><Point><coordinates>-47.893841,-5.478672,0</coordinates></Point></Placemark>
<Placemark><name>643801</name><styleUrl>#stPoste</styleUrl><Point><coordinates>-47.878799,-5.473862,0</coordinates></Point></Placemark>
<Placemark><name>644971</name><styleUrl>#stPoste</styleUrl><Point><coordinates>-47.895080,-5.475239,0</coordinates></Point></Placemark>
<Placemark><name>645733</name><styleUrl>#stPoste</styleUrl><Point><coordinates>-47.889920,-5.474082,0</coordinates></Point></Placemark>
<Placemark><name>645742</name><styleUrl>#stPoste</styleUrl><Point><coordinates>-47.892949,-5.478231,0</coordinates></Point></Placemark>
<Placemark><name>646508</name><styleUrl>#stPoste</styleUrl><Point><coordinates>-47.886279,-5.470209,0</coordinates></Point></Placemark>
<Placemark><name>698665</name><styleUrl>#stPoste</styleUrl><Point><coordinates>-47.886605,-5.472297,0</coordinates></Point></Placemark>
<Placemark><name>730109</name><styleUrl>#stPoste</styleUrl><Point><coordinates>-47.882952,-5.471793,0</coordinates></Point></Placemark>
<Placemark><name>1225225</name><styleUrl>#stPoste</styleUrl><Point><coordinates>-47.890456,-5.467397,0</coordinates></Point></Placemark>
<Placemark><name>1298640</name><styleUrl>#stPoste</styleUrl><Point><coordinates>-47.883709,-5.473254,0</coordinates></Point></Placemark>
<Placemark><name>1300754</name><styleUrl>#stPoste</styleUrl><Point><coordinates>-47.886858,-5.477924,0</coordinates></Point></Placemark>
<Placemark><name>1300759</name><styleUrl>#stPoste</styleUrl><Point><coordinates>-47.886294,-5.478757,0</coordinates></Point></Placemark>
<Placemark><name>1305917</name><styleUrl>#stPoste</styleUrl><Point><coordinates>-47.886600,-5.480607,0</coordinates></Point></Placemark>
<Placemark><name>1305918</name><styleUrl>#stPoste</styleUrl><Point><coordinates>-47.887857,-5.479927,0</coordinates></Point></Placemark>
<Placemark><name>1478483</name><styleUrl>#stPoste</styleUrl><Point><coordinates>-47.886573,-5.472200,0</coordinates></Point></Placemark>
<Placemark><name>39711345</name><styleUrl>#stPoste</styleUrl><Point><coordinates>-47.893617,-5.471164,0</coordinates></Point></Placemark>
<Placemark><name>46350543</name><styleUrl>#stPoste</styleUrl><Point><coordinates>-47.884493,-5.470729,0</coordinates></Point></Placemark>
<Placemark><name>46710463</name><styleUrl>#stPoste</styleUrl><Point><coordinates>-47.878362,-5.473920,0</coordinates></Point></Placemark>
<Placemark><name>136559</name><styleUrl>#stPoste</styleUrl><Point><coordinates>-47.888061,-5.469275,0</coordinates></Point></Placemark>
<Placemark><name>656422</name><styleUrl>#stPoste</styleUrl><Point><coordinates>-47.880996,-5.472768,0</coordinates></Point></Placemark>
<Placemark><name>657814</name><styleUrl>#stPoste</styleUrl><Point><coordinates>-47.895282,-5.474571,0</coordinates></Point></Placemark>
<Placemark><name>657819</name><styleUrl>#stPoste</styleUrl><Point><coordinates>-47.889545,-5.470560,0</coordinates></Point></Placemark>
<Placemark><name>698661</name><styleUrl>#stPoste</styleUrl><Point><coordinates>-47.886471,-5.471888,0</coordinates></Point></Placemark>
<Placemark><name>730114</name><styleUrl>#stPoste</styleUrl><Point><coordinates>-47.883918,-5.471311,0</coordinates></Point></Placemark>
<Placemark><name>730517</name><styleUrl>#stPoste</styleUrl><Point><coordinates>-47.892902,-5.476820,0</coordinates></Point></Placemark>
<Placemark><name>1705813</name><styleUrl>#stPoste</styleUrl><Point><coordinates>-47.892525,-5.478086,0</coordinates></Point></Placemark>
<Placemark><name>1726021</name><styleUrl>#stPoste</styleUrl><Point><coordinates>-47.893211,-5.470607,0</coordinates></Point></Placemark>
<Placemark><name>1843885</name><styleUrl>#stPoste</styleUrl><Point><coordinates>-47.896387,-5.469239,0</coordinates></Point></Placemark>
<Placemark><name>57719970</name><styleUrl>#stPoste</styleUrl><Point><coordinates>-47.887125,-5.479553,0</coordinates></Point></Placemark>
<Placemark><name>58365252</name><styleUrl>#stPoste</styleUrl><Point><coordinates>-47.884556,-5.475443,0</coordinates></Point></Placemark>
<Placemark><name>645478</name><styleUrl>#stPoste</styleUrl><Point><coordinates>-47.888803,-5.473694,0</coordinates></Point></Placemark>
<Placemark><name>646915</name><styleUrl>#stPoste</styleUrl><Point><coordinates>-47.889904,-5.474275,0</coordinates></Point></Placemark>
<Placemark><name>656418</name><styleUrl>#stPoste</styleUrl><Point><coordinates>-47.879897,-5.473315,0</coordinates></Point></Placemark>
<Placemark><name>658686</name><styleUrl>#stPoste</styleUrl><Point><coordinates>-47.890039,-5.467182,0</coordinates></Point></Placemark>
<Placemark><name>660707</name><styleUrl>#stPoste</styleUrl><Point><coordinates>-47.888744,-5.469776,0</coordinates></Point></Placemark>
<Placemark><name>699921</name><styleUrl>#stPoste</styleUrl><Point><coordinates>-47.894300,-5.471384,0</coordinates></Point></Placemark>
<Placemark><name>1096652</name><styleUrl>#stPoste</styleUrl><Point><coordinates>-47.889744,-5.476205,0</coordinates></Point></Placemark>
<Placemark><name>1352531</name><styleUrl>#stPoste</styleUrl><Point><coordinates>-47.897010,-5.472935,0</coordinates></Point></Placemark>
<Placemark><name>1725497</name><styleUrl>#stPoste</styleUrl><Point><coordinates>-47.894355,-5.473191,0</coordinates></Point></Placemark>
<Placemark><name>34047129</name><styleUrl>#stPoste</styleUrl><Point><coordinates>-47.883550,-5.473344,0</coordinates></Point></Placemark>
<Placemark><name>58364720</name><styleUrl>#stPoste</styleUrl><Point><coordinates>-47.889818,-5.470828,0</coordinates></Point></Placemark>
<Placemark><name>58364739</name><styleUrl>#stPoste</styleUrl><Point><coordinates>-47.889278,-5.470301,0</coordinates></Point></Placemark>
<Placemark><name>58365361</name><styleUrl>#stPoste</styleUrl><Point><coordinates>-47.886453,-5.475051,0</coordinates></Point></Placemark>
<Placemark><name>136569</name><styleUrl>#stPoste</styleUrl><Point><coordinates>-47.891781,-5.468634,0</coordinates></Point></Placemark>
<Placemark><name>334732</name><styleUrl>#stPoste</styleUrl><Point><coordinates>-47.891896,-5.479571,0</coordinates></Point></Placemark>
<Placemark><name>643150</name><styleUrl>#stPoste</styleUrl><Point><coordinates>-47.892916,-5.479199,0</coordinates></Point></Placemark>
<Placemark><name>644308</name><styleUrl>#stPoste</styleUrl><Point><coordinates>-47.892039,-5.475116,0</coordinates></Point></Placemark>
<Placemark><name>645463</name><styleUrl>#stPoste</styleUrl><Point><coordinates>-47.886563,-5.473838,0</coordinates></Point></Placemark>
<Placemark><name>645655</name><styleUrl>#stPoste</styleUrl><Point><coordinates>-47.884499,-5.471022,0</coordinates></Point></Placemark>
<Placemark><name>660418</name><styleUrl>#stPoste</styleUrl><Point><coordinates>-47.892010,-5.469057,0</coordinates></Point></Placemark>
<Placemark><name>698121</name><styleUrl>#stPoste</styleUrl><Point><coordinates>-47.894784,-5.473025,0</coordinates></Point></Placemark>
<Placemark><name>698929</name><styleUrl>#stPoste</styleUrl><Point><coordinates>-47.887032,-5.473601,0</coordinates></Point></Placemark>
<Placemark><name>699557</name><styleUrl>#stPoste</styleUrl><Point><coordinates>-47.891764,-5.478636,0</coordinates></Point></Placemark>
<Placemark><name>730010</name><styleUrl>#stPoste</styleUrl><Point><coordinates>-47.893955,-5.471759,0</coordinates></Point></Placemark>
<Placemark><name>1410569</name><styleUrl>#stPoste</styleUrl><Point><coordinates>-47.890136,-5.474818,0</coordinates></Point></Placemark>
<Placemark><name>1428794</name><styleUrl>#stPoste</styleUrl><Point><coordinates>-47.892388,-5.472308,0</coordinates></Point></Placemark>
<Placemark><name>1471344</name><styleUrl>#stPoste</styleUrl><Point><coordinates>-47.891919,-5.475232,0</coordinates></Point></Placemark>
<Placemark><name>1863155</name><styleUrl>#stPoste</styleUrl><Point><coordinates>-47.890344,-5.477786,0</coordinates></Point></Placemark>
<Placemark><name>34030233</name><styleUrl>#stPoste</styleUrl><Point><coordinates>-47.883655,-5.472479,0</coordinates></Point></Placemark>
<Placemark><name>39711236</name><styleUrl>#stPoste</styleUrl><Point><coordinates>-47.893430,-5.471099,0</coordinates></Point></Placemark>
<Placemark><name>40017328</name><styleUrl>#stPoste</styleUrl><Point><coordinates>-47.899156,-5.461178,0</coordinates></Point></Placemark>
<Placemark><name>58364705</name><styleUrl>#stPoste</styleUrl><Point><coordinates>-47.890246,-5.471246,0</coordinates></Point></Placemark>
<Placemark><name>70756532</name><styleUrl>#stPoste</styleUrl><Point><coordinates>-47.893987,-5.471884,0</coordinates></Point></Placemark>
<Placemark><name>136560</name><styleUrl>#stPoste</styleUrl><Point><coordinates>-47.888521,-5.469558,0</coordinates></Point></Placemark>
<Placemark><name>136574</name><styleUrl>#stPoste</styleUrl><Point><coordinates>-47.888954,-5.473951,0</coordinates></Point></Placemark>
<Placemark><name>360596</name><styleUrl>#stPoste</styleUrl><Point><coordinates>-47.895409,-5.464676,0</coordinates></Point></Placemark>
<Placemark><name>645919</name><styleUrl>#stPoste</styleUrl><Point><coordinates>-47.884571,-5.470867,0</coordinates></Point></Placemark>
<Placemark><name>658094</name><styleUrl>#stPoste</styleUrl><Point><coordinates>-47.890840,-5.477682,0</coordinates></Point></Placemark>
<Placemark><name>693083</name><styleUrl>#stPoste</styleUrl><Point><coordinates>-47.894415,-5.466048,0</coordinates></Point></Placemark>
<Placemark><name>694490</name><styleUrl>#stPoste</styleUrl><Point><coordinates>-47.895553,-5.465024,0</coordinates></Point></Placemark>
<Placemark><name>699628</name><styleUrl>#stPoste</styleUrl><Point><coordinates>-47.890000,-5.471005,0</coordinates></Point></Placemark>
<Placemark><name>892725</name><styleUrl>#stPoste</styleUrl><Point><coordinates>-47.896655,-5.473141,0</coordinates></Point></Placemark>
<Placemark><name>1300758</name><styleUrl>#stPoste</styleUrl><Point><coordinates>-47.887673,-5.479560,0</coordinates></Point></Placemark>
<Placemark><name>1305916</name><styleUrl>#stPoste</styleUrl><Point><coordinates>-47.886425,-5.480263,0</coordinates></Point></Placemark>
<Placemark><name>1469722</name><styleUrl>#stPoste</styleUrl><Point><coordinates>-47.892483,-5.469836,0</coordinates></Point></Placemark>
<Placemark><name>1469723</name><styleUrl>#stPoste</styleUrl><Point><coordinates>-47.893041,-5.469526,0</coordinates></Point></Placemark>
<Placemark><name>1717190</name><styleUrl>#stPoste</styleUrl><Point><coordinates>-47.891955,-5.479042,0</coordinates></Point></Placemark>
<Placemark><name>31840802</name><styleUrl>#stPoste</styleUrl><Point><coordinates>-47.892943,-5.471888,0</coordinates></Point></Placemark>
<Placemark><name>38087861</name><styleUrl>#stPoste</styleUrl><Point><coordinates>-47.894157,-5.465831,0</coordinates></Point></Placemark>
<Placemark><name>58365263</name><styleUrl>#stPoste</styleUrl><Point><coordinates>-47.884646,-5.475336,0</coordinates></Point></Placemark>
<Placemark><name>643555</name><styleUrl>#stPoste</styleUrl><Point><coordinates>-47.877870,-5.474335,0</coordinates></Point></Placemark>
<Placemark><name>645233</name><styleUrl>#stPoste</styleUrl><Point><coordinates>-47.896635,-5.468847,0</coordinates></Point></Placemark>
<Placemark><name>645480</name><styleUrl>#stPoste</styleUrl><Point><coordinates>-47.889293,-5.474525,0</coordinates></Point></Placemark>
<Placemark><name>645786</name><styleUrl>#stPoste</styleUrl><Point><coordinates>-47.896995,-5.475784,0</coordinates></Point></Placemark>
<Placemark><name>646913</name><styleUrl>#stPoste</styleUrl><Point><coordinates>-47.890222,-5.475042,0</coordinates></Point></Placemark>
<Placemark><name>694206</name><styleUrl>#stPoste</styleUrl><Point><coordinates>-47.895142,-5.464030,0</coordinates></Point></Placemark>
<Placemark><name>694494</name><styleUrl>#stPoste</styleUrl><Point><coordinates>-47.894867,-5.463362,0</coordinates></Point></Placemark>
<Placemark><name>697765</name><styleUrl>#stPoste</styleUrl><Point><coordinates>-47.892057,-5.474660,0</coordinates></Point></Placemark>
<Placemark><name>698928</name><styleUrl>#stPoste</styleUrl><Point><coordinates>-47.886952,-5.473356,0</coordinates></Point></Placemark>
<Placemark><name>1298642</name><styleUrl>#stPoste</styleUrl><Point><coordinates>-47.883396,-5.473431,0</coordinates></Point></Placemark>
<Placemark><name>1305910</name><styleUrl>#stPoste</styleUrl><Point><coordinates>-47.886115,-5.480070,0</coordinates></Point></Placemark>
<Placemark><name>1305924</name><styleUrl>#stPoste</styleUrl><Point><coordinates>-47.889056,-5.479648,0</coordinates></Point></Placemark>
<Placemark><name>1428795</name><styleUrl>#stPoste</styleUrl><Point><coordinates>-47.889529,-5.471526,0</coordinates></Point></Placemark>
<Placemark><name>1724744</name><styleUrl>#stPoste</styleUrl><Point><coordinates>-47.891703,-5.467282,0</coordinates></Point></Placemark>
<Placemark><name>1886398</name><styleUrl>#stPoste</styleUrl><Point><coordinates>-47.890259,-5.472216,0</coordinates></Point></Placemark>
<Placemark><name>40016320</name><styleUrl>#stPoste</styleUrl><Point><coordinates>-47.900061,-5.462821,0</coordinates></Point></Placemark>
<Placemark><name>40016365</name><styleUrl>#stPoste</styleUrl><Point><coordinates>-47.899726,-5.462882,0</coordinates></Point></Placemark>
<Placemark><name>48741499</name><styleUrl>#stPoste</styleUrl><Point><coordinates>-47.878938,-5.473643,0</coordinates></Point></Placemark>
<Placemark><name>58365330</name><styleUrl>#stPoste</styleUrl><Point><coordinates>-47.884181,-5.473830,0</coordinates></Point></Placemark>
<Placemark><name>58365343</name><styleUrl>#stPoste</styleUrl><Point><coordinates>-47.885303,-5.474974,0</coordinates></Point></Placemark>
<Placemark><name>60588402</name><styleUrl>#stPoste</styleUrl><Point><coordinates>-47.896077,-5.464868,0</coordinates></Point></Placemark>
<Placemark><name>135751</name><styleUrl>#stPoste</styleUrl><Point><coordinates>-47.885788,-5.470595,0</coordinates></Point></Placemark>
<Placemark><name>646916</name><styleUrl>#stPoste</styleUrl><Point><coordinates>-47.889799,-5.474033,0</coordinates></Point></Placemark>
<Placemark><name>698123</name><styleUrl>#stPoste</styleUrl><Point><coordinates>-47.896149,-5.475185,0</coordinates></Point></Placemark>
<Placemark><name>730541</name><styleUrl>#stPoste</styleUrl><Point><coordinates>-47.893342,-5.474272,0</coordinates></Point></Placemark>
<Placemark><name>1305915</name><styleUrl>#stPoste</styleUrl><Point><coordinates>-47.887769,-5.479224,0</coordinates></Point></Placemark>
<Placemark><name>1305921</name><styleUrl>#stPoste</styleUrl><Point><coordinates>-47.888722,-5.479819,0</coordinates></Point></Placemark>
<Placemark><name>1306266</name><styleUrl>#stPoste</styleUrl><Point><coordinates>-47.889504,-5.479452,0</coordinates></Point></Placemark>
<Placemark><name>1429098</name><styleUrl>#stPoste</styleUrl><Point><coordinates>-47.889639,-5.471637,0</coordinates></Point></Placemark>
<Placemark><name>1730581</name><styleUrl>#stPoste</styleUrl><Point><coordinates>-47.891560,-5.479762,0</coordinates></Point></Placemark>
<Placemark><name>1871227</name><styleUrl>#stPoste</styleUrl><Point><coordinates>-47.884462,-5.474847,0</coordinates></Point></Placemark>
<Placemark><name>26747400</name><styleUrl>#stPoste</styleUrl><Point><coordinates>-47.895307,-5.465408,0</coordinates></Point></Placemark>
<Placemark><name>39710956</name><styleUrl>#stPoste</styleUrl><Point><coordinates>-47.893616,-5.471354,0</coordinates></Point></Placemark>
<Placemark><name>40018695</name><styleUrl>#stPoste</styleUrl><Point><coordinates>-47.898812,-5.463580,0</coordinates></Point></Placemark>
<Placemark><name>46710402</name><styleUrl>#stPoste</styleUrl><Point><coordinates>-47.880912,-5.472601,0</coordinates></Point></Placemark>
<Placemark><name>58365184</name><styleUrl>#stPoste</styleUrl><Point><coordinates>-47.886067,-5.477039,0</coordinates></Point></Placemark>
<Placemark><name>644310</name><styleUrl>#stPoste</styleUrl><Point><coordinates>-47.892343,-5.478104,0</coordinates></Point></Placemark>
<Placemark><name>645215</name><styleUrl>#stPoste</styleUrl><Point><coordinates>-47.894310,-5.475948,0</coordinates></Point></Placemark>
<Placemark><name>646220</name><styleUrl>#stPoste</styleUrl><Point><coordinates>-47.885942,-5.470378,0</coordinates></Point></Placemark>
<Placemark><name>656342</name><styleUrl>#stPoste</styleUrl><Point><coordinates>-47.892467,-5.469710,0</coordinates></Point></Placemark>
<Placemark><name>656425</name><styleUrl>#stPoste</styleUrl><Point><coordinates>-47.881313,-5.472609,0</coordinates></Point></Placemark>
<Placemark><name>659555</name><styleUrl>#stPoste</styleUrl><Point><coordinates>-47.895523,-5.470023,0</coordinates></Point></Placemark>
<Placemark><name>697475</name><styleUrl>#stPoste</styleUrl><Point><coordinates>-47.894562,-5.473232,0</coordinates></Point></Placemark>
<Placemark><name>1299675</name><styleUrl>#stPoste</styleUrl><Point><coordinates>-47.886237,-5.477474,0</coordinates></Point></Placemark>
<Placemark><name>1300761</name><styleUrl>#stPoste</styleUrl><Point><coordinates>-47.886748,-5.478529,0</coordinates></Point></Placemark>
<Placemark><name>1705461</name><styleUrl>#stPoste</styleUrl><Point><coordinates>-47.894135,-5.479253,0</coordinates></Point></Placemark>
<Placemark><name>1723485</name><styleUrl>#stPoste</styleUrl><Point><coordinates>-47.894682,-5.465720,0</coordinates></Point></Placemark>
<Placemark><name>1877985</name><styleUrl>#stPoste</styleUrl><Point><coordinates>-47.893441,-5.473897,0</coordinates></Point></Placemark>
<Placemark><name>31840768</name><styleUrl>#stPoste</styleUrl><Point><coordinates>-47.892649,-5.472127,0</coordinates></Point></Placemark>
<Placemark><name>46319524</name><styleUrl>#stPoste</styleUrl><Point><coordinates>-47.897270,-5.472864,0</coordinates></Point></Placemark>
<Placemark><name>58365338</name><styleUrl>#stPoste</styleUrl><Point><coordinates>-47.885030,-5.474962,0</coordinates></Point></Placemark>
<Placemark><name>58365397</name><styleUrl>#stPoste</styleUrl><Point><coordinates>-47.886536,-5.474073,0</coordinates></Point></Placemark>
<Placemark><name>60588396</name><styleUrl>#stPoste</styleUrl><Point><coordinates>-47.896666,-5.464575,0</coordinates></Point></Placemark>
<Placemark><name>317707</name><styleUrl>#stPoste</styleUrl><Point><coordinates>-47.893923,-5.467151,0</coordinates></Point></Placemark>
<Placemark><name>645734</name><styleUrl>#stPoste</styleUrl><Point><coordinates>-47.889612,-5.474284,0</coordinates></Point></Placemark>
<Placemark><name>656419</name><styleUrl>#stPoste</styleUrl><Point><coordinates>-47.880305,-5.473111,0</coordinates></Point></Placemark>
<Placemark><name>659551</name><styleUrl>#stPoste</styleUrl><Point><coordinates>-47.894277,-5.473476,0</coordinates></Point></Placemark>
<Placemark><name>1298636</name><styleUrl>#stPoste</styleUrl><Point><coordinates>-47.883555,-5.472407,0</coordinates></Point></Placemark>
<Placemark><name>1429100</name><styleUrl>#stPoste</styleUrl><Point><coordinates>-47.890120,-5.472087,0</coordinates></Point></Placemark>
<Placemark><name>1725990</name><styleUrl>#stPoste</styleUrl><Point><coordinates>-47.893840,-5.476083,0</coordinates></Point></Placemark>
<Placemark><name>1880199</name><styleUrl>#stPoste</styleUrl><Point><coordinates>-47.889676,-5.476099,0</coordinates></Point></Placemark>
<Placemark><name>39041428</name><styleUrl>#stPoste</styleUrl><Point><coordinates>-47.892637,-5.472175,0</coordinates></Point></Placemark>
<Placemark><name>46350418</name><styleUrl>#stPoste</styleUrl><Point><coordinates>-47.888496,-5.468430,0</coordinates></Point></Placemark>
<Placemark><name>58364051</name><styleUrl>#stPoste</styleUrl><Point><coordinates>-47.894027,-5.465499,0</coordinates></Point></Placemark>
<Placemark><name>58365351</name><styleUrl>#stPoste</styleUrl><Point><coordinates>-47.885671,-5.475000,0</coordinates></Point></Placemark>
<Placemark><name>408894</name><styleUrl>#stPoste</styleUrl><Point><coordinates>-47.896730,-5.475596,0</coordinates></Point></Placemark>
<Placemark><name>645650</name><styleUrl>#stPoste</styleUrl><Point><coordinates>-47.887571,-5.469577,0</coordinates></Point></Placemark>
<Placemark><name>658128</name><styleUrl>#stPoste</styleUrl><Point><coordinates>-47.895924,-5.469576,0</coordinates></Point></Placemark>
<Placemark><name>658977</name><styleUrl>#stPoste</styleUrl><Point><coordinates>-47.890633,-5.477747,0</coordinates></Point></Placemark>
<Placemark><name>659094</name><styleUrl>#stPoste</styleUrl><Point><coordinates>-47.883914,-5.470242,0</coordinates></Point></Placemark>
<Placemark><name>659552</name><styleUrl>#stPoste</styleUrl><Point><coordinates>-47.894049,-5.473670,0</coordinates></Point></Placemark>
<Placemark><name>660986</name><styleUrl>#stPoste</styleUrl><Point><coordinates>-47.893088,-5.470599,0</coordinates></Point></Placemark>
<Placemark><name>692816</name><styleUrl>#stPoste</styleUrl><Point><coordinates>-47.888469,-5.469036,0</coordinates></Point></Placemark>
<Placemark><name>695384</name><styleUrl>#stPoste</styleUrl><Point><coordinates>-47.892327,-5.466802,0</coordinates></Point></Placemark>
<Placemark><name>698708</name><styleUrl>#stPoste</styleUrl><Point><coordinates>-47.893731,-5.472017,0</coordinates></Point></Placemark>
<Placemark><name>698973</name><styleUrl>#stPoste</styleUrl><Point><coordinates>-47.891238,-5.470080,0</coordinates></Point></Placemark>
<Placemark><name>730107</name><styleUrl>#stPoste</styleUrl><Point><coordinates>-47.882307,-5.472114,0</coordinates></Point></Placemark>
<Placemark><name>1298637</name><styleUrl>#stPoste</styleUrl><Point><coordinates>-47.883681,-5.472695,0</coordinates></Point></Placemark>
<Placemark><name>1299671</name><styleUrl>#stPoste</styleUrl><Point><coordinates>-47.885011,-5.477290,0</coordinates></Point></Placemark>
<Placemark><name>1300756</name><styleUrl>#stPoste</styleUrl><Point><coordinates>-47.887342,-5.478895,0</coordinates></Point></Placemark>
<Placemark><name>1305923</name><styleUrl>#stPoste</styleUrl><Point><coordinates>-47.888080,-5.480146,0</coordinates></Point></Placemark>
<Placemark><name>1306265</name><styleUrl>#stPoste</styleUrl><Point><coordinates>-47.889265,-5.479541,0</coordinates></Point></Placemark>
<Placemark><name>1471343</name><styleUrl>#stPoste</styleUrl><Point><coordinates>-47.891469,-5.475224,0</coordinates></Point></Placemark>
<Placemark><name>1471345</name><styleUrl>#stPoste</styleUrl><Point><coordinates>-47.890530,-5.475202,0</coordinates></Point></Placemark>
<Placemark><name>39337562</name><styleUrl>#stPoste</styleUrl><Point><coordinates>-47.895643,-5.465240,0</coordinates></Point></Placemark>
<Placemark><name>40018690</name><styleUrl>#stPoste</styleUrl><Point><coordinates>-47.899047,-5.463469,0</coordinates></Point></Placemark>
<Placemark><name>46350119</name><styleUrl>#stPoste</styleUrl><Point><coordinates>-47.891194,-5.467554,0</coordinates></Point></Placemark>
<Placemark><name>58365190</name><styleUrl>#stPoste</styleUrl><Point><coordinates>-47.885604,-5.476960,0</coordinates></Point></Placemark>
<Placemark><name>58365314</name><styleUrl>#stPoste</styleUrl><Point><coordinates>-47.884431,-5.474397,0</coordinates></Point></Placemark>
<Placemark><name>58365383</name><styleUrl>#stPoste</styleUrl><Point><coordinates>-47.886868,-5.475083,0</coordinates></Point></Placemark>
<Placemark><name>60588397</name><styleUrl>#stPoste</styleUrl><Point><coordinates>-47.896305,-5.464761,0</coordinates></Point></Placemark>
<Placemark><name>329076</name><styleUrl>#stPoste</styleUrl><Point><coordinates>-47.893519,-5.476438,0</coordinates></Point></Placemark>
<Placemark><name>334733</name><styleUrl>#stPoste</styleUrl><Point><coordinates>-47.891466,-5.478747,0</coordinates></Point></Placemark>
<Placemark><name>643629</name><styleUrl>#stPoste</styleUrl><Point><coordinates>-47.888452,-5.473095,0</coordinates></Point></Placemark>
<Placemark><name>659562</name><styleUrl>#stPoste</styleUrl><Point><coordinates>-47.894746,-5.470888,0</coordinates></Point></Placemark>
<Placemark><name>660710</name><styleUrl>#stPoste</styleUrl><Point><coordinates>-47.891026,-5.470281,0</coordinates></Point></Placemark>
<Placemark><name>698972</name><styleUrl>#stPoste</styleUrl><Point><coordinates>-47.891341,-5.469981,0</coordinates></Point></Placemark>
<Placemark><name>699556</name><styleUrl>#stPoste</styleUrl><Point><coordinates>-47.892085,-5.478517,0</coordinates></Point></Placemark>
<Placemark><name>1410571</name><styleUrl>#stPoste</styleUrl><Point><coordinates>-47.890337,-5.475724,0</coordinates></Point></Placemark>
<Placemark><name>1705129</name><styleUrl>#stPoste</styleUrl><Point><coordinates>-47.894514,-5.473943,0</coordinates></Point></Placemark>
<Placemark><name>1724453</name><styleUrl>#stPoste</styleUrl><Point><coordinates>-47.891368,-5.467465,0</coordinates></Point></Placemark>
<Placemark><name>1724487</name><styleUrl>#stPoste</styleUrl><Point><coordinates>-47.896205,-5.464960,0</coordinates></Point></Placemark>
<Placemark><name>1726081</name><styleUrl>#stPoste</styleUrl><Point><coordinates>-47.894781,-5.470636,0</coordinates></Point></Placemark>
<Placemark><name>38023683</name><styleUrl>#stPoste</styleUrl><Point><coordinates>-47.890868,-5.467610,0</coordinates></Point></Placemark>
<Placemark><name>46710452</name><styleUrl>#stPoste</styleUrl><Point><coordinates>-47.879382,-5.473413,0</coordinates></Point></Placemark>
<Placemark><name>512964</name><styleUrl>#stPoste</styleUrl><Point><coordinates>-47.892254,-5.469406,0</coordinates></Point></Placemark>
<Placemark><name>645186</name><styleUrl>#stPoste</styleUrl><Point><coordinates>-47.892179,-5.479468,0</coordinates></Point></Placemark>
<Placemark><name>657822</name><styleUrl>#stPoste</styleUrl><Point><coordinates>-47.893851,-5.471690,0</coordinates></Point></Placemark>
<Placemark><name>658125</name><styleUrl>#stPoste</styleUrl><Point><coordinates>-47.894193,-5.466989,0</coordinates></Point></Placemark>
<Placemark><name>659017</name><styleUrl>#stPoste</styleUrl><Point><coordinates>-47.893132,-5.467627,0</coordinates></Point></Placemark>
<Placemark><name>659020</name><styleUrl>#stPoste</styleUrl><Point><coordinates>-47.890530,-5.470755,0</coordinates></Point></Placemark>
<Placemark><name>660696</name><styleUrl>#stPoste</styleUrl><Point><coordinates>-47.894777,-5.466637,0</coordinates></Point></Placemark>
<Placemark><name>694496</name><styleUrl>#stPoste</styleUrl><Point><coordinates>-47.895222,-5.465287,0</coordinates></Point></Placemark>
<Placemark><name>698070</name><styleUrl>#stPoste</styleUrl><Point><coordinates>-47.892230,-5.475493,0</coordinates></Point></Placemark>
<Placemark><name>699249</name><styleUrl>#stPoste</styleUrl><Point><coordinates>-47.893088,-5.477186,0</coordinates></Point></Placemark>
<Placemark><name>942267</name><styleUrl>#stPoste</styleUrl><Point><coordinates>-47.890467,-5.476557,0</coordinates></Point></Placemark>
<Placemark><name>1306268</name><styleUrl>#stPoste</styleUrl><Point><coordinates>-47.890129,-5.479227,0</coordinates></Point></Placemark>
<Placemark><name>1429099</name><styleUrl>#stPoste</styleUrl><Point><coordinates>-47.890082,-5.471181,0</coordinates></Point></Placemark>
<Placemark><name>1871564</name><styleUrl>#stPoste</styleUrl><Point><coordinates>-47.889261,-5.480035,0</coordinates></Point></Placemark>
<Placemark><name>46351660</name><styleUrl>#stPoste</styleUrl><Point><coordinates>-47.879521,-5.473502,0</coordinates></Point></Placemark>
<Placemark><name>645189</name><styleUrl>#stPoste</styleUrl><Point><coordinates>-47.892108,-5.479114,0</coordinates></Point></Placemark>
<Placemark><name>646315</name><styleUrl>#stPoste</styleUrl><Point><coordinates>-47.892669,-5.478172,0</coordinates></Point></Placemark>
<Placemark><name>647528</name><styleUrl>#stPoste</styleUrl><Point><coordinates>-47.893311,-5.469372,0</coordinates></Point></Placemark>
<Placemark><name>657810</name><styleUrl>#stPoste</styleUrl><Point><coordinates>-47.894435,-5.473950,0</coordinates></Point></Placemark>
<Placemark><name>660413</name><styleUrl>#stPoste</styleUrl><Point><coordinates>-47.892233,-5.469572,0</coordinates></Point></Placemark>
<Placemark><name>1299667</name><styleUrl>#stPoste</styleUrl><Point><coordinates>-47.886571,-5.477339,0</coordinates></Point></Placemark>
<Placemark><name>1299673</name><styleUrl>#stPoste</styleUrl><Point><coordinates>-47.885578,-5.477375,0</coordinates></Point></Placemark>
<Placemark><name>31840749</name><styleUrl>#stPoste</styleUrl><Point><coordinates>-47.892732,-5.472059,0</coordinates></Point></Placemark>
<Placemark><name>58365300</name><styleUrl>#stPoste</styleUrl><Point><coordinates>-47.884596,-5.474757,0</coordinates></Point></Placemark>
<Placemark><name>645185</name><styleUrl>#stPoste</styleUrl><Point><coordinates>-47.892538,-5.479337,0</coordinates></Point></Placemark>
<Placemark><name>645191</name><styleUrl>#stPoste</styleUrl><Point><coordinates>-47.891744,-5.478430,0</coordinates></Point></Placemark>
<Placemark><name>646213</name><styleUrl>#stPoste</styleUrl><Point><coordinates>-47.885603,-5.470539,0</coordinates></Point></Placemark>
<Placemark><name>659554</name><styleUrl>#stPoste</styleUrl><Point><coordinates>-47.892825,-5.467812,0</coordinates></Point></Placemark>
<Placemark><name>692550</name><styleUrl>#stPoste</styleUrl><Point><coordinates>-47.888847,-5.468826,0</coordinates></Point></Placemark>
<Placemark><name>697468</name><styleUrl>#stPoste</styleUrl><Point><coordinates>-47.891782,-5.470012,0</coordinates></Point></Placemark>
<Placemark><name>698663</name><styleUrl>#stPoste</styleUrl><Point><coordinates>-47.890720,-5.479014,0</coordinates></Point></Placemark>
<Placemark><name>699629</name><styleUrl>#stPoste</styleUrl><Point><coordinates>-47.890298,-5.470975,0</coordinates></Point></Placemark>
<Placemark><name>1306270</name><styleUrl>#stPoste</styleUrl><Point><coordinates>-47.889319,-5.479935,0</coordinates></Point></Placemark>
<Placemark><name>1705233</name><styleUrl>#stPoste</styleUrl><Point><coordinates>-47.887625,-5.473370,0</coordinates></Point></Placemark>
<Placemark><name>40017654</name><styleUrl>#stPoste</styleUrl><Point><coordinates>-47.897574,-5.461094,0</coordinates></Point></Placemark>
<Placemark><name>59893053</name><styleUrl>#stPoste</styleUrl><Point><coordinates>-47.892543,-5.476111,0</coordinates></Point></Placemark>
<Placemark><name>136562</name><styleUrl>#stPoste</styleUrl><Point><coordinates>-47.890758,-5.470536,0</coordinates></Point></Placemark>
<Placemark><name>643636</name><styleUrl>#stPoste</styleUrl><Point><coordinates>-47.893989,-5.478807,0</coordinates></Point></Placemark>
<Placemark><name>644970</name><styleUrl>#stPoste</styleUrl><Point><coordinates>-47.895312,-5.475026,0</coordinates></Point></Placemark>
<Placemark><name>646374</name><styleUrl>#stPoste</styleUrl><Point><coordinates>-47.897720,-5.472525,0</coordinates></Point></Placemark>
<Placemark><name>658138</name><styleUrl>#stPoste</styleUrl><Point><coordinates>-47.893143,-5.474442,0</coordinates></Point></Placemark>
<Placemark><name>659352</name><styleUrl>#stPoste</styleUrl><Point><coordinates>-47.887444,-5.469708,0</coordinates></Point></Placemark>
<Placemark><name>659561</name><styleUrl>#stPoste</styleUrl><Point><coordinates>-47.894945,-5.470667,0</coordinates></Point></Placemark>
<Placemark><name>660417</name><styleUrl>#stPoste</styleUrl><Point><coordinates>-47.891805,-5.468764,0</coordinates></Point></Placemark>
<Placemark><name>699919</name><styleUrl>#stPoste</styleUrl><Point><coordinates>-47.894529,-5.471129,0</coordinates></Point></Placemark>
<Placemark><name>730108</name><styleUrl>#stPoste</styleUrl><Point><coordinates>-47.882656,-5.471940,0</coordinates></Point></Placemark>
<Placemark><name>1300763</name><styleUrl>#stPoste</styleUrl><Point><coordinates>-47.887185,-5.478310,0</coordinates></Point></Placemark>
<Placemark><name>1410570</name><styleUrl>#stPoste</styleUrl><Point><coordinates>-47.890231,-5.475273,0</coordinates></Point></Placemark>
<Placemark><name>1428797</name><styleUrl>#stPoste</styleUrl><Point><coordinates>-47.889856,-5.471840,0</coordinates></Point></Placemark>
<Placemark><name>1469721</name><styleUrl>#stPoste</styleUrl><Point><coordinates>-47.892768,-5.469675,0</coordinates></Point></Placemark>
<Placemark><name>1705462</name><styleUrl>#stPoste</styleUrl><Point><coordinates>-47.893087,-5.478200,0</coordinates></Point></Placemark>
<Placemark><name>1716028</name><styleUrl>#stPoste</styleUrl><Point><coordinates>-47.895445,-5.470210,0</coordinates></Point></Placemark>
<Placemark><name>1725784</name><styleUrl>#stPoste</styleUrl><Point><coordinates>-47.895082,-5.474309,0</coordinates></Point></Placemark>
<Placemark><name>1726020</name><styleUrl>#stPoste</styleUrl><Point><coordinates>-47.893027,-5.470791,0</coordinates></Point></Placemark>
<Placemark><name>1871468</name><styleUrl>#stPoste</styleUrl><Point><coordinates>-47.888122,-5.477840,0</coordinates></Point></Placemark>
<Placemark><name>40017133</name><styleUrl>#stPoste</styleUrl><Point><coordinates>-47.898954,-5.461785,0</coordinates></Point></Placemark>
<Placemark><name>46148932</name><styleUrl>#stPoste</styleUrl><Point><coordinates>-47.892518,-5.467997,0</coordinates></Point></Placemark>
<Placemark><name>299257</name><styleUrl>#stPoste</styleUrl><Point><coordinates>-47.887132,-5.469495,0</coordinates></Point></Placemark>
<Placemark><name>644311</name><styleUrl>#stPoste</styleUrl><Point><coordinates>-47.891688,-5.477967,0</coordinates></Point></Placemark>
<Placemark><name>645740</name><styleUrl>#stPoste</styleUrl><Point><coordinates>-47.893990,-5.478966,0</coordinates></Point></Placemark>
<Placemark><name>660783</name><styleUrl>#stPoste</styleUrl><Point><coordinates>-47.881874,-5.472330,0</coordinates></Point></Placemark>
<Placemark><name>698974</name><styleUrl>#stPoste</styleUrl><Point><coordinates>-47.891268,-5.469974,0</coordinates></Point></Placemark>
<Placemark><name>1067704</name><styleUrl>#stPoste</styleUrl><Point><coordinates>-47.886521,-5.470086,0</coordinates></Point></Placemark>
<Placemark><name>1274231</name><styleUrl>#stPoste</styleUrl><Point><coordinates>-47.895499,-5.465176,0</coordinates></Point></Placemark>
<Placemark><name>1300753</name><styleUrl>#stPoste</styleUrl><Point><coordinates>-47.886721,-5.477650,0</coordinates></Point></Placemark>
<Placemark><name>1305920</name><styleUrl>#stPoste</styleUrl><Point><coordinates>-47.888015,-5.480245,0</coordinates></Point></Placemark>
<Placemark><name>1463807</name><styleUrl>#stPoste</styleUrl><Point><coordinates>-47.878048,-5.474685,0</coordinates></Point></Placemark>
<Placemark><name>1717127</name><styleUrl>#stPoste</styleUrl><Point><coordinates>-47.891951,-5.469879,0</coordinates></Point></Placemark>
<Placemark><name>1725995</name><styleUrl>#stPoste</styleUrl><Point><coordinates>-47.893371,-5.476348,0</coordinates></Point></Placemark>
<Placemark><name>1871469</name><styleUrl>#stPoste</styleUrl><Point><coordinates>-47.888239,-5.477847,0</coordinates></Point></Placemark>
<Placemark><name>34030227</name><styleUrl>#stPoste</styleUrl><Point><coordinates>-47.883624,-5.472564,0</coordinates></Point></Placemark>
<Placemark><name>38023661</name><styleUrl>#stPoste</styleUrl><Point><coordinates>-47.890704,-5.467525,0</coordinates></Point></Placemark>
<Placemark><name>38023674</name><styleUrl>#stPoste</styleUrl><Point><coordinates>-47.891073,-5.467716,0</coordinates></Point></Placemark>
<Placemark><name>38087863</name><styleUrl>#stPoste</styleUrl><Point><coordinates>-47.894583,-5.465613,0</coordinates></Point></Placemark>
<Placemark><name>40016615</name><styleUrl>#stPoste</styleUrl><Point><coordinates>-47.898992,-5.462698,0</coordinates></Point></Placemark>
<Placemark><name>40017831</name><styleUrl>#stPoste</styleUrl><Point><coordinates>-47.899285,-5.460592,0</coordinates></Point></Placemark>
<Placemark><name>58365257</name><styleUrl>#stPoste</styleUrl><Point><coordinates>-47.884654,-5.475628,0</coordinates></Point></Placemark>
<Placemark><name>58365402</name><styleUrl>#stPoste</styleUrl><Point><coordinates>-47.886421,-5.473732,0</coordinates></Point></Placemark>
<Placemark><name>136570</name><styleUrl>#stPoste</styleUrl><Point><coordinates>-47.892252,-5.475357,0</coordinates></Point></Placemark>
<Placemark><name>136573</name><styleUrl>#stPoste</styleUrl><Point><coordinates>-47.887164,-5.473633,0</coordinates></Point></Placemark>
<Placemark><name>299258</name><styleUrl>#stPoste</styleUrl><Point><coordinates>-47.884653,-5.470945,0</coordinates></Point></Placemark>
<Placemark><name>643891</name><styleUrl>#stPoste</styleUrl><Point><coordinates>-47.892860,-5.474684,0</coordinates></Point></Placemark>
<Placemark><name>645462</name><styleUrl>#stPoste</styleUrl><Point><coordinates>-47.893669,-5.478925,0</coordinates></Point></Placemark>
<Placemark><name>645921</name><styleUrl>#stPoste</styleUrl><Point><coordinates>-47.884842,-5.470851,0</coordinates></Point></Placemark>
<Placemark><name>647224</name><styleUrl>#stPoste</styleUrl><Point><coordinates>-47.894117,-5.476067,0</coordinates></Point></Placemark>
<Placemark><name>659558</name><styleUrl>#stPoste</styleUrl><Point><coordinates>-47.895131,-5.470459,0</coordinates></Point></Placemark>
<Placemark><name>661086</name><styleUrl>#stPoste</styleUrl><Point><coordinates>-47.882076,-5.472229,0</coordinates></Point></Placemark>
<Placemark><name>699250</name><styleUrl>#stPoste</styleUrl><Point><coordinates>-47.893285,-5.477575,0</coordinates></Point></Placemark>
<Placemark><name>1716408</name><styleUrl>#stPoste</styleUrl><Point><coordinates>-47.895924,-5.465100,0</coordinates></Point></Placemark>
<Placemark><name>1827610</name><styleUrl>#stPoste</styleUrl><Point><coordinates>-47.892904,-5.471745,0</coordinates></Point></Placemark>
<Placemark><name>1871358</name><styleUrl>#stPoste</styleUrl><Point><coordinates>-47.884882,-5.477234,0</coordinates></Point></Placemark>
<Placemark><name>1871407</name><styleUrl>#stPoste</styleUrl><Point><coordinates>-47.886585,-5.480401,0</coordinates></Point></Placemark>
<Placemark><name>38023653</name><styleUrl>#stPoste</styleUrl><Point><coordinates>-47.890331,-5.467332,0</coordinates></Point></Placemark>
<Placemark><name>657813</name><styleUrl>#stPoste</styleUrl><Point><coordinates>-47.895052,-5.474402,0</coordinates></Point></Placemark>
<Placemark><name>658126</name><styleUrl>#stPoste</styleUrl><Point><coordinates>-47.893524,-5.467392,0</coordinates></Point></Placemark>
<Placemark><name>660366</name><styleUrl>#stPoste</styleUrl><Point><coordinates>-47.890004,-5.477984,0</coordinates></Point></Placemark>
<Placemark><name>698660</name><styleUrl>#stPoste</styleUrl><Point><coordinates>-47.893660,-5.478315,0</coordinates></Point></Placemark>
<Placemark><name>698692</name><styleUrl>#stPoste</styleUrl><Point><coordinates>-47.891831,-5.470552,0</coordinates></Point></Placemark>
<Placemark><name>731157</name><styleUrl>#stPoste</styleUrl><Point><coordinates>-47.878000,-5.474902,0</coordinates></Point></Placemark>
<Placemark><name>1299334</name><styleUrl>#stPoste</styleUrl><Point><coordinates>-47.884066,-5.473567,0</coordinates></Point></Placemark>
<Placemark><name>1300760</name><styleUrl>#stPoste</styleUrl><Point><coordinates>-47.886513,-5.478647,0</coordinates></Point></Placemark>
<Placemark><name>1306264</name><styleUrl>#stPoste</styleUrl><Point><coordinates>-47.889100,-5.479485,0</coordinates></Point></Placemark>
<Placemark><name>1394444</name><styleUrl>#stPoste</styleUrl><Point><coordinates>-47.878101,-5.474785,0</coordinates></Point></Placemark>
<Placemark><name>1843884</name><styleUrl>#stPoste</styleUrl><Point><coordinates>-47.890673,-5.470804,0</coordinates></Point></Placemark>
<Placemark><name>58365324</name><styleUrl>#stPoste</styleUrl><Point><coordinates>-47.884277,-5.474058,0</coordinates></Point></Placemark>
<Placemark><name>136571</name><styleUrl>#stPoste</styleUrl><Point><coordinates>-47.886227,-5.473953,0</coordinates></Point></Placemark>
<Placemark><name>360597</name><styleUrl>#stPoste</styleUrl><Point><coordinates>-47.894990,-5.463661,0</coordinates></Point></Placemark>
<Placemark><name>643888</name><styleUrl>#stPoste</styleUrl><Point><coordinates>-47.891998,-5.475161,0</coordinates></Point></Placemark>
<Placemark><name>644891</name><styleUrl>#stPoste</styleUrl><Point><coordinates>-47.891159,-5.472995,0</coordinates></Point></Placemark>
<Placemark><name>645482</name><styleUrl>#stPoste</styleUrl><Point><coordinates>-47.891594,-5.479681,0</coordinates></Point></Placemark>
<Placemark><name>645654</name><styleUrl>#stPoste</styleUrl><Point><coordinates>-47.884253,-5.471145,0</coordinates></Point></Placemark>
<Placemark><name>646080</name><styleUrl>#stPoste</styleUrl><Point><coordinates>-47.893831,-5.469032,0</coordinates></Point></Placemark>
<Placemark><name>657815</name><styleUrl>#stPoste</styleUrl><Point><coordinates>-47.894473,-5.472581,0</coordinates></Point></Placemark>
<Placemark><name>658088</name><styleUrl>#stPoste</styleUrl><Point><coordinates>-47.890297,-5.475849,0</coordinates></Point></Placemark>
<Placemark><name>658089</name><styleUrl>#stPoste</styleUrl><Point><coordinates>-47.890441,-5.476172,0</coordinates></Point></Placemark>
<Placemark><name>1300755</name><styleUrl>#stPoste</styleUrl><Point><coordinates>-47.887014,-5.478239,0</coordinates></Point></Placemark>
<Placemark><name>40018697</name><styleUrl>#stPoste</styleUrl><Point><coordinates>-47.898526,-5.463714,0</coordinates></Point></Placemark>
<Placemark><name>347184</name><styleUrl>#stPoste</styleUrl><Point><coordinates>-47.895747,-5.469774,0</coordinates></Point></Placemark>
<Placemark><name>656717</name><styleUrl>#stPoste</styleUrl><Point><coordinates>-47.881599,-5.472467,0</coordinates></Point></Placemark>
<Placemark><name>657816</name><styleUrl>#stPoste</styleUrl><Point><coordinates>-47.893264,-5.470850,0</coordinates></Point></Placemark>
<Placemark><name>659093</name><styleUrl>#stPoste</styleUrl><Point><coordinates>-47.884263,-5.470574,0</coordinates></Point></Placemark>
<Placemark><name>659557</name><styleUrl>#stPoste</styleUrl><Point><coordinates>-47.895325,-5.470244,0</coordinates></Point></Placemark>
<Placemark><name>695386</name><styleUrl>#stPoste</styleUrl><Point><coordinates>-47.891896,-5.467018,0</coordinates></Point></Placemark>
<Placemark><name>730116</name><styleUrl>#stPoste</styleUrl><Point><coordinates>-47.880996,-5.472370,0</coordinates></Point></Placemark>
<Placemark><name>1724740</name><styleUrl>#stPoste</styleUrl><Point><coordinates>-47.892099,-5.467072,0</coordinates></Point></Placemark>
<Placemark><name>1863153</name><styleUrl>#stPoste</styleUrl><Point><coordinates>-47.890418,-5.477710,0</coordinates></Point></Placemark>
<Placemark><name>40016619</name><styleUrl>#stPoste</styleUrl><Point><coordinates>-47.898765,-5.462808,0</coordinates></Point></Placemark>
<Placemark><name>40017656</name><styleUrl>#stPoste</styleUrl><Point><coordinates>-47.897374,-5.460805,0</coordinates></Point></Placemark>
<Placemark><name>40018196</name><styleUrl>#stPoste</styleUrl><Point><coordinates>-47.899403,-5.460026,0</coordinates></Point></Placemark>
<Placemark><name>40018672</name><styleUrl>#stPoste</styleUrl><Point><coordinates>-47.898972,-5.463421,0</coordinates></Point></Placemark>
<Placemark><name>46350570</name><styleUrl>#stPoste</styleUrl><Point><coordinates>-47.883267,-5.471756,0</coordinates></Point></Placemark>
<Placemark><name>643630</name><styleUrl>#stPoste</styleUrl><Point><coordinates>-47.888612,-5.473369,0</coordinates></Point></Placemark>
<Placemark><name>645190</name><styleUrl>#stPoste</styleUrl><Point><coordinates>-47.891934,-5.478787,0</coordinates></Point></Placemark>
<Placemark><name>645736</name><styleUrl>#stPoste</styleUrl><Point><coordinates>-47.889923,-5.475088,0</coordinates></Point></Placemark>
<Placemark><name>646373</name><styleUrl>#stPoste</styleUrl><Point><coordinates>-47.893578,-5.469212,0</coordinates></Point></Placemark>
<Placemark><name>658711</name><styleUrl>#stPoste</styleUrl><Point><coordinates>-47.894615,-5.472783,0</coordinates></Point></Placemark>
<Placemark><name>660695</name><styleUrl>#stPoste</styleUrl><Point><coordinates>-47.896376,-5.469148,0</coordinates></Point></Placemark>
<Placemark><name>698122</name><styleUrl>#stPoste</styleUrl><Point><coordinates>-47.895852,-5.474974,0</coordinates></Point></Placemark>
<Placemark><name>698927</name><styleUrl>#stPoste</styleUrl><Point><coordinates>-47.886855,-5.473062,0</coordinates></Point></Placemark>
<Placemark><name>730519</name><styleUrl>#stPoste</styleUrl><Point><coordinates>-47.893811,-5.476257,0</coordinates></Point></Placemark>
<Placemark><name>730540</name><styleUrl>#stPoste</styleUrl><Point><coordinates>-47.893574,-5.474054,0</coordinates></Point></Placemark>
<Placemark><name>1298632</name><styleUrl>#stPoste</styleUrl><Point><coordinates>-47.883068,-5.471735,0</coordinates></Point></Placemark>
<Placemark><name>1299712</name><styleUrl>#stPoste</styleUrl><Point><coordinates>-47.894032,-5.471677,0</coordinates></Point></Placemark>
<Placemark><name>1305911</name><styleUrl>#stPoste</styleUrl><Point><coordinates>-47.886467,-5.479890,0</coordinates></Point></Placemark>
<Placemark><name>1305914</name><styleUrl>#stPoste</styleUrl><Point><coordinates>-47.887418,-5.479403,0</coordinates></Point></Placemark>
<Placemark><name>1305919</name><styleUrl>#stPoste</styleUrl><Point><coordinates>-47.887835,-5.480271,0</coordinates></Point></Placemark>
<Placemark><name>1428796</name><styleUrl>#stPoste</styleUrl><Point><coordinates>-47.889858,-5.471423,0</coordinates></Point></Placemark>
<Placemark><name>1723486</name><styleUrl>#stPoste</styleUrl><Point><coordinates>-47.894394,-5.465863,0</coordinates></Point></Placemark>
<Placemark><name>1725911</name><styleUrl>#stPoste</styleUrl><Point><coordinates>-47.891654,-5.470546,0</coordinates></Point></Placemark>
<Placemark><name>1871430</name><styleUrl>#stPoste</styleUrl><Point><coordinates>-47.887876,-5.479751,0</coordinates></Point></Placemark>
<Placemark><name>1894392</name><styleUrl>#stPoste</styleUrl><Point><coordinates>-47.893615,-5.469095,0</coordinates></Point></Placemark>
<Placemark><name>35648862</name><styleUrl>#stPoste</styleUrl><Point><coordinates>-47.895156,-5.472679,0</coordinates></Point></Placemark>
<Placemark><name>39711192</name><styleUrl>#stPoste</styleUrl><Point><coordinates>-47.893422,-5.471382,0</coordinates></Point></Placemark>
<Placemark><name>40016663</name><styleUrl>#stPoste</styleUrl><Point><coordinates>-47.899224,-5.461846,0</coordinates></Point></Placemark>
<Placemark><name>46350115</name><styleUrl>#stPoste</styleUrl><Point><coordinates>-47.890887,-5.467715,0</coordinates></Point></Placemark>
<Placemark><name>46350454</name><styleUrl>#stPoste</styleUrl><Point><coordinates>-47.886992,-5.469404,0</coordinates></Point></Placemark>
<Placemark><name>49222140</name><styleUrl>#stPoste</styleUrl><Point><coordinates>-47.896793,-5.464516,0</coordinates></Point></Placemark>
<Placemark><name>135753</name><styleUrl>#stPoste</styleUrl><Point><coordinates>-47.883272,-5.471634,0</coordinates></Point></Placemark>
<Placemark><name>644961</name><styleUrl>#stPoste</styleUrl><Point><coordinates>-47.894659,-5.475626,0</coordinates></Point></Placemark>
<Placemark><name>646211</name><styleUrl>#stPoste</styleUrl><Point><coordinates>-47.885243,-5.470686,0</coordinates></Point></Placemark>
<Placemark><name>659344</name><styleUrl>#stPoste</styleUrl><Point><coordinates>-47.887714,-5.469491,0</coordinates></Point></Placemark>
<Placemark><name>660389</name><styleUrl>#stPoste</styleUrl><Point><coordinates>-47.894905,-5.466847,0</coordinates></Point></Placemark>
<Placemark><name>698080</name><styleUrl>#stPoste</styleUrl><Point><coordinates>-47.892784,-5.476587,0</coordinates></Point></Placemark>
<Placemark><name>698664</name><styleUrl>#stPoste</styleUrl><Point><coordinates>-47.890360,-5.479144,0</coordinates></Point></Placemark>
<Placemark><name>699920</name><styleUrl>#stPoste</styleUrl><Point><coordinates>-47.891536,-5.468871,0</coordinates></Point></Placemark>
<Placemark><name>1131709</name><styleUrl>#stPoste</styleUrl><Point><coordinates>-47.896844,-5.468633,0</coordinates></Point></Placemark>
<Placemark><name>1131712</name><styleUrl>#stPoste</styleUrl><Point><coordinates>-47.896167,-5.469345,0</coordinates></Point></Placemark>
<Placemark><name>1410572</name><styleUrl>#stPoste</styleUrl><Point><coordinates>-47.890525,-5.476502,0</coordinates></Point></Placemark>
<Placemark><name>1723709</name><styleUrl>#stPoste</styleUrl><Point><coordinates>-47.892512,-5.466853,0</coordinates></Point></Placemark>
<Placemark><name>40016311</name><styleUrl>#stPoste</styleUrl><Point><coordinates>-47.899542,-5.463079,0</coordinates></Point></Placemark>
<Placemark><name>40016636</name><styleUrl>#stPoste</styleUrl><Point><coordinates>-47.899155,-5.462208,0</coordinates></Point></Placemark>
<Placemark><name>58365212</name><styleUrl>#stPoste</styleUrl><Point><coordinates>-47.885890,-5.476817,0</coordinates></Point></Placemark>
<Placemark><name>306350</name><styleUrl>#stPoste</styleUrl><Point><coordinates>-47.892823,-5.466520,0</coordinates></Point></Placemark>
<Placemark><name>659949</name><styleUrl>#stPoste</styleUrl><Point><coordinates>-47.887706,-5.457460,0</coordinates></Point></Placemark>
<Placemark><name>1376609</name><styleUrl>#stPoste</styleUrl><Point><coordinates>-47.877781,-5.464907,0</coordinates></Point></Placemark>
<Placemark><name>37079138</name><styleUrl>#stPoste</styleUrl><Point><coordinates>-47.895067,-5.460181,0</coordinates></Point></Placemark>
<Placemark><name>38440489</name><styleUrl>#stPoste</styleUrl><Point><coordinates>-47.884695,-5.469130,0</coordinates></Point></Placemark>
<Placemark><name>58364236</name><styleUrl>#stPoste</styleUrl><Point><coordinates>-47.889514,-5.466911,0</coordinates></Point></Placemark>
<Placemark><name>58364299</name><styleUrl>#stPoste</styleUrl><Point><coordinates>-47.887626,-5.466137,0</coordinates></Point></Placemark>
<Placemark><name>58364336</name><styleUrl>#stPoste</styleUrl><Point><coordinates>-47.886396,-5.463965,0</coordinates></Point></Placemark>
<Placemark><name>58364978</name><styleUrl>#stPoste</styleUrl><Point><coordinates>-47.881278,-5.470037,0</coordinates></Point></Placemark>
<Placemark><name>136565</name><styleUrl>#stPoste</styleUrl><Point><coordinates>-47.881389,-5.463915,0</coordinates></Point></Placemark>
<Placemark><name>645686</name><styleUrl>#stPoste</styleUrl><Point><coordinates>-47.886740,-5.460417,0</coordinates></Point></Placemark>
<Placemark><name>646507</name><styleUrl>#stPoste</styleUrl><Point><coordinates>-47.883388,-5.467535,0</coordinates></Point></Placemark>
<Placemark><name>659367</name><styleUrl>#stPoste</styleUrl><Point><coordinates>-47.888928,-5.454139,0</coordinates></Point></Placemark>
<Placemark><name>659918</name><styleUrl>#stPoste</styleUrl><Point><coordinates>-47.884790,-5.468934,0</coordinates></Point></Placemark>
<Placemark><name>693902</name><styleUrl>#stPoste</styleUrl><Point><coordinates>-47.888555,-5.467034,0</coordinates></Point></Placemark>
<Placemark><name>696289</name><styleUrl>#stPoste</styleUrl><Point><coordinates>-47.883239,-5.462924,0</coordinates></Point></Placemark>
<Placemark><name>831486</name><styleUrl>#stPoste</styleUrl><Point><coordinates>-47.877952,-5.468424,0</coordinates></Point></Placemark>
<Placemark><name>1087283</name><styleUrl>#stPoste</styleUrl><Point><coordinates>-47.878420,-5.458579,0</coordinates></Point></Placemark>
<Placemark><name>1087298</name><styleUrl>#stPoste</styleUrl><Point><coordinates>-47.883488,-5.460684,0</coordinates></Point></Placemark>
<Placemark><name>1095653</name><styleUrl>#stPoste</styleUrl><Point><coordinates>-47.879560,-5.459405,0</coordinates></Point></Placemark>
<Placemark><name>1705344</name><styleUrl>#stPoste</styleUrl><Point><coordinates>-47.882405,-5.457219,0</coordinates></Point></Placemark>
<Placemark><name>30723626</name><styleUrl>#stPoste</styleUrl><Point><coordinates>-47.883117,-5.463014,0</coordinates></Point></Placemark>
<Placemark><name>643829</name><styleUrl>#stPoste</styleUrl><Point><coordinates>-47.883522,-5.457859,0</coordinates></Point></Placemark>
<Placemark><name>646775</name><styleUrl>#stPoste</styleUrl><Point><coordinates>-47.878302,-5.470922,0</coordinates></Point></Placemark>
<Placemark><name>659372</name><styleUrl>#stPoste</styleUrl><Point><coordinates>-47.886704,-5.457901,0</coordinates></Point></Placemark>
<Placemark><name>693094</name><styleUrl>#stPoste</styleUrl><Point><coordinates>-47.891034,-5.463739,0</coordinates></Point></Placemark>
<Placemark><name>831488</name><styleUrl>#stPoste</styleUrl><Point><coordinates>-47.877788,-5.467282,0</coordinates></Point></Placemark>
<Placemark><name>1087296</name><styleUrl>#stPoste</styleUrl><Point><coordinates>-47.883581,-5.461038,0</coordinates></Point></Placemark>
<Placemark><name>1451387</name><styleUrl>#stPoste</styleUrl><Point><coordinates>-47.877444,-5.461375,0</coordinates></Point></Placemark>
<Placemark><name>37079266</name><styleUrl>#stPoste</styleUrl><Point><coordinates>-47.891768,-5.457556,0</coordinates></Point></Placemark>
<Placemark><name>46710448</name><styleUrl>#stPoste</styleUrl><Point><coordinates>-47.879590,-5.473296,0</coordinates></Point></Placemark>
<Placemark><name>54589622</name><styleUrl>#stPoste</styleUrl><Point><coordinates>-47.883982,-5.457974,0</coordinates></Point></Placemark>
<Placemark><name>135746</name><styleUrl>#stPoste</styleUrl><Point><coordinates>-47.883384,-5.467210,0</coordinates></Point></Placemark>
<Placemark><name>645918</name><styleUrl>#stPoste</styleUrl><Point><coordinates>-47.879684,-5.461344,0</coordinates></Point></Placemark>
<Placemark><name>646771</name><styleUrl>#stPoste</styleUrl><Point><coordinates>-47.885293,-5.468189,0</coordinates></Point></Placemark>
<Placemark><name>649388</name><styleUrl>#stPoste</styleUrl><Point><coordinates>-47.881977,-5.463627,0</coordinates></Point></Placemark>
<Placemark><name>659912</name><styleUrl>#stPoste</styleUrl><Point><coordinates>-47.879186,-5.469452,0</coordinates></Point></Placemark>
<Placemark><name>693096</name><styleUrl>#stPoste</styleUrl><Point><coordinates>-47.887383,-5.467185,0</coordinates></Point></Placemark>
<Placemark><name>1724151</name><styleUrl>#stPoste</styleUrl><Point><coordinates>-47.887373,-5.467400,0</coordinates></Point></Placemark>
<Placemark><name>1826577</name><styleUrl>#stPoste</styleUrl><Point><coordinates>-47.879724,-5.457588,0</coordinates></Point></Placemark>
<Placemark><name>30727977</name><styleUrl>#stPoste</styleUrl><Point><coordinates>-47.889216,-5.467773,0</coordinates></Point></Placemark>
<Placemark><name>36646121</name><styleUrl>#stPoste</styleUrl><Point><coordinates>-47.885610,-5.463864,0</coordinates></Point></Placemark>
<Placemark><name>46710455</name><styleUrl>#stPoste</styleUrl><Point><coordinates>-47.879102,-5.473565,0</coordinates></Point></Placemark>
<Placemark><name>646772</name><styleUrl>#stPoste</styleUrl><Point><coordinates>-47.882594,-5.469757,0</coordinates></Point></Placemark>
<Placemark><name>656416</name><styleUrl>#stPoste</styleUrl><Point><coordinates>-47.886932,-5.469360,0</coordinates></Point></Placemark>
<Placemark><name>659100</name><styleUrl>#stPoste</styleUrl><Point><coordinates>-47.878620,-5.473040,0</coordinates></Point></Placemark>
<Placemark><name>659917</name><styleUrl>#stPoste</styleUrl><Point><coordinates>-47.884887,-5.469093,0</coordinates></Point></Placemark>
<Placemark><name>660088</name><styleUrl>#stPoste</styleUrl><Point><coordinates>-47.886230,-5.464629,0</coordinates></Point></Placemark>
<Placemark><name>660090</name><styleUrl>#stPoste</styleUrl><Point><coordinates>-47.886046,-5.465325,0</coordinates></Point></Placemark>
<Placemark><name>694151</name><styleUrl>#stPoste</styleUrl><Point><coordinates>-47.884461,-5.462868,0</coordinates></Point></Placemark>
<Placemark><name>694734</name><styleUrl>#stPoste</styleUrl><Point><coordinates>-47.883483,-5.463302,0</coordinates></Point></Placemark>
<Placemark><name>1095651</name><styleUrl>#stPoste</styleUrl><Point><coordinates>-47.880107,-5.458904,0</coordinates></Point></Placemark>
<Placemark><name>1438477</name><styleUrl>#stPoste</styleUrl><Point><coordinates>-47.886098,-5.465728,0</coordinates></Point></Placemark>
<Placemark><name>1446452</name><styleUrl>#stPoste</styleUrl><Point><coordinates>-47.877253,-5.460698,0</coordinates></Point></Placemark>
<Placemark><name>1716917</name><styleUrl>#stPoste</styleUrl><Point><coordinates>-47.879801,-5.464769,0</coordinates></Point></Placemark>
<Placemark><name>33123928</name><styleUrl>#stPoste</styleUrl><Point><coordinates>-47.897310,-5.463046,0</coordinates></Point></Placemark>
<Placemark><name>37443750</name><styleUrl>#stPoste</styleUrl><Point><coordinates>-47.883292,-5.466974,0</coordinates></Point></Placemark>
<Placemark><name>58365015</name><styleUrl>#stPoste</styleUrl><Point><coordinates>-47.882372,-5.469378,0</coordinates></Point></Placemark>
<Placemark><name>136564</name><styleUrl>#stPoste</styleUrl><Point><coordinates>-47.881558,-5.465601,0</coordinates></Point></Placemark>
<Placemark><name>643848</name><styleUrl>#stPoste</styleUrl><Point><coordinates>-47.881296,-5.457570,0</coordinates></Point></Placemark>
<Placemark><name>658827</name><styleUrl>#stPoste</styleUrl><Point><coordinates>-47.888427,-5.455791,0</coordinates></Point></Placemark>
<Placemark><name>658991</name><styleUrl>#stPoste</styleUrl><Point><coordinates>-47.885446,-5.464119,0</coordinates></Point></Placemark>
<Placemark><name>831203</name><styleUrl>#stPoste</styleUrl><Point><coordinates>-47.878021,-5.468846,0</coordinates></Point></Placemark>
<Placemark><name>1095649</name><styleUrl>#stPoste</styleUrl><Point><coordinates>-47.880576,-5.458495,0</coordinates></Point></Placemark>
<Placemark><name>1436090</name><styleUrl>#stPoste</styleUrl><Point><coordinates>-47.888517,-5.455574,0</coordinates></Point></Placemark>
<Placemark><name>1705554</name><styleUrl>#stPoste</styleUrl><Point><coordinates>-47.877010,-5.473803,0</coordinates></Point></Placemark>
<Placemark><name>1706024</name><styleUrl>#stPoste</styleUrl><Point><coordinates>-47.886595,-5.460306,0</coordinates></Point></Placemark>
<Placemark><name>30727962</name><styleUrl>#stPoste</styleUrl><Point><coordinates>-47.889045,-5.467624,0</coordinates></Point></Placemark>
<Placemark><name>37079227</name><styleUrl>#stPoste</styleUrl><Point><coordinates>-47.893161,-5.458300,0</coordinates></Point></Placemark>
<Placemark><name>37079247</name><styleUrl>#stPoste</styleUrl><Point><coordinates>-47.892481,-5.457916,0</coordinates></Point></Placemark>
<Placemark><name>135758</name><styleUrl>#stPoste</styleUrl><Point><coordinates>-47.885868,-5.468851,0</coordinates></Point></Placemark>
<Placemark><name>643847</name><styleUrl>#stPoste</styleUrl><Point><coordinates>-47.881362,-5.457204,0</coordinates></Point></Placemark>
<Placemark><name>645653</name><styleUrl>#stPoste</styleUrl><Point><coordinates>-47.880371,-5.463331,0</coordinates></Point></Placemark>
<Placemark><name>645916</name><styleUrl>#stPoste</styleUrl><Point><coordinates>-47.879943,-5.461455,0</coordinates></Point></Placemark>
<Placemark><name>656718</name><styleUrl>#stPoste</styleUrl><Point><coordinates>-47.881229,-5.465061,0</coordinates></Point></Placemark>
<Placemark><name>659629</name><styleUrl>#stPoste</styleUrl><Point><coordinates>-47.880626,-5.463132,0</coordinates></Point></Placemark>
<Placemark><name>660782</name><styleUrl>#stPoste</styleUrl><Point><coordinates>-47.883630,-5.467779,0</coordinates></Point></Placemark>
<Placemark><name>1087285</name><styleUrl>#stPoste</styleUrl><Point><coordinates>-47.880797,-5.458605,0</coordinates></Point></Placemark>
<Placemark><name>1309288</name><styleUrl>#stPoste</styleUrl><Point><coordinates>-47.877788,-5.474179,0</coordinates></Point></Placemark>
<Placemark><name>1435809</name><styleUrl>#stPoste</styleUrl><Point><coordinates>-47.884815,-5.468876,0</coordinates></Point></Placemark>
<Placemark><name>1451390</name><styleUrl>#stPoste</styleUrl><Point><coordinates>-47.877007,-5.459825,0</coordinates></Point></Placemark>
<Placemark><name>1706005</name><styleUrl>#stPoste</styleUrl><Point><coordinates>-47.882748,-5.469834,0</coordinates></Point></Placemark>
<Placemark><name>26807545</name><styleUrl>#stPoste</styleUrl><Point><coordinates>-47.891830,-5.464083,0</coordinates></Point></Placemark>
<Placemark><name>37079091</name><styleUrl>#stPoste</styleUrl><Point><coordinates>-47.896349,-5.461820,0</coordinates></Point></Placemark>
<Placemark><name>38440126</name><styleUrl>#stPoste</styleUrl><Point><coordinates>-47.885823,-5.466027,0</coordinates></Point></Placemark>
<Placemark><name>58364066</name><styleUrl>#stPoste</styleUrl><Point><coordinates>-47.893081,-5.464707,0</coordinates></Point></Placemark>
<Placemark><name>58364068</name><styleUrl>#stPoste</styleUrl><Point><coordinates>-47.892462,-5.464363,0</coordinates></Point></Placemark>
<Placemark><name>58364313</name><styleUrl>#stPoste</styleUrl><Point><coordinates>-47.886609,-5.465863,0</coordinates></Point></Placemark>
<Placemark><name>58364956</name><styleUrl>#stPoste</styleUrl><Point><coordinates>-47.880777,-5.470305,0</coordinates></Point></Placemark>
<Placemark><name>643831</name><styleUrl>#stPoste</styleUrl><Point><coordinates>-47.884160,-5.457867,0</coordinates></Point></Placemark>
<Placemark><name>644245</name><styleUrl>#stPoste</styleUrl><Point><coordinates>-47.883999,-5.457641,0</coordinates></Point></Placemark>
<Placemark><name>647069</name><styleUrl>#stPoste</styleUrl><Point><coordinates>-47.885003,-5.468436,0</coordinates></Point></Placemark>
<Placemark><name>659272</name><styleUrl>#stPoste</styleUrl><Point><coordinates>-47.882903,-5.463180,0</coordinates></Point></Placemark>
<Placemark><name>693081</name><styleUrl>#stPoste</styleUrl><Point><coordinates>-47.894232,-5.465749,0</coordinates></Point></Placemark>
<Placemark><name>730117</name><styleUrl>#stPoste</styleUrl><Point><coordinates>-47.881307,-5.460854,0</coordinates></Point></Placemark>
<Placemark><name>831202</name><styleUrl>#stPoste</styleUrl><Point><coordinates>-47.877317,-5.467890,0</coordinates></Point></Placemark>
<Placemark><name>831485</name><styleUrl>#stPoste</styleUrl><Point><coordinates>-47.877050,-5.467931,0</coordinates></Point></Placemark>
<Placemark><name>1272367</name><styleUrl>#stPoste</styleUrl><Point><coordinates>-47.891991,-5.463390,0</coordinates></Point></Placemark>
<Placemark><name>1376612</name><styleUrl>#stPoste</styleUrl><Point><coordinates>-47.878549,-5.464855,0</coordinates></Point></Placemark>
<Placemark><name>1705086</name><styleUrl>#stPoste</styleUrl><Point><coordinates>-47.889218,-5.455617,0</coordinates></Point></Placemark>
<Placemark><name>30727954</name><styleUrl>#stPoste</styleUrl><Point><coordinates>-47.888546,-5.467279,0</coordinates></Point></Placemark>
<Placemark><name>38440503</name><styleUrl>#stPoste</styleUrl><Point><coordinates>-47.884632,-5.469260,0</coordinates></Point></Placemark>
<Placemark><name>39075560</name><styleUrl>#stPoste</styleUrl><Point><coordinates>-47.879037,-5.465248,0</coordinates></Point></Placemark>
<Placemark><name>73255640</name><styleUrl>#stPoste</styleUrl><Point><coordinates>-47.882996,-5.466700,0</coordinates></Point></Placemark>
<Placemark><name>135765</name><styleUrl>#stPoste</styleUrl><Point><coordinates>-47.885730,-5.457888,0</coordinates></Point></Placemark>
<Placemark><name>136566</name><styleUrl>#stPoste</styleUrl><Point><coordinates>-47.880706,-5.464249,0</coordinates></Point></Placemark>
<Placemark><name>645652</name><styleUrl>#stPoste</styleUrl><Point><coordinates>-47.880517,-5.462944,0</coordinates></Point></Placemark>
<Placemark><name>645915</name><styleUrl>#stPoste</styleUrl><Point><coordinates>-47.880663,-5.461769,0</coordinates></Point></Placemark>
<Placemark><name>647064</name><styleUrl>#stPoste</styleUrl><Point><coordinates>-47.883209,-5.470316,0</coordinates></Point></Placemark>
<Placemark><name>647067</name><styleUrl>#stPoste</styleUrl><Point><coordinates>-47.883270,-5.470603,0</coordinates></Point></Placemark>
<Placemark><name>693098</name><styleUrl>#stPoste</styleUrl><Point><coordinates>-47.887805,-5.467657,0</coordinates></Point></Placemark>
<Placemark><name>693624</name><styleUrl>#stPoste</styleUrl><Point><coordinates>-47.887418,-5.468098,0</coordinates></Point></Placemark>
<Placemark><name>1087299</name><styleUrl>#stPoste</styleUrl><Point><coordinates>-47.883542,-5.460370,0</coordinates></Point></Placemark>
<Placemark><name>1700328</name><styleUrl>#stPoste</styleUrl><Point><coordinates>-47.885689,-5.468865,0</coordinates></Point></Placemark>
<Placemark><name>1716805</name><styleUrl>#stPoste</styleUrl><Point><coordinates>-47.881169,-5.470023,0</coordinates></Point></Placemark>
<Placemark><name>1733706</name><styleUrl>#stPoste</styleUrl><Point><coordinates>-47.876835,-5.472933,0</coordinates></Point></Placemark>
<Placemark><name>20001576</name><styleUrl>#stPoste</styleUrl><Point><coordinates>-47.886847,-5.468700,0</coordinates></Point></Placemark>
<Placemark><name>55268167</name><styleUrl>#stPoste</styleUrl><Point><coordinates>-47.877002,-5.459418,0</coordinates></Point></Placemark>
<Placemark><name>58365005</name><styleUrl>#stPoste</styleUrl><Point><coordinates>-47.882258,-5.469447,0</coordinates></Point></Placemark>
<Placemark><name>135763</name><styleUrl>#stPoste</styleUrl><Point><coordinates>-47.888366,-5.467290,0</coordinates></Point></Placemark>
<Placemark><name>299404</name><styleUrl>#stPoste</styleUrl><Point><coordinates>-47.887854,-5.457117,0</coordinates></Point></Placemark>
<Placemark><name>643828</name><styleUrl>#stPoste</styleUrl><Point><coordinates>-47.883204,-5.457855,0</coordinates></Point></Placemark>
<Placemark><name>646512</name><styleUrl>#stPoste</styleUrl><Point><coordinates>-47.883897,-5.467907,0</coordinates></Point></Placemark>
<Placemark><name>647063</name><styleUrl>#stPoste</styleUrl><Point><coordinates>-47.882909,-5.470043,0</coordinates></Point></Placemark>
<Placemark><name>656415</name><styleUrl>#stPoste</styleUrl><Point><coordinates>-47.886706,-5.469252,0</coordinates></Point></Placemark>
<Placemark><name>659347</name><styleUrl>#stPoste</styleUrl><Point><coordinates>-47.878511,-5.472311,0</coordinates></Point></Placemark>
<Placemark><name>694152</name><styleUrl>#stPoste</styleUrl><Point><coordinates>-47.884166,-5.463008,0</coordinates></Point></Placemark>
<Placemark><name>730113</name><styleUrl>#stPoste</styleUrl><Point><coordinates>-47.882322,-5.466145,0</coordinates></Point></Placemark>
<Placemark><name>1087290</name><styleUrl>#stPoste</styleUrl><Point><coordinates>-47.881665,-5.460198,0</coordinates></Point></Placemark>
<Placemark><name>1087292</name><styleUrl>#stPoste</styleUrl><Point><coordinates>-47.882020,-5.460836,0</coordinates></Point></Placemark>
<Placemark><name>1097208</name><styleUrl>#stPoste</styleUrl><Point><coordinates>-47.877570,-5.465634,0</coordinates></Point></Placemark>
<Placemark><name>1218442</name><styleUrl>#stPoste</styleUrl><Point><coordinates>-47.885664,-5.460193,0</coordinates></Point></Placemark>
<Placemark><name>1386950</name><styleUrl>#stPoste</styleUrl><Point><coordinates>-47.877983,-5.474842,0</coordinates></Point></Placemark>
<Placemark><name>1446363</name><styleUrl>#stPoste</styleUrl><Point><coordinates>-47.883380,-5.467161,0</coordinates></Point></Placemark>
<Placemark><name>1700171</name><styleUrl>#stPoste</styleUrl><Point><coordinates>-47.884590,-5.469392,0</coordinates></Point></Placemark>
<Placemark><name>1724271</name><styleUrl>#stPoste</styleUrl><Point><coordinates>-47.891225,-5.463941,0</coordinates></Point></Placemark>
<Placemark><name>1724829</name><styleUrl>#stPoste</styleUrl><Point><coordinates>-47.888501,-5.466326,0</coordinates></Point></Placemark>
<Placemark><name>30727958</name><styleUrl>#stPoste</styleUrl><Point><coordinates>-47.888790,-5.467445,0</coordinates></Point></Placemark>
<Placemark><name>30728004</name><styleUrl>#stPoste</styleUrl><Point><coordinates>-47.889642,-5.468206,0</coordinates></Point></Placemark>
<Placemark><name>32309492</name><styleUrl>#stPoste</styleUrl><Point><coordinates>-47.883037,-5.455958,0</coordinates></Point></Placemark>
<Placemark><name>46208857</name><styleUrl>#stPoste</styleUrl><Point><coordinates>-47.884767,-5.468838,0</coordinates></Point></Placemark>
<Placemark><name>51893119</name><styleUrl>#stPoste</styleUrl><Point><coordinates>-47.887461,-5.459673,0</coordinates></Point></Placemark>
<Placemark><name>135744</name><styleUrl>#stPoste</styleUrl><Point><coordinates>-47.884066,-5.467988,0</coordinates></Point></Placemark>
<Placemark><name>136563</name><styleUrl>#stPoste</styleUrl><Point><coordinates>-47.884013,-5.457351,0</coordinates></Point></Placemark>
<Placemark><name>329457</name><styleUrl>#stPoste</styleUrl><Point><coordinates>-47.883557,-5.463426,0</coordinates></Point></Placemark>
<Placemark><name>643083</name><styleUrl>#stPoste</styleUrl><Point><coordinates>-47.887075,-5.461657,0</coordinates></Point></Placemark>
<Placemark><name>643580</name><styleUrl>#stPoste</styleUrl><Point><coordinates>-47.887604,-5.458936,0</coordinates></Point></Placemark>
<Placemark><name>646509</name><styleUrl>#stPoste</styleUrl><Point><coordinates>-47.883334,-5.467812,0</coordinates></Point></Placemark>
<Placemark><name>647654</name><styleUrl>#stPoste</styleUrl><Point><coordinates>-47.880593,-5.470182,0</coordinates></Point></Placemark>
<Placemark><name>658823</name><styleUrl>#stPoste</styleUrl><Point><coordinates>-47.888677,-5.455042,0</coordinates></Point></Placemark>
<Placemark><name>659019</name><styleUrl>#stPoste</styleUrl><Point><coordinates>-47.887372,-5.468253,0</coordinates></Point></Placemark>
<Placemark><name>659631</name><styleUrl>#stPoste</styleUrl><Point><coordinates>-47.883094,-5.467670,0</coordinates></Point></Placemark>
<Placemark><name>659913</name><styleUrl>#stPoste</styleUrl><Point><coordinates>-47.878500,-5.469619,0</coordinates></Point></Placemark>
<Placemark><name>730115</name><styleUrl>#stPoste</styleUrl><Point><coordinates>-47.882596,-5.466328,0</coordinates></Point></Placemark>
<Placemark><name>1095659</name><styleUrl>#stPoste</styleUrl><Point><coordinates>-47.879903,-5.457235,0</coordinates></Point></Placemark>
<Placemark><name>1700215</name><styleUrl>#stPoste</styleUrl><Point><coordinates>-47.881317,-5.456594,0</coordinates></Point></Placemark>
<Placemark><name>1715792</name><styleUrl>#stPoste</styleUrl><Point><coordinates>-47.885291,-5.457981,0</coordinates></Point></Placemark>
<Placemark><name>1723851</name><styleUrl>#stPoste</styleUrl><Point><coordinates>-47.890467,-5.463625,0</coordinates></Point></Placemark>
<Placemark><name>1733814</name><styleUrl>#stPoste</styleUrl><Point><coordinates>-47.876716,-5.472548,0</coordinates></Point></Placemark>
<Placemark><name>346324</name><styleUrl>#stPoste</styleUrl><Point><coordinates>-47.885513,-5.468558,0</coordinates></Point></Placemark>
<Placemark><name>647062</name><styleUrl>#stPoste</styleUrl><Point><coordinates>-47.885277,-5.468567,0</coordinates></Point></Placemark>
<Placemark><name>656421</name><styleUrl>#stPoste</styleUrl><Point><coordinates>-47.880969,-5.464121,0</coordinates></Point></Placemark>
<Placemark><name>659096</name><styleUrl>#stPoste</styleUrl><Point><coordinates>-47.883647,-5.469988,0</coordinates></Point></Placemark>
<Placemark><name>693085</name><styleUrl>#stPoste</styleUrl><Point><coordinates>-47.886530,-5.463643,0</coordinates></Point></Placemark>
<Placemark><name>694469</name><styleUrl>#stPoste</styleUrl><Point><coordinates>-47.890168,-5.463294,0</coordinates></Point></Placemark>
<Placemark><name>831205</name><styleUrl>#stPoste</styleUrl><Point><coordinates>-47.878447,-5.471338,0</coordinates></Point></Placemark>
<Placemark><name>876967</name><styleUrl>#stPoste</styleUrl><Point><coordinates>-47.895965,-5.461269,0</coordinates></Point></Placemark>
<Placemark><name>1087293</name><styleUrl>#stPoste</styleUrl><Point><coordinates>-47.882400,-5.460872,0</coordinates></Point></Placemark>
<Placemark><name>1087297</name><styleUrl>#stPoste</styleUrl><Point><coordinates>-47.883419,-5.461202,0</coordinates></Point></Placemark>
<Placemark><name>1097067</name><styleUrl>#stPoste</styleUrl><Point><coordinates>-47.877708,-5.466657,0</coordinates></Point></Placemark>
<Placemark><name>1724372</name><styleUrl>#stPoste</styleUrl><Point><coordinates>-47.888241,-5.466452,0</coordinates></Point></Placemark>
<Placemark><name>1826575</name><styleUrl>#stPoste</styleUrl><Point><coordinates>-47.880960,-5.457934,0</coordinates></Point></Placemark>
<Placemark><name>30723600</name><styleUrl>#stPoste</styleUrl><Point><coordinates>-47.882910,-5.462388,0</coordinates></Point></Placemark>
<Placemark><name>58364061</name><styleUrl>#stPoste</styleUrl><Point><coordinates>-47.893551,-5.464971,0</coordinates></Point></Placemark>
<Placemark><name>58364067</name><styleUrl>#stPoste</styleUrl><Point><coordinates>-47.892773,-5.464534,0</coordinates></Point></Placemark>
<Placemark><name>66930578</name><styleUrl>#stPoste</styleUrl><Point><coordinates>-47.880050,-5.464581,0</coordinates></Point></Placemark>
<Placemark><name>212675</name><styleUrl>#stPoste</styleUrl><Point><coordinates>-47.886002,-5.464027,0</coordinates></Point></Placemark>
<Placemark><name>543426</name><styleUrl>#stPoste</styleUrl><Point><coordinates>-47.884462,-5.468177,0</coordinates></Point></Placemark>
<Placemark><name>643802</name><styleUrl>#stPoste</styleUrl><Point><coordinates>-47.879211,-5.473657,0</coordinates></Point></Placemark>
<Placemark><name>643821</name><styleUrl>#stPoste</styleUrl><Point><coordinates>-47.884772,-5.457876,0</coordinates></Point></Placemark>
<Placemark><name>646782</name><styleUrl>#stPoste</styleUrl><Point><coordinates>-47.878421,-5.470040,0</coordinates></Point></Placemark>
<Placemark><name>658799</name><styleUrl>#stPoste</styleUrl><Point><coordinates>-47.880949,-5.463224,0</coordinates></Point></Placemark>
<Placemark><name>660199</name><styleUrl>#stPoste</styleUrl><Point><coordinates>-47.879793,-5.469736,0</coordinates></Point></Placemark>
<Placemark><name>660474</name><styleUrl>#stPoste</styleUrl><Point><coordinates>-47.879470,-5.464874,0</coordinates></Point></Placemark>
<Placemark><name>1095662</name><styleUrl>#stPoste</styleUrl><Point><coordinates>-47.879183,-5.457897,0</coordinates></Point></Placemark>
<Placemark><name>1097213</name><styleUrl>#stPoste</styleUrl><Point><coordinates>-47.876773,-5.465868,0</coordinates></Point></Placemark>
<Placemark><name>1376614</name><styleUrl>#stPoste</styleUrl><Point><coordinates>-47.878985,-5.465111,0</coordinates></Point></Placemark>
<Placemark><name>1716803</name><styleUrl>#stPoste</styleUrl><Point><coordinates>-47.884368,-5.469275,0</coordinates></Point></Placemark>
<Placemark><name>1854217</name><styleUrl>#stPoste</styleUrl><Point><coordinates>-47.886343,-5.460216,0</coordinates></Point></Placemark>
<Placemark><name>26068971</name><styleUrl>#stPoste</styleUrl><Point><coordinates>-47.887586,-5.468338,0</coordinates></Point></Placemark>
<Placemark><name>32309421</name><styleUrl>#stPoste</styleUrl><Point><coordinates>-47.882234,-5.455722,0</coordinates></Point></Placemark>
<Placemark><name>37079285</name><styleUrl>#stPoste</styleUrl><Point><coordinates>-47.890667,-5.457042,0</coordinates></Point></Placemark>
<Placemark><name>135764</name><styleUrl>#stPoste</styleUrl><Point><coordinates>-47.887251,-5.467038,0</coordinates></Point></Placemark>
<Placemark><name>658828</name><styleUrl>#stPoste</styleUrl><Point><coordinates>-47.888121,-5.456500,0</coordinates></Point></Placemark>
<Placemark><name>659345</name><styleUrl>#stPoste</styleUrl><Point><coordinates>-47.882270,-5.463483,0</coordinates></Point></Placemark>
<Placemark><name>659630</name><styleUrl>#stPoste</styleUrl><Point><coordinates>-47.883399,-5.467717,0</coordinates></Point></Placemark>
<Placemark><name>659656</name><styleUrl>#stPoste</styleUrl><Point><coordinates>-47.887256,-5.460676,0</coordinates></Point></Placemark>
<Placemark><name>660089</name><styleUrl>#stPoste</styleUrl><Point><coordinates>-47.886130,-5.465004,0</coordinates></Point></Placemark>
<Placemark><name>693080</name><styleUrl>#stPoste</styleUrl><Point><coordinates>-47.887080,-5.462064,0</coordinates></Point></Placemark>
<Placemark><name>831199</name><styleUrl>#stPoste</styleUrl><Point><coordinates>-47.877909,-5.468058,0</coordinates></Point></Placemark>
<Placemark><name>876965</name><styleUrl>#stPoste</styleUrl><Point><coordinates>-47.889185,-5.456734,0</coordinates></Point></Placemark>
<Placemark><name>1087284</name><styleUrl>#stPoste</styleUrl><Point><coordinates>-47.880620,-5.458285,0</coordinates></Point></Placemark>
<Placemark><name>1087294</name><styleUrl>#stPoste</styleUrl><Point><coordinates>-47.882768,-5.460934,0</coordinates></Point></Placemark>
<Placemark><name>1097068</name><styleUrl>#stPoste</styleUrl><Point><coordinates>-47.877670,-5.466379,0</coordinates></Point></Placemark>
<Placemark><name>1272368</name><styleUrl>#stPoste</styleUrl><Point><coordinates>-47.892263,-5.462723,0</coordinates></Point></Placemark>
<Placemark><name>1347219</name><styleUrl>#stPoste</styleUrl><Point><coordinates>-47.883171,-5.462635,0</coordinates></Point></Placemark>
<Placemark><name>1704977</name><styleUrl>#stPoste</styleUrl><Point><coordinates>-47.887339,-5.459942,0</coordinates></Point></Placemark>
<Placemark><name>1825679</name><styleUrl>#stPoste</styleUrl><Point><coordinates>-47.881248,-5.464071,0</coordinates></Point></Placemark>
<Placemark><name>1826580</name><styleUrl>#stPoste</styleUrl><Point><coordinates>-47.879928,-5.458914,0</coordinates></Point></Placemark>
<Placemark><name>58364228</name><styleUrl>#stPoste</styleUrl><Point><coordinates>-47.889770,-5.467043,0</coordinates></Point></Placemark>
<Placemark><name>135761</name><styleUrl>#stPoste</styleUrl><Point><coordinates>-47.886142,-5.468982,0</coordinates></Point></Placemark>
<Placemark><name>525144</name><styleUrl>#stPoste</styleUrl><Point><coordinates>-47.879150,-5.469892,0</coordinates></Point></Placemark>
<Placemark><name>643830</name><styleUrl>#stPoste</styleUrl><Point><coordinates>-47.883860,-5.457863,0</coordinates></Point></Placemark>
<Placemark><name>644268</name><styleUrl>#stPoste</styleUrl><Point><coordinates>-47.881896,-5.457837,0</coordinates></Point></Placemark>
<Placemark><name>647350</name><styleUrl>#stPoste</styleUrl><Point><coordinates>-47.878911,-5.469941,0</coordinates></Point></Placemark>
<Placemark><name>658995</name><styleUrl>#stPoste</styleUrl><Point><coordinates>-47.888293,-5.466317,0</coordinates></Point></Placemark>
<Placemark><name>659349</name><styleUrl>#stPoste</styleUrl><Point><coordinates>-47.878461,-5.471983,0</coordinates></Point></Placemark>
<Placemark><name>659914</name><styleUrl>#stPoste</styleUrl><Point><coordinates>-47.879712,-5.464752,0</coordinates></Point></Placemark>
<Placemark><name>1097212</name><styleUrl>#stPoste</styleUrl><Point><coordinates>-47.877138,-5.465807,0</coordinates></Point></Placemark>
<Placemark><name>1317464</name><styleUrl>#stPoste</styleUrl><Point><coordinates>-47.878063,-5.474806,0</coordinates></Point></Placemark>
<Placemark><name>1469081</name><styleUrl>#stPoste</styleUrl><Point><coordinates>-47.885698,-5.463943,0</coordinates></Point></Placemark>
<Placemark><name>1705669</name><styleUrl>#stPoste</styleUrl><Point><coordinates>-47.887150,-5.461508,0</coordinates></Point></Placemark>
<Placemark><name>1888030</name><styleUrl>#stPoste</styleUrl><Point><coordinates>-47.877728,-5.462808,0</coordinates></Point></Placemark>
<Placemark><name>20001548</name><styleUrl>#stPoste</styleUrl><Point><coordinates>-47.887082,-5.468499,0</coordinates></Point></Placemark>
<Placemark><name>30723591</name><styleUrl>#stPoste</styleUrl><Point><coordinates>-47.883081,-5.462659,0</coordinates></Point></Placemark>
<Placemark><name>32309425</name><styleUrl>#stPoste</styleUrl><Point><coordinates>-47.882507,-5.455864,0</coordinates></Point></Placemark>
<Placemark><name>32309468</name><styleUrl>#stPoste</styleUrl><Point><coordinates>-47.882791,-5.455915,0</coordinates></Point></Placemark>
<Placemark><name>32557341</name><styleUrl>#stPoste</styleUrl><Point><coordinates>-47.877760,-5.471427,0</coordinates></Point></Placemark>
<Placemark><name>37079100</name><styleUrl>#stPoste</styleUrl><Point><coordinates>-47.896081,-5.461446,0</coordinates></Point></Placemark>
<Placemark><name>41059574</name><styleUrl>#stPoste</styleUrl><Point><coordinates>-47.889466,-5.456558,0</coordinates></Point></Placemark>
<Placemark><name>58364292</name><styleUrl>#stPoste</styleUrl><Point><coordinates>-47.887949,-5.466224,0</coordinates></Point></Placemark>
<Placemark><name>66496886</name><styleUrl>#stPoste</styleUrl><Point><coordinates>-47.882950,-5.466789,0</coordinates></Point></Placemark>
<Placemark><name>135760</name><styleUrl>#stPoste</styleUrl><Point><coordinates>-47.886473,-5.469140,0</coordinates></Point></Placemark>
<Placemark><name>643346</name><styleUrl>#stPoste</styleUrl><Point><coordinates>-47.884028,-5.457059,0</coordinates></Point></Placemark>
<Placemark><name>644269</name><styleUrl>#stPoste</styleUrl><Point><coordinates>-47.882298,-5.457843,0</coordinates></Point></Placemark>
<Placemark><name>647655</name><styleUrl>#stPoste</styleUrl><Point><coordinates>-47.880474,-5.469789,0</coordinates></Point></Placemark>
<Placemark><name>659097</name><styleUrl>#stPoste</styleUrl><Point><coordinates>-47.881540,-5.463390,0</coordinates></Point></Placemark>
<Placemark><name>659350</name><styleUrl>#stPoste</styleUrl><Point><coordinates>-47.878406,-5.471614,0</coordinates></Point></Placemark>
<Placemark><name>694770</name><styleUrl>#stPoste</styleUrl><Point><coordinates>-47.887742,-5.468561,0</coordinates></Point></Placemark>
<Placemark><name>1095661</name><styleUrl>#stPoste</styleUrl><Point><coordinates>-47.879500,-5.457595,0</coordinates></Point></Placemark>
<Placemark><name>1716926</name><styleUrl>#stPoste</styleUrl><Point><coordinates>-47.878399,-5.464651,0</coordinates></Point></Placemark>
<Placemark><name>32309396</name><styleUrl>#stPoste</styleUrl><Point><coordinates>-47.882175,-5.456038,0</coordinates></Point></Placemark>
<Placemark><name>38440905</name><styleUrl>#stPoste</styleUrl><Point><coordinates>-47.893993,-5.465462,0</coordinates></Point></Placemark>
<Placemark><name>53958404</name><styleUrl>#stPoste</styleUrl><Point><coordinates>-47.885125,-5.457880,0</coordinates></Point></Placemark>
<Placemark><name>135755</name><styleUrl>#stPoste</styleUrl><Point><coordinates>-47.882816,-5.466532,0</coordinates></Point></Placemark>
<Placemark><name>643581</name><styleUrl>#stPoste</styleUrl><Point><coordinates>-47.887648,-5.458538,0</coordinates></Point></Placemark>
<Placemark><name>659370</name><styleUrl>#stPoste</styleUrl><Point><coordinates>-47.888748,-5.454800,0</coordinates></Point></Placemark>
<Placemark><name>659371</name><styleUrl>#stPoste</styleUrl><Point><coordinates>-47.886378,-5.457897,0</coordinates></Point></Placemark>
<Placemark><name>1095656</name><styleUrl>#stPoste</styleUrl><Point><coordinates>-47.880119,-5.457333,0</coordinates></Point></Placemark>
<Placemark><name>1218188</name><styleUrl>#stPoste</styleUrl><Point><coordinates>-47.886061,-5.460275,0</coordinates></Point></Placemark>
<Placemark><name>1394786</name><styleUrl>#stPoste</styleUrl><Point><coordinates>-47.881405,-5.460635,0</coordinates></Point></Placemark>
<Placemark><name>1446451</name><styleUrl>#stPoste</styleUrl><Point><coordinates>-47.877887,-5.460859,0</coordinates></Point></Placemark>
<Placemark><name>1451386</name><styleUrl>#stPoste</styleUrl><Point><coordinates>-47.877527,-5.460861,0</coordinates></Point></Placemark>
<Placemark><name>1705553</name><styleUrl>#stPoste</styleUrl><Point><coordinates>-47.876965,-5.474305,0</coordinates></Point></Placemark>
<Placemark><name>1733699</name><styleUrl>#stPoste</styleUrl><Point><coordinates>-47.877695,-5.471501,0</coordinates></Point></Placemark>
<Placemark><name>1887965</name><styleUrl>#stPoste</styleUrl><Point><coordinates>-47.877432,-5.461490,0</coordinates></Point></Placemark>
<Placemark><name>32309382</name><styleUrl>#stPoste</styleUrl><Point><coordinates>-47.882112,-5.456377,0</coordinates></Point></Placemark>
<Placemark><name>38440406</name><styleUrl>#stPoste</styleUrl><Point><coordinates>-47.885000,-5.468492,0</coordinates></Point></Placemark>
<Placemark><name>135745</name><styleUrl>#stPoste</styleUrl><Point><coordinates>-47.885086,-5.469267,0</coordinates></Point></Placemark>
<Placemark><name>135747</name><styleUrl>#stPoste</styleUrl><Point><coordinates>-47.885975,-5.465612,0</coordinates></Point></Placemark>
<Placemark><name>528964</name><styleUrl>#stPoste</styleUrl><Point><coordinates>-47.882394,-5.457408,0</coordinates></Point></Placemark>
<Placemark><name>645434</name><styleUrl>#stPoste</styleUrl><Point><coordinates>-47.882479,-5.457658,0</coordinates></Point></Placemark>
<Placemark><name>645922</name><styleUrl>#stPoste</styleUrl><Point><coordinates>-47.879186,-5.461129,0</coordinates></Point></Placemark>
<Placemark><name>646777</name><styleUrl>#stPoste</styleUrl><Point><coordinates>-47.878234,-5.470472,0</coordinates></Point></Placemark>
<Placemark><name>659346</name><styleUrl>#stPoste</styleUrl><Point><coordinates>-47.878566,-5.472682,0</coordinates></Point></Placemark>
<Placemark><name>660473</name><styleUrl>#stPoste</styleUrl><Point><coordinates>-47.879229,-5.464997,0</coordinates></Point></Placemark>
<Placemark><name>1087287</name><styleUrl>#stPoste</styleUrl><Point><coordinates>-47.881149,-5.459262,0</coordinates></Point></Placemark>
<Placemark><name>1095648</name><styleUrl>#stPoste</styleUrl><Point><coordinates>-47.880871,-5.458214,0</coordinates></Point></Placemark>
<Placemark><name>1097209</name><styleUrl>#stPoste</styleUrl><Point><coordinates>-47.877515,-5.465271,0</coordinates></Point></Placemark>
<Placemark><name>1345932</name><styleUrl>#stPoste</styleUrl><Point><coordinates>-47.880080,-5.469643,0</coordinates></Point></Placemark>
<Placemark><name>1376917</name><styleUrl>#stPoste</styleUrl><Point><coordinates>-47.877470,-5.464921,0</coordinates></Point></Placemark>
<Placemark><name>1446454</name><styleUrl>#stPoste</styleUrl><Point><coordinates>-47.878264,-5.460857,0</coordinates></Point></Placemark>
<Placemark><name>1887967</name><styleUrl>#stPoste</styleUrl><Point><coordinates>-47.877008,-5.459558,0</coordinates></Point></Placemark>
<Placemark><name>37079300</name><styleUrl>#stPoste</styleUrl><Point><coordinates>-47.888185,-5.456700,0</coordinates></Point></Placemark>
<Placemark><name>46148910</name><styleUrl>#stPoste</styleUrl><Point><coordinates>-47.881808,-5.465791,0</coordinates></Point></Placemark>
<Placemark><name>54568342</name><styleUrl>#stPoste</styleUrl><Point><coordinates>-47.894105,-5.465382,0</coordinates></Point></Placemark>
<Placemark><name>58365000</name><styleUrl>#stPoste</styleUrl><Point><coordinates>-47.881949,-5.469637,0</coordinates></Point></Placemark>
<Placemark><name>135766</name><styleUrl>#stPoste</styleUrl><Point><coordinates>-47.886063,-5.457893,0</coordinates></Point></Placemark>
<Placemark><name>643846</name><styleUrl>#stPoste</styleUrl><Point><coordinates>-47.881428,-5.456836,0</coordinates></Point></Placemark>
<Placemark><name>645684</name><styleUrl>#stPoste</styleUrl><Point><coordinates>-47.887350,-5.460543,0</coordinates></Point></Placemark>
<Placemark><name>659095</name><styleUrl>#stPoste</styleUrl><Point><coordinates>-47.883758,-5.470249,0</coordinates></Point></Placemark>
<Placemark><name>1376613</name><styleUrl>#stPoste</styleUrl><Point><coordinates>-47.878767,-5.464982,0</coordinates></Point></Placemark>
<Placemark><name>1705653</name><styleUrl>#stPoste</styleUrl><Point><coordinates>-47.883115,-5.466942,0</coordinates></Point></Placemark>
<Placemark><name>26807478</name><styleUrl>#stPoste</styleUrl><Point><coordinates>-47.891427,-5.463908,0</coordinates></Point></Placemark>
<Placemark><name>38440329</name><styleUrl>#stPoste</styleUrl><Point><coordinates>-47.885164,-5.468430,0</coordinates></Point></Placemark>
<Placemark><name>38440569</name><styleUrl>#stPoste</styleUrl><Point><coordinates>-47.884151,-5.469812,0</coordinates></Point></Placemark>
<Placemark><name>46350404</name><styleUrl>#stPoste</styleUrl><Point><coordinates>-47.888033,-5.468810,0</coordinates></Point></Placemark>
<Placemark><name>359458</name><styleUrl>#stPoste</styleUrl><Point><coordinates>-47.883124,-5.466743,0</coordinates></Point></Placemark>
<Placemark><name>525145</name><styleUrl>#stPoste</styleUrl><Point><coordinates>-47.878841,-5.469519,0</coordinates></Point></Placemark>
<Placemark><name>643345</name><styleUrl>#stPoste</styleUrl><Point><coordinates>-47.887030,-5.457905,0</coordinates></Point></Placemark>
<Placemark><name>643849</name><styleUrl>#stPoste</styleUrl><Point><coordinates>-47.881443,-5.457831,0</coordinates></Point></Placemark>
<Placemark><name>645404</name><styleUrl>#stPoste</styleUrl><Point><coordinates>-47.881630,-5.455704,0</coordinates></Point></Placemark>
<Placemark><name>693078</name><styleUrl>#stPoste</styleUrl><Point><coordinates>-47.890513,-5.463471,0</coordinates></Point></Placemark>
<Placemark><name>694472</name><styleUrl>#stPoste</styleUrl><Point><coordinates>-47.888246,-5.468150,0</coordinates></Point></Placemark>
<Placemark><name>730362</name><styleUrl>#stPoste</styleUrl><Point><coordinates>-47.881025,-5.461600,0</coordinates></Point></Placemark>
<Placemark><name>1095646</name><styleUrl>#stPoste</styleUrl><Point><coordinates>-47.881301,-5.457851,0</coordinates></Point></Placemark>
<Placemark><name>1436418</name><styleUrl>#stPoste</styleUrl><Point><coordinates>-47.887140,-5.453975,0</coordinates></Point></Placemark>
<Placemark><name>1446752</name><styleUrl>#stPoste</styleUrl><Point><coordinates>-47.877735,-5.462405,0</coordinates></Point></Placemark>
<Placemark><name>1705445</name><styleUrl>#stPoste</styleUrl><Point><coordinates>-47.882027,-5.456616,0</coordinates></Point></Placemark>
<Placemark><name>1869407</name><styleUrl>#stPoste</styleUrl><Point><coordinates>-47.891936,-5.463439,0</coordinates></Point></Placemark>
<Placemark><name>37079082</name><styleUrl>#stPoste</styleUrl><Point><coordinates>-47.896499,-5.462022,0</coordinates></Point></Placemark>
<Placemark><name>58364782</name><styleUrl>#stPoste</styleUrl><Point><coordinates>-47.887929,-5.468827,0</coordinates></Point></Placemark>
<Placemark><name>58364962</name><styleUrl>#stPoste</styleUrl><Point><coordinates>-47.881020,-5.470190,0</coordinates></Point></Placemark>
<Placemark><name>329458</name><styleUrl>#stPoste</styleUrl><Point><coordinates>-47.883720,-5.463370,0</coordinates></Point></Placemark>
<Placemark><name>659965</name><styleUrl>#stPoste</styleUrl><Point><coordinates>-47.885412,-5.457884,0</coordinates></Point></Placemark>
<Placemark><name>696600</name><styleUrl>#stPoste</styleUrl><Point><coordinates>-47.886272,-5.465772,0</coordinates></Point></Placemark>
<Placemark><name>1087288</name><styleUrl>#stPoste</styleUrl><Point><coordinates>-47.881282,-5.459506,0</coordinates></Point></Placemark>
<Placemark><name>1095657</name><styleUrl>#stPoste</styleUrl><Point><coordinates>-47.879921,-5.456964,0</coordinates></Point></Placemark>
<Placemark><name>1338686</name><styleUrl>#stPoste</styleUrl><Point><coordinates>-47.880413,-5.469631,0</coordinates></Point></Placemark>
<Placemark><name>1446453</name><styleUrl>#stPoste</styleUrl><Point><coordinates>-47.877833,-5.462752,0</coordinates></Point></Placemark>
<Placemark><name>1446751</name><styleUrl>#stPoste</styleUrl><Point><coordinates>-47.877546,-5.461737,0</coordinates></Point></Placemark>
<Placemark><name>1446755</name><styleUrl>#stPoste</styleUrl><Point><coordinates>-47.877166,-5.460864,0</coordinates></Point></Placemark>
<Placemark><name>1869902</name><styleUrl>#stPoste</styleUrl><Point><coordinates>-47.891268,-5.463839,0</coordinates></Point></Placemark>
<Placemark><name>37079119</name><styleUrl>#stPoste</styleUrl><Point><coordinates>-47.895472,-5.460691,0</coordinates></Point></Placemark>
<Placemark><name>51502545</name><styleUrl>#stPoste</styleUrl><Point><coordinates>-47.888390,-5.468311,0</coordinates></Point></Placemark>
<Placemark><name>58364065</name><styleUrl>#stPoste</styleUrl><Point><coordinates>-47.893385,-5.464878,0</coordinates></Point></Placemark>
<Placemark><name>58364269</name><styleUrl>#stPoste</styleUrl><Point><coordinates>-47.888780,-5.466531,0</coordinates></Point></Placemark>
<Placemark><name>58364988</name><styleUrl>#stPoste</styleUrl><Point><coordinates>-47.881618,-5.469839,0</coordinates></Point></Placemark>
<Placemark><name>528965</name><styleUrl>#stPoste</styleUrl><Point><coordinates>-47.881562,-5.456080,0</coordinates></Point></Placemark>
<Placemark><name>645435</name><styleUrl>#stPoste</styleUrl><Point><coordinates>-47.882293,-5.457109,0</coordinates></Point></Placemark>
<Placemark><name>645917</name><styleUrl>#stPoste</styleUrl><Point><coordinates>-47.877644,-5.474258,0</coordinates></Point></Placemark>
<Placemark><name>692256</name><styleUrl>#stPoste</styleUrl><Point><coordinates>-47.886891,-5.462753,0</coordinates></Point></Placemark>
<Placemark><name>1087282</name><styleUrl>#stPoste</styleUrl><Point><coordinates>-47.878537,-5.458468,0</coordinates></Point></Placemark>
<Placemark><name>1087291</name><styleUrl>#stPoste</styleUrl><Point><coordinates>-47.881854,-5.460558,0</coordinates></Point></Placemark>
<Placemark><name>1087300</name><styleUrl>#stPoste</styleUrl><Point><coordinates>-47.883462,-5.460896,0</coordinates></Point></Placemark>
<Placemark><name>1095650</name><styleUrl>#stPoste</styleUrl><Point><coordinates>-47.880252,-5.458778,0</coordinates></Point></Placemark>
<Placemark><name>1097211</name><styleUrl>#stPoste</styleUrl><Point><coordinates>-47.877396,-5.465763,0</coordinates></Point></Placemark>
<Placemark><name>1272365</name><styleUrl>#stPoste</styleUrl><Point><coordinates>-47.891848,-5.463733,0</coordinates></Point></Placemark>
<Placemark><name>1394787</name><styleUrl>#stPoste</styleUrl><Point><coordinates>-47.881785,-5.460422,0</coordinates></Point></Placemark>
<Placemark><name>1438478</name><styleUrl>#stPoste</styleUrl><Point><coordinates>-47.885876,-5.465686,0</coordinates></Point></Placemark>
<Placemark><name>1446754</name><styleUrl>#stPoste</styleUrl><Point><coordinates>-47.877067,-5.460038,0</coordinates></Point></Placemark>
<Placemark><name>1451388</name><styleUrl>#stPoste</styleUrl><Point><coordinates>-47.877628,-5.462028,0</coordinates></Point></Placemark>
<Placemark><name>1733824</name><styleUrl>#stPoste</styleUrl><Point><coordinates>-47.877202,-5.467860,0</coordinates></Point></Placemark>
<Placemark><name>26807532</name><styleUrl>#stPoste</styleUrl><Point><coordinates>-47.891723,-5.464073,0</coordinates></Point></Placemark>
<Placemark><name>37079070</name><styleUrl>#stPoste</styleUrl><Point><coordinates>-47.896858,-5.462473,0</coordinates></Point></Placemark>
<Placemark><name>48741471</name><styleUrl>#stPoste</styleUrl><Point><coordinates>-47.878558,-5.473830,0</coordinates></Point></Placemark>
<Placemark><name>51893185</name><styleUrl>#stPoste</styleUrl><Point><coordinates>-47.887476,-5.459971,0</coordinates></Point></Placemark>
<Placemark><name>58364245</name><styleUrl>#stPoste</styleUrl><Point><coordinates>-47.889200,-5.466748,0</coordinates></Point></Placemark>
<Placemark><name>135762</name><styleUrl>#stPoste</styleUrl><Point><coordinates>-47.887629,-5.468034,0</coordinates></Point></Placemark>
<Placemark><name>135767</name><styleUrl>#stPoste</styleUrl><Point><coordinates>-47.882836,-5.457850,0</coordinates></Point></Placemark>
<Placemark><name>643344</name><styleUrl>#stPoste</styleUrl><Point><coordinates>-47.887534,-5.459297,0</coordinates></Point></Placemark>
<Placemark><name>645923</name><styleUrl>#stPoste</styleUrl><Point><coordinates>-47.878910,-5.461006,0</coordinates></Point></Placemark>
<Placemark><name>656749</name><styleUrl>#stPoste</styleUrl><Point><coordinates>-47.891504,-5.457430,0</coordinates></Point></Placemark>
<Placemark><name>658993</name><styleUrl>#stPoste</styleUrl><Point><coordinates>-47.884541,-5.463221,0</coordinates></Point></Placemark>
<Placemark><name>659098</name><styleUrl>#stPoste</styleUrl><Point><coordinates>-47.878608,-5.473388,0</coordinates></Point></Placemark>
<Placemark><name>659366</name><styleUrl>#stPoste</styleUrl><Point><coordinates>-47.888000,-5.456779,0</coordinates></Point></Placemark>
<Placemark><name>694153</name><styleUrl>#stPoste</styleUrl><Point><coordinates>-47.883761,-5.463202,0</coordinates></Point></Placemark>
<Placemark><name>695385</name><styleUrl>#stPoste</styleUrl><Point><coordinates>-47.885535,-5.463968,0</coordinates></Point></Placemark>
<Placemark><name>695716</name><styleUrl>#stPoste</styleUrl><Point><coordinates>-47.887759,-5.467903,0</coordinates></Point></Placemark>
<Placemark><name>695991</name><styleUrl>#stPoste</styleUrl><Point><coordinates>-47.883840,-5.463879,0</coordinates></Point></Placemark>
<Placemark><name>831489</name><styleUrl>#stPoste</styleUrl><Point><coordinates>-47.877354,-5.471495,0</coordinates></Point></Placemark>
<Placemark><name>1095652</name><styleUrl>#stPoste</styleUrl><Point><coordinates>-47.879838,-5.459148,0</coordinates></Point></Placemark>
<Placemark><name>1097210</name><styleUrl>#stPoste</styleUrl><Point><coordinates>-47.877632,-5.465724,0</coordinates></Point></Placemark>
<Placemark><name>1218189</name><styleUrl>#stPoste</styleUrl><Point><coordinates>-47.886432,-5.460352,0</coordinates></Point></Placemark>
<Placemark><name>1272366</name><styleUrl>#stPoste</styleUrl><Point><coordinates>-47.892125,-5.463055,0</coordinates></Point></Placemark>
<Placemark><name>1344714</name><styleUrl>#stPoste</styleUrl><Point><coordinates>-47.885255,-5.463952,0</coordinates></Point></Placemark>
<Placemark><name>1705663</name><styleUrl>#stPoste</styleUrl><Point><coordinates>-47.880758,-5.462475,0</coordinates></Point></Placemark>
<Placemark><name>26068982</name><styleUrl>#stPoste</styleUrl><Point><coordinates>-47.887420,-5.467967,0</coordinates></Point></Placemark>
<Placemark><name>39195632</name><styleUrl>#stPoste</styleUrl><Point><coordinates>-47.877839,-5.467628,0</coordinates></Point></Placemark>
<Placemark><name>58364276</name><styleUrl>#stPoste</styleUrl><Point><coordinates>-47.888444,-5.466358,0</coordinates></Point></Placemark>
<Placemark><name>58364947</name><styleUrl>#stPoste</styleUrl><Point><coordinates>-47.880523,-5.470401,0</coordinates></Point></Placemark>
<Placemark><name>645417</name><styleUrl>#stPoste</styleUrl><Point><coordinates>-47.887645,-5.457825,0</coordinates></Point></Placemark>
<Placemark><name>646513</name><styleUrl>#stPoste</styleUrl><Point><coordinates>-47.879455,-5.469830,0</coordinates></Point></Placemark>
<Placemark><name>646779</name><styleUrl>#stPoste</styleUrl><Point><coordinates>-47.878144,-5.469867,0</coordinates></Point></Placemark>
<Placemark><name>647348</name><styleUrl>#stPoste</styleUrl><Point><coordinates>-47.879332,-5.470175,0</coordinates></Point></Placemark>
<Placemark><name>656417</name><styleUrl>#stPoste</styleUrl><Point><coordinates>-47.880378,-5.464418,0</coordinates></Point></Placemark>
<Placemark><name>693084</name><styleUrl>#stPoste</styleUrl><Point><coordinates>-47.886665,-5.463279,0</coordinates></Point></Placemark>
<Placemark><name>695715</name><styleUrl>#stPoste</styleUrl><Point><coordinates>-47.883679,-5.463626,0</coordinates></Point></Placemark>
<Placemark><name>1376610</name><styleUrl>#stPoste</styleUrl><Point><coordinates>-47.878335,-5.464736,0</coordinates></Point></Placemark>
<Placemark><name>1825678</name><styleUrl>#stPoste</styleUrl><Point><coordinates>-47.881044,-5.463960,0</coordinates></Point></Placemark>
<Placemark><name>37079208</name><styleUrl>#stPoste</styleUrl><Point><coordinates>-47.894061,-5.458987,0</coordinates></Point></Placemark>
<Placemark><name>38440529</name><styleUrl>#stPoste</styleUrl><Point><coordinates>-47.884465,-5.469448,0</coordinates></Point></Placemark>
<Placemark><name>51893136</name><styleUrl>#stPoste</styleUrl><Point><coordinates>-47.887415,-5.459913,0</coordinates></Point></Placemark>
<Placemark><name>57599731</name><styleUrl>#stPoste</styleUrl><Point><coordinates>-47.887024,-5.466943,0</coordinates></Point></Placemark>
<Placemark><name>58364331</name><styleUrl>#stPoste</styleUrl><Point><coordinates>-47.886305,-5.464309,0</coordinates></Point></Placemark>
<Placemark><name>643551</name><styleUrl>#stPoste</styleUrl><Point><coordinates>-47.880718,-5.470584,0</coordinates></Point></Placemark>
<Placemark><name>646781</name><styleUrl>#stPoste</styleUrl><Point><coordinates>-47.878033,-5.470119,0</coordinates></Point></Placemark>
<Placemark><name>647065</name><styleUrl>#stPoste</styleUrl><Point><coordinates>-47.883479,-5.470560,0</coordinates></Point></Placemark>
<Placemark><name>658824</name><styleUrl>#stPoste</styleUrl><Point><coordinates>-47.888593,-5.455368,0</coordinates></Point></Placemark>
<Placemark><name>659832</name><styleUrl>#stPoste</styleUrl><Point><coordinates>-47.882579,-5.463332,0</coordinates></Point></Placemark>
<Placemark><name>693854</name><styleUrl>#stPoste</styleUrl><Point><coordinates>-47.888186,-5.467472,0</coordinates></Point></Placemark>
<Placemark><name>1087286</name><styleUrl>#stPoste</styleUrl><Point><coordinates>-47.880984,-5.458929,0</coordinates></Point></Placemark>
<Placemark><name>1095654</name><styleUrl>#stPoste</styleUrl><Point><coordinates>-47.880456,-5.457973,0</coordinates></Point></Placemark>
<Placemark><name>1367912</name><styleUrl>#stPoste</styleUrl><Point><coordinates>-47.880380,-5.469542,0</coordinates></Point></Placemark>
<Placemark><name>1376611</name><styleUrl>#stPoste</styleUrl><Point><coordinates>-47.878134,-5.464824,0</coordinates></Point></Placemark>
<Placemark><name>1436088</name><styleUrl>#stPoste</styleUrl><Point><coordinates>-47.888655,-5.454504,0</coordinates></Point></Placemark>
<Placemark><name>1436416</name><styleUrl>#stPoste</styleUrl><Point><coordinates>-47.887951,-5.454324,0</coordinates></Point></Placemark>
<Placemark><name>1723964</name><styleUrl>#stPoste</styleUrl><Point><coordinates>-47.889054,-5.466767,0</coordinates></Point></Placemark>
<Placemark><name>1887976</name><styleUrl>#stPoste</styleUrl><Point><coordinates>-47.877793,-5.462103,0</coordinates></Point></Placemark>
<Placemark><name>45405285</name><styleUrl>#stPoste</styleUrl><Point><coordinates>-47.887650,-5.458055,0</coordinates></Point></Placemark>
<Placemark><name>58364075</name><styleUrl>#stPoste</styleUrl><Point><coordinates>-47.892119,-5.464222,0</coordinates></Point></Placemark>
<Placemark><name>58365033</name><styleUrl>#stPoste</styleUrl><Point><coordinates>-47.882431,-5.469614,0</coordinates></Point></Placemark>
<Placemark><name>303510</name><styleUrl>#stPoste</styleUrl><Point><coordinates>-47.878729,-5.473637,0</coordinates></Point></Placemark>
<Placemark><name>643554</name><styleUrl>#stPoste</styleUrl><Point><coordinates>-47.886649,-5.468932,0</coordinates></Point></Placemark>
<Placemark><name>646540</name><styleUrl>#stPoste</styleUrl><Point><coordinates>-47.881493,-5.456468,0</coordinates></Point></Placemark>
<Placemark><name>659365</name><styleUrl>#stPoste</styleUrl><Point><coordinates>-47.893411,-5.458449,0</coordinates></Point></Placemark>
<Placemark><name>659632</name><styleUrl>#stPoste</styleUrl><Point><coordinates>-47.879116,-5.469111,0</coordinates></Point></Placemark>
<Placemark><name>659916</name><styleUrl>#stPoste</styleUrl><Point><coordinates>-47.885257,-5.469393,0</coordinates></Point></Placemark>
<Placemark><name>831200</name><styleUrl>#stPoste</styleUrl><Point><coordinates>-47.878055,-5.469241,0</coordinates></Point></Placemark>
<Placemark><name>1095655</name><styleUrl>#stPoste</styleUrl><Point><coordinates>-47.880292,-5.457648,0</coordinates></Point></Placemark>
<Placemark><name>1700339</name><styleUrl>#stPoste</styleUrl><Point><coordinates>-47.880359,-5.463369,0</coordinates></Point></Placemark>
<Placemark><name>1733823</name><styleUrl>#stPoste</styleUrl><Point><coordinates>-47.876921,-5.473281,0</coordinates></Point></Placemark>
<Placemark><name>1826583</name><styleUrl>#stPoste</styleUrl><Point><coordinates>-47.878699,-5.458522,0</coordinates></Point></Placemark>
<Placemark><name>30006622</name><styleUrl>#stPoste</styleUrl><Point><coordinates>-47.882055,-5.465980,0</coordinates></Point></Placemark>
<Placemark><name>32309358</name><styleUrl>#stPoste</styleUrl><Point><coordinates>-47.882150,-5.456801,0</coordinates></Point></Placemark>
<Placemark><name>61228156</name><styleUrl>#stPoste</styleUrl><Point><coordinates>-47.887658,-5.468440,0</coordinates></Point></Placemark>
<Placemark><name>135750</name><styleUrl>#stPoste</styleUrl><Point><coordinates>-47.890757,-5.463597,0</coordinates></Point></Placemark>
<Placemark><name>645685</name><styleUrl>#stPoste</styleUrl><Point><coordinates>-47.887102,-5.460492,0</coordinates></Point></Placemark>
<Placemark><name>645912</name><styleUrl>#stPoste</styleUrl><Point><coordinates>-47.880894,-5.461946,0</coordinates></Point></Placemark>
<Placemark><name>647349</name><styleUrl>#stPoste</styleUrl><Point><coordinates>-47.879259,-5.469814,0</coordinates></Point></Placemark>
<Placemark><name>649387</name><styleUrl>#stPoste</styleUrl><Point><coordinates>-47.880272,-5.461605,0</coordinates></Point></Placemark>
<Placemark><name>659351</name><styleUrl>#stPoste</styleUrl><Point><coordinates>-47.878350,-5.471242,0</coordinates></Point></Placemark>
<Placemark><name>659368</name><styleUrl>#stPoste</styleUrl><Point><coordinates>-47.888822,-5.454529,0</coordinates></Point></Placemark>
<Placemark><name>661087</name><styleUrl>#stPoste</styleUrl><Point><coordinates>-47.881372,-5.465352,0</coordinates></Point></Placemark>
<Placemark><name>693097</name><styleUrl>#stPoste</styleUrl><Point><coordinates>-47.887658,-5.467492,0</coordinates></Point></Placemark>
<Placemark><name>730118</name><styleUrl>#stPoste</styleUrl><Point><coordinates>-47.881196,-5.461147,0</coordinates></Point></Placemark>
<Placemark><name>831483</name><styleUrl>#stPoste</styleUrl><Point><coordinates>-47.877757,-5.467017,0</coordinates></Point></Placemark>
<Placemark><name>1717043</name><styleUrl>#stPoste</styleUrl><Point><coordinates>-47.879820,-5.469690,0</coordinates></Point></Placemark>
<Placemark><name>1826720</name><styleUrl>#stPoste</styleUrl><Point><coordinates>-47.880405,-5.458850,0</coordinates></Point></Placemark>
<Placemark><name>30727996</name><styleUrl>#stPoste</styleUrl><Point><coordinates>-47.889578,-5.468129,0</coordinates></Point></Placemark>
<Placemark><name>38440253</name><styleUrl>#stPoste</styleUrl><Point><coordinates>-47.885370,-5.468017,0</coordinates></Point></Placemark>
<Placemark><name>41179498</name><styleUrl>#stPoste</styleUrl><Point><coordinates>-47.883149,-5.466996,0</coordinates></Point></Placemark>
<Placemark><name>58364305</name><styleUrl>#stPoste</styleUrl><Point><coordinates>-47.886970,-5.465962,0</coordinates></Point></Placemark>
<Placemark><name>135748</name><styleUrl>#stPoste</styleUrl><Point><coordinates>-47.884819,-5.463572,0</coordinates></Point></Placemark>
<Placemark><name>135749</name><styleUrl>#stPoste</styleUrl><Point><coordinates>-47.887122,-5.461285,0</coordinates></Point></Placemark>
<Placemark><name>647070</name><styleUrl>#stPoste</styleUrl><Point><coordinates>-47.884666,-5.468275,0</coordinates></Point></Placemark>
<Placemark><name>659274</name><styleUrl>#stPoste</styleUrl><Point><coordinates>-47.885329,-5.464171,0</coordinates></Point></Placemark>
<Placemark><name>694471</name><styleUrl>#stPoste</styleUrl><Point><coordinates>-47.888042,-5.467922,0</coordinates></Point></Placemark>
<Placemark><name>831482</name><styleUrl>#stPoste</styleUrl><Point><coordinates>-47.878002,-5.467812,0</coordinates></Point></Placemark>
<Placemark><name>876969</name><styleUrl>#stPoste</styleUrl><Point><coordinates>-47.895215,-5.460357,0</coordinates></Point></Placemark>
<Placemark><name>1087295</name><styleUrl>#stPoste</styleUrl><Point><coordinates>-47.883212,-5.460993,0</coordinates></Point></Placemark>
<Placemark><name>1095647</name><styleUrl>#stPoste</styleUrl><Point><coordinates>-47.881132,-5.457978,0</coordinates></Point></Placemark>
<Placemark><name>1436419</name><styleUrl>#stPoste</styleUrl><Point><coordinates>-47.886837,-5.453859,0</coordinates></Point></Placemark>
<Placemark><name>1705328</name><styleUrl>#stPoste</styleUrl><Point><coordinates>-47.886544,-5.457950,0</coordinates></Point></Placemark>
<Placemark><name>1730530</name><styleUrl>#stPoste</styleUrl><Point><coordinates>-47.881267,-5.461248,0</coordinates></Point></Placemark>
<Placemark><name>1826341</name><styleUrl>#stPoste</styleUrl><Point><coordinates>-47.879238,-5.457633,0</coordinates></Point></Placemark>
<Placemark><name>30727984</name><styleUrl>#stPoste</styleUrl><Point><coordinates>-47.889375,-5.467899,0</coordinates></Point></Placemark>
<Placemark><name>30960666</name><styleUrl>#stPoste</styleUrl><Point><coordinates>-47.881084,-5.464748,0</coordinates></Point></Placemark>
<Placemark><name>32309364</name><styleUrl>#stPoste</styleUrl><Point><coordinates>-47.882086,-5.456613,0</coordinates></Point></Placemark>
<Placemark><name>33123926</name><styleUrl>#stPoste</styleUrl><Point><coordinates>-47.897088,-5.462765,0</coordinates></Point></Placemark>
<Placemark><name>645913</name><styleUrl>#stPoste</styleUrl><Point><coordinates>-47.881014,-5.461916,0</coordinates></Point></Placemark>
<Placemark><name>645924</name><styleUrl>#stPoste</styleUrl><Point><coordinates>-47.878551,-5.460855,0</coordinates></Point></Placemark>
<Placemark><name>646212</name><styleUrl>#stPoste</styleUrl><Point><coordinates>-47.883030,-5.466731,0</coordinates></Point></Placemark>
<Placemark><name>646217</name><styleUrl>#stPoste</styleUrl><Point><coordinates>-47.880764,-5.462291,0</coordinates></Point></Placemark>
<Placemark><name>659099</name><styleUrl>#stPoste</styleUrl><Point><coordinates>-47.878533,-5.473040,0</coordinates></Point></Placemark>
<Placemark><name>659672</name><styleUrl>#stPoste</styleUrl><Point><coordinates>-47.887361,-5.458027,0</coordinates></Point></Placemark>
<Placemark><name>1095658</name><styleUrl>#stPoste</styleUrl><Point><coordinates>-47.880117,-5.457032,0</coordinates></Point></Placemark>
<Placemark><name>1095660</name><styleUrl>#stPoste</styleUrl><Point><coordinates>-47.879705,-5.457415,0</coordinates></Point></Placemark>
<Placemark><name>1095663</name><styleUrl>#stPoste</styleUrl><Point><coordinates>-47.878878,-5.458159,0</coordinates></Point></Placemark>
<Placemark><name>1436091</name><styleUrl>#stPoste</styleUrl><Point><coordinates>-47.888291,-5.454437,0</coordinates></Point></Placemark>
<Placemark><name>1446756</name><styleUrl>#stPoste</styleUrl><Point><coordinates>-47.877342,-5.461012,0</coordinates></Point></Placemark>
<Placemark><name>1705552</name><styleUrl>#stPoste</styleUrl><Point><coordinates>-47.876953,-5.474448,0</coordinates></Point></Placemark>
<Placemark><name>1723487</name><styleUrl>#stPoste</styleUrl><Point><coordinates>-47.888611,-5.468437,0</coordinates></Point></Placemark>
<Placemark><name>1887882</name><styleUrl>#stPoste</styleUrl><Point><coordinates>-47.876965,-5.460166,0</coordinates></Point></Placemark>
<Placemark><name>37079188</name><styleUrl>#stPoste</styleUrl><Point><coordinates>-47.894558,-5.459540,0</coordinates></Point></Placemark>
<Placemark><name>136557</name><styleUrl>#stPoste</styleUrl><Point><coordinates>-47.887192,-5.460967,0</coordinates></Point></Placemark>
<Placemark><name>136576</name><styleUrl>#stPoste</styleUrl><Point><coordinates>-47.883971,-5.470008,0</coordinates></Point></Placemark>
<Placemark><name>359457</name><styleUrl>#stPoste</styleUrl><Point><coordinates>-47.883100,-5.466796,0</coordinates></Point></Placemark>
<Placemark><name>543427</name><styleUrl>#stPoste</styleUrl><Point><coordinates>-47.884543,-5.468093,0</coordinates></Point></Placemark>
<Placemark><name>644270</name><styleUrl>#stPoste</styleUrl><Point><coordinates>-47.882583,-5.457964,0</coordinates></Point></Placemark>
<Placemark><name>658992</name><styleUrl>#stPoste</styleUrl><Point><coordinates>-47.885102,-5.463818,0</coordinates></Point></Placemark>
<Placemark><name>831201</name><styleUrl>#stPoste</styleUrl><Point><coordinates>-47.878115,-5.471381,0</coordinates></Point></Placemark>
<Placemark><name>831487</name><styleUrl>#stPoste</styleUrl><Point><coordinates>-47.877686,-5.467855,0</coordinates></Point></Placemark>
<Placemark><name>1436417</name><styleUrl>#stPoste</styleUrl><Point><coordinates>-47.887658,-5.454195,0</coordinates></Point></Placemark>
<Placemark><name>1451389</name><styleUrl>#stPoste</styleUrl><Point><coordinates>-47.876913,-5.459493,0</coordinates></Point></Placemark>
<Placemark><name>1478183</name><styleUrl>#stPoste</styleUrl><Point><coordinates>-47.883619,-5.467080,0</coordinates></Point></Placemark>
<Placemark><name>1869405</name><styleUrl>#stPoste</styleUrl><Point><coordinates>-47.892163,-5.462849,0</coordinates></Point></Placemark>
<Placemark><name>1888035</name><styleUrl>#stPoste</styleUrl><Point><coordinates>-47.877555,-5.462102,0</coordinates></Point></Placemark>
<Placemark><name>30723604</name><styleUrl>#stPoste</styleUrl><Point><coordinates>-47.883362,-5.463099,0</coordinates></Point></Placemark>
<Placemark><name>32309409</name><styleUrl>#stPoste</styleUrl><Point><coordinates>-47.882217,-5.455818,0</coordinates></Point></Placemark>
<Placemark><name>38440433</name><styleUrl>#stPoste</styleUrl><Point><coordinates>-47.884892,-5.468699,0</coordinates></Point></Placemark>
<Placemark><name>38440611</name><styleUrl>#stPoste</styleUrl><Point><coordinates>-47.883534,-5.470413,0</coordinates></Point></Placemark>
<Placemark><name>51502554</name><styleUrl>#stPoste</styleUrl><Point><coordinates>-47.888661,-5.468614,0</coordinates></Point></Placemark>
<Placemark><name>51893126</name><styleUrl>#stPoste</styleUrl><Point><coordinates>-47.887341,-5.460294,0</coordinates></Point></Placemark>
<Placemark><name>645651</name><styleUrl>#stPoste</styleUrl><Point><coordinates>-47.876910,-5.474077,0</coordinates></Point></Placemark>
<Placemark><name>646568</name><styleUrl>#stPoste</styleUrl><Point><coordinates>-47.897421,-5.461036,0</coordinates></Point></Placemark>
<Placemark><name>647106</name><styleUrl>#stPoste</styleUrl><Point><coordinates>-47.888928,-5.455633,0</coordinates></Point></Placemark>
<Placemark><name>1078195</name><styleUrl>#stPoste</styleUrl><Point><coordinates>-47.877480,-5.475093,0</coordinates></Point></Placemark>
<Placemark><name>289685</name><styleUrl>#stPoste</styleUrl><Point><coordinates>-47.886347,-5.452214,0</coordinates></Point></Placemark>
<Placemark><name>646218</name><styleUrl>#stPoste</styleUrl><Point><coordinates>-47.876957,-5.473098,0</coordinates></Point></Placemark>
<Placemark><name>659348</name><styleUrl>#stPoste</styleUrl><Point><coordinates>-47.876542,-5.475524,0</coordinates></Point></Placemark>
<Placemark><name>943858</name><styleUrl>#stPoste</styleUrl><Point><coordinates>-47.889582,-5.456784,0</coordinates></Point></Placemark>
<Placemark><name>1263252</name><styleUrl>#stPoste</styleUrl><Point><coordinates>-47.877880,-5.474639,0</coordinates></Point></Placemark>
<Placemark><name>1291851</name><styleUrl>#stPoste</styleUrl><Point><coordinates>-47.895137,-5.459967,0</coordinates></Point></Placemark>
<Placemark><name>40018943</name><styleUrl>#stPoste</styleUrl><Point><coordinates>-47.898904,-5.462991,0</coordinates></Point></Placemark>
<Placemark><name>360694</name><styleUrl>#stPoste</styleUrl><Point><coordinates>-47.894647,-5.459328,0</coordinates></Point></Placemark>
<Placemark><name>645472</name><styleUrl>#stPoste</styleUrl><Point><coordinates>-47.886881,-5.452416,0</coordinates></Point></Placemark>
<Placemark><name>1317112</name><styleUrl>#stPoste</styleUrl><Point><coordinates>-47.877011,-5.475004,0</coordinates></Point></Placemark>
<Placemark><name>1460575</name><styleUrl>#stPoste</styleUrl><Point><coordinates>-47.875175,-5.473656,0</coordinates></Point></Placemark>
<Placemark><name>289687</name><styleUrl>#stPoste</styleUrl><Point><coordinates>-47.884889,-5.454537,0</coordinates></Point></Placemark>
<Placemark><name>643695</name><styleUrl>#stPoste</styleUrl><Point><coordinates>-47.889076,-5.453205,0</coordinates></Point></Placemark>
<Placemark><name>646216</name><styleUrl>#stPoste</styleUrl><Point><coordinates>-47.876791,-5.472443,0</coordinates></Point></Placemark>
<Placemark><name>1317108</name><styleUrl>#stPoste</styleUrl><Point><coordinates>-47.876876,-5.474636,0</coordinates></Point></Placemark>
<Placemark><name>33123916</name><styleUrl>#stPoste</styleUrl><Point><coordinates>-47.896199,-5.461628,0</coordinates></Point></Placemark>
<Placemark><name>305218</name><styleUrl>#stPoste</styleUrl><Point><coordinates>-47.889270,-5.452441,0</coordinates></Point></Placemark>
<Placemark><name>659655</name><styleUrl>#stPoste</styleUrl><Point><coordinates>-47.888708,-5.454718,0</coordinates></Point></Placemark>
<Placemark><name>692564</name><styleUrl>#stPoste</styleUrl><Point><coordinates>-47.874338,-5.457561,0</coordinates></Point></Placemark>
<Placemark><name>1291365</name><styleUrl>#stPoste</styleUrl><Point><coordinates>-47.897974,-5.462460,0</coordinates></Point></Placemark>
<Placemark><name>1291850</name><styleUrl>#stPoste</styleUrl><Point><coordinates>-47.894941,-5.460127,0</coordinates></Point></Placemark>
<Placemark><name>37079129</name><styleUrl>#stPoste</styleUrl><Point><coordinates>-47.895335,-5.460513,0</coordinates></Point></Placemark>
<Placemark><name>59240034</name><styleUrl>#stPoste</styleUrl><Point><coordinates>-47.890150,-5.456887,0</coordinates></Point></Placemark>
<Placemark><name>1436089</name><styleUrl>#stPoste</styleUrl><Point><coordinates>-47.888791,-5.455579,0</coordinates></Point></Placemark>
<Placemark><name>360087</name><styleUrl>#stPoste</styleUrl><Point><coordinates>-47.877336,-5.475159,0</coordinates></Point></Placemark>
<Placemark><name>692565</name><styleUrl>#stPoste</styleUrl><Point><coordinates>-47.874175,-5.456339,0</coordinates></Point></Placemark>
<Placemark><name>1460563</name><styleUrl>#stPoste</styleUrl><Point><coordinates>-47.876653,-5.472624,0</coordinates></Point></Placemark>
<Placemark><name>647450</name><styleUrl>#stPoste</styleUrl><Point><coordinates>-47.881629,-5.453627,0</coordinates></Point></Placemark>
<Placemark><name>692558</name><styleUrl>#stPoste</styleUrl><Point><coordinates>-47.874282,-5.462433,0</coordinates></Point></Placemark>
<Placemark><name>37079295</name><styleUrl>#stPoste</styleUrl><Point><coordinates>-47.889764,-5.456806,0</coordinates></Point></Placemark>
<Placemark><name>647091</name><styleUrl>#stPoste</styleUrl><Point><coordinates>-47.896485,-5.461715,0</coordinates></Point></Placemark>
<Placemark><name>37079147</name><styleUrl>#stPoste</styleUrl><Point><coordinates>-47.894873,-5.459945,0</coordinates></Point></Placemark>
<Placemark><name>37079256</name><styleUrl>#stPoste</styleUrl><Point><coordinates>-47.892002,-5.457669,0</coordinates></Point></Placemark>
<Placemark><name>289686</name><styleUrl>#stPoste</styleUrl><Point><coordinates>-47.885044,-5.452586,0</coordinates></Point></Placemark>
<Placemark><name>643583</name><styleUrl>#stPoste</styleUrl><Point><coordinates>-47.896993,-5.461999,0</coordinates></Point></Placemark>
<Placemark><name>1460573</name><styleUrl>#stPoste</styleUrl><Point><coordinates>-47.876821,-5.472563,0</coordinates></Point></Placemark>
<Placemark><name>289693</name><styleUrl>#stPoste</styleUrl><Point><coordinates>-47.880119,-5.453341,0</coordinates></Point></Placemark>
<Placemark><name>876968</name><styleUrl>#stPoste</styleUrl><Point><coordinates>-47.892958,-5.458177,0</coordinates></Point></Placemark>
<Placemark><name>1078196</name><styleUrl>#stPoste</styleUrl><Point><coordinates>-47.877345,-5.474806,0</coordinates></Point></Placemark>
<Placemark><name>33123927</name><styleUrl>#stPoste</styleUrl><Point><coordinates>-47.896644,-5.462200,0</coordinates></Point></Placemark>
<Placemark><name>876971</name><styleUrl>#stPoste</styleUrl><Point><coordinates>-47.893861,-5.458781,0</coordinates></Point></Placemark>
<Placemark><name>643582</name><styleUrl>#stPoste</styleUrl><Point><coordinates>-47.896982,-5.461958,0</coordinates></Point></Placemark>
<Placemark><name>645429</name><styleUrl>#stPoste</styleUrl><Point><coordinates>-47.889750,-5.455975,0</coordinates></Point></Placemark>
<Placemark><name>647447</name><styleUrl>#stPoste</styleUrl><Point><coordinates>-47.884941,-5.453473,0</coordinates></Point></Placemark>
<Placemark><name>35541438</name><styleUrl>#stPoste</styleUrl><Point><coordinates>-47.888702,-5.451950,0</coordinates></Point></Placemark>
<Placemark><name>647454</name><styleUrl>#stPoste</styleUrl><Point><coordinates>-47.878567,-5.454134,0</coordinates></Point></Placemark>
<Placemark><name>692559</name><styleUrl>#stPoste</styleUrl><Point><coordinates>-47.874630,-5.461520,0</coordinates></Point></Placemark>
<Placemark><name>643617</name><styleUrl>#stPoste</styleUrl><Point><coordinates>-47.887678,-5.452364,0</coordinates></Point></Placemark>
<Placemark><name>645713</name><styleUrl>#stPoste</styleUrl><Point><coordinates>-47.889299,-5.456900,0</coordinates></Point></Placemark>
<Placemark><name>646829</name><styleUrl>#stPoste</styleUrl><Point><coordinates>-47.888494,-5.455461,0</coordinates></Point></Placemark>
<Placemark><name>876962</name><styleUrl>#stPoste</styleUrl><Point><coordinates>-47.895638,-5.460909,0</coordinates></Point></Placemark>
<Placemark><name>876964</name><styleUrl>#stPoste</styleUrl><Point><coordinates>-47.890415,-5.456946,0</coordinates></Point></Placemark>
<Placemark><name>876966</name><styleUrl>#stPoste</styleUrl><Point><coordinates>-47.894419,-5.459354,0</coordinates></Point></Placemark>
<Placemark><name>647453</name><styleUrl>#stPoste</styleUrl><Point><coordinates>-47.879132,-5.454357,0</coordinates></Point></Placemark>
<Placemark><name>659654</name><styleUrl>#stPoste</styleUrl><Point><coordinates>-47.888596,-5.455114,0</coordinates></Point></Placemark>
<Placemark><name>1317119</name><styleUrl>#stPoste</styleUrl><Point><coordinates>-47.877953,-5.474607,0</coordinates></Point></Placemark>
<Placemark><name>1335782</name><styleUrl>#stPoste</styleUrl><Point><coordinates>-47.894564,-5.459751,0</coordinates></Point></Placemark>
<Placemark><name>31797070</name><styleUrl>#stPoste</styleUrl><Point><coordinates>-47.896242,-5.461626,0</coordinates></Point></Placemark>
<Placemark><name>643443</name><styleUrl>#stPoste</styleUrl><Point><coordinates>-47.888555,-5.452270,0</coordinates></Point></Placemark>
<Placemark><name>289688</name><styleUrl>#stPoste</styleUrl><Point><coordinates>-47.877196,-5.454260,0</coordinates></Point></Placemark>
<Placemark><name>660107</name><styleUrl>#stPoste</styleUrl><Point><coordinates>-47.874588,-5.476348,0</coordinates></Point></Placemark>
<Placemark><name>30375799</name><styleUrl>#stPoste</styleUrl><Point><coordinates>-47.890351,-5.456453,0</coordinates></Point></Placemark>
<Placemark><name>50394392</name><styleUrl>#stPoste</styleUrl><Point><coordinates>-47.874378,-5.462182,0</coordinates></Point></Placemark>
<Placemark><name>289689</name><styleUrl>#stPoste</styleUrl><Point><coordinates>-47.876548,-5.454340,0</coordinates></Point></Placemark>
<Placemark><name>647448</name><styleUrl>#stPoste</styleUrl><Point><coordinates>-47.883998,-5.452904,0</coordinates></Point></Placemark>
<Placemark><name>659364</name><styleUrl>#stPoste</styleUrl><Point><coordinates>-47.892227,-5.457776,0</coordinates></Point></Placemark>
<Placemark><name>1316006</name><styleUrl>#stPoste</styleUrl><Point><coordinates>-47.877388,-5.474896,0</coordinates></Point></Placemark>
<Placemark><name>37079109</name><styleUrl>#stPoste</styleUrl><Point><coordinates>-47.895780,-5.461065,0</coordinates></Point></Placemark>
<Placemark><name>647449</name><styleUrl>#stPoste</styleUrl><Point><coordinates>-47.883143,-5.453168,0</coordinates></Point></Placemark>
<Placemark><name>1471336</name><styleUrl>#stPoste</styleUrl><Point><coordinates>-47.897405,-5.460247,0</coordinates></Point></Placemark>
<Placemark><name>37079275</name><styleUrl>#stPoste</styleUrl><Point><coordinates>-47.891206,-5.457283,0</coordinates></Point></Placemark>
<Placemark><name>645427</name><styleUrl>#stPoste</styleUrl><Point><coordinates>-47.889338,-5.455787,0</coordinates></Point></Placemark>
<Placemark><name>656748</name><styleUrl>#stPoste</styleUrl><Point><coordinates>-47.890898,-5.457130,0</coordinates></Point></Placemark>
<Placemark><name>692562</name><styleUrl>#stPoste</styleUrl><Point><coordinates>-47.874462,-5.459656,0</coordinates></Point></Placemark>
<Placemark><name>698572</name><styleUrl>#stPoste</styleUrl><Point><coordinates>-47.888880,-5.454108,0</coordinates></Point></Placemark>
<Placemark><name>1131814</name><styleUrl>#stPoste</styleUrl><Point><coordinates>-47.889628,-5.456221,0</coordinates></Point></Placemark>
<Placemark><name>1471334</name><styleUrl>#stPoste</styleUrl><Point><coordinates>-47.897463,-5.460599,0</coordinates></Point></Placemark>
<Placemark><name>692563</name><styleUrl>#stPoste</styleUrl><Point><coordinates>-47.874413,-5.458617,0</coordinates></Point></Placemark>
<Placemark><name>37079198</name><styleUrl>#stPoste</styleUrl><Point><coordinates>-47.894249,-5.459179,0</coordinates></Point></Placemark>
<Placemark><name>644377</name><styleUrl>#stPoste</styleUrl><Point><coordinates>-47.886571,-5.451998,0</coordinates></Point></Placemark>
<Placemark><name>1460561</name><styleUrl>#stPoste</styleUrl><Point><coordinates>-47.875914,-5.473140,0</coordinates></Point></Placemark>
<Placemark><name>643320</name><styleUrl>#stPoste</styleUrl><Point><coordinates>-47.897027,-5.461840,0</coordinates></Point></Placemark>
<Placemark><name>692560</name><styleUrl>#stPoste</styleUrl><Point><coordinates>-47.874571,-5.460745,0</coordinates></Point></Placemark>
<Placemark><name>37079217</name><styleUrl>#stPoste</styleUrl><Point><coordinates>-47.893630,-5.458611,0</coordinates></Point></Placemark>
<Placemark><name>40018940</name><styleUrl>#stPoste</styleUrl><Point><coordinates>-47.899025,-5.463128,0</coordinates></Point></Placemark>
<Placemark><name>647452</name><styleUrl>#stPoste</styleUrl><Point><coordinates>-47.877372,-5.454243,0</coordinates></Point></Placemark>
<Placemark><name>1317117</name><styleUrl>#stPoste</styleUrl><Point><coordinates>-47.877108,-5.475265,0</coordinates></Point></Placemark>
<Placemark><name>1460880</name><styleUrl>#stPoste</styleUrl><Point><coordinates>-47.874434,-5.474171,0</coordinates></Point></Placemark>
<Placemark><name>1471335</name><styleUrl>#stPoste</styleUrl><Point><coordinates>-47.897484,-5.460926,0</coordinates></Point></Placemark>
<Placemark><name>37079237</name><styleUrl>#stPoste</styleUrl><Point><coordinates>-47.892754,-5.458066,0</coordinates></Point></Placemark>
<Placemark><name>646776</name><styleUrl>#stPoste</styleUrl><Point><coordinates>-47.874982,-5.476378,0</coordinates></Point></Placemark>
<Placemark><name>1317465</name><styleUrl>#stPoste</styleUrl><Point><coordinates>-47.877420,-5.474768,0</coordinates></Point></Placemark>
<Placemark><name>1274893</name><styleUrl>#stPoste</styleUrl><Point><coordinates>-47.877863,-5.474601,0</coordinates></Point></Placemark>
<Placemark><name>1410240</name><styleUrl>#stPoste</styleUrl><Point><coordinates>-47.877497,-5.474930,0</coordinates></Point></Placemark>
<Placemark><name>1078197</name><styleUrl>#stPoste</styleUrl><Point><coordinates>-47.877604,-5.474668,0</coordinates></Point></Placemark>
<Placemark><name>1317120</name><styleUrl>#stPoste</styleUrl><Point><coordinates>-47.876709,-5.475500,0</coordinates></Point></Placemark>
<Placemark><name>646774</name><styleUrl>#stPoste</styleUrl><Point><coordinates>-47.874942,-5.476336,0</coordinates></Point></Placemark>
<Placemark><name>1078199</name><styleUrl>#stPoste</styleUrl><Point><coordinates>-47.877933,-5.474567,0</coordinates></Point></Placemark>
<Placemark><name>1317109</name><styleUrl>#stPoste</styleUrl><Point><coordinates>-47.877358,-5.475213,0</coordinates></Point></Placemark>
<Placemark><name>1317114</name><styleUrl>#stPoste</styleUrl><Point><coordinates>-47.877616,-5.475072,0</coordinates></Point></Placemark>
<Placemark><name>1078198</name><styleUrl>#stPoste</styleUrl><Point><coordinates>-47.877910,-5.474501,0</coordinates></Point></Placemark>
<Placemark><name>374393</name><styleUrl>#stPoste</styleUrl><Point><coordinates>-47.877577,-5.475093,0</coordinates></Point></Placemark>
</Folder></Folder></Document></kml>
