<?xml version="1.0" encoding="UTF-8"?>
<kml xmlns="http://www.opengis.net/kml/2.2"><Document>
<name>Goianorte — perimetro urbano + T1/T2</name>
<Style id="stLim"><LineStyle><color>ff00d6ff</color><width>3</width></LineStyle><PolyStyle><fill>0</fill></PolyStyle></Style>
<Style id="stPoste"><IconStyle><scale>0.5</scale><color>ffff0000</color><Icon><href>http://maps.google.com/mapfiles/kml/paddle/wht-circle.png</href></Icon></IconStyle><LabelStyle><scale>0</scale></LabelStyle></Style>
<Style id="stT1"><LineStyle><color>ff40ff00</color><width>2.4</width></LineStyle></Style>
<Style id="stT2"><LineStyle><color>ff00ffff</color><width>2.4</width></LineStyle></Style>
<Folder><name>Limite municipal — Goianorte (IBGE 1708304)</name>
<Placemark><styleUrl>#stLim</styleUrl><LineString><tessellate>1</tessellate><coordinates>-49.223100,-8.942200,0 -49.220800,-8.942700,0 -49.219900,-8.941600,0 -49.219000,-8.942700,0 -49.217500,-8.941800,0 -49.216300,-8.942000,0 -49.214500,-8.941400,0 -49.212800,-8.942600,0 -49.211800,-8.941600,0 -49.210500,-8.943200,0 -49.207500,-8.941500,0 -49.206200,-8.940100,0 -49.206200,-8.938700,0 -49.205400,-8.938000,0 -49.203600,-8.939700,0 -49.202700,-8.938900,0 -49.200000,-8.938800,0 -49.198300,-8.937500,0 -49.197800,-8.935300,0 -49.196400,-8.935000,0 -49.194600,-8.933600,0 -49.191400,-8.934500,0 -49.187800,-8.933300,0 -49.187000,-8.934000,0 -49.185800,-8.933600,0 -49.182900,-8.934600,0 -49.180800,-8.937000,0 -49.177500,-8.939700,0 -49.177000,-8.941200,0 -49.174800,-8.941700,0 -49.173400,-8.942900,0 -49.171700,-8.945300,0 -49.170300,-8.946400,0 -49.166900,-8.947100,0 -49.165200,-8.948100,0 -49.162800,-8.948200,0 -49.161400,-8.949500,0 -49.159600,-8.950000,0 -49.158800,-8.948600,0 -49.157100,-8.949700,0 -49.155700,-8.949000,0 -49.155100,-8.950800,0 -49.154300,-8.950900,0 -49.152000,-8.953300,0 -49.150700,-8.953800,0 -49.148100,-8.953500,0 -49.146500,-8.954900,0 -49.146200,-8.956000,0 -49.143100,-8.958500,0 -49.141800,-8.959000,0 -49.140500,-8.962700,0 -49.138000,-8.963700,0 -49.137300,-8.967600,0 -49.134500,-8.968900,0 -49.132800,-8.968600,0 -49.132500,-8.970400,0 -49.129900,-8.972400,0 -49.129100,-8.972000,0 -49.128500,-8.975900,0 -49.129200,-8.977600,0 -49.126500,-8.978900,0 -49.125300,-8.978200,0 -49.123000,-8.981300,0 -49.118900,-8.983800,0 -49.118300,-8.984900,0 -49.118000,-8.987500,0 -49.115600,-8.991800,0 -49.115100,-8.993800,0 -49.112100,-8.994400,0 -49.109700,-8.992600,0 -49.106100,-8.993000,0 -49.102300,-8.991800,0 -49.101200,-8.992800,0 -49.100600,-8.994600,0 -49.097700,-8.995400,0 -49.093500,-8.997900,0 -49.092700,-8.998700,0 -49.092000,-9.000500,0 -49.088000,-9.002200,0 -49.086500,-9.004000,0 -49.084000,-9.004900,0 -49.082200,-9.006400,0 -49.078200,-9.005900,0 -49.075600,-9.006700,0 -49.071700,-9.006800,0 -49.069200,-9.007900,0 -49.068600,-9.009400,0 -49.065200,-9.011800,0 -49.063000,-9.014300,0 -49.062000,-9.016000,0 -49.060700,-9.017000,0 -49.056000,-9.018400,0 -49.052300,-9.018400,0 -49.050800,-9.019200,0 -49.049100,-9.019500,0 -49.046400,-9.016400,0 -49.043300,-9.017300,0 -49.041700,-9.018600,0 -49.041000,-9.020500,0 -49.038900,-9.021500,0 -49.036800,-9.021300,0 -49.035500,-9.023800,0 -49.033600,-9.025600,0 -49.033500,-9.027000,0 -49.034100,-9.029500,0 -49.033300,-9.031800,0 -49.032300,-9.033500,0 -49.030300,-9.035100,0 -49.030100,-9.036400,0 -49.028400,-9.037400,0 -49.028700,-9.039500,0 -49.027900,-9.041000,0 -49.028400,-9.042500,0 -49.025700,-9.044700,0 -49.024100,-9.045100,0 -49.022500,-9.047500,0 -49.019000,-9.048800,0 -49.017100,-9.047300,0 -49.014500,-9.047600,0 -49.012800,-9.049600,0 -49.009000,-9.048200,0 -49.005900,-9.047800,0 -49.002700,-9.050000,0 -49.002500,-9.053400,0 -49.003200,-9.054100,0 -49.003900,-9.056500,0 -49.003400,-9.057200,0 -49.003000,-9.059700,0 -48.998500,-9.060000,0 -48.997700,-9.060400,0 -48.997600,-9.062100,0 -48.994900,-9.062400,0 -48.994100,-9.061100,0 -48.994200,-9.058800,0 -48.992400,-9.057700,0 -48.990500,-9.057500,0 -48.989200,-9.058400,0 -48.984800,-9.059600,0 -48.983500,-9.060200,0 -48.980700,-9.058900,0 -48.980100,-9.058000,0 -48.978400,-9.058300,0 -48.978200,-9.059600,0 -48.975000,-9.059900,0 -48.974200,-9.059000,0 -48.973300,-9.060700,0 -48.971700,-9.062000,0 -48.969000,-9.063100,0 -48.967300,-9.064800,0 -48.962800,-9.065400,0 -48.959300,-9.067000,0 -48.958000,-9.066100,0 -48.956900,-9.066700,0 -48.956300,-9.067900,0 -48.953700,-9.068200,0 -48.951400,-9.071600,0 -48.949000,-9.072600,0 -48.947400,-9.071800,0 -48.947000,-9.074200,0 -48.945700,-9.075300,0 -48.944400,-9.074600,0 -48.945000,-9.072700,0 -48.944100,-9.071800,0 -48.942700,-9.071700,0 -48.941900,-9.073000,0 -48.942000,-9.074200,0 -48.940900,-9.075100,0 -48.939000,-9.074400,0 -48.937700,-9.075300,0 -48.936000,-9.075000,0 -48.934400,-9.078500,0 -48.933100,-9.079500,0 -48.930800,-9.079900,0 -48.929500,-9.078900,0 -48.926200,-9.078300,0 -48.922600,-9.075100,0 -48.920600,-9.073900,0 -48.918500,-9.072100,0 -48.917400,-9.072100,0 -48.916700,-9.070500,0 -48.915700,-9.071700,0 -48.914700,-9.070200,0 -48.912500,-9.069500,0 -48.911600,-9.068500,0 -48.910000,-9.068300,0 -48.908200,-9.068700,0 -48.907800,-9.067200,0 -48.906700,-9.067100,0 -48.904800,-9.068700,0 -48.900600,-9.068000,0 -48.899500,-9.069600,0 -48.893400,-9.066900,0 -48.890000,-9.067500,0 -48.887100,-9.066600,0 -48.885100,-9.067600,0 -48.881500,-9.067500,0 -48.878300,-9.065900,0 -48.877100,-9.066600,0 -48.875500,-9.065500,0 -48.872600,-9.066700,0 -48.871400,-9.066600,0 -48.870000,-9.068900,0 -48.868000,-9.068900,0 -48.866400,-9.066800,0 -48.864800,-9.068100,0 -48.863500,-9.067200,0 -48.860200,-9.067700,0 -48.859400,-9.069600,0 -48.858000,-9.070200,0 -48.857600,-9.071800,0 -48.854900,-9.073100,0 -48.853700,-9.074200,0 -48.851700,-9.074200,0 -48.850500,-9.072800,0 -48.848200,-9.073800,0 -48.847600,-9.077600,0 -48.844700,-9.082800,0 -48.840700,-9.081600,0 -48.835800,-9.079700,0 -48.832900,-9.077400,0 -48.831900,-9.077300,0 -48.830200,-9.078900,0 -48.828800,-9.079300,0 -48.826400,-9.079000,0 -48.823800,-9.077800,0 -48.821600,-9.075600,0 -48.820100,-9.076000,0 -48.816700,-9.076100,0 -48.813200,-9.079000,0 -48.809700,-9.083100,0 -48.811400,-9.085000,0 -48.813100,-9.088400,0 -48.810500,-9.090000,0 -48.811400,-9.094400,0 -48.810300,-9.097600,0 -48.809400,-9.099000,0 -48.808700,-9.102200,0 -48.804700,-9.106400,0 -48.806000,-9.109500,0 -48.806100,-9.113400,0 -48.807000,-9.117200,0 -48.806300,-9.118500,0 -48.802400,-9.118000,0 -48.800400,-9.115900,0 -48.798400,-9.115800,0 -48.796100,-9.116800,0 -48.792600,-9.122000,0 -48.792500,-9.125000,0 -48.791600,-9.125700,0 -48.791300,-9.127600,0 -48.790100,-9.128900,0 -48.783300,-9.131400,0 -48.781300,-9.133000,0 -48.779300,-9.136500,0 -48.777900,-9.137300,0 -48.776300,-9.138900,0 -48.776600,-9.140600,0 -48.777800,-9.143300,0 -48.776700,-9.145100,0 -48.775200,-9.146300,0 -48.774800,-9.148400,0 -48.775300,-9.149200,0 -48.775400,-9.152200,0 -48.777400,-9.157100,0 -48.778800,-9.159700,0 -48.779000,-9.162100,0 -48.777500,-9.166000,0 -48.780100,-9.169300,0 -48.782200,-9.173100,0 -48.784200,-9.178600,0 -48.781900,-9.179400,0 -48.779300,-9.178800,0 -48.778200,-9.179400,0 -48.775100,-9.179500,0 -48.774000,-9.180500,0 -48.772100,-9.182900,0 -48.769000,-9.182400,0 -48.768700,-9.184900,0 -48.769200,-9.187100,0 -48.767900,-9.189900,0 -48.764400,-9.192500,0 -48.761200,-9.193700,0 -48.756800,-9.197200,0 -48.753600,-9.198100,0 -48.751900,-9.198700,0 -48.750000,-9.198100,0 -48.748600,-9.196000,0 -48.746700,-9.194500,0 -48.745800,-9.194400,0 -48.744700,-9.195800,0 -48.740100,-9.196900,0 -48.737200,-9.196800,0 -48.739200,-9.196000,0 -48.739600,-9.195100,0 -48.739800,-9.191900,0 -48.740300,-9.191600,0 -48.740900,-9.187500,0 -48.742600,-9.186800,0 -48.744500,-9.186900,0 -48.744200,-9.183900,0 -48.742800,-9.181900,0 -48.741800,-9.181300,0 -48.741700,-9.179300,0 -48.740400,-9.175500,0 -48.741200,-9.174800,0 -48.740800,-9.173500,0 -48.741300,-9.172000,0 -48.742900,-9.171800,0 -48.745300,-9.169900,0 -48.745100,-9.166400,0 -48.746700,-9.166200,0 -48.745900,-9.162700,0 -48.745200,-9.161900,0 -48.742300,-9.160300,0 -48.742100,-9.156600,0 -48.740400,-9.155500,0 -48.740000,-9.154500,0 -48.741000,-9.153700,0 -48.740400,-9.151400,0 -48.742400,-9.150600,0 -48.743500,-9.150900,0 -48.744200,-9.149700,0 -48.746400,-9.152100,0 -48.749200,-9.153400,0 -48.750900,-9.152300,0 -48.750000,-9.151700,0 -48.749700,-9.146900,0 -48.747300,-9.147000,0 -48.745900,-9.146200,0 -48.745400,-9.144600,0 -48.745900,-9.144000,0 -48.745800,-9.142100,0 -48.746200,-9.138700,0 -48.749400,-9.139600,0 -48.750500,-9.138300,0 -48.751300,-9.139800,0 -48.754000,-9.139200,0 -48.755100,-9.138200,0 -48.755000,-9.136400,0 -48.756700,-9.135700,0 -48.756900,-9.134200,0 -48.759100,-9.133400,0 -48.760700,-9.134900,0 -48.762400,-9.134100,0 -48.763100,-9.133200,0 -48.765100,-9.132300,0 -48.763600,-9.130100,0 -48.764400,-9.129200,0 -48.764200,-9.128100,0 -48.765500,-9.126200,0 -48.767000,-9.125200,0 -48.766600,-9.123800,0 -48.767300,-9.122800,0 -48.766800,-9.120400,0 -48.767100,-9.118400,0 -48.766100,-9.116100,0 -48.766000,-9.114800,0 -48.765100,-9.113900,0 -48.763000,-9.114100,0 -48.760500,-9.115000,0 -48.756500,-9.113100,0 -48.757400,-9.112100,0 -48.759100,-9.111500,0 -48.758200,-9.110100,0 -48.758000,-9.108100,0 -48.758600,-9.106000,0 -48.760200,-9.104700,0 -48.762300,-9.105200,0 -48.762400,-9.103800,0 -48.761500,-9.103500,0 -48.761800,-9.101800,0 -48.761300,-9.101100,0 -48.761700,-9.099100,0 -48.759000,-9.097900,0 -48.760000,-9.097000,0 -48.759300,-9.095500,0 -48.758700,-9.093100,0 -48.761000,-9.092800,0 -48.760400,-9.092000,0 -48.760900,-9.089200,0 -48.760500,-9.088200,0 -48.758700,-9.086600,0 -48.756200,-9.088100,0 -48.755500,-9.087900,0 -48.753900,-9.085900,0 -48.754800,-9.084200,0 -48.754500,-9.082800,0 -48.755000,-9.081200,0 -48.754400,-9.078700,0 -48.754700,-9.077700,0 -48.754100,-9.075800,0 -48.752500,-9.074800,0 -48.752300,-9.073200,0 -48.753300,-9.072500,0 -48.755400,-9.072500,0 -48.756300,-9.070600,0 -48.757400,-9.070100,0 -48.756000,-9.068700,0 -48.755000,-9.066800,0 -48.756600,-9.066200,0 -48.756800,-9.064400,0 -48.754300,-9.064700,0 -48.754400,-9.063900,0 -48.752000,-9.062500,0 -48.753100,-9.062000,0 -48.753500,-9.060200,0 -48.752300,-9.059300,0 -48.755800,-9.056100,0 -48.754400,-9.054700,0 -48.754300,-9.053200,0 -48.752300,-9.052400,0 -48.750400,-9.052300,0 -48.750300,-9.051300,0 -48.748900,-9.050400,0 -48.749600,-9.048900,0 -48.749200,-9.048100,0 -48.749200,-9.043600,0 -48.748300,-9.041300,0 -48.749000,-9.039400,0 -48.750500,-9.038800,0 -48.751200,-9.036300,0 -48.752000,-9.035500,0 -48.752600,-9.033700,0 -48.751400,-9.033500,0 -48.751700,-9.028100,0 -48.750600,-9.027300,0 -48.751400,-9.026000,0 -48.752600,-9.026200,0 -48.754000,-9.027600,0 -48.756700,-9.027100,0 -48.757300,-9.024800,0 -48.758300,-9.023600,0 -48.760300,-9.023900,0 -48.761100,-9.021800,0 -48.761300,-9.019300,0 -48.762800,-9.015600,0 -48.764100,-9.014400,0 -48.763000,-9.013100,0 -48.764800,-9.010800,0 -48.766900,-9.011300,0 -48.768400,-9.010800,0 -48.767400,-9.006200,0 -48.767400,-9.001900,0 -48.768800,-9.002600,0 -48.769900,-9.001700,0 -48.769500,-8.998900,0 -48.770800,-8.997500,0 -48.770600,-8.996000,0 -48.770900,-8.993600,0 -48.771900,-8.994300,0 -48.772600,-8.993300,0 -48.774700,-8.993900,0 -48.777900,-8.993700,0 -48.777500,-8.991900,0 -48.774300,-8.987800,0 -48.772800,-8.989000,0 -48.772400,-8.984700,0 -48.770000,-8.984000,0 -48.769500,-8.983000,0 -48.770700,-8.976500,0 -48.772600,-8.976600,0 -48.773300,-8.975700,0 -48.775300,-8.976900,0 -48.778400,-8.977400,0 -48.778300,-8.975000,0 -48.779400,-8.972700,0 -48.781000,-8.972400,0 -48.780700,-8.970100,0 -48.782000,-8.969900,0 -48.782900,-8.968500,0 -48.779700,-8.968600,0 -48.780300,-8.967600,0 -48.779600,-8.965000,0 -48.780100,-8.963300,0 -48.779000,-8.962300,0 -48.779900,-8.961400,0 -48.780300,-8.958600,0 -48.781300,-8.957300,0 -48.780200,-8.954700,0 -48.778200,-8.955200,0 -48.777500,-8.954000,0 -48.778100,-8.951600,0 -48.777900,-8.950700,0 -48.780700,-8.951100,0 -48.781000,-8.953200,0 -48.784900,-8.951900,0 -48.786500,-8.952100,0 -48.786800,-8.949700,0 -48.786300,-8.948900,0 -48.788100,-8.946600,0 -48.789700,-8.949200,0 -48.790000,-8.947300,0 -48.791700,-8.947500,0 -48.794200,-8.945400,0 -48.794300,-8.942300,0 -48.796300,-8.939800,0 -48.797200,-8.937400,0 -48.797400,-8.935900,0 -48.798900,-8.934100,0 -48.799200,-8.932300,0 -48.800300,-8.932600,0 -48.802500,-8.929100,0 -48.805700,-8.929800,0 -48.806900,-8.931200,0 -48.808100,-8.929600,0 -48.808600,-8.931000,0 -48.810100,-8.930500,0 -48.811900,-8.932300,0 -48.814300,-8.932600,0 -48.815300,-8.931600,0 -48.817000,-8.931200,0 -48.816800,-8.930000,0 -48.814400,-8.929400,0 -48.815100,-8.927600,0 -48.814400,-8.927100,0 -48.815100,-8.925100,0 -48.814700,-8.924400,0 -48.815100,-8.920700,0 -48.813300,-8.920200,0 -48.813400,-8.919300,0 -48.811500,-8.918100,0 -48.812400,-8.916400,0 -48.812200,-8.914700,0 -48.813400,-8.912900,0 -48.814300,-8.912800,0 -48.816100,-8.909700,0 -48.817300,-8.909200,0 -48.816400,-8.907900,0 -48.816700,-8.906400,0 -48.818100,-8.902800,0 -48.817800,-8.902000,0 -48.818400,-8.899800,0 -48.818400,-8.895800,0 -48.817700,-8.895200,0 -48.818200,-8.892900,0 -48.816200,-8.893700,0 -48.815800,-8.892600,0 -48.814200,-8.892400,0 -48.814600,-8.890300,0 -48.815800,-8.887000,0 -48.815100,-8.885800,0 -48.814300,-8.882900,0 -48.813300,-8.882200,0 -48.814500,-8.880700,0 -48.813600,-8.879500,0 -48.814500,-8.877100,0 -48.815500,-8.875800,0 -48.817100,-8.874700,0 -48.818500,-8.875100,0 -48.819300,-8.874400,0 -48.818300,-8.872900,0 -48.818300,-8.871600,0 -48.817300,-8.870800,0 -48.818900,-8.869600,0 -48.819800,-8.868000,0 -48.820800,-8.867500,0 -48.820900,-8.864600,0 -48.818800,-8.864800,0 -48.819100,-8.862500,0 -48.818200,-8.859700,0 -48.817300,-8.860000,0 -48.815200,-8.858000,0 -48.814500,-8.859000,0 -48.812700,-8.857300,0 -48.814000,-8.856900,0 -48.816700,-8.855400,0 -48.817600,-8.853900,0 -48.817300,-8.852100,0 -48.819600,-8.850700,0 -48.821700,-8.850500,0 -48.822700,-8.850900,0 -48.823900,-8.853300,0 -48.824800,-8.853900,0 -48.826900,-8.852300,0 -48.827300,-8.850200,0 -48.828600,-8.849800,0 -48.830100,-8.851200,0 -48.830800,-8.852400,0 -48.831700,-8.855500,0 -48.832900,-8.853700,0 -48.834600,-8.854700,0 -48.835100,-8.851700,0 -48.832900,-8.849300,0 -48.831700,-8.847000,0 -48.831300,-8.845600,0 -48.830100,-8.845100,0 -48.830000,-8.843600,0 -48.828600,-8.843400,0 -48.827700,-8.842300,0 -48.828600,-8.839500,0 -48.827700,-8.838400,0 -48.831300,-8.833600,0 -48.831300,-8.832100,0 -48.830500,-8.830000,0 -48.834000,-8.826100,0 -48.835400,-8.823500,0 -48.836900,-8.823800,0 -48.837900,-8.826300,0 -48.840300,-8.828100,0 -48.842300,-8.828500,0 -48.844000,-8.830200,0 -48.846200,-8.831500,0 -48.849100,-8.830900,0 -48.849500,-8.829100,0 -48.853300,-8.825800,0 -48.854800,-8.824100,0 -48.852200,-8.821200,0 -48.849700,-8.821500,0 -48.848000,-8.822400,0 -48.847800,-8.819500,0 -48.850000,-8.817400,0 -48.850800,-8.815700,0 -48.850700,-8.814300,0 -48.849200,-8.812600,0 -48.846700,-8.810700,0 -48.847400,-8.808500,0 -48.848300,-8.808800,0 -48.850500,-8.811000,0 -48.854000,-8.812400,0 -48.857700,-8.810700,0 -48.859300,-8.809600,0 -48.860200,-8.807800,0 -48.859600,-8.804500,0 -48.859100,-8.803300,0 -48.858000,-8.803300,0 -48.856700,-8.804600,0 -48.855300,-8.804800,0 -48.854400,-8.803600,0 -48.854100,-8.801200,0 -48.857400,-8.799800,0 -48.858900,-8.798800,0 -48.860200,-8.798600,0 -48.861100,-8.799200,0 -48.861900,-8.801300,0 -48.863400,-8.802100,0 -48.865300,-8.801400,0 -48.867400,-8.802300,0 -48.871800,-8.799600,0 -48.872300,-8.798400,0 -48.871600,-8.796700,0 -48.870200,-8.795100,0 -48.867300,-8.792900,0 -48.867600,-8.792300,0 -48.871200,-8.793700,0 -48.873600,-8.796000,0 -48.876400,-8.796000,0 -48.876500,-8.794200,0 -48.877300,-8.792400,0 -48.878700,-8.791200,0 -48.880700,-8.790700,0 -48.881000,-8.789800,0 -48.880700,-8.786000,0 -48.881900,-8.784100,0 -48.882800,-8.779800,0 -48.883800,-8.779300,0 -48.885700,-8.780700,0 -48.887600,-8.780800,0 -48.887500,-8.779200,0 -48.886500,-8.778200,0 -48.886100,-8.776900,0 -48.883600,-8.773500,0 -48.881000,-8.768800,0 -48.880500,-8.766900,0 -48.881300,-8.766200,0 -48.886900,-8.764700,0 -48.890500,-8.761500,0 -48.891500,-8.762200,0 -48.890300,-8.764300,0 -48.890500,-8.766700,0 -48.892000,-8.765600,0 -48.895000,-8.764700,0 -48.894700,-8.763600,0 -48.895600,-8.760800,0 -48.896500,-8.760200,0 -48.898700,-8.757300,0 -48.901200,-8.756200,0 -48.902400,-8.753900,0 -48.903000,-8.751600,0 -48.901800,-8.749700,0 -48.902800,-8.748100,0 -48.905100,-8.748300,0 -48.909200,-8.747400,0 -48.911300,-8.747200,0 -48.912700,-8.746500,0 -48.913300,-8.743600,0 -48.915300,-8.743600,0 -48.915500,-8.741700,0 -48.916700,-8.740800,0 -48.917700,-8.739000,0 -48.919400,-8.738000,0 -48.921100,-8.735400,0 -48.920600,-8.734000,0 -48.922400,-8.731600,0 -48.922200,-8.728700,0 -48.922800,-8.727500,0 -48.922400,-8.725600,0 -48.924600,-8.724500,0 -48.926200,-8.724400,0 -48.926600,-8.723200,0 -48.927700,-8.722700,0 -48.926700,-8.721400,0 -48.926200,-8.719700,0 -48.929000,-8.719600,0 -48.927700,-8.718000,0 -48.929000,-8.716600,0 -48.929000,-8.715500,0 -48.930700,-8.714000,0 -48.932100,-8.714400,0 -48.934800,-8.714500,0 -48.934200,-8.713000,0 -48.935800,-8.712200,0 -48.936600,-8.713400,0 -48.938000,-8.712800,0 -48.939300,-8.711400,0 -48.940600,-8.712500,0 -48.942000,-8.715700,0 -48.945700,-8.714100,0 -48.946500,-8.714700,0 -48.947900,-8.710000,0 -48.946400,-8.709000,0 -48.947500,-8.706900,0 -48.946600,-8.706200,0 -48.947800,-8.705000,0 -48.946900,-8.704400,0 -48.947900,-8.703100,0 -48.948300,-8.701500,0 -48.949900,-8.700800,0 -48.949300,-8.699300,0 -48.950700,-8.698000,0 -48.952300,-8.697900,0 -48.953000,-8.698900,0 -48.958800,-8.698900,0 -48.959100,-8.701100,0 -48.961300,-8.703700,0 -48.963200,-8.703600,0 -48.963900,-8.705000,0 -48.965300,-8.704100,0 -48.967200,-8.703600,0 -48.967500,-8.704900,0 -48.966600,-8.705900,0 -48.968000,-8.708400,0 -48.969900,-8.708900,0 -48.970700,-8.708300,0 -48.971600,-8.705600,0 -48.972900,-8.705000,0 -48.974200,-8.702500,0 -48.972700,-8.702100,0 -48.972900,-8.700000,0 -48.972000,-8.699200,0 -48.973600,-8.695800,0 -48.974800,-8.696700,0 -48.977300,-8.694600,0 -48.975500,-8.693400,0 -48.974500,-8.691400,0 -48.977600,-8.688400,0 -48.980200,-8.689400,0 -48.981300,-8.689500,0 -48.982400,-8.687300,0 -48.984200,-8.687200,0 -48.984100,-8.686000,0 -48.986400,-8.685400,0 -48.987300,-8.684300,0 -48.988800,-8.684500,0 -48.988100,-8.682400,0 -48.989500,-8.682400,0 -48.990000,-8.681400,0 -48.989800,-8.679800,0 -48.991200,-8.678700,0 -48.991800,-8.677000,0 -48.994300,-8.677300,0 -48.995900,-8.676400,0 -48.997500,-8.676800,0 -48.998000,-8.675300,0 -48.999600,-8.673500,0 -49.001800,-8.673600,0 -49.004900,-8.675100,0 -49.005500,-8.672300,0 -49.007500,-8.671900,0 -49.007000,-8.669900,0 -49.009600,-8.668200,0 -49.011100,-8.667800,0 -49.011800,-8.668500,0 -49.011700,-8.670400,0 -49.015400,-8.670600,0 -49.015200,-8.669100,0 -49.017200,-8.668000,0 -49.018900,-8.669300,0 -49.020600,-8.669100,0 -49.021400,-8.668100,0 -49.022700,-8.669300,0 -49.024200,-8.669300,0 -49.027000,-8.670600,0 -49.027500,-8.668400,0 -49.030300,-8.668600,0 -49.030400,-8.669700,0 -49.031900,-8.670100,0 -49.033100,-8.668800,0 -49.034300,-8.666300,0 -49.034000,-8.663700,0 -49.035400,-8.663400,0 -49.037700,-8.664200,0 -49.038200,-8.662100,0 -49.040900,-8.661600,0 -49.042700,-8.662100,0 -49.043700,-8.663000,0 -49.044700,-8.661900,0 -49.045500,-8.659900,0 -49.047600,-8.659400,0 -49.047900,-8.658300,0 -49.050300,-8.658000,0 -49.052000,-8.656500,0 -49.053500,-8.656500,0 -49.053600,-8.655100,0 -49.057500,-8.656400,0 -49.059000,-8.655500,0 -49.057900,-8.653900,0 -49.059600,-8.653200,0 -49.061500,-8.654400,0 -49.061800,-8.651700,0 -49.064500,-8.650300,0 -49.067300,-8.649200,0 -49.068400,-8.649600,0 -49.068600,-8.647100,0 -49.070700,-8.647200,0 -49.072700,-8.645600,0 -49.071100,-8.644900,0 -49.070600,-8.643400,0 -49.072500,-8.643000,0 -49.073000,-8.644400,0 -49.074700,-8.645500,0 -49.076000,-8.645700,0 -49.077700,-8.644400,0 -49.079700,-8.646000,0 -49.081200,-8.643400,0 -49.082900,-8.642300,0 -49.084600,-8.643200,0 -49.085300,-8.644500,0 -49.086600,-8.644300,0 -49.088200,-8.644900,0 -49.090000,-8.643100,0 -49.092100,-8.643200,0 -49.093000,-8.641400,0 -49.095400,-8.640900,0 -49.095000,-8.642300,0 -49.095800,-8.644100,0 -49.097700,-8.643800,0 -49.098500,-8.642700,0 -49.099400,-8.643800,0 -49.103100,-8.644100,0 -49.103400,-8.646200,0 -49.104500,-8.647100,0 -49.107400,-8.645500,0 -49.107500,-8.646500,0 -49.109000,-8.648100,0 -49.109500,-8.649500,0 -49.108600,-8.652500,0 -49.111000,-8.653000,0 -49.113000,-8.655100,0 -49.114600,-8.655400,0 -49.115300,-8.658200,0 -49.116400,-8.657900,0 -49.117500,-8.658500,0 -49.119900,-8.655100,0 -49.118800,-8.654000,0 -49.120500,-8.651800,0 -49.121000,-8.650500,0 -49.120800,-8.649300,0 -49.121700,-8.646500,0 -49.122500,-8.646800,0 -49.123700,-8.646100,0 -49.126700,-8.646400,0 -49.126900,-8.649600,0 -49.127500,-8.651000,0 -49.129700,-8.650700,0 -49.130900,-8.651300,0 -49.133400,-8.651800,0 -49.131700,-8.652800,0 -49.133100,-8.653700,0 -49.132100,-8.655000,0 -49.133000,-8.655900,0 -49.134800,-8.656500,0 -49.135600,-8.658600,0 -49.136800,-8.659100,0 -49.136500,-8.660400,0 -49.137500,-8.663600,0 -49.142700,-8.664100,0 -49.143100,-8.662500,0 -49.144300,-8.663400,0 -49.144000,-8.666400,0 -49.142800,-8.667400,0 -49.144000,-8.668300,0 -49.145500,-8.668000,0 -49.146900,-8.668500,0 -49.146900,-8.669900,0 -49.148100,-8.670800,0 -49.148300,-8.672500,0 -49.147100,-8.673500,0 -49.148200,-8.674300,0 -49.149600,-8.673500,0 -49.150100,-8.674500,0 -49.152300,-8.674400,0 -49.154400,-8.675600,0 -49.157400,-8.675600,0 -49.157400,-8.673800,0 -49.158100,-8.673300,0 -49.161400,-8.673600,0 -49.161800,-8.674700,0 -49.163600,-8.673400,0 -49.164700,-8.675000,0 -49.166500,-8.675300,0 -49.167400,-8.676500,0 -49.167700,-8.678000,0 -49.172300,-8.675800,0 -49.172800,-8.676300,0 -49.172700,-8.678400,0 -49.173700,-8.680700,0 -49.174900,-8.680600,0 -49.175200,-8.678600,0 -49.174500,-8.676300,0 -49.176200,-8.677100,0 -49.177200,-8.678400,0 -49.178500,-8.678000,0 -49.178700,-8.676500,0 -49.180300,-8.676600,0 -49.179900,-8.678400,0 -49.180800,-8.679200,0 -49.179500,-8.680800,0 -49.180100,-8.682500,0 -49.181100,-8.683000,0 -49.183900,-8.681800,0 -49.185300,-8.681600,0 -49.187200,-8.682000,0 -49.189100,-8.680700,0 -49.189500,-8.679500,0 -49.191400,-8.677900,0 -49.193200,-8.678800,0 -49.193600,-8.678200,0 -49.192000,-8.677000,0 -49.193400,-8.676000,0 -49.195100,-8.675700,0 -49.195400,-8.674900,0 -49.195300,-8.672000,0 -49.195800,-8.671000,0 -49.197400,-8.670600,0 -49.198300,-8.672100,0 -49.199800,-8.670300,0 -49.203600,-8.669000,0 -49.202800,-8.668000,0 -49.204100,-8.666700,0 -49.203300,-8.664900,0 -49.204400,-8.662900,0 -49.206700,-8.662900,0 -49.208500,-8.662400,0 -49.208400,-8.660200,0 -49.206700,-8.659800,0 -49.206600,-8.658500,0 -49.207600,-8.657900,0 -49.208100,-8.655900,0 -49.210600,-8.655100,0 -49.213000,-8.655800,0 -49.214900,-8.655300,0 -49.215700,-8.654500,0 -49.215900,-8.651900,0 -49.214900,-8.651100,0 -49.214000,-8.651900,0 -49.213300,-8.648800,0 -49.215000,-8.648400,0 -49.217000,-8.646400,0 -49.219000,-8.646400,0 -49.221100,-8.645600,0 -49.222800,-8.645400,0 -49.224400,-8.643200,0 -49.225600,-8.644600,0 -49.225700,-8.645600,0 -49.227900,-8.643900,0 -49.229600,-8.645600,0 -49.230500,-8.644400,0 -49.231300,-8.645100,0 -49.231300,-8.647300,0 -49.232900,-8.645200,0 -49.236500,-8.644300,0 -49.237400,-8.647300,0 -49.238200,-8.647300,0 -49.239100,-8.645700,0 -49.240400,-8.645300,0 -49.240200,-8.644000,0 -49.243700,-8.643200,0 -49.245100,-8.641700,0 -49.245700,-8.642500,0 -49.248200,-8.641500,0 -49.249200,-8.641600,0 -49.250700,-8.640000,0 -49.251900,-8.639800,0 -49.251600,-8.638200,0 -49.254000,-8.639600,0 -49.254600,-8.642700,0 -49.255900,-8.643800,0 -49.256500,-8.642700,0 -49.258100,-8.644200,0 -49.259400,-8.643100,0 -49.260000,-8.644600,0 -49.261400,-8.643900,0 -49.264300,-8.646200,0 -49.263400,-8.648000,0 -49.265500,-8.649500,0 -49.267500,-8.648900,0 -49.267200,-8.647700,0 -49.269200,-8.645600,0 -49.270000,-8.646300,0 -49.270400,-8.648100,0 -49.272100,-8.647900,0 -49.271900,-8.646200,0 -49.273500,-8.645700,0 -49.274500,-8.646200,0 -49.275100,-8.644400,0 -49.276400,-8.644300,0 -49.276900,-8.645400,0 -49.275900,-8.646200,0 -49.278200,-8.647200,0 -49.278100,-8.648700,0 -49.279500,-8.648500,0 -49.279400,-8.646800,0 -49.281600,-8.645000,0 -49.280100,-8.643600,0 -49.280300,-8.642800,0 -49.282000,-8.642400,0 -49.283200,-8.641300,0 -49.285300,-8.641400,0 -49.286400,-8.640800,0 -49.288200,-8.641700,0 -49.289700,-8.641800,0 -49.289300,-8.642600,0 -49.289500,-8.644600,0 -49.288600,-8.645800,0 -49.285800,-8.648100,0 -49.285000,-8.649600,0 -49.283400,-8.651300,0 -49.281700,-8.652100,0 -49.280100,-8.652100,0 -49.278900,-8.651300,0 -49.276000,-8.652200,0 -49.275200,-8.653600,0 -49.274900,-8.657200,0 -49.275800,-8.658100,0 -49.274900,-8.660000,0 -49.276300,-8.661000,0 -49.275800,-8.662100,0 -49.274400,-8.660800,0 -49.273300,-8.661300,0 -49.272800,-8.663400,0 -49.271400,-8.663700,0 -49.270700,-8.665300,0 -49.270600,-8.667300,0 -49.269200,-8.669400,0 -49.268100,-8.670200,0 -49.266400,-8.670300,0 -49.266500,-8.675400,0 -49.264800,-8.678000,0 -49.263700,-8.678900,0 -49.262400,-8.678700,0 -49.260800,-8.679600,0 -49.260300,-8.681500,0 -49.259000,-8.682200,0 -49.258100,-8.684100,0 -49.256800,-8.684700,0 -49.256500,-8.686000,0 -49.255000,-8.687500,0 -49.255300,-8.689700,0 -49.254000,-8.691800,0 -49.252100,-8.691600,0 -49.248500,-8.693500,0 -49.247400,-8.694500,0 -49.247200,-8.695700,0 -49.245900,-8.696300,0 -49.246500,-8.697300,0 -49.246800,-8.701600,0 -49.247400,-8.702400,0 -49.245400,-8.703900,0 -49.244900,-8.705900,0 -49.245900,-8.710000,0 -49.244800,-8.711900,0 -49.243000,-8.713200,0 -49.242400,-8.714500,0 -49.239200,-8.714700,0 -49.239200,-8.715900,0 -49.238000,-8.716100,0 -49.237400,-8.718400,0 -49.237700,-8.719200,0 -49.236900,-8.721900,0 -49.234500,-8.723700,0 -49.233400,-8.724000,0 -49.234400,-8.726400,0 -49.234500,-8.731900,0 -49.233400,-8.732300,0 -49.231600,-8.736400,0 -49.232300,-8.737600,0 -49.231600,-8.738400,0 -49.233500,-8.740200,0 -49.232600,-8.743300,0 -49.231000,-8.743700,0 -49.231100,-8.746500,0 -49.229300,-8.747800,0 -49.227700,-8.748000,0 -49.227500,-8.749400,0 -49.225900,-8.751800,0 -49.226600,-8.754400,0 -49.228200,-8.756000,0 -49.229500,-8.758100,0 -49.230800,-8.758900,0 -49.224600,-8.769000,0 -49.223800,-8.771600,0 -49.224600,-8.773700,0 -49.225700,-8.774500,0 -49.226600,-8.776100,0 -49.225700,-8.780000,0 -49.226600,-8.782100,0 -49.226300,-8.785100,0 -49.227100,-8.786100,0 -49.227200,-8.787800,0 -49.228700,-8.790300,0 -49.228800,-8.791500,0 -49.227100,-8.793700,0 -49.228000,-8.796000,0 -49.231000,-8.796600,0 -49.233200,-8.799800,0 -49.234400,-8.800200,0 -49.234300,-8.801600,0 -49.236500,-8.802600,0 -49.236900,-8.804000,0 -49.238100,-8.805200,0 -49.237400,-8.806300,0 -49.238400,-8.808000,0 -49.238000,-8.809500,0 -49.239800,-8.811200,0 -49.241700,-8.810100,0 -49.242800,-8.810000,0 -49.243700,-8.812700,0 -49.243600,-8.813900,0 -49.242600,-8.815600,0 -49.242300,-8.817600,0 -49.244000,-8.819800,0 -49.246200,-8.824300,0 -49.247200,-8.828100,0 -49.247000,-8.829100,0 -49.245600,-8.830000,0 -49.243300,-8.834200,0 -49.242900,-8.836100,0 -49.243500,-8.837400,0 -49.244900,-8.838200,0 -49.245900,-8.839700,0 -49.246900,-8.839800,0 -49.250000,-8.842800,0 -49.251600,-8.846000,0 -49.253400,-8.847400,0 -49.254700,-8.849000,0 -49.255700,-8.850900,0 -49.258200,-8.852500,0 -49.258900,-8.853700,0 -49.260400,-8.853600,0 -49.263800,-8.856300,0 -49.267700,-8.858000,0 -49.268500,-8.858500,0 -49.269100,-8.861900,0 -49.266800,-8.864600,0 -49.265800,-8.866300,0 -49.264900,-8.866100,0 -49.262300,-8.869600,0 -49.262100,-8.870800,0 -49.260700,-8.871900,0 -49.260300,-8.873600,0 -49.258400,-8.874400,0 -49.256200,-8.877200,0 -49.255800,-8.879800,0 -49.255700,-8.883500,0 -49.255000,-8.885700,0 -49.252900,-8.888000,0 -49.228000,-8.892400,0 -49.228800,-8.895200,0 -49.228500,-8.896900,0 -49.229200,-8.899000,0 -49.228700,-8.901500,0 -49.229100,-8.904500,0 -49.228200,-8.906500,0 -49.227800,-8.909900,0 -49.226600,-8.910600,0 -49.226600,-8.912800,0 -49.224500,-8.913600,0 -49.224100,-8.915100,0 -49.224300,-8.916500,0 -49.223300,-8.919700,0 -49.222000,-8.921000,0 -49.220000,-8.922300,0 -49.219500,-8.924300,0 -49.220000,-8.925600,0 -49.221400,-8.926800,0 -49.221000,-8.929200,0 -49.221300,-8.932700,0 -49.222100,-8.935200,0 -49.223500,-8.936300,0 -49.223800,-8.938200,0 -49.223200,-8.939500,0 -49.223100,-8.942200,0</coordinates></LineString></Placemark>
</Folder>
<Folder><name>LD02022033GN — de LD02022033 (104 trechos · 7.0 km)</name>
<Placemark><name>T1</name><styleUrl>#stT1</styleUrl><LineString><tessellate>1</tessellate><coordinates>-48.928940,-8.767750,0 -48.928920,-8.767760,0</coordinates></LineString></Placemark>
<Placemark><name>T1</name><styleUrl>#stT1</styleUrl><LineString><tessellate>1</tessellate><coordinates>-48.928920,-8.767760,0 -48.928900,-8.767770,0</coordinates></LineString></Placemark>
<Placemark><name>T1</name><styleUrl>#stT1</styleUrl><LineString><tessellate>1</tessellate><coordinates>-48.928940,-8.767750,0 -48.928950,-8.767750,0</coordinates></LineString></Placemark>
<Placemark><name>T1</name><styleUrl>#stT1</styleUrl><LineString><tessellate>1</tessellate><coordinates>-48.927800,-8.765500,0 -48.928940,-8.767750,0</coordinates></LineString></Placemark>
<Placemark><name>T1</name><styleUrl>#stT1</styleUrl><LineString><tessellate>1</tessellate><coordinates>-48.928940,-8.767750,0 -48.929390,-8.768630,0</coordinates></LineString></Placemark>
<Placemark><name>T1</name><styleUrl>#stT1</styleUrl><LineString><tessellate>1</tessellate><coordinates>-48.928950,-8.767750,0 -48.929340,-8.767550,0</coordinates></LineString></Placemark>
<Placemark><name>T1</name><styleUrl>#stT1</styleUrl><LineString><tessellate>1</tessellate><coordinates>-48.929390,-8.768630,0 -48.929370,-8.768630,0</coordinates></LineString></Placemark>
<Placemark><name>T1</name><styleUrl>#stT1</styleUrl><LineString><tessellate>1</tessellate><coordinates>-48.929390,-8.768630,0 -48.929810,-8.769450,0</coordinates></LineString></Placemark>
<Placemark><name>T1</name><styleUrl>#stT1</styleUrl><LineString><tessellate>1</tessellate><coordinates>-48.929370,-8.768630,0 -48.929110,-8.768710,0</coordinates></LineString></Placemark>
<Placemark><name>T1</name><styleUrl>#stT1</styleUrl><LineString><tessellate>1</tessellate><coordinates>-48.929810,-8.769450,0 -48.929830,-8.769480,0</coordinates></LineString></Placemark>
<Placemark><name>T1</name><styleUrl>#stT1</styleUrl><LineString><tessellate>1</tessellate><coordinates>-48.929810,-8.769450,0 -48.929770,-8.769480,0</coordinates></LineString></Placemark>
<Placemark><name>T1</name><styleUrl>#stT1</styleUrl><LineString><tessellate>1</tessellate><coordinates>-48.929830,-8.769480,0 -48.930910,-8.770840,0</coordinates></LineString></Placemark>
<Placemark><name>T1</name><styleUrl>#stT1</styleUrl><LineString><tessellate>1</tessellate><coordinates>-48.930910,-8.770840,0 -48.930930,-8.770870,0</coordinates></LineString></Placemark>
<Placemark><name>T1</name><styleUrl>#stT1</styleUrl><LineString><tessellate>1</tessellate><coordinates>-48.930930,-8.770870,0 -48.931120,-8.771170,0</coordinates></LineString></Placemark>
<Placemark><name>T1</name><styleUrl>#stT1</styleUrl><LineString><tessellate>1</tessellate><coordinates>-48.929410,-8.767490,0 -48.930830,-8.766130,0</coordinates></LineString></Placemark>
<Placemark><name>T1</name><styleUrl>#stT1</styleUrl><LineString><tessellate>1</tessellate><coordinates>-48.929080,-8.768740,0 -48.928810,-8.769050,0</coordinates></LineString></Placemark>
<Placemark><name>T1</name><styleUrl>#stT1</styleUrl><LineString><tessellate>1</tessellate><coordinates>-48.939220,-8.771510,0 -48.939230,-8.771520,0</coordinates></LineString></Placemark>
<Placemark><name>T1</name><styleUrl>#stT1</styleUrl><LineString><tessellate>1</tessellate><coordinates>-48.939230,-8.771520,0 -48.938800,-8.771840,0</coordinates></LineString></Placemark>
<Placemark><name>T1</name><styleUrl>#stT1</styleUrl><LineString><tessellate>1</tessellate><coordinates>-48.939230,-8.771520,0 -48.939310,-8.771460,0</coordinates></LineString></Placemark>
<Placemark><name>T1</name><styleUrl>#stT1</styleUrl><LineString><tessellate>1</tessellate><coordinates>-48.938340,-8.770360,0 -48.939220,-8.771510,0</coordinates></LineString></Placemark>
<Placemark><name>T1</name><styleUrl>#stT1</styleUrl><LineString><tessellate>1</tessellate><coordinates>-48.938800,-8.771840,0 -48.938630,-8.771690,0</coordinates></LineString></Placemark>
<Placemark><name>T1</name><styleUrl>#stT1</styleUrl><LineString><tessellate>1</tessellate><coordinates>-48.938800,-8.771840,0 -48.938670,-8.771950,0</coordinates></LineString></Placemark>
<Placemark><name>T1</name><styleUrl>#stT1</styleUrl><LineString><tessellate>1</tessellate><coordinates>-48.938800,-8.771840,0 -48.939440,-8.772250,0</coordinates></LineString></Placemark>
<Placemark><name>T1</name><styleUrl>#stT1</styleUrl><LineString><tessellate>1</tessellate><coordinates>-48.938310,-8.770330,0 -48.938340,-8.770360,0</coordinates></LineString></Placemark>
<Placemark><name>T1</name><styleUrl>#stT1</styleUrl><LineString><tessellate>1</tessellate><coordinates>-48.939440,-8.772250,0 -48.936880,-8.775250,0</coordinates></LineString></Placemark>
<Placemark><name>T1</name><styleUrl>#stT1</styleUrl><LineString><tessellate>1</tessellate><coordinates>-48.937980,-8.769870,0 -48.938310,-8.770330,0</coordinates></LineString></Placemark>
<Placemark><name>T1</name><styleUrl>#stT1</styleUrl><LineString><tessellate>1</tessellate><coordinates>-48.937980,-8.769870,0 -48.937590,-8.770130,0</coordinates></LineString></Placemark>
<Placemark><name>T1</name><styleUrl>#stT1</styleUrl><LineString><tessellate>1</tessellate><coordinates>-48.937980,-8.769870,0 -48.938140,-8.769760,0</coordinates></LineString></Placemark>
<Placemark><name>T1</name><styleUrl>#stT1</styleUrl><LineString><tessellate>1</tessellate><coordinates>-48.936780,-8.768210,0 -48.937980,-8.769870,0</coordinates></LineString></Placemark>
<Placemark><name>T1</name><styleUrl>#stT1</styleUrl><LineString><tessellate>1</tessellate><coordinates>-48.938140,-8.769760,0 -48.938150,-8.769750,0</coordinates></LineString></Placemark>
<Placemark><name>T1</name><styleUrl>#stT1</styleUrl><LineString><tessellate>1</tessellate><coordinates>-48.936780,-8.768210,0 -48.936750,-8.768160,0</coordinates></LineString></Placemark>
<Placemark><name>T1</name><styleUrl>#stT1</styleUrl><LineString><tessellate>1</tessellate><coordinates>-48.936780,-8.768210,0 -48.936980,-8.768070,0</coordinates></LineString></Placemark>
<Placemark><name>T1</name><styleUrl>#stT1</styleUrl><LineString><tessellate>1</tessellate><coordinates>-48.935790,-8.768910,0 -48.936780,-8.768210,0</coordinates></LineString></Placemark>
<Placemark><name>T1</name><styleUrl>#stT1</styleUrl><LineString><tessellate>1</tessellate><coordinates>-48.938150,-8.769750,0 -48.938740,-8.769350,0</coordinates></LineString></Placemark>
<Placemark><name>T1</name><styleUrl>#stT1</styleUrl><LineString><tessellate>1</tessellate><coordinates>-48.935760,-8.768930,0 -48.935790,-8.768910,0</coordinates></LineString></Placemark>
<Placemark><name>T1</name><styleUrl>#stT1</styleUrl><LineString><tessellate>1</tessellate><coordinates>-48.938740,-8.769350,0 -48.938720,-8.769350,0</coordinates></LineString></Placemark>
<Placemark><name>T1</name><styleUrl>#stT1</styleUrl><LineString><tessellate>1</tessellate><coordinates>-48.938740,-8.769350,0 -48.938970,-8.769200,0</coordinates></LineString></Placemark>
<Placemark><name>T1</name><styleUrl>#stT1</styleUrl><LineString><tessellate>1</tessellate><coordinates>-48.933480,-8.770630,0 -48.935760,-8.768930,0</coordinates></LineString></Placemark>
<Placemark><name>T1</name><styleUrl>#stT1</styleUrl><LineString><tessellate>1</tessellate><coordinates>-48.938970,-8.769200,0 -48.938980,-8.769190,0</coordinates></LineString></Placemark>
<Placemark><name>T1</name><styleUrl>#stT1</styleUrl><LineString><tessellate>1</tessellate><coordinates>-48.933450,-8.770650,0 -48.933480,-8.770630,0</coordinates></LineString></Placemark>
<Placemark><name>T1</name><styleUrl>#stT1</styleUrl><LineString><tessellate>1</tessellate><coordinates>-48.938980,-8.769190,0 -48.939670,-8.768690,0</coordinates></LineString></Placemark>
<Placemark><name>T1</name><styleUrl>#stT1</styleUrl><LineString><tessellate>1</tessellate><coordinates>-48.932810,-8.771090,0 -48.933450,-8.770650,0</coordinates></LineString></Placemark>
<Placemark><name>T1</name><styleUrl>#stT1</styleUrl><LineString><tessellate>1</tessellate><coordinates>-48.939670,-8.768690,0 -48.939680,-8.768660,0</coordinates></LineString></Placemark>
<Placemark><name>T1</name><styleUrl>#stT1</styleUrl><LineString><tessellate>1</tessellate><coordinates>-48.932810,-8.771090,0 -48.932910,-8.771200,0</coordinates></LineString></Placemark>
<Placemark><name>T1</name><styleUrl>#stT1</styleUrl><LineString><tessellate>1</tessellate><coordinates>-48.932810,-8.771090,0 -48.932750,-8.770980,0</coordinates></LineString></Placemark>
<Placemark><name>T1</name><styleUrl>#stT1</styleUrl><LineString><tessellate>1</tessellate><coordinates>-48.931600,-8.771910,0 -48.932810,-8.771090,0</coordinates></LineString></Placemark>
<Placemark><name>T1</name><styleUrl>#stT1</styleUrl><LineString><tessellate>1</tessellate><coordinates>-48.932750,-8.770980,0 -48.932730,-8.770960,0</coordinates></LineString></Placemark>
<Placemark><name>T1</name><styleUrl>#stT1</styleUrl><LineString><tessellate>1</tessellate><coordinates>-48.931600,-8.771910,0 -48.931470,-8.772010,0</coordinates></LineString></Placemark>
<Placemark><name>T1</name><styleUrl>#stT1</styleUrl><LineString><tessellate>1</tessellate><coordinates>-48.931600,-8.771910,0 -48.931670,-8.772010,0</coordinates></LineString></Placemark>
<Placemark><name>T1</name><styleUrl>#stT1</styleUrl><LineString><tessellate>1</tessellate><coordinates>-48.931130,-8.771180,0 -48.931600,-8.771910,0</coordinates></LineString></Placemark>
<Placemark><name>T1</name><styleUrl>#stT1</styleUrl><LineString><tessellate>1</tessellate><coordinates>-48.932730,-8.770960,0 -48.932190,-8.770210,0</coordinates></LineString></Placemark>
<Placemark><name>T1</name><styleUrl>#stT1</styleUrl><LineString><tessellate>1</tessellate><coordinates>-48.931470,-8.772010,0 -48.931440,-8.772020,0</coordinates></LineString></Placemark>
<Placemark><name>T1</name><styleUrl>#stT1</styleUrl><LineString><tessellate>1</tessellate><coordinates>-48.932190,-8.770210,0 -48.931980,-8.770370,0</coordinates></LineString></Placemark>
<Placemark><name>T1</name><styleUrl>#stT1</styleUrl><LineString><tessellate>1</tessellate><coordinates>-48.932190,-8.770210,0 -48.932240,-8.770170,0</coordinates></LineString></Placemark>
<Placemark><name>T1</name><styleUrl>#stT1</styleUrl><LineString><tessellate>1</tessellate><coordinates>-48.932190,-8.770210,0 -48.931880,-8.769770,0</coordinates></LineString></Placemark>
<Placemark><name>T1</name><styleUrl>#stT1</styleUrl><LineString><tessellate>1</tessellate><coordinates>-48.931440,-8.772020,0 -48.931850,-8.774210,0</coordinates></LineString></Placemark>
<Placemark><name>T1</name><styleUrl>#stT1</styleUrl><LineString><tessellate>1</tessellate><coordinates>-48.932240,-8.770170,0 -48.932250,-8.770160,0</coordinates></LineString></Placemark>
<Placemark><name>T1</name><styleUrl>#stT1</styleUrl><LineString><tessellate>1</tessellate><coordinates>-48.931880,-8.769770,0 -48.931670,-8.769480,0</coordinates></LineString></Placemark>
<Placemark><name>T1</name><styleUrl>#stT1</styleUrl><LineString><tessellate>1</tessellate><coordinates>-48.932250,-8.770160,0 -48.932700,-8.769820,0</coordinates></LineString></Placemark>
<Placemark><name>T1</name><styleUrl>#stT1</styleUrl><LineString><tessellate>1</tessellate><coordinates>-48.932700,-8.769820,0 -48.932770,-8.769760,0</coordinates></LineString></Placemark>
<Placemark><name>T1</name><styleUrl>#stT1</styleUrl><LineString><tessellate>1</tessellate><coordinates>-48.932700,-8.769820,0 -48.933000,-8.770210,0</coordinates></LineString></Placemark>
<Placemark><name>T1</name><styleUrl>#stT1</styleUrl><LineString><tessellate>1</tessellate><coordinates>-48.932700,-8.769820,0 -48.932110,-8.769050,0</coordinates></LineString></Placemark>
<Placemark><name>T1</name><styleUrl>#stT1</styleUrl><LineString><tessellate>1</tessellate><coordinates>-48.932110,-8.769050,0 -48.931900,-8.768780,0</coordinates></LineString></Placemark>
<Placemark><name>T1</name><styleUrl>#stT1</styleUrl><LineString><tessellate>1</tessellate><coordinates>-48.938060,-8.766640,0 -48.939960,-8.761960,0</coordinates></LineString></Placemark>
<Placemark><name>T1</name><styleUrl>#stT1</styleUrl><LineString><tessellate>1</tessellate><coordinates>-48.938070,-8.766660,0 -48.938060,-8.766640,0</coordinates></LineString></Placemark>
<Placemark><name>T1</name><styleUrl>#stT1</styleUrl><LineString><tessellate>1</tessellate><coordinates>-48.937880,-8.767130,0 -48.938070,-8.766660,0</coordinates></LineString></Placemark>
<Placemark><name>T1</name><styleUrl>#stT1</styleUrl><LineString><tessellate>1</tessellate><coordinates>-48.937640,-8.767620,0 -48.937880,-8.767130,0</coordinates></LineString></Placemark>
<Placemark><name>T1</name><styleUrl>#stT1</styleUrl><LineString><tessellate>1</tessellate><coordinates>-48.937620,-8.767640,0 -48.937640,-8.767620,0</coordinates></LineString></Placemark>
<Placemark><name>T1</name><styleUrl>#stT1</styleUrl><LineString><tessellate>1</tessellate><coordinates>-48.937450,-8.767830,0 -48.937620,-8.767640,0</coordinates></LineString></Placemark>
<Placemark><name>T1</name><styleUrl>#stT1</styleUrl><LineString><tessellate>1</tessellate><coordinates>-48.937440,-8.767860,0 -48.937450,-8.767830,0</coordinates></LineString></Placemark>
<Placemark><name>T1</name><styleUrl>#stT1</styleUrl><LineString><tessellate>1</tessellate><coordinates>-48.938720,-8.769320,0 -48.937440,-8.767860,0</coordinates></LineString></Placemark>
<Placemark><name>T1</name><styleUrl>#stT1</styleUrl><LineString><tessellate>1</tessellate><coordinates>-48.938720,-8.769320,0 -48.938720,-8.769350,0</coordinates></LineString></Placemark>
<Placemark><name>T1</name><styleUrl>#stT1</styleUrl><LineString><tessellate>1</tessellate><coordinates>-48.938740,-8.769350,0 -48.938720,-8.769320,0</coordinates></LineString></Placemark>
<Placemark><name>T1</name><styleUrl>#stT1</styleUrl><LineString><tessellate>1</tessellate><coordinates>-48.938970,-8.769200,0 -48.939000,-8.769230,0</coordinates></LineString></Placemark>
<Placemark><name>T1</name><styleUrl>#stT1</styleUrl><LineString><tessellate>1</tessellate><coordinates>-48.939550,-8.772300,0 -48.940540,-8.772710,0</coordinates></LineString></Placemark>
<Placemark><name>T1</name><styleUrl>#stT1</styleUrl><LineString><tessellate>1</tessellate><coordinates>-48.931680,-8.772040,0 -48.931980,-8.772500,0</coordinates></LineString></Placemark>
<Placemark><name>T1</name><styleUrl>#stT1</styleUrl><LineString><tessellate>1</tessellate><coordinates>-48.931980,-8.772500,0 -48.931970,-8.772550,0</coordinates></LineString></Placemark>
<Placemark><name>T1</name><styleUrl>#stT1</styleUrl><LineString><tessellate>1</tessellate><coordinates>-48.939680,-8.768690,0 -48.939710,-8.768670,0</coordinates></LineString></Placemark>
<Placemark><name>T1</name><styleUrl>#stT1</styleUrl><LineString><tessellate>1</tessellate><coordinates>-48.939710,-8.768670,0 -48.939680,-8.768660,0</coordinates></LineString></Placemark>
<Placemark><name>T1</name><styleUrl>#stT1</styleUrl><LineString><tessellate>1</tessellate><coordinates>-48.940630,-8.772700,0 -48.941480,-8.772540,0</coordinates></LineString></Placemark>
<Placemark><name>T1</name><styleUrl>#stT1</styleUrl><LineString><tessellate>1</tessellate><coordinates>-48.931980,-8.772500,0 -48.932000,-8.772510,0</coordinates></LineString></Placemark>
<Placemark><name>T1</name><styleUrl>#stT1</styleUrl><LineString><tessellate>1</tessellate><coordinates>-48.927440,-8.787880,0 -48.927360,-8.788190,0</coordinates></LineString></Placemark>
<Placemark><name>T1</name><styleUrl>#stT1</styleUrl><LineString><tessellate>1</tessellate><coordinates>-48.927360,-8.788190,0 -48.927370,-8.788280,0</coordinates></LineString></Placemark>
<Placemark><name>T1</name><styleUrl>#stT1</styleUrl><LineString><tessellate>1</tessellate><coordinates>-48.927450,-8.787860,0 -48.927440,-8.787880,0</coordinates></LineString></Placemark>
<Placemark><name>T1</name><styleUrl>#stT1</styleUrl><LineString><tessellate>1</tessellate><coordinates>-48.927530,-8.787550,0 -48.927450,-8.787860,0</coordinates></LineString></Placemark>
<Placemark><name>T1</name><styleUrl>#stT1</styleUrl><LineString><tessellate>1</tessellate><coordinates>-48.927530,-8.787550,0 -48.928070,-8.787630,0</coordinates></LineString></Placemark>
<Placemark><name>T1</name><styleUrl>#stT1</styleUrl><LineString><tessellate>1</tessellate><coordinates>-48.927570,-8.787430,0 -48.927530,-8.787550,0</coordinates></LineString></Placemark>
<Placemark><name>T1</name><styleUrl>#stT1</styleUrl><LineString><tessellate>1</tessellate><coordinates>-48.927750,-8.786760,0 -48.927570,-8.787430,0</coordinates></LineString></Placemark>
<Placemark><name>T1</name><styleUrl>#stT1</styleUrl><LineString><tessellate>1</tessellate><coordinates>-48.927770,-8.786780,0 -48.927750,-8.786760,0</coordinates></LineString></Placemark>
<Placemark><name>T1</name><styleUrl>#stT1</styleUrl><LineString><tessellate>1</tessellate><coordinates>-48.927750,-8.786760,0 -48.927880,-8.786300,0</coordinates></LineString></Placemark>
<Placemark><name>T1</name><styleUrl>#stT1</styleUrl><LineString><tessellate>1</tessellate><coordinates>-48.929250,-8.788330,0 -48.927770,-8.786780,0</coordinates></LineString></Placemark>
<Placemark><name>T1</name><styleUrl>#stT1</styleUrl><LineString><tessellate>1</tessellate><coordinates>-48.929280,-8.788340,0 -48.929250,-8.788330,0</coordinates></LineString></Placemark>
<Placemark><name>T1</name><styleUrl>#stT1</styleUrl><LineString><tessellate>1</tessellate><coordinates>-48.927340,-8.788180,0 -48.927170,-8.788150,0</coordinates></LineString></Placemark>
<Placemark><name>T1</name><styleUrl>#stT1</styleUrl><LineString><tessellate>1</tessellate><coordinates>-48.927000,-8.789470,0 -48.926950,-8.789610,0</coordinates></LineString></Placemark>
<Placemark><name>T1</name><styleUrl>#stT1</styleUrl><LineString><tessellate>1</tessellate><coordinates>-48.926950,-8.789610,0 -48.926930,-8.789620,0</coordinates></LineString></Placemark>
<Placemark><name>T1</name><styleUrl>#stT1</styleUrl><LineString><tessellate>1</tessellate><coordinates>-48.927360,-8.788290,0 -48.927000,-8.789470,0</coordinates></LineString></Placemark>
<Placemark><name>T1</name><styleUrl>#stT1</styleUrl><LineString><tessellate>1</tessellate><coordinates>-48.926930,-8.789620,0 -48.926900,-8.789630,0</coordinates></LineString></Placemark>
<Placemark><name>T1</name><styleUrl>#stT1</styleUrl><LineString><tessellate>1</tessellate><coordinates>-48.926900,-8.789430,0 -48.924970,-8.788670,0</coordinates></LineString></Placemark>
<Placemark><name>T1</name><styleUrl>#stT1</styleUrl><LineString><tessellate>1</tessellate><coordinates>-48.926950,-8.789620,0 -48.926950,-8.789640,0</coordinates></LineString></Placemark>
<Placemark><name>T1</name><styleUrl>#stT1</styleUrl><LineString><tessellate>1</tessellate><coordinates>-48.924950,-8.788750,0 -48.924410,-8.790210,0</coordinates></LineString></Placemark>
<Placemark><name>T1</name><styleUrl>#stT1</styleUrl><LineString><tessellate>1</tessellate><coordinates>-48.926920,-8.789670,0 -48.924710,-8.793340,0</coordinates></LineString></Placemark>
<Placemark><name>T1</name><styleUrl>#stT1</styleUrl><LineString><tessellate>1</tessellate><coordinates>-48.926920,-8.789670,0 -48.926900,-8.789630,0</coordinates></LineString></Placemark>
<Placemark><name>T1</name><styleUrl>#stT1</styleUrl><LineString><tessellate>1</tessellate><coordinates>-48.926940,-8.789660,0 -48.926920,-8.789670,0</coordinates></LineString></Placemark>
<Placemark><name>T2</name><styleUrl>#stT2</styleUrl><LineString><tessellate>1</tessellate><coordinates>-48.926950,-8.789640,0 -48.926940,-8.789660,0</coordinates></LineString></Placemark>
</Folder>
<Folder><name>LD03022033GN — de LD03022033 (124 trechos · 8.2 km)</name>
<Placemark><name>T1</name><styleUrl>#stT1</styleUrl><LineString><tessellate>1</tessellate><coordinates>-48.929920,-8.769450,0 -48.929920,-8.769470,0</coordinates></LineString></Placemark>
<Placemark><name>T1</name><styleUrl>#stT1</styleUrl><LineString><tessellate>1</tessellate><coordinates>-48.929920,-8.769470,0 -48.929740,-8.770190,0</coordinates></LineString></Placemark>
<Placemark><name>T1</name><styleUrl>#stT1</styleUrl><LineString><tessellate>1</tessellate><coordinates>-48.929920,-8.769450,0 -48.930150,-8.769450,0</coordinates></LineString></Placemark>
<Placemark><name>T1</name><styleUrl>#stT1</styleUrl><LineString><tessellate>1</tessellate><coordinates>-48.929520,-8.767510,0 -48.929920,-8.769450,0</coordinates></LineString></Placemark>
<Placemark><name>T1</name><styleUrl>#stT1</styleUrl><LineString><tessellate>1</tessellate><coordinates>-48.929740,-8.770190,0 -48.929730,-8.770230,0</coordinates></LineString></Placemark>
<Placemark><name>T1</name><styleUrl>#stT1</styleUrl><LineString><tessellate>1</tessellate><coordinates>-48.929530,-8.767490,0 -48.929520,-8.767510,0</coordinates></LineString></Placemark>
<Placemark><name>T1</name><styleUrl>#stT1</styleUrl><LineString><tessellate>1</tessellate><coordinates>-48.929730,-8.770230,0 -48.929090,-8.773190,0</coordinates></LineString></Placemark>
<Placemark><name>T1</name><styleUrl>#stT1</styleUrl><LineString><tessellate>1</tessellate><coordinates>-48.930630,-8.766860,0 -48.929530,-8.767490,0</coordinates></LineString></Placemark>
<Placemark><name>T1</name><styleUrl>#stT1</styleUrl><LineString><tessellate>1</tessellate><coordinates>-48.929090,-8.773190,0 -48.929070,-8.773210,0</coordinates></LineString></Placemark>
<Placemark><name>T1</name><styleUrl>#stT1</styleUrl><LineString><tessellate>1</tessellate><coordinates>-48.929090,-8.773190,0 -48.929080,-8.773230,0</coordinates></LineString></Placemark>
<Placemark><name>T1</name><styleUrl>#stT1</styleUrl><LineString><tessellate>1</tessellate><coordinates>-48.930660,-8.766850,0 -48.930630,-8.766860,0</coordinates></LineString></Placemark>
<Placemark><name>T1</name><styleUrl>#stT1</styleUrl><LineString><tessellate>1</tessellate><coordinates>-48.929070,-8.773210,0 -48.928290,-8.773400,0</coordinates></LineString></Placemark>
<Placemark><name>T1</name><styleUrl>#stT1</styleUrl><LineString><tessellate>1</tessellate><coordinates>-48.929080,-8.773230,0 -48.928960,-8.774220,0</coordinates></LineString></Placemark>
<Placemark><name>T1</name><styleUrl>#stT1</styleUrl><LineString><tessellate>1</tessellate><coordinates>-48.931280,-8.766480,0 -48.930660,-8.766850,0</coordinates></LineString></Placemark>
<Placemark><name>T1</name><styleUrl>#stT1</styleUrl><LineString><tessellate>1</tessellate><coordinates>-48.928960,-8.774220,0 -48.928950,-8.774250,0</coordinates></LineString></Placemark>
<Placemark><name>T1</name><styleUrl>#stT1</styleUrl><LineString><tessellate>1</tessellate><coordinates>-48.931290,-8.766460,0 -48.931280,-8.766480,0</coordinates></LineString></Placemark>
<Placemark><name>T1</name><styleUrl>#stT1</styleUrl><LineString><tessellate>1</tessellate><coordinates>-48.928950,-8.774250,0 -48.928700,-8.776370,0</coordinates></LineString></Placemark>
<Placemark><name>T1</name><styleUrl>#stT1</styleUrl><LineString><tessellate>1</tessellate><coordinates>-48.931290,-8.766460,0 -48.931310,-8.766480,0</coordinates></LineString></Placemark>
<Placemark><name>T1</name><styleUrl>#stT1</styleUrl><LineString><tessellate>1</tessellate><coordinates>-48.931290,-8.766460,0 -48.931310,-8.766440,0</coordinates></LineString></Placemark>
<Placemark><name>T1</name><styleUrl>#stT1</styleUrl><LineString><tessellate>1</tessellate><coordinates>-48.930910,-8.765320,0 -48.931290,-8.766460,0</coordinates></LineString></Placemark>
<Placemark><name>T1</name><styleUrl>#stT1</styleUrl><LineString><tessellate>1</tessellate><coordinates>-48.928700,-8.776370,0 -48.928690,-8.776400,0</coordinates></LineString></Placemark>
<Placemark><name>T1</name><styleUrl>#stT1</styleUrl><LineString><tessellate>1</tessellate><coordinates>-48.931310,-8.766480,0 -48.931630,-8.766560,0</coordinates></LineString></Placemark>
<Placemark><name>T1</name><styleUrl>#stT1</styleUrl><LineString><tessellate>1</tessellate><coordinates>-48.931310,-8.766440,0 -48.931600,-8.766160,0</coordinates></LineString></Placemark>
<Placemark><name>T1</name><styleUrl>#stT1</styleUrl><LineString><tessellate>1</tessellate><coordinates>-48.930910,-8.765290,0 -48.930910,-8.765320,0</coordinates></LineString></Placemark>
<Placemark><name>T1</name><styleUrl>#stT1</styleUrl><LineString><tessellate>1</tessellate><coordinates>-48.928690,-8.776400,0 -48.928580,-8.777800,0</coordinates></LineString></Placemark>
<Placemark><name>T1</name><styleUrl>#stT1</styleUrl><LineString><tessellate>1</tessellate><coordinates>-48.931630,-8.766560,0 -48.931660,-8.766580,0</coordinates></LineString></Placemark>
<Placemark><name>T1</name><styleUrl>#stT1</styleUrl><LineString><tessellate>1</tessellate><coordinates>-48.930890,-8.764280,0 -48.930910,-8.765290,0</coordinates></LineString></Placemark>
<Placemark><name>T1</name><styleUrl>#stT1</styleUrl><LineString><tessellate>1</tessellate><coordinates>-48.928580,-8.777800,0 -48.928600,-8.777800,0</coordinates></LineString></Placemark>
<Placemark><name>T1</name><styleUrl>#stT1</styleUrl><LineString><tessellate>1</tessellate><coordinates>-48.928580,-8.777800,0 -48.928620,-8.778340,0</coordinates></LineString></Placemark>
<Placemark><name>T1</name><styleUrl>#stT1</styleUrl><LineString><tessellate>1</tessellate><coordinates>-48.931660,-8.766580,0 -48.932310,-8.767510,0</coordinates></LineString></Placemark>
<Placemark><name>T1</name><styleUrl>#stT1</styleUrl><LineString><tessellate>1</tessellate><coordinates>-48.930870,-8.764250,0 -48.930890,-8.764280,0</coordinates></LineString></Placemark>
<Placemark><name>T1</name><styleUrl>#stT1</styleUrl><LineString><tessellate>1</tessellate><coordinates>-48.928600,-8.777800,0 -48.929190,-8.777870,0</coordinates></LineString></Placemark>
<Placemark><name>T1</name><styleUrl>#stT1</styleUrl><LineString><tessellate>1</tessellate><coordinates>-48.928620,-8.778340,0 -48.928660,-8.778370,0</coordinates></LineString></Placemark>
<Placemark><name>T1</name><styleUrl>#stT1</styleUrl><LineString><tessellate>1</tessellate><coordinates>-48.932310,-8.767510,0 -48.932290,-8.767530,0</coordinates></LineString></Placemark>
<Placemark><name>T1</name><styleUrl>#stT1</styleUrl><LineString><tessellate>1</tessellate><coordinates>-48.932290,-8.767530,0 -48.932070,-8.767720,0</coordinates></LineString></Placemark>
<Placemark><name>T1</name><styleUrl>#stT1</styleUrl><LineString><tessellate>1</tessellate><coordinates>-48.932070,-8.767720,0 -48.931940,-8.767840,0</coordinates></LineString></Placemark>
<Placemark><name>T1</name><styleUrl>#stT1</styleUrl><LineString><tessellate>1</tessellate><coordinates>-48.929220,-8.777880,0 -48.929500,-8.777940,0</coordinates></LineString></Placemark>
<Placemark><name>T1</name><styleUrl>#stT1</styleUrl><LineString><tessellate>1</tessellate><coordinates>-48.929500,-8.777940,0 -48.929540,-8.777910,0</coordinates></LineString></Placemark>
<Placemark><name>T1</name><styleUrl>#stT1</styleUrl><LineString><tessellate>1</tessellate><coordinates>-48.931230,-8.765650,0 -48.931250,-8.765630,0</coordinates></LineString></Placemark>
<Placemark><name>T1</name><styleUrl>#stT1</styleUrl><LineString><tessellate>1</tessellate><coordinates>-48.931560,-8.766110,0 -48.931230,-8.765650,0</coordinates></LineString></Placemark>
<Placemark><name>T1</name><styleUrl>#stT1</styleUrl><LineString><tessellate>1</tessellate><coordinates>-48.931250,-8.765630,0 -48.932230,-8.764720,0</coordinates></LineString></Placemark>
<Placemark><name>T1</name><styleUrl>#stT1</styleUrl><LineString><tessellate>1</tessellate><coordinates>-48.932230,-8.764720,0 -48.932250,-8.764690,0</coordinates></LineString></Placemark>
<Placemark><name>T1</name><styleUrl>#stT1</styleUrl><LineString><tessellate>1</tessellate><coordinates>-48.932250,-8.764690,0 -48.932330,-8.764620,0</coordinates></LineString></Placemark>
<Placemark><name>T1</name><styleUrl>#stT1</styleUrl><LineString><tessellate>1</tessellate><coordinates>-48.932330,-8.764620,0 -48.932350,-8.764610,0</coordinates></LineString></Placemark>
<Placemark><name>T1</name><styleUrl>#stT1</styleUrl><LineString><tessellate>1</tessellate><coordinates>-48.932350,-8.764610,0 -48.933260,-8.763570,0</coordinates></LineString></Placemark>
<Placemark><name>T1</name><styleUrl>#stT1</styleUrl><LineString><tessellate>1</tessellate><coordinates>-48.929500,-8.777940,0 -48.929520,-8.777960,0</coordinates></LineString></Placemark>
<Placemark><name>T1</name><styleUrl>#stT1</styleUrl><LineString><tessellate>1</tessellate><coordinates>-48.928610,-8.778390,0 -48.928630,-8.778410,0</coordinates></LineString></Placemark>
<Placemark><name>T1</name><styleUrl>#stT1</styleUrl><LineString><tessellate>1</tessellate><coordinates>-48.928630,-8.778410,0 -48.928650,-8.778380,0</coordinates></LineString></Placemark>
<Placemark><name>T1</name><styleUrl>#stT1</styleUrl><LineString><tessellate>1</tessellate><coordinates>-48.928630,-8.778410,0 -48.928660,-8.778880,0</coordinates></LineString></Placemark>
<Placemark><name>T1</name><styleUrl>#stT1</styleUrl><LineString><tessellate>1</tessellate><coordinates>-48.929810,-8.778000,0 -48.929830,-8.778010,0</coordinates></LineString></Placemark>
<Placemark><name>T1</name><styleUrl>#stT1</styleUrl><LineString><tessellate>1</tessellate><coordinates>-48.929830,-8.778010,0 -48.930100,-8.775140,0</coordinates></LineString></Placemark>
<Placemark><name>T1</name><styleUrl>#stT1</styleUrl><LineString><tessellate>1</tessellate><coordinates>-48.929830,-8.778010,0 -48.929660,-8.778850,0</coordinates></LineString></Placemark>
<Placemark><name>T1</name><styleUrl>#stT1</styleUrl><LineString><tessellate>1</tessellate><coordinates>-48.929560,-8.777950,0 -48.929810,-8.778000,0</coordinates></LineString></Placemark>
<Placemark><name>T1</name><styleUrl>#stT1</styleUrl><LineString><tessellate>1</tessellate><coordinates>-48.930100,-8.775140,0 -48.930120,-8.775120,0</coordinates></LineString></Placemark>
<Placemark><name>T1</name><styleUrl>#stT1</styleUrl><LineString><tessellate>1</tessellate><coordinates>-48.929660,-8.778850,0 -48.929650,-8.778880,0</coordinates></LineString></Placemark>
<Placemark><name>T1</name><styleUrl>#stT1</styleUrl><LineString><tessellate>1</tessellate><coordinates>-48.929540,-8.777960,0 -48.929560,-8.777950,0</coordinates></LineString></Placemark>
<Placemark><name>T1</name><styleUrl>#stT1</styleUrl><LineString><tessellate>1</tessellate><coordinates>-48.929560,-8.777950,0 -48.929540,-8.777910,0</coordinates></LineString></Placemark>
<Placemark><name>T1</name><styleUrl>#stT1</styleUrl><LineString><tessellate>1</tessellate><coordinates>-48.930120,-8.775120,0 -48.930210,-8.775060,0</coordinates></LineString></Placemark>
<Placemark><name>T1</name><styleUrl>#stT1</styleUrl><LineString><tessellate>1</tessellate><coordinates>-48.929650,-8.778880,0 -48.928970,-8.780500,0</coordinates></LineString></Placemark>
<Placemark><name>T1</name><styleUrl>#stT1</styleUrl><LineString><tessellate>1</tessellate><coordinates>-48.928970,-8.780500,0 -48.929010,-8.780510,0</coordinates></LineString></Placemark>
<Placemark><name>T1</name><styleUrl>#stT1</styleUrl><LineString><tessellate>1</tessellate><coordinates>-48.928970,-8.780500,0 -48.928910,-8.780650,0</coordinates></LineString></Placemark>
<Placemark><name>T1</name><styleUrl>#stT1</styleUrl><LineString><tessellate>1</tessellate><coordinates>-48.929010,-8.780510,0 -48.929380,-8.780830,0</coordinates></LineString></Placemark>
<Placemark><name>T1</name><styleUrl>#stT1</styleUrl><LineString><tessellate>1</tessellate><coordinates>-48.929380,-8.780830,0 -48.929580,-8.780990,0</coordinates></LineString></Placemark>
<Placemark><name>T1</name><styleUrl>#stT1</styleUrl><LineString><tessellate>1</tessellate><coordinates>-48.929070,-8.788310,0 -48.929100,-8.788320,0</coordinates></LineString></Placemark>
<Placemark><name>T1</name><styleUrl>#stT1</styleUrl><LineString><tessellate>1</tessellate><coordinates>-48.927400,-8.788480,0 -48.929070,-8.788310,0</coordinates></LineString></Placemark>
<Placemark><name>T1</name><styleUrl>#stT1</styleUrl><LineString><tessellate>1</tessellate><coordinates>-48.927370,-8.788480,0 -48.927400,-8.788480,0</coordinates></LineString></Placemark>
<Placemark><name>T1</name><styleUrl>#stT1</styleUrl><LineString><tessellate>1</tessellate><coordinates>-48.926650,-8.788420,0 -48.927370,-8.788480,0</coordinates></LineString></Placemark>
<Placemark><name>T1</name><styleUrl>#stT1</styleUrl><LineString><tessellate>1</tessellate><coordinates>-48.926620,-8.788410,0 -48.926650,-8.788420,0</coordinates></LineString></Placemark>
<Placemark><name>T1</name><styleUrl>#stT1</styleUrl><LineString><tessellate>1</tessellate><coordinates>-48.925990,-8.787870,0 -48.926620,-8.788410,0</coordinates></LineString></Placemark>
<Placemark><name>T1</name><styleUrl>#stT1</styleUrl><LineString><tessellate>1</tessellate><coordinates>-48.925990,-8.787850,0 -48.925990,-8.787870,0</coordinates></LineString></Placemark>
<Placemark><name>T1</name><styleUrl>#stT1</styleUrl><LineString><tessellate>1</tessellate><coordinates>-48.927250,-8.786060,0 -48.925990,-8.787850,0</coordinates></LineString></Placemark>
<Placemark><name>T1</name><styleUrl>#stT1</styleUrl><LineString><tessellate>1</tessellate><coordinates>-48.927270,-8.786040,0 -48.927250,-8.786060,0</coordinates></LineString></Placemark>
<Placemark><name>T1</name><styleUrl>#stT1</styleUrl><LineString><tessellate>1</tessellate><coordinates>-48.928650,-8.778980,0 -48.927270,-8.786040,0</coordinates></LineString></Placemark>
<Placemark><name>T1</name><styleUrl>#stT1</styleUrl><LineString><tessellate>1</tessellate><coordinates>-48.928290,-8.784520,0 -48.928280,-8.784540,0</coordinates></LineString></Placemark>
<Placemark><name>T1</name><styleUrl>#stT1</styleUrl><LineString><tessellate>1</tessellate><coordinates>-48.928570,-8.782780,0 -48.928290,-8.784520,0</coordinates></LineString></Placemark>
<Placemark><name>T1</name><styleUrl>#stT1</styleUrl><LineString><tessellate>1</tessellate><coordinates>-48.928280,-8.784540,0 -48.927880,-8.786300,0</coordinates></LineString></Placemark>
<Placemark><name>T1</name><styleUrl>#stT1</styleUrl><LineString><tessellate>1</tessellate><coordinates>-48.928650,-8.782320,0 -48.928570,-8.782780,0</coordinates></LineString></Placemark>
<Placemark><name>T1</name><styleUrl>#stT1</styleUrl><LineString><tessellate>1</tessellate><coordinates>-48.928650,-8.782320,0 -48.928560,-8.782300,0</coordinates></LineString></Placemark>
<Placemark><name>T1</name><styleUrl>#stT1</styleUrl><LineString><tessellate>1</tessellate><coordinates>-48.928650,-8.782320,0 -48.929710,-8.782510,0</coordinates></LineString></Placemark>
<Placemark><name>T1</name><styleUrl>#stT1</styleUrl><LineString><tessellate>1</tessellate><coordinates>-48.928910,-8.780690,0 -48.928650,-8.782320,0</coordinates></LineString></Placemark>
<Placemark><name>T1</name><styleUrl>#stT1</styleUrl><LineString><tessellate>1</tessellate><coordinates>-48.931100,-8.774470,0 -48.932360,-8.773630,0</coordinates></LineString></Placemark>
<Placemark><name>T1</name><styleUrl>#stT1</styleUrl><LineString><tessellate>1</tessellate><coordinates>-48.930240,-8.775040,0 -48.931100,-8.774470,0</coordinates></LineString></Placemark>
<Placemark><name>T1</name><styleUrl>#stT1</styleUrl><LineString><tessellate>1</tessellate><coordinates>-48.932380,-8.773610,0 -48.932600,-8.773470,0</coordinates></LineString></Placemark>
<Placemark><name>T1</name><styleUrl>#stT1</styleUrl><LineString><tessellate>1</tessellate><coordinates>-48.932600,-8.773470,0 -48.932360,-8.773090,0</coordinates></LineString></Placemark>
<Placemark><name>T1</name><styleUrl>#stT1</styleUrl><LineString><tessellate>1</tessellate><coordinates>-48.932600,-8.773470,0 -48.932690,-8.773610,0</coordinates></LineString></Placemark>
<Placemark><name>T1</name><styleUrl>#stT1</styleUrl><LineString><tessellate>1</tessellate><coordinates>-48.932600,-8.773470,0 -48.932630,-8.773440,0</coordinates></LineString></Placemark>
<Placemark><name>T1</name><styleUrl>#stT1</styleUrl><LineString><tessellate>1</tessellate><coordinates>-48.932360,-8.773090,0 -48.932010,-8.772560,0</coordinates></LineString></Placemark>
<Placemark><name>T1</name><styleUrl>#stT1</styleUrl><LineString><tessellate>1</tessellate><coordinates>-48.932010,-8.772560,0 -48.931970,-8.772550,0</coordinates></LineString></Placemark>
<Placemark><name>T1</name><styleUrl>#stT1</styleUrl><LineString><tessellate>1</tessellate><coordinates>-48.934520,-8.775340,0 -48.934800,-8.775150,0</coordinates></LineString></Placemark>
<Placemark><name>T1</name><styleUrl>#stT1</styleUrl><LineString><tessellate>1</tessellate><coordinates>-48.934230,-8.774880,0 -48.934520,-8.775340,0</coordinates></LineString></Placemark>
<Placemark><name>T1</name><styleUrl>#stT1</styleUrl><LineString><tessellate>1</tessellate><coordinates>-48.934520,-8.775340,0 -48.933120,-8.776260,0</coordinates></LineString></Placemark>
<Placemark><name>T1</name><styleUrl>#stT1</styleUrl><LineString><tessellate>1</tessellate><coordinates>-48.934520,-8.775340,0 -48.935080,-8.776190,0</coordinates></LineString></Placemark>
<Placemark><name>T1</name><styleUrl>#stT1</styleUrl><LineString><tessellate>1</tessellate><coordinates>-48.934230,-8.774880,0 -48.934160,-8.774930,0</coordinates></LineString></Placemark>
<Placemark><name>T1</name><styleUrl>#stT1</styleUrl><LineString><tessellate>1</tessellate><coordinates>-48.934750,-8.774510,0 -48.934230,-8.774880,0</coordinates></LineString></Placemark>
<Placemark><name>T1</name><styleUrl>#stT1</styleUrl><LineString><tessellate>1</tessellate><coordinates>-48.934230,-8.774880,0 -48.934120,-8.774720,0</coordinates></LineString></Placemark>
<Placemark><name>T1</name><styleUrl>#stT1</styleUrl><LineString><tessellate>1</tessellate><coordinates>-48.933120,-8.776260,0 -48.932990,-8.776060,0</coordinates></LineString></Placemark>
<Placemark><name>T1</name><styleUrl>#stT1</styleUrl><LineString><tessellate>1</tessellate><coordinates>-48.933120,-8.776260,0 -48.932990,-8.776340,0</coordinates></LineString></Placemark>
<Placemark><name>T1</name><styleUrl>#stT1</styleUrl><LineString><tessellate>1</tessellate><coordinates>-48.933120,-8.776260,0 -48.933570,-8.776920,0</coordinates></LineString></Placemark>
<Placemark><name>T1</name><styleUrl>#stT1</styleUrl><LineString><tessellate>1</tessellate><coordinates>-48.935080,-8.776190,0 -48.935280,-8.776500,0</coordinates></LineString></Placemark>
<Placemark><name>T1</name><styleUrl>#stT1</styleUrl><LineString><tessellate>1</tessellate><coordinates>-48.935110,-8.774260,0 -48.934750,-8.774510,0</coordinates></LineString></Placemark>
<Placemark><name>T1</name><styleUrl>#stT1</styleUrl><LineString><tessellate>1</tessellate><coordinates>-48.933570,-8.776920,0 -48.933740,-8.777170,0</coordinates></LineString></Placemark>
<Placemark><name>T1</name><styleUrl>#stT1</styleUrl><LineString><tessellate>1</tessellate><coordinates>-48.935110,-8.774260,0 -48.935250,-8.774160,0</coordinates></LineString></Placemark>
<Placemark><name>T1</name><styleUrl>#stT1</styleUrl><LineString><tessellate>1</tessellate><coordinates>-48.935110,-8.774260,0 -48.935250,-8.774460,0</coordinates></LineString></Placemark>
<Placemark><name>T1</name><styleUrl>#stT1</styleUrl><LineString><tessellate>1</tessellate><coordinates>-48.933910,-8.772600,0 -48.935110,-8.774260,0</coordinates></LineString></Placemark>
<Placemark><name>T1</name><styleUrl>#stT1</styleUrl><LineString><tessellate>1</tessellate><coordinates>-48.933910,-8.772600,0 -48.933970,-8.772560,0</coordinates></LineString></Placemark>
<Placemark><name>T1</name><styleUrl>#stT1</styleUrl><LineString><tessellate>1</tessellate><coordinates>-48.933910,-8.772600,0 -48.933760,-8.772390,0</coordinates></LineString></Placemark>
<Placemark><name>T1</name><styleUrl>#stT1</styleUrl><LineString><tessellate>1</tessellate><coordinates>-48.932660,-8.773420,0 -48.933910,-8.772600,0</coordinates></LineString></Placemark>
<Placemark><name>T1</name><styleUrl>#stT1</styleUrl><LineString><tessellate>1</tessellate><coordinates>-48.933760,-8.772390,0 -48.933740,-8.772360,0</coordinates></LineString></Placemark>
<Placemark><name>T1</name><styleUrl>#stT1</styleUrl><LineString><tessellate>1</tessellate><coordinates>-48.933740,-8.772360,0 -48.933540,-8.772090,0</coordinates></LineString></Placemark>
<Placemark><name>T1</name><styleUrl>#stT1</styleUrl><LineString><tessellate>1</tessellate><coordinates>-48.932010,-8.772550,0 -48.932000,-8.772510,0</coordinates></LineString></Placemark>
<Placemark><name>T1</name><styleUrl>#stT1</styleUrl><LineString><tessellate>1</tessellate><coordinates>-48.937870,-8.770670,0 -48.938630,-8.771690,0</coordinates></LineString></Placemark>
<Placemark><name>T1</name><styleUrl>#stT1</styleUrl><LineString><tessellate>1</tessellate><coordinates>-48.937850,-8.770660,0 -48.937870,-8.770670,0</coordinates></LineString></Placemark>
<Placemark><name>T1</name><styleUrl>#stT1</styleUrl><LineString><tessellate>1</tessellate><coordinates>-48.937500,-8.770180,0 -48.937850,-8.770660,0</coordinates></LineString></Placemark>
<Placemark><name>T1</name><styleUrl>#stT1</styleUrl><LineString><tessellate>1</tessellate><coordinates>-48.937500,-8.770180,0 -48.937590,-8.770130,0</coordinates></LineString></Placemark>
<Placemark><name>T1</name><styleUrl>#stT1</styleUrl><LineString><tessellate>1</tessellate><coordinates>-48.936680,-8.770740,0 -48.937500,-8.770180,0</coordinates></LineString></Placemark>
<Placemark><name>T1</name><styleUrl>#stT1</styleUrl><LineString><tessellate>1</tessellate><coordinates>-48.937500,-8.770180,0 -48.937430,-8.770090,0</coordinates></LineString></Placemark>
<Placemark><name>T1</name><styleUrl>#stT1</styleUrl><LineString><tessellate>1</tessellate><coordinates>-48.936650,-8.770760,0 -48.936680,-8.770740,0</coordinates></LineString></Placemark>
<Placemark><name>T1</name><styleUrl>#stT1</styleUrl><LineString><tessellate>1</tessellate><coordinates>-48.935990,-8.771200,0 -48.936650,-8.770760,0</coordinates></LineString></Placemark>
<Placemark><name>T1</name><styleUrl>#stT1</styleUrl><LineString><tessellate>1</tessellate><coordinates>-48.935990,-8.771200,0 -48.935960,-8.771150,0</coordinates></LineString></Placemark>
<Placemark><name>T1</name><styleUrl>#stT1</styleUrl><LineString><tessellate>1</tessellate><coordinates>-48.934000,-8.772530,0 -48.935990,-8.771200,0</coordinates></LineString></Placemark>
<Placemark><name>T1</name><styleUrl>#stT1</styleUrl><LineString><tessellate>1</tessellate><coordinates>-48.935990,-8.771200,0 -48.936990,-8.772520,0</coordinates></LineString></Placemark>
<Placemark><name>T2</name><styleUrl>#stT2</styleUrl><LineString><tessellate>1</tessellate><coordinates>-48.928620,-8.778350,0 -48.928610,-8.778370,0</coordinates></LineString></Placemark>
<Placemark><name>T2</name><styleUrl>#stT2</styleUrl><LineString><tessellate>1</tessellate><coordinates>-48.928610,-8.778370,0 -48.928610,-8.778390,0</coordinates></LineString></Placemark>
<Placemark><name>T2</name><styleUrl>#stT2</styleUrl><LineString><tessellate>1</tessellate><coordinates>-48.929520,-8.777960,0 -48.929530,-8.777960,0</coordinates></LineString></Placemark>
</Folder>
<Folder><name>Postes no traçado (285)</name>
<Placemark><name>1378098</name><styleUrl>#stPoste</styleUrl><Point><coordinates>-48.929386,-8.768627,0</coordinates></Point></Placemark>
<Placemark><name>51889182</name><styleUrl>#stPoste</styleUrl><Point><coordinates>-48.937934,-8.768492,0</coordinates></Point></Placemark>
<Placemark><name>944228</name><styleUrl>#stPoste</styleUrl><Point><coordinates>-48.932740,-8.770971,0</coordinates></Point></Placemark>
<Placemark><name>946118</name><styleUrl>#stPoste</styleUrl><Point><coordinates>-48.937729,-8.769487,0</coordinates></Point></Placemark>
<Placemark><name>28233165</name><styleUrl>#stPoste</styleUrl><Point><coordinates>-48.932331,-8.769336,0</coordinates></Point></Placemark>
<Placemark><name>28233225</name><styleUrl>#stPoste</styleUrl><Point><coordinates>-48.932770,-8.769763,0</coordinates></Point></Placemark>
<Placemark><name>935496</name><styleUrl>#stPoste</styleUrl><Point><coordinates>-48.926915,-8.789671,0</coordinates></Point></Placemark>
<Placemark><name>945324</name><styleUrl>#stPoste</styleUrl><Point><coordinates>-48.936090,-8.768718,0</coordinates></Point></Placemark>
<Placemark><name>1782664</name><styleUrl>#stPoste</styleUrl><Point><coordinates>-48.932892,-8.770952,0</coordinates></Point></Placemark>
<Placemark><name>945323</name><styleUrl>#stPoste</styleUrl><Point><coordinates>-48.935777,-8.768924,0</coordinates></Point></Placemark>
<Placemark><name>1783009</name><styleUrl>#stPoste</styleUrl><Point><coordinates>-48.933477,-8.770564,0</coordinates></Point></Placemark>
<Placemark><name>944230</name><styleUrl>#stPoste</styleUrl><Point><coordinates>-48.932325,-8.770390,0</coordinates></Point></Placemark>
<Placemark><name>56895504</name><styleUrl>#stPoste</styleUrl><Point><coordinates>-48.939688,-8.768680,0</coordinates></Point></Placemark>
<Placemark><name>935500</name><styleUrl>#stPoste</styleUrl><Point><coordinates>-48.925986,-8.789071,0</coordinates></Point></Placemark>
<Placemark><name>935955</name><styleUrl>#stPoste</styleUrl><Point><coordinates>-48.932119,-8.770101,0</coordinates></Point></Placemark>
<Placemark><name>945336</name><styleUrl>#stPoste</styleUrl><Point><coordinates>-48.938754,-8.770906,0</coordinates></Point></Placemark>
<Placemark><name>946117</name><styleUrl>#stPoste</styleUrl><Point><coordinates>-48.937507,-8.769188,0</coordinates></Point></Placemark>
<Placemark><name>28233207</name><styleUrl>#stPoste</styleUrl><Point><coordinates>-48.931982,-8.770366,0</coordinates></Point></Placemark>
<Placemark><name>525314</name><styleUrl>#stPoste</styleUrl><Point><coordinates>-48.931675,-8.772028,0</coordinates></Point></Placemark>
<Placemark><name>932194</name><styleUrl>#stPoste</styleUrl><Point><coordinates>-48.929775,-8.769482,0</coordinates></Point></Placemark>
<Placemark><name>943967</name><styleUrl>#stPoste</styleUrl><Point><coordinates>-48.934354,-8.769942,0</coordinates></Point></Placemark>
<Placemark><name>946925</name><styleUrl>#stPoste</styleUrl><Point><coordinates>-48.931644,-8.773897,0</coordinates></Point></Placemark>
<Placemark><name>951235</name><styleUrl>#stPoste</styleUrl><Point><coordinates>-48.931995,-8.772529,0</coordinates></Point></Placemark>
<Placemark><name>1378097</name><styleUrl>#stPoste</styleUrl><Point><coordinates>-48.929099,-8.768713,0</coordinates></Point></Placemark>
<Placemark><name>110809</name><styleUrl>#stPoste</styleUrl><Point><coordinates>-48.927001,-8.789468,0</coordinates></Point></Placemark>
<Placemark><name>530669</name><styleUrl>#stPoste</styleUrl><Point><coordinates>-48.928068,-8.787630,0</coordinates></Point></Placemark>
<Placemark><name>944231</name><styleUrl>#stPoste</styleUrl><Point><coordinates>-48.931880,-8.769766,0</coordinates></Point></Placemark>
<Placemark><name>945085</name><styleUrl>#stPoste</styleUrl><Point><coordinates>-48.936405,-8.768502,0</coordinates></Point></Placemark>
<Placemark><name>144006</name><styleUrl>#stPoste</styleUrl><Point><coordinates>-48.938617,-8.771679,0</coordinates></Point></Placemark>
<Placemark><name>43060425</name><styleUrl>#stPoste</styleUrl><Point><coordinates>-48.927567,-8.787427,0</coordinates></Point></Placemark>
<Placemark><name>935712</name><styleUrl>#stPoste</styleUrl><Point><coordinates>-48.930025,-8.766873,0</coordinates></Point></Placemark>
<Placemark><name>945858</name><styleUrl>#stPoste</styleUrl><Point><coordinates>-48.938985,-8.771694,0</coordinates></Point></Placemark>
<Placemark><name>947570</name><styleUrl>#stPoste</styleUrl><Point><coordinates>-48.939187,-8.764131,0</coordinates></Point></Placemark>
<Placemark><name>39857620</name><styleUrl>#stPoste</styleUrl><Point><coordinates>-48.934278,-8.769943,0</coordinates></Point></Placemark>
<Placemark><name>300192</name><styleUrl>#stPoste</styleUrl><Point><coordinates>-48.929353,-8.767546,0</coordinates></Point></Placemark>
<Placemark><name>935497</name><styleUrl>#stPoste</styleUrl><Point><coordinates>-48.926591,-8.790248,0</coordinates></Point></Placemark>
<Placemark><name>934298</name><styleUrl>#stPoste</styleUrl><Point><coordinates>-48.928939,-8.767754,0</coordinates></Point></Placemark>
<Placemark><name>944232</name><styleUrl>#stPoste</styleUrl><Point><coordinates>-48.931666,-8.769466,0</coordinates></Point></Placemark>
<Placemark><name>945848</name><styleUrl>#stPoste</styleUrl><Point><coordinates>-48.936696,-8.768275,0</coordinates></Point></Placemark>
<Placemark><name>945852</name><styleUrl>#stPoste</styleUrl><Point><coordinates>-48.937015,-8.768570,0</coordinates></Point></Placemark>
<Placemark><name>73685174</name><styleUrl>#stPoste</styleUrl><Point><coordinates>-48.938966,-8.769199,0</coordinates></Point></Placemark>
<Placemark><name>325838</name><styleUrl>#stPoste</styleUrl><Point><coordinates>-48.926928,-8.789643,0</coordinates></Point></Placemark>
<Placemark><name>932192</name><styleUrl>#stPoste</styleUrl><Point><coordinates>-48.931459,-8.772016,0</coordinates></Point></Placemark>
<Placemark><name>933804</name><styleUrl>#stPoste</styleUrl><Point><coordinates>-48.932590,-8.771235,0</coordinates></Point></Placemark>
<Placemark><name>943189</name><styleUrl>#stPoste</styleUrl><Point><coordinates>-48.933743,-8.770437,0</coordinates></Point></Placemark>
<Placemark><name>943969</name><styleUrl>#stPoste</styleUrl><Point><coordinates>-48.934666,-8.769722,0</coordinates></Point></Placemark>
<Placemark><name>944783</name><styleUrl>#stPoste</styleUrl><Point><coordinates>-48.936881,-8.775250,0</coordinates></Point></Placemark>
<Placemark><name>945087</name><styleUrl>#stPoste</styleUrl><Point><coordinates>-48.938323,-8.770348,0</coordinates></Point></Placemark>
<Placemark><name>944491</name><styleUrl>#stPoste</styleUrl><Point><coordinates>-48.939229,-8.771521,0</coordinates></Point></Placemark>
<Placemark><name>1782531</name><styleUrl>#stPoste</styleUrl><Point><coordinates>-48.934045,-8.770186,0</coordinates></Point></Placemark>
<Placemark><name>1784824</name><styleUrl>#stPoste</styleUrl><Point><coordinates>-48.933434,-8.770770,0</coordinates></Point></Placemark>
<Placemark><name>73685116</name><styleUrl>#stPoste</styleUrl><Point><coordinates>-48.938504,-8.769520,0</coordinates></Point></Placemark>
<Placemark><name>361884</name><styleUrl>#stPoste</styleUrl><Point><coordinates>-48.924409,-8.790213,0</coordinates></Point></Placemark>
<Placemark><name>933805</name><styleUrl>#stPoste</styleUrl><Point><coordinates>-48.932880,-8.771047,0</coordinates></Point></Placemark>
<Placemark><name>945624</name><styleUrl>#stPoste</styleUrl><Point><coordinates>-48.938124,-8.770037,0</coordinates></Point></Placemark>
<Placemark><name>946116</name><styleUrl>#stPoste</styleUrl><Point><coordinates>-48.937239,-8.768880,0</coordinates></Point></Placemark>
<Placemark><name>73685084</name><styleUrl>#stPoste</styleUrl><Point><coordinates>-48.937853,-8.769952,0</coordinates></Point></Placemark>
<Placemark><name>1784822</name><styleUrl>#stPoste</styleUrl><Point><coordinates>-48.933003,-8.770208,0</coordinates></Point></Placemark>
<Placemark><name>28233226</name><styleUrl>#stPoste</styleUrl><Point><coordinates>-48.932550,-8.769621,0</coordinates></Point></Placemark>
<Placemark><name>950546</name><styleUrl>#stPoste</styleUrl><Point><coordinates>-48.930920,-8.770853,0</coordinates></Point></Placemark>
<Placemark><name>28234129</name><styleUrl>#stPoste</styleUrl><Point><coordinates>-48.932766,-8.769901,0</coordinates></Point></Placemark>
<Placemark><name>138825</name><styleUrl>#stPoste</styleUrl><Point><coordinates>-48.931130,-8.771180,0</coordinates></Point></Placemark>
<Placemark><name>1782663</name><styleUrl>#stPoste</styleUrl><Point><coordinates>-48.932629,-8.771128,0</coordinates></Point></Placemark>
<Placemark><name>1782797</name><styleUrl>#stPoste</styleUrl><Point><coordinates>-48.932307,-8.771347,0</coordinates></Point></Placemark>
<Placemark><name>28233208</name><styleUrl>#stPoste</styleUrl><Point><coordinates>-48.932248,-8.770166,0</coordinates></Point></Placemark>
<Placemark><name>302529</name><styleUrl>#stPoste</styleUrl><Point><coordinates>-48.927359,-8.788185,0</coordinates></Point></Placemark>
<Placemark><name>302530</name><styleUrl>#stPoste</styleUrl><Point><coordinates>-48.924974,-8.788666,0</coordinates></Point></Placemark>
<Placemark><name>926791</name><styleUrl>#stPoste</styleUrl><Point><coordinates>-48.932264,-8.771470,0</coordinates></Point></Placemark>
<Placemark><name>1378099</name><styleUrl>#stPoste</styleUrl><Point><coordinates>-48.928802,-8.769058,0</coordinates></Point></Placemark>
<Placemark><name>28233209</name><styleUrl>#stPoste</styleUrl><Point><coordinates>-48.932534,-8.769947,0</coordinates></Point></Placemark>
<Placemark><name>28233741</name><styleUrl>#stPoste</styleUrl><Point><coordinates>-48.938015,-8.766903,0</coordinates></Point></Placemark>
<Placemark><name>43060440</name><styleUrl>#stPoste</styleUrl><Point><coordinates>-48.927445,-8.787870,0</coordinates></Point></Placemark>
<Placemark><name>205076</name><styleUrl>#stPoste</styleUrl><Point><coordinates>-48.941480,-8.772544,0</coordinates></Point></Placemark>
<Placemark><name>933587</name><styleUrl>#stPoste</styleUrl><Point><coordinates>-48.929813,-8.769466,0</coordinates></Point></Placemark>
<Placemark><name>944781</name><styleUrl>#stPoste</styleUrl><Point><coordinates>-48.933463,-8.770638,0</coordinates></Point></Placemark>
<Placemark><name>946607</name><styleUrl>#stPoste</styleUrl><Point><coordinates>-48.931851,-8.774214,0</coordinates></Point></Placemark>
<Placemark><name>1782568</name><styleUrl>#stPoste</styleUrl><Point><coordinates>-48.933773,-8.770366,0</coordinates></Point></Placemark>
<Placemark><name>28233738</name><styleUrl>#stPoste</styleUrl><Point><coordinates>-48.937630,-8.767631,0</coordinates></Point></Placemark>
<Placemark><name>73685162</name><styleUrl>#stPoste</styleUrl><Point><coordinates>-48.938743,-8.769348,0</coordinates></Point></Placemark>
<Placemark><name>300193</name><styleUrl>#stPoste</styleUrl><Point><coordinates>-48.930836,-8.766109,0</coordinates></Point></Placemark>
<Placemark><name>926790</name><styleUrl>#stPoste</styleUrl><Point><coordinates>-48.931954,-8.771673,0</coordinates></Point></Placemark>
<Placemark><name>943170</name><styleUrl>#stPoste</styleUrl><Point><coordinates>-48.937435,-8.767846,0</coordinates></Point></Placemark>
<Placemark><name>950838</name><styleUrl>#stPoste</styleUrl><Point><coordinates>-48.931222,-8.771323,0</coordinates></Point></Placemark>
<Placemark><name>28233739</name><styleUrl>#stPoste</styleUrl><Point><coordinates>-48.937879,-8.767134,0</coordinates></Point></Placemark>
<Placemark><name>943191</name><styleUrl>#stPoste</styleUrl><Point><coordinates>-48.937789,-8.768252,0</coordinates></Point></Placemark>
<Placemark><name>320602</name><styleUrl>#stPoste</styleUrl><Point><coordinates>-48.927165,-8.788147,0</coordinates></Point></Placemark>
<Placemark><name>934420</name><styleUrl>#stPoste</styleUrl><Point><coordinates>-48.924698,-8.789528,0</coordinates></Point></Placemark>
<Placemark><name>934422</name><styleUrl>#stPoste</styleUrl><Point><coordinates>-48.929266,-8.788332,0</coordinates></Point></Placemark>
<Placemark><name>945851</name><styleUrl>#stPoste</styleUrl><Point><coordinates>-48.936748,-8.768155,0</coordinates></Point></Placemark>
<Placemark><name>28233740</name><styleUrl>#stPoste</styleUrl><Point><coordinates>-48.938059,-8.766640,0</coordinates></Point></Placemark>
<Placemark><name>943432</name><styleUrl>#stPoste</styleUrl><Point><coordinates>-48.935165,-8.769341,0</coordinates></Point></Placemark>
<Placemark><name>945815</name><styleUrl>#stPoste</styleUrl><Point><coordinates>-48.933165,-8.770829,0</coordinates></Point></Placemark>
<Placemark><name>945859</name><styleUrl>#stPoste</styleUrl><Point><coordinates>-48.938667,-8.771947,0</coordinates></Point></Placemark>
<Placemark><name>950437</name><styleUrl>#stPoste</styleUrl><Point><coordinates>-48.927290,-8.788465,0</coordinates></Point></Placemark>
<Placemark><name>28233742</name><styleUrl>#stPoste</styleUrl><Point><coordinates>-48.937749,-8.767385,0</coordinates></Point></Placemark>
<Placemark><name>28234138</name><styleUrl>#stPoste</styleUrl><Point><coordinates>-48.933177,-8.770767,0</coordinates></Point></Placemark>
<Placemark><name>205075</name><styleUrl>#stPoste</styleUrl><Point><coordinates>-48.940535,-8.772715,0</coordinates></Point></Placemark>
<Placemark><name>943431</name><styleUrl>#stPoste</styleUrl><Point><coordinates>-48.934916,-8.769546,0</coordinates></Point></Placemark>
<Placemark><name>945337</name><styleUrl>#stPoste</styleUrl><Point><coordinates>-48.938974,-8.771169,0</coordinates></Point></Placemark>
<Placemark><name>945623</name><styleUrl>#stPoste</styleUrl><Point><coordinates>-48.937893,-8.769753,0</coordinates></Point></Placemark>
<Placemark><name>43060422</name><styleUrl>#stPoste</styleUrl><Point><coordinates>-48.927750,-8.786760,0</coordinates></Point></Placemark>
<Placemark><name>119581</name><styleUrl>#stPoste</styleUrl><Point><coordinates>-48.939450,-8.772261,0</coordinates></Point></Placemark>
<Placemark><name>943190</name><styleUrl>#stPoste</styleUrl><Point><coordinates>-48.934088,-8.770202,0</coordinates></Point></Placemark>
<Placemark><name>943458</name><styleUrl>#stPoste</styleUrl><Point><coordinates>-48.937599,-8.768056,0</coordinates></Point></Placemark>
<Placemark><name>945849</name><styleUrl>#stPoste</styleUrl><Point><coordinates>-48.936978,-8.768068,0</coordinates></Point></Placemark>
<Placemark><name>932193</name><styleUrl>#stPoste</styleUrl><Point><coordinates>-48.931698,-8.771842,0</coordinates></Point></Placemark>
<Placemark><name>943180</name><styleUrl>#stPoste</styleUrl><Point><coordinates>-48.939308,-8.771457,0</coordinates></Point></Placemark>
<Placemark><name>944227</name><styleUrl>#stPoste</styleUrl><Point><coordinates>-48.932914,-8.771215,0</coordinates></Point></Placemark>
<Placemark><name>944229</name><styleUrl>#stPoste</styleUrl><Point><coordinates>-48.932527,-8.770673,0</coordinates></Point></Placemark>
<Placemark><name>945335</name><styleUrl>#stPoste</styleUrl><Point><coordinates>-48.938554,-8.770592,0</coordinates></Point></Placemark>
<Placemark><name>950836</name><styleUrl>#stPoste</styleUrl><Point><coordinates>-48.931537,-8.771813,0</coordinates></Point></Placemark>
<Placemark><name>935498</name><styleUrl>#stPoste</styleUrl><Point><coordinates>-48.926001,-8.791205,0</coordinates></Point></Placemark>
<Placemark><name>943433</name><styleUrl>#stPoste</styleUrl><Point><coordinates>-48.935410,-8.769137,0</coordinates></Point></Placemark>
<Placemark><name>28233138</name><styleUrl>#stPoste</styleUrl><Point><coordinates>-48.932111,-8.769053,0</coordinates></Point></Placemark>
<Placemark><name>950436</name><styleUrl>#stPoste</styleUrl><Point><coordinates>-48.927369,-8.788292,0</coordinates></Point></Placemark>
<Placemark><name>28233089</name><styleUrl>#stPoste</styleUrl><Point><coordinates>-48.931902,-8.768781,0</coordinates></Point></Placemark>
<Placemark><name>43060429</name><styleUrl>#stPoste</styleUrl><Point><coordinates>-48.927533,-8.787547,0</coordinates></Point></Placemark>
<Placemark><name>933233</name><styleUrl>#stPoste</styleUrl><Point><coordinates>-48.932906,-8.773259,0</coordinates></Point></Placemark>
<Placemark><name>934593</name><styleUrl>#stPoste</styleUrl><Point><coordinates>-48.928383,-8.783921,0</coordinates></Point></Placemark>
<Placemark><name>1785245</name><styleUrl>#stPoste</styleUrl><Point><coordinates>-48.938064,-8.771134,0</coordinates></Point></Placemark>
<Placemark><name>1790647</name><styleUrl>#stPoste</styleUrl><Point><coordinates>-48.930596,-8.774706,0</coordinates></Point></Placemark>
<Placemark><name>927149</name><styleUrl>#stPoste</styleUrl><Point><coordinates>-48.932992,-8.776344,0</coordinates></Point></Placemark>
<Placemark><name>936454</name><styleUrl>#stPoste</styleUrl><Point><coordinates>-48.930107,-8.775127,0</coordinates></Point></Placemark>
<Placemark><name>943965</name><styleUrl>#stPoste</styleUrl><Point><coordinates>-48.936595,-8.771994,0</coordinates></Point></Placemark>
<Placemark><name>149460</name><styleUrl>#stPoste</styleUrl><Point><coordinates>-48.933571,-8.776919,0</coordinates></Point></Placemark>
<Placemark><name>927148</name><styleUrl>#stPoste</styleUrl><Point><coordinates>-48.933313,-8.776132,0</coordinates></Point></Placemark>
<Placemark><name>932862</name><styleUrl>#stPoste</styleUrl><Point><coordinates>-48.933898,-8.775746,0</coordinates></Point></Placemark>
<Placemark><name>934272</name><styleUrl>#stPoste</styleUrl><Point><coordinates>-48.934420,-8.775178,0</coordinates></Point></Placemark>
<Placemark><name>944219</name><styleUrl>#stPoste</styleUrl><Point><coordinates>-48.936787,-8.772247,0</coordinates></Point></Placemark>
<Placemark><name>946115</name><styleUrl>#stPoste</styleUrl><Point><coordinates>-48.937133,-8.770434,0</coordinates></Point></Placemark>
<Placemark><name>25850126</name><styleUrl>#stPoste</styleUrl><Point><coordinates>-48.928472,-8.783386,0</coordinates></Point></Placemark>
<Placemark><name>935714</name><styleUrl>#stPoste</styleUrl><Point><coordinates>-48.932332,-8.764624,0</coordinates></Point></Placemark>
<Placemark><name>942331</name><styleUrl>#stPoste</styleUrl><Point><coordinates>-48.937434,-8.770090,0</coordinates></Point></Placemark>
<Placemark><name>950211</name><styleUrl>#stPoste</styleUrl><Point><coordinates>-48.927698,-8.783896,0</coordinates></Point></Placemark>
<Placemark><name>1784315</name><styleUrl>#stPoste</styleUrl><Point><coordinates>-48.938272,-8.770989,0</coordinates></Point></Placemark>
<Placemark><name>25850027</name><styleUrl>#stPoste</styleUrl><Point><coordinates>-48.928690,-8.782069,0</coordinates></Point></Placemark>
<Placemark><name>46216516</name><styleUrl>#stPoste</styleUrl><Point><coordinates>-48.932470,-8.764474,0</coordinates></Point></Placemark>
<Placemark><name>138826</name><styleUrl>#stPoste</styleUrl><Point><coordinates>-48.931095,-8.774467,0</coordinates></Point></Placemark>
<Placemark><name>932522</name><styleUrl>#stPoste</styleUrl><Point><coordinates>-48.929297,-8.779680,0</coordinates></Point></Placemark>
<Placemark><name>932525</name><styleUrl>#stPoste</styleUrl><Point><coordinates>-48.928953,-8.782373,0</coordinates></Point></Placemark>
<Placemark><name>25850287</name><styleUrl>#stPoste</styleUrl><Point><coordinates>-48.928006,-8.785602,0</coordinates></Point></Placemark>
<Placemark><name>43047470</name><styleUrl>#stPoste</styleUrl><Point><coordinates>-48.931646,-8.766569,0</coordinates></Point></Placemark>
<Placemark><name>522871</name><styleUrl>#stPoste</styleUrl><Point><coordinates>-48.929207,-8.777875,0</coordinates></Point></Placemark>
<Placemark><name>932418</name><styleUrl>#stPoste</styleUrl><Point><coordinates>-48.933748,-8.772375,0</coordinates></Point></Placemark>
<Placemark><name>934273</name><styleUrl>#stPoste</styleUrl><Point><coordinates>-48.934543,-8.775366,0</coordinates></Point></Placemark>
<Placemark><name>945086</name><styleUrl>#stPoste</styleUrl><Point><coordinates>-48.936665,-8.770746,0</coordinates></Point></Placemark>
<Placemark><name>949870</name><styleUrl>#stPoste</styleUrl><Point><coordinates>-48.928116,-8.781843,0</coordinates></Point></Placemark>
<Placemark><name>1782796</name><styleUrl>#stPoste</styleUrl><Point><coordinates>-48.928721,-8.781211,0</coordinates></Point></Placemark>
<Placemark><name>933234</name><styleUrl>#stPoste</styleUrl><Point><coordinates>-48.932097,-8.773799,0</coordinates></Point></Placemark>
<Placemark><name>946605</name><styleUrl>#stPoste</styleUrl><Point><coordinates>-48.933391,-8.776653,0</coordinates></Point></Placemark>
<Placemark><name>1437561</name><styleUrl>#stPoste</styleUrl><Point><coordinates>-48.937866,-8.770670,0</coordinates></Point></Placemark>
<Placemark><name>138650</name><styleUrl>#stPoste</styleUrl><Point><coordinates>-48.934751,-8.774513,0</coordinates></Point></Placemark>
<Placemark><name>927356</name><styleUrl>#stPoste</styleUrl><Point><coordinates>-48.934386,-8.773260,0</coordinates></Point></Placemark>
<Placemark><name>932521</name><styleUrl>#stPoste</styleUrl><Point><coordinates>-48.929656,-8.778867,0</coordinates></Point></Placemark>
<Placemark><name>936455</name><styleUrl>#stPoste</styleUrl><Point><coordinates>-48.929892,-8.777013,0</coordinates></Point></Placemark>
<Placemark><name>945818</name><styleUrl>#stPoste</styleUrl><Point><coordinates>-48.934978,-8.774353,0</coordinates></Point></Placemark>
<Placemark><name>949259</name><styleUrl>#stPoste</styleUrl><Point><coordinates>-48.934123,-8.774722,0</coordinates></Point></Placemark>
<Placemark><name>950210</name><styleUrl>#stPoste</styleUrl><Point><coordinates>-48.927491,-8.784918,0</coordinates></Point></Placemark>
<Placemark><name>27301328</name><styleUrl>#stPoste</styleUrl><Point><coordinates>-48.932355,-8.773087,0</coordinates></Point></Placemark>
<Placemark><name>138827</name><styleUrl>#stPoste</styleUrl><Point><coordinates>-48.933542,-8.772089,0</coordinates></Point></Placemark>
<Placemark><name>489240</name><styleUrl>#stPoste</styleUrl><Point><coordinates>-48.928287,-8.773405,0</coordinates></Point></Placemark>
<Placemark><name>932530</name><styleUrl>#stPoste</styleUrl><Point><coordinates>-48.934164,-8.775570,0</coordinates></Point></Placemark>
<Placemark><name>947915</name><styleUrl>#stPoste</styleUrl><Point><coordinates>-48.934453,-8.774724,0</coordinates></Point></Placemark>
<Placemark><name>949258</name><styleUrl>#stPoste</styleUrl><Point><coordinates>-48.928749,-8.781712,0</coordinates></Point></Placemark>
<Placemark><name>933235</name><styleUrl>#stPoste</styleUrl><Point><coordinates>-48.931771,-8.774016,0</coordinates></Point></Placemark>
<Placemark><name>951230</name><styleUrl>#stPoste</styleUrl><Point><coordinates>-48.928696,-8.776386,0</coordinates></Point></Placemark>
<Placemark><name>1782745</name><styleUrl>#stPoste</styleUrl><Point><coordinates>-48.929003,-8.782520,0</coordinates></Point></Placemark>
<Placemark><name>1786036</name><styleUrl>#stPoste</styleUrl><Point><coordinates>-48.936436,-8.770768,0</coordinates></Point></Placemark>
<Placemark><name>31492436</name><styleUrl>#stPoste</styleUrl><Point><coordinates>-48.932987,-8.776062,0</coordinates></Point></Placemark>
<Placemark><name>933223</name><styleUrl>#stPoste</styleUrl><Point><coordinates>-48.930817,-8.774653,0</coordinates></Point></Placemark>
<Placemark><name>933231</name><styleUrl>#stPoste</styleUrl><Point><coordinates>-48.933424,-8.772913,0</coordinates></Point></Placemark>
<Placemark><name>934276</name><styleUrl>#stPoste</styleUrl><Point><coordinates>-48.934693,-8.775596,0</coordinates></Point></Placemark>
<Placemark><name>934993</name><styleUrl>#stPoste</styleUrl><Point><coordinates>-48.930642,-8.766856,0</coordinates></Point></Placemark>
<Placemark><name>950465</name><styleUrl>#stPoste</styleUrl><Point><coordinates>-48.926681,-8.786980,0</coordinates></Point></Placemark>
<Placemark><name>951232</name><styleUrl>#stPoste</styleUrl><Point><coordinates>-48.932200,-8.772846,0</coordinates></Point></Placemark>
<Placemark><name>25849905</name><styleUrl>#stPoste</styleUrl><Point><coordinates>-48.928868,-8.781008,0</coordinates></Point></Placemark>
<Placemark><name>25850247</name><styleUrl>#stPoste</styleUrl><Point><coordinates>-48.928087,-8.785249,0</coordinates></Point></Placemark>
<Placemark><name>25850314</name><styleUrl>#stPoste</styleUrl><Point><coordinates>-48.927941,-8.785958,0</coordinates></Point></Placemark>
<Placemark><name>35174039</name><styleUrl>#stPoste</styleUrl><Point><coordinates>-48.935035,-8.774159,0</coordinates></Point></Placemark>
<Placemark><name>932529</name><styleUrl>#stPoste</styleUrl><Point><coordinates>-48.934458,-8.775376,0</coordinates></Point></Placemark>
<Placemark><name>950151</name><styleUrl>#stPoste</styleUrl><Point><coordinates>-48.927387,-8.788484,0</coordinates></Point></Placemark>
<Placemark><name>1308693</name><styleUrl>#stPoste</styleUrl><Point><coordinates>-48.928914,-8.780650,0</coordinates></Point></Placemark>
<Placemark><name>1782423</name><styleUrl>#stPoste</styleUrl><Point><coordinates>-48.929576,-8.782427,0</coordinates></Point></Placemark>
<Placemark><name>46216485</name><styleUrl>#stPoste</styleUrl><Point><coordinates>-48.931597,-8.766160,0</coordinates></Point></Placemark>
<Placemark><name>55556163</name><styleUrl>#stPoste</styleUrl><Point><coordinates>-48.934050,-8.775729,0</coordinates></Point></Placemark>
<Placemark><name>220175</name><styleUrl>#stPoste</styleUrl><Point><coordinates>-48.928893,-8.780767,0</coordinates></Point></Placemark>
<Placemark><name>933252</name><styleUrl>#stPoste</styleUrl><Point><coordinates>-48.930886,-8.764264,0</coordinates></Point></Placemark>
<Placemark><name>933254</name><styleUrl>#stPoste</styleUrl><Point><coordinates>-48.930905,-8.765308,0</coordinates></Point></Placemark>
<Placemark><name>950150</name><styleUrl>#stPoste</styleUrl><Point><coordinates>-48.928237,-8.788410,0</coordinates></Point></Placemark>
<Placemark><name>951226</name><styleUrl>#stPoste</styleUrl><Point><coordinates>-48.928579,-8.777802,0</coordinates></Point></Placemark>
<Placemark><name>934275</name><styleUrl>#stPoste</styleUrl><Point><coordinates>-48.928441,-8.783573,0</coordinates></Point></Placemark>
<Placemark><name>52790437</name><styleUrl>#stPoste</styleUrl><Point><coordinates>-48.928355,-8.783509,0</coordinates></Point></Placemark>
<Placemark><name>55556155</name><styleUrl>#stPoste</styleUrl><Point><coordinates>-48.933618,-8.775931,0</coordinates></Point></Placemark>
<Placemark><name>943710</name><styleUrl>#stPoste</styleUrl><Point><coordinates>-48.938251,-8.771188,0</coordinates></Point></Placemark>
<Placemark><name>1308692</name><styleUrl>#stPoste</styleUrl><Point><coordinates>-48.929107,-8.780083,0</coordinates></Point></Placemark>
<Placemark><name>139285</name><styleUrl>#stPoste</styleUrl><Point><coordinates>-48.933982,-8.772547,0</coordinates></Point></Placemark>
<Placemark><name>144010</name><styleUrl>#stPoste</styleUrl><Point><coordinates>-48.937587,-8.770131,0</coordinates></Point></Placemark>
<Placemark><name>220176</name><styleUrl>#stPoste</styleUrl><Point><coordinates>-48.929372,-8.782450,0</coordinates></Point></Placemark>
<Placemark><name>945819</name><styleUrl>#stPoste</styleUrl><Point><coordinates>-48.935246,-8.774163,0</coordinates></Point></Placemark>
<Placemark><name>945850</name><styleUrl>#stPoste</styleUrl><Point><coordinates>-48.936915,-8.770579,0</coordinates></Point></Placemark>
<Placemark><name>1308691</name><styleUrl>#stPoste</styleUrl><Point><coordinates>-48.929533,-8.781072,0</coordinates></Point></Placemark>
<Placemark><name>1368908</name><styleUrl>#stPoste</styleUrl><Point><coordinates>-48.928628,-8.778376,0</coordinates></Point></Placemark>
<Placemark><name>1784306</name><styleUrl>#stPoste</styleUrl><Point><coordinates>-48.935914,-8.771095,0</coordinates></Point></Placemark>
<Placemark><name>43047492</name><styleUrl>#stPoste</styleUrl><Point><coordinates>-48.932302,-8.767517,0</coordinates></Point></Placemark>
<Placemark><name>490542</name><styleUrl>#stPoste</styleUrl><Point><coordinates>-48.928664,-8.778895,0</coordinates></Point></Placemark>
<Placemark><name>934297</name><styleUrl>#stPoste</styleUrl><Point><coordinates>-48.929517,-8.767494,0</coordinates></Point></Placemark>
<Placemark><name>951227</name><styleUrl>#stPoste</styleUrl><Point><coordinates>-48.932690,-8.773610,0</coordinates></Point></Placemark>
<Placemark><name>1785235</name><styleUrl>#stPoste</styleUrl><Point><coordinates>-48.934475,-8.773635,0</coordinates></Point></Placemark>
<Placemark><name>1791204</name><styleUrl>#stPoste</styleUrl><Point><coordinates>-48.933150,-8.773232,0</coordinates></Point></Placemark>
<Placemark><name>943970</name><styleUrl>#stPoste</styleUrl><Point><coordinates>-48.934945,-8.771921,0</coordinates></Point></Placemark>
<Placemark><name>138651</name><styleUrl>#stPoste</styleUrl><Point><coordinates>-48.935084,-8.776195,0</coordinates></Point></Placemark>
<Placemark><name>933255</name><styleUrl>#stPoste</styleUrl><Point><coordinates>-48.931296,-8.766471,0</coordinates></Point></Placemark>
<Placemark><name>933562</name><styleUrl>#stPoste</styleUrl><Point><coordinates>-48.930519,-8.774852,0</coordinates></Point></Placemark>
<Placemark><name>944476</name><styleUrl>#stPoste</styleUrl><Point><coordinates>-48.934645,-8.772116,0</coordinates></Point></Placemark>
<Placemark><name>43047475</name><styleUrl>#stPoste</styleUrl><Point><coordinates>-48.932120,-8.767117,0</coordinates></Point></Placemark>
<Placemark><name>933232</name><styleUrl>#stPoste</styleUrl><Point><coordinates>-48.933192,-8.773068,0</coordinates></Point></Placemark>
<Placemark><name>943963</name><styleUrl>#stPoste</styleUrl><Point><coordinates>-48.936132,-8.771103,0</coordinates></Point></Placemark>
<Placemark><name>947021</name><styleUrl>#stPoste</styleUrl><Point><coordinates>-48.929730,-8.770212,0</coordinates></Point></Placemark>
<Placemark><name>1785639</name><styleUrl>#stPoste</styleUrl><Point><coordinates>-48.936797,-8.772016,0</coordinates></Point></Placemark>
<Placemark><name>1791437</name><styleUrl>#stPoste</styleUrl><Point><coordinates>-48.931643,-8.774019,0</coordinates></Point></Placemark>
<Placemark><name>35174046</name><styleUrl>#stPoste</styleUrl><Point><coordinates>-48.935251,-8.774459,0</coordinates></Point></Placemark>
<Placemark><name>175158</name><styleUrl>#stPoste</styleUrl><Point><coordinates>-48.930220,-8.775051,0</coordinates></Point></Placemark>
<Placemark><name>932417</name><styleUrl>#stPoste</styleUrl><Point><coordinates>-48.933953,-8.772659,0</coordinates></Point></Placemark>
<Placemark><name>934274</name><styleUrl>#stPoste</styleUrl><Point><coordinates>-48.928522,-8.783083,0</coordinates></Point></Placemark>
<Placemark><name>943968</name><styleUrl>#stPoste</styleUrl><Point><coordinates>-48.935617,-8.771462,0</coordinates></Point></Placemark>
<Placemark><name>946606</name><styleUrl>#stPoste</styleUrl><Point><coordinates>-48.933738,-8.777167,0</coordinates></Point></Placemark>
<Placemark><name>1437560</name><styleUrl>#stPoste</styleUrl><Point><coordinates>-48.938073,-8.770948,0</coordinates></Point></Placemark>
<Placemark><name>1871813</name><styleUrl>#stPoste</styleUrl><Point><coordinates>-48.929470,-8.779271,0</coordinates></Point></Placemark>
<Placemark><name>67626206</name><styleUrl>#stPoste</styleUrl><Point><coordinates>-48.930152,-8.769452,0</coordinates></Point></Placemark>
<Placemark><name>933122</name><styleUrl>#stPoste</styleUrl><Point><coordinates>-48.935958,-8.771153,0</coordinates></Point></Placemark>
<Placemark><name>943964</name><styleUrl>#stPoste</styleUrl><Point><coordinates>-48.936391,-8.770929,0</coordinates></Point></Placemark>
<Placemark><name>946119</name><styleUrl>#stPoste</styleUrl><Point><coordinates>-48.937365,-8.770279,0</coordinates></Point></Placemark>
<Placemark><name>949260</name><styleUrl>#stPoste</styleUrl><Point><coordinates>-48.934262,-8.774936,0</coordinates></Point></Placemark>
<Placemark><name>25849970</name><styleUrl>#stPoste</styleUrl><Point><coordinates>-48.928806,-8.781365,0</coordinates></Point></Placemark>
<Placemark><name>25850053</name><styleUrl>#stPoste</styleUrl><Point><coordinates>-48.928633,-8.782426,0</coordinates></Point></Placemark>
<Placemark><name>25850192</name><styleUrl>#stPoste</styleUrl><Point><coordinates>-48.928283,-8.784530,0</coordinates></Point></Placemark>
<Placemark><name>138016</name><styleUrl>#stPoste</styleUrl><Point><coordinates>-48.936992,-8.772518,0</coordinates></Point></Placemark>
<Placemark><name>951563</name><styleUrl>#stPoste</styleUrl><Point><coordinates>-48.929706,-8.782512,0</coordinates></Point></Placemark>
<Placemark><name>35601860</name><styleUrl>#stPoste</styleUrl><Point><coordinates>-48.934796,-8.775153,0</coordinates></Point></Placemark>
<Placemark><name>942637</name><styleUrl>#stPoste</styleUrl><Point><coordinates>-48.936203,-8.771476,0</coordinates></Point></Placemark>
<Placemark><name>945576</name><styleUrl>#stPoste</styleUrl><Point><coordinates>-48.938437,-8.771437,0</coordinates></Point></Placemark>
<Placemark><name>1236661</name><styleUrl>#stPoste</styleUrl><Point><coordinates>-48.929532,-8.777938,0</coordinates></Point></Placemark>
<Placemark><name>1785357</name><styleUrl>#stPoste</styleUrl><Point><coordinates>-48.935466,-8.771568,0</coordinates></Point></Placemark>
<Placemark><name>1871751</name><styleUrl>#stPoste</styleUrl><Point><coordinates>-48.929497,-8.778926,0</coordinates></Point></Placemark>
<Placemark><name>43047477</name><styleUrl>#stPoste</styleUrl><Point><coordinates>-48.932328,-8.767357,0</coordinates></Point></Placemark>
<Placemark><name>48656416</name><styleUrl>#stPoste</styleUrl><Point><coordinates>-48.927354,-8.785618,0</coordinates></Point></Placemark>
<Placemark><name>934594</name><styleUrl>#stPoste</styleUrl><Point><coordinates>-48.928329,-8.784251,0</coordinates></Point></Placemark>
<Placemark><name>946966</name><styleUrl>#stPoste</styleUrl><Point><coordinates>-48.927901,-8.782824,0</coordinates></Point></Placemark>
<Placemark><name>949872</name><styleUrl>#stPoste</styleUrl><Point><coordinates>-48.928507,-8.779855,0</coordinates></Point></Placemark>
<Placemark><name>951234</name><styleUrl>#stPoste</styleUrl><Point><coordinates>-48.929084,-8.773210,0</coordinates></Point></Placemark>
<Placemark><name>1437562</name><styleUrl>#stPoste</styleUrl><Point><coordinates>-48.937672,-8.770410,0</coordinates></Point></Placemark>
<Placemark><name>43047513</name><styleUrl>#stPoste</styleUrl><Point><coordinates>-48.931939,-8.767841,0</coordinates></Point></Placemark>
<Placemark><name>934277</name><styleUrl>#stPoste</styleUrl><Point><coordinates>-48.934899,-8.775912,0</coordinates></Point></Placemark>
<Placemark><name>951233</name><styleUrl>#stPoste</styleUrl><Point><coordinates>-48.928954,-8.774237,0</coordinates></Point></Placemark>
<Placemark><name>1308353</name><styleUrl>#stPoste</styleUrl><Point><coordinates>-48.929307,-8.780915,0</coordinates></Point></Placemark>
<Placemark><name>1308354</name><styleUrl>#stPoste</styleUrl><Point><coordinates>-48.929053,-8.780708,0</coordinates></Point></Placemark>
<Placemark><name>1791559</name><styleUrl>#stPoste</styleUrl><Point><coordinates>-48.931160,-8.774334,0</coordinates></Point></Placemark>
<Placemark><name>934296</name><styleUrl>#stPoste</styleUrl><Point><coordinates>-48.929729,-8.768459,0</coordinates></Point></Placemark>
<Placemark><name>139283</name><styleUrl>#stPoste</styleUrl><Point><coordinates>-48.932369,-8.773617,0</coordinates></Point></Placemark>
<Placemark><name>139284</name><styleUrl>#stPoste</styleUrl><Point><coordinates>-48.932646,-8.773432,0</coordinates></Point></Placemark>
<Placemark><name>927354</name><styleUrl>#stPoste</styleUrl><Point><coordinates>-48.934850,-8.773903,0</coordinates></Point></Placemark>
<Placemark><name>933236</name><styleUrl>#stPoste</styleUrl><Point><coordinates>-48.931451,-8.774230,0</coordinates></Point></Placemark>
<Placemark><name>933253</name><styleUrl>#stPoste</styleUrl><Point><coordinates>-48.930940,-8.764534,0</coordinates></Point></Placemark>
<Placemark><name>935713</name><styleUrl>#stPoste</styleUrl><Point><coordinates>-48.932238,-8.764709,0</coordinates></Point></Placemark>
<Placemark><name>944474</name><styleUrl>#stPoste</styleUrl><Point><coordinates>-48.933661,-8.772755,0</coordinates></Point></Placemark>
<Placemark><name>949871</name><styleUrl>#stPoste</styleUrl><Point><coordinates>-48.928304,-8.780884,0</coordinates></Point></Placemark>
<Placemark><name>951228</name><styleUrl>#stPoste</styleUrl><Point><coordinates>-48.932513,-8.773334,0</coordinates></Point></Placemark>
<Placemark><name>1784798</name><styleUrl>#stPoste</styleUrl><Point><coordinates>-48.936564,-8.772178,0</coordinates></Point></Placemark>
<Placemark><name>927355</name><styleUrl>#stPoste</styleUrl><Point><coordinates>-48.934595,-8.773550,0</coordinates></Point></Placemark>
<Placemark><name>932524</name><styleUrl>#stPoste</styleUrl><Point><coordinates>-48.928563,-8.782301,0</coordinates></Point></Placemark>
<Placemark><name>933246</name><styleUrl>#stPoste</styleUrl><Point><coordinates>-48.929887,-8.769651,0</coordinates></Point></Placemark>
<Placemark><name>944475</name><styleUrl>#stPoste</styleUrl><Point><coordinates>-48.934306,-8.772336,0</coordinates></Point></Placemark>
<Placemark><name>944477</name><styleUrl>#stPoste</styleUrl><Point><coordinates>-48.935880,-8.771279,0</coordinates></Point></Placemark>
<Placemark><name>947914</name><styleUrl>#stPoste</styleUrl><Point><coordinates>-48.934162,-8.774930,0</coordinates></Point></Placemark>
<Placemark><name>950463</name><styleUrl>#stPoste</styleUrl><Point><coordinates>-48.925981,-8.787864,0</coordinates></Point></Placemark>
<Placemark><name>25850211</name><styleUrl>#stPoste</styleUrl><Point><coordinates>-48.928170,-8.784916,0</coordinates></Point></Placemark>
<Placemark><name>38448490</name><styleUrl>#stPoste</styleUrl><Point><coordinates>-48.927260,-8.786050,0</coordinates></Point></Placemark>
<Placemark><name>43047473</name><styleUrl>#stPoste</styleUrl><Point><coordinates>-48.931879,-8.766847,0</coordinates></Point></Placemark>
<Placemark><name>46216432</name><styleUrl>#stPoste</styleUrl><Point><coordinates>-48.931227,-8.765654,0</coordinates></Point></Placemark>
<Placemark><name>60313650</name><styleUrl>#stPoste</styleUrl><Point><coordinates>-48.928572,-8.782779,0</coordinates></Point></Placemark>
<Placemark><name>932520</name><styleUrl>#stPoste</styleUrl><Point><coordinates>-48.929825,-8.778007,0</coordinates></Point></Placemark>
<Placemark><name>945853</name><styleUrl>#stPoste</styleUrl><Point><coordinates>-48.936396,-8.771731,0</coordinates></Point></Placemark>
<Placemark><name>950149</name><styleUrl>#stPoste</styleUrl><Point><coordinates>-48.929086,-8.788318,0</coordinates></Point></Placemark>
<Placemark><name>950464</name><styleUrl>#stPoste</styleUrl><Point><coordinates>-48.926296,-8.787402,0</coordinates></Point></Placemark>
<Placemark><name>1784687</name><styleUrl>#stPoste</styleUrl><Point><coordinates>-48.934504,-8.772161,0</coordinates></Point></Placemark>
</Folder></Document></kml>