<?xml version="1.0" encoding="UTF-8"?>
<kml xmlns="http://www.opengis.net/kml/2.2"><Document>
<name>SE-2TOC — Tocantinópolis: perimetro urbano + T1/T2</name>
<Style id="stLim"><LineStyle><color>ff00d6ff</color><width>3</width></LineStyle><PolyStyle><fill>0</fill></PolyStyle></Style>
<Style id="stT1"><LineStyle><color>ff808040</color><width>2.4</width></LineStyle></Style>
<Style id="stT2"><LineStyle><color>ff2020e0</color><width>2.4</width></LineStyle></Style>
<Style id="stPoste"><IconStyle><scale>0.5</scale><color>ffff0000</color><Icon><href>http://maps.google.com/mapfiles/kml/paddle/wht-circle.png</href></Icon></IconStyle><LabelStyle><scale>0</scale></LabelStyle></Style>
<Folder><name>Limite municipal — Tocantinópolis (IBGE 1721208)</name>
<Placemark><styleUrl>#stLim</styleUrl><LineString><tessellate>1</tessellate><coordinates>-47.427617,-6.038836,0 -47.429805,-6.067964,0 -47.434053,-6.092726,0 -47.432682,-6.111744,0 -47.422779,-6.159797,0 -47.394249,-6.218947,0 -47.384944,-6.230002,0 -47.380322,-6.249633,0 -47.376811,-6.266378,0 -47.402979,-6.319560,0 -47.403580,-6.320494,0 -47.410417,-6.334387,0 -47.411399,-6.344216,0 -47.410573,-6.354118,0 -47.409298,-6.365961,0 -47.411831,-6.376058,0 -47.419514,-6.401231,0 -47.431474,-6.425077,0 -47.439083,-6.426795,0 -47.455744,-6.447369,0 -47.465671,-6.451432,0 -47.494368,-6.434461,0 -47.526752,-6.429857,0 -47.542113,-6.436869,0 -47.576057,-6.414339,0 -47.567251,-6.409286,0 -47.568611,-6.405489,0 -47.558748,-6.406853,0 -47.558280,-6.404683,0 -47.580166,-6.390154,0 -47.592500,-6.391224,0 -47.606053,-6.378520,0 -47.622798,-6.381385,0 -47.641032,-6.389960,0 -47.647527,-6.380280,0 -47.648836,-6.365579,0 -47.661029,-6.345089,0 -47.678116,-6.332199,0 -47.680196,-6.324674,0 -47.686335,-6.318597,0 -47.686670,-6.308903,0 -47.717262,-6.299061,0 -47.723203,-6.281850,0 -47.724532,-6.183854,0 -47.721087,-6.182467,0 -47.705722,-6.178310,0 -47.696276,-6.163331,0 -47.686810,-6.159878,0 -47.656636,-6.170056,0 -47.641009,-6.160482,0 -47.638056,-6.155427,0 -47.624531,-6.154484,0 -47.602060,-6.139415,0 -47.560909,-6.128825,0 -47.533833,-6.104538,0 -47.527498,-6.089600,0 -47.515725,-6.078334,0 -47.504638,-6.076395,0 -47.503023,-6.069303,0 -47.502799,-6.069249,0 -47.496667,-6.067772,0 -47.492027,-6.058363,0 -47.475919,-6.059706,0 -47.465838,-6.054041,0 -47.448537,-6.036331,0 -47.447586,-6.025669,0 -47.440423,-6.015531,0 -47.438323,-6.012409,0 -47.427617,-6.038836,0</coordinates></LineString></Placemark>
</Folder>
<Folder><name>AL02084002TO — Tocantinópolis (805 trechos · 43.0 km)</name><Folder><name>Trecho</name>
<Placemark><name>T1</name><styleUrl>#stT1</styleUrl><LineString><tessellate>1</tessellate><coordinates>-47.428800,-6.307300,0 -47.428640,-6.307240,0</coordinates></LineString></Placemark>
<Placemark><name>T1</name><styleUrl>#stT1</styleUrl><LineString><tessellate>1</tessellate><coordinates>-47.427720,-6.306820,0 -47.427690,-6.306810,0</coordinates></LineString></Placemark>
<Placemark><name>T1</name><styleUrl>#stT1</styleUrl><LineString><tessellate>1</tessellate><coordinates>-47.427690,-6.306810,0 -47.427820,-6.306580,0</coordinates></LineString></Placemark>
<Placemark><name>T1</name><styleUrl>#stT1</styleUrl><LineString><tessellate>1</tessellate><coordinates>-47.427690,-6.306810,0 -47.427120,-6.307890,0</coordinates></LineString></Placemark>
<Placemark><name>T1</name><styleUrl>#stT1</styleUrl><LineString><tessellate>1</tessellate><coordinates>-47.428610,-6.307220,0 -47.427720,-6.306820,0</coordinates></LineString></Placemark>
<Placemark><name>T1</name><styleUrl>#stT1</styleUrl><LineString><tessellate>1</tessellate><coordinates>-47.427820,-6.306580,0 -47.427840,-6.306550,0</coordinates></LineString></Placemark>
<Placemark><name>T1</name><styleUrl>#stT1</styleUrl><LineString><tessellate>1</tessellate><coordinates>-47.427120,-6.307890,0 -47.425970,-6.311180,0</coordinates></LineString></Placemark>
<Placemark><name>T1</name><styleUrl>#stT1</styleUrl><LineString><tessellate>1</tessellate><coordinates>-47.427840,-6.306550,0 -47.428130,-6.306090,0</coordinates></LineString></Placemark>
<Placemark><name>T1</name><styleUrl>#stT1</styleUrl><LineString><tessellate>1</tessellate><coordinates>-47.428510,-6.305460,0 -47.429920,-6.304620,0</coordinates></LineString></Placemark>
<Placemark><name>T1</name><styleUrl>#stT1</styleUrl><LineString><tessellate>1</tessellate><coordinates>-47.429920,-6.304620,0 -47.431040,-6.303960,0</coordinates></LineString></Placemark>
<Placemark><name>T1</name><styleUrl>#stT1</styleUrl><LineString><tessellate>1</tessellate><coordinates>-47.428100,-6.306130,0 -47.428510,-6.305460,0</coordinates></LineString></Placemark>
<Placemark><name>T1</name><styleUrl>#stT1</styleUrl><LineString><tessellate>1</tessellate><coordinates>-47.427110,-6.307890,0 -47.427070,-6.307860,0</coordinates></LineString></Placemark>
<Placemark><name>T1</name><styleUrl>#stT1</styleUrl><LineString><tessellate>1</tessellate><coordinates>-47.425000,-6.314530,0 -47.424960,-6.314680,0</coordinates></LineString></Placemark>
<Placemark><name>T1</name><styleUrl>#stT1</styleUrl><LineString><tessellate>1</tessellate><coordinates>-47.424960,-6.314680,0 -47.424710,-6.315580,0</coordinates></LineString></Placemark>
<Placemark><name>T1</name><styleUrl>#stT1</styleUrl><LineString><tessellate>1</tessellate><coordinates>-47.424960,-6.314680,0 -47.424810,-6.314610,0</coordinates></LineString></Placemark>
<Placemark><name>T1</name><styleUrl>#stT1</styleUrl><LineString><tessellate>1</tessellate><coordinates>-47.424960,-6.314680,0 -47.425030,-6.314730,0</coordinates></LineString></Placemark>
<Placemark><name>T1</name><styleUrl>#stT1</styleUrl><LineString><tessellate>1</tessellate><coordinates>-47.425010,-6.314490,0 -47.425000,-6.314530,0</coordinates></LineString></Placemark>
<Placemark><name>T1</name><styleUrl>#stT1</styleUrl><LineString><tessellate>1</tessellate><coordinates>-47.424710,-6.315580,0 -47.424620,-6.315950,0</coordinates></LineString></Placemark>
<Placemark><name>T1</name><styleUrl>#stT1</styleUrl><LineString><tessellate>1</tessellate><coordinates>-47.425950,-6.311220,0 -47.425010,-6.314490,0</coordinates></LineString></Placemark>
<Placemark><name>T1</name><styleUrl>#stT1</styleUrl><LineString><tessellate>1</tessellate><coordinates>-47.424620,-6.315950,0 -47.424610,-6.315980,0</coordinates></LineString></Placemark>
<Placemark><name>T1</name><styleUrl>#stT1</styleUrl><LineString><tessellate>1</tessellate><coordinates>-47.424610,-6.315980,0 -47.424700,-6.316550,0</coordinates></LineString></Placemark>
<Placemark><name>T1</name><styleUrl>#stT1</styleUrl><LineString><tessellate>1</tessellate><coordinates>-47.424700,-6.316550,0 -47.424700,-6.316540,0</coordinates></LineString></Placemark>
<Placemark><name>T1</name><styleUrl>#stT1</styleUrl><LineString><tessellate>1</tessellate><coordinates>-47.424700,-6.316550,0 -47.424750,-6.316770,0</coordinates></LineString></Placemark>
<Placemark><name>T1</name><styleUrl>#stT1</styleUrl><LineString><tessellate>1</tessellate><coordinates>-47.420750,-6.304140,0 -47.420500,-6.304500,0</coordinates></LineString></Placemark>
<Placemark><name>T1</name><styleUrl>#stT1</styleUrl><LineString><tessellate>1</tessellate><coordinates>-47.420500,-6.304500,0 -47.420480,-6.304540,0</coordinates></LineString></Placemark>
<Placemark><name>T1</name><styleUrl>#stT1</styleUrl><LineString><tessellate>1</tessellate><coordinates>-47.420480,-6.304540,0 -47.420480,-6.307780,0</coordinates></LineString></Placemark>
<Placemark><name>T1</name><styleUrl>#stT1</styleUrl><LineString><tessellate>1</tessellate><coordinates>-47.423070,-6.313930,0 -47.423280,-6.313020,0</coordinates></LineString></Placemark>
<Placemark><name>T1</name><styleUrl>#stT1</styleUrl><LineString><tessellate>1</tessellate><coordinates>-47.423280,-6.313020,0 -47.423320,-6.312810,0</coordinates></LineString></Placemark>
<Placemark><name>T1</name><styleUrl>#stT1</styleUrl><LineString><tessellate>1</tessellate><coordinates>-47.423070,-6.313970,0 -47.423070,-6.313930,0</coordinates></LineString></Placemark>
<Placemark><name>T1</name><styleUrl>#stT1</styleUrl><LineString><tessellate>1</tessellate><coordinates>-47.423320,-6.312810,0 -47.423340,-6.312750,0</coordinates></LineString></Placemark>
<Placemark><name>T1</name><styleUrl>#stT1</styleUrl><LineString><tessellate>1</tessellate><coordinates>-47.423320,-6.312810,0 -47.423530,-6.312850,0</coordinates></LineString></Placemark>
<Placemark><name>T1</name><styleUrl>#stT1</styleUrl><LineString><tessellate>1</tessellate><coordinates>-47.423320,-6.312810,0 -47.423300,-6.312790,0</coordinates></LineString></Placemark>
<Placemark><name>T1</name><styleUrl>#stT1</styleUrl><LineString><tessellate>1</tessellate><coordinates>-47.423010,-6.314210,0 -47.423070,-6.313970,0</coordinates></LineString></Placemark>
<Placemark><name>T1</name><styleUrl>#stT1</styleUrl><LineString><tessellate>1</tessellate><coordinates>-47.423300,-6.312790,0 -47.423270,-6.312790,0</coordinates></LineString></Placemark>
<Placemark><name>T1</name><styleUrl>#stT1</styleUrl><LineString><tessellate>1</tessellate><coordinates>-47.423010,-6.314210,0 -47.422920,-6.314190,0</coordinates></LineString></Placemark>
<Placemark><name>T1</name><styleUrl>#stT1</styleUrl><LineString><tessellate>1</tessellate><coordinates>-47.423010,-6.314210,0 -47.422790,-6.315620,0</coordinates></LineString></Placemark>
<Placemark><name>T1</name><styleUrl>#stT1</styleUrl><LineString><tessellate>1</tessellate><coordinates>-47.423700,-6.314370,0 -47.423010,-6.314210,0</coordinates></LineString></Placemark>
<Placemark><name>T1</name><styleUrl>#stT1</styleUrl><LineString><tessellate>1</tessellate><coordinates>-47.423270,-6.312790,0 -47.422750,-6.312610,0</coordinates></LineString></Placemark>
<Placemark><name>T1</name><styleUrl>#stT1</styleUrl><LineString><tessellate>1</tessellate><coordinates>-47.422790,-6.315620,0 -47.422770,-6.315630,0</coordinates></LineString></Placemark>
<Placemark><name>T1</name><styleUrl>#stT1</styleUrl><LineString><tessellate>1</tessellate><coordinates>-47.424780,-6.314610,0 -47.423700,-6.314370,0</coordinates></LineString></Placemark>
<Placemark><name>T1</name><styleUrl>#stT1</styleUrl><LineString><tessellate>1</tessellate><coordinates>-47.422750,-6.312610,0 -47.422730,-6.312600,0</coordinates></LineString></Placemark>
<Placemark><name>T1</name><styleUrl>#stT1</styleUrl><LineString><tessellate>1</tessellate><coordinates>-47.422770,-6.315630,0 -47.421590,-6.315670,0</coordinates></LineString></Placemark>
<Placemark><name>T1</name><styleUrl>#stT1</styleUrl><LineString><tessellate>1</tessellate><coordinates>-47.422730,-6.312600,0 -47.422430,-6.312360,0</coordinates></LineString></Placemark>
<Placemark><name>T1</name><styleUrl>#stT1</styleUrl><LineString><tessellate>1</tessellate><coordinates>-47.421590,-6.315670,0 -47.419420,-6.315740,0</coordinates></LineString></Placemark>
<Placemark><name>T1</name><styleUrl>#stT1</styleUrl><LineString><tessellate>1</tessellate><coordinates>-47.422430,-6.312360,0 -47.422410,-6.312350,0</coordinates></LineString></Placemark>
<Placemark><name>T1</name><styleUrl>#stT1</styleUrl><LineString><tessellate>1</tessellate><coordinates>-47.419420,-6.315740,0 -47.419160,-6.315750,0</coordinates></LineString></Placemark>
<Placemark><name>T1</name><styleUrl>#stT1</styleUrl><LineString><tessellate>1</tessellate><coordinates>-47.422410,-6.312350,0 -47.422340,-6.312340,0</coordinates></LineString></Placemark>
<Placemark><name>T1</name><styleUrl>#stT1</styleUrl><LineString><tessellate>1</tessellate><coordinates>-47.419160,-6.315750,0 -47.419130,-6.315750,0</coordinates></LineString></Placemark>
<Placemark><name>T1</name><styleUrl>#stT1</styleUrl><LineString><tessellate>1</tessellate><coordinates>-47.422340,-6.312340,0 -47.422330,-6.312360,0</coordinates></LineString></Placemark>
<Placemark><name>T1</name><styleUrl>#stT1</styleUrl><LineString><tessellate>1</tessellate><coordinates>-47.419130,-6.315750,0 -47.417990,-6.315790,0</coordinates></LineString></Placemark>
<Placemark><name>T1</name><styleUrl>#stT1</styleUrl><LineString><tessellate>1</tessellate><coordinates>-47.422330,-6.312360,0 -47.420520,-6.313570,0</coordinates></LineString></Placemark>
<Placemark><name>T1</name><styleUrl>#stT1</styleUrl><LineString><tessellate>1</tessellate><coordinates>-47.417990,-6.315790,0 -47.417950,-6.315790,0</coordinates></LineString></Placemark>
<Placemark><name>T1</name><styleUrl>#stT1</styleUrl><LineString><tessellate>1</tessellate><coordinates>-47.417990,-6.315790,0 -47.417980,-6.315640,0</coordinates></LineString></Placemark>
<Placemark><name>T1</name><styleUrl>#stT1</styleUrl><LineString><tessellate>1</tessellate><coordinates>-47.417990,-6.315790,0 -47.418020,-6.316480,0</coordinates></LineString></Placemark>
<Placemark><name>T1</name><styleUrl>#stT1</styleUrl><LineString><tessellate>1</tessellate><coordinates>-47.420520,-6.313570,0 -47.420250,-6.313740,0</coordinates></LineString></Placemark>
<Placemark><name>T1</name><styleUrl>#stT1</styleUrl><LineString><tessellate>1</tessellate><coordinates>-47.418020,-6.316480,0 -47.417990,-6.317350,0</coordinates></LineString></Placemark>
<Placemark><name>T1</name><styleUrl>#stT1</styleUrl><LineString><tessellate>1</tessellate><coordinates>-47.425500,-6.318040,0 -47.425700,-6.318510,0</coordinates></LineString></Placemark>
<Placemark><name>T1</name><styleUrl>#stT1</styleUrl><LineString><tessellate>1</tessellate><coordinates>-47.425700,-6.318510,0 -47.426270,-6.320910,0</coordinates></LineString></Placemark>
<Placemark><name>T1</name><styleUrl>#stT1</styleUrl><LineString><tessellate>1</tessellate><coordinates>-47.425500,-6.318040,0 -47.425600,-6.318050,0</coordinates></LineString></Placemark>
<Placemark><name>T1</name><styleUrl>#stT1</styleUrl><LineString><tessellate>1</tessellate><coordinates>-47.425500,-6.318040,0 -47.425440,-6.318050,0</coordinates></LineString></Placemark>
<Placemark><name>T1</name><styleUrl>#stT1</styleUrl><LineString><tessellate>1</tessellate><coordinates>-47.424770,-6.316800,0 -47.425500,-6.318040,0</coordinates></LineString></Placemark>
<Placemark><name>T1</name><styleUrl>#stT1</styleUrl><LineString><tessellate>1</tessellate><coordinates>-47.420490,-6.307880,0 -47.420600,-6.308720,0</coordinates></LineString></Placemark>
<Placemark><name>T1</name><styleUrl>#stT1</styleUrl><LineString><tessellate>1</tessellate><coordinates>-47.416860,-6.314750,0 -47.416830,-6.314670,0</coordinates></LineString></Placemark>
<Placemark><name>T1</name><styleUrl>#stT1</styleUrl><LineString><tessellate>1</tessellate><coordinates>-47.417780,-6.316530,0 -47.416860,-6.314750,0</coordinates></LineString></Placemark>
<Placemark><name>T1</name><styleUrl>#stT1</styleUrl><LineString><tessellate>1</tessellate><coordinates>-47.416860,-6.314750,0 -47.417480,-6.314580,0</coordinates></LineString></Placemark>
<Placemark><name>T1</name><styleUrl>#stT1</styleUrl><LineString><tessellate>1</tessellate><coordinates>-47.416860,-6.314750,0 -47.416780,-6.314760,0</coordinates></LineString></Placemark>
<Placemark><name>T1</name><styleUrl>#stT1</styleUrl><LineString><tessellate>1</tessellate><coordinates>-47.417800,-6.316540,0 -47.417780,-6.316530,0</coordinates></LineString></Placemark>
<Placemark><name>T1</name><styleUrl>#stT1</styleUrl><LineString><tessellate>1</tessellate><coordinates>-47.417480,-6.314580,0 -47.417550,-6.314560,0</coordinates></LineString></Placemark>
<Placemark><name>T1</name><styleUrl>#stT1</styleUrl><LineString><tessellate>1</tessellate><coordinates>-47.417480,-6.314580,0 -47.417260,-6.313770,0</coordinates></LineString></Placemark>
<Placemark><name>T1</name><styleUrl>#stT1</styleUrl><LineString><tessellate>1</tessellate><coordinates>-47.417480,-6.314580,0 -47.417480,-6.314640,0</coordinates></LineString></Placemark>
<Placemark><name>T1</name><styleUrl>#stT1</styleUrl><LineString><tessellate>1</tessellate><coordinates>-47.418000,-6.316480,0 -47.417800,-6.316540,0</coordinates></LineString></Placemark>
<Placemark><name>T1</name><styleUrl>#stT1</styleUrl><LineString><tessellate>1</tessellate><coordinates>-47.417260,-6.313770,0 -47.416660,-6.311560,0</coordinates></LineString></Placemark>
<Placemark><name>T1</name><styleUrl>#stT1</styleUrl><LineString><tessellate>1</tessellate><coordinates>-47.416660,-6.311560,0 -47.416140,-6.309630,0</coordinates></LineString></Placemark>
<Placemark><name>T1</name><styleUrl>#stT1</styleUrl><LineString><tessellate>1</tessellate><coordinates>-47.416140,-6.309630,0 -47.416080,-6.309400,0</coordinates></LineString></Placemark>
<Placemark><name>T1</name><styleUrl>#stT1</styleUrl><LineString><tessellate>1</tessellate><coordinates>-47.416140,-6.309630,0 -47.417200,-6.309340,0</coordinates></LineString></Placemark>
<Placemark><name>T1</name><styleUrl>#stT1</styleUrl><LineString><tessellate>1</tessellate><coordinates>-47.416140,-6.309630,0 -47.415930,-6.309680,0</coordinates></LineString></Placemark>
<Placemark><name>T1</name><styleUrl>#stT1</styleUrl><LineString><tessellate>1</tessellate><coordinates>-47.417200,-6.309340,0 -47.418690,-6.308940,0</coordinates></LineString></Placemark>
<Placemark><name>T1</name><styleUrl>#stT1</styleUrl><LineString><tessellate>1</tessellate><coordinates>-47.415930,-6.309680,0 -47.415620,-6.309760,0</coordinates></LineString></Placemark>
<Placemark><name>T1</name><styleUrl>#stT1</styleUrl><LineString><tessellate>1</tessellate><coordinates>-47.418690,-6.308940,0 -47.418750,-6.308920,0</coordinates></LineString></Placemark>
<Placemark><name>T1</name><styleUrl>#stT1</styleUrl><LineString><tessellate>1</tessellate><coordinates>-47.418690,-6.308940,0 -47.418490,-6.308140,0</coordinates></LineString></Placemark>
<Placemark><name>T1</name><styleUrl>#stT1</styleUrl><LineString><tessellate>1</tessellate><coordinates>-47.418690,-6.308940,0 -47.418820,-6.309380,0</coordinates></LineString></Placemark>
<Placemark><name>T1</name><styleUrl>#stT1</styleUrl><LineString><tessellate>1</tessellate><coordinates>-47.418490,-6.308140,0 -47.418420,-6.307890,0</coordinates></LineString></Placemark>
<Placemark><name>T1</name><styleUrl>#stT1</styleUrl><LineString><tessellate>1</tessellate><coordinates>-47.418820,-6.309380,0 -47.418910,-6.309710,0</coordinates></LineString></Placemark>
<Placemark><name>T1</name><styleUrl>#stT1</styleUrl><LineString><tessellate>1</tessellate><coordinates>-47.425800,-6.318450,0 -47.428410,-6.316910,0</coordinates></LineString></Placemark>
<Placemark><name>T1</name><styleUrl>#stT1</styleUrl><LineString><tessellate>1</tessellate><coordinates>-47.422570,-6.317440,0 -47.422310,-6.317420,0</coordinates></LineString></Placemark>
<Placemark><name>T1</name><styleUrl>#stT1</styleUrl><LineString><tessellate>1</tessellate><coordinates>-47.422570,-6.317440,0 -47.422570,-6.317250,0</coordinates></LineString></Placemark>
<Placemark><name>T1</name><styleUrl>#stT1</styleUrl><LineString><tessellate>1</tessellate><coordinates>-47.422580,-6.317950,0 -47.422570,-6.317440,0</coordinates></LineString></Placemark>
<Placemark><name>T1</name><styleUrl>#stT1</styleUrl><LineString><tessellate>1</tessellate><coordinates>-47.422570,-6.317440,0 -47.423070,-6.317430,0</coordinates></LineString></Placemark>
<Placemark><name>T1</name><styleUrl>#stT1</styleUrl><LineString><tessellate>1</tessellate><coordinates>-47.422580,-6.317980,0 -47.422580,-6.317950,0</coordinates></LineString></Placemark>
<Placemark><name>T1</name><styleUrl>#stT1</styleUrl><LineString><tessellate>1</tessellate><coordinates>-47.423070,-6.317430,0 -47.423340,-6.317430,0</coordinates></LineString></Placemark>
<Placemark><name>T1</name><styleUrl>#stT1</styleUrl><LineString><tessellate>1</tessellate><coordinates>-47.422580,-6.318040,0 -47.422580,-6.317980,0</coordinates></LineString></Placemark>
<Placemark><name>T1</name><styleUrl>#stT1</styleUrl><LineString><tessellate>1</tessellate><coordinates>-47.422580,-6.318040,0 -47.422220,-6.318060,0</coordinates></LineString></Placemark>
<Placemark><name>T1</name><styleUrl>#stT1</styleUrl><LineString><tessellate>1</tessellate><coordinates>-47.423710,-6.318050,0 -47.422580,-6.318040,0</coordinates></LineString></Placemark>
<Placemark><name>T1</name><styleUrl>#stT1</styleUrl><LineString><tessellate>1</tessellate><coordinates>-47.422580,-6.318040,0 -47.422620,-6.319280,0</coordinates></LineString></Placemark>
<Placemark><name>T1</name><styleUrl>#stT1</styleUrl><LineString><tessellate>1</tessellate><coordinates>-47.423990,-6.318050,0 -47.423710,-6.318050,0</coordinates></LineString></Placemark>
<Placemark><name>T1</name><styleUrl>#stT1</styleUrl><LineString><tessellate>1</tessellate><coordinates>-47.422620,-6.319280,0 -47.422670,-6.319280,0</coordinates></LineString></Placemark>
<Placemark><name>T1</name><styleUrl>#stT1</styleUrl><LineString><tessellate>1</tessellate><coordinates>-47.422620,-6.319280,0 -47.422620,-6.319350,0</coordinates></LineString></Placemark>
<Placemark><name>T1</name><styleUrl>#stT1</styleUrl><LineString><tessellate>1</tessellate><coordinates>-47.422620,-6.319280,0 -47.421980,-6.319330,0</coordinates></LineString></Placemark>
<Placemark><name>T1</name><styleUrl>#stT1</styleUrl><LineString><tessellate>1</tessellate><coordinates>-47.424030,-6.318050,0 -47.423990,-6.318050,0</coordinates></LineString></Placemark>
<Placemark><name>T1</name><styleUrl>#stT1</styleUrl><LineString><tessellate>1</tessellate><coordinates>-47.421980,-6.319330,0 -47.420390,-6.319410,0</coordinates></LineString></Placemark>
<Placemark><name>T1</name><styleUrl>#stT1</styleUrl><LineString><tessellate>1</tessellate><coordinates>-47.425400,-6.318050,0 -47.424030,-6.318050,0</coordinates></LineString></Placemark>
<Placemark><name>T1</name><styleUrl>#stT1</styleUrl><LineString><tessellate>1</tessellate><coordinates>-47.426260,-6.320880,0 -47.426740,-6.322940,0</coordinates></LineString></Placemark>
<Placemark><name>T1</name><styleUrl>#stT1</styleUrl><LineString><tessellate>1</tessellate><coordinates>-47.417900,-6.314450,0 -47.417910,-6.314450,0</coordinates></LineString></Placemark>
<Placemark><name>T1</name><styleUrl>#stT1</styleUrl><LineString><tessellate>1</tessellate><coordinates>-47.417910,-6.314450,0 -47.417920,-6.314700,0</coordinates></LineString></Placemark>
<Placemark><name>T1</name><styleUrl>#stT1</styleUrl><LineString><tessellate>1</tessellate><coordinates>-47.417910,-6.314450,0 -47.417870,-6.313950,0</coordinates></LineString></Placemark>
<Placemark><name>T1</name><styleUrl>#stT1</styleUrl><LineString><tessellate>1</tessellate><coordinates>-47.417580,-6.314550,0 -47.417900,-6.314450,0</coordinates></LineString></Placemark>
<Placemark><name>T1</name><styleUrl>#stT1</styleUrl><LineString><tessellate>1</tessellate><coordinates>-47.417870,-6.313950,0 -47.417860,-6.313810,0</coordinates></LineString></Placemark>
<Placemark><name>T1</name><styleUrl>#stT1</styleUrl><LineString><tessellate>1</tessellate><coordinates>-47.417870,-6.313950,0 -47.417810,-6.313970,0</coordinates></LineString></Placemark>
<Placemark><name>T1</name><styleUrl>#stT1</styleUrl><LineString><tessellate>1</tessellate><coordinates>-47.417870,-6.313950,0 -47.419160,-6.313100,0</coordinates></LineString></Placemark>
<Placemark><name>T1</name><styleUrl>#stT1</styleUrl><LineString><tessellate>1</tessellate><coordinates>-47.419160,-6.313100,0 -47.419700,-6.312750,0</coordinates></LineString></Placemark>
<Placemark><name>T1</name><styleUrl>#stT1</styleUrl><LineString><tessellate>1</tessellate><coordinates>-47.419700,-6.312750,0 -47.419720,-6.312740,0</coordinates></LineString></Placemark>
<Placemark><name>T1</name><styleUrl>#stT1</styleUrl><LineString><tessellate>1</tessellate><coordinates>-47.419720,-6.312740,0 -47.420520,-6.312210,0</coordinates></LineString></Placemark>
<Placemark><name>T1</name><styleUrl>#stT1</styleUrl><LineString><tessellate>1</tessellate><coordinates>-47.420520,-6.312210,0 -47.421600,-6.311500,0</coordinates></LineString></Placemark>
<Placemark><name>T1</name><styleUrl>#stT1</styleUrl><LineString><tessellate>1</tessellate><coordinates>-47.421600,-6.311500,0 -47.421840,-6.311320,0</coordinates></LineString></Placemark>
<Placemark><name>T1</name><styleUrl>#stT1</styleUrl><LineString><tessellate>1</tessellate><coordinates>-47.420780,-6.321580,0 -47.420190,-6.321680,0</coordinates></LineString></Placemark>
<Placemark><name>T1</name><styleUrl>#stT1</styleUrl><LineString><tessellate>1</tessellate><coordinates>-47.420780,-6.321580,0 -47.420840,-6.321570,0</coordinates></LineString></Placemark>
<Placemark><name>T1</name><styleUrl>#stT1</styleUrl><LineString><tessellate>1</tessellate><coordinates>-47.420210,-6.319420,0 -47.420780,-6.321580,0</coordinates></LineString></Placemark>
<Placemark><name>T1</name><styleUrl>#stT1</styleUrl><LineString><tessellate>1</tessellate><coordinates>-47.420780,-6.321580,0 -47.420810,-6.321640,0</coordinates></LineString></Placemark>
<Placemark><name>T1</name><styleUrl>#stT1</styleUrl><LineString><tessellate>1</tessellate><coordinates>-47.420190,-6.321680,0 -47.418530,-6.321880,0</coordinates></LineString></Placemark>
<Placemark><name>T1</name><styleUrl>#stT1</styleUrl><LineString><tessellate>1</tessellate><coordinates>-47.420370,-6.319410,0 -47.420210,-6.319420,0</coordinates></LineString></Placemark>
<Placemark><name>T1</name><styleUrl>#stT1</styleUrl><LineString><tessellate>1</tessellate><coordinates>-47.420210,-6.319420,0 -47.420000,-6.319420,0</coordinates></LineString></Placemark>
<Placemark><name>T1</name><styleUrl>#stT1</styleUrl><LineString><tessellate>1</tessellate><coordinates>-47.420210,-6.319420,0 -47.420190,-6.319330,0</coordinates></LineString></Placemark>
<Placemark><name>T1</name><styleUrl>#stT1</styleUrl><LineString><tessellate>1</tessellate><coordinates>-47.420000,-6.319420,0 -47.419610,-6.319430,0</coordinates></LineString></Placemark>
<Placemark><name>T1</name><styleUrl>#stT1</styleUrl><LineString><tessellate>1</tessellate><coordinates>-47.424560,-6.325590,0 -47.424200,-6.325720,0</coordinates></LineString></Placemark>
<Placemark><name>T1</name><styleUrl>#stT1</styleUrl><LineString><tessellate>1</tessellate><coordinates>-47.424980,-6.325520,0 -47.424560,-6.325590,0</coordinates></LineString></Placemark>
<Placemark><name>T1</name><styleUrl>#stT1</styleUrl><LineString><tessellate>1</tessellate><coordinates>-47.425280,-6.325470,0 -47.424980,-6.325520,0</coordinates></LineString></Placemark>
<Placemark><name>T1</name><styleUrl>#stT1</styleUrl><LineString><tessellate>1</tessellate><coordinates>-47.426940,-6.325190,0 -47.425280,-6.325470,0</coordinates></LineString></Placemark>
<Placemark><name>T1</name><styleUrl>#stT1</styleUrl><LineString><tessellate>1</tessellate><coordinates>-47.426980,-6.325180,0 -47.426940,-6.325190,0</coordinates></LineString></Placemark>
<Placemark><name>T1</name><styleUrl>#stT1</styleUrl><LineString><tessellate>1</tessellate><coordinates>-47.427190,-6.325140,0 -47.426980,-6.325180,0</coordinates></LineString></Placemark>
<Placemark><name>T1</name><styleUrl>#stT1</styleUrl><LineString><tessellate>1</tessellate><coordinates>-47.427190,-6.325140,0 -47.427240,-6.325380,0</coordinates></LineString></Placemark>
<Placemark><name>T1</name><styleUrl>#stT1</styleUrl><LineString><tessellate>1</tessellate><coordinates>-47.427190,-6.325140,0 -47.427320,-6.325110,0</coordinates></LineString></Placemark>
<Placemark><name>T1</name><styleUrl>#stT1</styleUrl><LineString><tessellate>1</tessellate><coordinates>-47.426730,-6.322910,0 -47.427190,-6.325140,0</coordinates></LineString></Placemark>
<Placemark><name>T1</name><styleUrl>#stT1</styleUrl><LineString><tessellate>1</tessellate><coordinates>-47.424550,-6.325540,0 -47.424450,-6.325510,0</coordinates></LineString></Placemark>
<Placemark><name>T1</name><styleUrl>#stT1</styleUrl><LineString><tessellate>1</tessellate><coordinates>-47.424560,-6.325590,0 -47.424550,-6.325540,0</coordinates></LineString></Placemark>
<Placemark><name>T1</name><styleUrl>#stT1</styleUrl><LineString><tessellate>1</tessellate><coordinates>-47.425290,-6.325430,0 -47.425250,-6.325440,0</coordinates></LineString></Placemark>
<Placemark><name>T1</name><styleUrl>#stT1</styleUrl><LineString><tessellate>1</tessellate><coordinates>-47.425280,-6.325460,0 -47.425290,-6.325430,0</coordinates></LineString></Placemark>
<Placemark><name>T1</name><styleUrl>#stT1</styleUrl><LineString><tessellate>1</tessellate><coordinates>-47.425290,-6.325430,0 -47.425270,-6.325440,0</coordinates></LineString></Placemark>
<Placemark><name>T1</name><styleUrl>#stT1</styleUrl><LineString><tessellate>1</tessellate><coordinates>-47.425250,-6.325440,0 -47.425270,-6.325440,0</coordinates></LineString></Placemark>
<Placemark><name>T1</name><styleUrl>#stT1</styleUrl><LineString><tessellate>1</tessellate><coordinates>-47.427340,-6.325110,0 -47.427510,-6.325080,0</coordinates></LineString></Placemark>
<Placemark><name>T1</name><styleUrl>#stT1</styleUrl><LineString><tessellate>1</tessellate><coordinates>-47.427510,-6.325080,0 -47.427540,-6.325100,0</coordinates></LineString></Placemark>
<Placemark><name>T1</name><styleUrl>#stT1</styleUrl><LineString><tessellate>1</tessellate><coordinates>-47.424190,-6.325720,0 -47.424140,-6.325740,0</coordinates></LineString></Placemark>
<Placemark><name>T1</name><styleUrl>#stT1</styleUrl><LineString><tessellate>1</tessellate><coordinates>-47.424140,-6.325740,0 -47.424100,-6.325650,0</coordinates></LineString></Placemark>
<Placemark><name>T1</name><styleUrl>#stT1</styleUrl><LineString><tessellate>1</tessellate><coordinates>-47.424140,-6.325740,0 -47.423890,-6.325880,0</coordinates></LineString></Placemark>
<Placemark><name>T1</name><styleUrl>#stT1</styleUrl><LineString><tessellate>1</tessellate><coordinates>-47.424140,-6.325740,0 -47.424180,-6.325830,0</coordinates></LineString></Placemark>
<Placemark><name>T1</name><styleUrl>#stT1</styleUrl><LineString><tessellate>1</tessellate><coordinates>-47.427510,-6.325070,0 -47.427550,-6.325050,0</coordinates></LineString></Placemark>
<Placemark><name>T1</name><styleUrl>#stT1</styleUrl><LineString><tessellate>1</tessellate><coordinates>-47.424080,-6.325620,0 -47.423370,-6.324370,0</coordinates></LineString></Placemark>
<Placemark><name>T1</name><styleUrl>#stT1</styleUrl><LineString><tessellate>1</tessellate><coordinates>-47.423370,-6.324370,0 -47.423070,-6.323900,0</coordinates></LineString></Placemark>
<Placemark><name>T1</name><styleUrl>#stT1</styleUrl><LineString><tessellate>1</tessellate><coordinates>-47.423370,-6.324370,0 -47.423390,-6.324360,0</coordinates></LineString></Placemark>
<Placemark><name>T1</name><styleUrl>#stT1</styleUrl><LineString><tessellate>1</tessellate><coordinates>-47.423370,-6.324370,0 -47.423150,-6.324490,0</coordinates></LineString></Placemark>
<Placemark><name>T1</name><styleUrl>#stT1</styleUrl><LineString><tessellate>1</tessellate><coordinates>-47.423070,-6.323900,0 -47.422730,-6.323250,0</coordinates></LineString></Placemark>
<Placemark><name>T1</name><styleUrl>#stT1</styleUrl><LineString><tessellate>1</tessellate><coordinates>-47.422730,-6.323250,0 -47.422710,-6.323220,0</coordinates></LineString></Placemark>
<Placemark><name>T1</name><styleUrl>#stT1</styleUrl><LineString><tessellate>1</tessellate><coordinates>-47.422710,-6.323220,0 -47.422600,-6.323030,0</coordinates></LineString></Placemark>
<Placemark><name>T1</name><styleUrl>#stT1</styleUrl><LineString><tessellate>1</tessellate><coordinates>-47.422600,-6.323030,0 -47.422440,-6.322760,0</coordinates></LineString></Placemark>
<Placemark><name>T1</name><styleUrl>#stT1</styleUrl><LineString><tessellate>1</tessellate><coordinates>-47.422600,-6.323030,0 -47.422550,-6.323040,0</coordinates></LineString></Placemark>
<Placemark><name>T1</name><styleUrl>#stT1</styleUrl><LineString><tessellate>1</tessellate><coordinates>-47.422600,-6.323030,0 -47.423990,-6.322520,0</coordinates></LineString></Placemark>
<Placemark><name>T1</name><styleUrl>#stT1</styleUrl><LineString><tessellate>1</tessellate><coordinates>-47.423990,-6.322520,0 -47.423980,-6.322490,0</coordinates></LineString></Placemark>
<Placemark><name>T1</name><styleUrl>#stT1</styleUrl><LineString><tessellate>1</tessellate><coordinates>-47.423990,-6.322520,0 -47.424310,-6.322390,0</coordinates></LineString></Placemark>
<Placemark><name>T1</name><styleUrl>#stT1</styleUrl><LineString><tessellate>1</tessellate><coordinates>-47.423980,-6.322490,0 -47.423770,-6.322020,0</coordinates></LineString></Placemark>
<Placemark><name>T1</name><styleUrl>#stT1</styleUrl><LineString><tessellate>1</tessellate><coordinates>-47.423770,-6.322020,0 -47.423640,-6.321770,0</coordinates></LineString></Placemark>
<Placemark><name>T1</name><styleUrl>#stT1</styleUrl><LineString><tessellate>1</tessellate><coordinates>-47.420760,-6.327790,0 -47.420740,-6.327830,0</coordinates></LineString></Placemark>
<Placemark><name>T1</name><styleUrl>#stT1</styleUrl><LineString><tessellate>1</tessellate><coordinates>-47.421470,-6.327350,0 -47.420760,-6.327790,0</coordinates></LineString></Placemark>
<Placemark><name>T1</name><styleUrl>#stT1</styleUrl><LineString><tessellate>1</tessellate><coordinates>-47.422930,-6.326450,0 -47.421470,-6.327350,0</coordinates></LineString></Placemark>
<Placemark><name>T1</name><styleUrl>#stT1</styleUrl><LineString><tessellate>1</tessellate><coordinates>-47.423220,-6.326270,0 -47.422930,-6.326450,0</coordinates></LineString></Placemark>
<Placemark><name>T1</name><styleUrl>#stT1</styleUrl><LineString><tessellate>1</tessellate><coordinates>-47.423250,-6.326260,0 -47.423220,-6.326270,0</coordinates></LineString></Placemark>
<Placemark><name>T1</name><styleUrl>#stT1</styleUrl><LineString><tessellate>1</tessellate><coordinates>-47.423360,-6.326180,0 -47.423250,-6.326260,0</coordinates></LineString></Placemark>
<Placemark><name>T1</name><styleUrl>#stT1</styleUrl><LineString><tessellate>1</tessellate><coordinates>-47.423360,-6.326180,0 -47.423380,-6.326190,0</coordinates></LineString></Placemark>
<Placemark><name>T1</name><styleUrl>#stT1</styleUrl><LineString><tessellate>1</tessellate><coordinates>-47.423860,-6.325900,0 -47.423360,-6.326180,0</coordinates></LineString></Placemark>
<Placemark><name>T1</name><styleUrl>#stT1</styleUrl><LineString><tessellate>1</tessellate><coordinates>-47.423380,-6.326190,0 -47.423490,-6.326360,0</coordinates></LineString></Placemark>
<Placemark><name>T1</name><styleUrl>#stT1</styleUrl><LineString><tessellate>1</tessellate><coordinates>-47.421710,-6.325470,0 -47.421750,-6.325510,0</coordinates></LineString></Placemark>
<Placemark><name>T1</name><styleUrl>#stT1</styleUrl><LineString><tessellate>1</tessellate><coordinates>-47.421710,-6.325470,0 -47.421680,-6.325500,0</coordinates></LineString></Placemark>
<Placemark><name>T1</name><styleUrl>#stT1</styleUrl><LineString><tessellate>1</tessellate><coordinates>-47.423120,-6.324500,0 -47.421710,-6.325470,0</coordinates></LineString></Placemark>
<Placemark><name>T1</name><styleUrl>#stT1</styleUrl><LineString><tessellate>1</tessellate><coordinates>-47.421710,-6.325470,0 -47.421040,-6.324750,0</coordinates></LineString></Placemark>
<Placemark><name>T1</name><styleUrl>#stT1</styleUrl><LineString><tessellate>1</tessellate><coordinates>-47.420750,-6.327790,0 -47.420730,-6.327790,0</coordinates></LineString></Placemark>
<Placemark><name>T1</name><styleUrl>#stT1</styleUrl><LineString><tessellate>1</tessellate><coordinates>-47.424160,-6.327500,0 -47.424380,-6.328040,0</coordinates></LineString></Placemark>
<Placemark><name>T1</name><styleUrl>#stT1</styleUrl><LineString><tessellate>1</tessellate><coordinates>-47.424380,-6.328040,0 -47.424510,-6.327990,0</coordinates></LineString></Placemark>
<Placemark><name>T1</name><styleUrl>#stT1</styleUrl><LineString><tessellate>1</tessellate><coordinates>-47.424380,-6.328040,0 -47.424230,-6.328100,0</coordinates></LineString></Placemark>
<Placemark><name>T1</name><styleUrl>#stT1</styleUrl><LineString><tessellate>1</tessellate><coordinates>-47.424380,-6.328040,0 -47.424790,-6.329070,0</coordinates></LineString></Placemark>
<Placemark><name>T1</name><styleUrl>#stT1</styleUrl><LineString><tessellate>1</tessellate><coordinates>-47.423510,-6.326380,0 -47.424160,-6.327500,0</coordinates></LineString></Placemark>
<Placemark><name>T1</name><styleUrl>#stT1</styleUrl><LineString><tessellate>1</tessellate><coordinates>-47.425580,-6.327610,0 -47.425660,-6.327840,0</coordinates></LineString></Placemark>
<Placemark><name>T1</name><styleUrl>#stT1</styleUrl><LineString><tessellate>1</tessellate><coordinates>-47.425580,-6.327610,0 -47.425420,-6.327080,0</coordinates></LineString></Placemark>
<Placemark><name>T1</name><styleUrl>#stT1</styleUrl><LineString><tessellate>1</tessellate><coordinates>-47.425580,-6.327610,0 -47.425990,-6.327460,0</coordinates></LineString></Placemark>
<Placemark><name>T1</name><styleUrl>#stT1</styleUrl><LineString><tessellate>1</tessellate><coordinates>-47.424540,-6.327990,0 -47.425580,-6.327610,0</coordinates></LineString></Placemark>
<Placemark><name>T1</name><styleUrl>#stT1</styleUrl><LineString><tessellate>1</tessellate><coordinates>-47.425420,-6.327080,0 -47.425540,-6.327150,0</coordinates></LineString></Placemark>
<Placemark><name>T1</name><styleUrl>#stT1</styleUrl><LineString><tessellate>1</tessellate><coordinates>-47.425420,-6.327080,0 -47.425250,-6.326570,0</coordinates></LineString></Placemark>
<Placemark><name>T1</name><styleUrl>#stT1</styleUrl><LineString><tessellate>1</tessellate><coordinates>-47.425990,-6.327460,0 -47.427060,-6.327070,0</coordinates></LineString></Placemark>
<Placemark><name>T1</name><styleUrl>#stT1</styleUrl><LineString><tessellate>1</tessellate><coordinates>-47.427060,-6.327070,0 -47.427080,-6.327070,0</coordinates></LineString></Placemark>
<Placemark><name>T1</name><styleUrl>#stT1</styleUrl><LineString><tessellate>1</tessellate><coordinates>-47.427080,-6.327070,0 -47.427090,-6.327090,0</coordinates></LineString></Placemark>
<Placemark><name>T1</name><styleUrl>#stT1</styleUrl><LineString><tessellate>1</tessellate><coordinates>-47.427080,-6.327070,0 -47.427010,-6.326860,0</coordinates></LineString></Placemark>
<Placemark><name>T1</name><styleUrl>#stT1</styleUrl><LineString><tessellate>1</tessellate><coordinates>-47.427090,-6.327090,0 -47.427230,-6.327470,0</coordinates></LineString></Placemark>
<Placemark><name>T1</name><styleUrl>#stT1</styleUrl><LineString><tessellate>1</tessellate><coordinates>-47.427010,-6.326860,0 -47.427000,-6.326830,0</coordinates></LineString></Placemark>
<Placemark><name>T1</name><styleUrl>#stT1</styleUrl><LineString><tessellate>1</tessellate><coordinates>-47.427230,-6.327470,0 -47.427350,-6.327800,0</coordinates></LineString></Placemark>
<Placemark><name>T1</name><styleUrl>#stT1</styleUrl><LineString><tessellate>1</tessellate><coordinates>-47.427000,-6.326830,0 -47.426940,-6.326650,0</coordinates></LineString></Placemark>
<Placemark><name>T1</name><styleUrl>#stT1</styleUrl><LineString><tessellate>1</tessellate><coordinates>-47.426940,-6.326650,0 -47.426880,-6.326480,0</coordinates></LineString></Placemark>
<Placemark><name>T1</name><styleUrl>#stT1</styleUrl><LineString><tessellate>1</tessellate><coordinates>-47.426880,-6.326480,0 -47.426740,-6.326080,0</coordinates></LineString></Placemark>
<Placemark><name>T1</name><styleUrl>#stT1</styleUrl><LineString><tessellate>1</tessellate><coordinates>-47.426880,-6.326480,0 -47.426920,-6.326470,0</coordinates></LineString></Placemark>
<Placemark><name>T1</name><styleUrl>#stT1</styleUrl><LineString><tessellate>1</tessellate><coordinates>-47.424500,-6.330570,0 -47.424410,-6.330310,0</coordinates></LineString></Placemark>
<Placemark><name>T1</name><styleUrl>#stT1</styleUrl><LineString><tessellate>1</tessellate><coordinates>-47.424720,-6.331240,0 -47.424500,-6.330570,0</coordinates></LineString></Placemark>
<Placemark><name>T1</name><styleUrl>#stT1</styleUrl><LineString><tessellate>1</tessellate><coordinates>-47.424720,-6.331240,0 -47.425010,-6.332090,0</coordinates></LineString></Placemark>
<Placemark><name>T1</name><styleUrl>#stT1</styleUrl><LineString><tessellate>1</tessellate><coordinates>-47.424720,-6.331240,0 -47.424520,-6.331310,0</coordinates></LineString></Placemark>
<Placemark><name>T1</name><styleUrl>#stT1</styleUrl><LineString><tessellate>1</tessellate><coordinates>-47.425520,-6.330950,0 -47.424720,-6.331240,0</coordinates></LineString></Placemark>
<Placemark><name>T1</name><styleUrl>#stT1</styleUrl><LineString><tessellate>1</tessellate><coordinates>-47.425010,-6.332090,0 -47.424960,-6.332090,0</coordinates></LineString></Placemark>
<Placemark><name>T1</name><styleUrl>#stT1</styleUrl><LineString><tessellate>1</tessellate><coordinates>-47.425010,-6.332090,0 -47.425070,-6.332280,0</coordinates></LineString></Placemark>
<Placemark><name>T1</name><styleUrl>#stT1</styleUrl><LineString><tessellate>1</tessellate><coordinates>-47.425010,-6.332090,0 -47.426590,-6.332260,0</coordinates></LineString></Placemark>
<Placemark><name>T1</name><styleUrl>#stT1</styleUrl><LineString><tessellate>1</tessellate><coordinates>-47.425530,-6.330930,0 -47.425520,-6.330950,0</coordinates></LineString></Placemark>
<Placemark><name>T1</name><styleUrl>#stT1</styleUrl><LineString><tessellate>1</tessellate><coordinates>-47.426590,-6.332260,0 -47.426930,-6.332300,0</coordinates></LineString></Placemark>
<Placemark><name>T1</name><styleUrl>#stT1</styleUrl><LineString><tessellate>1</tessellate><coordinates>-47.424800,-6.329090,0 -47.425530,-6.330930,0</coordinates></LineString></Placemark>
<Placemark><name>T1</name><styleUrl>#stT1</styleUrl><LineString><tessellate>1</tessellate><coordinates>-47.422350,-6.328770,0 -47.421890,-6.328920,0</coordinates></LineString></Placemark>
<Placemark><name>T1</name><styleUrl>#stT1</styleUrl><LineString><tessellate>1</tessellate><coordinates>-47.421890,-6.328920,0 -47.421510,-6.329080,0</coordinates></LineString></Placemark>
<Placemark><name>T1</name><styleUrl>#stT1</styleUrl><LineString><tessellate>1</tessellate><coordinates>-47.422350,-6.328770,0 -47.422450,-6.328800,0</coordinates></LineString></Placemark>
<Placemark><name>T1</name><styleUrl>#stT1</styleUrl><LineString><tessellate>1</tessellate><coordinates>-47.424200,-6.328110,0 -47.422350,-6.328770,0</coordinates></LineString></Placemark>
<Placemark><name>T1</name><styleUrl>#stT1</styleUrl><LineString><tessellate>1</tessellate><coordinates>-47.421510,-6.329080,0 -47.421520,-6.329110,0</coordinates></LineString></Placemark>
<Placemark><name>T1</name><styleUrl>#stT1</styleUrl><LineString><tessellate>1</tessellate><coordinates>-47.421510,-6.329080,0 -47.421320,-6.329050,0</coordinates></LineString></Placemark>
<Placemark><name>T1</name><styleUrl>#stT1</styleUrl><LineString><tessellate>1</tessellate><coordinates>-47.421520,-6.329110,0 -47.421570,-6.329210,0</coordinates></LineString></Placemark>
<Placemark><name>T1</name><styleUrl>#stT1</styleUrl><LineString><tessellate>1</tessellate><coordinates>-47.421320,-6.329050,0 -47.421300,-6.329050,0</coordinates></LineString></Placemark>
<Placemark><name>T1</name><styleUrl>#stT1</styleUrl><LineString><tessellate>1</tessellate><coordinates>-47.421570,-6.329210,0 -47.421560,-6.329220,0</coordinates></LineString></Placemark>
<Placemark><name>T1</name><styleUrl>#stT1</styleUrl><LineString><tessellate>1</tessellate><coordinates>-47.421570,-6.329210,0 -47.421730,-6.329430,0</coordinates></LineString></Placemark>
<Placemark><name>T1</name><styleUrl>#stT1</styleUrl><LineString><tessellate>1</tessellate><coordinates>-47.421300,-6.329050,0 -47.420550,-6.329100,0</coordinates></LineString></Placemark>
<Placemark><name>T1</name><styleUrl>#stT1</styleUrl><LineString><tessellate>1</tessellate><coordinates>-47.421560,-6.329220,0 -47.421340,-6.329950,0</coordinates></LineString></Placemark>
<Placemark><name>T1</name><styleUrl>#stT1</styleUrl><LineString><tessellate>1</tessellate><coordinates>-47.420550,-6.329100,0 -47.420290,-6.329100,0</coordinates></LineString></Placemark>
<Placemark><name>T1</name><styleUrl>#stT1</styleUrl><LineString><tessellate>1</tessellate><coordinates>-47.420700,-6.327820,0 -47.420300,-6.328020,0</coordinates></LineString></Placemark>
<Placemark><name>T1</name><styleUrl>#stT1</styleUrl><LineString><tessellate>1</tessellate><coordinates>-47.420700,-6.327820,0 -47.420740,-6.327830,0</coordinates></LineString></Placemark>
<Placemark><name>T1</name><styleUrl>#stT1</styleUrl><LineString><tessellate>1</tessellate><coordinates>-47.420710,-6.327800,0 -47.420700,-6.327820,0</coordinates></LineString></Placemark>
<Placemark><name>T1</name><styleUrl>#stT1</styleUrl><LineString><tessellate>1</tessellate><coordinates>-47.426940,-6.326650,0 -47.426960,-6.326640,0</coordinates></LineString></Placemark>
<Placemark><name>T1</name><styleUrl>#stT1</styleUrl><LineString><tessellate>1</tessellate><coordinates>-47.420560,-6.329090,0 -47.420650,-6.328920,0</coordinates></LineString></Placemark>
<Placemark><name>T1</name><styleUrl>#stT1</styleUrl><LineString><tessellate>1</tessellate><coordinates>-47.420650,-6.328920,0 -47.420500,-6.328900,0</coordinates></LineString></Placemark>
<Placemark><name>T1</name><styleUrl>#stT1</styleUrl><LineString><tessellate>1</tessellate><coordinates>-47.421870,-6.328900,0 -47.421680,-6.328720,0</coordinates></LineString></Placemark>
<Placemark><name>T1</name><styleUrl>#stT1</styleUrl><LineString><tessellate>1</tessellate><coordinates>-47.420280,-6.328030,0 -47.420030,-6.328140,0</coordinates></LineString></Placemark>
<Placemark><name>T1</name><styleUrl>#stT1</styleUrl><LineString><tessellate>1</tessellate><coordinates>-47.420030,-6.328140,0 -47.419680,-6.328150,0</coordinates></LineString></Placemark>
<Placemark><name>T1</name><styleUrl>#stT1</styleUrl><LineString><tessellate>1</tessellate><coordinates>-47.419680,-6.328150,0 -47.419230,-6.328170,0</coordinates></LineString></Placemark>
<Placemark><name>T1</name><styleUrl>#stT1</styleUrl><LineString><tessellate>1</tessellate><coordinates>-47.419230,-6.328170,0 -47.419100,-6.328170,0</coordinates></LineString></Placemark>
<Placemark><name>T1</name><styleUrl>#stT1</styleUrl><LineString><tessellate>1</tessellate><coordinates>-47.419100,-6.328170,0 -47.418140,-6.328190,0</coordinates></LineString></Placemark>
<Placemark><name>T1</name><styleUrl>#stT1</styleUrl><LineString><tessellate>1</tessellate><coordinates>-47.419230,-6.328150,0 -47.419240,-6.328030,0</coordinates></LineString></Placemark>
<Placemark><name>T1</name><styleUrl>#stT1</styleUrl><LineString><tessellate>1</tessellate><coordinates>-47.419680,-6.328180,0 -47.419720,-6.328430,0</coordinates></LineString></Placemark>
<Placemark><name>T1</name><styleUrl>#stT1</styleUrl><LineString><tessellate>1</tessellate><coordinates>-47.419720,-6.328430,0 -47.419760,-6.329090,0</coordinates></LineString></Placemark>
<Placemark><name>T1</name><styleUrl>#stT1</styleUrl><LineString><tessellate>1</tessellate><coordinates>-47.419760,-6.329090,0 -47.419770,-6.329140,0</coordinates></LineString></Placemark>
<Placemark><name>T1</name><styleUrl>#stT1</styleUrl><LineString><tessellate>1</tessellate><coordinates>-47.419760,-6.329090,0 -47.419710,-6.329090,0</coordinates></LineString></Placemark>
<Placemark><name>T1</name><styleUrl>#stT1</styleUrl><LineString><tessellate>1</tessellate><coordinates>-47.419760,-6.329090,0 -47.420280,-6.329100,0</coordinates></LineString></Placemark>
<Placemark><name>T1</name><styleUrl>#stT1</styleUrl><LineString><tessellate>1</tessellate><coordinates>-47.419710,-6.329090,0 -47.419670,-6.329080,0</coordinates></LineString></Placemark>
<Placemark><name>T1</name><styleUrl>#stT1</styleUrl><LineString><tessellate>1</tessellate><coordinates>-47.419670,-6.329080,0 -47.419490,-6.329080,0</coordinates></LineString></Placemark>
<Placemark><name>T1</name><styleUrl>#stT1</styleUrl><LineString><tessellate>1</tessellate><coordinates>-47.419490,-6.329080,0 -47.419150,-6.329070,0</coordinates></LineString></Placemark>
<Placemark><name>T1</name><styleUrl>#stT1</styleUrl><LineString><tessellate>1</tessellate><coordinates>-47.419150,-6.329070,0 -47.419120,-6.329070,0</coordinates></LineString></Placemark>
<Placemark><name>T1</name><styleUrl>#stT1</styleUrl><LineString><tessellate>1</tessellate><coordinates>-47.419120,-6.329070,0 -47.418210,-6.329050,0</coordinates></LineString></Placemark>
<Placemark><name>T1</name><styleUrl>#stT1</styleUrl><LineString><tessellate>1</tessellate><coordinates>-47.420050,-6.328170,0 -47.419910,-6.328200,0</coordinates></LineString></Placemark>
<Placemark><name>T1</name><styleUrl>#stT1</styleUrl><LineString><tessellate>1</tessellate><coordinates>-47.420030,-6.328150,0 -47.420050,-6.328170,0</coordinates></LineString></Placemark>
<Placemark><name>T1</name><styleUrl>#stT1</styleUrl><LineString><tessellate>1</tessellate><coordinates>-47.418060,-6.328200,0 -47.418050,-6.328030,0</coordinates></LineString></Placemark>
<Placemark><name>T1</name><styleUrl>#stT1</styleUrl><LineString><tessellate>1</tessellate><coordinates>-47.418060,-6.328200,0 -47.417790,-6.328170,0</coordinates></LineString></Placemark>
<Placemark><name>T1</name><styleUrl>#stT1</styleUrl><LineString><tessellate>1</tessellate><coordinates>-47.418160,-6.328190,0 -47.418060,-6.328200,0</coordinates></LineString></Placemark>
<Placemark><name>T1</name><styleUrl>#stT1</styleUrl><LineString><tessellate>1</tessellate><coordinates>-47.418060,-6.328200,0 -47.418070,-6.328380,0</coordinates></LineString></Placemark>
<Placemark><name>T1</name><styleUrl>#stT1</styleUrl><LineString><tessellate>1</tessellate><coordinates>-47.419730,-6.328420,0 -47.419770,-6.328370,0</coordinates></LineString></Placemark>
<Placemark><name>T1</name><styleUrl>#stT1</styleUrl><LineString><tessellate>1</tessellate><coordinates>-47.419770,-6.328370,0 -47.419630,-6.328350,0</coordinates></LineString></Placemark>
<Placemark><name>T1</name><styleUrl>#stT1</styleUrl><LineString><tessellate>1</tessellate><coordinates>-47.417900,-6.318590,0 -47.417870,-6.318580,0</coordinates></LineString></Placemark>
<Placemark><name>T1</name><styleUrl>#stT1</styleUrl><LineString><tessellate>1</tessellate><coordinates>-47.417870,-6.318580,0 -47.417860,-6.318560,0</coordinates></LineString></Placemark>
<Placemark><name>T1</name><styleUrl>#stT1</styleUrl><LineString><tessellate>1</tessellate><coordinates>-47.417900,-6.318590,0 -47.417980,-6.317440,0</coordinates></LineString></Placemark>
<Placemark><name>T1</name><styleUrl>#stT1</styleUrl><LineString><tessellate>1</tessellate><coordinates>-47.417830,-6.320800,0 -47.417900,-6.318590,0</coordinates></LineString></Placemark>
<Placemark><name>T1</name><styleUrl>#stT1</styleUrl><LineString><tessellate>1</tessellate><coordinates>-47.417860,-6.318560,0 -47.417810,-6.318570,0</coordinates></LineString></Placemark>
<Placemark><name>T1</name><styleUrl>#stT1</styleUrl><LineString><tessellate>1</tessellate><coordinates>-47.417980,-6.317440,0 -47.417990,-6.317360,0</coordinates></LineString></Placemark>
<Placemark><name>T1</name><styleUrl>#stT1</styleUrl><LineString><tessellate>1</tessellate><coordinates>-47.417980,-6.317440,0 -47.419260,-6.317420,0</coordinates></LineString></Placemark>
<Placemark><name>T1</name><styleUrl>#stT1</styleUrl><LineString><tessellate>1</tessellate><coordinates>-47.417980,-6.317440,0 -47.417920,-6.317420,0</coordinates></LineString></Placemark>
<Placemark><name>T1</name><styleUrl>#stT1</styleUrl><LineString><tessellate>1</tessellate><coordinates>-47.417830,-6.320830,0 -47.417830,-6.320800,0</coordinates></LineString></Placemark>
<Placemark><name>T1</name><styleUrl>#stT1</styleUrl><LineString><tessellate>1</tessellate><coordinates>-47.419260,-6.317420,0 -47.419540,-6.317420,0</coordinates></LineString></Placemark>
<Placemark><name>T1</name><styleUrl>#stT1</styleUrl><LineString><tessellate>1</tessellate><coordinates>-47.417830,-6.321200,0 -47.417830,-6.320830,0</coordinates></LineString></Placemark>
<Placemark><name>T1</name><styleUrl>#stT1</styleUrl><LineString><tessellate>1</tessellate><coordinates>-47.417850,-6.321960,0 -47.417830,-6.321200,0</coordinates></LineString></Placemark>
<Placemark><name>T1</name><styleUrl>#stT1</styleUrl><LineString><tessellate>1</tessellate><coordinates>-47.417850,-6.321960,0 -47.417810,-6.321960,0</coordinates></LineString></Placemark>
<Placemark><name>T1</name><styleUrl>#stT1</styleUrl><LineString><tessellate>1</tessellate><coordinates>-47.417850,-6.321960,0 -47.418480,-6.321880,0</coordinates></LineString></Placemark>
<Placemark><name>T1</name><styleUrl>#stT1</styleUrl><LineString><tessellate>1</tessellate><coordinates>-47.417960,-6.323000,0 -47.417850,-6.321960,0</coordinates></LineString></Placemark>
<Placemark><name>T1</name><styleUrl>#stT1</styleUrl><LineString><tessellate>1</tessellate><coordinates>-47.417960,-6.323000,0 -47.418010,-6.323000,0</coordinates></LineString></Placemark>
<Placemark><name>T1</name><styleUrl>#stT1</styleUrl><LineString><tessellate>1</tessellate><coordinates>-47.417960,-6.323000,0 -47.417300,-6.323020,0</coordinates></LineString></Placemark>
<Placemark><name>T1</name><styleUrl>#stT1</styleUrl><LineString><tessellate>1</tessellate><coordinates>-47.418040,-6.323380,0 -47.417960,-6.323000,0</coordinates></LineString></Placemark>
<Placemark><name>T1</name><styleUrl>#stT1</styleUrl><LineString><tessellate>1</tessellate><coordinates>-47.418010,-6.323000,0 -47.418040,-6.323000,0</coordinates></LineString></Placemark>
<Placemark><name>T1</name><styleUrl>#stT1</styleUrl><LineString><tessellate>1</tessellate><coordinates>-47.417300,-6.323020,0 -47.417260,-6.323030,0</coordinates></LineString></Placemark>
<Placemark><name>T1</name><styleUrl>#stT1</styleUrl><LineString><tessellate>1</tessellate><coordinates>-47.418080,-6.323550,0 -47.418040,-6.323380,0</coordinates></LineString></Placemark>
<Placemark><name>T1</name><styleUrl>#stT1</styleUrl><LineString><tessellate>1</tessellate><coordinates>-47.418040,-6.323000,0 -47.420260,-6.323160,0</coordinates></LineString></Placemark>
<Placemark><name>T1</name><styleUrl>#stT1</styleUrl><LineString><tessellate>1</tessellate><coordinates>-47.417260,-6.323030,0 -47.416580,-6.323150,0</coordinates></LineString></Placemark>
<Placemark><name>T1</name><styleUrl>#stT1</styleUrl><LineString><tessellate>1</tessellate><coordinates>-47.418090,-6.323580,0 -47.418080,-6.323550,0</coordinates></LineString></Placemark>
<Placemark><name>T1</name><styleUrl>#stT1</styleUrl><LineString><tessellate>1</tessellate><coordinates>-47.416580,-6.323150,0 -47.416110,-6.323670,0</coordinates></LineString></Placemark>
<Placemark><name>T1</name><styleUrl>#stT1</styleUrl><LineString><tessellate>1</tessellate><coordinates>-47.418150,-6.325160,0 -47.418090,-6.323580,0</coordinates></LineString></Placemark>
<Placemark><name>T1</name><styleUrl>#stT1</styleUrl><LineString><tessellate>1</tessellate><coordinates>-47.416110,-6.323670,0 -47.415900,-6.323930,0</coordinates></LineString></Placemark>
<Placemark><name>T1</name><styleUrl>#stT1</styleUrl><LineString><tessellate>1</tessellate><coordinates>-47.418110,-6.325940,0 -47.418150,-6.325160,0</coordinates></LineString></Placemark>
<Placemark><name>T1</name><styleUrl>#stT1</styleUrl><LineString><tessellate>1</tessellate><coordinates>-47.418040,-6.327990,0 -47.418110,-6.325940,0</coordinates></LineString></Placemark>
<Placemark><name>T1</name><styleUrl>#stT1</styleUrl><LineString><tessellate>1</tessellate><coordinates>-47.417740,-6.330160,0 -47.417820,-6.330170,0</coordinates></LineString></Placemark>
<Placemark><name>T1</name><styleUrl>#stT1</styleUrl><LineString><tessellate>1</tessellate><coordinates>-47.417740,-6.330160,0 -47.417630,-6.330740,0</coordinates></LineString></Placemark>
<Placemark><name>T1</name><styleUrl>#stT1</styleUrl><LineString><tessellate>1</tessellate><coordinates>-47.417740,-6.330160,0 -47.417270,-6.330100,0</coordinates></LineString></Placemark>
<Placemark><name>T1</name><styleUrl>#stT1</styleUrl><LineString><tessellate>1</tessellate><coordinates>-47.417870,-6.329470,0 -47.417740,-6.330160,0</coordinates></LineString></Placemark>
<Placemark><name>T1</name><styleUrl>#stT1</styleUrl><LineString><tessellate>1</tessellate><coordinates>-47.417870,-6.329470,0 -47.417790,-6.329460,0</coordinates></LineString></Placemark>
<Placemark><name>T1</name><styleUrl>#stT1</styleUrl><LineString><tessellate>1</tessellate><coordinates>-47.417950,-6.329040,0 -47.417870,-6.329470,0</coordinates></LineString></Placemark>
<Placemark><name>T1</name><styleUrl>#stT1</styleUrl><LineString><tessellate>1</tessellate><coordinates>-47.417950,-6.329040,0 -47.418190,-6.329050,0</coordinates></LineString></Placemark>
<Placemark><name>T1</name><styleUrl>#stT1</styleUrl><LineString><tessellate>1</tessellate><coordinates>-47.417950,-6.329040,0 -47.417740,-6.329050,0</coordinates></LineString></Placemark>
<Placemark><name>T1</name><styleUrl>#stT1</styleUrl><LineString><tessellate>1</tessellate><coordinates>-47.418070,-6.328410,0 -47.417950,-6.329040,0</coordinates></LineString></Placemark>
<Placemark><name>T1</name><styleUrl>#stT1</styleUrl><LineString><tessellate>1</tessellate><coordinates>-47.415770,-6.328140,0 -47.415600,-6.328140,0</coordinates></LineString></Placemark>
<Placemark><name>T1</name><styleUrl>#stT1</styleUrl><LineString><tessellate>1</tessellate><coordinates>-47.415770,-6.328140,0 -47.415740,-6.328100,0</coordinates></LineString></Placemark>
<Placemark><name>T1</name><styleUrl>#stT1</styleUrl><LineString><tessellate>1</tessellate><coordinates>-47.415770,-6.328140,0 -47.415900,-6.328380,0</coordinates></LineString></Placemark>
<Placemark><name>T1</name><styleUrl>#stT1</styleUrl><LineString><tessellate>1</tessellate><coordinates>-47.417520,-6.328160,0 -47.415770,-6.328140,0</coordinates></LineString></Placemark>
<Placemark><name>T1</name><styleUrl>#stT1</styleUrl><LineString><tessellate>1</tessellate><coordinates>-47.415600,-6.328140,0 -47.415440,-6.328140,0</coordinates></LineString></Placemark>
<Placemark><name>T1</name><styleUrl>#stT1</styleUrl><LineString><tessellate>1</tessellate><coordinates>-47.415900,-6.328380,0 -47.415910,-6.328410,0</coordinates></LineString></Placemark>
<Placemark><name>T1</name><styleUrl>#stT1</styleUrl><LineString><tessellate>1</tessellate><coordinates>-47.417760,-6.328170,0 -47.417520,-6.328160,0</coordinates></LineString></Placemark>
<Placemark><name>T1</name><styleUrl>#stT1</styleUrl><LineString><tessellate>1</tessellate><coordinates>-47.415440,-6.328140,0 -47.415400,-6.328140,0</coordinates></LineString></Placemark>
<Placemark><name>T1</name><styleUrl>#stT1</styleUrl><LineString><tessellate>1</tessellate><coordinates>-47.415910,-6.328410,0 -47.416100,-6.328750,0</coordinates></LineString></Placemark>
<Placemark><name>T1</name><styleUrl>#stT1</styleUrl><LineString><tessellate>1</tessellate><coordinates>-47.415400,-6.328140,0 -47.414900,-6.328250,0</coordinates></LineString></Placemark>
<Placemark><name>T1</name><styleUrl>#stT1</styleUrl><LineString><tessellate>1</tessellate><coordinates>-47.416100,-6.328750,0 -47.416270,-6.329040,0</coordinates></LineString></Placemark>
<Placemark><name>T1</name><styleUrl>#stT1</styleUrl><LineString><tessellate>1</tessellate><coordinates>-47.418160,-6.325170,0 -47.418230,-6.325180,0</coordinates></LineString></Placemark>
<Placemark><name>T1</name><styleUrl>#stT1</styleUrl><LineString><tessellate>1</tessellate><coordinates>-47.420280,-6.323150,0 -47.420290,-6.323170,0</coordinates></LineString></Placemark>
<Placemark><name>T1</name><styleUrl>#stT1</styleUrl><LineString><tessellate>1</tessellate><coordinates>-47.420290,-6.323170,0 -47.420350,-6.323170,0</coordinates></LineString></Placemark>
<Placemark><name>T1</name><styleUrl>#stT1</styleUrl><LineString><tessellate>1</tessellate><coordinates>-47.420280,-6.323150,0 -47.420280,-6.323110,0</coordinates></LineString></Placemark>
<Placemark><name>T1</name><styleUrl>#stT1</styleUrl><LineString><tessellate>1</tessellate><coordinates>-47.420260,-6.323160,0 -47.420280,-6.323150,0</coordinates></LineString></Placemark>
<Placemark><name>T1</name><styleUrl>#stT1</styleUrl><LineString><tessellate>1</tessellate><coordinates>-47.420350,-6.323170,0 -47.420380,-6.323170,0</coordinates></LineString></Placemark>
<Placemark><name>T1</name><styleUrl>#stT1</styleUrl><LineString><tessellate>1</tessellate><coordinates>-47.420280,-6.323110,0 -47.420130,-6.323100,0</coordinates></LineString></Placemark>
<Placemark><name>T1</name><styleUrl>#stT1</styleUrl><LineString><tessellate>1</tessellate><coordinates>-47.420380,-6.323170,0 -47.420990,-6.323220,0</coordinates></LineString></Placemark>
<Placemark><name>T1</name><styleUrl>#stT1</styleUrl><LineString><tessellate>1</tessellate><coordinates>-47.420990,-6.323220,0 -47.421310,-6.323250,0</coordinates></LineString></Placemark>
<Placemark><name>T1</name><styleUrl>#stT1</styleUrl><LineString><tessellate>1</tessellate><coordinates>-47.412290,-6.320670,0 -47.412300,-6.320640,0</coordinates></LineString></Placemark>
<Placemark><name>T1</name><styleUrl>#stT1</styleUrl><LineString><tessellate>1</tessellate><coordinates>-47.412900,-6.320730,0 -47.412290,-6.320670,0</coordinates></LineString></Placemark>
<Placemark><name>T1</name><styleUrl>#stT1</styleUrl><LineString><tessellate>1</tessellate><coordinates>-47.412300,-6.320640,0 -47.412440,-6.320100,0</coordinates></LineString></Placemark>
<Placemark><name>T1</name><styleUrl>#stT1</styleUrl><LineString><tessellate>1</tessellate><coordinates>-47.413710,-6.321150,0 -47.412900,-6.320730,0</coordinates></LineString></Placemark>
<Placemark><name>T1</name><styleUrl>#stT1</styleUrl><LineString><tessellate>1</tessellate><coordinates>-47.412440,-6.320100,0 -47.412430,-6.320070,0</coordinates></LineString></Placemark>
<Placemark><name>T1</name><styleUrl>#stT1</styleUrl><LineString><tessellate>1</tessellate><coordinates>-47.413740,-6.321180,0 -47.413710,-6.321150,0</coordinates></LineString></Placemark>
<Placemark><name>T1</name><styleUrl>#stT1</styleUrl><LineString><tessellate>1</tessellate><coordinates>-47.414800,-6.321860,0 -47.413740,-6.321180,0</coordinates></LineString></Placemark>
<Placemark><name>T1</name><styleUrl>#stT1</styleUrl><LineString><tessellate>1</tessellate><coordinates>-47.414840,-6.321880,0 -47.414800,-6.321860,0</coordinates></LineString></Placemark>
<Placemark><name>T1</name><styleUrl>#stT1</styleUrl><LineString><tessellate>1</tessellate><coordinates>-47.416000,-6.322730,0 -47.414840,-6.321880,0</coordinates></LineString></Placemark>
<Placemark><name>T1</name><styleUrl>#stT1</styleUrl><LineString><tessellate>1</tessellate><coordinates>-47.416010,-6.322750,0 -47.416000,-6.322730,0</coordinates></LineString></Placemark>
<Placemark><name>T1</name><styleUrl>#stT1</styleUrl><LineString><tessellate>1</tessellate><coordinates>-47.416580,-6.323020,0 -47.416010,-6.322750,0</coordinates></LineString></Placemark>
<Placemark><name>T1</name><styleUrl>#stT1</styleUrl><LineString><tessellate>1</tessellate><coordinates>-47.416580,-6.323050,0 -47.416580,-6.323020,0</coordinates></LineString></Placemark>
<Placemark><name>T1</name><styleUrl>#stT1</styleUrl><LineString><tessellate>1</tessellate><coordinates>-47.416580,-6.323140,0 -47.416580,-6.323050,0</coordinates></LineString></Placemark>
<Placemark><name>T1</name><styleUrl>#stT1</styleUrl><LineString><tessellate>1</tessellate><coordinates>-47.418000,-6.325940,0 -47.417970,-6.325870,0</coordinates></LineString></Placemark>
<Placemark><name>T1</name><styleUrl>#stT1</styleUrl><LineString><tessellate>1</tessellate><coordinates>-47.418100,-6.325940,0 -47.418000,-6.325940,0</coordinates></LineString></Placemark>
<Placemark><name>T1</name><styleUrl>#stT1</styleUrl><LineString><tessellate>1</tessellate><coordinates>-47.417290,-6.330070,0 -47.417260,-6.330070,0</coordinates></LineString></Placemark>
<Placemark><name>T1</name><styleUrl>#stT1</styleUrl><LineString><tessellate>1</tessellate><coordinates>-47.417260,-6.330070,0 -47.417270,-6.330080,0</coordinates></LineString></Placemark>
<Placemark><name>T1</name><styleUrl>#stT1</styleUrl><LineString><tessellate>1</tessellate><coordinates>-47.417270,-6.330100,0 -47.417290,-6.330070,0</coordinates></LineString></Placemark>
<Placemark><name>T1</name><styleUrl>#stT1</styleUrl><LineString><tessellate>1</tessellate><coordinates>-47.417290,-6.330070,0 -47.417270,-6.330090,0</coordinates></LineString></Placemark>
<Placemark><name>T1</name><styleUrl>#stT1</styleUrl><LineString><tessellate>1</tessellate><coordinates>-47.418820,-6.331150,0 -47.418840,-6.331800,0</coordinates></LineString></Placemark>
<Placemark><name>T1</name><styleUrl>#stT1</styleUrl><LineString><tessellate>1</tessellate><coordinates>-47.418820,-6.331150,0 -47.418820,-6.331080,0</coordinates></LineString></Placemark>
<Placemark><name>T1</name><styleUrl>#stT1</styleUrl><LineString><tessellate>1</tessellate><coordinates>-47.417590,-6.330950,0 -47.418820,-6.331150,0</coordinates></LineString></Placemark>
<Placemark><name>T1</name><styleUrl>#stT1</styleUrl><LineString><tessellate>1</tessellate><coordinates>-47.418820,-6.331150,0 -47.419220,-6.331210,0</coordinates></LineString></Placemark>
<Placemark><name>T1</name><styleUrl>#stT1</styleUrl><LineString><tessellate>1</tessellate><coordinates>-47.417590,-6.330950,0 -47.417100,-6.330870,0</coordinates></LineString></Placemark>
<Placemark><name>T1</name><styleUrl>#stT1</styleUrl><LineString><tessellate>1</tessellate><coordinates>-47.417630,-6.330760,0 -47.417590,-6.330950,0</coordinates></LineString></Placemark>
<Placemark><name>T1</name><styleUrl>#stT1</styleUrl><LineString><tessellate>1</tessellate><coordinates>-47.417590,-6.330950,0 -47.417220,-6.332970,0</coordinates></LineString></Placemark>
<Placemark><name>T1</name><styleUrl>#stT1</styleUrl><LineString><tessellate>1</tessellate><coordinates>-47.422630,-6.331760,0 -47.422780,-6.331790,0</coordinates></LineString></Placemark>
<Placemark><name>T1</name><styleUrl>#stT1</styleUrl><LineString><tessellate>1</tessellate><coordinates>-47.422630,-6.331760,0 -47.422630,-6.331920,0</coordinates></LineString></Placemark>
<Placemark><name>T1</name><styleUrl>#stT1</styleUrl><LineString><tessellate>1</tessellate><coordinates>-47.422630,-6.331760,0 -47.422630,-6.331670,0</coordinates></LineString></Placemark>
<Placemark><name>T1</name><styleUrl>#stT1</styleUrl><LineString><tessellate>1</tessellate><coordinates>-47.421090,-6.331520,0 -47.422630,-6.331760,0</coordinates></LineString></Placemark>
<Placemark><name>T1</name><styleUrl>#stT1</styleUrl><LineString><tessellate>1</tessellate><coordinates>-47.421080,-6.331500,0 -47.421090,-6.331520,0</coordinates></LineString></Placemark>
<Placemark><name>T1</name><styleUrl>#stT1</styleUrl><LineString><tessellate>1</tessellate><coordinates>-47.421130,-6.331190,0 -47.421080,-6.331500,0</coordinates></LineString></Placemark>
<Placemark><name>T1</name><styleUrl>#stT1</styleUrl><LineString><tessellate>1</tessellate><coordinates>-47.421130,-6.331190,0 -47.421120,-6.331200,0</coordinates></LineString></Placemark>
<Placemark><name>T1</name><styleUrl>#stT1</styleUrl><LineString><tessellate>1</tessellate><coordinates>-47.421230,-6.330620,0 -47.421130,-6.331190,0</coordinates></LineString></Placemark>
<Placemark><name>T1</name><styleUrl>#stT1</styleUrl><LineString><tessellate>1</tessellate><coordinates>-47.421120,-6.331200,0 -47.421050,-6.331300,0</coordinates></LineString></Placemark>
<Placemark><name>T1</name><styleUrl>#stT1</styleUrl><LineString><tessellate>1</tessellate><coordinates>-47.421230,-6.330620,0 -47.421350,-6.330640,0</coordinates></LineString></Placemark>
<Placemark><name>T1</name><styleUrl>#stT1</styleUrl><LineString><tessellate>1</tessellate><coordinates>-47.421230,-6.330620,0 -47.421280,-6.330310,0</coordinates></LineString></Placemark>
<Placemark><name>T1</name><styleUrl>#stT1</styleUrl><LineString><tessellate>1</tessellate><coordinates>-47.419830,-6.330440,0 -47.421230,-6.330620,0</coordinates></LineString></Placemark>
<Placemark><name>T1</name><styleUrl>#stT1</styleUrl><LineString><tessellate>1</tessellate><coordinates>-47.421050,-6.331300,0 -47.420920,-6.331290,0</coordinates></LineString></Placemark>
<Placemark><name>T1</name><styleUrl>#stT1</styleUrl><LineString><tessellate>1</tessellate><coordinates>-47.421280,-6.330310,0 -47.421330,-6.329990,0</coordinates></LineString></Placemark>
<Placemark><name>T1</name><styleUrl>#stT1</styleUrl><LineString><tessellate>1</tessellate><coordinates>-47.419830,-6.330440,0 -47.419820,-6.330210,0</coordinates></LineString></Placemark>
<Placemark><name>T1</name><styleUrl>#stT1</styleUrl><LineString><tessellate>1</tessellate><coordinates>-47.419830,-6.330440,0 -47.419850,-6.330860,0</coordinates></LineString></Placemark>
<Placemark><name>T1</name><styleUrl>#stT1</styleUrl><LineString><tessellate>1</tessellate><coordinates>-47.419270,-6.330360,0 -47.419830,-6.330440,0</coordinates></LineString></Placemark>
<Placemark><name>T1</name><styleUrl>#stT1</styleUrl><LineString><tessellate>1</tessellate><coordinates>-47.418250,-6.330230,0 -47.419270,-6.330360,0</coordinates></LineString></Placemark>
<Placemark><name>T1</name><styleUrl>#stT1</styleUrl><LineString><tessellate>1</tessellate><coordinates>-47.418250,-6.330230,0 -47.418240,-6.330210,0</coordinates></LineString></Placemark>
<Placemark><name>T1</name><styleUrl>#stT1</styleUrl><LineString><tessellate>1</tessellate><coordinates>-47.417860,-6.330170,0 -47.418250,-6.330230,0</coordinates></LineString></Placemark>
<Placemark><name>T1</name><styleUrl>#stT1</styleUrl><LineString><tessellate>1</tessellate><coordinates>-47.418240,-6.330210,0 -47.418200,-6.330170,0</coordinates></LineString></Placemark>
<Placemark><name>T1</name><styleUrl>#stT1</styleUrl><LineString><tessellate>1</tessellate><coordinates>-47.417700,-6.329050,0 -47.416410,-6.329050,0</coordinates></LineString></Placemark>
<Placemark><name>T1</name><styleUrl>#stT1</styleUrl><LineString><tessellate>1</tessellate><coordinates>-47.416340,-6.329650,0 -47.416350,-6.329770,0</coordinates></LineString></Placemark>
<Placemark><name>T1</name><styleUrl>#stT1</styleUrl><LineString><tessellate>1</tessellate><coordinates>-47.416350,-6.329770,0 -47.416370,-6.329950,0</coordinates></LineString></Placemark>
<Placemark><name>T1</name><styleUrl>#stT1</styleUrl><LineString><tessellate>1</tessellate><coordinates>-47.416320,-6.329350,0 -47.416340,-6.329650,0</coordinates></LineString></Placemark>
<Placemark><name>T1</name><styleUrl>#stT1</styleUrl><LineString><tessellate>1</tessellate><coordinates>-47.416320,-6.329310,0 -47.416320,-6.329350,0</coordinates></LineString></Placemark>
<Placemark><name>T1</name><styleUrl>#stT1</styleUrl><LineString><tessellate>1</tessellate><coordinates>-47.416290,-6.329130,0 -47.416320,-6.329310,0</coordinates></LineString></Placemark>
<Placemark><name>T1</name><styleUrl>#stT1</styleUrl><LineString><tessellate>1</tessellate><coordinates>-47.416290,-6.329130,0 -47.416160,-6.329210,0</coordinates></LineString></Placemark>
<Placemark><name>T1</name><styleUrl>#stT1</styleUrl><LineString><tessellate>1</tessellate><coordinates>-47.416290,-6.329130,0 -47.416380,-6.329050,0</coordinates></LineString></Placemark>
<Placemark><name>T1</name><styleUrl>#stT1</styleUrl><LineString><tessellate>1</tessellate><coordinates>-47.416270,-6.329050,0 -47.416290,-6.329130,0</coordinates></LineString></Placemark>
<Placemark><name>T1</name><styleUrl>#stT1</styleUrl><LineString><tessellate>1</tessellate><coordinates>-47.414840,-6.328250,0 -47.413760,-6.328320,0</coordinates></LineString></Placemark>
<Placemark><name>T1</name><styleUrl>#stT1</styleUrl><LineString><tessellate>1</tessellate><coordinates>-47.418910,-6.334890,0 -47.418910,-6.335620,0</coordinates></LineString></Placemark>
<Placemark><name>T1</name><styleUrl>#stT1</styleUrl><LineString><tessellate>1</tessellate><coordinates>-47.418840,-6.331770,0 -47.418910,-6.334890,0</coordinates></LineString></Placemark>
<Placemark><name>T1</name><styleUrl>#stT1</styleUrl><LineString><tessellate>1</tessellate><coordinates>-47.418910,-6.335620,0 -47.418910,-6.335960,0</coordinates></LineString></Placemark>
<Placemark><name>T1</name><styleUrl>#stT1</styleUrl><LineString><tessellate>1</tessellate><coordinates>-47.419820,-6.330860,0 -47.419460,-6.330870,0</coordinates></LineString></Placemark>
<Placemark><name>T1</name><styleUrl>#stT1</styleUrl><LineString><tessellate>1</tessellate><coordinates>-47.419460,-6.330870,0 -47.419270,-6.330870,0</coordinates></LineString></Placemark>
<Placemark><name>T1</name><styleUrl>#stT1</styleUrl><LineString><tessellate>1</tessellate><coordinates>-47.422680,-6.333050,0 -47.422770,-6.333970,0</coordinates></LineString></Placemark>
<Placemark><name>T1</name><styleUrl>#stT1</styleUrl><LineString><tessellate>1</tessellate><coordinates>-47.422770,-6.333970,0 -47.422810,-6.334000,0</coordinates></LineString></Placemark>
<Placemark><name>T1</name><styleUrl>#stT1</styleUrl><LineString><tessellate>1</tessellate><coordinates>-47.422630,-6.331970,0 -47.422680,-6.333050,0</coordinates></LineString></Placemark>
<Placemark><name>T1</name><styleUrl>#stT1</styleUrl><LineString><tessellate>1</tessellate><coordinates>-47.416390,-6.329770,0 -47.416740,-6.329800,0</coordinates></LineString></Placemark>
<Placemark><name>T1</name><styleUrl>#stT1</styleUrl><LineString><tessellate>1</tessellate><coordinates>-47.415710,-6.316390,0 -47.414710,-6.314920,0</coordinates></LineString></Placemark>
<Placemark><name>T1</name><styleUrl>#stT1</styleUrl><LineString><tessellate>1</tessellate><coordinates>-47.415730,-6.316420,0 -47.415710,-6.316390,0</coordinates></LineString></Placemark>
<Placemark><name>T1</name><styleUrl>#stT1</styleUrl><LineString><tessellate>1</tessellate><coordinates>-47.417080,-6.318280,0 -47.415730,-6.316420,0</coordinates></LineString></Placemark>
<Placemark><name>T1</name><styleUrl>#stT1</styleUrl><LineString><tessellate>1</tessellate><coordinates>-47.417110,-6.318290,0 -47.417080,-6.318280,0</coordinates></LineString></Placemark>
<Placemark><name>T1</name><styleUrl>#stT1</styleUrl><LineString><tessellate>1</tessellate><coordinates>-47.417810,-6.318530,0 -47.417110,-6.318290,0</coordinates></LineString></Placemark>
<Placemark><name>T1</name><styleUrl>#stT1</styleUrl><LineString><tessellate>1</tessellate><coordinates>-47.417830,-6.318530,0 -47.417810,-6.318530,0</coordinates></LineString></Placemark>
<Placemark><name>T1</name><styleUrl>#stT1</styleUrl><LineString><tessellate>1</tessellate><coordinates>-47.417810,-6.318530,0 -47.417810,-6.318560,0</coordinates></LineString></Placemark>
<Placemark><name>T1</name><styleUrl>#stT1</styleUrl><LineString><tessellate>1</tessellate><coordinates>-47.418820,-6.335980,0 -47.418060,-6.336190,0</coordinates></LineString></Placemark>
<Placemark><name>T1</name><styleUrl>#stT1</styleUrl><LineString><tessellate>1</tessellate><coordinates>-47.418860,-6.334930,0 -47.418080,-6.335500,0</coordinates></LineString></Placemark>
<Placemark><name>T1</name><styleUrl>#stT1</styleUrl><LineString><tessellate>1</tessellate><coordinates>-47.422770,-6.333970,0 -47.422760,-6.333990,0</coordinates></LineString></Placemark>
<Placemark><name>T1</name><styleUrl>#stT1</styleUrl><LineString><tessellate>1</tessellate><coordinates>-47.414710,-6.314930,0 -47.414660,-6.314970,0</coordinates></LineString></Placemark>
<Placemark><name>T1</name><styleUrl>#stT1</styleUrl><LineString><tessellate>1</tessellate><coordinates>-47.413080,-6.307650,0 -47.414420,-6.306990,0</coordinates></LineString></Placemark>
<Placemark><name>T1</name><styleUrl>#stT1</styleUrl><LineString><tessellate>1</tessellate><coordinates>-47.418080,-6.335500,0 -47.418040,-6.335520,0</coordinates></LineString></Placemark>
<Placemark><name>T1</name><styleUrl>#stT1</styleUrl><LineString><tessellate>1</tessellate><coordinates>-47.413120,-6.307710,0 -47.413930,-6.308920,0</coordinates></LineString></Placemark>
<Placemark><name>T1</name><styleUrl>#stT1</styleUrl><LineString><tessellate>1</tessellate><coordinates>-47.428690,-6.307530,0 -47.428580,-6.307480,0</coordinates></LineString></Placemark>
<Placemark><name>T1</name><styleUrl>#stT1</styleUrl><LineString><tessellate>1</tessellate><coordinates>-47.424720,-6.315970,0 -47.424720,-6.315990,0</coordinates></LineString></Placemark>
<Placemark><name>T1</name><styleUrl>#stT1</styleUrl><LineString><tessellate>1</tessellate><coordinates>-47.424720,-6.315990,0 -47.424780,-6.316530,0</coordinates></LineString></Placemark>
<Placemark><name>T1</name><styleUrl>#stT1</styleUrl><LineString><tessellate>1</tessellate><coordinates>-47.425160,-6.314130,0 -47.424720,-6.315970,0</coordinates></LineString></Placemark>
<Placemark><name>T1</name><styleUrl>#stT1</styleUrl><LineString><tessellate>1</tessellate><coordinates>-47.424780,-6.316530,0 -47.425510,-6.317810,0</coordinates></LineString></Placemark>
<Placemark><name>T1</name><styleUrl>#stT1</styleUrl><LineString><tessellate>1</tessellate><coordinates>-47.425170,-6.314120,0 -47.425160,-6.314130,0</coordinates></LineString></Placemark>
<Placemark><name>T1</name><styleUrl>#stT1</styleUrl><LineString><tessellate>1</tessellate><coordinates>-47.425510,-6.317810,0 -47.425520,-6.317840,0</coordinates></LineString></Placemark>
<Placemark><name>T1</name><styleUrl>#stT1</styleUrl><LineString><tessellate>1</tessellate><coordinates>-47.425310,-6.313540,0 -47.425170,-6.314120,0</coordinates></LineString></Placemark>
<Placemark><name>T1</name><styleUrl>#stT1</styleUrl><LineString><tessellate>1</tessellate><coordinates>-47.425520,-6.317840,0 -47.425860,-6.318670,0</coordinates></LineString></Placemark>
<Placemark><name>T1</name><styleUrl>#stT1</styleUrl><LineString><tessellate>1</tessellate><coordinates>-47.425320,-6.313530,0 -47.425310,-6.313540,0</coordinates></LineString></Placemark>
<Placemark><name>T1</name><styleUrl>#stT1</styleUrl><LineString><tessellate>1</tessellate><coordinates>-47.425860,-6.318670,0 -47.425870,-6.318700,0</coordinates></LineString></Placemark>
<Placemark><name>T1</name><styleUrl>#stT1</styleUrl><LineString><tessellate>1</tessellate><coordinates>-47.425730,-6.312190,0 -47.425320,-6.313530,0</coordinates></LineString></Placemark>
<Placemark><name>T1</name><styleUrl>#stT1</styleUrl><LineString><tessellate>1</tessellate><coordinates>-47.425870,-6.318700,0 -47.425980,-6.319110,0</coordinates></LineString></Placemark>
<Placemark><name>T1</name><styleUrl>#stT1</styleUrl><LineString><tessellate>1</tessellate><coordinates>-47.425740,-6.312160,0 -47.425730,-6.312190,0</coordinates></LineString></Placemark>
<Placemark><name>T1</name><styleUrl>#stT1</styleUrl><LineString><tessellate>1</tessellate><coordinates>-47.425980,-6.319110,0 -47.425980,-6.319130,0</coordinates></LineString></Placemark>
<Placemark><name>T1</name><styleUrl>#stT1</styleUrl><LineString><tessellate>1</tessellate><coordinates>-47.426240,-6.310770,0 -47.425740,-6.312160,0</coordinates></LineString></Placemark>
<Placemark><name>T1</name><styleUrl>#stT1</styleUrl><LineString><tessellate>1</tessellate><coordinates>-47.425980,-6.319130,0 -47.426450,-6.321430,0</coordinates></LineString></Placemark>
<Placemark><name>T1</name><styleUrl>#stT1</styleUrl><LineString><tessellate>1</tessellate><coordinates>-47.426250,-6.310740,0 -47.426240,-6.310770,0</coordinates></LineString></Placemark>
<Placemark><name>T1</name><styleUrl>#stT1</styleUrl><LineString><tessellate>1</tessellate><coordinates>-47.426380,-6.310410,0 -47.426250,-6.310740,0</coordinates></LineString></Placemark>
<Placemark><name>T1</name><styleUrl>#stT1</styleUrl><LineString><tessellate>1</tessellate><coordinates>-47.426680,-6.309430,0 -47.426380,-6.310410,0</coordinates></LineString></Placemark>
<Placemark><name>T1</name><styleUrl>#stT1</styleUrl><LineString><tessellate>1</tessellate><coordinates>-47.426680,-6.309400,0 -47.426680,-6.309430,0</coordinates></LineString></Placemark>
<Placemark><name>T1</name><styleUrl>#stT1</styleUrl><LineString><tessellate>1</tessellate><coordinates>-47.427320,-6.307690,0 -47.426680,-6.309400,0</coordinates></LineString></Placemark>
<Placemark><name>T1</name><styleUrl>#stT1</styleUrl><LineString><tessellate>1</tessellate><coordinates>-47.427330,-6.307660,0 -47.427320,-6.307690,0</coordinates></LineString></Placemark>
<Placemark><name>T1</name><styleUrl>#stT1</styleUrl><LineString><tessellate>1</tessellate><coordinates>-47.427710,-6.307110,0 -47.427330,-6.307660,0</coordinates></LineString></Placemark>
<Placemark><name>T1</name><styleUrl>#stT1</styleUrl><LineString><tessellate>1</tessellate><coordinates>-47.427730,-6.307110,0 -47.427710,-6.307110,0</coordinates></LineString></Placemark>
<Placemark><name>T1</name><styleUrl>#stT1</styleUrl><LineString><tessellate>1</tessellate><coordinates>-47.428550,-6.307470,0 -47.427730,-6.307110,0</coordinates></LineString></Placemark>
<Placemark><name>T1</name><styleUrl>#stT1</styleUrl><LineString><tessellate>1</tessellate><coordinates>-47.424780,-6.316540,0 -47.424700,-6.316540,0</coordinates></LineString></Placemark>
<Placemark><name>T1</name><styleUrl>#stT1</styleUrl><LineString><tessellate>1</tessellate><coordinates>-47.426730,-6.322710,0 -47.426640,-6.322730,0</coordinates></LineString></Placemark>
<Placemark><name>T1</name><styleUrl>#stT1</styleUrl><LineString><tessellate>1</tessellate><coordinates>-47.426700,-6.322540,0 -47.426730,-6.322710,0</coordinates></LineString></Placemark>
<Placemark><name>T1</name><styleUrl>#stT1</styleUrl><LineString><tessellate>1</tessellate><coordinates>-47.426730,-6.322710,0 -47.426760,-6.322820,0</coordinates></LineString></Placemark>
<Placemark><name>T1</name><styleUrl>#stT1</styleUrl><LineString><tessellate>1</tessellate><coordinates>-47.426730,-6.322710,0 -47.426930,-6.322690,0</coordinates></LineString></Placemark>
<Placemark><name>T1</name><styleUrl>#stT1</styleUrl><LineString><tessellate>1</tessellate><coordinates>-47.426530,-6.321760,0 -47.426700,-6.322540,0</coordinates></LineString></Placemark>
<Placemark><name>T1</name><styleUrl>#stT1</styleUrl><LineString><tessellate>1</tessellate><coordinates>-47.426460,-6.321460,0 -47.426530,-6.321760,0</coordinates></LineString></Placemark>
<Placemark><name>T1</name><styleUrl>#stT1</styleUrl><LineString><tessellate>1</tessellate><coordinates>-47.427010,-6.323870,0 -47.426880,-6.323920,0</coordinates></LineString></Placemark>
<Placemark><name>T1</name><styleUrl>#stT1</styleUrl><LineString><tessellate>1</tessellate><coordinates>-47.427010,-6.323870,0 -47.427040,-6.323990,0</coordinates></LineString></Placemark>
<Placemark><name>T1</name><styleUrl>#stT1</styleUrl><LineString><tessellate>1</tessellate><coordinates>-47.427010,-6.323870,0 -47.427100,-6.323860,0</coordinates></LineString></Placemark>
<Placemark><name>T1</name><styleUrl>#stT1</styleUrl><LineString><tessellate>1</tessellate><coordinates>-47.426760,-6.322840,0 -47.427010,-6.323870,0</coordinates></LineString></Placemark>
<Placemark><name>T1</name><styleUrl>#stT1</styleUrl><LineString><tessellate>1</tessellate><coordinates>-47.427100,-6.323860,0 -47.427120,-6.323860,0</coordinates></LineString></Placemark>
<Placemark><name>T1</name><styleUrl>#stT1</styleUrl><LineString><tessellate>1</tessellate><coordinates>-47.427120,-6.323860,0 -47.427890,-6.323690,0</coordinates></LineString></Placemark>
<Placemark><name>T1</name><styleUrl>#stT1</styleUrl><LineString><tessellate>1</tessellate><coordinates>-47.426540,-6.321760,0 -47.426600,-6.321740,0</coordinates></LineString></Placemark>
<Placemark><name>T1</name><styleUrl>#stT1</styleUrl><LineString><tessellate>1</tessellate><coordinates>-47.426600,-6.321740,0 -47.426510,-6.321610,0</coordinates></LineString></Placemark>
<Placemark><name>T1</name><styleUrl>#stT1</styleUrl><LineString><tessellate>1</tessellate><coordinates>-47.427410,-6.322590,0 -47.427410,-6.322600,0</coordinates></LineString></Placemark>
<Placemark><name>T1</name><styleUrl>#stT1</styleUrl><LineString><tessellate>1</tessellate><coordinates>-47.426960,-6.322690,0 -47.427410,-6.322590,0</coordinates></LineString></Placemark>
<Placemark><name>T1</name><styleUrl>#stT1</styleUrl><LineString><tessellate>1</tessellate><coordinates>-47.427410,-6.322590,0 -47.427580,-6.322550,0</coordinates></LineString></Placemark>
<Placemark><name>T1</name><styleUrl>#stT1</styleUrl><LineString><tessellate>1</tessellate><coordinates>-47.427410,-6.322600,0 -47.427530,-6.323180,0</coordinates></LineString></Placemark>
<Placemark><name>T1</name><styleUrl>#stT1</styleUrl><LineString><tessellate>1</tessellate><coordinates>-47.427530,-6.323180,0 -47.427680,-6.323910,0</coordinates></LineString></Placemark>
<Placemark><name>T1</name><styleUrl>#stT1</styleUrl><LineString><tessellate>1</tessellate><coordinates>-47.431900,-6.322600,0 -47.431930,-6.322590,0</coordinates></LineString></Placemark>
<Placemark><name>T1</name><styleUrl>#stT1</styleUrl><LineString><tessellate>1</tessellate><coordinates>-47.431930,-6.322590,0 -47.432040,-6.322540,0</coordinates></LineString></Placemark>
<Placemark><name>T1</name><styleUrl>#stT1</styleUrl><LineString><tessellate>1</tessellate><coordinates>-47.430370,-6.323130,0 -47.431900,-6.322600,0</coordinates></LineString></Placemark>
<Placemark><name>T1</name><styleUrl>#stT1</styleUrl><LineString><tessellate>1</tessellate><coordinates>-47.432040,-6.322540,0 -47.432390,-6.322380,0</coordinates></LineString></Placemark>
<Placemark><name>T1</name><styleUrl>#stT1</styleUrl><LineString><tessellate>1</tessellate><coordinates>-47.432040,-6.322540,0 -47.432080,-6.322630,0</coordinates></LineString></Placemark>
<Placemark><name>T1</name><styleUrl>#stT1</styleUrl><LineString><tessellate>1</tessellate><coordinates>-47.432040,-6.322540,0 -47.431950,-6.322320,0</coordinates></LineString></Placemark>
<Placemark><name>T1</name><styleUrl>#stT1</styleUrl><LineString><tessellate>1</tessellate><coordinates>-47.430350,-6.323130,0 -47.430370,-6.323130,0</coordinates></LineString></Placemark>
<Placemark><name>T1</name><styleUrl>#stT1</styleUrl><LineString><tessellate>1</tessellate><coordinates>-47.432080,-6.322630,0 -47.432090,-6.322650,0</coordinates></LineString></Placemark>
<Placemark><name>T1</name><styleUrl>#stT1</styleUrl><LineString><tessellate>1</tessellate><coordinates>-47.431950,-6.322320,0 -47.431940,-6.322290,0</coordinates></LineString></Placemark>
<Placemark><name>T1</name><styleUrl>#stT1</styleUrl><LineString><tessellate>1</tessellate><coordinates>-47.429940,-6.323200,0 -47.430350,-6.323130,0</coordinates></LineString></Placemark>
<Placemark><name>T1</name><styleUrl>#stT1</styleUrl><LineString><tessellate>1</tessellate><coordinates>-47.432090,-6.322650,0 -47.432310,-6.323180,0</coordinates></LineString></Placemark>
<Placemark><name>T1</name><styleUrl>#stT1</styleUrl><LineString><tessellate>1</tessellate><coordinates>-47.431940,-6.322290,0 -47.431830,-6.321970,0</coordinates></LineString></Placemark>
<Placemark><name>T1</name><styleUrl>#stT1</styleUrl><LineString><tessellate>1</tessellate><coordinates>-47.429920,-6.323200,0 -47.429940,-6.323200,0</coordinates></LineString></Placemark>
<Placemark><name>T1</name><styleUrl>#stT1</styleUrl><LineString><tessellate>1</tessellate><coordinates>-47.432310,-6.323180,0 -47.432450,-6.323550,0</coordinates></LineString></Placemark>
<Placemark><name>T1</name><styleUrl>#stT1</styleUrl><LineString><tessellate>1</tessellate><coordinates>-47.432310,-6.323180,0 -47.433420,-6.322730,0</coordinates></LineString></Placemark>
<Placemark><name>T1</name><styleUrl>#stT1</styleUrl><LineString><tessellate>1</tessellate><coordinates>-47.432310,-6.323180,0 -47.432190,-6.323230,0</coordinates></LineString></Placemark>
<Placemark><name>T1</name><styleUrl>#stT1</styleUrl><LineString><tessellate>1</tessellate><coordinates>-47.431830,-6.321970,0 -47.432000,-6.321920,0</coordinates></LineString></Placemark>
<Placemark><name>T1</name><styleUrl>#stT1</styleUrl><LineString><tessellate>1</tessellate><coordinates>-47.431830,-6.321970,0 -47.430970,-6.322240,0</coordinates></LineString></Placemark>
<Placemark><name>T1</name><styleUrl>#stT1</styleUrl><LineString><tessellate>1</tessellate><coordinates>-47.431830,-6.321970,0 -47.431270,-6.320600,0</coordinates></LineString></Placemark>
<Placemark><name>T1</name><styleUrl>#stT1</styleUrl><LineString><tessellate>1</tessellate><coordinates>-47.427920,-6.323680,0 -47.429920,-6.323200,0</coordinates></LineString></Placemark>
<Placemark><name>T1</name><styleUrl>#stT1</styleUrl><LineString><tessellate>1</tessellate><coordinates>-47.432450,-6.323550,0 -47.432640,-6.324210,0</coordinates></LineString></Placemark>
<Placemark><name>T1</name><styleUrl>#stT1</styleUrl><LineString><tessellate>1</tessellate><coordinates>-47.431270,-6.320600,0 -47.431150,-6.320290,0</coordinates></LineString></Placemark>
<Placemark><name>T1</name><styleUrl>#stT1</styleUrl><LineString><tessellate>1</tessellate><coordinates>-47.432640,-6.324210,0 -47.432650,-6.324240,0</coordinates></LineString></Placemark>
<Placemark><name>T1</name><styleUrl>#stT1</styleUrl><LineString><tessellate>1</tessellate><coordinates>-47.428190,-6.322420,0 -47.428190,-6.322400,0</coordinates></LineString></Placemark>
<Placemark><name>T1</name><styleUrl>#stT1</styleUrl><LineString><tessellate>1</tessellate><coordinates>-47.428190,-6.322400,0 -47.428130,-6.322300,0</coordinates></LineString></Placemark>
<Placemark><name>T1</name><styleUrl>#stT1</styleUrl><LineString><tessellate>1</tessellate><coordinates>-47.427610,-6.322540,0 -47.428190,-6.322420,0</coordinates></LineString></Placemark>
<Placemark><name>T1</name><styleUrl>#stT1</styleUrl><LineString><tessellate>1</tessellate><coordinates>-47.428130,-6.322300,0 -47.427970,-6.322280,0</coordinates></LineString></Placemark>
<Placemark><name>T1</name><styleUrl>#stT1</styleUrl><LineString><tessellate>1</tessellate><coordinates>-47.428300,-6.324940,0 -47.428390,-6.324920,0</coordinates></LineString></Placemark>
<Placemark><name>T1</name><styleUrl>#stT1</styleUrl><LineString><tessellate>1</tessellate><coordinates>-47.428390,-6.324920,0 -47.430420,-6.324620,0</coordinates></LineString></Placemark>
<Placemark><name>T1</name><styleUrl>#stT1</styleUrl><LineString><tessellate>1</tessellate><coordinates>-47.427910,-6.325010,0 -47.428300,-6.324940,0</coordinates></LineString></Placemark>
<Placemark><name>T1</name><styleUrl>#stT1</styleUrl><LineString><tessellate>1</tessellate><coordinates>-47.427910,-6.325010,0 -47.427980,-6.325330,0</coordinates></LineString></Placemark>
<Placemark><name>T1</name><styleUrl>#stT1</styleUrl><LineString><tessellate>1</tessellate><coordinates>-47.427910,-6.325010,0 -47.427570,-6.325070,0</coordinates></LineString></Placemark>
<Placemark><name>T1</name><styleUrl>#stT1</styleUrl><LineString><tessellate>1</tessellate><coordinates>-47.427690,-6.323950,0 -47.427910,-6.325010,0</coordinates></LineString></Placemark>
<Placemark><name>T1</name><styleUrl>#stT1</styleUrl><LineString><tessellate>1</tessellate><coordinates>-47.427980,-6.325330,0 -47.427980,-6.325360,0</coordinates></LineString></Placemark>
<Placemark><name>T1</name><styleUrl>#stT1</styleUrl><LineString><tessellate>1</tessellate><coordinates>-47.427570,-6.325070,0 -47.427540,-6.325100,0</coordinates></LineString></Placemark>
<Placemark><name>T1</name><styleUrl>#stT1</styleUrl><LineString><tessellate>1</tessellate><coordinates>-47.427980,-6.325360,0 -47.427980,-6.325830,0</coordinates></LineString></Placemark>
<Placemark><name>T1</name><styleUrl>#stT1</styleUrl><LineString><tessellate>1</tessellate><coordinates>-47.433770,-6.323310,0 -47.434010,-6.323240,0</coordinates></LineString></Placemark>
<Placemark><name>T1</name><styleUrl>#stT1</styleUrl><LineString><tessellate>1</tessellate><coordinates>-47.433710,-6.323020,0 -47.433770,-6.323310,0</coordinates></LineString></Placemark>
<Placemark><name>T1</name><styleUrl>#stT1</styleUrl><LineString><tessellate>1</tessellate><coordinates>-47.433770,-6.323310,0 -47.433830,-6.323560,0</coordinates></LineString></Placemark>
<Placemark><name>T1</name><styleUrl>#stT1</styleUrl><LineString><tessellate>1</tessellate><coordinates>-47.433770,-6.323310,0 -47.433660,-6.323350,0</coordinates></LineString></Placemark>
<Placemark><name>T1</name><styleUrl>#stT1</styleUrl><LineString><tessellate>1</tessellate><coordinates>-47.433630,-6.322650,0 -47.433710,-6.323020,0</coordinates></LineString></Placemark>
<Placemark><name>T1</name><styleUrl>#stT1</styleUrl><LineString><tessellate>1</tessellate><coordinates>-47.433630,-6.322650,0 -47.433890,-6.322590,0</coordinates></LineString></Placemark>
<Placemark><name>T1</name><styleUrl>#stT1</styleUrl><LineString><tessellate>1</tessellate><coordinates>-47.433630,-6.322650,0 -47.433440,-6.322720,0</coordinates></LineString></Placemark>
<Placemark><name>T1</name><styleUrl>#stT1</styleUrl><LineString><tessellate>1</tessellate><coordinates>-47.433510,-6.321950,0 -47.433630,-6.322650,0</coordinates></LineString></Placemark>
<Placemark><name>T1</name><styleUrl>#stT1</styleUrl><LineString><tessellate>1</tessellate><coordinates>-47.433510,-6.321950,0 -47.433470,-6.321790,0</coordinates></LineString></Placemark>
<Placemark><name>T1</name><styleUrl>#stT1</styleUrl><LineString><tessellate>1</tessellate><coordinates>-47.432420,-6.322370,0 -47.433510,-6.321950,0</coordinates></LineString></Placemark>
<Placemark><name>T1</name><styleUrl>#stT1</styleUrl><LineString><tessellate>1</tessellate><coordinates>-47.433510,-6.321950,0 -47.433580,-6.321930,0</coordinates></LineString></Placemark>
<Placemark><name>T1</name><styleUrl>#stT1</styleUrl><LineString><tessellate>1</tessellate><coordinates>-47.433470,-6.321790,0 -47.433460,-6.321760,0</coordinates></LineString></Placemark>
<Placemark><name>T1</name><styleUrl>#stT1</styleUrl><LineString><tessellate>1</tessellate><coordinates>-47.433460,-6.321760,0 -47.433400,-6.321430,0</coordinates></LineString></Placemark>
<Placemark><name>T1</name><styleUrl>#stT1</styleUrl><LineString><tessellate>1</tessellate><coordinates>-47.427570,-6.325060,0 -47.427550,-6.325050,0</coordinates></LineString></Placemark>
<Placemark><name>T1</name><styleUrl>#stT1</styleUrl><LineString><tessellate>1</tessellate><coordinates>-47.428390,-6.324920,0 -47.428380,-6.324890,0</coordinates></LineString></Placemark>
<Placemark><name>T1</name><styleUrl>#stT1</styleUrl><LineString><tessellate>1</tessellate><coordinates>-47.428380,-6.324890,0 -47.428300,-6.324850,0</coordinates></LineString></Placemark>
<Placemark><name>T1</name><styleUrl>#stT1</styleUrl><LineString><tessellate>1</tessellate><coordinates>-47.427970,-6.325860,0 -47.427860,-6.326120,0</coordinates></LineString></Placemark>
<Placemark><name>T1</name><styleUrl>#stT1</styleUrl><LineString><tessellate>1</tessellate><coordinates>-47.432660,-6.324330,0 -47.433620,-6.324200,0</coordinates></LineString></Placemark>
<Placemark><name>T1</name><styleUrl>#stT1</styleUrl><LineString><tessellate>1</tessellate><coordinates>-47.432660,-6.324330,0 -47.432710,-6.324530,0</coordinates></LineString></Placemark>
<Placemark><name>T1</name><styleUrl>#stT1</styleUrl><LineString><tessellate>1</tessellate><coordinates>-47.432660,-6.324330,0 -47.432650,-6.324250,0</coordinates></LineString></Placemark>
<Placemark><name>T1</name><styleUrl>#stT1</styleUrl><LineString><tessellate>1</tessellate><coordinates>-47.430780,-6.324570,0 -47.432660,-6.324330,0</coordinates></LineString></Placemark>
<Placemark><name>T1</name><styleUrl>#stT1</styleUrl><LineString><tessellate>1</tessellate><coordinates>-47.430530,-6.324610,0 -47.430780,-6.324570,0</coordinates></LineString></Placemark>
<Placemark><name>T1</name><styleUrl>#stT1</styleUrl><LineString><tessellate>1</tessellate><coordinates>-47.430530,-6.324610,0 -47.430610,-6.324820,0</coordinates></LineString></Placemark>
<Placemark><name>T1</name><styleUrl>#stT1</styleUrl><LineString><tessellate>1</tessellate><coordinates>-47.430530,-6.324610,0 -47.430450,-6.324430,0</coordinates></LineString></Placemark>
<Placemark><name>T1</name><styleUrl>#stT1</styleUrl><LineString><tessellate>1</tessellate><coordinates>-47.430430,-6.324620,0 -47.430530,-6.324610,0</coordinates></LineString></Placemark>
<Placemark><name>T1</name><styleUrl>#stT1</styleUrl><LineString><tessellate>1</tessellate><coordinates>-47.434550,-6.323810,0 -47.434430,-6.323840,0</coordinates></LineString></Placemark>
<Placemark><name>T1</name><styleUrl>#stT1</styleUrl><LineString><tessellate>1</tessellate><coordinates>-47.435670,-6.323480,0 -47.434550,-6.323810,0</coordinates></LineString></Placemark>
<Placemark><name>T1</name><styleUrl>#stT1</styleUrl><LineString><tessellate>1</tessellate><coordinates>-47.435890,-6.323440,0 -47.435670,-6.323480,0</coordinates></LineString></Placemark>
<Placemark><name>T1</name><styleUrl>#stT1</styleUrl><LineString><tessellate>1</tessellate><coordinates>-47.435890,-6.323440,0 -47.436010,-6.323860,0</coordinates></LineString></Placemark>
<Placemark><name>T1</name><styleUrl>#stT1</styleUrl><LineString><tessellate>1</tessellate><coordinates>-47.435670,-6.322890,0 -47.435890,-6.323440,0</coordinates></LineString></Placemark>
<Placemark><name>T1</name><styleUrl>#stT1</styleUrl><LineString><tessellate>1</tessellate><coordinates>-47.435890,-6.323440,0 -47.436010,-6.323430,0</coordinates></LineString></Placemark>
<Placemark><name>T1</name><styleUrl>#stT1</styleUrl><LineString><tessellate>1</tessellate><coordinates>-47.436010,-6.323860,0 -47.436030,-6.323860,0</coordinates></LineString></Placemark>
<Placemark><name>T1</name><styleUrl>#stT1</styleUrl><LineString><tessellate>1</tessellate><coordinates>-47.435660,-6.322890,0 -47.435670,-6.322890,0</coordinates></LineString></Placemark>
<Placemark><name>T1</name><styleUrl>#stT1</styleUrl><LineString><tessellate>1</tessellate><coordinates>-47.436030,-6.323860,0 -47.436400,-6.323770,0</coordinates></LineString></Placemark>
<Placemark><name>T1</name><styleUrl>#stT1</styleUrl><LineString><tessellate>1</tessellate><coordinates>-47.434050,-6.323230,0 -47.435660,-6.322890,0</coordinates></LineString></Placemark>
<Placemark><name>T1</name><styleUrl>#stT1</styleUrl><LineString><tessellate>1</tessellate><coordinates>-47.434800,-6.320990,0 -47.434790,-6.320950,0</coordinates></LineString></Placemark>
<Placemark><name>T1</name><styleUrl>#stT1</styleUrl><LineString><tessellate>1</tessellate><coordinates>-47.434790,-6.320950,0 -47.434540,-6.319800,0</coordinates></LineString></Placemark>
<Placemark><name>T1</name><styleUrl>#stT1</styleUrl><LineString><tessellate>1</tessellate><coordinates>-47.435100,-6.322330,0 -47.434800,-6.320990,0</coordinates></LineString></Placemark>
<Placemark><name>T1</name><styleUrl>#stT1</styleUrl><LineString><tessellate>1</tessellate><coordinates>-47.435100,-6.322340,0 -47.435100,-6.322330,0</coordinates></LineString></Placemark>
<Placemark><name>T1</name><styleUrl>#stT1</styleUrl><LineString><tessellate>1</tessellate><coordinates>-47.435100,-6.322340,0 -47.435580,-6.322240,0</coordinates></LineString></Placemark>
<Placemark><name>T1</name><styleUrl>#stT1</styleUrl><LineString><tessellate>1</tessellate><coordinates>-47.433910,-6.322580,0 -47.435100,-6.322340,0</coordinates></LineString></Placemark>
<Placemark><name>T1</name><styleUrl>#stT1</styleUrl><LineString><tessellate>1</tessellate><coordinates>-47.431050,-6.326070,0 -47.431200,-6.326500,0</coordinates></LineString></Placemark>
<Placemark><name>T1</name><styleUrl>#stT1</styleUrl><LineString><tessellate>1</tessellate><coordinates>-47.430860,-6.325540,0 -47.431050,-6.326070,0</coordinates></LineString></Placemark>
<Placemark><name>T1</name><styleUrl>#stT1</styleUrl><LineString><tessellate>1</tessellate><coordinates>-47.430850,-6.325510,0 -47.430860,-6.325540,0</coordinates></LineString></Placemark>
<Placemark><name>T1</name><styleUrl>#stT1</styleUrl><LineString><tessellate>1</tessellate><coordinates>-47.430620,-6.324850,0 -47.430850,-6.325510,0</coordinates></LineString></Placemark>
<Placemark><name>T1</name><styleUrl>#stT1</styleUrl><LineString><tessellate>1</tessellate><coordinates>-47.433930,-6.323940,0 -47.433840,-6.323590,0</coordinates></LineString></Placemark>
<Placemark><name>T1</name><styleUrl>#stT1</styleUrl><LineString><tessellate>1</tessellate><coordinates>-47.433930,-6.323940,0 -47.434450,-6.323830,0</coordinates></LineString></Placemark>
<Placemark><name>T1</name><styleUrl>#stT1</styleUrl><LineString><tessellate>1</tessellate><coordinates>-47.433930,-6.323940,0 -47.433850,-6.323960,0</coordinates></LineString></Placemark>
<Placemark><name>T1</name><styleUrl>#stT1</styleUrl><LineString><tessellate>1</tessellate><coordinates>-47.433970,-6.324140,0 -47.433930,-6.323940,0</coordinates></LineString></Placemark>
<Placemark><name>T1</name><styleUrl>#stT1</styleUrl><LineString><tessellate>1</tessellate><coordinates>-47.433970,-6.324160,0 -47.433970,-6.324140,0</coordinates></LineString></Placemark>
<Placemark><name>T1</name><styleUrl>#stT1</styleUrl><LineString><tessellate>1</tessellate><coordinates>-47.433650,-6.324200,0 -47.433970,-6.324160,0</coordinates></LineString></Placemark>
<Placemark><name>T1</name><styleUrl>#stT1</styleUrl><LineString><tessellate>1</tessellate><coordinates>-47.430440,-6.324400,0 -47.430340,-6.324130,0</coordinates></LineString></Placemark>
<Placemark><name>T1</name><styleUrl>#stT1</styleUrl><LineString><tessellate>1</tessellate><coordinates>-47.433560,-6.326480,0 -47.433610,-6.326440,0</coordinates></LineString></Placemark>
<Placemark><name>T1</name><styleUrl>#stT1</styleUrl><LineString><tessellate>1</tessellate><coordinates>-47.433080,-6.325510,0 -47.433560,-6.326480,0</coordinates></LineString></Placemark>
<Placemark><name>T1</name><styleUrl>#stT1</styleUrl><LineString><tessellate>1</tessellate><coordinates>-47.433070,-6.325480,0 -47.433080,-6.325510,0</coordinates></LineString></Placemark>
<Placemark><name>T1</name><styleUrl>#stT1</styleUrl><LineString><tessellate>1</tessellate><coordinates>-47.432830,-6.324850,0 -47.433070,-6.325480,0</coordinates></LineString></Placemark>
<Placemark><name>T1</name><styleUrl>#stT1</styleUrl><LineString><tessellate>1</tessellate><coordinates>-47.432820,-6.324820,0 -47.432830,-6.324850,0</coordinates></LineString></Placemark>
<Placemark><name>T1</name><styleUrl>#stT1</styleUrl><LineString><tessellate>1</tessellate><coordinates>-47.432770,-6.324710,0 -47.432820,-6.324820,0</coordinates></LineString></Placemark>
<Placemark><name>T1</name><styleUrl>#stT1</styleUrl><LineString><tessellate>1</tessellate><coordinates>-47.432720,-6.324550,0 -47.432770,-6.324710,0</coordinates></LineString></Placemark>
<Placemark><name>T1</name><styleUrl>#stT1</styleUrl><LineString><tessellate>1</tessellate><coordinates>-47.439250,-6.323440,0 -47.439250,-6.323460,0</coordinates></LineString></Placemark>
<Placemark><name>T1</name><styleUrl>#stT1</styleUrl><LineString><tessellate>1</tessellate><coordinates>-47.439250,-6.323440,0 -47.439490,-6.323490,0</coordinates></LineString></Placemark>
<Placemark><name>T1</name><styleUrl>#stT1</styleUrl><LineString><tessellate>1</tessellate><coordinates>-47.438600,-6.323380,0 -47.439250,-6.323440,0</coordinates></LineString></Placemark>
<Placemark><name>T1</name><styleUrl>#stT1</styleUrl><LineString><tessellate>1</tessellate><coordinates>-47.439250,-6.323460,0 -47.439240,-6.323490,0</coordinates></LineString></Placemark>
<Placemark><name>T1</name><styleUrl>#stT1</styleUrl><LineString><tessellate>1</tessellate><coordinates>-47.439490,-6.323490,0 -47.439510,-6.323500,0</coordinates></LineString></Placemark>
<Placemark><name>T1</name><styleUrl>#stT1</styleUrl><LineString><tessellate>1</tessellate><coordinates>-47.438600,-6.323380,0 -47.438600,-6.323630,0</coordinates></LineString></Placemark>
<Placemark><name>T1</name><styleUrl>#stT1</styleUrl><LineString><tessellate>1</tessellate><coordinates>-47.438600,-6.323380,0 -47.438600,-6.323300,0</coordinates></LineString></Placemark>
<Placemark><name>T1</name><styleUrl>#stT1</styleUrl><LineString><tessellate>1</tessellate><coordinates>-47.438100,-6.323370,0 -47.438600,-6.323380,0</coordinates></LineString></Placemark>
<Placemark><name>T1</name><styleUrl>#stT1</styleUrl><LineString><tessellate>1</tessellate><coordinates>-47.439510,-6.323500,0 -47.439750,-6.323580,0</coordinates></LineString></Placemark>
<Placemark><name>T1</name><styleUrl>#stT1</styleUrl><LineString><tessellate>1</tessellate><coordinates>-47.438600,-6.323630,0 -47.438600,-6.323660,0</coordinates></LineString></Placemark>
<Placemark><name>T1</name><styleUrl>#stT1</styleUrl><LineString><tessellate>1</tessellate><coordinates>-47.438080,-6.323380,0 -47.438100,-6.323370,0</coordinates></LineString></Placemark>
<Placemark><name>T1</name><styleUrl>#stT1</styleUrl><LineString><tessellate>1</tessellate><coordinates>-47.439750,-6.323580,0 -47.440070,-6.323700,0</coordinates></LineString></Placemark>
<Placemark><name>T1</name><styleUrl>#stT1</styleUrl><LineString><tessellate>1</tessellate><coordinates>-47.438600,-6.323660,0 -47.438580,-6.325000,0</coordinates></LineString></Placemark>
<Placemark><name>T1</name><styleUrl>#stT1</styleUrl><LineString><tessellate>1</tessellate><coordinates>-47.436690,-6.323690,0 -47.438080,-6.323380,0</coordinates></LineString></Placemark>
<Placemark><name>T1</name><styleUrl>#stT1</styleUrl><LineString><tessellate>1</tessellate><coordinates>-47.440070,-6.323700,0 -47.440710,-6.323960,0</coordinates></LineString></Placemark>
<Placemark><name>T1</name><styleUrl>#stT1</styleUrl><LineString><tessellate>1</tessellate><coordinates>-47.440070,-6.323700,0 -47.440030,-6.323710,0</coordinates></LineString></Placemark>
<Placemark><name>T1</name><styleUrl>#stT1</styleUrl><LineString><tessellate>1</tessellate><coordinates>-47.436690,-6.323690,0 -47.436700,-6.323710,0</coordinates></LineString></Placemark>
<Placemark><name>T1</name><styleUrl>#stT1</styleUrl><LineString><tessellate>1</tessellate><coordinates>-47.436370,-6.323780,0 -47.436690,-6.323690,0</coordinates></LineString></Placemark>
<Placemark><name>T1</name><styleUrl>#stT1</styleUrl><LineString><tessellate>1</tessellate><coordinates>-47.436700,-6.323710,0 -47.436750,-6.323930,0</coordinates></LineString></Placemark>
<Placemark><name>T1</name><styleUrl>#stT1</styleUrl><LineString><tessellate>1</tessellate><coordinates>-47.436750,-6.323930,0 -47.436610,-6.323950,0</coordinates></LineString></Placemark>
<Placemark><name>T1</name><styleUrl>#stT1</styleUrl><LineString><tessellate>1</tessellate><coordinates>-47.436670,-6.323250,0 -47.439280,-6.323220,0</coordinates></LineString></Placemark>
<Placemark><name>T1</name><styleUrl>#stT1</styleUrl><LineString><tessellate>1</tessellate><coordinates>-47.436050,-6.323420,0 -47.436670,-6.323250,0</coordinates></LineString></Placemark>
<Placemark><name>T1</name><styleUrl>#stT1</styleUrl><LineString><tessellate>1</tessellate><coordinates>-47.435660,-6.323530,0 -47.435600,-6.324140,0</coordinates></LineString></Placemark>
<Placemark><name>T1</name><styleUrl>#stT1</styleUrl><LineString><tessellate>1</tessellate><coordinates>-47.433980,-6.317310,0 -47.433970,-6.317290,0</coordinates></LineString></Placemark>
<Placemark><name>T1</name><styleUrl>#stT1</styleUrl><LineString><tessellate>1</tessellate><coordinates>-47.433970,-6.317290,0 -47.433890,-6.317220,0</coordinates></LineString></Placemark>
<Placemark><name>T1</name><styleUrl>#stT1</styleUrl><LineString><tessellate>1</tessellate><coordinates>-47.433980,-6.317310,0 -47.434000,-6.317290,0</coordinates></LineString></Placemark>
<Placemark><name>T1</name><styleUrl>#stT1</styleUrl><LineString><tessellate>1</tessellate><coordinates>-47.434270,-6.318630,0 -47.433980,-6.317310,0</coordinates></LineString></Placemark>
<Placemark><name>T1</name><styleUrl>#stT1</styleUrl><LineString><tessellate>1</tessellate><coordinates>-47.434000,-6.317290,0 -47.434290,-6.317220,0</coordinates></LineString></Placemark>
<Placemark><name>T1</name><styleUrl>#stT1</styleUrl><LineString><tessellate>1</tessellate><coordinates>-47.434280,-6.318660,0 -47.434270,-6.318630,0</coordinates></LineString></Placemark>
<Placemark><name>T1</name><styleUrl>#stT1</styleUrl><LineString><tessellate>1</tessellate><coordinates>-47.434290,-6.317220,0 -47.434320,-6.317180,0</coordinates></LineString></Placemark>
<Placemark><name>T1</name><styleUrl>#stT1</styleUrl><LineString><tessellate>1</tessellate><coordinates>-47.434310,-6.318810,0 -47.434280,-6.318660,0</coordinates></LineString></Placemark>
<Placemark><name>T1</name><styleUrl>#stT1</styleUrl><LineString><tessellate>1</tessellate><coordinates>-47.434530,-6.319780,0 -47.434310,-6.318810,0</coordinates></LineString></Placemark>
<Placemark><name>T1</name><styleUrl>#stT1</styleUrl><LineString><tessellate>1</tessellate><coordinates>-47.434310,-6.318810,0 -47.434170,-6.318820,0</coordinates></LineString></Placemark>
<Placemark><name>T1</name><styleUrl>#stT1</styleUrl><LineString><tessellate>1</tessellate><coordinates>-47.434310,-6.318810,0 -47.435240,-6.318620,0</coordinates></LineString></Placemark>
<Placemark><name>T1</name><styleUrl>#stT1</styleUrl><LineString><tessellate>1</tessellate><coordinates>-47.434170,-6.318820,0 -47.434150,-6.318830,0</coordinates></LineString></Placemark>
<Placemark><name>T1</name><styleUrl>#stT1</styleUrl><LineString><tessellate>1</tessellate><coordinates>-47.435240,-6.318620,0 -47.435430,-6.318580,0</coordinates></LineString></Placemark>
<Placemark><name>T1</name><styleUrl>#stT1</styleUrl><LineString><tessellate>1</tessellate><coordinates>-47.434150,-6.318830,0 -47.432420,-6.319160,0</coordinates></LineString></Placemark>
<Placemark><name>T1</name><styleUrl>#stT1</styleUrl><LineString><tessellate>1</tessellate><coordinates>-47.432420,-6.319160,0 -47.432110,-6.319210,0</coordinates></LineString></Placemark>
<Placemark><name>T1</name><styleUrl>#stT1</styleUrl><LineString><tessellate>1</tessellate><coordinates>-47.435590,-6.322250,0 -47.435630,-6.322410,0</coordinates></LineString></Placemark>
<Placemark><name>T1</name><styleUrl>#stT1</styleUrl><LineString><tessellate>1</tessellate><coordinates>-47.431210,-6.326530,0 -47.431300,-6.326790,0</coordinates></LineString></Placemark>
<Placemark><name>T1</name><styleUrl>#stT1</styleUrl><LineString><tessellate>1</tessellate><coordinates>-47.431300,-6.326790,0 -47.431340,-6.326810,0</coordinates></LineString></Placemark>
<Placemark><name>T1</name><styleUrl>#stT1</styleUrl><LineString><tessellate>1</tessellate><coordinates>-47.430320,-6.324130,0 -47.430320,-6.324160,0</coordinates></LineString></Placemark>
<Placemark><name>T1</name><styleUrl>#stT1</styleUrl><LineString><tessellate>1</tessellate><coordinates>-47.430320,-6.324160,0 -47.430310,-6.324150,0</coordinates></LineString></Placemark>
<Placemark><name>T1</name><styleUrl>#stT1</styleUrl><LineString><tessellate>1</tessellate><coordinates>-47.430340,-6.324130,0 -47.430320,-6.324130,0</coordinates></LineString></Placemark>
<Placemark><name>T1</name><styleUrl>#stT1</styleUrl><LineString><tessellate>1</tessellate><coordinates>-47.430320,-6.324130,0 -47.430310,-6.324150,0</coordinates></LineString></Placemark>
<Placemark><name>T1</name><styleUrl>#stT1</styleUrl><LineString><tessellate>1</tessellate><coordinates>-47.438580,-6.325030,0 -47.438590,-6.325270,0</coordinates></LineString></Placemark>
<Placemark><name>T1</name><styleUrl>#stT1</styleUrl><LineString><tessellate>1</tessellate><coordinates>-47.439750,-6.323560,0 -47.439810,-6.323340,0</coordinates></LineString></Placemark>
<Placemark><name>T1</name><styleUrl>#stT1</styleUrl><LineString><tessellate>1</tessellate><coordinates>-47.439810,-6.323340,0 -47.439950,-6.323480,0</coordinates></LineString></Placemark>
<Placemark><name>T1</name><styleUrl>#stT1</styleUrl><LineString><tessellate>1</tessellate><coordinates>-47.440670,-6.323900,0 -47.440390,-6.323380,0</coordinates></LineString></Placemark>
<Placemark><name>T1</name><styleUrl>#stT1</styleUrl><LineString><tessellate>1</tessellate><coordinates>-47.440730,-6.323970,0 -47.440900,-6.324040,0</coordinates></LineString></Placemark>
<Placemark><name>T1</name><styleUrl>#stT1</styleUrl><LineString><tessellate>1</tessellate><coordinates>-47.440900,-6.324040,0 -47.441340,-6.324220,0</coordinates></LineString></Placemark>
<Placemark><name>T1</name><styleUrl>#stT1</styleUrl><LineString><tessellate>1</tessellate><coordinates>-47.441340,-6.324220,0 -47.441570,-6.324310,0</coordinates></LineString></Placemark>
<Placemark><name>T1</name><styleUrl>#stT1</styleUrl><LineString><tessellate>1</tessellate><coordinates>-47.440070,-6.323710,0 -47.440060,-6.323740,0</coordinates></LineString></Placemark>
<Placemark><name>T1</name><styleUrl>#stT1</styleUrl><LineString><tessellate>1</tessellate><coordinates>-47.440060,-6.323740,0 -47.440020,-6.323710,0</coordinates></LineString></Placemark>
<Placemark><name>T1</name><styleUrl>#stT1</styleUrl><LineString><tessellate>1</tessellate><coordinates>-47.436670,-6.323290,0 -47.436690,-6.323590,0</coordinates></LineString></Placemark>
<Placemark><name>T1</name><styleUrl>#stT1</styleUrl><LineString><tessellate>1</tessellate><coordinates>-47.431300,-6.326800,0 -47.431290,-6.326820,0</coordinates></LineString></Placemark>
<Placemark><name>T1</name><styleUrl>#stT1</styleUrl><LineString><tessellate>1</tessellate><coordinates>-47.441360,-6.324190,0 -47.441510,-6.323940,0</coordinates></LineString></Placemark>
<Placemark><name>T1</name><styleUrl>#stT1</styleUrl><LineString><tessellate>1</tessellate><coordinates>-47.440460,-6.321320,0 -47.440440,-6.321330,0</coordinates></LineString></Placemark>
<Placemark><name>T1</name><styleUrl>#stT1</styleUrl><LineString><tessellate>1</tessellate><coordinates>-47.441640,-6.322410,0 -47.440460,-6.321320,0</coordinates></LineString></Placemark>
<Placemark><name>T1</name><styleUrl>#stT1</styleUrl><LineString><tessellate>1</tessellate><coordinates>-47.440440,-6.321330,0 -47.440210,-6.321620,0</coordinates></LineString></Placemark>
<Placemark><name>T1</name><styleUrl>#stT1</styleUrl><LineString><tessellate>1</tessellate><coordinates>-47.441640,-6.322410,0 -47.441660,-6.322370,0</coordinates></LineString></Placemark>
<Placemark><name>T1</name><styleUrl>#stT1</styleUrl><LineString><tessellate>1</tessellate><coordinates>-47.441640,-6.322410,0 -47.441670,-6.322420,0</coordinates></LineString></Placemark>
<Placemark><name>T1</name><styleUrl>#stT1</styleUrl><LineString><tessellate>1</tessellate><coordinates>-47.440920,-6.324010,0 -47.441640,-6.322410,0</coordinates></LineString></Placemark>
<Placemark><name>T1</name><styleUrl>#stT1</styleUrl><LineString><tessellate>1</tessellate><coordinates>-47.441600,-6.324330,0 -47.442460,-6.324670,0</coordinates></LineString></Placemark>
<Placemark><name>T1</name><styleUrl>#stT1</styleUrl><LineString><tessellate>1</tessellate><coordinates>-47.442460,-6.324670,0 -47.444160,-6.325360,0</coordinates></LineString></Placemark>
<Placemark><name>T1</name><styleUrl>#stT1</styleUrl><LineString><tessellate>1</tessellate><coordinates>-47.444160,-6.325360,0 -47.444180,-6.325370,0</coordinates></LineString></Placemark>
<Placemark><name>T1</name><styleUrl>#stT1</styleUrl><LineString><tessellate>1</tessellate><coordinates>-47.444180,-6.325370,0 -47.446220,-6.326200,0</coordinates></LineString></Placemark>
<Placemark><name>T1</name><styleUrl>#stT1</styleUrl><LineString><tessellate>1</tessellate><coordinates>-47.446390,-6.326270,0 -47.446510,-6.326320,0</coordinates></LineString></Placemark>
<Placemark><name>T1</name><styleUrl>#stT1</styleUrl><LineString><tessellate>1</tessellate><coordinates>-47.446230,-6.326200,0 -47.446390,-6.326270,0</coordinates></LineString></Placemark>
<Placemark><name>T1</name><styleUrl>#stT1</styleUrl><LineString><tessellate>1</tessellate><coordinates>-47.446510,-6.326320,0 -47.446640,-6.326370,0</coordinates></LineString></Placemark>
<Placemark><name>T1</name><styleUrl>#stT1</styleUrl><LineString><tessellate>1</tessellate><coordinates>-47.434360,-6.317200,0 -47.435530,-6.317110,0</coordinates></LineString></Placemark>
<Placemark><name>T1</name><styleUrl>#stT1</styleUrl><LineString><tessellate>1</tessellate><coordinates>-47.434350,-6.317220,0 -47.434360,-6.317200,0</coordinates></LineString></Placemark>
<Placemark><name>T1</name><styleUrl>#stT1</styleUrl><LineString><tessellate>1</tessellate><coordinates>-47.434360,-6.317200,0 -47.434320,-6.317180,0</coordinates></LineString></Placemark>
<Placemark><name>T1</name><styleUrl>#stT1</styleUrl><LineString><tessellate>1</tessellate><coordinates>-47.429780,-6.332840,0 -47.429500,-6.333640,0</coordinates></LineString></Placemark>
<Placemark><name>T1</name><styleUrl>#stT1</styleUrl><LineString><tessellate>1</tessellate><coordinates>-47.429780,-6.332840,0 -47.429810,-6.332860,0</coordinates></LineString></Placemark>
<Placemark><name>T1</name><styleUrl>#stT1</styleUrl><LineString><tessellate>1</tessellate><coordinates>-47.430020,-6.332140,0 -47.429780,-6.332840,0</coordinates></LineString></Placemark>
<Placemark><name>T1</name><styleUrl>#stT1</styleUrl><LineString><tessellate>1</tessellate><coordinates>-47.429810,-6.332860,0 -47.430140,-6.333120,0</coordinates></LineString></Placemark>
<Placemark><name>T1</name><styleUrl>#stT1</styleUrl><LineString><tessellate>1</tessellate><coordinates>-47.430190,-6.331660,0 -47.430020,-6.332140,0</coordinates></LineString></Placemark>
<Placemark><name>T1</name><styleUrl>#stT1</styleUrl><LineString><tessellate>1</tessellate><coordinates>-47.430140,-6.333120,0 -47.430170,-6.333130,0</coordinates></LineString></Placemark>
<Placemark><name>T1</name><styleUrl>#stT1</styleUrl><LineString><tessellate>1</tessellate><coordinates>-47.430190,-6.331660,0 -47.430210,-6.331670,0</coordinates></LineString></Placemark>
<Placemark><name>T1</name><styleUrl>#stT1</styleUrl><LineString><tessellate>1</tessellate><coordinates>-47.430780,-6.329970,0 -47.430190,-6.331660,0</coordinates></LineString></Placemark>
<Placemark><name>T1</name><styleUrl>#stT1</styleUrl><LineString><tessellate>1</tessellate><coordinates>-47.430170,-6.333130,0 -47.430470,-6.333220,0</coordinates></LineString></Placemark>
<Placemark><name>T1</name><styleUrl>#stT1</styleUrl><LineString><tessellate>1</tessellate><coordinates>-47.430780,-6.329970,0 -47.430800,-6.329970,0</coordinates></LineString></Placemark>
<Placemark><name>T1</name><styleUrl>#stT1</styleUrl><LineString><tessellate>1</tessellate><coordinates>-47.430900,-6.329620,0 -47.430780,-6.329970,0</coordinates></LineString></Placemark>
<Placemark><name>T1</name><styleUrl>#stT1</styleUrl><LineString><tessellate>1</tessellate><coordinates>-47.430470,-6.333220,0 -47.430670,-6.333280,0</coordinates></LineString></Placemark>
<Placemark><name>T1</name><styleUrl>#stT1</styleUrl><LineString><tessellate>1</tessellate><coordinates>-47.431010,-6.329300,0 -47.430900,-6.329620,0</coordinates></LineString></Placemark>
<Placemark><name>T1</name><styleUrl>#stT1</styleUrl><LineString><tessellate>1</tessellate><coordinates>-47.431020,-6.329260,0 -47.431010,-6.329300,0</coordinates></LineString></Placemark>
<Placemark><name>T1</name><styleUrl>#stT1</styleUrl><LineString><tessellate>1</tessellate><coordinates>-47.431410,-6.328030,0 -47.431020,-6.329260,0</coordinates></LineString></Placemark>
<Placemark><name>T1</name><styleUrl>#stT1</styleUrl><LineString><tessellate>1</tessellate><coordinates>-47.431410,-6.328030,0 -47.431430,-6.328040,0</coordinates></LineString></Placemark>
<Placemark><name>T1</name><styleUrl>#stT1</styleUrl><LineString><tessellate>1</tessellate><coordinates>-47.431350,-6.326940,0 -47.431410,-6.328030,0</coordinates></LineString></Placemark>
<Placemark><name>T1</name><styleUrl>#stT1</styleUrl><LineString><tessellate>1</tessellate><coordinates>-47.431430,-6.328040,0 -47.431850,-6.328090,0</coordinates></LineString></Placemark>
<Placemark><name>T1</name><styleUrl>#stT1</styleUrl><LineString><tessellate>1</tessellate><coordinates>-47.431330,-6.326850,0 -47.431350,-6.326940,0</coordinates></LineString></Placemark>
<Placemark><name>T1</name><styleUrl>#stT1</styleUrl><LineString><tessellate>1</tessellate><coordinates>-47.431350,-6.326940,0 -47.431670,-6.326840,0</coordinates></LineString></Placemark>
<Placemark><name>T1</name><styleUrl>#stT1</styleUrl><LineString><tessellate>1</tessellate><coordinates>-47.431350,-6.326940,0 -47.431290,-6.326950,0</coordinates></LineString></Placemark>
<Placemark><name>T1</name><styleUrl>#stT1</styleUrl><LineString><tessellate>1</tessellate><coordinates>-47.431300,-6.326840,0 -47.431330,-6.326850,0</coordinates></LineString></Placemark>
<Placemark><name>T1</name><styleUrl>#stT1</styleUrl><LineString><tessellate>1</tessellate><coordinates>-47.431330,-6.326850,0 -47.431340,-6.326810,0</coordinates></LineString></Placemark>
<Placemark><name>T1</name><styleUrl>#stT1</styleUrl><LineString><tessellate>1</tessellate><coordinates>-47.446390,-6.326310,0 -47.446360,-6.327040,0</coordinates></LineString></Placemark>
<Placemark><name>T1</name><styleUrl>#stT1</styleUrl><LineString><tessellate>1</tessellate><coordinates>-47.446080,-6.327300,0 -47.445760,-6.327350,0</coordinates></LineString></Placemark>
<Placemark><name>T1</name><styleUrl>#stT1</styleUrl><LineString><tessellate>1</tessellate><coordinates>-47.445760,-6.327350,0 -47.445540,-6.327340,0</coordinates></LineString></Placemark>
<Placemark><name>T1</name><styleUrl>#stT1</styleUrl><LineString><tessellate>1</tessellate><coordinates>-47.446120,-6.327300,0 -47.446080,-6.327300,0</coordinates></LineString></Placemark>
<Placemark><name>T1</name><styleUrl>#stT1</styleUrl><LineString><tessellate>1</tessellate><coordinates>-47.446460,-6.327090,0 -47.446120,-6.327300,0</coordinates></LineString></Placemark>
<Placemark><name>T1</name><styleUrl>#stT1</styleUrl><LineString><tessellate>1</tessellate><coordinates>-47.446470,-6.327060,0 -47.446460,-6.327090,0</coordinates></LineString></Placemark>
<Placemark><name>T1</name><styleUrl>#stT1</styleUrl><LineString><tessellate>1</tessellate><coordinates>-47.446490,-6.326630,0 -47.446470,-6.327060,0</coordinates></LineString></Placemark>
<Placemark><name>T1</name><styleUrl>#stT1</styleUrl><LineString><tessellate>1</tessellate><coordinates>-47.446510,-6.326350,0 -47.446490,-6.326630,0</coordinates></LineString></Placemark>
<Placemark><name>T1</name><styleUrl>#stT1</styleUrl><LineString><tessellate>1</tessellate><coordinates>-47.436130,-6.316810,0 -47.436160,-6.316800,0</coordinates></LineString></Placemark>
<Placemark><name>T1</name><styleUrl>#stT1</styleUrl><LineString><tessellate>1</tessellate><coordinates>-47.435590,-6.317080,0 -47.436130,-6.316810,0</coordinates></LineString></Placemark>
<Placemark><name>T1</name><styleUrl>#stT1</styleUrl><LineString><tessellate>1</tessellate><coordinates>-47.433120,-6.328310,0 -47.433720,-6.328500,0</coordinates></LineString></Placemark>
<Placemark><name>T1</name><styleUrl>#stT1</styleUrl><LineString><tessellate>1</tessellate><coordinates>-47.431880,-6.328100,0 -47.433120,-6.328310,0</coordinates></LineString></Placemark>
<Placemark><name>T1</name><styleUrl>#stT1</styleUrl><LineString><tessellate>1</tessellate><coordinates>-47.431700,-6.326830,0 -47.432260,-6.326660,0</coordinates></LineString></Placemark>
<Placemark><name>T1</name><styleUrl>#stT1</styleUrl><LineString><tessellate>1</tessellate><coordinates>-47.432260,-6.326660,0 -47.432570,-6.326580,0</coordinates></LineString></Placemark>
<Placemark><name>T1</name><styleUrl>#stT1</styleUrl><LineString><tessellate>1</tessellate><coordinates>-47.429990,-6.332140,0 -47.429690,-6.332070,0</coordinates></LineString></Placemark>
<Placemark><name>T1</name><styleUrl>#stT1</styleUrl><LineString><tessellate>1</tessellate><coordinates>-47.428900,-6.335370,0 -47.428890,-6.335400,0</coordinates></LineString></Placemark>
<Placemark><name>T1</name><styleUrl>#stT1</styleUrl><LineString><tessellate>1</tessellate><coordinates>-47.428890,-6.335400,0 -47.427890,-6.338430,0</coordinates></LineString></Placemark>
<Placemark><name>T1</name><styleUrl>#stT1</styleUrl><LineString><tessellate>1</tessellate><coordinates>-47.428960,-6.335200,0 -47.428900,-6.335370,0</coordinates></LineString></Placemark>
<Placemark><name>T1</name><styleUrl>#stT1</styleUrl><LineString><tessellate>1</tessellate><coordinates>-47.427890,-6.338430,0 -47.427890,-6.338470,0</coordinates></LineString></Placemark>
<Placemark><name>T1</name><styleUrl>#stT1</styleUrl><LineString><tessellate>1</tessellate><coordinates>-47.429110,-6.334760,0 -47.428960,-6.335200,0</coordinates></LineString></Placemark>
<Placemark><name>T1</name><styleUrl>#stT1</styleUrl><LineString><tessellate>1</tessellate><coordinates>-47.427890,-6.338470,0 -47.427700,-6.339470,0</coordinates></LineString></Placemark>
<Placemark><name>T1</name><styleUrl>#stT1</styleUrl><LineString><tessellate>1</tessellate><coordinates>-47.429490,-6.333680,0 -47.429110,-6.334760,0</coordinates></LineString></Placemark>
<Placemark><name>T1</name><styleUrl>#stT1</styleUrl><LineString><tessellate>1</tessellate><coordinates>-47.427700,-6.339470,0 -47.427630,-6.339880,0</coordinates></LineString></Placemark>
<Placemark><name>T1</name><styleUrl>#stT1</styleUrl><LineString><tessellate>1</tessellate><coordinates>-47.446360,-6.327060,0 -47.446360,-6.327220,0</coordinates></LineString></Placemark>
<Placemark><name>T1</name><styleUrl>#stT1</styleUrl><LineString><tessellate>1</tessellate><coordinates>-47.446360,-6.327220,0 -47.446090,-6.327250,0</coordinates></LineString></Placemark>
<Placemark><name>T1</name><styleUrl>#stT1</styleUrl><LineString><tessellate>1</tessellate><coordinates>-47.430450,-6.339920,0 -47.430420,-6.340120,0</coordinates></LineString></Placemark>
<Placemark><name>T1</name><styleUrl>#stT1</styleUrl><LineString><tessellate>1</tessellate><coordinates>-47.430490,-6.339510,0 -47.430450,-6.339920,0</coordinates></LineString></Placemark>
<Placemark><name>T1</name><styleUrl>#stT1</styleUrl><LineString><tessellate>1</tessellate><coordinates>-47.430450,-6.339920,0 -47.431810,-6.340100,0</coordinates></LineString></Placemark>
<Placemark><name>T1</name><styleUrl>#stT1</styleUrl><LineString><tessellate>1</tessellate><coordinates>-47.430450,-6.339920,0 -47.430370,-6.339900,0</coordinates></LineString></Placemark>
<Placemark><name>T1</name><styleUrl>#stT1</styleUrl><LineString><tessellate>1</tessellate><coordinates>-47.430630,-6.338280,0 -47.430490,-6.339510,0</coordinates></LineString></Placemark>
<Placemark><name>T1</name><styleUrl>#stT1</styleUrl><LineString><tessellate>1</tessellate><coordinates>-47.430640,-6.338240,0 -47.430630,-6.338280,0</coordinates></LineString></Placemark>
<Placemark><name>T1</name><styleUrl>#stT1</styleUrl><LineString><tessellate>1</tessellate><coordinates>-47.430670,-6.337930,0 -47.430640,-6.338240,0</coordinates></LineString></Placemark>
<Placemark><name>T1</name><styleUrl>#stT1</styleUrl><LineString><tessellate>1</tessellate><coordinates>-47.430880,-6.336120,0 -47.430670,-6.337930,0</coordinates></LineString></Placemark>
<Placemark><name>T1</name><styleUrl>#stT1</styleUrl><LineString><tessellate>1</tessellate><coordinates>-47.430880,-6.336080,0 -47.430880,-6.336120,0</coordinates></LineString></Placemark>
<Placemark><name>T1</name><styleUrl>#stT1</styleUrl><LineString><tessellate>1</tessellate><coordinates>-47.430880,-6.336080,0 -47.431290,-6.336250,0</coordinates></LineString></Placemark>
<Placemark><name>T1</name><styleUrl>#stT1</styleUrl><LineString><tessellate>1</tessellate><coordinates>-47.429020,-6.335230,0 -47.430880,-6.336080,0</coordinates></LineString></Placemark>
<Placemark><name>T1</name><styleUrl>#stT1</styleUrl><LineString><tessellate>1</tessellate><coordinates>-47.427680,-6.340380,0 -47.427690,-6.340380,0</coordinates></LineString></Placemark>
<Placemark><name>T1</name><styleUrl>#stT1</styleUrl><LineString><tessellate>1</tessellate><coordinates>-47.427540,-6.340370,0 -47.427680,-6.340380,0</coordinates></LineString></Placemark>
<Placemark><name>T1</name><styleUrl>#stT1</styleUrl><LineString><tessellate>1</tessellate><coordinates>-47.427680,-6.340380,0 -47.427690,-6.340370,0</coordinates></LineString></Placemark>
<Placemark><name>T1</name><styleUrl>#stT1</styleUrl><LineString><tessellate>1</tessellate><coordinates>-47.427690,-6.340380,0 -47.427450,-6.341600,0</coordinates></LineString></Placemark>
<Placemark><name>T1</name><styleUrl>#stT1</styleUrl><LineString><tessellate>1</tessellate><coordinates>-47.427690,-6.340380,0 -47.427850,-6.339610,0</coordinates></LineString></Placemark>
<Placemark><name>T1</name><styleUrl>#stT1</styleUrl><LineString><tessellate>1</tessellate><coordinates>-47.427540,-6.340370,0 -47.427380,-6.340370,0</coordinates></LineString></Placemark>
<Placemark><name>T1</name><styleUrl>#stT1</styleUrl><LineString><tessellate>1</tessellate><coordinates>-47.427540,-6.340370,0 -47.427510,-6.340550,0</coordinates></LineString></Placemark>
<Placemark><name>T1</name><styleUrl>#stT1</styleUrl><LineString><tessellate>1</tessellate><coordinates>-47.427640,-6.339840,0 -47.427540,-6.340370,0</coordinates></LineString></Placemark>
<Placemark><name>T1</name><styleUrl>#stT1</styleUrl><LineString><tessellate>1</tessellate><coordinates>-47.427450,-6.341600,0 -47.427450,-6.341610,0</coordinates></LineString></Placemark>
<Placemark><name>T1</name><styleUrl>#stT1</styleUrl><LineString><tessellate>1</tessellate><coordinates>-47.427450,-6.341600,0 -47.427400,-6.341840,0</coordinates></LineString></Placemark>
<Placemark><name>T1</name><styleUrl>#stT1</styleUrl><LineString><tessellate>1</tessellate><coordinates>-47.427850,-6.339610,0 -47.428360,-6.339690,0</coordinates></LineString></Placemark>
<Placemark><name>T1</name><styleUrl>#stT1</styleUrl><LineString><tessellate>1</tessellate><coordinates>-47.427850,-6.339610,0 -47.428240,-6.338000,0</coordinates></LineString></Placemark>
<Placemark><name>T1</name><styleUrl>#stT1</styleUrl><LineString><tessellate>1</tessellate><coordinates>-47.427850,-6.339610,0 -47.427820,-6.339590,0</coordinates></LineString></Placemark>
<Placemark><name>T1</name><styleUrl>#stT1</styleUrl><LineString><tessellate>1</tessellate><coordinates>-47.427450,-6.341610,0 -47.427470,-6.341830,0</coordinates></LineString></Placemark>
<Placemark><name>T1</name><styleUrl>#stT1</styleUrl><LineString><tessellate>1</tessellate><coordinates>-47.428240,-6.338000,0 -47.428320,-6.337710,0</coordinates></LineString></Placemark>
<Placemark><name>T1</name><styleUrl>#stT1</styleUrl><LineString><tessellate>1</tessellate><coordinates>-47.432140,-6.336500,0 -47.432180,-6.336510,0</coordinates></LineString></Placemark>
<Placemark><name>T1</name><styleUrl>#stT1</styleUrl><LineString><tessellate>1</tessellate><coordinates>-47.431330,-6.336270,0 -47.432140,-6.336500,0</coordinates></LineString></Placemark>
<Placemark><name>T1</name><styleUrl>#stT1</styleUrl><LineString><tessellate>1</tessellate><coordinates>-47.431960,-6.340110,0 -47.431980,-6.340110,0</coordinates></LineString></Placemark>
<Placemark><name>T1</name><styleUrl>#stT1</styleUrl><LineString><tessellate>1</tessellate><coordinates>-47.431980,-6.340110,0 -47.432080,-6.340010,0</coordinates></LineString></Placemark>
<Placemark><name>T1</name><styleUrl>#stT1</styleUrl><LineString><tessellate>1</tessellate><coordinates>-47.431840,-6.340100,0 -47.431960,-6.340110,0</coordinates></LineString></Placemark>
<Placemark><name>T1</name><styleUrl>#stT1</styleUrl><LineString><tessellate>1</tessellate><coordinates>-47.431810,-6.340100,0 -47.431840,-6.340100,0</coordinates></LineString></Placemark>
<Placemark><name>T1</name><styleUrl>#stT1</styleUrl><LineString><tessellate>1</tessellate><coordinates>-47.428990,-6.342770,0 -47.428980,-6.342790,0</coordinates></LineString></Placemark>
<Placemark><name>T1</name><styleUrl>#stT1</styleUrl><LineString><tessellate>1</tessellate><coordinates>-47.428990,-6.342770,0 -47.429740,-6.343340,0</coordinates></LineString></Placemark>
<Placemark><name>T1</name><styleUrl>#stT1</styleUrl><LineString><tessellate>1</tessellate><coordinates>-47.427550,-6.341870,0 -47.428990,-6.342770,0</coordinates></LineString></Placemark>
<Placemark><name>T1</name><styleUrl>#stT1</styleUrl><LineString><tessellate>1</tessellate><coordinates>-47.428980,-6.342790,0 -47.428290,-6.343840,0</coordinates></LineString></Placemark>
<Placemark><name>T1</name><styleUrl>#stT1</styleUrl><LineString><tessellate>1</tessellate><coordinates>-47.429740,-6.343340,0 -47.429720,-6.343350,0</coordinates></LineString></Placemark>
<Placemark><name>T1</name><styleUrl>#stT1</styleUrl><LineString><tessellate>1</tessellate><coordinates>-47.429740,-6.343340,0 -47.432870,-6.345540,0</coordinates></LineString></Placemark>
<Placemark><name>T1</name><styleUrl>#stT1</styleUrl><LineString><tessellate>1</tessellate><coordinates>-47.429720,-6.343350,0 -47.429600,-6.343450,0</coordinates></LineString></Placemark>
<Placemark><name>T1</name><styleUrl>#stT1</styleUrl><LineString><tessellate>1</tessellate><coordinates>-47.430130,-6.340400,0 -47.430160,-6.340410,0</coordinates></LineString></Placemark>
<Placemark><name>T1</name><styleUrl>#stT1</styleUrl><LineString><tessellate>1</tessellate><coordinates>-47.430160,-6.340410,0 -47.431030,-6.340560,0</coordinates></LineString></Placemark>
<Placemark><name>T1</name><styleUrl>#stT1</styleUrl><LineString><tessellate>1</tessellate><coordinates>-47.429000,-6.340150,0 -47.430130,-6.340400,0</coordinates></LineString></Placemark>
<Placemark><name>T1</name><styleUrl>#stT1</styleUrl><LineString><tessellate>1</tessellate><coordinates>-47.428990,-6.340130,0 -47.429000,-6.340150,0</coordinates></LineString></Placemark>
<Placemark><name>T1</name><styleUrl>#stT1</styleUrl><LineString><tessellate>1</tessellate><coordinates>-47.429040,-6.339870,0 -47.428990,-6.340130,0</coordinates></LineString></Placemark>
<Placemark><name>T1</name><styleUrl>#stT1</styleUrl><LineString><tessellate>1</tessellate><coordinates>-47.429030,-6.339850,0 -47.429040,-6.339870,0</coordinates></LineString></Placemark>
<Placemark><name>T1</name><styleUrl>#stT1</styleUrl><LineString><tessellate>1</tessellate><coordinates>-47.428420,-6.339710,0 -47.429030,-6.339850,0</coordinates></LineString></Placemark>
<Placemark><name>T1</name><styleUrl>#stT1</styleUrl><LineString><tessellate>1</tessellate><coordinates>-47.427710,-6.340380,0 -47.427830,-6.340390,0</coordinates></LineString></Placemark>
<Placemark><name>T1</name><styleUrl>#stT1</styleUrl><LineString><tessellate>1</tessellate><coordinates>-47.425950,-6.340390,0 -47.424300,-6.340590,0</coordinates></LineString></Placemark>
<Placemark><name>T1</name><styleUrl>#stT1</styleUrl><LineString><tessellate>1</tessellate><coordinates>-47.427350,-6.340370,0 -47.425950,-6.340390,0</coordinates></LineString></Placemark>
<Placemark><name>T1</name><styleUrl>#stT1</styleUrl><LineString><tessellate>1</tessellate><coordinates>-47.427230,-6.342890,0 -47.426970,-6.344510,0</coordinates></LineString></Placemark>
<Placemark><name>T1</name><styleUrl>#stT1</styleUrl><LineString><tessellate>1</tessellate><coordinates>-47.427400,-6.341880,0 -47.427230,-6.342890,0</coordinates></LineString></Placemark>
<Placemark><name>T1</name><styleUrl>#stT1</styleUrl><LineString><tessellate>1</tessellate><coordinates>-47.426970,-6.344510,0 -47.426810,-6.345520,0</coordinates></LineString></Placemark>
<Placemark><name>T1</name><styleUrl>#stT1</styleUrl><LineString><tessellate>1</tessellate><coordinates>-47.429550,-6.343420,0 -47.429120,-6.343200,0</coordinates></LineString></Placemark>
<Placemark><name>T1</name><styleUrl>#stT1</styleUrl><LineString><tessellate>1</tessellate><coordinates>-47.422780,-6.334040,0 -47.422810,-6.334000,0</coordinates></LineString></Placemark>
<Placemark><name>T1</name><styleUrl>#stT1</styleUrl><LineString><tessellate>1</tessellate><coordinates>-47.423160,-6.336060,0 -47.422780,-6.334040,0</coordinates></LineString></Placemark>
<Placemark><name>T1</name><styleUrl>#stT1</styleUrl><LineString><tessellate>1</tessellate><coordinates>-47.423230,-6.336350,0 -47.423160,-6.336060,0</coordinates></LineString></Placemark>
<Placemark><name>T1</name><styleUrl>#stT1</styleUrl><LineString><tessellate>1</tessellate><coordinates>-47.423480,-6.337380,0 -47.423230,-6.336350,0</coordinates></LineString></Placemark>
<Placemark><name>T1</name><styleUrl>#stT1</styleUrl><LineString><tessellate>1</tessellate><coordinates>-47.423480,-6.337380,0 -47.423590,-6.337350,0</coordinates></LineString></Placemark>
<Placemark><name>T1</name><styleUrl>#stT1</styleUrl><LineString><tessellate>1</tessellate><coordinates>-47.423480,-6.337380,0 -47.423330,-6.337410,0</coordinates></LineString></Placemark>
<Placemark><name>T1</name><styleUrl>#stT1</styleUrl><LineString><tessellate>1</tessellate><coordinates>-47.423600,-6.337890,0 -47.423480,-6.337380,0</coordinates></LineString></Placemark>
<Placemark><name>T1</name><styleUrl>#stT1</styleUrl><LineString><tessellate>1</tessellate><coordinates>-47.423600,-6.337890,0 -47.423500,-6.337920,0</coordinates></LineString></Placemark>
<Placemark><name>T1</name><styleUrl>#stT1</styleUrl><LineString><tessellate>1</tessellate><coordinates>-47.423610,-6.337930,0 -47.423600,-6.337890,0</coordinates></LineString></Placemark>
<Placemark><name>T1</name><styleUrl>#stT1</styleUrl><LineString><tessellate>1</tessellate><coordinates>-47.423600,-6.337890,0 -47.423820,-6.337840,0</coordinates></LineString></Placemark>
<Placemark><name>T1</name><styleUrl>#stT1</styleUrl><LineString><tessellate>1</tessellate><coordinates>-47.423610,-6.337930,0 -47.423840,-6.337870,0</coordinates></LineString></Placemark>
<Placemark><name>T1</name><styleUrl>#stT1</styleUrl><LineString><tessellate>1</tessellate><coordinates>-47.423610,-6.337930,0 -47.423490,-6.337950,0</coordinates></LineString></Placemark>
<Placemark><name>T1</name><styleUrl>#stT1</styleUrl><LineString><tessellate>1</tessellate><coordinates>-47.423670,-6.338200,0 -47.423610,-6.337930,0</coordinates></LineString></Placemark>
<Placemark><name>T1</name><styleUrl>#stT1</styleUrl><LineString><tessellate>1</tessellate><coordinates>-47.423680,-6.338230,0 -47.423670,-6.338200,0</coordinates></LineString></Placemark>
<Placemark><name>T1</name><styleUrl>#stT1</styleUrl><LineString><tessellate>1</tessellate><coordinates>-47.423870,-6.339360,0 -47.423680,-6.338230,0</coordinates></LineString></Placemark>
<Placemark><name>T1</name><styleUrl>#stT1</styleUrl><LineString><tessellate>1</tessellate><coordinates>-47.424020,-6.340510,0 -47.423870,-6.339360,0</coordinates></LineString></Placemark>
<Placemark><name>T1</name><styleUrl>#stT1</styleUrl><LineString><tessellate>1</tessellate><coordinates>-47.424040,-6.340620,0 -47.424020,-6.340510,0</coordinates></LineString></Placemark>
<Placemark><name>T1</name><styleUrl>#stT1</styleUrl><LineString><tessellate>1</tessellate><coordinates>-47.424040,-6.340620,0 -47.423940,-6.340630,0</coordinates></LineString></Placemark>
<Placemark><name>T1</name><styleUrl>#stT1</styleUrl><LineString><tessellate>1</tessellate><coordinates>-47.424270,-6.340590,0 -47.424040,-6.340620,0</coordinates></LineString></Placemark>
<Placemark><name>T1</name><styleUrl>#stT1</styleUrl><LineString><tessellate>1</tessellate><coordinates>-47.424040,-6.340620,0 -47.424350,-6.343060,0</coordinates></LineString></Placemark>
<Placemark><name>T1</name><styleUrl>#stT1</styleUrl><LineString><tessellate>1</tessellate><coordinates>-47.423940,-6.340630,0 -47.423910,-6.340630,0</coordinates></LineString></Placemark>
<Placemark><name>T1</name><styleUrl>#stT1</styleUrl><LineString><tessellate>1</tessellate><coordinates>-47.424350,-6.343060,0 -47.424370,-6.343200,0</coordinates></LineString></Placemark>
<Placemark><name>T1</name><styleUrl>#stT1</styleUrl><LineString><tessellate>1</tessellate><coordinates>-47.423910,-6.340630,0 -47.422580,-6.340800,0</coordinates></LineString></Placemark>
<Placemark><name>T1</name><styleUrl>#stT1</styleUrl><LineString><tessellate>1</tessellate><coordinates>-47.424370,-6.343200,0 -47.424400,-6.343420,0</coordinates></LineString></Placemark>
<Placemark><name>T1</name><styleUrl>#stT1</styleUrl><LineString><tessellate>1</tessellate><coordinates>-47.424370,-6.343200,0 -47.424640,-6.343100,0</coordinates></LineString></Placemark>
<Placemark><name>T1</name><styleUrl>#stT1</styleUrl><LineString><tessellate>1</tessellate><coordinates>-47.424370,-6.343200,0 -47.423200,-6.343680,0</coordinates></LineString></Placemark>
<Placemark><name>T1</name><styleUrl>#stT1</styleUrl><LineString><tessellate>1</tessellate><coordinates>-47.422580,-6.340800,0 -47.422540,-6.340800,0</coordinates></LineString></Placemark>
<Placemark><name>T1</name><styleUrl>#stT1</styleUrl><LineString><tessellate>1</tessellate><coordinates>-47.423200,-6.343680,0 -47.422900,-6.343820,0</coordinates></LineString></Placemark>
<Placemark><name>T1</name><styleUrl>#stT1</styleUrl><LineString><tessellate>1</tessellate><coordinates>-47.422540,-6.340800,0 -47.421890,-6.340800,0</coordinates></LineString></Placemark>
<Placemark><name>T1</name><styleUrl>#stT1</styleUrl><LineString><tessellate>1</tessellate><coordinates>-47.421890,-6.340800,0 -47.421590,-6.340840,0</coordinates></LineString></Placemark>
<Placemark><name>T1</name><styleUrl>#stT1</styleUrl><LineString><tessellate>1</tessellate><coordinates>-47.427240,-6.342890,0 -47.427280,-6.342910,0</coordinates></LineString></Placemark>
<Placemark><name>T1</name><styleUrl>#stT1</styleUrl><LineString><tessellate>1</tessellate><coordinates>-47.427280,-6.342910,0 -47.427160,-6.342910,0</coordinates></LineString></Placemark>
<Placemark><name>T1</name><styleUrl>#stT1</styleUrl><LineString><tessellate>1</tessellate><coordinates>-47.427280,-6.342910,0 -47.427330,-6.342920,0</coordinates></LineString></Placemark>
<Placemark><name>T1</name><styleUrl>#stT1</styleUrl><LineString><tessellate>1</tessellate><coordinates>-47.422780,-6.334030,0 -47.422760,-6.333990,0</coordinates></LineString></Placemark>
<Placemark><name>T1</name><styleUrl>#stT1</styleUrl><LineString><tessellate>1</tessellate><coordinates>-47.425460,-6.337470,0 -47.425810,-6.337390,0</coordinates></LineString></Placemark>
<Placemark><name>T1</name><styleUrl>#stT1</styleUrl><LineString><tessellate>1</tessellate><coordinates>-47.423870,-6.337860,0 -47.425460,-6.337470,0</coordinates></LineString></Placemark>
<Placemark><name>T1</name><styleUrl>#stT1</styleUrl><LineString><tessellate>1</tessellate><coordinates>-47.423850,-6.337830,0 -47.425870,-6.337320,0</coordinates></LineString></Placemark>
<Placemark><name>T1</name><styleUrl>#stT1</styleUrl><LineString><tessellate>1</tessellate><coordinates>-47.426900,-6.337960,0 -47.426740,-6.338000,0</coordinates></LineString></Placemark>
<Placemark><name>T1</name><styleUrl>#stT1</styleUrl><LineString><tessellate>1</tessellate><coordinates>-47.427060,-6.338600,0 -47.426900,-6.337960,0</coordinates></LineString></Placemark>
<Placemark><name>T1</name><styleUrl>#stT1</styleUrl><LineString><tessellate>1</tessellate><coordinates>-47.426900,-6.337960,0 -47.426850,-6.337780,0</coordinates></LineString></Placemark>
<Placemark><name>T1</name><styleUrl>#stT1</styleUrl><LineString><tessellate>1</tessellate><coordinates>-47.426900,-6.337960,0 -47.427090,-6.337920,0</coordinates></LineString></Placemark>
<Placemark><name>T1</name><styleUrl>#stT1</styleUrl><LineString><tessellate>1</tessellate><coordinates>-47.426740,-6.338000,0 -47.426390,-6.338090,0</coordinates></LineString></Placemark>
<Placemark><name>T1</name><styleUrl>#stT1</styleUrl><LineString><tessellate>1</tessellate><coordinates>-47.427060,-6.338600,0 -47.427080,-6.338690,0</coordinates></LineString></Placemark>
<Placemark><name>T1</name><styleUrl>#stT1</styleUrl><LineString><tessellate>1</tessellate><coordinates>-47.427060,-6.338600,0 -47.427250,-6.338550,0</coordinates></LineString></Placemark>
<Placemark><name>T1</name><styleUrl>#stT1</styleUrl><LineString><tessellate>1</tessellate><coordinates>-47.426550,-6.338720,0 -47.427060,-6.338600,0</coordinates></LineString></Placemark>
<Placemark><name>T1</name><styleUrl>#stT1</styleUrl><LineString><tessellate>1</tessellate><coordinates>-47.425260,-6.339020,0 -47.426550,-6.338720,0</coordinates></LineString></Placemark>
<Placemark><name>T1</name><styleUrl>#stT1</styleUrl><LineString><tessellate>1</tessellate><coordinates>-47.423890,-6.339360,0 -47.425260,-6.339020,0</coordinates></LineString></Placemark>
<Placemark><name>T1</name><styleUrl>#stT1</styleUrl><LineString><tessellate>1</tessellate><coordinates>-47.425260,-6.339020,0 -47.425220,-6.338840,0</coordinates></LineString></Placemark>
<Placemark><name>T1</name><styleUrl>#stT1</styleUrl><LineString><tessellate>1</tessellate><coordinates>-47.425260,-6.339020,0 -47.425290,-6.339120,0</coordinates></LineString></Placemark>
<Placemark><name>T1</name><styleUrl>#stT1</styleUrl><LineString><tessellate>1</tessellate><coordinates>-47.425220,-6.338840,0 -47.425130,-6.338490,0</coordinates></LineString></Placemark>
<Placemark><name>T1</name><styleUrl>#stT1</styleUrl><LineString><tessellate>1</tessellate><coordinates>-47.425330,-6.336930,0 -47.425680,-6.336840,0</coordinates></LineString></Placemark>
<Placemark><name>T1</name><styleUrl>#stT1</styleUrl><LineString><tessellate>1</tessellate><coordinates>-47.423620,-6.337350,0 -47.425330,-6.336930,0</coordinates></LineString></Placemark>
<Placemark><name>T1</name><styleUrl>#stT1</styleUrl><LineString><tessellate>1</tessellate><coordinates>-47.424360,-6.347280,0 -47.424370,-6.347320,0</coordinates></LineString></Placemark>
<Placemark><name>T1</name><styleUrl>#stT1</styleUrl><LineString><tessellate>1</tessellate><coordinates>-47.423930,-6.346000,0 -47.424360,-6.347280,0</coordinates></LineString></Placemark>
<Placemark><name>T1</name><styleUrl>#stT1</styleUrl><LineString><tessellate>1</tessellate><coordinates>-47.424370,-6.347320,0 -47.424450,-6.347550,0</coordinates></LineString></Placemark>
<Placemark><name>T1</name><styleUrl>#stT1</styleUrl><LineString><tessellate>1</tessellate><coordinates>-47.423930,-6.346000,0 -47.423760,-6.346010,0</coordinates></LineString></Placemark>
<Placemark><name>T1</name><styleUrl>#stT1</styleUrl><LineString><tessellate>1</tessellate><coordinates>-47.423930,-6.346000,0 -47.423910,-6.345840,0</coordinates></LineString></Placemark>
<Placemark><name>T1</name><styleUrl>#stT1</styleUrl><LineString><tessellate>1</tessellate><coordinates>-47.424750,-6.345920,0 -47.423930,-6.346000,0</coordinates></LineString></Placemark>
<Placemark><name>T1</name><styleUrl>#stT1</styleUrl><LineString><tessellate>1</tessellate><coordinates>-47.424450,-6.347550,0 -47.424490,-6.347570,0</coordinates></LineString></Placemark>
<Placemark><name>T1</name><styleUrl>#stT1</styleUrl><LineString><tessellate>1</tessellate><coordinates>-47.424750,-6.345920,0 -47.424960,-6.345920,0</coordinates></LineString></Placemark>
<Placemark><name>T1</name><styleUrl>#stT1</styleUrl><LineString><tessellate>1</tessellate><coordinates>-47.424750,-6.345920,0 -47.424770,-6.346080,0</coordinates></LineString></Placemark>
<Placemark><name>T1</name><styleUrl>#stT1</styleUrl><LineString><tessellate>1</tessellate><coordinates>-47.424550,-6.344410,0 -47.424750,-6.345920,0</coordinates></LineString></Placemark>
<Placemark><name>T1</name><styleUrl>#stT1</styleUrl><LineString><tessellate>1</tessellate><coordinates>-47.424410,-6.343460,0 -47.424550,-6.344410,0</coordinates></LineString></Placemark>
<Placemark><name>T1</name><styleUrl>#stT1</styleUrl><LineString><tessellate>1</tessellate><coordinates>-47.424450,-6.347550,0 -47.424440,-6.347580,0</coordinates></LineString></Placemark>
<Placemark><name>T1</name><styleUrl>#stT1</styleUrl><LineString><tessellate>1</tessellate><coordinates>-47.424450,-6.347600,0 -47.424480,-6.347610,0</coordinates></LineString></Placemark>
<Placemark><name>T1</name><styleUrl>#stT1</styleUrl><LineString><tessellate>1</tessellate><coordinates>-47.424480,-6.347610,0 -47.424490,-6.347580,0</coordinates></LineString></Placemark>
<Placemark><name>T1</name><styleUrl>#stT1</styleUrl><LineString><tessellate>1</tessellate><coordinates>-47.424480,-6.347610,0 -47.424690,-6.348290,0</coordinates></LineString></Placemark>
<Placemark><name>T1</name><styleUrl>#stT1</styleUrl><LineString><tessellate>1</tessellate><coordinates>-47.424690,-6.348290,0 -47.424790,-6.348780,0</coordinates></LineString></Placemark>
<Placemark><name>T1</name><styleUrl>#stT1</styleUrl><LineString><tessellate>1</tessellate><coordinates>-47.425250,-6.348710,0 -47.425400,-6.349430,0</coordinates></LineString></Placemark>
<Placemark><name>T1</name><styleUrl>#stT1</styleUrl><LineString><tessellate>1</tessellate><coordinates>-47.425230,-6.348700,0 -47.425250,-6.348710,0</coordinates></LineString></Placemark>
<Placemark><name>T1</name><styleUrl>#stT1</styleUrl><LineString><tessellate>1</tessellate><coordinates>-47.424840,-6.348770,0 -47.425230,-6.348700,0</coordinates></LineString></Placemark>
<Placemark><name>T1</name><styleUrl>#stT1</styleUrl><LineString><tessellate>1</tessellate><coordinates>-47.424810,-6.348240,0 -47.424790,-6.348200,0</coordinates></LineString></Placemark>
<Placemark><name>T1</name><styleUrl>#stT1</styleUrl><LineString><tessellate>1</tessellate><coordinates>-47.424710,-6.348280,0 -47.424810,-6.348240,0</coordinates></LineString></Placemark>
<Placemark><name>T1</name><styleUrl>#stT1</styleUrl><LineString><tessellate>1</tessellate><coordinates>-47.424810,-6.348240,0 -47.424670,-6.348230,0</coordinates></LineString></Placemark>
<Placemark><name>T1</name><styleUrl>#stT1</styleUrl><LineString><tessellate>1</tessellate><coordinates>-47.425630,-6.349500,0 -47.425660,-6.349510,0</coordinates></LineString></Placemark>
<Placemark><name>T1</name><styleUrl>#stT1</styleUrl><LineString><tessellate>1</tessellate><coordinates>-47.425430,-6.349430,0 -47.425630,-6.349500,0</coordinates></LineString></Placemark>
<Placemark><name>T1</name><styleUrl>#stT1</styleUrl><LineString><tessellate>1</tessellate><coordinates>-47.425660,-6.349510,0 -47.426410,-6.349770,0</coordinates></LineString></Placemark>
<Placemark><name>T1</name><styleUrl>#stT1</styleUrl><LineString><tessellate>1</tessellate><coordinates>-47.426410,-6.349770,0 -47.426440,-6.349780,0</coordinates></LineString></Placemark>
<Placemark><name>T1</name><styleUrl>#stT1</styleUrl><LineString><tessellate>1</tessellate><coordinates>-47.426440,-6.349780,0 -47.427440,-6.350080,0</coordinates></LineString></Placemark>
<Placemark><name>T1</name><styleUrl>#stT1</styleUrl><LineString><tessellate>1</tessellate><coordinates>-47.429130,-6.307430,0 -47.428920,-6.307510,0</coordinates></LineString></Placemark>
<Placemark><name>T1</name><styleUrl>#stT1</styleUrl><LineString><tessellate>1</tessellate><coordinates>-47.431050,-6.308630,0 -47.432180,-6.309180,0</coordinates></LineString></Placemark>
<Placemark><name>T1</name><styleUrl>#stT1</styleUrl><LineString><tessellate>1</tessellate><coordinates>-47.431020,-6.308610,0 -47.431050,-6.308630,0</coordinates></LineString></Placemark>
<Placemark><name>T1</name><styleUrl>#stT1</styleUrl><LineString><tessellate>1</tessellate><coordinates>-47.430600,-6.308040,0 -47.431020,-6.308610,0</coordinates></LineString></Placemark>
<Placemark><name>T1</name><styleUrl>#stT1</styleUrl><LineString><tessellate>1</tessellate><coordinates>-47.430600,-6.308040,0 -47.430610,-6.308040,0</coordinates></LineString></Placemark>
<Placemark><name>T1</name><styleUrl>#stT1</styleUrl><LineString><tessellate>1</tessellate><coordinates>-47.430600,-6.308040,0 -47.430600,-6.308020,0</coordinates></LineString></Placemark>
<Placemark><name>T1</name><styleUrl>#stT1</styleUrl><LineString><tessellate>1</tessellate><coordinates>-47.429930,-6.307130,0 -47.430600,-6.308040,0</coordinates></LineString></Placemark>
<Placemark><name>T1</name><styleUrl>#stT1</styleUrl><LineString><tessellate>1</tessellate><coordinates>-47.430610,-6.308040,0 -47.430880,-6.308090,0</coordinates></LineString></Placemark>
<Placemark><name>T1</name><styleUrl>#stT1</styleUrl><LineString><tessellate>1</tessellate><coordinates>-47.430600,-6.308020,0 -47.430610,-6.308010,0</coordinates></LineString></Placemark>
<Placemark><name>T1</name><styleUrl>#stT1</styleUrl><LineString><tessellate>1</tessellate><coordinates>-47.429910,-6.307110,0 -47.429930,-6.307130,0</coordinates></LineString></Placemark>
<Placemark><name>T1</name><styleUrl>#stT1</styleUrl><LineString><tessellate>1</tessellate><coordinates>-47.429400,-6.307330,0 -47.429910,-6.307110,0</coordinates></LineString></Placemark>
<Placemark><name>T1</name><styleUrl>#stT1</styleUrl><LineString><tessellate>1</tessellate><coordinates>-47.429910,-6.307110,0 -47.429940,-6.307080,0</coordinates></LineString></Placemark>
<Placemark><name>T1</name><styleUrl>#stT1</styleUrl><LineString><tessellate>1</tessellate><coordinates>-47.429370,-6.307340,0 -47.429400,-6.307330,0</coordinates></LineString></Placemark>
<Placemark><name>T1</name><styleUrl>#stT1</styleUrl><LineString><tessellate>1</tessellate><coordinates>-47.429400,-6.307330,0 -47.429370,-6.307300,0</coordinates></LineString></Placemark>
<Placemark><name>T1</name><styleUrl>#stT1</styleUrl><LineString><tessellate>1</tessellate><coordinates>-47.429160,-6.307430,0 -47.429370,-6.307340,0</coordinates></LineString></Placemark>
<Placemark><name>T1</name><styleUrl>#stT1</styleUrl><LineString><tessellate>1</tessellate><coordinates>-47.430950,-6.308110,0 -47.431560,-6.308250,0</coordinates></LineString></Placemark>
<Placemark><name>T2</name><styleUrl>#stT2</styleUrl><LineString><tessellate>1</tessellate><coordinates>-47.420730,-6.327790,0 -47.420710,-6.327800,0</coordinates></LineString></Placemark>
<Placemark><name>T2</name><styleUrl>#stT2</styleUrl><LineString><tessellate>1</tessellate><coordinates>-47.417860,-6.318560,0 -47.417850,-6.318540,0</coordinates></LineString></Placemark>
<Placemark><name>T2</name><styleUrl>#stT2</styleUrl><LineString><tessellate>1</tessellate><coordinates>-47.417850,-6.318540,0 -47.417830,-6.318530,0</coordinates></LineString></Placemark>
<Placemark><name>T2</name><styleUrl>#stT2</styleUrl><LineString><tessellate>1</tessellate><coordinates>-47.434300,-6.317220,0 -47.434320,-6.317230,0</coordinates></LineString></Placemark>
<Placemark><name>T2</name><styleUrl>#stT2</styleUrl><LineString><tessellate>1</tessellate><coordinates>-47.434320,-6.317230,0 -47.434340,-6.317220,0</coordinates></LineString></Placemark>
<Placemark><name>T2</name><styleUrl>#stT2</styleUrl><LineString><tessellate>1</tessellate><coordinates>-47.431290,-6.326820,0 -47.431300,-6.326840,0</coordinates></LineString></Placemark>
<Placemark><name>T2</name><styleUrl>#stT2</styleUrl><LineString><tessellate>1</tessellate><coordinates>-47.424440,-6.347580,0 -47.424450,-6.347600,0</coordinates></LineString></Placemark>
</Folder><Folder><name>Poste</name>
<Placemark><name>91734</name><styleUrl>#stPoste</styleUrl><Point><coordinates>-47.417868,-6.329468,0</coordinates></Point></Placemark>
<Placemark><name>121474</name><styleUrl>#stPoste</styleUrl><Point><coordinates>-47.421045,-6.324748,0</coordinates></Point></Placemark>
<Placemark><name>121539</name><styleUrl>#stPoste</styleUrl><Point><coordinates>-47.419272,-6.330362,0</coordinates></Point></Placemark>
<Placemark><name>664058</name><styleUrl>#stPoste</styleUrl><Point><coordinates>-47.417996,-6.316052,0</coordinates></Point></Placemark>
<Placemark><name>664674</name><styleUrl>#stPoste</styleUrl><Point><coordinates>-47.423923,-6.322353,0</coordinates></Point></Placemark>
<Placemark><name>664918</name><styleUrl>#stPoste</styleUrl><Point><coordinates>-47.421715,-6.327202,0</coordinates></Point></Placemark>
<Placemark><name>731673</name><styleUrl>#stPoste</styleUrl><Point><coordinates>-47.421233,-6.330576,0</coordinates></Point></Placemark>
<Placemark><name>732012</name><styleUrl>#stPoste</styleUrl><Point><coordinates>-47.418872,-6.332931,0</coordinates></Point></Placemark>
<Placemark><name>733507</name><styleUrl>#stPoste</styleUrl><Point><coordinates>-47.418079,-6.326485,0</coordinates></Point></Placemark>
<Placemark><name>835107</name><styleUrl>#stPoste</styleUrl><Point><coordinates>-47.420131,-6.329095,0</coordinates></Point></Placemark>
<Placemark><name>835454</name><styleUrl>#stPoste</styleUrl><Point><coordinates>-47.417866,-6.322563,0</coordinates></Point></Placemark>
<Placemark><name>836936</name><styleUrl>#stPoste</styleUrl><Point><coordinates>-47.419369,-6.321776,0</coordinates></Point></Placemark>
<Placemark><name>838322</name><styleUrl>#stPoste</styleUrl><Point><coordinates>-47.418023,-6.328626,0</coordinates></Point></Placemark>
<Placemark><name>1079315</name><styleUrl>#stPoste</styleUrl><Point><coordinates>-47.417619,-6.316260,0</coordinates></Point></Placemark>
<Placemark><name>1079617</name><styleUrl>#stPoste</styleUrl><Point><coordinates>-47.416075,-6.309388,0</coordinates></Point></Placemark>
<Placemark><name>1291262</name><styleUrl>#stPoste</styleUrl><Point><coordinates>-47.427250,-6.325395,0</coordinates></Point></Placemark>
<Placemark><name>1315991</name><styleUrl>#stPoste</styleUrl><Point><coordinates>-47.418145,-6.328193,0</coordinates></Point></Placemark>
<Placemark><name>1723075</name><styleUrl>#stPoste</styleUrl><Point><coordinates>-47.425439,-6.330360,0</coordinates></Point></Placemark>
<Placemark><name>1739426</name><styleUrl>#stPoste</styleUrl><Point><coordinates>-47.416883,-6.329734,0</coordinates></Point></Placemark>
<Placemark><name>1740569</name><styleUrl>#stPoste</styleUrl><Point><coordinates>-47.418961,-6.315668,0</coordinates></Point></Placemark>
<Placemark><name>74008072</name><styleUrl>#stPoste</styleUrl><Point><coordinates>-47.417276,-6.323025,0</coordinates></Point></Placemark>
<Placemark><name>91741</name><styleUrl>#stPoste</styleUrl><Point><coordinates>-47.419679,-6.328153,0</coordinates></Point></Placemark>
<Placemark><name>662873</name><styleUrl>#stPoste</styleUrl><Point><coordinates>-47.423073,-6.323901,0</coordinates></Point></Placemark>
<Placemark><name>664358</name><styleUrl>#stPoste</styleUrl><Point><coordinates>-47.418787,-6.317420,0</coordinates></Point></Placemark>
<Placemark><name>664944</name><styleUrl>#stPoste</styleUrl><Point><coordinates>-47.424323,-6.322384,0</coordinates></Point></Placemark>
<Placemark><name>733500</name><styleUrl>#stPoste</styleUrl><Point><coordinates>-47.418085,-6.323564,0</coordinates></Point></Placemark>
<Placemark><name>736130</name><styleUrl>#stPoste</styleUrl><Point><coordinates>-47.426934,-6.332306,0</coordinates></Point></Placemark>
<Placemark><name>836077</name><styleUrl>#stPoste</styleUrl><Point><coordinates>-47.413464,-6.308217,0</coordinates></Point></Placemark>
<Placemark><name>838650</name><styleUrl>#stPoste</styleUrl><Point><coordinates>-47.424696,-6.316552,0</coordinates></Point></Placemark>
<Placemark><name>838891</name><styleUrl>#stPoste</styleUrl><Point><coordinates>-47.421218,-6.319388,0</coordinates></Point></Placemark>
<Placemark><name>839087</name><styleUrl>#stPoste</styleUrl><Point><coordinates>-47.416393,-6.329046,0</coordinates></Point></Placemark>
<Placemark><name>1079323</name><styleUrl>#stPoste</styleUrl><Point><coordinates>-47.417032,-6.314693,0</coordinates></Point></Placemark>
<Placemark><name>1079899</name><styleUrl>#stPoste</styleUrl><Point><coordinates>-47.417258,-6.313776,0</coordinates></Point></Placemark>
<Placemark><name>1290612</name><styleUrl>#stPoste</styleUrl><Point><coordinates>-47.425093,-6.314147,0</coordinates></Point></Placemark>
<Placemark><name>1460976</name><styleUrl>#stPoste</styleUrl><Point><coordinates>-47.418616,-6.313450,0</coordinates></Point></Placemark>
<Placemark><name>1722273</name><styleUrl>#stPoste</styleUrl><Point><coordinates>-47.426770,-6.325155,0</coordinates></Point></Placemark>
<Placemark><name>1723303</name><styleUrl>#stPoste</styleUrl><Point><coordinates>-47.425342,-6.326617,0</coordinates></Point></Placemark>
<Placemark><name>1740568</name><styleUrl>#stPoste</styleUrl><Point><coordinates>-47.418976,-6.315869,0</coordinates></Point></Placemark>
<Placemark><name>1820117</name><styleUrl>#stPoste</styleUrl><Point><coordinates>-47.417311,-6.315369,0</coordinates></Point></Placemark>
<Placemark><name>1886804</name><styleUrl>#stPoste</styleUrl><Point><coordinates>-47.421348,-6.330322,0</coordinates></Point></Placemark>
<Placemark><name>55727553</name><styleUrl>#stPoste</styleUrl><Point><coordinates>-47.422716,-6.331692,0</coordinates></Point></Placemark>
<Placemark><name>91571</name><styleUrl>#stPoste</styleUrl><Point><coordinates>-47.419770,-6.328368,0</coordinates></Point></Placemark>
<Placemark><name>91735</name><styleUrl>#stPoste</styleUrl><Point><coordinates>-47.418497,-6.321881,0</coordinates></Point></Placemark>
<Placemark><name>91750</name><styleUrl>#stPoste</styleUrl><Point><coordinates>-47.422633,-6.331935,0</coordinates></Point></Placemark>
<Placemark><name>662308</name><styleUrl>#stPoste</styleUrl><Point><coordinates>-47.422144,-6.325107,0</coordinates></Point></Placemark>
<Placemark><name>663488</name><styleUrl>#stPoste</styleUrl><Point><coordinates>-47.424495,-6.314542,0</coordinates></Point></Placemark>
<Placemark><name>663775</name><styleUrl>#stPoste</styleUrl><Point><coordinates>-47.426446,-6.321572,0</coordinates></Point></Placemark>
<Placemark><name>665378</name><styleUrl>#stPoste</styleUrl><Point><coordinates>-47.425690,-6.327570,0</coordinates></Point></Placemark>
<Placemark><name>732016</name><styleUrl>#stPoste</styleUrl><Point><coordinates>-47.418906,-6.334147,0</coordinates></Point></Placemark>
<Placemark><name>835436</name><styleUrl>#stPoste</styleUrl><Point><coordinates>-47.421845,-6.315663,0</coordinates></Point></Placemark>
<Placemark><name>835458</name><styleUrl>#stPoste</styleUrl><Point><coordinates>-47.427418,-6.307316,0</coordinates></Point></Placemark>
<Placemark><name>837545</name><styleUrl>#stPoste</styleUrl><Point><coordinates>-47.425960,-6.311199,0</coordinates></Point></Placemark>
<Placemark><name>837789</name><styleUrl>#stPoste</styleUrl><Point><coordinates>-47.422070,-6.331672,0</coordinates></Point></Placemark>
<Placemark><name>839408</name><styleUrl>#stPoste</styleUrl><Point><coordinates>-47.419910,-6.330447,0</coordinates></Point></Placemark>
<Placemark><name>839463</name><styleUrl>#stPoste</styleUrl><Point><coordinates>-47.424785,-6.318046,0</coordinates></Point></Placemark>
<Placemark><name>839481</name><styleUrl>#stPoste</styleUrl><Point><coordinates>-47.422850,-6.315174,0</coordinates></Point></Placemark>
<Placemark><name>1079326</name><styleUrl>#stPoste</styleUrl><Point><coordinates>-47.417400,-6.314300,0</coordinates></Point></Placemark>
<Placemark><name>1148802</name><styleUrl>#stPoste</styleUrl><Point><coordinates>-47.425249,-6.326572,0</coordinates></Point></Placemark>
<Placemark><name>1224505</name><styleUrl>#stPoste</styleUrl><Point><coordinates>-47.412439,-6.320091,0</coordinates></Point></Placemark>
<Placemark><name>1290609</name><styleUrl>#stPoste</styleUrl><Point><coordinates>-47.424611,-6.315966,0</coordinates></Point></Placemark>
<Placemark><name>1364891</name><styleUrl>#stPoste</styleUrl><Point><coordinates>-47.414878,-6.328249,0</coordinates></Point></Placemark>
<Placemark><name>1452654</name><styleUrl>#stPoste</styleUrl><Point><coordinates>-47.419725,-6.328426,0</coordinates></Point></Placemark>
<Placemark><name>1455414</name><styleUrl>#stPoste</styleUrl><Point><coordinates>-47.420996,-6.313255,0</coordinates></Point></Placemark>
<Placemark><name>1461262</name><styleUrl>#stPoste</styleUrl><Point><coordinates>-47.420252,-6.312391,0</coordinates></Point></Placemark>
<Placemark><name>1461267</name><styleUrl>#stPoste</styleUrl><Point><coordinates>-47.418072,-6.313806,0</coordinates></Point></Placemark>
<Placemark><name>1722330</name><styleUrl>#stPoste</styleUrl><Point><coordinates>-47.429683,-6.332906,0</coordinates></Point></Placemark>
<Placemark><name>1739707</name><styleUrl>#stPoste</styleUrl><Point><coordinates>-47.415033,-6.328157,0</coordinates></Point></Placemark>
<Placemark><name>1888935</name><styleUrl>#stPoste</styleUrl><Point><coordinates>-47.419068,-6.313331,0</coordinates></Point></Placemark>
<Placemark><name>47457494</name><styleUrl>#stPoste</styleUrl><Point><coordinates>-47.425279,-6.325467,0</coordinates></Point></Placemark>
<Placemark><name>74008074</name><styleUrl>#stPoste</styleUrl><Point><coordinates>-47.416581,-6.323036,0</coordinates></Point></Placemark>
<Placemark><name>121476</name><styleUrl>#stPoste</styleUrl><Point><coordinates>-47.420276,-6.323166,0</coordinates></Point></Placemark>
<Placemark><name>121480</name><styleUrl>#stPoste</styleUrl><Point><coordinates>-47.417272,-6.330097,0</coordinates></Point></Placemark>
<Placemark><name>321692</name><styleUrl>#stPoste</styleUrl><Point><coordinates>-47.421679,-6.328717,0</coordinates></Point></Placemark>
<Placemark><name>662202</name><styleUrl>#stPoste</styleUrl><Point><coordinates>-47.427084,-6.327065,0</coordinates></Point></Placemark>
<Placemark><name>663487</name><styleUrl>#stPoste</styleUrl><Point><coordinates>-47.424247,-6.314487,0</coordinates></Point></Placemark>
<Placemark><name>664357</name><styleUrl>#stPoste</styleUrl><Point><coordinates>-47.419008,-6.317422,0</coordinates></Point></Placemark>
<Placemark><name>664938</name><styleUrl>#stPoste</styleUrl><Point><coordinates>-47.421249,-6.324930,0</coordinates></Point></Placemark>
<Placemark><name>665478</name><styleUrl>#stPoste</styleUrl><Point><coordinates>-47.418726,-6.323052,0</coordinates></Point></Placemark>
<Placemark><name>734425</name><styleUrl>#stPoste</styleUrl><Point><coordinates>-47.421722,-6.331616,0</coordinates></Point></Placemark>
<Placemark><name>735823</name><styleUrl>#stPoste</styleUrl><Point><coordinates>-47.425059,-6.329609,0</coordinates></Point></Placemark>
<Placemark><name>835453</name><styleUrl>#stPoste</styleUrl><Point><coordinates>-47.422616,-6.319353,0</coordinates></Point></Placemark>
<Placemark><name>835985</name><styleUrl>#stPoste</styleUrl><Point><coordinates>-47.418153,-6.325163,0</coordinates></Point></Placemark>
<Placemark><name>836357</name><styleUrl>#stPoste</styleUrl><Point><coordinates>-47.420732,-6.319410,0</coordinates></Point></Placemark>
<Placemark><name>836939</name><styleUrl>#stPoste</styleUrl><Point><coordinates>-47.420488,-6.321653,0</coordinates></Point></Placemark>
<Placemark><name>1079898</name><styleUrl>#stPoste</styleUrl><Point><coordinates>-47.416664,-6.311562,0</coordinates></Point></Placemark>
<Placemark><name>1290940</name><styleUrl>#stPoste</styleUrl><Point><coordinates>-47.424945,-6.314728,0</coordinates></Point></Placemark>
<Placemark><name>1478999</name><styleUrl>#stPoste</styleUrl><Point><coordinates>-47.417102,-6.330867,0</coordinates></Point></Placemark>
<Placemark><name>1740521</name><styleUrl>#stPoste</styleUrl><Point><coordinates>-47.416673,-6.329663,0</coordinates></Point></Placemark>
<Placemark><name>35807761</name><styleUrl>#stPoste</styleUrl><Point><coordinates>-47.413870,-6.321362,0</coordinates></Point></Placemark>
<Placemark><name>49312296</name><styleUrl>#stPoste</styleUrl><Point><coordinates>-47.417695,-6.330404,0</coordinates></Point></Placemark>
<Placemark><name>91738</name><styleUrl>#stPoste</styleUrl><Point><coordinates>-47.418045,-6.328018,0</coordinates></Point></Placemark>
<Placemark><name>91748</name><styleUrl>#stPoste</styleUrl><Point><coordinates>-47.424086,-6.325632,0</coordinates></Point></Placemark>
<Placemark><name>214450</name><styleUrl>#stPoste</styleUrl><Point><coordinates>-47.420485,-6.307798,0</coordinates></Point></Placemark>
<Placemark><name>295175</name><styleUrl>#stPoste</styleUrl><Point><coordinates>-47.414714,-6.314925,0</coordinates></Point></Placemark>
<Placemark><name>663807</name><styleUrl>#stPoste</styleUrl><Point><coordinates>-47.422830,-6.324651,0</coordinates></Point></Placemark>
<Placemark><name>664931</name><styleUrl>#stPoste</styleUrl><Point><coordinates>-47.422602,-6.319070,0</coordinates></Point></Placemark>
<Placemark><name>734971</name><styleUrl>#stPoste</styleUrl><Point><coordinates>-47.425329,-6.326783,0</coordinates></Point></Placemark>
<Placemark><name>735364</name><styleUrl>#stPoste</styleUrl><Point><coordinates>-47.417259,-6.328148,0</coordinates></Point></Placemark>
<Placemark><name>837529</name><styleUrl>#stPoste</styleUrl><Point><coordinates>-47.422600,-6.318052,0</coordinates></Point></Placemark>
<Placemark><name>1273166</name><styleUrl>#stPoste</styleUrl><Point><coordinates>-47.417015,-6.329050,0</coordinates></Point></Placemark>
<Placemark><name>1460338</name><styleUrl>#stPoste</styleUrl><Point><coordinates>-47.420793,-6.313386,0</coordinates></Point></Placemark>
<Placemark><name>1739842</name><styleUrl>#stPoste</styleUrl><Point><coordinates>-47.415759,-6.323908,0</coordinates></Point></Placemark>
<Placemark><name>1819042</name><styleUrl>#stPoste</styleUrl><Point><coordinates>-47.418793,-6.309567,0</coordinates></Point></Placemark>
<Placemark><name>1889027</name><styleUrl>#stPoste</styleUrl><Point><coordinates>-47.420776,-6.313461,0</coordinates></Point></Placemark>
<Placemark><name>74008040</name><styleUrl>#stPoste</styleUrl><Point><coordinates>-47.417924,-6.322829,0</coordinates></Point></Placemark>
<Placemark><name>91569</name><styleUrl>#stPoste</styleUrl><Point><coordinates>-47.421054,-6.331303,0</coordinates></Point></Placemark>
<Placemark><name>121481</name><styleUrl>#stPoste</styleUrl><Point><coordinates>-47.419489,-6.329080,0</coordinates></Point></Placemark>
<Placemark><name>121483</name><styleUrl>#stPoste</styleUrl><Point><coordinates>-47.421893,-6.328916,0</coordinates></Point></Placemark>
<Placemark><name>661703</name><styleUrl>#stPoste</styleUrl><Point><coordinates>-47.419704,-6.315734,0</coordinates></Point></Placemark>
<Placemark><name>661706</name><styleUrl>#stPoste</styleUrl><Point><coordinates>-47.418847,-6.315762,0</coordinates></Point></Placemark>
<Placemark><name>661707</name><styleUrl>#stPoste</styleUrl><Point><coordinates>-47.418569,-6.315771,0</coordinates></Point></Placemark>
<Placemark><name>662742</name><styleUrl>#stPoste</styleUrl><Point><coordinates>-47.425539,-6.330943,0</coordinates></Point></Placemark>
<Placemark><name>662745</name><styleUrl>#stPoste</styleUrl><Point><coordinates>-47.425412,-6.330591,0</coordinates></Point></Placemark>
<Placemark><name>663351</name><styleUrl>#stPoste</styleUrl><Point><coordinates>-47.423883,-6.328222,0</coordinates></Point></Placemark>
<Placemark><name>664085</name><styleUrl>#stPoste</styleUrl><Point><coordinates>-47.422371,-6.324912,0</coordinates></Point></Placemark>
<Placemark><name>664271</name><styleUrl>#stPoste</styleUrl><Point><coordinates>-47.424101,-6.327342,0</coordinates></Point></Placemark>
<Placemark><name>665217</name><styleUrl>#stPoste</styleUrl><Point><coordinates>-47.422601,-6.318793,0</coordinates></Point></Placemark>
<Placemark><name>665484</name><styleUrl>#stPoste</styleUrl><Point><coordinates>-47.418137,-6.317420,0</coordinates></Point></Placemark>
<Placemark><name>665502</name><styleUrl>#stPoste</styleUrl><Point><coordinates>-47.422578,-6.317963,0</coordinates></Point></Placemark>
<Placemark><name>691729</name><styleUrl>#stPoste</styleUrl><Point><coordinates>-47.429494,-6.304896,0</coordinates></Point></Placemark>
<Placemark><name>732444</name><styleUrl>#stPoste</styleUrl><Point><coordinates>-47.426248,-6.332215,0</coordinates></Point></Placemark>
<Placemark><name>735942</name><styleUrl>#stPoste</styleUrl><Point><coordinates>-47.420537,-6.330530,0</coordinates></Point></Placemark>
<Placemark><name>835699</name><styleUrl>#stPoste</styleUrl><Point><coordinates>-47.418143,-6.331036,0</coordinates></Point></Placemark>
<Placemark><name>835700</name><styleUrl>#stPoste</styleUrl><Point><coordinates>-47.420916,-6.329113,0</coordinates></Point></Placemark>
<Placemark><name>836880</name><styleUrl>#stPoste</styleUrl><Point><coordinates>-47.420593,-6.327890,0</coordinates></Point></Placemark>
<Placemark><name>1079324</name><styleUrl>#stPoste</styleUrl><Point><coordinates>-47.417294,-6.314622,0</coordinates></Point></Placemark>
<Placemark><name>1099129</name><styleUrl>#stPoste</styleUrl><Point><coordinates>-47.417096,-6.318286,0</coordinates></Point></Placemark>
<Placemark><name>1290605</name><styleUrl>#stPoste</styleUrl><Point><coordinates>-47.428623,-6.307228,0</coordinates></Point></Placemark>
<Placemark><name>1290937</name><styleUrl>#stPoste</styleUrl><Point><coordinates>-47.425961,-6.319516,0</coordinates></Point></Placemark>
<Placemark><name>1291571</name><styleUrl>#stPoste</styleUrl><Point><coordinates>-47.419471,-6.328165,0</coordinates></Point></Placemark>
<Placemark><name>1364888</name><styleUrl>#stPoste</styleUrl><Point><coordinates>-47.413797,-6.328318,0</coordinates></Point></Placemark>
<Placemark><name>1460339</name><styleUrl>#stPoste</styleUrl><Point><coordinates>-47.421783,-6.312726,0</coordinates></Point></Placemark>
<Placemark><name>1460669</name><styleUrl>#stPoste</styleUrl><Point><coordinates>-47.421338,-6.311677,0</coordinates></Point></Placemark>
<Placemark><name>1722339</name><styleUrl>#stPoste</styleUrl><Point><coordinates>-47.424887,-6.329437,0</coordinates></Point></Placemark>
<Placemark><name>1723232</name><styleUrl>#stPoste</styleUrl><Point><coordinates>-47.421091,-6.319313,0</coordinates></Point></Placemark>
<Placemark><name>1731847</name><styleUrl>#stPoste</styleUrl><Point><coordinates>-47.426186,-6.327233,0</coordinates></Point></Placemark>
<Placemark><name>1739704</name><styleUrl>#stPoste</styleUrl><Point><coordinates>-47.414404,-6.328192,0</coordinates></Point></Placemark>
<Placemark><name>38581831</name><styleUrl>#stPoste</styleUrl><Point><coordinates>-47.418910,-6.335957,0</coordinates></Point></Placemark>
<Placemark><name>91733</name><styleUrl>#stPoste</styleUrl><Point><coordinates>-47.417595,-6.330140,0</coordinates></Point></Placemark>
<Placemark><name>663049</name><styleUrl>#stPoste</styleUrl><Point><coordinates>-47.425188,-6.329967,0</coordinates></Point></Placemark>
<Placemark><name>664946</name><styleUrl>#stPoste</styleUrl><Point><coordinates>-47.425671,-6.325404,0</coordinates></Point></Placemark>
<Placemark><name>665514</name><styleUrl>#stPoste</styleUrl><Point><coordinates>-47.421580,-6.325289,0</coordinates></Point></Placemark>
<Placemark><name>835457</name><styleUrl>#stPoste</styleUrl><Point><coordinates>-47.427118,-6.307888,0</coordinates></Point></Placemark>
<Placemark><name>837234</name><styleUrl>#stPoste</styleUrl><Point><coordinates>-47.426510,-6.309895,0</coordinates></Point></Placemark>
<Placemark><name>838821</name><styleUrl>#stPoste</styleUrl><Point><coordinates>-47.419837,-6.330520,0</coordinates></Point></Placemark>
<Placemark><name>1079623</name><styleUrl>#stPoste</styleUrl><Point><coordinates>-47.418751,-6.309112,0</coordinates></Point></Placemark>
<Placemark><name>1079626</name><styleUrl>#stPoste</styleUrl><Point><coordinates>-47.418489,-6.308136,0</coordinates></Point></Placemark>
<Placemark><name>1099128</name><styleUrl>#stPoste</styleUrl><Point><coordinates>-47.417830,-6.318549,0</coordinates></Point></Placemark>
<Placemark><name>1291570</name><styleUrl>#stPoste</styleUrl><Point><coordinates>-47.421258,-6.327484,0</coordinates></Point></Placemark>
<Placemark><name>1368525</name><styleUrl>#stPoste</styleUrl><Point><coordinates>-47.427541,-6.325070,0</coordinates></Point></Placemark>
<Placemark><name>1462174</name><styleUrl>#stPoste</styleUrl><Point><coordinates>-47.421032,-6.319397,0</coordinates></Point></Placemark>
<Placemark><name>1717597</name><styleUrl>#stPoste</styleUrl><Point><coordinates>-47.424806,-6.328904,0</coordinates></Point></Placemark>
<Placemark><name>1722346</name><styleUrl>#stPoste</styleUrl><Point><coordinates>-47.424265,-6.330289,0</coordinates></Point></Placemark>
<Placemark><name>1739705</name><styleUrl>#stPoste</styleUrl><Point><coordinates>-47.414128,-6.328212,0</coordinates></Point></Placemark>
<Placemark><name>1878056</name><styleUrl>#stPoste</styleUrl><Point><coordinates>-47.421890,-6.319193,0</coordinates></Point></Placemark>
<Placemark><name>40121399</name><styleUrl>#stPoste</styleUrl><Point><coordinates>-47.426524,-6.325259,0</coordinates></Point></Placemark>
<Placemark><name>214448</name><styleUrl>#stPoste</styleUrl><Point><coordinates>-47.420603,-6.308724,0</coordinates></Point></Placemark>
<Placemark><name>295178</name><styleUrl>#stPoste</styleUrl><Point><coordinates>-47.413926,-6.308922,0</coordinates></Point></Placemark>
<Placemark><name>309134</name><styleUrl>#stPoste</styleUrl><Point><coordinates>-47.423277,-6.313018,0</coordinates></Point></Placemark>
<Placemark><name>663194</name><styleUrl>#stPoste</styleUrl><Point><coordinates>-47.423539,-6.326070,0</coordinates></Point></Placemark>
<Placemark><name>663354</name><styleUrl>#stPoste</styleUrl><Point><coordinates>-47.428043,-6.325646,0</coordinates></Point></Placemark>
<Placemark><name>664059</name><styleUrl>#stPoste</styleUrl><Point><coordinates>-47.418019,-6.316478,0</coordinates></Point></Placemark>
<Placemark><name>664272</name><styleUrl>#stPoste</styleUrl><Point><coordinates>-47.423975,-6.327026,0</coordinates></Point></Placemark>
<Placemark><name>665228</name><styleUrl>#stPoste</styleUrl><Point><coordinates>-47.422588,-6.318384,0</coordinates></Point></Placemark>
<Placemark><name>665516</name><styleUrl>#stPoste</styleUrl><Point><coordinates>-47.424194,-6.325843,0</coordinates></Point></Placemark>
<Placemark><name>735828</name><styleUrl>#stPoste</styleUrl><Point><coordinates>-47.424646,-6.328708,0</coordinates></Point></Placemark>
<Placemark><name>835171</name><styleUrl>#stPoste</styleUrl><Point><coordinates>-47.422937,-6.314542,0</coordinates></Point></Placemark>
<Placemark><name>1078559</name><styleUrl>#stPoste</styleUrl><Point><coordinates>-47.417888,-6.314134,0</coordinates></Point></Placemark>
<Placemark><name>1079317</name><styleUrl>#stPoste</styleUrl><Point><coordinates>-47.417154,-6.315435,0</coordinates></Point></Placemark>
<Placemark><name>1079319</name><styleUrl>#stPoste</styleUrl><Point><coordinates>-47.416917,-6.315010,0</coordinates></Point></Placemark>
<Placemark><name>1079327</name><styleUrl>#stPoste</styleUrl><Point><coordinates>-47.417330,-6.314040,0</coordinates></Point></Placemark>
<Placemark><name>1096349</name><styleUrl>#stPoste</styleUrl><Point><coordinates>-47.427144,-6.327225,0</coordinates></Point></Placemark>
<Placemark><name>1292166</name><styleUrl>#stPoste</styleUrl><Point><coordinates>-47.423258,-6.322785,0</coordinates></Point></Placemark>
<Placemark><name>1461269</name><styleUrl>#stPoste</styleUrl><Point><coordinates>-47.417796,-6.313977,0</coordinates></Point></Placemark>
<Placemark><name>1461270</name><styleUrl>#stPoste</styleUrl><Point><coordinates>-47.420796,-6.312035,0</coordinates></Point></Placemark>
<Placemark><name>1478998</name><styleUrl>#stPoste</styleUrl><Point><coordinates>-47.417629,-6.330758,0</coordinates></Point></Placemark>
<Placemark><name>1740402</name><styleUrl>#stPoste</styleUrl><Point><coordinates>-47.417421,-6.332161,0</coordinates></Point></Placemark>
<Placemark><name>1877988</name><styleUrl>#stPoste</styleUrl><Point><coordinates>-47.419597,-6.317326,0</coordinates></Point></Placemark>
<Placemark><name>1889105</name><styleUrl>#stPoste</styleUrl><Point><coordinates>-47.421131,-6.311683,0</coordinates></Point></Placemark>
<Placemark><name>91747</name><styleUrl>#stPoste</styleUrl><Point><coordinates>-47.423131,-6.324494,0</coordinates></Point></Placemark>
<Placemark><name>121467</name><styleUrl>#stPoste</styleUrl><Point><coordinates>-47.420550,-6.329104,0</coordinates></Point></Placemark>
<Placemark><name>372339</name><styleUrl>#stPoste</styleUrl><Point><coordinates>-47.420285,-6.323113,0</coordinates></Point></Placemark>
<Placemark><name>664917</name><styleUrl>#stPoste</styleUrl><Point><coordinates>-47.419992,-6.323148,0</coordinates></Point></Placemark>
<Placemark><name>664939</name><styleUrl>#stPoste</styleUrl><Point><coordinates>-47.420991,-6.323218,0</coordinates></Point></Placemark>
<Placemark><name>732443</name><styleUrl>#stPoste</styleUrl><Point><coordinates>-47.425422,-6.327081,0</coordinates></Point></Placemark>
<Placemark><name>835417</name><styleUrl>#stPoste</styleUrl><Point><coordinates>-47.419617,-6.330408,0</coordinates></Point></Placemark>
<Placemark><name>837528</name><styleUrl>#stPoste</styleUrl><Point><coordinates>-47.423012,-6.318057,0</coordinates></Point></Placemark>
<Placemark><name>1079316</name><styleUrl>#stPoste</styleUrl><Point><coordinates>-47.417418,-6.315891,0</coordinates></Point></Placemark>
<Placemark><name>1282987</name><styleUrl>#stPoste</styleUrl><Point><coordinates>-47.424919,-6.317048,0</coordinates></Point></Placemark>
<Placemark><name>1290608</name><styleUrl>#stPoste</styleUrl><Point><coordinates>-47.425255,-6.313509,0</coordinates></Point></Placemark>
<Placemark><name>1460017</name><styleUrl>#stPoste</styleUrl><Point><coordinates>-47.420240,-6.313742,0</coordinates></Point></Placemark>
<Placemark><name>1721984</name><styleUrl>#stPoste</styleUrl><Point><coordinates>-47.422838,-6.328662,0</coordinates></Point></Placemark>
<Placemark><name>1723180</name><styleUrl>#stPoste</styleUrl><Point><coordinates>-47.426629,-6.326200,0</coordinates></Point></Placemark>
<Placemark><name>1732473</name><styleUrl>#stPoste</styleUrl><Point><coordinates>-47.421303,-6.328925,0</coordinates></Point></Placemark>
<Placemark><name>1852942</name><styleUrl>#stPoste</styleUrl><Point><coordinates>-47.417750,-6.319516,0</coordinates></Point></Placemark>
<Placemark><name>53902606</name><styleUrl>#stPoste</styleUrl><Point><coordinates>-47.418122,-6.325726,0</coordinates></Point></Placemark>
<Placemark><name>73732274</name><styleUrl>#stPoste</styleUrl><Point><coordinates>-47.427005,-6.326846,0</coordinates></Point></Placemark>
<Placemark><name>74008034</name><styleUrl>#stPoste</styleUrl><Point><coordinates>-47.418025,-6.322997,0</coordinates></Point></Placemark>
<Placemark><name>74008068</name><styleUrl>#stPoste</styleUrl><Point><coordinates>-47.417549,-6.323009,0</coordinates></Point></Placemark>
<Placemark><name>74008570</name><styleUrl>#stPoste</styleUrl><Point><coordinates>-47.414218,-6.321485,0</coordinates></Point></Placemark>
<Placemark><name>121482</name><styleUrl>#stPoste</styleUrl><Point><coordinates>-47.422348,-6.328766,0</coordinates></Point></Placemark>
<Placemark><name>336748</name><styleUrl>#stPoste</styleUrl><Point><coordinates>-47.417835,-6.319454,0</coordinates></Point></Placemark>
<Placemark><name>662896</name><styleUrl>#stPoste</styleUrl><Point><coordinates>-47.421855,-6.325352,0</coordinates></Point></Placemark>
<Placemark><name>732555</name><styleUrl>#stPoste</styleUrl><Point><coordinates>-47.421175,-6.330925,0</coordinates></Point></Placemark>
<Placemark><name>836333</name><styleUrl>#stPoste</styleUrl><Point><coordinates>-47.417901,-6.329286,0</coordinates></Point></Placemark>
<Placemark><name>837527</name><styleUrl>#stPoste</styleUrl><Point><coordinates>-47.423426,-6.318054,0</coordinates></Point></Placemark>
<Placemark><name>838097</name><styleUrl>#stPoste</styleUrl><Point><coordinates>-47.425518,-6.317825,0</coordinates></Point></Placemark>
<Placemark><name>839458</name><styleUrl>#stPoste</styleUrl><Point><coordinates>-47.426037,-6.319860,0</coordinates></Point></Placemark>
<Placemark><name>1079611</name><styleUrl>#stPoste</styleUrl><Point><coordinates>-47.416593,-6.311301,0</coordinates></Point></Placemark>
<Placemark><name>1079625</name><styleUrl>#stPoste</styleUrl><Point><coordinates>-47.418761,-6.308918,0</coordinates></Point></Placemark>
<Placemark><name>1273169</name><styleUrl>#stPoste</styleUrl><Point><coordinates>-47.415605,-6.328139,0</coordinates></Point></Placemark>
<Placemark><name>1290939</name><styleUrl>#stPoste</styleUrl><Point><coordinates>-47.426720,-6.308864,0</coordinates></Point></Placemark>
<Placemark><name>1740265</name><styleUrl>#stPoste</styleUrl><Point><coordinates>-47.418740,-6.332276,0</coordinates></Point></Placemark>
<Placemark><name>21676328</name><styleUrl>#stPoste</styleUrl><Point><coordinates>-47.422677,-6.333055,0</coordinates></Point></Placemark>
<Placemark><name>29259729</name><styleUrl>#stPoste</styleUrl><Point><coordinates>-47.417503,-6.309411,0</coordinates></Point></Placemark>
<Placemark><name>66698710</name><styleUrl>#stPoste</styleUrl><Point><coordinates>-47.424713,-6.315582,0</coordinates></Point></Placemark>
<Placemark><name>662868</name><styleUrl>#stPoste</styleUrl><Point><coordinates>-47.422053,-6.326994,0</coordinates></Point></Placemark>
<Placemark><name>665487</name><styleUrl>#stPoste</styleUrl><Point><coordinates>-47.428410,-6.316908,0</coordinates></Point></Placemark>
<Placemark><name>665488</name><styleUrl>#stPoste</styleUrl><Point><coordinates>-47.427542,-6.317419,0</coordinates></Point></Placemark>
<Placemark><name>735372</name><styleUrl>#stPoste</styleUrl><Point><coordinates>-47.417718,-6.329050,0</coordinates></Point></Placemark>
<Placemark><name>735943</name><styleUrl>#stPoste</styleUrl><Point><coordinates>-47.418550,-6.330266,0</coordinates></Point></Placemark>
<Placemark><name>836049</name><styleUrl>#stPoste</styleUrl><Point><coordinates>-47.422921,-6.314194,0</coordinates></Point></Placemark>
<Placemark><name>837231</name><styleUrl>#stPoste</styleUrl><Point><coordinates>-47.425277,-6.317627,0</coordinates></Point></Placemark>
<Placemark><name>837811</name><styleUrl>#stPoste</styleUrl><Point><coordinates>-47.423093,-6.312744,0</coordinates></Point></Placemark>
<Placemark><name>839144</name><styleUrl>#stPoste</styleUrl><Point><coordinates>-47.423225,-6.314261,0</coordinates></Point></Placemark>
<Placemark><name>1149263</name><styleUrl>#stPoste</styleUrl><Point><coordinates>-47.416350,-6.329768,0</coordinates></Point></Placemark>
<Placemark><name>1351693</name><styleUrl>#stPoste</styleUrl><Point><coordinates>-47.422572,-6.317592,0</coordinates></Point></Placemark>
<Placemark><name>1367173</name><styleUrl>#stPoste</styleUrl><Point><coordinates>-47.418065,-6.335509,0</coordinates></Point></Placemark>
<Placemark><name>1455415</name><styleUrl>#stPoste</styleUrl><Point><coordinates>-47.422421,-6.312354,0</coordinates></Point></Placemark>
<Placemark><name>1461263</name><styleUrl>#stPoste</styleUrl><Point><coordinates>-47.419437,-6.312924,0</coordinates></Point></Placemark>
<Placemark><name>1478978</name><styleUrl>#stPoste</styleUrl><Point><coordinates>-47.426728,-6.322909,0</coordinates></Point></Placemark>
<Placemark><name>1732394</name><styleUrl>#stPoste</styleUrl><Point><coordinates>-47.418953,-6.332623,0</coordinates></Point></Placemark>
<Placemark><name>1819032</name><styleUrl>#stPoste</styleUrl><Point><coordinates>-47.417104,-6.315504,0</coordinates></Point></Placemark>
<Placemark><name>1889168</name><styleUrl>#stPoste</styleUrl><Point><coordinates>-47.421276,-6.313141,0</coordinates></Point></Placemark>
<Placemark><name>21676332</name><styleUrl>#stPoste</styleUrl><Point><coordinates>-47.422679,-6.333107,0</coordinates></Point></Placemark>
<Placemark><name>31844589</name><styleUrl>#stPoste</styleUrl><Point><coordinates>-47.418187,-6.324546,0</coordinates></Point></Placemark>
<Placemark><name>35807759</name><styleUrl>#stPoste</styleUrl><Point><coordinates>-47.414114,-6.321563,0</coordinates></Point></Placemark>
<Placemark><name>121411</name><styleUrl>#stPoste</styleUrl><Point><coordinates>-47.424498,-6.330575,0</coordinates></Point></Placemark>
<Placemark><name>121538</name><styleUrl>#stPoste</styleUrl><Point><coordinates>-47.419216,-6.331210,0</coordinates></Point></Placemark>
<Placemark><name>664071</name><styleUrl>#stPoste</styleUrl><Point><coordinates>-47.420721,-6.323195,0</coordinates></Point></Placemark>
<Placemark><name>691723</name><styleUrl>#stPoste</styleUrl><Point><coordinates>-47.420232,-6.315716,0</coordinates></Point></Placemark>
<Placemark><name>692023</name><styleUrl>#stPoste</styleUrl><Point><coordinates>-47.418359,-6.323006,0</coordinates></Point></Placemark>
<Placemark><name>732445</name><styleUrl>#stPoste</styleUrl><Point><coordinates>-47.425536,-6.327442,0</coordinates></Point></Placemark>
<Placemark><name>733499</name><styleUrl>#stPoste</styleUrl><Point><coordinates>-47.418152,-6.323870,0</coordinates></Point></Placemark>
<Placemark><name>734084</name><styleUrl>#stPoste</styleUrl><Point><coordinates>-47.419227,-6.328166,0</coordinates></Point></Placemark>
<Placemark><name>736149</name><styleUrl>#stPoste</styleUrl><Point><coordinates>-47.425874,-6.332166,0</coordinates></Point></Placemark>
<Placemark><name>835459</name><styleUrl>#stPoste</styleUrl><Point><coordinates>-47.423069,-6.313950,0</coordinates></Point></Placemark>
<Placemark><name>835701</name><styleUrl>#stPoste</styleUrl><Point><coordinates>-47.417445,-6.331752,0</coordinates></Point></Placemark>
<Placemark><name>836069</name><styleUrl>#stPoste</styleUrl><Point><coordinates>-47.415723,-6.316406,0</coordinates></Point></Placemark>
<Placemark><name>837530</name><styleUrl>#stPoste</styleUrl><Point><coordinates>-47.422203,-6.318056,0</coordinates></Point></Placemark>
<Placemark><name>837785</name><styleUrl>#stPoste</styleUrl><Point><coordinates>-47.421299,-6.329054,0</coordinates></Point></Placemark>
<Placemark><name>838572</name><styleUrl>#stPoste</styleUrl><Point><coordinates>-47.418821,-6.331077,0</coordinates></Point></Placemark>
<Placemark><name>838861</name><styleUrl>#stPoste</styleUrl><Point><coordinates>-47.417506,-6.331426,0</coordinates></Point></Placemark>
<Placemark><name>1079606</name><styleUrl>#stPoste</styleUrl><Point><coordinates>-47.417188,-6.313514,0</coordinates></Point></Placemark>
<Placemark><name>1079619</name><styleUrl>#stPoste</styleUrl><Point><coordinates>-47.417563,-6.309240,0</coordinates></Point></Placemark>
<Placemark><name>1079624</name><styleUrl>#stPoste</styleUrl><Point><coordinates>-47.418677,-6.308833,0</coordinates></Point></Placemark>
<Placemark><name>1438463</name><styleUrl>#stPoste</styleUrl><Point><coordinates>-47.425625,-6.312218,0</coordinates></Point></Placemark>
<Placemark><name>1740510</name><styleUrl>#stPoste</styleUrl><Point><coordinates>-47.419431,-6.328017,0</coordinates></Point></Placemark>
<Placemark><name>34876241</name><styleUrl>#stPoste</styleUrl><Point><coordinates>-47.415957,-6.328482,0</coordinates></Point></Placemark>
<Placemark><name>74008009</name><styleUrl>#stPoste</styleUrl><Point><coordinates>-47.417975,-6.323062,0</coordinates></Point></Placemark>
<Placemark><name>121466</name><styleUrl>#stPoste</styleUrl><Point><coordinates>-47.427976,-6.325848,0</coordinates></Point></Placemark>
<Placemark><name>662314</name><styleUrl>#stPoste</styleUrl><Point><coordinates>-47.423766,-6.322022,0</coordinates></Point></Placemark>
<Placemark><name>662575</name><styleUrl>#stPoste</styleUrl><Point><coordinates>-47.423875,-6.325887,0</coordinates></Point></Placemark>
<Placemark><name>664065</name><styleUrl>#stPoste</styleUrl><Point><coordinates>-47.420746,-6.321423,0</coordinates></Point></Placemark>
<Placemark><name>664642</name><styleUrl>#stPoste</styleUrl><Point><coordinates>-47.427170,-6.325083,0</coordinates></Point></Placemark>
<Placemark><name>665380</name><styleUrl>#stPoste</styleUrl><Point><coordinates>-47.425086,-6.327788,0</coordinates></Point></Placemark>
<Placemark><name>691722</name><styleUrl>#stPoste</styleUrl><Point><coordinates>-47.420455,-6.315709,0</coordinates></Point></Placemark>
<Placemark><name>733721</name><styleUrl>#stPoste</styleUrl><Point><coordinates>-47.424842,-6.331194,0</coordinates></Point></Placemark>
<Placemark><name>735846</name><styleUrl>#stPoste</styleUrl><Point><coordinates>-47.425661,-6.327841,0</coordinates></Point></Placemark>
<Placemark><name>835156</name><styleUrl>#stPoste</styleUrl><Point><coordinates>-47.424016,-6.318051,0</coordinates></Point></Placemark>
<Placemark><name>835419</name><styleUrl>#stPoste</styleUrl><Point><coordinates>-47.417781,-6.330977,0</coordinates></Point></Placemark>
<Placemark><name>838599</name><styleUrl>#stPoste</styleUrl><Point><coordinates>-47.418098,-6.326145,0</coordinates></Point></Placemark>
<Placemark><name>839149</name><styleUrl>#stPoste</styleUrl><Point><coordinates>-47.420332,-6.319894,0</coordinates></Point></Placemark>
<Placemark><name>1273167</name><styleUrl>#stPoste</styleUrl><Point><coordinates>-47.419101,-6.328170,0</coordinates></Point></Placemark>
<Placemark><name>1290606</name><styleUrl>#stPoste</styleUrl><Point><coordinates>-47.426957,-6.308201,0</coordinates></Point></Placemark>
<Placemark><name>1351692</name><styleUrl>#stPoste</styleUrl><Point><coordinates>-47.422565,-6.317229,0</coordinates></Point></Placemark>
<Placemark><name>1460670</name><styleUrl>#stPoste</styleUrl><Point><coordinates>-47.420519,-6.313567,0</coordinates></Point></Placemark>
<Placemark><name>1732136</name><styleUrl>#stPoste</styleUrl><Point><coordinates>-47.421018,-6.331502,0</coordinates></Point></Placemark>
<Placemark><name>1739429</name><styleUrl>#stPoste</styleUrl><Point><coordinates>-47.416958,-6.329206,0</coordinates></Point></Placemark>
<Placemark><name>1739522</name><styleUrl>#stPoste</styleUrl><Point><coordinates>-47.423057,-6.313549,0</coordinates></Point></Placemark>
<Placemark><name>1740268</name><styleUrl>#stPoste</styleUrl><Point><coordinates>-47.413885,-6.328231,0</coordinates></Point></Placemark>
<Placemark><name>38182489</name><styleUrl>#stPoste</styleUrl><Point><coordinates>-47.421292,-6.315681,0</coordinates></Point></Placemark>
<Placemark><name>91742</name><styleUrl>#stPoste</styleUrl><Point><coordinates>-47.420288,-6.328023,0</coordinates></Point></Placemark>
<Placemark><name>121484</name><styleUrl>#stPoste</styleUrl><Point><coordinates>-47.421334,-6.329970,0</coordinates></Point></Placemark>
<Placemark><name>664948</name><styleUrl>#stPoste</styleUrl><Point><coordinates>-47.426347,-6.325290,0</coordinates></Point></Placemark>
<Placemark><name>665218</name><styleUrl>#stPoste</styleUrl><Point><coordinates>-47.419923,-6.315727,0</coordinates></Point></Placemark>
<Placemark><name>665512</name><styleUrl>#stPoste</styleUrl><Point><coordinates>-47.423502,-6.326371,0</coordinates></Point></Placemark>
<Placemark><name>735945</name><styleUrl>#stPoste</styleUrl><Point><coordinates>-47.417381,-6.332099,0</coordinates></Point></Placemark>
<Placemark><name>835396</name><styleUrl>#stPoste</styleUrl><Point><coordinates>-47.415735,-6.328082,0</coordinates></Point></Placemark>
<Placemark><name>836087</name><styleUrl>#stPoste</styleUrl><Point><coordinates>-47.417843,-6.321493,0</coordinates></Point></Placemark>
<Placemark><name>838096</name><styleUrl>#stPoste</styleUrl><Point><coordinates>-47.419594,-6.319430,0</coordinates></Point></Placemark>
<Placemark><name>838893</name><styleUrl>#stPoste</styleUrl><Point><coordinates>-47.417862,-6.322258,0</coordinates></Point></Placemark>
<Placemark><name>839477</name><styleUrl>#stPoste</styleUrl><Point><coordinates>-47.426228,-6.310549,0</coordinates></Point></Placemark>
<Placemark><name>1079318</name><styleUrl>#stPoste</styleUrl><Point><coordinates>-47.417015,-6.315190,0</coordinates></Point></Placemark>
<Placemark><name>1316317</name><styleUrl>#stPoste</styleUrl><Point><coordinates>-47.426264,-6.320892,0</coordinates></Point></Placemark>
<Placemark><name>1453778</name><styleUrl>#stPoste</styleUrl><Point><coordinates>-47.424792,-6.315664,0</coordinates></Point></Placemark>
<Placemark><name>1722635</name><styleUrl>#stPoste</styleUrl><Point><coordinates>-47.426877,-6.326120,0</coordinates></Point></Placemark>
<Placemark><name>74008569</name><styleUrl>#stPoste</styleUrl><Point><coordinates>-47.414820,-6.321872,0</coordinates></Point></Placemark>
<Placemark><name>91745</name><styleUrl>#stPoste</styleUrl><Point><coordinates>-47.424526,-6.327990,0</coordinates></Point></Placemark>
<Placemark><name>664929</name><styleUrl>#stPoste</styleUrl><Point><coordinates>-47.420452,-6.320325,0</coordinates></Point></Placemark>
<Placemark><name>733722</name><styleUrl>#stPoste</styleUrl><Point><coordinates>-47.425136,-6.331088,0</coordinates></Point></Placemark>
<Placemark><name>735077</name><styleUrl>#stPoste</styleUrl><Point><coordinates>-47.418016,-6.327629,0</coordinates></Point></Placemark>
<Placemark><name>735354</name><styleUrl>#stPoste</styleUrl><Point><coordinates>-47.421346,-6.330637,0</coordinates></Point></Placemark>
<Placemark><name>835111</name><styleUrl>#stPoste</styleUrl><Point><coordinates>-47.418889,-6.330311,0</coordinates></Point></Placemark>
<Placemark><name>836085</name><styleUrl>#stPoste</styleUrl><Point><coordinates>-47.417833,-6.321200,0</coordinates></Point></Placemark>
<Placemark><name>836086</name><styleUrl>#stPoste</styleUrl><Point><coordinates>-47.421976,-6.319334,0</coordinates></Point></Placemark>
<Placemark><name>836934</name><styleUrl>#stPoste</styleUrl><Point><coordinates>-47.418229,-6.321913,0</coordinates></Point></Placemark>
<Placemark><name>837213</name><styleUrl>#stPoste</styleUrl><Point><coordinates>-47.420861,-6.321567,0</coordinates></Point></Placemark>
<Placemark><name>837544</name><styleUrl>#stPoste</styleUrl><Point><coordinates>-47.425531,-6.312566,0</coordinates></Point></Placemark>
<Placemark><name>837831</name><styleUrl>#stPoste</styleUrl><Point><coordinates>-47.426186,-6.320548,0</coordinates></Point></Placemark>
<Placemark><name>839147</name><styleUrl>#stPoste</styleUrl><Point><coordinates>-47.423072,-6.317433,0</coordinates></Point></Placemark>
<Placemark><name>839462</name><styleUrl>#stPoste</styleUrl><Point><coordinates>-47.425083,-6.318052,0</coordinates></Point></Placemark>
<Placemark><name>1079610</name><styleUrl>#stPoste</styleUrl><Point><coordinates>-47.416760,-6.311922,0</coordinates></Point></Placemark>
<Placemark><name>1079613</name><styleUrl>#stPoste</styleUrl><Point><coordinates>-47.416435,-6.310717,0</coordinates></Point></Placemark>
<Placemark><name>1079615</name><styleUrl>#stPoste</styleUrl><Point><coordinates>-47.416179,-6.309759,0</coordinates></Point></Placemark>
<Placemark><name>1273171</name><styleUrl>#stPoste</styleUrl><Point><coordinates>-47.417516,-6.328161,0</coordinates></Point></Placemark>
<Placemark><name>1290615</name><styleUrl>#stPoste</styleUrl><Point><coordinates>-47.426549,-6.309647,0</coordinates></Point></Placemark>
<Placemark><name>1364890</name><styleUrl>#stPoste</styleUrl><Point><coordinates>-47.414348,-6.328283,0</coordinates></Point></Placemark>
<Placemark><name>1460016</name><styleUrl>#stPoste</styleUrl><Point><coordinates>-47.421597,-6.311496,0</coordinates></Point></Placemark>
<Placemark><name>1722394</name><styleUrl>#stPoste</styleUrl><Point><coordinates>-47.422945,-6.324769,0</coordinates></Point></Placemark>
<Placemark><name>1722549</name><styleUrl>#stPoste</styleUrl><Point><coordinates>-47.420459,-6.320173,0</coordinates></Point></Placemark>
<Placemark><name>1820121</name><styleUrl>#stPoste</styleUrl><Point><coordinates>-47.417241,-6.313313,0</coordinates></Point></Placemark>
<Placemark><name>138322</name><styleUrl>#stPoste</styleUrl><Point><coordinates>-47.427056,-6.307855,0</coordinates></Point></Placemark>
<Placemark><name>662019</name><styleUrl>#stPoste</styleUrl><Point><coordinates>-47.420434,-6.305424,0</coordinates></Point></Placemark>
<Placemark><name>663681</name><styleUrl>#stPoste</styleUrl><Point><coordinates>-47.424409,-6.330313,0</coordinates></Point></Placemark>
<Placemark><name>664930</name><styleUrl>#stPoste</styleUrl><Point><coordinates>-47.420534,-6.320646,0</coordinates></Point></Placemark>
<Placemark><name>665219</name><styleUrl>#stPoste</styleUrl><Point><coordinates>-47.418016,-6.316926,0</coordinates></Point></Placemark>
<Placemark><name>665486</name><styleUrl>#stPoste</styleUrl><Point><coordinates>-47.417961,-6.317775,0</coordinates></Point></Placemark>
<Placemark><name>665490</name><styleUrl>#stPoste</styleUrl><Point><coordinates>-47.426665,-6.322603,0</coordinates></Point></Placemark>
<Placemark><name>732014</name><styleUrl>#stPoste</styleUrl><Point><coordinates>-47.418888,-6.333489,0</coordinates></Point></Placemark>
<Placemark><name>732017</name><styleUrl>#stPoste</styleUrl><Point><coordinates>-47.418907,-6.334568,0</coordinates></Point></Placemark>
<Placemark><name>734086</name><styleUrl>#stPoste</styleUrl><Point><coordinates>-47.416320,-6.329329,0</coordinates></Point></Placemark>
<Placemark><name>835134</name><styleUrl>#stPoste</styleUrl><Point><coordinates>-47.428360,-6.307110,0</coordinates></Point></Placemark>
<Placemark><name>835434</name><styleUrl>#stPoste</styleUrl><Point><coordinates>-47.416257,-6.317136,0</coordinates></Point></Placemark>
<Placemark><name>836056</name><styleUrl>#stPoste</styleUrl><Point><coordinates>-47.423541,-6.312850,0</coordinates></Point></Placemark>
<Placemark><name>836938</name><styleUrl>#stPoste</styleUrl><Point><coordinates>-47.420193,-6.321683,0</coordinates></Point></Placemark>
<Placemark><name>837232</name><styleUrl>#stPoste</styleUrl><Point><coordinates>-47.423711,-6.318053,0</coordinates></Point></Placemark>
<Placemark><name>837788</name><styleUrl>#stPoste</styleUrl><Point><coordinates>-47.422416,-6.331728,0</coordinates></Point></Placemark>
<Placemark><name>839479</name><styleUrl>#stPoste</styleUrl><Point><coordinates>-47.426813,-6.308522,0</coordinates></Point></Placemark>
<Placemark><name>1079609</name><styleUrl>#stPoste</styleUrl><Point><coordinates>-47.416843,-6.312238,0</coordinates></Point></Placemark>
<Placemark><name>1079905</name><styleUrl>#stPoste</styleUrl><Point><coordinates>-47.417020,-6.312886,0</coordinates></Point></Placemark>
<Placemark><name>1224629</name><styleUrl>#stPoste</styleUrl><Point><coordinates>-47.416754,-6.329805,0</coordinates></Point></Placemark>
<Placemark><name>1739966</name><styleUrl>#stPoste</styleUrl><Point><coordinates>-47.417963,-6.316672,0</coordinates></Point></Placemark>
<Placemark><name>74008093</name><styleUrl>#stPoste</styleUrl><Point><coordinates>-47.416114,-6.323672,0</coordinates></Point></Placemark>
<Placemark><name>74008096</name><styleUrl>#stPoste</styleUrl><Point><coordinates>-47.416362,-6.323410,0</coordinates></Point></Placemark>
<Placemark><name>121469</name><styleUrl>#stPoste</styleUrl><Point><coordinates>-47.426587,-6.332258,0</coordinates></Point></Placemark>
<Placemark><name>306980</name><styleUrl>#stPoste</styleUrl><Point><coordinates>-47.412904,-6.320728,0</coordinates></Point></Placemark>
<Placemark><name>661722</name><styleUrl>#stPoste</styleUrl><Point><coordinates>-47.420770,-6.315699,0</coordinates></Point></Placemark>
<Placemark><name>662018</name><styleUrl>#stPoste</styleUrl><Point><coordinates>-47.420485,-6.304519,0</coordinates></Point></Placemark>
<Placemark><name>662577</name><styleUrl>#stPoste</styleUrl><Point><coordinates>-47.424560,-6.325595,0</coordinates></Point></Placemark>
<Placemark><name>664932</name><styleUrl>#stPoste</styleUrl><Point><coordinates>-47.422289,-6.317423,0</coordinates></Point></Placemark>
<Placemark><name>664940</name><styleUrl>#stPoste</styleUrl><Point><coordinates>-47.421322,-6.323250,0</coordinates></Point></Placemark>
<Placemark><name>665485</name><styleUrl>#stPoste</styleUrl><Point><coordinates>-47.417904,-6.317421,0</coordinates></Point></Placemark>
<Placemark><name>665489</name><styleUrl>#stPoste</styleUrl><Point><coordinates>-47.426657,-6.317970,0</coordinates></Point></Placemark>
<Placemark><name>691707</name><styleUrl>#stPoste</styleUrl><Point><coordinates>-47.417936,-6.318204,0</coordinates></Point></Placemark>
<Placemark><name>692024</name><styleUrl>#stPoste</styleUrl><Point><coordinates>-47.423607,-6.324799,0</coordinates></Point></Placemark>
<Placemark><name>733158</name><styleUrl>#stPoste</styleUrl><Point><coordinates>-47.418424,-6.328185,0</coordinates></Point></Placemark>
<Placemark><name>835172</name><styleUrl>#stPoste</styleUrl><Point><coordinates>-47.422995,-6.314281,0</coordinates></Point></Placemark>
<Placemark><name>835717</name><styleUrl>#stPoste</styleUrl><Point><coordinates>-47.418247,-6.330226,0</coordinates></Point></Placemark>
<Placemark><name>835989</name><styleUrl>#stPoste</styleUrl><Point><coordinates>-47.418848,-6.332058,0</coordinates></Point></Placemark>
<Placemark><name>836316</name><styleUrl>#stPoste</styleUrl><Point><coordinates>-47.415421,-6.328143,0</coordinates></Point></Placemark>
<Placemark><name>836369</name><styleUrl>#stPoste</styleUrl><Point><coordinates>-47.417826,-6.320817,0</coordinates></Point></Placemark>
<Placemark><name>1079901</name><styleUrl>#stPoste</styleUrl><Point><coordinates>-47.415611,-6.309764,0</coordinates></Point></Placemark>
<Placemark><name>1345297</name><styleUrl>#stPoste</styleUrl><Point><coordinates>-47.420823,-6.327749,0</coordinates></Point></Placemark>
<Placemark><name>1731418</name><styleUrl>#stPoste</styleUrl><Point><coordinates>-47.415040,-6.322227,0</coordinates></Point></Placemark>
<Placemark><name>1740514</name><styleUrl>#stPoste</styleUrl><Point><coordinates>-47.418797,-6.330181,0</coordinates></Point></Placemark>
<Placemark><name>21676339</name><styleUrl>#stPoste</styleUrl><Point><coordinates>-47.422681,-6.333170,0</coordinates></Point></Placemark>
<Placemark><name>52000340</name><styleUrl>#stPoste</styleUrl><Point><coordinates>-47.418856,-6.332329,0</coordinates></Point></Placemark>
<Placemark><name>53902637</name><styleUrl>#stPoste</styleUrl><Point><coordinates>-47.418109,-6.325944,0</coordinates></Point></Placemark>
<Placemark><name>73732302</name><styleUrl>#stPoste</styleUrl><Point><coordinates>-47.426741,-6.326084,0</coordinates></Point></Placemark>
<Placemark><name>91736</name><styleUrl>#stPoste</styleUrl><Point><coordinates>-47.420647,-6.328918,0</coordinates></Point></Placemark>
<Placemark><name>91744</name><styleUrl>#stPoste</styleUrl><Point><coordinates>-47.425988,-6.327462,0</coordinates></Point></Placemark>
<Placemark><name>107741</name><styleUrl>#stPoste</styleUrl><Point><coordinates>-47.429917,-6.304619,0</coordinates></Point></Placemark>
<Placemark><name>121479</name><styleUrl>#stPoste</styleUrl><Point><coordinates>-47.420189,-6.319327,0</coordinates></Point></Placemark>
<Placemark><name>662747</name><styleUrl>#stPoste</styleUrl><Point><coordinates>-47.425268,-6.330191,0</coordinates></Point></Placemark>
<Placemark><name>665381</name><styleUrl>#stPoste</styleUrl><Point><coordinates>-47.424781,-6.327898,0</coordinates></Point></Placemark>
<Placemark><name>665483</name><styleUrl>#stPoste</styleUrl><Point><coordinates>-47.420659,-6.321104,0</coordinates></Point></Placemark>
<Placemark><name>732015</name><styleUrl>#stPoste</styleUrl><Point><coordinates>-47.418897,-6.333818,0</coordinates></Point></Placemark>
<Placemark><name>733723</name><styleUrl>#stPoste</styleUrl><Point><coordinates>-47.425072,-6.332278,0</coordinates></Point></Placemark>
<Placemark><name>835715</name><styleUrl>#stPoste</styleUrl><Point><coordinates>-47.417807,-6.329795,0</coordinates></Point></Placemark>
<Placemark><name>836580</name><styleUrl>#stPoste</styleUrl><Point><coordinates>-47.418569,-6.329059,0</coordinates></Point></Placemark>
<Placemark><name>838095</name><styleUrl>#stPoste</styleUrl><Point><coordinates>-47.420000,-6.319425,0</coordinates></Point></Placemark>
<Placemark><name>839146</name><styleUrl>#stPoste</styleUrl><Point><coordinates>-47.423354,-6.317426,0</coordinates></Point></Placemark>
<Placemark><name>1079612</name><styleUrl>#stPoste</styleUrl><Point><coordinates>-47.416518,-6.311025,0</coordinates></Point></Placemark>
<Placemark><name>1079614</name><styleUrl>#stPoste</styleUrl><Point><coordinates>-47.416354,-6.310411,0</coordinates></Point></Placemark>
<Placemark><name>1079629</name><styleUrl>#stPoste</styleUrl><Point><coordinates>-47.417201,-6.309340,0</coordinates></Point></Placemark>
<Placemark><name>1290611</name><styleUrl>#stPoste</styleUrl><Point><coordinates>-47.425831,-6.311526,0</coordinates></Point></Placemark>
<Placemark><name>1461268</name><styleUrl>#stPoste</styleUrl><Point><coordinates>-47.419708,-6.312745,0</coordinates></Point></Placemark>
<Placemark><name>1722445</name><styleUrl>#stPoste</styleUrl><Point><coordinates>-47.424715,-6.315099,0</coordinates></Point></Placemark>
<Placemark><name>1731531</name><styleUrl>#stPoste</styleUrl><Point><coordinates>-47.420648,-6.327730,0</coordinates></Point></Placemark>
<Placemark><name>1739745</name><styleUrl>#stPoste</styleUrl><Point><coordinates>-47.424143,-6.314511,0</coordinates></Point></Placemark>
<Placemark><name>1889273</name><styleUrl>#stPoste</styleUrl><Point><coordinates>-47.420561,-6.312014,0</coordinates></Point></Placemark>
<Placemark><name>1893674</name><styleUrl>#stPoste</styleUrl><Point><coordinates>-47.418550,-6.313611,0</coordinates></Point></Placemark>
<Placemark><name>60244825</name><styleUrl>#stPoste</styleUrl><Point><coordinates>-47.421082,-6.331506,0</coordinates></Point></Placemark>
<Placemark><name>74008092</name><styleUrl>#stPoste</styleUrl><Point><coordinates>-47.415902,-6.323933,0</coordinates></Point></Placemark>
<Placemark><name>91746</name><styleUrl>#stPoste</styleUrl><Point><coordinates>-47.424216,-6.328102,0</coordinates></Point></Placemark>
<Placemark><name>121463</name><styleUrl>#stPoste</styleUrl><Point><coordinates>-47.427341,-6.325107,0</coordinates></Point></Placemark>
<Placemark><name>137340</name><styleUrl>#stPoste</styleUrl><Point><coordinates>-47.418226,-6.325182,0</coordinates></Point></Placemark>
<Placemark><name>375957</name><styleUrl>#stPoste</styleUrl><Point><coordinates>-47.417984,-6.317366,0</coordinates></Point></Placemark>
<Placemark><name>664064</name><styleUrl>#stPoste</styleUrl><Point><coordinates>-47.419560,-6.317424,0</coordinates></Point></Placemark>
<Placemark><name>664915</name><styleUrl>#stPoste</styleUrl><Point><coordinates>-47.419552,-6.323115,0</coordinates></Point></Placemark>
<Placemark><name>732556</name><styleUrl>#stPoste</styleUrl><Point><coordinates>-47.421132,-6.331187,0</coordinates></Point></Placemark>
<Placemark><name>836937</name><styleUrl>#stPoste</styleUrl><Point><coordinates>-47.419769,-6.321728,0</coordinates></Point></Placemark>
<Placemark><name>837546</name><styleUrl>#stPoste</styleUrl><Point><coordinates>-47.426098,-6.310876,0</coordinates></Point></Placemark>
<Placemark><name>839145</name><styleUrl>#stPoste</styleUrl><Point><coordinates>-47.423477,-6.314317,0</coordinates></Point></Placemark>
<Placemark><name>1236627</name><styleUrl>#stPoste</styleUrl><Point><coordinates>-47.422781,-6.333998,0</coordinates></Point></Placemark>
<Placemark><name>1291263</name><styleUrl>#stPoste</styleUrl><Point><coordinates>-47.424977,-6.325517,0</coordinates></Point></Placemark>
<Placemark><name>1453772</name><styleUrl>#stPoste</styleUrl><Point><coordinates>-47.425042,-6.314727,0</coordinates></Point></Placemark>
<Placemark><name>1460974</name><styleUrl>#stPoste</styleUrl><Point><coordinates>-47.421066,-6.311854,0</coordinates></Point></Placemark>
<Placemark><name>1461265</name><styleUrl>#stPoste</styleUrl><Point><coordinates>-47.419983,-6.312572,0</coordinates></Point></Placemark>
<Placemark><name>1479002</name><styleUrl>#stPoste</styleUrl><Point><coordinates>-47.416336,-6.329650,0</coordinates></Point></Placemark>
<Placemark><name>1731417</name><styleUrl>#stPoste</styleUrl><Point><coordinates>-47.415500,-6.322479,0</coordinates></Point></Placemark>
<Placemark><name>1731532</name><styleUrl>#stPoste</styleUrl><Point><coordinates>-47.420764,-6.327946,0</coordinates></Point></Placemark>
<Placemark><name>1820241</name><styleUrl>#stPoste</styleUrl><Point><coordinates>-47.416575,-6.310837,0</coordinates></Point></Placemark>
<Placemark><name>53632061</name><styleUrl>#stPoste</styleUrl><Point><coordinates>-47.427556,-6.307062,0</coordinates></Point></Placemark>
<Placemark><name>54551597</name><styleUrl>#stPoste</styleUrl><Point><coordinates>-47.422688,-6.333343,0</coordinates></Point></Placemark>
<Placemark><name>74008133</name><styleUrl>#stPoste</styleUrl><Point><coordinates>-47.416012,-6.322738,0</coordinates></Point></Placemark>
<Placemark><name>121478</name><styleUrl>#stPoste</styleUrl><Point><coordinates>-47.419421,-6.315743,0</coordinates></Point></Placemark>
<Placemark><name>661634</name><styleUrl>#stPoste</styleUrl><Point><coordinates>-47.426192,-6.327390,0</coordinates></Point></Placemark>
<Placemark><name>662576</name><styleUrl>#stPoste</styleUrl><Point><coordinates>-47.424185,-6.325723,0</coordinates></Point></Placemark>
<Placemark><name>662876</name><styleUrl>#stPoste</styleUrl><Point><coordinates>-47.423913,-6.325330,0</coordinates></Point></Placemark>
<Placemark><name>662892</name><styleUrl>#stPoste</styleUrl><Point><coordinates>-47.422428,-6.322743,0</coordinates></Point></Placemark>
<Placemark><name>662895</name><styleUrl>#stPoste</styleUrl><Point><coordinates>-47.421680,-6.325500,0</coordinates></Point></Placemark>
<Placemark><name>663180</name><styleUrl>#stPoste</styleUrl><Point><coordinates>-47.420366,-6.323172,0</coordinates></Point></Placemark>
<Placemark><name>663192</name><styleUrl>#stPoste</styleUrl><Point><coordinates>-47.423691,-6.326580,0</coordinates></Point></Placemark>
<Placemark><name>664057</name><styleUrl>#stPoste</styleUrl><Point><coordinates>-47.417982,-6.315640,0</coordinates></Point></Placemark>
<Placemark><name>731960</name><styleUrl>#stPoste</styleUrl><Point><coordinates>-47.417277,-6.332662,0</coordinates></Point></Placemark>
<Placemark><name>732018</name><styleUrl>#stPoste</styleUrl><Point><coordinates>-47.418909,-6.335281,0</coordinates></Point></Placemark>
<Placemark><name>732886</name><styleUrl>#stPoste</styleUrl><Point><coordinates>-47.418915,-6.329067,0</coordinates></Point></Placemark>
<Placemark><name>835170</name><styleUrl>#stPoste</styleUrl><Point><coordinates>-47.422888,-6.314897,0</coordinates></Point></Placemark>
<Placemark><name>835656</name><styleUrl>#stPoste</styleUrl><Point><coordinates>-47.416291,-6.328133,0</coordinates></Point></Placemark>
<Placemark><name>839457</name><styleUrl>#stPoste</styleUrl><Point><coordinates>-47.426111,-6.320204,0</coordinates></Point></Placemark>
<Placemark><name>839459</name><styleUrl>#stPoste</styleUrl><Point><coordinates>-47.425887,-6.319172,0</coordinates></Point></Placemark>
<Placemark><name>1079620</name><styleUrl>#stPoste</styleUrl><Point><coordinates>-47.418175,-6.309075,0</coordinates></Point></Placemark>
<Placemark><name>1079902</name><styleUrl>#stPoste</styleUrl><Point><coordinates>-47.417828,-6.309171,0</coordinates></Point></Placemark>
<Placemark><name>1460977</name><styleUrl>#stPoste</styleUrl><Point><coordinates>-47.420524,-6.312212,0</coordinates></Point></Placemark>
<Placemark><name>1479000</name><styleUrl>#stPoste</styleUrl><Point><coordinates>-47.422667,-6.319283,0</coordinates></Point></Placemark>
<Placemark><name>1739219</name><styleUrl>#stPoste</styleUrl><Point><coordinates>-47.419264,-6.329075,0</coordinates></Point></Placemark>
<Placemark><name>1740318</name><styleUrl>#stPoste</styleUrl><Point><coordinates>-47.419549,-6.315600,0</coordinates></Point></Placemark>
<Placemark><name>1870889</name><styleUrl>#stPoste</styleUrl><Point><coordinates>-47.422626,-6.323075,0</coordinates></Point></Placemark>
<Placemark><name>664269</name><styleUrl>#stPoste</styleUrl><Point><coordinates>-47.424423,-6.328148,0</coordinates></Point></Placemark>
<Placemark><name>664359</name><styleUrl>#stPoste</styleUrl><Point><coordinates>-47.418454,-6.317421,0</coordinates></Point></Placemark>
<Placemark><name>664941</name><styleUrl>#stPoste</styleUrl><Point><coordinates>-47.423234,-6.326264,0</coordinates></Point></Placemark>
<Placemark><name>664943</name><styleUrl>#stPoste</styleUrl><Point><coordinates>-47.421435,-6.325096,0</coordinates></Point></Placemark>
<Placemark><name>665379</name><styleUrl>#stPoste</styleUrl><Point><coordinates>-47.425432,-6.327663,0</coordinates></Point></Placemark>
<Placemark><name>831132</name><styleUrl>#stPoste</styleUrl><Point><coordinates>-47.422750,-6.333800,0</coordinates></Point></Placemark>
<Placemark><name>831136</name><styleUrl>#stPoste</styleUrl><Point><coordinates>-47.422852,-6.335000,0</coordinates></Point></Placemark>
<Placemark><name>835106</name><styleUrl>#stPoste</styleUrl><Point><coordinates>-47.419691,-6.329084,0</coordinates></Point></Placemark>
<Placemark><name>835435</name><styleUrl>#stPoste</styleUrl><Point><coordinates>-47.422164,-6.315652,0</coordinates></Point></Placemark>
<Placemark><name>836084</name><styleUrl>#stPoste</styleUrl><Point><coordinates>-47.422308,-6.319302,0</coordinates></Point></Placemark>
<Placemark><name>836579</name><styleUrl>#stPoste</styleUrl><Point><coordinates>-47.415905,-6.328389,0</coordinates></Point></Placemark>
<Placemark><name>837543</name><styleUrl>#stPoste</styleUrl><Point><coordinates>-47.426373,-6.321227,0</coordinates></Point></Placemark>
<Placemark><name>838576</name><styleUrl>#stPoste</styleUrl><Point><coordinates>-47.416143,-6.329223,0</coordinates></Point></Placemark>
<Placemark><name>838649</name><styleUrl>#stPoste</styleUrl><Point><coordinates>-47.424758,-6.316787,0</coordinates></Point></Placemark>
<Placemark><name>1079325</name><styleUrl>#stPoste</styleUrl><Point><coordinates>-47.417489,-6.314654,0</coordinates></Point></Placemark>
<Placemark><name>1079630</name><styleUrl>#stPoste</styleUrl><Point><coordinates>-47.415931,-6.309677,0</coordinates></Point></Placemark>
<Placemark><name>1290613</name><styleUrl>#stPoste</styleUrl><Point><coordinates>-47.425761,-6.318712,0</coordinates></Point></Placemark>
<Placemark><name>1478997</name><styleUrl>#stPoste</styleUrl><Point><coordinates>-47.417221,-6.332967,0</coordinates></Point></Placemark>
<Placemark><name>1739602</name><styleUrl>#stPoste</styleUrl><Point><coordinates>-47.415333,-6.328271,0</coordinates></Point></Placemark>
<Placemark><name>1740515</name><styleUrl>#stPoste</styleUrl><Point><coordinates>-47.418804,-6.330448,0</coordinates></Point></Placemark>
<Placemark><name>60863184</name><styleUrl>#stPoste</styleUrl><Point><coordinates>-47.419743,-6.328768,0</coordinates></Point></Placemark>
<Placemark><name>74008073</name><styleUrl>#stPoste</styleUrl><Point><coordinates>-47.416708,-6.323066,0</coordinates></Point></Placemark>
<Placemark><name>74008141</name><styleUrl>#stPoste</styleUrl><Point><coordinates>-47.416056,-6.322816,0</coordinates></Point></Placemark>
<Placemark><name>91570</name><styleUrl>#stPoste</styleUrl><Point><coordinates>-47.419465,-6.330868,0</coordinates></Point></Placemark>
<Placemark><name>91731</name><styleUrl>#stPoste</styleUrl><Point><coordinates>-47.421277,-6.330312,0</coordinates></Point></Placemark>
<Placemark><name>528950</name><styleUrl>#stPoste</styleUrl><Point><coordinates>-47.420054,-6.328187,0</coordinates></Point></Placemark>
<Placemark><name>662020</name><styleUrl>#stPoste</styleUrl><Point><coordinates>-47.420322,-6.306926,0</coordinates></Point></Placemark>
<Placemark><name>662891</name><styleUrl>#stPoste</styleUrl><Point><coordinates>-47.422535,-6.323046,0</coordinates></Point></Placemark>
<Placemark><name>663486</name><styleUrl>#stPoste</styleUrl><Point><coordinates>-47.423958,-6.314423,0</coordinates></Point></Placemark>
<Placemark><name>664630</name><styleUrl>#stPoste</styleUrl><Point><coordinates>-47.426592,-6.322260,0</coordinates></Point></Placemark>
<Placemark><name>691739</name><styleUrl>#stPoste</styleUrl><Point><coordinates>-47.426702,-6.325227,0</coordinates></Point></Placemark>
<Placemark><name>692027</name><styleUrl>#stPoste</styleUrl><Point><coordinates>-47.427899,-6.324947,0</coordinates></Point></Placemark>
<Placemark><name>732842</name><styleUrl>#stPoste</styleUrl><Point><coordinates>-47.421417,-6.331566,0</coordinates></Point></Placemark>
<Placemark><name>735365</name><styleUrl>#stPoste</styleUrl><Point><coordinates>-47.421519,-6.329094,0</coordinates></Point></Placemark>
<Placemark><name>836089</name><styleUrl>#stPoste</styleUrl><Point><coordinates>-47.417851,-6.321850,0</coordinates></Point></Placemark>
<Placemark><name>837551</name><styleUrl>#stPoste</styleUrl><Point><coordinates>-47.423341,-6.312735,0</coordinates></Point></Placemark>
<Placemark><name>838574</name><styleUrl>#stPoste</styleUrl><Point><coordinates>-47.416607,-6.328133,0</coordinates></Point></Placemark>
<Placemark><name>838820</name><styleUrl>#stPoste</styleUrl><Point><coordinates>-47.419821,-6.330213,0</coordinates></Point></Placemark>
<Placemark><name>838842</name><styleUrl>#stPoste</styleUrl><Point><coordinates>-47.419767,-6.329140,0</coordinates></Point></Placemark>
<Placemark><name>838843</name><styleUrl>#stPoste</styleUrl><Point><coordinates>-47.418043,-6.327134,0</coordinates></Point></Placemark>
<Placemark><name>838892</name><styleUrl>#stPoste</styleUrl><Point><coordinates>-47.417806,-6.321964,0</coordinates></Point></Placemark>
<Placemark><name>1079627</name><styleUrl>#stPoste</styleUrl><Point><coordinates>-47.418418,-6.307878,0</coordinates></Point></Placemark>
<Placemark><name>1273168</name><styleUrl>#stPoste</styleUrl><Point><coordinates>-47.416691,-6.329045,0</coordinates></Point></Placemark>
<Placemark><name>1290616</name><styleUrl>#stPoste</styleUrl><Point><coordinates>-47.425407,-6.312907,0</coordinates></Point></Placemark>
<Placemark><name>1460668</name><styleUrl>#stPoste</styleUrl><Point><coordinates>-47.422741,-6.312603,0</coordinates></Point></Placemark>
<Placemark><name>1479003</name><styleUrl>#stPoste</styleUrl><Point><coordinates>-47.416104,-6.328754,0</coordinates></Point></Placemark>
<Placemark><name>1739889</name><styleUrl>#stPoste</styleUrl><Point><coordinates>-47.421507,-6.315729,0</coordinates></Point></Placemark>
<Placemark><name>35807737</name><styleUrl>#stPoste</styleUrl><Point><coordinates>-47.415294,-6.322366,0</coordinates></Point></Placemark>
<Placemark><name>662005</name><styleUrl>#stPoste</styleUrl><Point><coordinates>-47.419142,-6.315752,0</coordinates></Point></Placemark>
<Placemark><name>662294</name><styleUrl>#stPoste</styleUrl><Point><coordinates>-47.417946,-6.315792,0</coordinates></Point></Placemark>
<Placemark><name>664086</name><styleUrl>#stPoste</styleUrl><Point><coordinates>-47.422594,-6.324785,0</coordinates></Point></Placemark>
<Placemark><name>665229</name><styleUrl>#stPoste</styleUrl><Point><coordinates>-47.426795,-6.323220,0</coordinates></Point></Placemark>
<Placemark><name>665495</name><styleUrl>#stPoste</styleUrl><Point><coordinates>-47.413869,-6.307225,0</coordinates></Point></Placemark>
<Placemark><name>732013</name><styleUrl>#stPoste</styleUrl><Point><coordinates>-47.418880,-6.333190,0</coordinates></Point></Placemark>
<Placemark><name>733501</name><styleUrl>#stPoste</styleUrl><Point><coordinates>-47.421734,-6.329430,0</coordinates></Point></Placemark>
<Placemark><name>837550</name><styleUrl>#stPoste</styleUrl><Point><coordinates>-47.423215,-6.313296,0</coordinates></Point></Placemark>
<Placemark><name>838381</name><styleUrl>#stPoste</styleUrl><Point><coordinates>-47.425085,-6.317306,0</coordinates></Point></Placemark>
<Placemark><name>838654</name><styleUrl>#stPoste</styleUrl><Point><coordinates>-47.425007,-6.314511,0</coordinates></Point></Placemark>
<Placemark><name>839464</name><styleUrl>#stPoste</styleUrl><Point><coordinates>-47.424339,-6.318050,0</coordinates></Point></Placemark>
<Placemark><name>1079084</name><styleUrl>#stPoste</styleUrl><Point><coordinates>-47.417909,-6.314455,0</coordinates></Point></Placemark>
<Placemark><name>1079320</name><styleUrl>#stPoste</styleUrl><Point><coordinates>-47.416825,-6.314660,0</coordinates></Point></Placemark>
<Placemark><name>1086988</name><styleUrl>#stPoste</styleUrl><Point><coordinates>-47.422718,-6.323239,0</coordinates></Point></Placemark>
<Placemark><name>1282988</name><styleUrl>#stPoste</styleUrl><Point><coordinates>-47.427831,-6.306564,0</coordinates></Point></Placemark>
<Placemark><name>1290936</name><styleUrl>#stPoste</styleUrl><Point><coordinates>-47.426372,-6.310229,0</coordinates></Point></Placemark>
<Placemark><name>1290942</name><styleUrl>#stPoste</styleUrl><Point><coordinates>-47.426898,-6.323828,0</coordinates></Point></Placemark>
<Placemark><name>1740195</name><styleUrl>#stPoste</styleUrl><Point><coordinates>-47.420617,-6.315793,0</coordinates></Point></Placemark>
<Placemark><name>1819044</name><styleUrl>#stPoste</styleUrl><Point><coordinates>-47.418456,-6.308333,0</coordinates></Point></Placemark>
<Placemark><name>1877973</name><styleUrl>#stPoste</styleUrl><Point><coordinates>-47.420160,-6.319485,0</coordinates></Point></Placemark>
<Placemark><name>1888943</name><styleUrl>#stPoste</styleUrl><Point><coordinates>-47.421860,-6.312740,0</coordinates></Point></Placemark>
<Placemark><name>91732</name><styleUrl>#stPoste</styleUrl><Point><coordinates>-47.417836,-6.330172,0</coordinates></Point></Placemark>
<Placemark><name>661632</name><styleUrl>#stPoste</styleUrl><Point><coordinates>-47.426894,-6.327136,0</coordinates></Point></Placemark>
<Placemark><name>662890</name><styleUrl>#stPoste</styleUrl><Point><coordinates>-47.422936,-6.322906,0</coordinates></Point></Placemark>
<Placemark><name>664238</name><styleUrl>#stPoste</styleUrl><Point><coordinates>-47.424549,-6.328466,0</coordinates></Point></Placemark>
<Placemark><name>665515</name><styleUrl>#stPoste</styleUrl><Point><coordinates>-47.421749,-6.325513,0</coordinates></Point></Placemark>
<Placemark><name>735355</name><styleUrl>#stPoste</styleUrl><Point><coordinates>-47.421102,-6.330605,0</coordinates></Point></Placemark>
<Placemark><name>736150</name><styleUrl>#stPoste</styleUrl><Point><coordinates>-47.425387,-6.332103,0</coordinates></Point></Placemark>
<Placemark><name>835420</name><styleUrl>#stPoste</styleUrl><Point><coordinates>-47.417565,-6.331104,0</coordinates></Point></Placemark>
<Placemark><name>836935</name><styleUrl>#stPoste</styleUrl><Point><coordinates>-47.418946,-6.321827,0</coordinates></Point></Placemark>
<Placemark><name>837812</name><styleUrl>#stPoste</styleUrl><Point><coordinates>-47.423287,-6.312790,0</coordinates></Point></Placemark>
<Placemark><name>838616</name><styleUrl>#stPoste</styleUrl><Point><coordinates>-47.422786,-6.315632,0</coordinates></Point></Placemark>
<Placemark><name>1079903</name><styleUrl>#stPoste</styleUrl><Point><coordinates>-47.416589,-6.309503,0</coordinates></Point></Placemark>
<Placemark><name>1290943</name><styleUrl>#stPoste</styleUrl><Point><coordinates>-47.427115,-6.324830,0</coordinates></Point></Placemark>
<Placemark><name>1291568</name><styleUrl>#stPoste</styleUrl><Point><coordinates>-47.421472,-6.327348,0</coordinates></Point></Placemark>
<Placemark><name>1351032</name><styleUrl>#stPoste</styleUrl><Point><coordinates>-47.420810,-6.321641,0</coordinates></Point></Placemark>
<Placemark><name>1351033</name><styleUrl>#stPoste</styleUrl><Point><coordinates>-47.420259,-6.319610,0</coordinates></Point></Placemark>
<Placemark><name>1454388</name><styleUrl>#stPoste</styleUrl><Point><coordinates>-47.425620,-6.318051,0</coordinates></Point></Placemark>
<Placemark><name>1722576</name><styleUrl>#stPoste</styleUrl><Point><coordinates>-47.425516,-6.325347,0</coordinates></Point></Placemark>
<Placemark><name>1732465</name><styleUrl>#stPoste</styleUrl><Point><coordinates>-47.419423,-6.328982,0</coordinates></Point></Placemark>
<Placemark><name>1740317</name><styleUrl>#stPoste</styleUrl><Point><coordinates>-47.419574,-6.315855,0</coordinates></Point></Placemark>
<Placemark><name>1740415</name><styleUrl>#stPoste</styleUrl><Point><coordinates>-47.418769,-6.329158,0</coordinates></Point></Placemark>
<Placemark><name>33434417</name><styleUrl>#stPoste</styleUrl><Point><coordinates>-47.421032,-6.315690,0</coordinates></Point></Placemark>
<Placemark><name>41162926</name><styleUrl>#stPoste</styleUrl><Point><coordinates>-47.423676,-6.324718,0</coordinates></Point></Placemark>
<Placemark><name>91739</name><styleUrl>#stPoste</styleUrl><Point><coordinates>-47.418074,-6.328396,0</coordinates></Point></Placemark>
<Placemark><name>91743</name><styleUrl>#stPoste</styleUrl><Point><coordinates>-47.422925,-6.326451,0</coordinates></Point></Placemark>
<Placemark><name>662872</name><styleUrl>#stPoste</styleUrl><Point><coordinates>-47.422902,-6.323594,0</coordinates></Point></Placemark>
<Placemark><name>664672</name><styleUrl>#stPoste</styleUrl><Point><coordinates>-47.423409,-6.324355,0</coordinates></Point></Placemark>
<Placemark><name>664916</name><styleUrl>#stPoste</styleUrl><Point><coordinates>-47.421010,-6.327632,0</coordinates></Point></Placemark>
<Placemark><name>734262</name><styleUrl>#stPoste</styleUrl><Point><coordinates>-47.424958,-6.332087,0</coordinates></Point></Placemark>
<Placemark><name>735824</name><styleUrl>#stPoste</styleUrl><Point><coordinates>-47.424943,-6.329295,0</coordinates></Point></Placemark>
<Placemark><name>835714</name><styleUrl>#stPoste</styleUrl><Point><coordinates>-47.417759,-6.330055,0</coordinates></Point></Placemark>
<Placemark><name>836070</name><styleUrl>#stPoste</styleUrl><Point><coordinates>-47.415207,-6.315660,0</coordinates></Point></Placemark>
<Placemark><name>837549</name><styleUrl>#stPoste</styleUrl><Point><coordinates>-47.423136,-6.313651,0</coordinates></Point></Placemark>
<Placemark><name>1079607</name><styleUrl>#stPoste</styleUrl><Point><coordinates>-47.417102,-6.313199,0</coordinates></Point></Placemark>
<Placemark><name>1453760</name><styleUrl>#stPoste</styleUrl><Point><coordinates>-47.424957,-6.315039,0</coordinates></Point></Placemark>
<Placemark><name>1460340</name><styleUrl>#stPoste</styleUrl><Point><coordinates>-47.422059,-6.312537,0</coordinates></Point></Placemark>
<Placemark><name>1460671</name><styleUrl>#stPoste</styleUrl><Point><coordinates>-47.421199,-6.313124,0</coordinates></Point></Placemark>
<Placemark><name>1461264</name><styleUrl>#stPoste</styleUrl><Point><coordinates>-47.418345,-6.313629,0</coordinates></Point></Placemark>
<Placemark><name>1820234</name><styleUrl>#stPoste</styleUrl><Point><coordinates>-47.416907,-6.312072,0</coordinates></Point></Placemark>
<Placemark><name>1889109</name><styleUrl>#stPoste</styleUrl><Point><coordinates>-47.420223,-6.313815,0</coordinates></Point></Placemark>
<Placemark><name>74008127</name><styleUrl>#stPoste</styleUrl><Point><coordinates>-47.416267,-6.322870,0</coordinates></Point></Placemark>
<Placemark><name>121468</name><styleUrl>#stPoste</styleUrl><Point><coordinates>-47.418910,-6.335622,0</coordinates></Point></Placemark>
<Placemark><name>335248</name><styleUrl>#stPoste</styleUrl><Point><coordinates>-47.425422,-6.318052,0</coordinates></Point></Placemark>
<Placemark><name>445790</name><styleUrl>#stPoste</styleUrl><Point><coordinates>-47.423363,-6.326180,0</coordinates></Point></Placemark>
<Placemark><name>691728</name><styleUrl>#stPoste</styleUrl><Point><coordinates>-47.430229,-6.304432,0</coordinates></Point></Placemark>
<Placemark><name>692025</name><styleUrl>#stPoste</styleUrl><Point><coordinates>-47.423417,-6.324470,0</coordinates></Point></Placemark>
<Placemark><name>734432</name><styleUrl>#stPoste</styleUrl><Point><coordinates>-47.417366,-6.329054,0</coordinates></Point></Placemark>
<Placemark><name>734787</name><styleUrl>#stPoste</styleUrl><Point><coordinates>-47.422626,-6.331670,0</coordinates></Point></Placemark>
<Placemark><name>831129</name><styleUrl>#stPoste</styleUrl><Point><coordinates>-47.422663,-6.332714,0</coordinates></Point></Placemark>
<Placemark><name>831138</name><styleUrl>#stPoste</styleUrl><Point><coordinates>-47.423163,-6.336058,0</coordinates></Point></Placemark>
<Placemark><name>835780</name><styleUrl>#stPoste</styleUrl><Point><coordinates>-47.425350,-6.313132,0</coordinates></Point></Placemark>
<Placemark><name>837786</name><styleUrl>#stPoste</styleUrl><Point><coordinates>-47.421570,-6.329214,0</coordinates></Point></Placemark>
<Placemark><name>839148</name><styleUrl>#stPoste</styleUrl><Point><coordinates>-47.422670,-6.317426,0</coordinates></Point></Placemark>
<Placemark><name>1079314</name><styleUrl>#stPoste</styleUrl><Point><coordinates>-47.417789,-6.316545,0</coordinates></Point></Placemark>
<Placemark><name>1105774</name><styleUrl>#stPoste</styleUrl><Point><coordinates>-47.428111,-6.306112,0</coordinates></Point></Placemark>
<Placemark><name>1273170</name><styleUrl>#stPoste</styleUrl><Point><coordinates>-47.418798,-6.328178,0</coordinates></Point></Placemark>
<Placemark><name>1460975</name><styleUrl>#stPoste</styleUrl><Point><coordinates>-47.418891,-6.313277,0</coordinates></Point></Placemark>
<Placemark><name>1731739</name><styleUrl>#stPoste</styleUrl><Point><coordinates>-47.426279,-6.327471,0</coordinates></Point></Placemark>
<Placemark><name>1739536</name><styleUrl>#stPoste</styleUrl><Point><coordinates>-47.422964,-6.314722,0</coordinates></Point></Placemark>
<Placemark><name>37387860</name><styleUrl>#stPoste</styleUrl><Point><coordinates>-47.423700,-6.314366,0</coordinates></Point></Placemark>
<Placemark><name>43403769</name><styleUrl>#stPoste</styleUrl><Point><coordinates>-47.417998,-6.325943,0</coordinates></Point></Placemark>
<Placemark><name>74008178</name><styleUrl>#stPoste</styleUrl><Point><coordinates>-47.416582,-6.323148,0</coordinates></Point></Placemark>
<Placemark><name>662293</name><styleUrl>#stPoste</styleUrl><Point><coordinates>-47.418252,-6.315782,0</coordinates></Point></Placemark>
<Placemark><name>662874</name><styleUrl>#stPoste</styleUrl><Point><coordinates>-47.423724,-6.325003,0</coordinates></Point></Placemark>
<Placemark><name>662875</name><styleUrl>#stPoste</styleUrl><Point><coordinates>-47.423809,-6.325150,0</coordinates></Point></Placemark>
<Placemark><name>664356</name><styleUrl>#stPoste</styleUrl><Point><coordinates>-47.419263,-6.317421,0</coordinates></Point></Placemark>
<Placemark><name>733506</name><styleUrl>#stPoste</styleUrl><Point><coordinates>-47.418062,-6.326799,0</coordinates></Point></Placemark>
<Placemark><name>733720</name><styleUrl>#stPoste</styleUrl><Point><coordinates>-47.424520,-6.331310,0</coordinates></Point></Placemark>
<Placemark><name>735612</name><styleUrl>#stPoste</styleUrl><Point><coordinates>-47.417470,-6.330927,0</coordinates></Point></Placemark>
<Placemark><name>836659</name><styleUrl>#stPoste</styleUrl><Point><coordinates>-47.417830,-6.320090,0</coordinates></Point></Placemark>
<Placemark><name>837171</name><styleUrl>#stPoste</styleUrl><Point><coordinates>-47.420730,-6.327808,0</coordinates></Point></Placemark>
<Placemark><name>838653</name><styleUrl>#stPoste</styleUrl><Point><coordinates>-47.424874,-6.314989,0</coordinates></Point></Placemark>
<Placemark><name>839157</name><styleUrl>#stPoste</styleUrl><Point><coordinates>-47.417828,-6.320451,0</coordinates></Point></Placemark>
<Placemark><name>1039686</name><styleUrl>#stPoste</styleUrl><Point><coordinates>-47.424545,-6.325520,0</coordinates></Point></Placemark>
<Placemark><name>1149264</name><styleUrl>#stPoste</styleUrl><Point><coordinates>-47.416372,-6.329973,0</coordinates></Point></Placemark>
<Placemark><name>1291569</name><styleUrl>#stPoste</styleUrl><Point><coordinates>-47.422289,-6.326844,0</coordinates></Point></Placemark>
<Placemark><name>1367172</name><styleUrl>#stPoste</styleUrl><Point><coordinates>-47.418382,-6.335270,0</coordinates></Point></Placemark>
<Placemark><name>1453773</name><styleUrl>#stPoste</styleUrl><Point><coordinates>-47.424846,-6.316720,0</coordinates></Point></Placemark>
<Placemark><name>1454069</name><styleUrl>#stPoste</styleUrl><Point><coordinates>-47.424785,-6.316534,0</coordinates></Point></Placemark>
<Placemark><name>1732251</name><styleUrl>#stPoste</styleUrl><Point><coordinates>-47.416369,-6.329883,0</coordinates></Point></Placemark>
<Placemark><name>1739353</name><styleUrl>#stPoste</styleUrl><Point><coordinates>-47.418116,-6.316299,0</coordinates></Point></Placemark>
<Placemark><name>1740941</name><styleUrl>#stPoste</styleUrl><Point><coordinates>-47.425023,-6.317431,0</coordinates></Point></Placemark>
<Placemark><name>91557</name><styleUrl>#stPoste</styleUrl><Point><coordinates>-47.424795,-6.314608,0</coordinates></Point></Placemark>
<Placemark><name>91740</name><styleUrl>#stPoste</styleUrl><Point><coordinates>-47.417767,-6.328172,0</coordinates></Point></Placemark>
<Placemark><name>121485</name><styleUrl>#stPoste</styleUrl><Point><coordinates>-47.424796,-6.329085,0</coordinates></Point></Placemark>
<Placemark><name>162064</name><styleUrl>#stPoste</styleUrl><Point><coordinates>-47.414421,-6.306992,0</coordinates></Point></Placemark>
<Placemark><name>295177</name><styleUrl>#stPoste</styleUrl><Point><coordinates>-47.413080,-6.307653,0</coordinates></Point></Placemark>
<Placemark><name>663352</name><styleUrl>#stPoste</styleUrl><Point><coordinates>-47.423546,-6.328343,0</coordinates></Point></Placemark>
<Placemark><name>663726</name><styleUrl>#stPoste</styleUrl><Point><coordinates>-47.428814,-6.307312,0</coordinates></Point></Placemark>
<Placemark><name>664270</name><styleUrl>#stPoste</styleUrl><Point><coordinates>-47.424297,-6.327833,0</coordinates></Point></Placemark>
<Placemark><name>664947</name><styleUrl>#stPoste</styleUrl><Point><coordinates>-47.426035,-6.325339,0</coordinates></Point></Placemark>
<Placemark><name>665479</name><styleUrl>#stPoste</styleUrl><Point><coordinates>-47.419151,-6.323084,0</coordinates></Point></Placemark>
<Placemark><name>692026</name><styleUrl>#stPoste</styleUrl><Point><coordinates>-47.423254,-6.324197,0</coordinates></Point></Placemark>
<Placemark><name>735642</name><styleUrl>#stPoste</styleUrl><Point><coordinates>-47.421446,-6.329611,0</coordinates></Point></Placemark>
<Placemark><name>835105</name><styleUrl>#stPoste</styleUrl><Point><coordinates>-47.419132,-6.329072,0</coordinates></Point></Placemark>
<Placemark><name>836334</name><styleUrl>#stPoste</styleUrl><Point><coordinates>-47.417962,-6.328953,0</coordinates></Point></Placemark>
<Placemark><name>836658</name><styleUrl>#stPoste</styleUrl><Point><coordinates>-47.417833,-6.319746,0</coordinates></Point></Placemark>
<Placemark><name>837152</name><styleUrl>#stPoste</styleUrl><Point><coordinates>-47.418210,-6.324137,0</coordinates></Point></Placemark>
<Placemark><name>838826</name><styleUrl>#stPoste</styleUrl><Point><coordinates>-47.415974,-6.328135,0</coordinates></Point></Placemark>
<Placemark><name>839480</name><styleUrl>#stPoste</styleUrl><Point><coordinates>-47.422818,-6.315405,0</coordinates></Point></Placemark>
<Placemark><name>1290610</name><styleUrl>#stPoste</styleUrl><Point><coordinates>-47.428030,-6.306962,0</coordinates></Point></Placemark>
<Placemark><name>1367171</name><styleUrl>#stPoste</styleUrl><Point><coordinates>-47.418907,-6.334893,0</coordinates></Point></Placemark>
<Placemark><name>1460018</name><styleUrl>#stPoste</styleUrl><Point><coordinates>-47.421490,-6.312924,0</coordinates></Point></Placemark>
<Placemark><name>1461266</name><styleUrl>#stPoste</styleUrl><Point><coordinates>-47.419164,-6.313101,0</coordinates></Point></Placemark>
<Placemark><name>1472841</name><styleUrl>#stPoste</styleUrl><Point><coordinates>-47.424163,-6.327497,0</coordinates></Point></Placemark>
<Placemark><name>1479001</name><styleUrl>#stPoste</styleUrl><Point><coordinates>-47.420406,-6.319414,0</coordinates></Point></Placemark>
<Placemark><name>1717438</name><styleUrl>#stPoste</styleUrl><Point><coordinates>-47.424736,-6.318197,0</coordinates></Point></Placemark>
<Placemark><name>1722464</name><styleUrl>#stPoste</styleUrl><Point><coordinates>-47.423224,-6.326400,0</coordinates></Point></Placemark>
<Placemark><name>1886618</name><styleUrl>#stPoste</styleUrl><Point><coordinates>-47.425172,-6.313399,0</coordinates></Point></Placemark>
<Placemark><name>1889117</name><styleUrl>#stPoste</styleUrl><Point><coordinates>-47.421687,-6.311369,0</coordinates></Point></Placemark>
<Placemark><name>35807729</name><styleUrl>#stPoste</styleUrl><Point><coordinates>-47.415883,-6.322672,0</coordinates></Point></Placemark>
<Placemark><name>37521119</name><styleUrl>#stPoste</styleUrl><Point><coordinates>-47.422486,-6.315642,0</coordinates></Point></Placemark>
<Placemark><name>74008573</name><styleUrl>#stPoste</styleUrl><Point><coordinates>-47.413723,-6.321164,0</coordinates></Point></Placemark>
<Placemark><name>91559</name><styleUrl>#stPoste</styleUrl><Point><coordinates>-47.421585,-6.315672,0</coordinates></Point></Placemark>
<Placemark><name>664945</name><styleUrl>#stPoste</styleUrl><Point><coordinates>-47.423594,-6.322660,0</coordinates></Point></Placemark>
<Placemark><name>691737</name><styleUrl>#stPoste</styleUrl><Point><coordinates>-47.417871,-6.319005,0</coordinates></Point></Placemark>
<Placemark><name>691932</name><styleUrl>#stPoste</styleUrl><Point><coordinates>-47.424777,-6.331403,0</coordinates></Point></Placemark>
<Placemark><name>735613</name><styleUrl>#stPoste</styleUrl><Point><coordinates>-47.420826,-6.330568,0</coordinates></Point></Placemark>
<Placemark><name>735944</name><styleUrl>#stPoste</styleUrl><Point><coordinates>-47.417332,-6.332366,0</coordinates></Point></Placemark>
<Placemark><name>835418</name><styleUrl>#stPoste</styleUrl><Point><coordinates>-47.418911,-6.331160,0</coordinates></Point></Placemark>
<Placemark><name>838651</name><styleUrl>#stPoste</styleUrl><Point><coordinates>-47.424621,-6.316190,0</coordinates></Point></Placemark>
<Placemark><name>1079322</name><styleUrl>#stPoste</styleUrl><Point><coordinates>-47.417561,-6.314552,0</coordinates></Point></Placemark>
<Placemark><name>1079628</name><styleUrl>#stPoste</styleUrl><Point><coordinates>-47.418823,-6.309375,0</coordinates></Point></Placemark>
<Placemark><name>1079900</name><styleUrl>#stPoste</styleUrl><Point><coordinates>-47.418916,-6.309722,0</coordinates></Point></Placemark>
<Placemark><name>1224504</name><styleUrl>#stPoste</styleUrl><Point><coordinates>-47.412286,-6.320671,0</coordinates></Point></Placemark>
<Placemark><name>1291567</name><styleUrl>#stPoste</styleUrl><Point><coordinates>-47.422620,-6.326640,0</coordinates></Point></Placemark>
<Placemark><name>1453457</name><styleUrl>#stPoste</styleUrl><Point><coordinates>-47.424721,-6.315980,0</coordinates></Point></Placemark>
<Placemark><name>1454383</name><styleUrl>#stPoste</styleUrl><Point><coordinates>-47.425348,-6.317529,0</coordinates></Point></Placemark>
<Placemark><name>1460014</name><styleUrl>#stPoste</styleUrl><Point><coordinates>-47.421854,-6.311312,0</coordinates></Point></Placemark>
<Placemark><name>1722860</name><styleUrl>#stPoste</styleUrl><Point><coordinates>-47.424991,-6.327892,0</coordinates></Point></Placemark>
<Placemark><name>1723078</name><styleUrl>#stPoste</styleUrl><Point><coordinates>-47.424507,-6.330780,0</coordinates></Point></Placemark>
<Placemark><name>1723135</name><styleUrl>#stPoste</styleUrl><Point><coordinates>-47.421869,-6.327073,0</coordinates></Point></Placemark>
<Placemark><name>1732522</name><styleUrl>#stPoste</styleUrl><Point><coordinates>-47.423729,-6.328402,0</coordinates></Point></Placemark>
<Placemark><name>1877983</name><styleUrl>#stPoste</styleUrl><Point><coordinates>-47.418596,-6.321801,0</coordinates></Point></Placemark>
<Placemark><name>21676345</name><styleUrl>#stPoste</styleUrl><Point><coordinates>-47.422721,-6.333587,0</coordinates></Point></Placemark>
<Placemark><name>44279871</name><styleUrl>#stPoste</styleUrl><Point><coordinates>-47.426939,-6.326653,0</coordinates></Point></Placemark>
<Placemark><name>663787</name><styleUrl>#stPoste</styleUrl><Point><coordinates>-47.426966,-6.324145,0</coordinates></Point></Placemark>
<Placemark><name>664913</name><styleUrl>#stPoste</styleUrl><Point><coordinates>-47.427046,-6.324493,0</coordinates></Point></Placemark>
<Placemark><name>665236</name><styleUrl>#stPoste</styleUrl><Point><coordinates>-47.426961,-6.325183,0</coordinates></Point></Placemark>
<Placemark><name>691615</name><styleUrl>#stPoste</styleUrl><Point><coordinates>-47.424592,-6.330853,0</coordinates></Point></Placemark>
<Placemark><name>691736</name><styleUrl>#stPoste</styleUrl><Point><coordinates>-47.417904,-6.318589,0</coordinates></Point></Placemark>
<Placemark><name>734085</name><styleUrl>#stPoste</styleUrl><Point><coordinates>-47.419234,-6.328026,0</coordinates></Point></Placemark>
<Placemark><name>835779</name><styleUrl>#stPoste</styleUrl><Point><coordinates>-47.425178,-6.313811,0</coordinates></Point></Placemark>
<Placemark><name>1079321</name><styleUrl>#stPoste</styleUrl><Point><coordinates>-47.416765,-6.314768,0</coordinates></Point></Placemark>
<Placemark><name>1079616</name><styleUrl>#stPoste</styleUrl><Point><coordinates>-47.416242,-6.309595,0</coordinates></Point></Placemark>
<Placemark><name>1079618</name><styleUrl>#stPoste</styleUrl><Point><coordinates>-47.416936,-6.309406,0</coordinates></Point></Placemark>
<Placemark><name>1079621</name><styleUrl>#stPoste</styleUrl><Point><coordinates>-47.418435,-6.309005,0</coordinates></Point></Placemark>
<Placemark><name>1290614</name><styleUrl>#stPoste</styleUrl><Point><coordinates>-47.427262,-6.307611,0</coordinates></Point></Placemark>
<Placemark><name>1460015</name><styleUrl>#stPoste</styleUrl><Point><coordinates>-47.422336,-6.312351,0</coordinates></Point></Placemark>
<Placemark><name>1723356</name><styleUrl>#stPoste</styleUrl><Point><coordinates>-47.422809,-6.323473,0</coordinates></Point></Placemark>
<Placemark><name>1818760</name><styleUrl>#stPoste</styleUrl><Point><coordinates>-47.418053,-6.309019,0</coordinates></Point></Placemark>
<Placemark><name>39067018</name><styleUrl>#stPoste</styleUrl><Point><coordinates>-47.418044,-6.323378,0</coordinates></Point></Placemark>
<Placemark><name>68725470</name><styleUrl>#stPoste</styleUrl><Point><coordinates>-47.425701,-6.318505,0</coordinates></Point></Placemark>
<Placemark><name>73732295</name><styleUrl>#stPoste</styleUrl><Point><coordinates>-47.426877,-6.326482,0</coordinates></Point></Placemark>
<Placemark><name>91737</name><styleUrl>#stPoste</styleUrl><Point><coordinates>-47.420277,-6.329098,0</coordinates></Point></Placemark>
<Placemark><name>108547</name><styleUrl>#stPoste</styleUrl><Point><coordinates>-47.418841,-6.331786,0</coordinates></Point></Placemark>
<Placemark><name>214449</name><styleUrl>#stPoste</styleUrl><Point><coordinates>-47.420751,-6.304140,0</coordinates></Point></Placemark>
<Placemark><name>91573</name><styleUrl>#stPoste</styleUrl><Point><coordinates>-47.428237,-6.337997,0</coordinates></Point></Placemark>
<Placemark><name>91576</name><styleUrl>#stPoste</styleUrl><Point><coordinates>-47.424021,-6.340505,0</coordinates></Point></Placemark>
<Placemark><name>661734</name><styleUrl>#stPoste</styleUrl><Point><coordinates>-47.423198,-6.343684,0</coordinates></Point></Placemark>
<Placemark><name>664081</name><styleUrl>#stPoste</styleUrl><Point><coordinates>-47.428988,-6.342774,0</coordinates></Point></Placemark>
<Placemark><name>664177</name><styleUrl>#stPoste</styleUrl><Point><coordinates>-47.434816,-6.323732,0</coordinates></Point></Placemark>
<Placemark><name>664385</name><styleUrl>#stPoste</styleUrl><Point><coordinates>-47.424277,-6.347119,0</coordinates></Point></Placemark>
<Placemark><name>664793</name><styleUrl>#stPoste</styleUrl><Point><coordinates>-47.431417,-6.327156,0</coordinates></Point></Placemark>
<Placemark><name>693277</name><styleUrl>#stPoste</styleUrl><Point><coordinates>-47.432170,-6.328134,0</coordinates></Point></Placemark>
<Placemark><name>735820</name><styleUrl>#stPoste</styleUrl><Point><coordinates>-47.431130,-6.328959,0</coordinates></Point></Placemark>
<Placemark><name>736219</name><styleUrl>#stPoste</styleUrl><Point><coordinates>-47.427196,-6.343123,0</coordinates></Point></Placemark>
<Placemark><name>835756</name><styleUrl>#stPoste</styleUrl><Point><coordinates>-47.434161,-6.318118,0</coordinates></Point></Placemark>
<Placemark><name>1041641</name><styleUrl>#stPoste</styleUrl><Point><coordinates>-47.430024,-6.332143,0</coordinates></Point></Placemark>
<Placemark><name>1315525</name><styleUrl>#stPoste</styleUrl><Point><coordinates>-47.430157,-6.333127,0</coordinates></Point></Placemark>
<Placemark><name>1454672</name><styleUrl>#stPoste</styleUrl><Point><coordinates>-47.426861,-6.323920,0</coordinates></Point></Placemark>
<Placemark><name>1454964</name><styleUrl>#stPoste</styleUrl><Point><coordinates>-47.427502,-6.323779,0</coordinates></Point></Placemark>
<Placemark><name>1455312</name><styleUrl>#stPoste</styleUrl><Point><coordinates>-47.440385,-6.323833,0</coordinates></Point></Placemark>
<Placemark><name>1717455</name><styleUrl>#stPoste</styleUrl><Point><coordinates>-47.424989,-6.340646,0</coordinates></Point></Placemark>
<Placemark><name>1723184</name><styleUrl>#stPoste</styleUrl><Point><coordinates>-47.434744,-6.318624,0</coordinates></Point></Placemark>
<Placemark><name>22394080</name><styleUrl>#stPoste</styleUrl><Point><coordinates>-47.438583,-6.324442,0</coordinates></Point></Placemark>
<Placemark><name>55620232</name><styleUrl>#stPoste</styleUrl><Point><coordinates>-47.426655,-6.309594,0</coordinates></Point></Placemark>
<Placemark><name>65255918</name><styleUrl>#stPoste</styleUrl><Point><coordinates>-47.427757,-6.324263,0</coordinates></Point></Placemark>
<Placemark><name>121472</name><styleUrl>#stPoste</styleUrl><Point><coordinates>-47.428292,-6.343834,0</coordinates></Point></Placemark>
<Placemark><name>121540</name><styleUrl>#stPoste</styleUrl><Point><coordinates>-47.427234,-6.342887,0</coordinates></Point></Placemark>
<Placemark><name>661433</name><styleUrl>#stPoste</styleUrl><Point><coordinates>-47.424064,-6.345986,0</coordinates></Point></Placemark>
<Placemark><name>734103</name><styleUrl>#stPoste</styleUrl><Point><coordinates>-47.427908,-6.339340,0</coordinates></Point></Placemark>
<Placemark><name>735827</name><styleUrl>#stPoste</styleUrl><Point><coordinates>-47.430543,-6.330648,0</coordinates></Point></Placemark>
<Placemark><name>831133</name><styleUrl>#stPoste</styleUrl><Point><coordinates>-47.422814,-6.334269,0</coordinates></Point></Placemark>
<Placemark><name>838771</name><styleUrl>#stPoste</styleUrl><Point><coordinates>-47.431860,-6.324433,0</coordinates></Point></Placemark>
<Placemark><name>1273552</name><styleUrl>#stPoste</styleUrl><Point><coordinates>-47.431806,-6.340095,0</coordinates></Point></Placemark>
<Placemark><name>1454668</name><styleUrl>#stPoste</styleUrl><Point><coordinates>-47.433001,-6.322128,0</coordinates></Point></Placemark>
<Placemark><name>1454678</name><styleUrl>#stPoste</styleUrl><Point><coordinates>-47.434713,-6.323084,0</coordinates></Point></Placemark>
<Placemark><name>1478989</name><styleUrl>#stPoste</styleUrl><Point><coordinates>-47.430342,-6.324135,0</coordinates></Point></Placemark>
<Placemark><name>1722091</name><styleUrl>#stPoste</styleUrl><Point><coordinates>-47.431433,-6.320739,0</coordinates></Point></Placemark>
<Placemark><name>1880197</name><styleUrl>#stPoste</styleUrl><Point><coordinates>-47.436675,-6.324045,0</coordinates></Point></Placemark>
<Placemark><name>37340713</name><styleUrl>#stPoste</styleUrl><Point><coordinates>-47.431293,-6.326947,0</coordinates></Point></Placemark>
<Placemark><name>37340754</name><styleUrl>#stPoste</styleUrl><Point><coordinates>-47.431954,-6.326752,0</coordinates></Point></Placemark>
<Placemark><name>50952610</name><styleUrl>#stPoste</styleUrl><Point><coordinates>-47.433072,-6.325489,0</coordinates></Point></Placemark>
<Placemark><name>56754463</name><styleUrl>#stPoste</styleUrl><Point><coordinates>-47.423493,-6.337953,0</coordinates></Point></Placemark>
<Placemark><name>56754490</name><styleUrl>#stPoste</styleUrl><Point><coordinates>-47.424829,-6.337626,0</coordinates></Point></Placemark>
<Placemark><name>140242</name><styleUrl>#stPoste</styleUrl><Point><coordinates>-47.431028,-6.340557,0</coordinates></Point></Placemark>
<Placemark><name>662746</name><styleUrl>#stPoste</styleUrl><Point><coordinates>-47.431374,-6.328259,0</coordinates></Point></Placemark>
<Placemark><name>664671</name><styleUrl>#stPoste</styleUrl><Point><coordinates>-47.429182,-6.324782,0</coordinates></Point></Placemark>
<Placemark><name>731969</name><styleUrl>#stPoste</styleUrl><Point><coordinates>-47.423922,-6.340630,0</coordinates></Point></Placemark>
<Placemark><name>734353</name><styleUrl>#stPoste</styleUrl><Point><coordinates>-47.433546,-6.318939,0</coordinates></Point></Placemark>
<Placemark><name>1283167</name><styleUrl>#stPoste</styleUrl><Point><coordinates>-47.441514,-6.323930,0</coordinates></Point></Placemark>
<Placemark><name>1453458</name><styleUrl>#stPoste</styleUrl><Point><coordinates>-47.427195,-6.307928,0</coordinates></Point></Placemark>
<Placemark><name>1453774</name><styleUrl>#stPoste</styleUrl><Point><coordinates>-47.427327,-6.307673,0</coordinates></Point></Placemark>
<Placemark><name>1453777</name><styleUrl>#stPoste</styleUrl><Point><coordinates>-47.425239,-6.313835,0</coordinates></Point></Placemark>
<Placemark><name>1454385</name><styleUrl>#stPoste</styleUrl><Point><coordinates>-47.425764,-6.318382,0</coordinates></Point></Placemark>
<Placemark><name>1454390</name><styleUrl>#stPoste</styleUrl><Point><coordinates>-47.426532,-6.321757,0</coordinates></Point></Placemark>
<Placemark><name>1454673</name><styleUrl>#stPoste</styleUrl><Point><coordinates>-47.428818,-6.323451,0</coordinates></Point></Placemark>
<Placemark><name>1460205</name><styleUrl>#stPoste</styleUrl><Point><coordinates>-47.446229,-6.326201,0</coordinates></Point></Placemark>
<Placemark><name>22394082</name><styleUrl>#stPoste</styleUrl><Point><coordinates>-47.438586,-6.324211,0</coordinates></Point></Placemark>
<Placemark><name>32930707</name><styleUrl>#stPoste</styleUrl><Point><coordinates>-47.426798,-6.323008,0</coordinates></Point></Placemark>
<Placemark><name>34515198</name><styleUrl>#stPoste</styleUrl><Point><coordinates>-47.421586,-6.340842,0</coordinates></Point></Placemark>
<Placemark><name>38302656</name><styleUrl>#stPoste</styleUrl><Point><coordinates>-47.436080,-6.323766,0</coordinates></Point></Placemark>
<Placemark><name>56753897</name><styleUrl>#stPoste</styleUrl><Point><coordinates>-47.423328,-6.337413,0</coordinates></Point></Placemark>
<Placemark><name>56754496</name><styleUrl>#stPoste</styleUrl><Point><coordinates>-47.425180,-6.337540,0</coordinates></Point></Placemark>
<Placemark><name>121547</name><styleUrl>#stPoste</styleUrl><Point><coordinates>-47.427534,-6.323184,0</coordinates></Point></Placemark>
<Placemark><name>661730</name><styleUrl>#stPoste</styleUrl><Point><coordinates>-47.424350,-6.343059,0</coordinates></Point></Placemark>
<Placemark><name>663503</name><styleUrl>#stPoste</styleUrl><Point><coordinates>-47.423828,-6.343391,0</coordinates></Point></Placemark>
<Placemark><name>665226</name><styleUrl>#stPoste</styleUrl><Point><coordinates>-47.427410,-6.322587,0</coordinates></Point></Placemark>
<Placemark><name>665227</name><styleUrl>#stPoste</styleUrl><Point><coordinates>-47.427830,-6.322494,0</coordinates></Point></Placemark>
<Placemark><name>731974</name><styleUrl>#stPoste</styleUrl><Point><coordinates>-47.426246,-6.340359,0</coordinates></Point></Placemark>
<Placemark><name>1444841</name><styleUrl>#stPoste</styleUrl><Point><coordinates>-47.441673,-6.322357,0</coordinates></Point></Placemark>
<Placemark><name>1453776</name><styleUrl>#stPoste</styleUrl><Point><coordinates>-47.425802,-6.311926,0</coordinates></Point></Placemark>
<Placemark><name>1454969</name><styleUrl>#stPoste</styleUrl><Point><coordinates>-47.433832,-6.323574,0</coordinates></Point></Placemark>
<Placemark><name>1454977</name><styleUrl>#stPoste</styleUrl><Point><coordinates>-47.433649,-6.323351,0</coordinates></Point></Placemark>
<Placemark><name>1455614</name><styleUrl>#stPoste</styleUrl><Point><coordinates>-47.436369,-6.323775,0</coordinates></Point></Placemark>
<Placemark><name>1460201</name><styleUrl>#stPoste</styleUrl><Point><coordinates>-47.444668,-6.325571,0</coordinates></Point></Placemark>
<Placemark><name>1460540</name><styleUrl>#stPoste</styleUrl><Point><coordinates>-47.436693,-6.323607,0</coordinates></Point></Placemark>
<Placemark><name>1724914</name><styleUrl>#stPoste</styleUrl><Point><coordinates>-47.439791,-6.323533,0</coordinates></Point></Placemark>
<Placemark><name>1732061</name><styleUrl>#stPoste</styleUrl><Point><coordinates>-47.430609,-6.338759,0</coordinates></Point></Placemark>
<Placemark><name>37340761</name><styleUrl>#stPoste</styleUrl><Point><coordinates>-47.432257,-6.326663,0</coordinates></Point></Placemark>
<Placemark><name>52580510</name><styleUrl>#stPoste</styleUrl><Point><coordinates>-47.439746,-6.323579,0</coordinates></Point></Placemark>
<Placemark><name>56225642</name><styleUrl>#stPoste</styleUrl><Point><coordinates>-47.431122,-6.324529,0</coordinates></Point></Placemark>
<Placemark><name>663373</name><styleUrl>#stPoste</styleUrl><Point><coordinates>-47.434803,-6.322407,0</coordinates></Point></Placemark>
<Placemark><name>663375</name><styleUrl>#stPoste</styleUrl><Point><coordinates>-47.435385,-6.322283,0</coordinates></Point></Placemark>
<Placemark><name>664384</name><styleUrl>#stPoste</styleUrl><Point><coordinates>-47.424172,-6.346823,0</coordinates></Point></Placemark>
<Placemark><name>694375</name><styleUrl>#stPoste</styleUrl><Point><coordinates>-47.432578,-6.324340,0</coordinates></Point></Placemark>
<Placemark><name>731708</name><styleUrl>#stPoste</styleUrl><Point><coordinates>-47.423510,-6.337510,0</coordinates></Point></Placemark>
<Placemark><name>731973</name><styleUrl>#stPoste</styleUrl><Point><coordinates>-47.425651,-6.340429,0</coordinates></Point></Placemark>
<Placemark><name>735349</name><styleUrl>#stPoste</styleUrl><Point><coordinates>-47.427546,-6.341131,0</coordinates></Point></Placemark>
<Placemark><name>736218</name><styleUrl>#stPoste</styleUrl><Point><coordinates>-47.427281,-6.342593,0</coordinates></Point></Placemark>
<Placemark><name>835569</name><styleUrl>#stPoste</styleUrl><Point><coordinates>-47.433383,-6.326042,0</coordinates></Point></Placemark>
<Placemark><name>839008</name><styleUrl>#stPoste</styleUrl><Point><coordinates>-47.437068,-6.323192,0</coordinates></Point></Placemark>
<Placemark><name>1096131</name><styleUrl>#stPoste</styleUrl><Point><coordinates>-47.430776,-6.336987,0</coordinates></Point></Placemark>
<Placemark><name>1454386</name><styleUrl>#stPoste</styleUrl><Point><coordinates>-47.426264,-6.320412,0</coordinates></Point></Placemark>
<Placemark><name>1454974</name><styleUrl>#stPoste</styleUrl><Point><coordinates>-47.430558,-6.323067,0</coordinates></Point></Placemark>
<Placemark><name>1455608</name><styleUrl>#stPoste</styleUrl><Point><coordinates>-47.444967,-6.325693,0</coordinates></Point></Placemark>
<Placemark><name>1455615</name><styleUrl>#stPoste</styleUrl><Point><coordinates>-47.438091,-6.323373,0</coordinates></Point></Placemark>
<Placemark><name>1460979</name><styleUrl>#stPoste</styleUrl><Point><coordinates>-47.433410,-6.321480,0</coordinates></Point></Placemark>
<Placemark><name>1722473</name><styleUrl>#stPoste</styleUrl><Point><coordinates>-47.427311,-6.341610,0</coordinates></Point></Placemark>
<Placemark><name>1739804</name><styleUrl>#stPoste</styleUrl><Point><coordinates>-47.432823,-6.324993,0</coordinates></Point></Placemark>
<Placemark><name>22394085</name><styleUrl>#stPoste</styleUrl><Point><coordinates>-47.438586,-6.325276,0</coordinates></Point></Placemark>
<Placemark><name>32589431</name><styleUrl>#stPoste</styleUrl><Point><coordinates>-47.430307,-6.331329,0</coordinates></Point></Placemark>
<Placemark><name>42845605</name><styleUrl>#stPoste</styleUrl><Point><coordinates>-47.427767,-6.339130,0</coordinates></Point></Placemark>
<Placemark><name>43429767</name><styleUrl>#stPoste</styleUrl><Point><coordinates>-47.439236,-6.323504,0</coordinates></Point></Placemark>
<Placemark><name>53610662</name><styleUrl>#stPoste</styleUrl><Point><coordinates>-47.425340,-6.313441,0</coordinates></Point></Placemark>
<Placemark><name>56753909</name><styleUrl>#stPoste</styleUrl><Point><coordinates>-47.423907,-6.337276,0</coordinates></Point></Placemark>
<Placemark><name>56755107</name><styleUrl>#stPoste</styleUrl><Point><coordinates>-47.426194,-6.338797,0</coordinates></Point></Placemark>
<Placemark><name>91755</name><styleUrl>#stPoste</styleUrl><Point><coordinates>-47.439819,-6.323330,0</coordinates></Point></Placemark>
<Placemark><name>141681</name><styleUrl>#stPoste</styleUrl><Point><coordinates>-47.424808,-6.348238,0</coordinates></Point></Placemark>
<Placemark><name>664659</name><styleUrl>#stPoste</styleUrl><Point><coordinates>-47.424732,-6.345770,0</coordinates></Point></Placemark>
<Placemark><name>692734</name><styleUrl>#stPoste</styleUrl><Point><coordinates>-47.433846,-6.323961,0</coordinates></Point></Placemark>
<Placemark><name>731971</name><styleUrl>#stPoste</styleUrl><Point><coordinates>-47.424804,-6.340530,0</coordinates></Point></Placemark>
<Placemark><name>734946</name><styleUrl>#stPoste</styleUrl><Point><coordinates>-47.431541,-6.321266,0</coordinates></Point></Placemark>
<Placemark><name>735977</name><styleUrl>#stPoste</styleUrl><Point><coordinates>-47.428065,-6.338572,0</coordinates></Point></Placemark>
<Placemark><name>1454681</name><styleUrl>#stPoste</styleUrl><Point><coordinates>-47.429721,-6.323247,0</coordinates></Point></Placemark>
<Placemark><name>1460978</name><styleUrl>#stPoste</styleUrl><Point><coordinates>-47.433707,-6.323024,0</coordinates></Point></Placemark>
<Placemark><name>1478987</name><styleUrl>#stPoste</styleUrl><Point><coordinates>-47.432713,-6.324551,0</coordinates></Point></Placemark>
<Placemark><name>1478994</name><styleUrl>#stPoste</styleUrl><Point><coordinates>-47.430616,-6.324835,0</coordinates></Point></Placemark>
<Placemark><name>1732207</name><styleUrl>#stPoste</styleUrl><Point><coordinates>-47.432957,-6.323037,0</coordinates></Point></Placemark>
<Placemark><name>32080541</name><styleUrl>#stPoste</styleUrl><Point><coordinates>-47.423931,-6.339836,0</coordinates></Point></Placemark>
<Placemark><name>37284904</name><styleUrl>#stPoste</styleUrl><Point><coordinates>-47.430491,-6.339517,0</coordinates></Point></Placemark>
<Placemark><name>56753959</name><styleUrl>#stPoste</styleUrl><Point><coordinates>-47.424816,-6.337156,0</coordinates></Point></Placemark>
<Placemark><name>56755270</name><styleUrl>#stPoste</styleUrl><Point><coordinates>-47.425288,-6.339123,0</coordinates></Point></Placemark>
<Placemark><name>663504</name><styleUrl>#stPoste</styleUrl><Point><coordinates>-47.424030,-6.343314,0</coordinates></Point></Placemark>
<Placemark><name>663776</name><styleUrl>#stPoste</styleUrl><Point><coordinates>-47.426756,-6.322815,0</coordinates></Point></Placemark>
<Placemark><name>732029</name><styleUrl>#stPoste</styleUrl><Point><coordinates>-47.428657,-6.336067,0</coordinates></Point></Placemark>
<Placemark><name>838210</name><styleUrl>#stPoste</styleUrl><Point><coordinates>-47.436383,-6.323326,0</coordinates></Point></Placemark>
<Placemark><name>1315526</name><styleUrl>#stPoste</styleUrl><Point><coordinates>-47.430474,-6.333220,0</coordinates></Point></Placemark>
<Placemark><name>1453762</name><styleUrl>#stPoste</styleUrl><Point><coordinates>-47.428564,-6.307475,0</coordinates></Point></Placemark>
<Placemark><name>1453779</name><styleUrl>#stPoste</styleUrl><Point><coordinates>-47.427986,-6.307222,0</coordinates></Point></Placemark>
<Placemark><name>1454075</name><styleUrl>#stPoste</styleUrl><Point><coordinates>-47.425042,-6.317043,0</coordinates></Point></Placemark>
<Placemark><name>1454690</name><styleUrl>#stPoste</styleUrl><Point><coordinates>-47.432672,-6.322264,0</coordinates></Point></Placemark>
<Placemark><name>1455601</name><styleUrl>#stPoste</styleUrl><Point><coordinates>-47.442785,-6.324807,0</coordinates></Point></Placemark>
<Placemark><name>1732397</name><styleUrl>#stPoste</styleUrl><Point><coordinates>-47.430639,-6.338204,0</coordinates></Point></Placemark>
<Placemark><name>31874362</name><styleUrl>#stPoste</styleUrl><Point><coordinates>-47.430966,-6.322242,0</coordinates></Point></Placemark>
<Placemark><name>32080535</name><styleUrl>#stPoste</styleUrl><Point><coordinates>-47.423980,-6.340203,0</coordinates></Point></Placemark>
<Placemark><name>32080560</name><styleUrl>#stPoste</styleUrl><Point><coordinates>-47.423845,-6.339202,0</coordinates></Point></Placemark>
<Placemark><name>53271395</name><styleUrl>#stPoste</styleUrl><Point><coordinates>-47.425397,-6.313210,0</coordinates></Point></Placemark>
<Placemark><name>56753961</name><styleUrl>#stPoste</styleUrl><Point><coordinates>-47.425798,-6.336915,0</coordinates></Point></Placemark>
<Placemark><name>65470618</name><styleUrl>#stPoste</styleUrl><Point><coordinates>-47.431814,-6.340225,0</coordinates></Point></Placemark>
<Placemark><name>121470</name><styleUrl>#stPoste</styleUrl><Point><coordinates>-47.427704,-6.339473,0</coordinates></Point></Placemark>
<Placemark><name>175800</name><styleUrl>#stPoste</styleUrl><Point><coordinates>-47.445736,-6.327343,0</coordinates></Point></Placemark>
<Placemark><name>662579</name><styleUrl>#stPoste</styleUrl><Point><coordinates>-47.424467,-6.343803,0</coordinates></Point></Placemark>
<Placemark><name>734948</name><styleUrl>#stPoste</styleUrl><Point><coordinates>-47.431274,-6.320598,0</coordinates></Point></Placemark>
<Placemark><name>734949</name><styleUrl>#stPoste</styleUrl><Point><coordinates>-47.431145,-6.320275,0</coordinates></Point></Placemark>
<Placemark><name>1098714</name><styleUrl>#stPoste</styleUrl><Point><coordinates>-47.428372,-6.339695,0</coordinates></Point></Placemark>
<Placemark><name>1453767</name><styleUrl>#stPoste</styleUrl><Point><coordinates>-47.424874,-6.315352,0</coordinates></Point></Placemark>
<Placemark><name>1454677</name><styleUrl>#stPoste</styleUrl><Point><coordinates>-47.433672,-6.322846,0</coordinates></Point></Placemark>
<Placemark><name>1478981</name><styleUrl>#stPoste</styleUrl><Point><coordinates>-47.434795,-6.320969,0</coordinates></Point></Placemark>
<Placemark><name>1478984</name><styleUrl>#stPoste</styleUrl><Point><coordinates>-47.434443,-6.323835,0</coordinates></Point></Placemark>
<Placemark><name>22394081</name><styleUrl>#stPoste</styleUrl><Point><coordinates>-47.438592,-6.323965,0</coordinates></Point></Placemark>
<Placemark><name>121464</name><styleUrl>#stPoste</styleUrl><Point><coordinates>-47.430900,-6.329621,0</coordinates></Point></Placemark>
<Placemark><name>663913</name><styleUrl>#stPoste</styleUrl><Point><coordinates>-47.435081,-6.323662,0</coordinates></Point></Placemark>
<Placemark><name>664236</name><styleUrl>#stPoste</styleUrl><Point><coordinates>-47.430423,-6.330994,0</coordinates></Point></Placemark>
<Placemark><name>664935</name><styleUrl>#stPoste</styleUrl><Point><coordinates>-47.429865,-6.324693,0</coordinates></Point></Placemark>
<Placemark><name>734029</name><styleUrl>#stPoste</styleUrl><Point><coordinates>-47.426428,-6.349773,0</coordinates></Point></Placemark>
<Placemark><name>734350</name><styleUrl>#stPoste</styleUrl><Point><coordinates>-47.434442,-6.318769,0</coordinates></Point></Placemark>
<Placemark><name>735679</name><styleUrl>#stPoste</styleUrl><Point><coordinates>-47.430526,-6.339201,0</coordinates></Point></Placemark>
<Placemark><name>1273551</name><styleUrl>#stPoste</styleUrl><Point><coordinates>-47.430778,-6.339971,0</coordinates></Point></Placemark>
<Placemark><name>1444840</name><styleUrl>#stPoste</styleUrl><Point><coordinates>-47.440902,-6.324041,0</coordinates></Point></Placemark>
<Placemark><name>1453455</name><styleUrl>#stPoste</styleUrl><Point><coordinates>-47.425733,-6.312177,0</coordinates></Point></Placemark>
<Placemark><name>1454965</name><styleUrl>#stPoste</styleUrl><Point><coordinates>-47.429376,-6.323330,0</coordinates></Point></Placemark>
<Placemark><name>1454970</name><styleUrl>#stPoste</styleUrl><Point><coordinates>-47.435672,-6.322882,0</coordinates></Point></Placemark>
<Placemark><name>1455598</name><styleUrl>#stPoste</styleUrl><Point><coordinates>-47.437380,-6.323530,0</coordinates></Point></Placemark>
<Placemark><name>1455609</name><styleUrl>#stPoste</styleUrl><Point><coordinates>-47.436689,-6.323695,0</coordinates></Point></Placemark>
<Placemark><name>1460200</name><styleUrl>#stPoste</styleUrl><Point><coordinates>-47.443129,-6.324947,0</coordinates></Point></Placemark>
<Placemark><name>30268413</name><styleUrl>#stPoste</styleUrl><Point><coordinates>-47.423118,-6.335872,0</coordinates></Point></Placemark>
<Placemark><name>44971434</name><styleUrl>#stPoste</styleUrl><Point><coordinates>-47.433342,-6.326352,0</coordinates></Point></Placemark>
<Placemark><name>50325683</name><styleUrl>#stPoste</styleUrl><Point><coordinates>-47.436014,-6.323425,0</coordinates></Point></Placemark>
<Placemark><name>53271379</name><styleUrl>#stPoste</styleUrl><Point><coordinates>-47.425316,-6.313535,0</coordinates></Point></Placemark>
<Placemark><name>54516865</name><styleUrl>#stPoste</styleUrl><Point><coordinates>-47.437832,-6.323346,0</coordinates></Point></Placemark>
<Placemark><name>56753915</name><styleUrl>#stPoste</styleUrl><Point><coordinates>-47.424959,-6.337019,0</coordinates></Point></Placemark>
<Placemark><name>56754476</name><styleUrl>#stPoste</styleUrl><Point><coordinates>-47.424128,-6.337798,0</coordinates></Point></Placemark>
<Placemark><name>56754528</name><styleUrl>#stPoste</styleUrl><Point><coordinates>-47.425811,-6.337386,0</coordinates></Point></Placemark>
<Placemark><name>56755774</name><styleUrl>#stPoste</styleUrl><Point><coordinates>-47.427092,-6.337917,0</coordinates></Point></Placemark>
<Placemark><name>359667</name><styleUrl>#stPoste</styleUrl><Point><coordinates>-47.428391,-6.324922,0</coordinates></Point></Placemark>
<Placemark><name>661731</name><styleUrl>#stPoste</styleUrl><Point><coordinates>-47.424406,-6.343434,0</coordinates></Point></Placemark>
<Placemark><name>662744</name><styleUrl>#stPoste</styleUrl><Point><coordinates>-47.431410,-6.328034,0</coordinates></Point></Placemark>
<Placemark><name>662866</name><styleUrl>#stPoste</styleUrl><Point><coordinates>-47.427463,-6.322844,0</coordinates></Point></Placemark>
<Placemark><name>731968</name><styleUrl>#stPoste</styleUrl><Point><coordinates>-47.423609,-6.340668,0</coordinates></Point></Placemark>
<Placemark><name>731999</name><styleUrl>#stPoste</styleUrl><Point><coordinates>-47.427891,-6.338452,0</coordinates></Point></Placemark>
<Placemark><name>733658</name><styleUrl>#stPoste</styleUrl><Point><coordinates>-47.433192,-6.322817,0</coordinates></Point></Placemark>
<Placemark><name>836752</name><styleUrl>#stPoste</styleUrl><Point><coordinates>-47.446102,-6.327301,0</coordinates></Point></Placemark>
<Placemark><name>1041642</name><styleUrl>#stPoste</styleUrl><Point><coordinates>-47.429689,-6.332068,0</coordinates></Point></Placemark>
<Placemark><name>1446023</name><styleUrl>#stPoste</styleUrl><Point><coordinates>-47.429542,-6.333533,0</coordinates></Point></Placemark>
<Placemark><name>1722426</name><styleUrl>#stPoste</styleUrl><Point><coordinates>-47.431672,-6.321424,0</coordinates></Point></Placemark>
<Placemark><name>22394084</name><styleUrl>#stPoste</styleUrl><Point><coordinates>-47.438578,-6.325003,0</coordinates></Point></Placemark>
<Placemark><name>29250821</name><styleUrl>#stPoste</styleUrl><Point><coordinates>-47.427453,-6.341596,0</coordinates></Point></Placemark>
<Placemark><name>37284880</name><styleUrl>#stPoste</styleUrl><Point><coordinates>-47.430559,-6.338902,0</coordinates></Point></Placemark>
<Placemark><name>44971413</name><styleUrl>#stPoste</styleUrl><Point><coordinates>-47.433630,-6.326269,0</coordinates></Point></Placemark>
<Placemark><name>45405277</name><styleUrl>#stPoste</styleUrl><Point><coordinates>-47.430780,-6.329968,0</coordinates></Point></Placemark>
<Placemark><name>45709630</name><styleUrl>#stPoste</styleUrl><Point><coordinates>-47.431066,-6.326067,0</coordinates></Point></Placemark>
<Placemark><name>48294903</name><styleUrl>#stPoste</styleUrl><Point><coordinates>-47.425882,-6.337270,0</coordinates></Point></Placemark>
<Placemark><name>56755476</name><styleUrl>#stPoste</styleUrl><Point><coordinates>-47.426855,-6.337779,0</coordinates></Point></Placemark>
<Placemark><name>91564</name><styleUrl>#stPoste</styleUrl><Point><coordinates>-47.435599,-6.324136,0</coordinates></Point></Placemark>
<Placemark><name>91572</name><styleUrl>#stPoste</styleUrl><Point><coordinates>-47.424548,-6.344405,0</coordinates></Point></Placemark>
<Placemark><name>661434</name><styleUrl>#stPoste</styleUrl><Point><coordinates>-47.424375,-6.345964,0</coordinates></Point></Placemark>
<Placemark><name>664626</name><styleUrl>#stPoste</styleUrl><Point><coordinates>-47.424107,-6.341137,0</coordinates></Point></Placemark>
<Placemark><name>664627</name><styleUrl>#stPoste</styleUrl><Point><coordinates>-47.424776,-6.346099,0</coordinates></Point></Placemark>
<Placemark><name>665225</name><styleUrl>#stPoste</styleUrl><Point><coordinates>-47.427214,-6.322630,0</coordinates></Point></Placemark>
<Placemark><name>691743</name><styleUrl>#stPoste</styleUrl><Point><coordinates>-47.428061,-6.324980,0</coordinates></Point></Placemark>
<Placemark><name>733772</name><styleUrl>#stPoste</styleUrl><Point><coordinates>-47.422559,-6.340796,0</coordinates></Point></Placemark>
<Placemark><name>734104</name><styleUrl>#stPoste</styleUrl><Point><coordinates>-47.428006,-6.338837,0</coordinates></Point></Placemark>
<Placemark><name>735356</name><styleUrl>#stPoste</styleUrl><Point><coordinates>-47.426563,-6.340321,0</coordinates></Point></Placemark>
<Placemark><name>835754</name><styleUrl>#stPoste</styleUrl><Point><coordinates>-47.434349,-6.318959,0</coordinates></Point></Placemark>
<Placemark><name>836750</name><styleUrl>#stPoste</styleUrl><Point><coordinates>-47.446377,-6.326645,0</coordinates></Point></Placemark>
<Placemark><name>1087221</name><styleUrl>#stPoste</styleUrl><Point><coordinates>-47.428596,-6.343206,0</coordinates></Point></Placemark>
<Placemark><name>1096133</name><styleUrl>#stPoste</styleUrl><Point><coordinates>-47.430580,-6.338710,0</coordinates></Point></Placemark>
<Placemark><name>1454675</name><styleUrl>#stPoste</styleUrl><Point><coordinates>-47.431913,-6.322591,0</coordinates></Point></Placemark>
<Placemark><name>1454689</name><styleUrl>#stPoste</styleUrl><Point><coordinates>-47.431677,-6.322686,0</coordinates></Point></Placemark>
<Placemark><name>1455610</name><styleUrl>#stPoste</styleUrl><Point><coordinates>-47.438726,-6.323377,0</coordinates></Point></Placemark>
<Placemark><name>1722831</name><styleUrl>#stPoste</styleUrl><Point><coordinates>-47.434196,-6.317753,0</coordinates></Point></Placemark>
<Placemark><name>1723952</name><styleUrl>#stPoste</styleUrl><Point><coordinates>-47.432925,-6.328422,0</coordinates></Point></Placemark>
<Placemark><name>1731239</name><styleUrl>#stPoste</styleUrl><Point><coordinates>-47.428191,-6.338406,0</coordinates></Point></Placemark>
<Placemark><name>22394331</name><styleUrl>#stPoste</styleUrl><Point><coordinates>-47.440066,-6.323703,0</coordinates></Point></Placemark>
<Placemark><name>34086698</name><styleUrl>#stPoste</styleUrl><Point><coordinates>-47.438639,-6.325152,0</coordinates></Point></Placemark>
<Placemark><name>48530793</name><styleUrl>#stPoste</styleUrl><Point><coordinates>-47.433401,-6.321431,0</coordinates></Point></Placemark>
<Placemark><name>56755076</name><styleUrl>#stPoste</styleUrl><Point><coordinates>-47.423867,-6.339363,0</coordinates></Point></Placemark>
<Placemark><name>121546</name><styleUrl>#stPoste</styleUrl><Point><coordinates>-47.429113,-6.334764,0</coordinates></Point></Placemark>
<Placemark><name>662024</name><styleUrl>#stPoste</styleUrl><Point><coordinates>-47.431200,-6.344399,0</coordinates></Point></Placemark>
<Placemark><name>662738</name><styleUrl>#stPoste</styleUrl><Point><coordinates>-47.435237,-6.318622,0</coordinates></Point></Placemark>
<Placemark><name>663914</name><styleUrl>#stPoste</styleUrl><Point><coordinates>-47.431463,-6.324485,0</coordinates></Point></Placemark>
<Placemark><name>665216</name><styleUrl>#stPoste</styleUrl><Point><coordinates>-47.428202,-6.322412,0</coordinates></Point></Placemark>
<Placemark><name>665244</name><styleUrl>#stPoste</styleUrl><Point><coordinates>-47.422190,-6.340762,0</coordinates></Point></Placemark>
<Placemark><name>735238</name><styleUrl>#stPoste</styleUrl><Point><coordinates>-47.432887,-6.322945,0</coordinates></Point></Placemark>
<Placemark><name>735970</name><styleUrl>#stPoste</styleUrl><Point><coordinates>-47.423331,-6.336760,0</coordinates></Point></Placemark>
<Placemark><name>736129</name><styleUrl>#stPoste</styleUrl><Point><coordinates>-47.429358,-6.334058,0</coordinates></Point></Placemark>
<Placemark><name>736220</name><styleUrl>#stPoste</styleUrl><Point><coordinates>-47.427162,-6.343336,0</coordinates></Point></Placemark>
<Placemark><name>835568</name><styleUrl>#stPoste</styleUrl><Point><coordinates>-47.433462,-6.326234,0</coordinates></Point></Placemark>
<Placemark><name>1087220</name><styleUrl>#stPoste</styleUrl><Point><coordinates>-47.428611,-6.342518,0</coordinates></Point></Placemark>
<Placemark><name>1445117</name><styleUrl>#stPoste</styleUrl><Point><coordinates>-47.441033,-6.323743,0</coordinates></Point></Placemark>
<Placemark><name>1453454</name><styleUrl>#stPoste</styleUrl><Point><coordinates>-47.426381,-6.310413,0</coordinates></Point></Placemark>
<Placemark><name>1454407</name><styleUrl>#stPoste</styleUrl><Point><coordinates>-47.430144,-6.323200,0</coordinates></Point></Placemark>
<Placemark><name>1454670</name><styleUrl>#stPoste</styleUrl><Point><coordinates>-47.434350,-6.323163,0</coordinates></Point></Placemark>
<Placemark><name>1455602</name><styleUrl>#stPoste</styleUrl><Point><coordinates>-47.444169,-6.325369,0</coordinates></Point></Placemark>
<Placemark><name>1455607</name><styleUrl>#stPoste</styleUrl><Point><coordinates>-47.445653,-6.325968,0</coordinates></Point></Placemark>
<Placemark><name>37284879</name><styleUrl>#stPoste</styleUrl><Point><coordinates>-47.430417,-6.340276,0</coordinates></Point></Placemark>
<Placemark><name>37311303</name><styleUrl>#stPoste</styleUrl><Point><coordinates>-47.427997,-6.323657,0</coordinates></Point></Placemark>
<Placemark><name>38564429</name><styleUrl>#stPoste</styleUrl><Point><coordinates>-47.433617,-6.324205,0</coordinates></Point></Placemark>
<Placemark><name>53207113</name><styleUrl>#stPoste</styleUrl><Point><coordinates>-47.426323,-6.310557,0</coordinates></Point></Placemark>
<Placemark><name>56755095</name><styleUrl>#stPoste</styleUrl><Point><coordinates>-47.424822,-6.339134,0</coordinates></Point></Placemark>
<Placemark><name>56755111</name><styleUrl>#stPoste</styleUrl><Point><coordinates>-47.426896,-6.338632,0</coordinates></Point></Placemark>
<Placemark><name>91752</name><styleUrl>#stPoste</styleUrl><Point><coordinates>-47.446358,-6.327237,0</coordinates></Point></Placemark>
<Placemark><name>664937</name><styleUrl>#stPoste</styleUrl><Point><coordinates>-47.430780,-6.324574,0</coordinates></Point></Placemark>
<Placemark><name>665522</name><styleUrl>#stPoste</styleUrl><Point><coordinates>-47.427506,-6.340548,0</coordinates></Point></Placemark>
<Placemark><name>693274</name><styleUrl>#stPoste</styleUrl><Point><coordinates>-47.433724,-6.328504,0</coordinates></Point></Placemark>
<Placemark><name>732557</name><styleUrl>#stPoste</styleUrl><Point><coordinates>-47.430727,-6.340505,0</coordinates></Point></Placemark>
<Placemark><name>735234</name><styleUrl>#stPoste</styleUrl><Point><coordinates>-47.434650,-6.320318,0</coordinates></Point></Placemark>
<Placemark><name>735975</name><styleUrl>#stPoste</styleUrl><Point><coordinates>-47.430055,-6.335712,0</coordinates></Point></Placemark>
<Placemark><name>1273554</name><styleUrl>#stPoste</styleUrl><Point><coordinates>-47.431110,-6.340011,0</coordinates></Point></Placemark>
<Placemark><name>1436833</name><styleUrl>#stPoste</styleUrl><Point><coordinates>-47.434609,-6.317135,0</coordinates></Point></Placemark>
<Placemark><name>1453453</name><styleUrl>#stPoste</styleUrl><Point><coordinates>-47.427107,-6.308098,0</coordinates></Point></Placemark>
<Placemark><name>1453456</name><styleUrl>#stPoste</styleUrl><Point><coordinates>-47.425167,-6.314125,0</coordinates></Point></Placemark>
<Placemark><name>1453780</name><styleUrl>#stPoste</styleUrl><Point><coordinates>-47.426977,-6.308350,0</coordinates></Point></Placemark>
<Placemark><name>1454394</name><styleUrl>#stPoste</styleUrl><Point><coordinates>-47.425210,-6.317311,0</coordinates></Point></Placemark>
<Placemark><name>1454676</name><styleUrl>#stPoste</styleUrl><Point><coordinates>-47.433335,-6.321992,0</coordinates></Point></Placemark>
<Placemark><name>1454679</name><styleUrl>#stPoste</styleUrl><Point><coordinates>-47.427040,-6.324007,0</coordinates></Point></Placemark>
<Placemark><name>1454975</name><styleUrl>#stPoste</styleUrl><Point><coordinates>-47.432090,-6.322639,0</coordinates></Point></Placemark>
<Placemark><name>1478993</name><styleUrl>#stPoste</styleUrl><Point><coordinates>-47.430860,-6.325529,0</coordinates></Point></Placemark>
<Placemark><name>1722564</name><styleUrl>#stPoste</styleUrl><Point><coordinates>-47.423733,-6.343609,0</coordinates></Point></Placemark>
<Placemark><name>1722744</name><styleUrl>#stPoste</styleUrl><Point><coordinates>-47.433322,-6.318896,0</coordinates></Point></Placemark>
<Placemark><name>1732496</name><styleUrl>#stPoste</styleUrl><Point><coordinates>-47.430585,-6.336116,0</coordinates></Point></Placemark>
<Placemark><name>1827575</name><styleUrl>#stPoste</styleUrl><Point><coordinates>-47.430830,-6.336912,0</coordinates></Point></Placemark>
<Placemark><name>1872098</name><styleUrl>#stPoste</styleUrl><Point><coordinates>-47.430085,-6.333162,0</coordinates></Point></Placemark>
<Placemark><name>31217561</name><styleUrl>#stPoste</styleUrl><Point><coordinates>-47.428378,-6.343447,0</coordinates></Point></Placemark>
<Placemark><name>56753905</name><styleUrl>#stPoste</styleUrl><Point><coordinates>-47.423592,-6.337353,0</coordinates></Point></Placemark>
<Placemark><name>661407</name><styleUrl>#stPoste</styleUrl><Point><coordinates>-47.427684,-6.323913,0</coordinates></Point></Placemark>
<Placemark><name>661735</name><styleUrl>#stPoste</styleUrl><Point><coordinates>-47.423521,-6.343542,0</coordinates></Point></Placemark>
<Placemark><name>733480</name><styleUrl>#stPoste</styleUrl><Point><coordinates>-47.426923,-6.344828,0</coordinates></Point></Placemark>
<Placemark><name>734947</name><styleUrl>#stPoste</styleUrl><Point><coordinates>-47.431411,-6.320941,0</coordinates></Point></Placemark>
<Placemark><name>735351</name><styleUrl>#stPoste</styleUrl><Point><coordinates>-47.427402,-6.341839,0</coordinates></Point></Placemark>
<Placemark><name>735976</name><styleUrl>#stPoste</styleUrl><Point><coordinates>-47.430357,-6.335854,0</coordinates></Point></Placemark>
<Placemark><name>735978</name><styleUrl>#stPoste</styleUrl><Point><coordinates>-47.428148,-6.338306,0</coordinates></Point></Placemark>
<Placemark><name>736131</name><styleUrl>#stPoste</styleUrl><Point><coordinates>-47.429243,-6.334389,0</coordinates></Point></Placemark>
<Placemark><name>1454076</name><styleUrl>#stPoste</styleUrl><Point><coordinates>-47.425979,-6.319120,0</coordinates></Point></Placemark>
<Placemark><name>1454387</name><styleUrl>#stPoste</styleUrl><Point><coordinates>-47.426581,-6.321986,0</coordinates></Point></Placemark>
<Placemark><name>1455603</name><styleUrl>#stPoste</styleUrl><Point><coordinates>-47.436010,-6.323869,0</coordinates></Point></Placemark>
<Placemark><name>37340714</name><styleUrl>#stPoste</styleUrl><Point><coordinates>-47.431670,-6.326838,0</coordinates></Point></Placemark>
<Placemark><name>37340774</name><styleUrl>#stPoste</styleUrl><Point><coordinates>-47.432469,-6.326709,0</coordinates></Point></Placemark>
<Placemark><name>56755141</name><styleUrl>#stPoste</styleUrl><Point><coordinates>-47.425133,-6.338492,0</coordinates></Point></Placemark>
<Placemark><name>56755431</name><styleUrl>#stPoste</styleUrl><Point><coordinates>-47.426546,-6.338718,0</coordinates></Point></Placemark>
<Placemark><name>662025</name><styleUrl>#stPoste</styleUrl><Point><coordinates>-47.424545,-6.347817,0</coordinates></Point></Placemark>
<Placemark><name>664511</name><styleUrl>#stPoste</styleUrl><Point><coordinates>-47.434104,-6.317859,0</coordinates></Point></Placemark>
<Placemark><name>732264</name><styleUrl>#stPoste</styleUrl><Point><coordinates>-47.430144,-6.340403,0</coordinates></Point></Placemark>
<Placemark><name>734098</name><styleUrl>#stPoste</styleUrl><Point><coordinates>-47.427106,-6.340351,0</coordinates></Point></Placemark>
<Placemark><name>735822</name><styleUrl>#stPoste</styleUrl><Point><coordinates>-47.431019,-6.329279,0</coordinates></Point></Placemark>
<Placemark><name>835753</name><styleUrl>#stPoste</styleUrl><Point><coordinates>-47.434414,-6.319255,0</coordinates></Point></Placemark>
<Placemark><name>838769</name><styleUrl>#stPoste</styleUrl><Point><coordinates>-47.438820,-6.323084,0</coordinates></Point></Placemark>
<Placemark><name>1368841</name><styleUrl>#stPoste</styleUrl><Point><coordinates>-47.431965,-6.340106,0</coordinates></Point></Placemark>
<Placemark><name>1444842</name><styleUrl>#stPoste</styleUrl><Point><coordinates>-47.440202,-6.321634,0</coordinates></Point></Placemark>
<Placemark><name>1445115</name><styleUrl>#stPoste</styleUrl><Point><coordinates>-47.441688,-6.322429,0</coordinates></Point></Placemark>
<Placemark><name>1454687</name><styleUrl>#stPoste</styleUrl><Point><coordinates>-47.427899,-6.323681,0</coordinates></Point></Placemark>
<Placemark><name>1460203</name><styleUrl>#stPoste</styleUrl><Point><coordinates>-47.445930,-6.326083,0</coordinates></Point></Placemark>
<Placemark><name>1723209</name><styleUrl>#stPoste</styleUrl><Point><coordinates>-47.431295,-6.326341,0</coordinates></Point></Placemark>
<Placemark><name>32080582</name><styleUrl>#stPoste</styleUrl><Point><coordinates>-47.423744,-6.338289,0</coordinates></Point></Placemark>
<Placemark><name>32930745</name><styleUrl>#stPoste</styleUrl><Point><coordinates>-47.426460,-6.321418,0</coordinates></Point></Placemark>
<Placemark><name>33722901</name><styleUrl>#stPoste</styleUrl><Point><coordinates>-47.425559,-6.340546,0</coordinates></Point></Placemark>
<Placemark><name>37311341</name><styleUrl>#stPoste</styleUrl><Point><coordinates>-47.428474,-6.323534,0</coordinates></Point></Placemark>
<Placemark><name>38302647</name><styleUrl>#stPoste</styleUrl><Point><coordinates>-47.437053,-6.323521,0</coordinates></Point></Placemark>
<Placemark><name>45284524</name><styleUrl>#stPoste</styleUrl><Point><coordinates>-47.426812,-6.345520,0</coordinates></Point></Placemark>
<Placemark><name>52580536</name><styleUrl>#stPoste</styleUrl><Point><coordinates>-47.439888,-6.323634,0</coordinates></Point></Placemark>
<Placemark><name>56755155</name><styleUrl>#stPoste</styleUrl><Point><coordinates>-47.425057,-6.338408,0</coordinates></Point></Placemark>
<Placemark><name>121462</name><styleUrl>#stPoste</styleUrl><Point><coordinates>-47.427863,-6.326119,0</coordinates></Point></Placemark>
<Placemark><name>121544</name><styleUrl>#stPoste</styleUrl><Point><coordinates>-47.424309,-6.342735,0</coordinates></Point></Placemark>
<Placemark><name>664919</name><styleUrl>#stPoste</styleUrl><Point><coordinates>-47.422884,-6.343821,0</coordinates></Point></Placemark>
<Placemark><name>665245</name><styleUrl>#stPoste</styleUrl><Point><coordinates>-47.426629,-6.322736,0</coordinates></Point></Placemark>
<Placemark><name>734930</name><styleUrl>#stPoste</styleUrl><Point><coordinates>-47.432335,-6.323253,0</coordinates></Point></Placemark>
<Placemark><name>735989</name><styleUrl>#stPoste</styleUrl><Point><coordinates>-47.430830,-6.336511,0</coordinates></Point></Placemark>
<Placemark><name>835572</name><styleUrl>#stPoste</styleUrl><Point><coordinates>-47.432946,-6.325162,0</coordinates></Point></Placemark>
<Placemark><name>1453761</name><styleUrl>#stPoste</styleUrl><Point><coordinates>-47.424734,-6.316268,0</coordinates></Point></Placemark>
<Placemark><name>1454669</name><styleUrl>#stPoste</styleUrl><Point><coordinates>-47.433533,-6.322127,0</coordinates></Point></Placemark>
<Placemark><name>1454685</name><styleUrl>#stPoste</styleUrl><Point><coordinates>-47.435427,-6.322931,0</coordinates></Point></Placemark>
<Placemark><name>1454961</name><styleUrl>#stPoste</styleUrl><Point><coordinates>-47.433743,-6.323202,0</coordinates></Point></Placemark>
<Placemark><name>1454978</name><styleUrl>#stPoste</styleUrl><Point><coordinates>-47.435067,-6.323012,0</coordinates></Point></Placemark>
<Placemark><name>56754513</name><styleUrl>#stPoste</styleUrl><Point><coordinates>-47.425460,-6.337472,0</coordinates></Point></Placemark>
<Placemark><name>56755453</name><styleUrl>#stPoste</styleUrl><Point><coordinates>-47.427007,-6.338411,0</coordinates></Point></Placemark>
<Placemark><name>56755764</name><styleUrl>#stPoste</styleUrl><Point><coordinates>-47.426390,-6.338087,0</coordinates></Point></Placemark>
<Placemark><name>63473928</name><styleUrl>#stPoste</styleUrl><Point><coordinates>-47.438583,-6.325163,0</coordinates></Point></Placemark>
<Placemark><name>91566</name><styleUrl>#stPoste</styleUrl><Point><coordinates>-47.434278,-6.318642,0</coordinates></Point></Placemark>
<Placemark><name>91567</name><styleUrl>#stPoste</styleUrl><Point><coordinates>-47.435625,-6.322406,0</coordinates></Point></Placemark>
<Placemark><name>299126</name><styleUrl>#stPoste</styleUrl><Point><coordinates>-47.431862,-6.328093,0</coordinates></Point></Placemark>
<Placemark><name>662016</name><styleUrl>#stPoste</styleUrl><Point><coordinates>-47.427835,-6.324642,0</coordinates></Point></Placemark>
<Placemark><name>663502</name><styleUrl>#stPoste</styleUrl><Point><coordinates>-47.421895,-6.340799,0</coordinates></Point></Placemark>
<Placemark><name>663797</name><styleUrl>#stPoste</styleUrl><Point><coordinates>-47.423908,-6.345825,0</coordinates></Point></Placemark>
<Placemark><name>663949</name><styleUrl>#stPoste</styleUrl><Point><coordinates>-47.436147,-6.316805,0</coordinates></Point></Placemark>
<Placemark><name>692735</name><styleUrl>#stPoste</styleUrl><Point><coordinates>-47.433913,-6.323875,0</coordinates></Point></Placemark>
<Placemark><name>732872</name><styleUrl>#stPoste</styleUrl><Point><coordinates>-47.428985,-6.340146,0</coordinates></Point></Placemark>
<Placemark><name>734102</name><styleUrl>#stPoste</styleUrl><Point><coordinates>-47.427825,-6.339744,0</coordinates></Point></Placemark>
<Placemark><name>836751</name><styleUrl>#stPoste</styleUrl><Point><coordinates>-47.435599,-6.323906,0</coordinates></Point></Placemark>
<Placemark><name>1454671</name><styleUrl>#stPoste</styleUrl><Point><coordinates>-47.435887,-6.323358,0</coordinates></Point></Placemark>
<Placemark><name>1455612</name><styleUrl>#stPoste</styleUrl><Point><coordinates>-47.443649,-6.325158,0</coordinates></Point></Placemark>
<Placemark><name>45284538</name><styleUrl>#stPoste</styleUrl><Point><coordinates>-47.426974,-6.344507,0</coordinates></Point></Placemark>
<Placemark><name>53207123</name><styleUrl>#stPoste</styleUrl><Point><coordinates>-47.426204,-6.310502,0</coordinates></Point></Placemark>
<Placemark><name>56753975</name><styleUrl>#stPoste</styleUrl><Point><coordinates>-47.424902,-6.337507,0</coordinates></Point></Placemark>
<Placemark><name>56754472</name><styleUrl>#stPoste</styleUrl><Point><coordinates>-47.423843,-6.337868,0</coordinates></Point></Placemark>
<Placemark><name>56755161</name><styleUrl>#stPoste</styleUrl><Point><coordinates>-47.425217,-6.338843,0</coordinates></Point></Placemark>
<Placemark><name>91753</name><styleUrl>#stPoste</styleUrl><Point><coordinates>-47.440392,-6.323381,0</coordinates></Point></Placemark>
<Placemark><name>662582</name><styleUrl>#stPoste</styleUrl><Point><coordinates>-47.424638,-6.345071,0</coordinates></Point></Placemark>
<Placemark><name>662737</name><styleUrl>#stPoste</styleUrl><Point><coordinates>-47.435448,-6.318579,0</coordinates></Point></Placemark>
<Placemark><name>662889</name><styleUrl>#stPoste</styleUrl><Point><coordinates>-47.427756,-6.325034,0</coordinates></Point></Placemark>
<Placemark><name>664083</name><styleUrl>#stPoste</styleUrl><Point><coordinates>-47.424338,-6.343198,0</coordinates></Point></Placemark>
<Placemark><name>664084</name><styleUrl>#stPoste</styleUrl><Point><coordinates>-47.424656,-6.343099,0</coordinates></Point></Placemark>
<Placemark><name>691738</name><styleUrl>#stPoste</styleUrl><Point><coordinates>-47.428663,-6.324874,0</coordinates></Point></Placemark>
<Placemark><name>732000</name><styleUrl>#stPoste</styleUrl><Point><coordinates>-47.427959,-6.338086,0</coordinates></Point></Placemark>
<Placemark><name>734354</name><styleUrl>#stPoste</styleUrl><Point><coordinates>-47.433277,-6.318993,0</coordinates></Point></Placemark>
<Placemark><name>734486</name><styleUrl>#stPoste</styleUrl><Point><coordinates>-47.432162,-6.336509,0</coordinates></Point></Placemark>
<Placemark><name>839478</name><styleUrl>#stPoste</styleUrl><Point><coordinates>-47.426627,-6.309203,0</coordinates></Point></Placemark>
<Placemark><name>1315527</name><styleUrl>#stPoste</styleUrl><Point><coordinates>-47.430683,-6.333278,0</coordinates></Point></Placemark>
<Placemark><name>1445116</name><styleUrl>#stPoste</styleUrl><Point><coordinates>-47.440451,-6.321313,0</coordinates></Point></Placemark>
<Placemark><name>1445120</name><styleUrl>#stPoste</styleUrl><Point><coordinates>-47.440862,-6.321687,0</coordinates></Point></Placemark>
<Placemark><name>1454684</name><styleUrl>#stPoste</styleUrl><Point><coordinates>-47.433592,-6.322493,0</coordinates></Point></Placemark>
<Placemark><name>1454976</name><styleUrl>#stPoste</styleUrl><Point><coordinates>-47.433463,-6.321773,0</coordinates></Point></Placemark>
<Placemark><name>1455595</name><styleUrl>#stPoste</styleUrl><Point><coordinates>-47.442454,-6.324673,0</coordinates></Point></Placemark>
<Placemark><name>32080577</name><styleUrl>#stPoste</styleUrl><Point><coordinates>-47.423755,-6.338534,0</coordinates></Point></Placemark>
<Placemark><name>56753913</name><styleUrl>#stPoste</styleUrl><Point><coordinates>-47.424608,-6.337105,0</coordinates></Point></Placemark>
<Placemark><name>56753941</name><styleUrl>#stPoste</styleUrl><Point><coordinates>-47.425678,-6.336843,0</coordinates></Point></Placemark>
<Placemark><name>56754484</name><styleUrl>#stPoste</styleUrl><Point><coordinates>-47.424478,-6.337712,0</coordinates></Point></Placemark>
<Placemark><name>315730</name><styleUrl>#stPoste</styleUrl><Point><coordinates>-47.446391,-6.326271,0</coordinates></Point></Placemark>
<Placemark><name>662023</name><styleUrl>#stPoste</styleUrl><Point><coordinates>-47.430480,-6.343862,0</coordinates></Point></Placemark>
<Placemark><name>662741</name><styleUrl>#stPoste</styleUrl><Point><coordinates>-47.431283,-6.322143,0</coordinates></Point></Placemark>
<Placemark><name>663072</name><styleUrl>#stPoste</styleUrl><Point><coordinates>-47.434491,-6.322454,0</coordinates></Point></Placemark>
<Placemark><name>664079</name><styleUrl>#stPoste</styleUrl><Point><coordinates>-47.423747,-6.346009,0</coordinates></Point></Placemark>
<Placemark><name>664082</name><styleUrl>#stPoste</styleUrl><Point><coordinates>-47.429736,-6.343340,0</coordinates></Point></Placemark>
<Placemark><name>664673</name><styleUrl>#stPoste</styleUrl><Point><coordinates>-47.429586,-6.324729,0</coordinates></Point></Placemark>
<Placemark><name>664936</name><styleUrl>#stPoste</styleUrl><Point><coordinates>-47.430172,-6.324653,0</coordinates></Point></Placemark>
<Placemark><name>734356</name><styleUrl>#stPoste</styleUrl><Point><coordinates>-47.432688,-6.319105,0</coordinates></Point></Placemark>
<Placemark><name>734438</name><styleUrl>#stPoste</styleUrl><Point><coordinates>-47.427036,-6.344121,0</coordinates></Point></Placemark>
<Placemark><name>735237</name><styleUrl>#stPoste</styleUrl><Point><coordinates>-47.432539,-6.323088,0</coordinates></Point></Placemark>
<Placemark><name>735675</name><styleUrl>#stPoste</styleUrl><Point><coordinates>-47.430670,-6.337925,0</coordinates></Point></Placemark>
<Placemark><name>736128</name><styleUrl>#stPoste</styleUrl><Point><coordinates>-47.429499,-6.333654,0</coordinates></Point></Placemark>
<Placemark><name>831137</name><styleUrl>#stPoste</styleUrl><Point><coordinates>-47.423073,-6.335683,0</coordinates></Point></Placemark>
<Placemark><name>1098713</name><styleUrl>#stPoste</styleUrl><Point><coordinates>-47.429037,-6.339852,0</coordinates></Point></Placemark>
<Placemark><name>1445119</name><styleUrl>#stPoste</styleUrl><Point><coordinates>-47.441513,-6.322704,0</coordinates></Point></Placemark>
<Placemark><name>1453768</name><styleUrl>#stPoste</styleUrl><Point><coordinates>-47.427716,-6.307102,0</coordinates></Point></Placemark>
<Placemark><name>1454963</name><styleUrl>#stPoste</styleUrl><Point><coordinates>-47.435806,-6.323006,0</coordinates></Point></Placemark>
<Placemark><name>1455604</name><styleUrl>#stPoste</styleUrl><Point><coordinates>-47.438410,-6.323369,0</coordinates></Point></Placemark>
<Placemark><name>1460204</name><styleUrl>#stPoste</styleUrl><Point><coordinates>-47.446508,-6.326318,0</coordinates></Point></Placemark>
<Placemark><name>1717578</name><styleUrl>#stPoste</styleUrl><Point><coordinates>-47.431016,-6.325647,0</coordinates></Point></Placemark>
<Placemark><name>1722244</name><styleUrl>#stPoste</styleUrl><Point><coordinates>-47.435469,-6.318465,0</coordinates></Point></Placemark>
<Placemark><name>1723040</name><styleUrl>#stPoste</styleUrl><Point><coordinates>-47.427375,-6.341262,0</coordinates></Point></Placemark>
<Placemark><name>1723362</name><styleUrl>#stPoste</styleUrl><Point><coordinates>-47.424461,-6.344215,0</coordinates></Point></Placemark>
<Placemark><name>1731637</name><styleUrl>#stPoste</styleUrl><Point><coordinates>-47.424378,-6.342189,0</coordinates></Point></Placemark>
<Placemark><name>1731710</name><styleUrl>#stPoste</styleUrl><Point><coordinates>-47.427249,-6.341947,0</coordinates></Point></Placemark>
<Placemark><name>49514149</name><styleUrl>#stPoste</styleUrl><Point><coordinates>-47.431170,-6.339887,0</coordinates></Point></Placemark>
<Placemark><name>56315839</name><styleUrl>#stPoste</styleUrl><Point><coordinates>-47.437434,-6.323433,0</coordinates></Point></Placemark>
<Placemark><name>56755449</name><styleUrl>#stPoste</styleUrl><Point><coordinates>-47.426369,-6.338899,0</coordinates></Point></Placemark>
<Placemark><name>59596438</name><styleUrl>#stPoste</styleUrl><Point><coordinates>-47.433562,-6.326476,0</coordinates></Point></Placemark>
<Placemark><name>662581</name><styleUrl>#stPoste</styleUrl><Point><coordinates>-47.424595,-6.344752,0</coordinates></Point></Placemark>
<Placemark><name>664510</name><styleUrl>#stPoste</styleUrl><Point><coordinates>-47.434044,-6.317590,0</coordinates></Point></Placemark>
<Placemark><name>664670</name><styleUrl>#stPoste</styleUrl><Point><coordinates>-47.428873,-6.324837,0</coordinates></Point></Placemark>
<Placemark><name>664794</name><styleUrl>#stPoste</styleUrl><Point><coordinates>-47.431431,-6.327522,0</coordinates></Point></Placemark>
<Placemark><name>691741</name><styleUrl>#stPoste</styleUrl><Point><coordinates>-47.424264,-6.342432,0</coordinates></Point></Placemark>
<Placemark><name>732031</name><styleUrl>#stPoste</styleUrl><Point><coordinates>-47.428896,-6.335389,0</coordinates></Point></Placemark>
<Placemark><name>734815</name><styleUrl>#stPoste</styleUrl><Point><coordinates>-47.430613,-6.338430,0</coordinates></Point></Placemark>
<Placemark><name>736217</name><styleUrl>#stPoste</styleUrl><Point><coordinates>-47.427343,-6.342209,0</coordinates></Point></Placemark>
<Placemark><name>736271</name><styleUrl>#stPoste</styleUrl><Point><coordinates>-47.431289,-6.336249,0</coordinates></Point></Placemark>
<Placemark><name>830835</name><styleUrl>#stPoste</styleUrl><Point><coordinates>-47.430606,-6.335971,0</coordinates></Point></Placemark>
<Placemark><name>831139</name><styleUrl>#stPoste</styleUrl><Point><coordinates>-47.423232,-6.336346,0</coordinates></Point></Placemark>
<Placemark><name>838365</name><styleUrl>#stPoste</styleUrl><Point><coordinates>-47.426679,-6.309416,0</coordinates></Point></Placemark>
<Placemark><name>1066380</name><styleUrl>#stPoste</styleUrl><Point><coordinates>-47.424670,-6.345942,0</coordinates></Point></Placemark>
<Placemark><name>1087213</name><styleUrl>#stPoste</styleUrl><Point><coordinates>-47.428301,-6.324938,0</coordinates></Point></Placemark>
<Placemark><name>1273556</name><styleUrl>#stPoste</styleUrl><Point><coordinates>-47.430358,-6.339902,0</coordinates></Point></Placemark>
<Placemark><name>1454077</name><styleUrl>#stPoste</styleUrl><Point><coordinates>-47.426123,-6.319765,0</coordinates></Point></Placemark>
<Placemark><name>1454406</name><styleUrl>#stPoste</styleUrl><Point><coordinates>-47.428197,-6.323608,0</coordinates></Point></Placemark>
<Placemark><name>1454674</name><styleUrl>#stPoste</styleUrl><Point><coordinates>-47.430355,-6.323131,0</coordinates></Point></Placemark>
<Placemark><name>1454967</name><styleUrl>#stPoste</styleUrl><Point><coordinates>-47.431944,-6.322303,0</coordinates></Point></Placemark>
<Placemark><name>1455313</name><styleUrl>#stPoste</styleUrl><Point><coordinates>-47.441897,-6.324443,0</coordinates></Point></Placemark>
<Placemark><name>1722427</name><styleUrl>#stPoste</styleUrl><Point><coordinates>-47.435561,-6.322334,0</coordinates></Point></Placemark>
<Placemark><name>1722962</name><styleUrl>#stPoste</styleUrl><Point><coordinates>-47.434920,-6.322115,0</coordinates></Point></Placemark>
<Placemark><name>32080554</name><styleUrl>#stPoste</styleUrl><Point><coordinates>-47.423888,-6.339534,0</coordinates></Point></Placemark>
<Placemark><name>32080567</name><styleUrl>#stPoste</styleUrl><Point><coordinates>-47.423802,-6.338881,0</coordinates></Point></Placemark>
<Placemark><name>54040090</name><styleUrl>#stPoste</styleUrl><Point><coordinates>-47.430065,-6.323241,0</coordinates></Point></Placemark>
<Placemark><name>56755105</name><styleUrl>#stPoste</styleUrl><Point><coordinates>-47.425886,-6.338871,0</coordinates></Point></Placemark>
<Placemark><name>662132</name><styleUrl>#stPoste</styleUrl><Point><coordinates>-47.432907,-6.324297,0</coordinates></Point></Placemark>
<Placemark><name>662739</name><styleUrl>#stPoste</styleUrl><Point><coordinates>-47.432001,-6.321921,0</coordinates></Point></Placemark>
<Placemark><name>662865</name><styleUrl>#stPoste</styleUrl><Point><coordinates>-47.427606,-6.323535,0</coordinates></Point></Placemark>
<Placemark><name>665246</name><styleUrl>#stPoste</styleUrl><Point><coordinates>-47.427981,-6.325344,0</coordinates></Point></Placemark>
<Placemark><name>693276</name><styleUrl>#stPoste</styleUrl><Point><coordinates>-47.432493,-6.328176,0</coordinates></Point></Placemark>
<Placemark><name>732025</name><styleUrl>#stPoste</styleUrl><Point><coordinates>-47.428191,-6.337418,0</coordinates></Point></Placemark>
<Placemark><name>733660</name><styleUrl>#stPoste</styleUrl><Point><coordinates>-47.434103,-6.322544,0</coordinates></Point></Placemark>
<Placemark><name>735348</name><styleUrl>#stPoste</styleUrl><Point><coordinates>-47.427629,-6.340715,0</coordinates></Point></Placemark>
<Placemark><name>836481</name><styleUrl>#stPoste</styleUrl><Point><coordinates>-47.432608,-6.323933,0</coordinates></Point></Placemark>
<Placemark><name>836749</name><styleUrl>#stPoste</styleUrl><Point><coordinates>-47.435343,-6.323556,0</coordinates></Point></Placemark>
<Placemark><name>1096130</name><styleUrl>#stPoste</styleUrl><Point><coordinates>-47.430633,-6.338258,0</coordinates></Point></Placemark>
<Placemark><name>1098716</name><styleUrl>#stPoste</styleUrl><Point><coordinates>-47.427977,-6.338986,0</coordinates></Point></Placemark>
<Placemark><name>1444844</name><styleUrl>#stPoste</styleUrl><Point><coordinates>-47.441275,-6.322057,0</coordinates></Point></Placemark>
<Placemark><name>1453775</name><styleUrl>#stPoste</styleUrl><Point><coordinates>-47.426536,-6.310091,0</coordinates></Point></Placemark>
<Placemark><name>1454393</name><styleUrl>#stPoste</styleUrl><Point><coordinates>-47.426698,-6.322540,0</coordinates></Point></Placemark>
<Placemark><name>1454966</name><styleUrl>#stPoste</styleUrl><Point><coordinates>-47.430809,-6.323021,0</coordinates></Point></Placemark>
<Placemark><name>1455074</name><styleUrl>#stPoste</styleUrl><Point><coordinates>-47.446495,-6.326634,0</coordinates></Point></Placemark>
<Placemark><name>1455591</name><styleUrl>#stPoste</styleUrl><Point><coordinates>-47.444432,-6.325475,0</coordinates></Point></Placemark>
<Placemark><name>1723041</name><styleUrl>#stPoste</styleUrl><Point><coordinates>-47.427442,-6.340897,0</coordinates></Point></Placemark>
<Placemark><name>38238719</name><styleUrl>#stPoste</styleUrl><Point><coordinates>-47.430973,-6.325854,0</coordinates></Point></Placemark>
<Placemark><name>38302651</name><styleUrl>#stPoste</styleUrl><Point><coordinates>-47.437065,-6.323600,0</coordinates></Point></Placemark>
<Placemark><name>91565</name><styleUrl>#stPoste</styleUrl><Point><coordinates>-47.435667,-6.323482,0</coordinates></Point></Placemark>
<Placemark><name>91751</name><styleUrl>#stPoste</styleUrl><Point><coordinates>-47.446645,-6.326374,0</coordinates></Point></Placemark>
<Placemark><name>121465</name><styleUrl>#stPoste</styleUrl><Point><coordinates>-47.431205,-6.326516,0</coordinates></Point></Placemark>
<Placemark><name>121542</name><styleUrl>#stPoste</styleUrl><Point><coordinates>-47.424694,-6.348288,0</coordinates></Point></Placemark>
<Placemark><name>310675</name><styleUrl>#stPoste</styleUrl><Point><coordinates>-47.433888,-6.317217,0</coordinates></Point></Placemark>
<Placemark><name>664949</name><styleUrl>#stPoste</styleUrl><Point><coordinates>-47.424153,-6.341479,0</coordinates></Point></Placemark>
<Placemark><name>664950</name><styleUrl>#stPoste</styleUrl><Point><coordinates>-47.424198,-6.341818,0</coordinates></Point></Placemark>
<Placemark><name>665509</name><styleUrl>#stPoste</styleUrl><Point><coordinates>-47.431961,-6.344922,0</coordinates></Point></Placemark>
<Placemark><name>691585</name><styleUrl>#stPoste</styleUrl><Point><coordinates>-47.430191,-6.331663,0</coordinates></Point></Placemark>
<Placemark><name>731972</name><styleUrl>#stPoste</styleUrl><Point><coordinates>-47.425258,-6.340476,0</coordinates></Point></Placemark>
<Placemark><name>732010</name><styleUrl>#stPoste</styleUrl><Point><coordinates>-47.423679,-6.338214,0</coordinates></Point></Placemark>
<Placemark><name>732026</name><styleUrl>#stPoste</styleUrl><Point><coordinates>-47.428310,-6.337073,0</coordinates></Point></Placemark>
<Placemark><name>1453771</name><styleUrl>#stPoste</styleUrl><Point><coordinates>-47.425479,-6.312888,0</coordinates></Point></Placemark>
<Placemark><name>1454068</name><styleUrl>#stPoste</styleUrl><Point><coordinates>-47.425120,-6.314438,0</coordinates></Point></Placemark>
<Placemark><name>1454683</name><styleUrl>#stPoste</styleUrl><Point><coordinates>-47.432382,-6.322383,0</coordinates></Point></Placemark>
<Placemark><name>1454688</name><styleUrl>#stPoste</styleUrl><Point><coordinates>-47.429931,-6.323197,0</coordinates></Point></Placemark>
<Placemark><name>1454973</name><styleUrl>#stPoste</styleUrl><Point><coordinates>-47.429133,-6.323391,0</coordinates></Point></Placemark>
<Placemark><name>1455073</name><styleUrl>#stPoste</styleUrl><Point><coordinates>-47.446462,-6.327073,0</coordinates></Point></Placemark>
<Placemark><name>1455314</name><styleUrl>#stPoste</styleUrl><Point><coordinates>-47.443389,-6.325052,0</coordinates></Point></Placemark>
<Placemark><name>1722562</name><styleUrl>#stPoste</styleUrl><Point><coordinates>-47.423619,-6.343349,0</coordinates></Point></Placemark>
<Placemark><name>1723188</name><styleUrl>#stPoste</styleUrl><Point><coordinates>-47.432753,-6.322347,0</coordinates></Point></Placemark>
<Placemark><name>21732107</name><styleUrl>#stPoste</styleUrl><Point><coordinates>-47.436669,-6.323255,0</coordinates></Point></Placemark>
<Placemark><name>56755093</name><styleUrl>#stPoste</styleUrl><Point><coordinates>-47.424484,-6.339215,0</coordinates></Point></Placemark>
<Placemark><name>56755099</name><styleUrl>#stPoste</styleUrl><Point><coordinates>-47.425173,-6.339045,0</coordinates></Point></Placemark>
<Placemark><name>91562</name><styleUrl>#stPoste</styleUrl><Point><coordinates>-47.436746,-6.323929,0</coordinates></Point></Placemark>
<Placemark><name>121486</name><styleUrl>#stPoste</styleUrl><Point><coordinates>-47.432821,-6.324834,0</coordinates></Point></Placemark>
<Placemark><name>306003</name><styleUrl>#stPoste</styleUrl><Point><coordinates>-47.428962,-6.335199,0</coordinates></Point></Placemark>
<Placemark><name>662583</name><styleUrl>#stPoste</styleUrl><Point><coordinates>-47.424687,-6.345440,0</coordinates></Point></Placemark>
<Placemark><name>664087</name><styleUrl>#stPoste</styleUrl><Point><coordinates>-47.423958,-6.346176,0</coordinates></Point></Placemark>
<Placemark><name>664792</name><styleUrl>#stPoste</styleUrl><Point><coordinates>-47.434955,-6.318676,0</coordinates></Point></Placemark>
<Placemark><name>732001</name><styleUrl>#stPoste</styleUrl><Point><coordinates>-47.428088,-6.337714,0</coordinates></Point></Placemark>
<Placemark><name>734664</name><styleUrl>#stPoste</styleUrl><Point><coordinates>-47.432101,-6.319213,0</coordinates></Point></Placemark>
<Placemark><name>735255</name><styleUrl>#stPoste</styleUrl><Point><coordinates>-47.433980,-6.317298,0</coordinates></Point></Placemark>
<Placemark><name>1384097</name><styleUrl>#stPoste</styleUrl><Point><coordinates>-47.424464,-6.347584,0</coordinates></Point></Placemark>
<Placemark><name>1453452</name><styleUrl>#stPoste</styleUrl><Point><coordinates>-47.428288,-6.307354,0</coordinates></Point></Placemark>
<Placemark><name>1455599</name><styleUrl>#stPoste</styleUrl><Point><coordinates>-47.439252,-6.323436,0</coordinates></Point></Placemark>
<Placemark><name>1460199</name><styleUrl>#stPoste</styleUrl><Point><coordinates>-47.441580,-6.324318,0</coordinates></Point></Placemark>
<Placemark><name>1478991</name><styleUrl>#stPoste</styleUrl><Point><coordinates>-47.426947,-6.322689,0</coordinates></Point></Placemark>
<Placemark><name>1722710</name><styleUrl>#stPoste</styleUrl><Point><coordinates>-47.423813,-6.339896,0</coordinates></Point></Placemark>
<Placemark><name>1740350</name><styleUrl>#stPoste</styleUrl><Point><coordinates>-47.439028,-6.323336,0</coordinates></Point></Placemark>
<Placemark><name>1740620</name><styleUrl>#stPoste</styleUrl><Point><coordinates>-47.431718,-6.326731,0</coordinates></Point></Placemark>
<Placemark><name>1887790</name><styleUrl>#stPoste</styleUrl><Point><coordinates>-47.429511,-6.333470,0</coordinates></Point></Placemark>
<Placemark><name>32930686</name><styleUrl>#stPoste</styleUrl><Point><coordinates>-47.426863,-6.323314,0</coordinates></Point></Placemark>
<Placemark><name>33722907</name><styleUrl>#stPoste</styleUrl><Point><coordinates>-47.425540,-6.340354,0</coordinates></Point></Placemark>
<Placemark><name>91560</name><styleUrl>#stPoste</styleUrl><Point><coordinates>-47.426602,-6.321741,0</coordinates></Point></Placemark>
<Placemark><name>106161</name><styleUrl>#stPoste</styleUrl><Point><coordinates>-47.427364,-6.340364,0</coordinates></Point></Placemark>
<Placemark><name>299125</name><styleUrl>#stPoste</styleUrl><Point><coordinates>-47.433120,-6.328313,0</coordinates></Point></Placemark>
<Placemark><name>662475</name><styleUrl>#stPoste</styleUrl><Point><coordinates>-47.429621,-6.333302,0</coordinates></Point></Placemark>
<Placemark><name>693273</name><styleUrl>#stPoste</styleUrl><Point><coordinates>-47.433429,-6.328411,0</coordinates></Point></Placemark>
<Placemark><name>731681</name><styleUrl>#stPoste</styleUrl><Point><coordinates>-47.429536,-6.335469,0</coordinates></Point></Placemark>
<Placemark><name>734101</name><styleUrl>#stPoste</styleUrl><Point><coordinates>-47.427772,-6.340005,0</coordinates></Point></Placemark>
<Placemark><name>734653</name><styleUrl>#stPoste</styleUrl><Point><coordinates>-47.431679,-6.321612,0</coordinates></Point></Placemark>
<Placemark><name>735254</name><styleUrl>#stPoste</styleUrl><Point><coordinates>-47.434863,-6.317107,0</coordinates></Point></Placemark>
<Placemark><name>1096132</name><styleUrl>#stPoste</styleUrl><Point><coordinates>-47.430711,-6.337611,0</coordinates></Point></Placemark>
<Placemark><name>1273553</name><styleUrl>#stPoste</styleUrl><Point><coordinates>-47.431639,-6.340075,0</coordinates></Point></Placemark>
<Placemark><name>1454384</name><styleUrl>#stPoste</styleUrl><Point><coordinates>-47.426334,-6.320735,0</coordinates></Point></Placemark>
<Placemark><name>1478990</name><styleUrl>#stPoste</styleUrl><Point><coordinates>-47.430452,-6.324430,0</coordinates></Point></Placemark>
<Placemark><name>22394104</name><styleUrl>#stPoste</styleUrl><Point><coordinates>-47.438598,-6.323296,0</coordinates></Point></Placemark>
<Placemark><name>32316676</name><styleUrl>#stPoste</styleUrl><Point><coordinates>-47.433886,-6.322591,0</coordinates></Point></Placemark>
<Placemark><name>56753923</name><styleUrl>#stPoste</styleUrl><Point><coordinates>-47.425327,-6.336929,0</coordinates></Point></Placemark>
<Placemark><name>663115</name><styleUrl>#stPoste</styleUrl><Point><coordinates>-47.428705,-6.307537,0</coordinates></Point></Placemark>
<Placemark><name>664383</name><styleUrl>#stPoste</styleUrl><Point><coordinates>-47.424061,-6.346512,0</coordinates></Point></Placemark>
<Placemark><name>734352</name><styleUrl>#stPoste</styleUrl><Point><coordinates>-47.433861,-6.318883,0</coordinates></Point></Placemark>
<Placemark><name>734931</name><styleUrl>#stPoste</styleUrl><Point><coordinates>-47.432208,-6.322935,0</coordinates></Point></Placemark>
<Placemark><name>735360</name><styleUrl>#stPoste</styleUrl><Point><coordinates>-47.429514,-6.340275,0</coordinates></Point></Placemark>
<Placemark><name>1454391</name><styleUrl>#stPoste</styleUrl><Point><coordinates>-47.425862,-6.318684,0</coordinates></Point></Placemark>
<Placemark><name>1454392</name><styleUrl>#stPoste</styleUrl><Point><coordinates>-47.426193,-6.320088,0</coordinates></Point></Placemark>
<Placemark><name>1454968</name><styleUrl>#stPoste</styleUrl><Point><coordinates>-47.433597,-6.321927,0</coordinates></Point></Placemark>
<Placemark><name>1454972</name><styleUrl>#stPoste</styleUrl><Point><coordinates>-47.427112,-6.323858,0</coordinates></Point></Placemark>
<Placemark><name>1455594</name><styleUrl>#stPoste</styleUrl><Point><coordinates>-47.441023,-6.324091,0</coordinates></Point></Placemark>
<Placemark><name>1455600</name><styleUrl>#stPoste</styleUrl><Point><coordinates>-47.441341,-6.324219,0</coordinates></Point></Placemark>
<Placemark><name>1455606</name><styleUrl>#stPoste</styleUrl><Point><coordinates>-47.442156,-6.324551,0</coordinates></Point></Placemark>
<Placemark><name>1478992</name><styleUrl>#stPoste</styleUrl><Point><coordinates>-47.427599,-6.322545,0</coordinates></Point></Placemark>
<Placemark><name>1479258</name><styleUrl>#stPoste</styleUrl><Point><coordinates>-47.428051,-6.338931,0</coordinates></Point></Placemark>
<Placemark><name>1722793</name><styleUrl>#stPoste</styleUrl><Point><coordinates>-47.423669,-6.338472,0</coordinates></Point></Placemark>
<Placemark><name>1731945</name><styleUrl>#stPoste</styleUrl><Point><coordinates>-47.434292,-6.318265,0</coordinates></Point></Placemark>
<Placemark><name>1880198</name><styleUrl>#stPoste</styleUrl><Point><coordinates>-47.436585,-6.323633,0</coordinates></Point></Placemark>
<Placemark><name>32930739</name><styleUrl>#stPoste</styleUrl><Point><coordinates>-47.426402,-6.321149,0</coordinates></Point></Placemark>
<Placemark><name>37340783</name><styleUrl>#stPoste</styleUrl><Point><coordinates>-47.432569,-6.326575,0</coordinates></Point></Placemark>
<Placemark><name>38564459</name><styleUrl>#stPoste</styleUrl><Point><coordinates>-47.433975,-6.324158,0</coordinates></Point></Placemark>
<Placemark><name>48947306</name><styleUrl>#stPoste</styleUrl><Point><coordinates>-47.430378,-6.339322,0</coordinates></Point></Placemark>
<Placemark><name>49901328</name><styleUrl>#stPoste</styleUrl><Point><coordinates>-47.425642,-6.349503,0</coordinates></Point></Placemark>
<Placemark><name>56753911</name><styleUrl>#stPoste</styleUrl><Point><coordinates>-47.424258,-6.337190,0</coordinates></Point></Placemark>
<Placemark><name>56755114</name><styleUrl>#stPoste</styleUrl><Point><coordinates>-47.427247,-6.338549,0</coordinates></Point></Placemark>
<Placemark><name>91568</name><styleUrl>#stPoste</styleUrl><Point><coordinates>-47.428129,-6.322297,0</coordinates></Point></Placemark>
<Placemark><name>665523</name><styleUrl>#stPoste</styleUrl><Point><coordinates>-47.427571,-6.340193,0</coordinates></Point></Placemark>
<Placemark><name>691586</name><styleUrl>#stPoste</styleUrl><Point><coordinates>-47.430726,-6.325150,0</coordinates></Point></Placemark>
<Placemark><name>734351</name><styleUrl>#stPoste</styleUrl><Point><coordinates>-47.434158,-6.318823,0</coordinates></Point></Placemark>
<Placemark><name>734355</name><styleUrl>#stPoste</styleUrl><Point><coordinates>-47.432992,-6.319048,0</coordinates></Point></Placemark>
<Placemark><name>836482</name><styleUrl>#stPoste</styleUrl><Point><coordinates>-47.432455,-6.323552,0</coordinates></Point></Placemark>
<Placemark><name>1273555</name><styleUrl>#stPoste</styleUrl><Point><coordinates>-47.431382,-6.340043,0</coordinates></Point></Placemark>
<Placemark><name>1453758</name><styleUrl>#stPoste</styleUrl><Point><coordinates>-47.425959,-6.311430,0</coordinates></Point></Placemark>
<Placemark><name>1453769</name><styleUrl>#stPoste</styleUrl><Point><coordinates>-47.426870,-6.308711,0</coordinates></Point></Placemark>
<Placemark><name>1454682</name><styleUrl>#stPoste</styleUrl><Point><coordinates>-47.431169,-6.322892,0</coordinates></Point></Placemark>
<Placemark><name>1460198</name><styleUrl>#stPoste</styleUrl><Point><coordinates>-47.439502,-6.323497,0</coordinates></Point></Placemark>
<Placemark><name>1722840</name><styleUrl>#stPoste</styleUrl><Point><coordinates>-47.434593,-6.319879,0</coordinates></Point></Placemark>
<Placemark><name>1722895</name><styleUrl>#stPoste</styleUrl><Point><coordinates>-47.428974,-6.323548,0</coordinates></Point></Placemark>
<Placemark><name>1732482</name><styleUrl>#stPoste</styleUrl><Point><coordinates>-47.428414,-6.337754,0</coordinates></Point></Placemark>
<Placemark><name>1739138</name><styleUrl>#stPoste</styleUrl><Point><coordinates>-47.432842,-6.318956,0</coordinates></Point></Placemark>
<Placemark><name>37284877</name><styleUrl>#stPoste</styleUrl><Point><coordinates>-47.430650,-6.339360,0</coordinates></Point></Placemark>
<Placemark><name>121471</name><styleUrl>#stPoste</styleUrl><Point><coordinates>-47.427633,-6.339860,0</coordinates></Point></Placemark>
<Placemark><name>306841</name><styleUrl>#stPoste</styleUrl><Point><coordinates>-47.429585,-6.343459,0</coordinates></Point></Placemark>
<Placemark><name>662474</name><styleUrl>#stPoste</styleUrl><Point><coordinates>-47.429780,-6.332845,0</coordinates></Point></Placemark>
<Placemark><name>731998</name><styleUrl>#stPoste</styleUrl><Point><coordinates>-47.431733,-6.336430,0</coordinates></Point></Placemark>
<Placemark><name>734099</name><styleUrl>#stPoste</styleUrl><Point><coordinates>-47.427694,-6.340383,0</coordinates></Point></Placemark>
<Placemark><name>734652</name><styleUrl>#stPoste</styleUrl><Point><coordinates>-47.431808,-6.321931,0</coordinates></Point></Placemark>
<Placemark><name>735682</name><styleUrl>#stPoste</styleUrl><Point><coordinates>-47.430421,-6.340139,0</coordinates></Point></Placemark>
<Placemark><name>835144</name><styleUrl>#stPoste</styleUrl><Point><coordinates>-47.434473,-6.319519,0</coordinates></Point></Placemark>
<Placemark><name>1066379</name><styleUrl>#stPoste</styleUrl><Point><coordinates>-47.424975,-6.345920,0</coordinates></Point></Placemark>
<Placemark><name>1098715</name><styleUrl>#stPoste</styleUrl><Point><coordinates>-47.427805,-6.339590,0</coordinates></Point></Placemark>
<Placemark><name>1384096</name><styleUrl>#stPoste</styleUrl><Point><coordinates>-47.434326,-6.317204,0</coordinates></Point></Placemark>
<Placemark><name>1722104</name><styleUrl>#stPoste</styleUrl><Point><coordinates>-47.429796,-6.332517,0</coordinates></Point></Placemark>
<Placemark><name>1740347</name><styleUrl>#stPoste</styleUrl><Point><coordinates>-47.436482,-6.323662,0</coordinates></Point></Placemark>
<Placemark><name>56755090</name><styleUrl>#stPoste</styleUrl><Point><coordinates>-47.424133,-6.339300,0</coordinates></Point></Placemark>
<Placemark><name>91575</name><styleUrl>#stPoste</styleUrl><Point><coordinates>-47.424277,-6.340592,0</coordinates></Point></Placemark>
<Placemark><name>175799</name><styleUrl>#stPoste</styleUrl><Point><coordinates>-47.446363,-6.327054,0</coordinates></Point></Placemark>
<Placemark><name>665108</name><styleUrl>#stPoste</styleUrl><Point><coordinates>-47.430075,-6.331995,0</coordinates></Point></Placemark>
<Placemark><name>665247</name><styleUrl>#stPoste</styleUrl><Point><coordinates>-47.424366,-6.347296,0</coordinates></Point></Placemark>
<Placemark><name>731709</name><styleUrl>#stPoste</styleUrl><Point><coordinates>-47.423594,-6.337862,0</coordinates></Point></Placemark>
<Placemark><name>732027</name><styleUrl>#stPoste</styleUrl><Point><coordinates>-47.428446,-6.336682,0</coordinates></Point></Placemark>
<Placemark><name>732028</name><styleUrl>#stPoste</styleUrl><Point><coordinates>-47.428536,-6.336405,0</coordinates></Point></Placemark>
<Placemark><name>734357</name><styleUrl>#stPoste</styleUrl><Point><coordinates>-47.432417,-6.319156,0</coordinates></Point></Placemark>
<Placemark><name>735233</name><styleUrl>#stPoste</styleUrl><Point><coordinates>-47.434594,-6.320062,0</coordinates></Point></Placemark>
<Placemark><name>735236</name><styleUrl>#stPoste</styleUrl><Point><coordinates>-47.432190,-6.323234,0</coordinates></Point></Placemark>
<Placemark><name>735674</name><styleUrl>#stPoste</styleUrl><Point><coordinates>-47.430745,-6.337265,0</coordinates></Point></Placemark>
<Placemark><name>836353</name><styleUrl>#stPoste</styleUrl><Point><coordinates>-47.434880,-6.321308,0</coordinates></Point></Placemark>
<Placemark><name>836355</name><styleUrl>#stPoste</styleUrl><Point><coordinates>-47.435023,-6.321996,0</coordinates></Point></Placemark>
<Placemark><name>838770</name><styleUrl>#stPoste</styleUrl><Point><coordinates>-47.432183,-6.324391,0</coordinates></Point></Placemark>
<Placemark><name>1453763</name><styleUrl>#stPoste</styleUrl><Point><coordinates>-47.427490,-6.307364,0</coordinates></Point></Placemark>
<Placemark><name>1454067</name><styleUrl>#stPoste</styleUrl><Point><coordinates>-47.425638,-6.312531,0</coordinates></Point></Placemark>
<Placemark><name>1454078</name><styleUrl>#stPoste</styleUrl><Point><coordinates>-47.426639,-6.322264,0</coordinates></Point></Placemark>
<Placemark><name>1454667</name><styleUrl>#stPoste</styleUrl><Point><coordinates>-47.431406,-6.322794,0</coordinates></Point></Placemark>
<Placemark><name>1454962</name><styleUrl>#stPoste</styleUrl><Point><coordinates>-47.434013,-6.323236,0</coordinates></Point></Placemark>
<Placemark><name>1478982</name><styleUrl>#stPoste</styleUrl><Point><coordinates>-47.433419,-6.322730,0</coordinates></Point></Placemark>
<Placemark><name>1739626</name><styleUrl>#stPoste</styleUrl><Point><coordinates>-47.433665,-6.321909,0</coordinates></Point></Placemark>
<Placemark><name>37340897</name><styleUrl>#stPoste</styleUrl><Point><coordinates>-47.431767,-6.326963,0</coordinates></Point></Placemark>
<Placemark><name>49901241</name><styleUrl>#stPoste</styleUrl><Point><coordinates>-47.424754,-6.348660,0</coordinates></Point></Placemark>
<Placemark><name>54516881</name><styleUrl>#stPoste</styleUrl><Point><coordinates>-47.438249,-6.323289,0</coordinates></Point></Placemark>
<Placemark><name>56755784</name><styleUrl>#stPoste</styleUrl><Point><coordinates>-47.426741,-6.338002,0</coordinates></Point></Placemark>
<Placemark><name>306842</name><styleUrl>#stPoste</styleUrl><Point><coordinates>-47.429124,-6.343203,0</coordinates></Point></Placemark>
<Placemark><name>662580</name><styleUrl>#stPoste</styleUrl><Point><coordinates>-47.424502,-6.344068,0</coordinates></Point></Placemark>
<Placemark><name>662743</name><styleUrl>#stPoste</styleUrl><Point><coordinates>-47.431443,-6.327748,0</coordinates></Point></Placemark>
<Placemark><name>664080</name><styleUrl>#stPoste</styleUrl><Point><coordinates>-47.428243,-6.342268,0</coordinates></Point></Placemark>
<Placemark><name>732265</name><styleUrl>#stPoste</styleUrl><Point><coordinates>-47.430475,-6.340461,0</coordinates></Point></Placemark>
<Placemark><name>735826</name><styleUrl>#stPoste</styleUrl><Point><coordinates>-47.430655,-6.330328,0</coordinates></Point></Placemark>
<Placemark><name>836354</name><styleUrl>#stPoste</styleUrl><Point><coordinates>-47.434958,-6.321665,0</coordinates></Point></Placemark>
<Placemark><name>1068924</name><styleUrl>#stPoste</styleUrl><Point><coordinates>-47.434550,-6.323813,0</coordinates></Point></Placemark>
<Placemark><name>1453757</name><styleUrl>#stPoste</styleUrl><Point><coordinates>-47.426768,-6.309061,0</coordinates></Point></Placemark>
<Placemark><name>1453770</name><styleUrl>#stPoste</styleUrl><Point><coordinates>-47.426097,-6.311095,0</coordinates></Point></Placemark>
<Placemark><name>1454686</name><styleUrl>#stPoste</styleUrl><Point><coordinates>-47.426930,-6.323626,0</coordinates></Point></Placemark>
<Placemark><name>1455110</name><styleUrl>#stPoste</styleUrl><Point><coordinates>-47.434712,-6.318716,0</coordinates></Point></Placemark>
<Placemark><name>1455593</name><styleUrl>#stPoste</styleUrl><Point><coordinates>-47.438989,-6.323396,0</coordinates></Point></Placemark>
<Placemark><name>1455597</name><styleUrl>#stPoste</styleUrl><Point><coordinates>-47.439293,-6.323220,0</coordinates></Point></Placemark>
<Placemark><name>1455611</name><styleUrl>#stPoste</styleUrl><Point><coordinates>-47.440705,-6.323959,0</coordinates></Point></Placemark>
<Placemark><name>1455613</name><styleUrl>#stPoste</styleUrl><Point><coordinates>-47.445330,-6.325840,0</coordinates></Point></Placemark>
<Placemark><name>1478979</name><styleUrl>#stPoste</styleUrl><Point><coordinates>-47.435594,-6.322233,0</coordinates></Point></Placemark>
<Placemark><name>1723265</name><styleUrl>#stPoste</styleUrl><Point><coordinates>-47.423368,-6.340781,0</coordinates></Point></Placemark>
<Placemark><name>22394079</name><styleUrl>#stPoste</styleUrl><Point><coordinates>-47.438597,-6.323644,0</coordinates></Point></Placemark>
<Placemark><name>22394083</name><styleUrl>#stPoste</styleUrl><Point><coordinates>-47.438567,-6.324744,0</coordinates></Point></Placemark>
<Placemark><name>32767933</name><styleUrl>#stPoste</styleUrl><Point><coordinates>-47.427092,-6.343776,0</coordinates></Point></Placemark>
<Placemark><name>56755472</name><styleUrl>#stPoste</styleUrl><Point><coordinates>-47.426922,-6.338060,0</coordinates></Point></Placemark>
<Placemark><name>91574</name><styleUrl>#stPoste</styleUrl><Point><coordinates>-47.425952,-6.340393,0</coordinates></Point></Placemark>
<Placemark><name>663045</name><styleUrl>#stPoste</styleUrl><Point><coordinates>-47.431131,-6.326303,0</coordinates></Point></Placemark>
<Placemark><name>665368</name><styleUrl>#stPoste</styleUrl><Point><coordinates>-47.431313,-6.326819,0</coordinates></Point></Placemark>
<Placemark><name>692448</name><styleUrl>#stPoste</styleUrl><Point><coordinates>-47.434157,-6.323895,0</coordinates></Point></Placemark>
<Placemark><name>693275</name><styleUrl>#stPoste</styleUrl><Point><coordinates>-47.432822,-6.328219,0</coordinates></Point></Placemark>
<Placemark><name>732019</name><styleUrl>#stPoste</styleUrl><Point><coordinates>-47.428326,-6.337692,0</coordinates></Point></Placemark>
<Placemark><name>732030</name><styleUrl>#stPoste</styleUrl><Point><coordinates>-47.428776,-6.335735,0</coordinates></Point></Placemark>
<Placemark><name>733481</name><styleUrl>#stPoste</styleUrl><Point><coordinates>-47.426871,-6.345155,0</coordinates></Point></Placemark>
<Placemark><name>835755</name><styleUrl>#stPoste</styleUrl><Point><coordinates>-47.434221,-6.318386,0</coordinates></Point></Placemark>
<Placemark><name>1454395</name><styleUrl>#stPoste</styleUrl><Point><coordinates>-47.426053,-6.319442,0</coordinates></Point></Placemark>
<Placemark><name>1455311</name><styleUrl>#stPoste</styleUrl><Point><coordinates>-47.437742,-6.323450,0</coordinates></Point></Placemark>
<Placemark><name>1478988</name><styleUrl>#stPoste</styleUrl><Point><coordinates>-47.432644,-6.324240,0</coordinates></Point></Placemark>
<Placemark><name>1722899</name><styleUrl>#stPoste</styleUrl><Point><coordinates>-47.429432,-6.324675,0</coordinates></Point></Placemark>
<Placemark><name>1731638</name><styleUrl>#stPoste</styleUrl><Point><coordinates>-47.424094,-6.342249,0</coordinates></Point></Placemark>
<Placemark><name>1827576</name><styleUrl>#stPoste</styleUrl><Point><coordinates>-47.430723,-6.336902,0</coordinates></Point></Placemark>
<Placemark><name>1894254</name><styleUrl>#stPoste</styleUrl><Point><coordinates>-47.427555,-6.323088,0</coordinates></Point></Placemark>
<Placemark><name>62460534</name><styleUrl>#stPoste</styleUrl><Point><coordinates>-47.439429,-6.323425,0</coordinates></Point></Placemark>
<Placemark><name>121473</name><styleUrl>#stPoste</styleUrl><Point><coordinates>-47.427281,-6.342905,0</coordinates></Point></Placemark>
<Placemark><name>121823</name><styleUrl>#stPoste</styleUrl><Point><coordinates>-47.435545,-6.317112,0</coordinates></Point></Placemark>
<Placemark><name>308979</name><styleUrl>#stPoste</styleUrl><Point><coordinates>-47.427475,-6.341842,0</coordinates></Point></Placemark>
<Placemark><name>1455616</name><styleUrl>#stPoste</styleUrl><Point><coordinates>-47.429144,-6.307429,0</coordinates></Point></Placemark>
<Placemark><name>733829</name><styleUrl>#stPoste</styleUrl><Point><coordinates>-47.428900,-6.307505,0</coordinates></Point></Placemark>
<Placemark><name>838112</name><styleUrl>#stPoste</styleUrl><Point><coordinates>-47.429924,-6.307113,0</coordinates></Point></Placemark>
<Placemark><name>838372</name><styleUrl>#stPoste</styleUrl><Point><coordinates>-47.431622,-6.308897,0</coordinates></Point></Placemark>
<Placemark><name>733828</name><styleUrl>#stPoste</styleUrl><Point><coordinates>-47.429367,-6.307303,0</coordinates></Point></Placemark>
<Placemark><name>838371</name><styleUrl>#stPoste</styleUrl><Point><coordinates>-47.431030,-6.308624,0</coordinates></Point></Placemark>
<Placemark><name>294319</name><styleUrl>#stPoste</styleUrl><Point><coordinates>-47.431559,-6.308253,0</coordinates></Point></Placemark>
<Placemark><name>663725</name><styleUrl>#stPoste</styleUrl><Point><coordinates>-47.429385,-6.307338,0</coordinates></Point></Placemark>
<Placemark><name>838114</name><styleUrl>#stPoste</styleUrl><Point><coordinates>-47.430596,-6.308042,0</coordinates></Point></Placemark>
<Placemark><name>1460627</name><styleUrl>#stPoste</styleUrl><Point><coordinates>-47.430608,-6.308007,0</coordinates></Point></Placemark>
<Placemark><name>838113</name><styleUrl>#stPoste</styleUrl><Point><coordinates>-47.429941,-6.307075,0</coordinates></Point></Placemark>
</Folder></Folder></Document></kml>
