<?xml version='1.0' encoding='UTF-8'?>
<kml xmlns="http://www.opengis.net/kml/2.2"><Document><open>1</open><Style id="styleDaimonCorVerde0"><IconStyle><scale>0.60</scale><Icon><href>http://maps.google.com/mapfiles/kml/paddle/wht-circle.png</href></Icon><hotSpot x="32" y="1" xunits="pixels" yunits="pixels" /></IconStyle><LabelStyle><color>ff00ff00</color><colorMode>normal</colorMode><scale>0.60</scale></LabelStyle><ListStyle><ItemIcon><href>http://maps.google.com/mapfiles/kml/paddle/wht-circle.png</href></ItemIcon></ListStyle></Style>
<Style id="styleDaimonCorVerde1"><IconStyle><scale>0.60</scale><Icon><href>http://maps.google.com/mapfiles/kml/paddle/wht-circle.png</href></Icon><hotSpot x="32" y="1" xunits="pixels" yunits="pixels" /></IconStyle><LabelStyle><color>ff00ff00</color><colorMode>normal</colorMode><scale>0.60</scale></LabelStyle><ListStyle><ItemIcon><href>http://maps.google.com/mapfiles/kml/paddle/wht-circle.png</href></ItemIcon></ListStyle></Style>
<StyleMap id="mapDaimonCorVerde"><Pair><key>normal</key><styleUrl>#styleDaimonCorVerde0</styleUrl></Pair><Pair><key>highlight</key><styleUrl>#styleDaimonCorVerde1</styleUrl></Pair></StyleMap>
<Style id="styleDaimonCorAzul0"><IconStyle><scale>0.60</scale><Icon><href>http://maps.google.com/mapfiles/kml/paddle/wht-circle.png</href></Icon><hotSpot x="32" y="1" xunits="pixels" yunits="pixels" /></IconStyle><LabelStyle><color>ffff0000</color><colorMode>normal</colorMode><scale>0.60</scale></LabelStyle><ListStyle><ItemIcon><href>http://maps.google.com/mapfiles/kml/paddle/wht-circle.png</href></ItemIcon></ListStyle></Style>
<Style id="styleDaimonCorAzul1"><IconStyle><scale>0.60</scale><Icon><href>http://maps.google.com/mapfiles/kml/paddle/wht-circle.png</href></Icon><hotSpot x="32" y="1" xunits="pixels" yunits="pixels" /></IconStyle><LabelStyle><color>ffff0000</color><colorMode>normal</colorMode><scale>0.60</scale></LabelStyle><ListStyle><ItemIcon><href>http://maps.google.com/mapfiles/kml/paddle/wht-circle.png</href></ItemIcon></ListStyle></Style>
<StyleMap id="mapDaimonCorAzul"><Pair><key>normal</key><styleUrl>#styleDaimonCorAzul0</styleUrl></Pair><Pair><key>highlight</key><styleUrl>#styleDaimonCorAzul1</styleUrl></Pair></StyleMap>
<Style id="styleDaimonCorAmarelo0"><IconStyle><scale>0.60</scale><Icon><href>http://maps.google.com/mapfiles/kml/paddle/wht-circle.png</href></Icon><hotSpot x="32" y="1" xunits="pixels" yunits="pixels" /></IconStyle><LabelStyle><color>ff00ffff</color><colorMode>normal</colorMode><scale>0.60</scale></LabelStyle><ListStyle><ItemIcon><href>http://maps.google.com/mapfiles/kml/paddle/wht-circle.png</href></ItemIcon></ListStyle></Style>
<Style id="styleDaimonCorAmarelo1"><IconStyle><scale>0.60</scale><Icon><href>http://maps.google.com/mapfiles/kml/paddle/wht-circle.png</href></Icon><hotSpot x="32" y="1" xunits="pixels" yunits="pixels" /></IconStyle><LabelStyle><color>ff00ffff</color><colorMode>normal</colorMode><scale>0.60</scale></LabelStyle><ListStyle><ItemIcon><href>http://maps.google.com/mapfiles/kml/paddle/wht-circle.png</href></ItemIcon></ListStyle></Style>
<StyleMap id="mapDaimonCorAmarelo"><Pair><key>normal</key><styleUrl>#styleDaimonCorAmarelo0</styleUrl></Pair><Pair><key>highlight</key><styleUrl>#styleDaimonCorAmarelo1</styleUrl></Pair></StyleMap>
<Style id="styleDaimonCorBranco0"><IconStyle><scale>0.60</scale><Icon><href>http://maps.google.com/mapfiles/kml/paddle/wht-circle.png</href></Icon><hotSpot x="32" y="1" xunits="pixels" yunits="pixels" /></IconStyle><LabelStyle><color>ffffffff</color><colorMode>normal</colorMode><scale>0.60</scale></LabelStyle><ListStyle><ItemIcon><href>http://maps.google.com/mapfiles/kml/paddle/wht-circle.png</href></ItemIcon></ListStyle></Style>
<Style id="styleDaimonCorBranco1"><IconStyle><scale>0.60</scale><Icon><href>http://maps.google.com/mapfiles/kml/paddle/wht-circle.png</href></Icon><hotSpot x="32" y="1" xunits="pixels" yunits="pixels" /></IconStyle><LabelStyle><color>ffffffff</color><colorMode>normal</colorMode><scale>0.60</scale></LabelStyle><ListStyle><ItemIcon><href>http://maps.google.com/mapfiles/kml/paddle/wht-circle.png</href></ItemIcon></ListStyle></Style>
<StyleMap id="mapDaimonCorBranco"><Pair><key>normal</key><styleUrl>#styleDaimonCorBranco0</styleUrl></Pair><Pair><key>highlight</key><styleUrl>#styleDaimonCorBranco1</styleUrl></Pair></StyleMap>
<Style id="styleDaimonSE0"><IconStyle><scale>1.20</scale><Icon><href>http://maps.google.com/mapfiles/kml/paddle/wht-circle.png</href></Icon><hotSpot x="32" y="1" xunits="pixels" yunits="pixels" /></IconStyle><LabelStyle><color>ffffffff</color><colorMode>normal</colorMode><scale>1.20</scale></LabelStyle><ListStyle><ItemIcon><href>http://maps.google.com/mapfiles/kml/paddle/wht-circle.png</href></ItemIcon></ListStyle></Style>
<Style id="styleDaimonSE1"><IconStyle><scale>1.20</scale><Icon><href>http://maps.google.com/mapfiles/kml/paddle/wht-circle.png</href></Icon><hotSpot x="32" y="1" xunits="pixels" yunits="pixels" /></IconStyle><LabelStyle><color>ffffffff</color><colorMode>normal</colorMode><scale>1.20</scale></LabelStyle><ListStyle><ItemIcon><href>http://maps.google.com/mapfiles/kml/paddle/wht-circle.png</href></ItemIcon></ListStyle></Style>
<Style id="styleDaimonLinkSE-2PIU_Circ-AL01068014"><ListStyle><bgColor>ffc080ff</bgColor></ListStyle></Style>
<Style id="styleDaimonLinkSE-2PKN_Circ-AL01073034"><ListStyle><bgColor>ffffff80</bgColor></ListStyle></Style>
<Style id="styleDaimonLinkSE-2PLM_Circ-AL01061029"><ListStyle><bgColor>ffff8000</bgColor></ListStyle></Style>
<Style id="styleDaimonLinkSE-2PNA_Circ-AL01072001"><ListStyle><bgColor>ff808040</bgColor></ListStyle></Style>
<Style id="styleDaimonLinkSE-2PNA_Circ-AL02072001"><ListStyle><bgColor>ff8000ff</bgColor></ListStyle></Style>
<Style id="styleDaimonLinkSE-2PNA_Circ-AL05072001"><ListStyle><bgColor>ff808040</bgColor></ListStyle></Style>
<Style id="styleDaimonLinkSE-2PNA_Circ-AL04072001"><ListStyle><bgColor>ffc080ff</bgColor></ListStyle></Style>
<Style id="styleDaimonLinkSE-2PNA_Circ-AL06072001"><ListStyle><bgColor>ffffff80</bgColor></ListStyle></Style>
<Style id="styleDaimonLinkSE-2PNA_Circ-LD01072001"><ListStyle><bgColor>ffff8000</bgColor></ListStyle></Style>
<Style id="styleDaimonLinkSE-2PNA_Circ-AL03072001"><ListStyle><bgColor>ff40ff00</bgColor></ListStyle></Style>
<Style id="styleDaimonLinkSE-2PNA_Circ-LD03072001"><ListStyle><bgColor>ff008080</bgColor></ListStyle></Style>
<Style id="styleDaimonLinkSE-2PNA_Circ-LD02072001"><ListStyle><bgColor>ff80ffff</bgColor></ListStyle></Style>
<Style id="styleDaimonLinkSE-2PR0_Circ-AL02062013"><ListStyle><bgColor>ff008080</bgColor></ListStyle></Style>
<Style id="styleDaimonLinkSE-2PR0_Circ-AL01062013"><ListStyle><bgColor>ff40ff00</bgColor></ListStyle></Style>
<Style id="styleDaimonLinkSE-2PR0_Circ-AL04062013"><ListStyle><bgColor>ff0080ff</bgColor></ListStyle></Style>
<Style id="styleDaimonLinkSE-2PR0_Circ-AL05062013"><ListStyle><bgColor>ff80ffff</bgColor></ListStyle></Style>
<Style id="styleDaimonLinkSE-2PR0_Circ-LD01062013"><ListStyle><bgColor>ff8000ff</bgColor></ListStyle></Style>
<Style id="styleDaimonLinkSE-2PR0_Circ-AL03062013"><ListStyle><bgColor>ffff8000</bgColor></ListStyle></Style>
<Style id="styleDaimonLinkSE-2PR0_Circ-LD02062013"><ListStyle><bgColor>ffc080ff</bgColor></ListStyle></Style>
<Style id="styleDaimonLinkSE-2PR0_Circ-LD05062013"><ListStyle><bgColor>ff8000ff</bgColor></ListStyle></Style>
<Style id="styleDaimonLinkSE-2PR0_Circ-LD03062013"><ListStyle><bgColor>ffffff80</bgColor></ListStyle></Style>
<Style id="styleDaimonLinkSE-2PR0_Circ-LD04062013"><ListStyle><bgColor>ffff80ff</bgColor></ListStyle></Style>
<Folder><name>SE_2PR0</name><Placemark><name>2PR0</name><description>SE PARAISO I</description><LookAt><longitude>-48.897165</longitude><latitude>-10.180351</latitude><altitude>1200.0</altitude><altitudeMode>absolute</altitudeMode></LookAt><styleUrl>#mapDaimonSE</styleUrl><Point><coordinates>-48.897165,-10.180351,0</coordinates></Point></Placemark>
</Folder><Style id="styleDaimonCIRCUITO254TRECHO"><LineStyle><color>ff40ff00</color><width>2.00</width></LineStyle></Style>
<Folder>
<name>Circ_AL01062013</name>
<Folder>
<name>Chave</name>
<Placemark><name>DJ_AL01062013_FICT</name><visibility>0</visibility><LookAt><longitude>-48.897275</longitude><latitude>-10.180248</latitude><altitude>1200.0</altitude><altitudeMode>absolute</altitudeMode></LookAt><styleUrl>#mapDaimonCorBranco</styleUrl><Point><coordinates>-48.897275,-10.180248,0</coordinates></Point></Placemark>
<Placemark><name>8800001013</name><visibility>0</visibility><LookAt><longitude>-48.897122</longitude><latitude>-10.179976</latitude><altitude>1200.0</altitude><altitudeMode>absolute</altitudeMode></LookAt><styleUrl>#mapDaimonCorAzul</styleUrl><Point><coordinates>-48.897122,-10.179976,0</coordinates></Point></Placemark>
<Placemark><name>8802191013</name><visibility>0</visibility><LookAt><longitude>-48.897318</longitude><latitude>-10.179630</latitude><altitude>1200.0</altitude><altitudeMode>absolute</altitudeMode></LookAt><styleUrl>#mapDaimonCorAzul</styleUrl><Point><coordinates>-48.897318,-10.179630,0</coordinates></Point></Placemark>
<Placemark><name>8856350013</name><visibility>0</visibility><LookAt><longitude>-48.893617</longitude><latitude>-10.176709</latitude><altitude>1200.0</altitude><altitudeMode>absolute</altitudeMode></LookAt><styleUrl>#mapDaimonCorAzul</styleUrl><Point><coordinates>-48.893617,-10.176709,0</coordinates></Point></Placemark>
<Placemark><name>8855938013</name><visibility>0</visibility><LookAt><longitude>-48.893171</longitude><latitude>-10.176222</latitude><altitude>1200.0</altitude><altitudeMode>absolute</altitudeMode></LookAt><styleUrl>#mapDaimonCorAzul</styleUrl><Point><coordinates>-48.893171,-10.176222,0</coordinates></Point></Placemark>
<Placemark><name>8831540013</name><visibility>0</visibility><LookAt><longitude>-48.895631</longitude><latitude>-10.173795</latitude><altitude>1200.0</altitude><altitudeMode>absolute</altitudeMode></LookAt><styleUrl>#mapDaimonCorAzul</styleUrl><Point><coordinates>-48.895631,-10.173795,0</coordinates></Point></Placemark>
<Placemark><name>8841998013</name><visibility>0</visibility><LookAt><longitude>-48.894639</longitude><latitude>-10.172367</latitude><altitude>1200.0</altitude><altitudeMode>absolute</altitudeMode></LookAt><styleUrl>#mapDaimonCorAzul</styleUrl><Point><coordinates>-48.894639,-10.172367,0</coordinates></Point></Placemark>
<Placemark><name>8800859013</name><visibility>0</visibility><LookAt><longitude>-48.893268</longitude><latitude>-10.171302</latitude><altitude>1200.0</altitude><altitudeMode>absolute</altitudeMode></LookAt><styleUrl>#mapDaimonCorAzul</styleUrl><Point><coordinates>-48.893268,-10.171302,0</coordinates></Point></Placemark>
<Placemark><name>7900117013</name><visibility>0</visibility><LookAt><longitude>-48.889113</longitude><latitude>-10.166404</latitude><altitude>1200.0</altitude><altitudeMode>absolute</altitudeMode></LookAt><styleUrl>#mapDaimonCorVerde</styleUrl><Point><coordinates>-48.889113,-10.166404,0</coordinates></Point></Placemark>
<Placemark><name>8800120013</name><visibility>0</visibility><LookAt><longitude>-48.888985</longitude><latitude>-10.165855</latitude><altitude>1200.0</altitude><altitudeMode>absolute</altitudeMode></LookAt><styleUrl>#mapDaimonCorAzul</styleUrl><Point><coordinates>-48.888985,-10.165855,0</coordinates></Point></Placemark>
<Placemark><name>8854540013</name><visibility>0</visibility><LookAt><longitude>-48.886681</longitude><latitude>-10.159500</latitude><altitude>1200.0</altitude><altitudeMode>absolute</altitudeMode></LookAt><styleUrl>#mapDaimonCorAzul</styleUrl><Point><coordinates>-48.886681,-10.159500,0</coordinates></Point></Placemark>
<Placemark><name>8855401013</name><visibility>0</visibility><LookAt><longitude>-48.887706</longitude><latitude>-10.161835</latitude><altitude>1200.0</altitude><altitudeMode>absolute</altitudeMode></LookAt><styleUrl>#mapDaimonCorAzul</styleUrl><Point><coordinates>-48.887706,-10.161835,0</coordinates></Point></Placemark>
<Placemark><name>8855387013</name><visibility>0</visibility><LookAt><longitude>-48.885028</longitude><latitude>-10.156124</latitude><altitude>1200.0</altitude><altitudeMode>absolute</altitudeMode></LookAt><styleUrl>#mapDaimonCorAzul</styleUrl><Point><coordinates>-48.885028,-10.156124,0</coordinates></Point></Placemark>
<Placemark><name>8802288013</name><visibility>0</visibility><LookAt><longitude>-48.886882</longitude><latitude>-10.159755</latitude><altitude>1200.0</altitude><altitudeMode>absolute</altitudeMode></LookAt><styleUrl>#mapDaimonCorAzul</styleUrl><Point><coordinates>-48.886882,-10.159755,0</coordinates></Point></Placemark>
<Placemark><name>8835680013</name><visibility>0</visibility><LookAt><longitude>-48.883549</longitude><latitude>-10.155516</latitude><altitude>1200.0</altitude><altitudeMode>absolute</altitudeMode></LookAt><styleUrl>#mapDaimonCorAzul</styleUrl><Point><coordinates>-48.883549,-10.155516,0</coordinates></Point></Placemark>
<Placemark><name>8855408013</name><visibility>0</visibility><LookAt><longitude>-48.883315</longitude><latitude>-10.155872</latitude><altitude>1200.0</altitude><altitudeMode>absolute</altitudeMode></LookAt><styleUrl>#mapDaimonCorAzul</styleUrl><Point><coordinates>-48.883315,-10.155872,0</coordinates></Point></Placemark>
<Placemark><name>8801899013</name><visibility>0</visibility><LookAt><longitude>-48.882715</longitude><latitude>-10.155169</latitude><altitude>1200.0</altitude><altitudeMode>absolute</altitudeMode></LookAt><styleUrl>#mapDaimonCorAzul</styleUrl><Point><coordinates>-48.882715,-10.155169,0</coordinates></Point></Placemark>
<Placemark><name>8802289013</name><visibility>0</visibility><LookAt><longitude>-48.888566</longitude><latitude>-10.157815</latitude><altitude>1200.0</altitude><altitudeMode>absolute</altitudeMode></LookAt><styleUrl>#mapDaimonCorAzul</styleUrl><Point><coordinates>-48.888566,-10.157815,0</coordinates></Point></Placemark>
<Placemark><name>8855400013</name><visibility>0</visibility><LookAt><longitude>-48.882980</longitude><latitude>-10.156958</latitude><altitude>1200.0</altitude><altitudeMode>absolute</altitudeMode></LookAt><styleUrl>#mapDaimonCorAzul</styleUrl><Point><coordinates>-48.882980,-10.156958,0</coordinates></Point></Placemark>
<Placemark><name>8854876013</name><visibility>0</visibility><LookAt><longitude>-48.889810</longitude><latitude>-10.155215</latitude><altitude>1200.0</altitude><altitudeMode>absolute</altitudeMode></LookAt><styleUrl>#mapDaimonCorAzul</styleUrl><Point><coordinates>-48.889810,-10.155215,0</coordinates></Point></Placemark>
<Placemark><name>8800738013</name><visibility>0</visibility><LookAt><longitude>-48.881385</longitude><latitude>-10.163940</latitude><altitude>1200.0</altitude><altitudeMode>absolute</altitudeMode></LookAt><styleUrl>#mapDaimonCorAzul</styleUrl><Point><coordinates>-48.881385,-10.163940,0</coordinates></Point></Placemark>
<Placemark><name>8802241013</name><visibility>0</visibility><LookAt><longitude>-48.889486</longitude><latitude>-10.153995</latitude><altitude>1200.0</altitude><altitudeMode>absolute</altitudeMode></LookAt><styleUrl>#mapDaimonCorAzul</styleUrl><Point><coordinates>-48.889486,-10.153995,0</coordinates></Point></Placemark>
<Placemark><name>8802306013</name><visibility>0</visibility><LookAt><longitude>-48.879151</longitude><latitude>-10.165885</latitude><altitude>1200.0</altitude><altitudeMode>absolute</altitudeMode></LookAt><styleUrl>#mapDaimonCorAzul</styleUrl><Point><coordinates>-48.879151,-10.165885,0</coordinates></Point></Placemark>
<Placemark><name>8800016013</name><visibility>0</visibility><LookAt><longitude>-48.898442</longitude><latitude>-10.149941</latitude><altitude>1200.0</altitude><altitudeMode>absolute</altitudeMode></LookAt><styleUrl>#mapDaimonCorAzul</styleUrl><Point><coordinates>-48.898442,-10.149941,0</coordinates></Point></Placemark>
<Placemark><name>8802307013</name><visibility>0</visibility><LookAt><longitude>-48.877334</longitude><latitude>-10.165830</latitude><altitude>1200.0</altitude><altitudeMode>absolute</altitudeMode></LookAt><styleUrl>#mapDaimonCorAzul</styleUrl><Point><coordinates>-48.877334,-10.165830,0</coordinates></Point></Placemark>
<Placemark><name>SS3762021</name><visibility>0</visibility><LookAt><longitude>-48.902187</longitude><latitude>-10.151192</latitude><altitude>1200.0</altitude><altitudeMode>absolute</altitudeMode></LookAt><styleUrl>#mapDaimonCorBranco</styleUrl><Point><coordinates>-48.902187,-10.151192,0</coordinates></Point></Placemark>
<Placemark><name>8802007013</name><visibility>0</visibility><LookAt><longitude>-48.873769</longitude><latitude>-10.167054</latitude><altitude>1200.0</altitude><altitudeMode>absolute</altitudeMode></LookAt><styleUrl>#mapDaimonCorAzul</styleUrl><Point><coordinates>-48.873769,-10.167054,0</coordinates></Point></Placemark>
<Placemark><name>8800119013</name><visibility>0</visibility><LookAt><longitude>-48.888997</longitude><latitude>-10.166080</latitude><altitude>1200.0</altitude><altitudeMode>absolute</altitudeMode></LookAt><styleUrl>#mapDaimonCorAzul</styleUrl><Point><coordinates>-48.888997,-10.166080,0</coordinates></Point></Placemark>
<Placemark><name>8801909013</name><visibility>0</visibility><LookAt><longitude>-48.885036</longitude><latitude>-10.155978</latitude><altitude>1200.0</altitude><altitudeMode>absolute</altitudeMode></LookAt><styleUrl>#mapDaimonCorAzul</styleUrl><Point><coordinates>-48.885036,-10.155978,0</coordinates></Point></Placemark>
<Placemark><name>8000117013</name><visibility>0</visibility><LookAt><longitude>-48.889110</longitude><latitude>-10.166362</latitude><altitude>1200.0</altitude><altitudeMode>absolute</altitudeMode></LookAt><styleUrl>#mapDaimonCorBranco</styleUrl><Point><coordinates>-48.889110,-10.166362,0</coordinates></Point></Placemark>
<Placemark><name>8802125013</name><visibility>0</visibility><LookAt><longitude>-48.889667</longitude><latitude>-10.163803</latitude><altitude>1200.0</altitude><altitudeMode>absolute</altitudeMode></LookAt><styleUrl>#mapDaimonCorAzul</styleUrl><Point><coordinates>-48.889667,-10.163803,0</coordinates></Point></Placemark>
<Placemark><name>8836329013</name><visibility>0</visibility><LookAt><longitude>-48.884448</longitude><latitude>-10.155806</latitude><altitude>1200.0</altitude><altitudeMode>absolute</altitudeMode></LookAt><styleUrl>#mapDaimonCorAzul</styleUrl><Point><coordinates>-48.884448,-10.155806,0</coordinates></Point></Placemark>
<Placemark><name>8802013013</name><visibility>0</visibility><LookAt><longitude>-48.886968</longitude><latitude>-10.153163</latitude><altitude>1200.0</altitude><altitudeMode>absolute</altitudeMode></LookAt><styleUrl>#mapDaimonCorAzul</styleUrl><Point><coordinates>-48.886968,-10.153163,0</coordinates></Point></Placemark>
<Placemark><name>8845817013</name><visibility>0</visibility><LookAt><longitude>-48.888726</longitude><latitude>-10.161712</latitude><altitude>1200.0</altitude><altitudeMode>absolute</altitudeMode></LookAt><styleUrl>#mapDaimonCorAzul</styleUrl><Point><coordinates>-48.888726,-10.161712,0</coordinates></Point></Placemark>
</Folder>
<Folder>
<name>Trecho</name>
<Placemark><name>2503414</name><styleUrl>#styleDaimonCIRCUITO254TRECHO</styleUrl><LineString><coordinates>-48.897385,-10.180145,0 -48.897123,-10.179977,0</coordinates></LineString></Placemark>
<Placemark><name>3646957</name><styleUrl>#styleDaimonCIRCUITO254TRECHO</styleUrl><LineString><coordinates>-48.897111,-10.179952,0 -48.897310,-10.179644,0</coordinates></LineString></Placemark>
<Placemark><name>3666131</name><styleUrl>#styleDaimonCIRCUITO254TRECHO</styleUrl><LineString><coordinates>-48.897122,-10.179975,0 -48.897111,-10.179952,0</coordinates></LineString></Placemark>
<Placemark><name>3666437</name><styleUrl>#styleDaimonCIRCUITO254TRECHO</styleUrl><LineString><coordinates>-48.897111,-10.179952,0 -48.897100,-10.179942,0</coordinates></LineString></Placemark>
<Placemark><name>39178987</name><styleUrl>#styleDaimonCIRCUITO254TRECHO</styleUrl><LineString><coordinates>-48.897674,-10.178995,0 -48.897735,-10.178888,0</coordinates></LineString></Placemark>
<Placemark><name>39179005</name><styleUrl>#styleDaimonCIRCUITO254TRECHO</styleUrl><LineString><coordinates>-48.897735,-10.178888,0 -48.897646,-10.178848,0</coordinates></LineString></Placemark>
<Placemark><name>2489575</name><styleUrl>#styleDaimonCIRCUITO254TRECHO</styleUrl><LineString><coordinates>-48.897735,-10.178888,0 -48.898355,-10.177758,0</coordinates></LineString></Placemark>
<Placemark><name>39178995</name><styleUrl>#styleDaimonCIRCUITO254TRECHO</styleUrl><LineString><coordinates>-48.897735,-10.178888,0 -48.897899,-10.178965,0</coordinates></LineString></Placemark>
<Placemark><name>3647061</name><styleUrl>#styleDaimonCIRCUITO254TRECHO</styleUrl><LineString><coordinates>-48.897327,-10.179616,0 -48.897674,-10.178995,0</coordinates></LineString></Placemark>
<Placemark><name>39179015</name><styleUrl>#styleDaimonCIRCUITO254TRECHO</styleUrl><LineString><coordinates>-48.897646,-10.178848,0 -48.897630,-10.178836,0</coordinates></LineString></Placemark>
<Placemark><name>2489565</name><styleUrl>#styleDaimonCIRCUITO254TRECHO</styleUrl><LineString><coordinates>-48.898355,-10.177758,0 -48.898536,-10.177432,0</coordinates></LineString></Placemark>
<Placemark><name>39178652</name><styleUrl>#styleDaimonCIRCUITO254TRECHO</styleUrl><LineString><coordinates>-48.897630,-10.178836,0 -48.895650,-10.177768,0</coordinates></LineString></Placemark>
<Placemark><name>39179024</name><styleUrl>#styleDaimonCIRCUITO254TRECHO</styleUrl><LineString><coordinates>-48.895650,-10.177768,0 -48.895632,-10.177758,0</coordinates></LineString></Placemark>
<Placemark><name>39178735</name><styleUrl>#styleDaimonCIRCUITO254TRECHO</styleUrl><LineString><coordinates>-48.895632,-10.177758,0 -48.893629,-10.176714,0</coordinates></LineString></Placemark>
<Placemark><name>39179093</name><styleUrl>#styleDaimonCIRCUITO254TRECHO</styleUrl><LineString><coordinates>-48.893058,-10.176416,0 -48.892987,-10.176539,0</coordinates></LineString></Placemark>
<Placemark><name>39178809</name><styleUrl>#styleDaimonCIRCUITO254TRECHO</styleUrl><LineString><coordinates>-48.893058,-10.176416,0 -48.892868,-10.176315,0</coordinates></LineString></Placemark>
<Placemark><name>39179075</name><styleUrl>#styleDaimonCIRCUITO254TRECHO</styleUrl><LineString><coordinates>-48.893058,-10.176416,0 -48.893162,-10.176235,0</coordinates></LineString></Placemark>
<Placemark><name>39178779</name><styleUrl>#styleDaimonCIRCUITO254TRECHO</styleUrl><LineString><coordinates>-48.893606,-10.176703,0 -48.893058,-10.176416,0</coordinates></LineString></Placemark>
<Placemark><name>39179084</name><styleUrl>#styleDaimonCIRCUITO254TRECHO</styleUrl><LineString><coordinates>-48.892987,-10.176539,0 -48.892811,-10.176857,0</coordinates></LineString></Placemark>
<Placemark><name>3641610</name><styleUrl>#styleDaimonCIRCUITO254TRECHO</styleUrl><LineString><coordinates>-48.892811,-10.176857,0 -48.892629,-10.177192,0</coordinates></LineString></Placemark>
<Placemark><name>39179048</name><styleUrl>#styleDaimonCIRCUITO254TRECHO</styleUrl><LineString><coordinates>-48.895463,-10.173778,0 -48.895475,-10.173753,0</coordinates></LineString></Placemark>
<Placemark><name>39178915</name><styleUrl>#styleDaimonCIRCUITO254TRECHO</styleUrl><LineString><coordinates>-48.894535,-10.174597,0 -48.895463,-10.173778,0</coordinates></LineString></Placemark>
<Placemark><name>39178970</name><styleUrl>#styleDaimonCIRCUITO254TRECHO</styleUrl><LineString><coordinates>-48.895475,-10.173753,0 -48.895467,-10.173670,0</coordinates></LineString></Placemark>
<Placemark><name>39179040</name><styleUrl>#styleDaimonCIRCUITO254TRECHO</styleUrl><LineString><coordinates>-48.894513,-10.174619,0 -48.894535,-10.174597,0</coordinates></LineString></Placemark>
<Placemark><name>39179064</name><styleUrl>#styleDaimonCIRCUITO254TRECHO</styleUrl><LineString><coordinates>-48.895467,-10.173670,0 -48.895466,-10.173654,0</coordinates></LineString></Placemark>
<Placemark><name>39178895</name><styleUrl>#styleDaimonCIRCUITO254TRECHO</styleUrl><LineString><coordinates>-48.893883,-10.175037,0 -48.894513,-10.174619,0</coordinates></LineString></Placemark>
<Placemark><name>39179056</name><styleUrl>#styleDaimonCIRCUITO254TRECHO</styleUrl><LineString><coordinates>-48.895466,-10.173654,0 -48.895617,-10.173794,0</coordinates></LineString></Placemark>
<Placemark><name>2482063</name><styleUrl>#styleDaimonCIRCUITO254TRECHO</styleUrl><LineString><coordinates>-48.895466,-10.173654,0 -48.895188,-10.173300,0</coordinates></LineString></Placemark>
<Placemark><name>39179032</name><styleUrl>#styleDaimonCIRCUITO254TRECHO</styleUrl><LineString><coordinates>-48.893862,-10.175061,0 -48.893883,-10.175037,0</coordinates></LineString></Placemark>
<Placemark><name>3439600</name><styleUrl>#styleDaimonCIRCUITO254TRECHO</styleUrl><LineString><coordinates>-48.895188,-10.173300,0 -48.894603,-10.172530,0</coordinates></LineString></Placemark>
<Placemark><name>39178843</name><styleUrl>#styleDaimonCIRCUITO254TRECHO</styleUrl><LineString><coordinates>-48.893179,-10.176209,0 -48.893862,-10.175061,0</coordinates></LineString></Placemark>
<Placemark><name>12084388</name><styleUrl>#styleDaimonCIRCUITO254TRECHO</styleUrl><LineString><coordinates>-48.894603,-10.172530,0 -48.894592,-10.172519,0</coordinates></LineString></Placemark>
<Placemark><name>3622590</name><styleUrl>#styleDaimonCIRCUITO254TRECHO</styleUrl><LineString><coordinates>-48.894592,-10.172519,0 -48.894548,-10.172465,0</coordinates></LineString></Placemark>
<Placemark><name>12084223</name><styleUrl>#styleDaimonCIRCUITO254TRECHO</styleUrl><LineString><coordinates>-48.894548,-10.172465,0 -48.894560,-10.172457,0</coordinates></LineString></Placemark>
<Placemark><name>3650133</name><styleUrl>#styleDaimonCIRCUITO254TRECHO</styleUrl><LineString><coordinates>-48.894548,-10.172465,0 -48.893906,-10.171888,0</coordinates></LineString></Placemark>
<Placemark><name>3650134</name><styleUrl>#styleDaimonCIRCUITO254TRECHO</styleUrl><LineString><coordinates>-48.894560,-10.172457,0 -48.894627,-10.172375,0</coordinates></LineString></Placemark>
<Placemark><name>2483221</name><styleUrl>#styleDaimonCIRCUITO254TRECHO</styleUrl><LineString><coordinates>-48.893906,-10.171888,0 -48.893465,-10.171485,0</coordinates></LineString></Placemark>
<Placemark><name>2489630</name><styleUrl>#styleDaimonCIRCUITO254TRECHO</styleUrl><LineString><coordinates>-48.893465,-10.171485,0 -48.893276,-10.171312,0</coordinates></LineString></Placemark>
<Placemark><name>2691691</name><styleUrl>#styleDaimonCIRCUITO254TRECHO</styleUrl><LineString><coordinates>-48.895644,-10.173796,0 -48.896582,-10.173883,0</coordinates></LineString></Placemark>
<Placemark><name>69335288</name><styleUrl>#styleDaimonCIRCUITO254TRECHO</styleUrl><LineString><coordinates>-48.895532,-10.171696,0 -48.895662,-10.171602,0</coordinates></LineString></Placemark>
<Placemark><name>69335321</name><styleUrl>#styleDaimonCIRCUITO254TRECHO</styleUrl><LineString><coordinates>-48.895662,-10.171602,0 -48.896432,-10.171000,0</coordinates></LineString></Placemark>
<Placemark><name>31548026</name><styleUrl>#styleDaimonCIRCUITO254TRECHO</styleUrl><LineString><coordinates>-48.894651,-10.172358,0 -48.895532,-10.171696,0</coordinates></LineString></Placemark>
<Placemark><name>69335307</name><styleUrl>#styleDaimonCIRCUITO254TRECHO</styleUrl><LineString><coordinates>-48.896432,-10.171000,0 -48.896683,-10.170816,0</coordinates></LineString></Placemark>
<Placemark><name>3650143</name><styleUrl>#styleDaimonCIRCUITO254TRECHO</styleUrl><LineString><coordinates>-48.889393,-10.165899,0 -48.889464,-10.165651,0</coordinates></LineString></Placemark>
<Placemark><name>3650145</name><styleUrl>#styleDaimonCIRCUITO254TRECHO</styleUrl><LineString><coordinates>-48.889268,-10.166428,0 -48.889393,-10.165899,0</coordinates></LineString></Placemark>
<Placemark><name>12084321</name><styleUrl>#styleDaimonCIRCUITO254TRECHO</styleUrl><LineString><coordinates>-48.889262,-10.166445,0 -48.889268,-10.166428,0</coordinates></LineString></Placemark>
<Placemark><name>2530265</name><styleUrl>#styleDaimonCIRCUITO254TRECHO</styleUrl><LineString><coordinates>-48.889643,-10.166591,0 -48.889262,-10.166445,0</coordinates></LineString></Placemark>
<Placemark><name>3650146</name><styleUrl>#styleDaimonCIRCUITO254TRECHO</styleUrl><LineString><coordinates>-48.889262,-10.166445,0 -48.889142,-10.166398,0</coordinates></LineString></Placemark>
<Placemark><name>12085078</name><styleUrl>#styleDaimonCIRCUITO254TRECHO</styleUrl><LineString><coordinates>-48.889669,-10.166601,0 -48.889643,-10.166591,0</coordinates></LineString></Placemark>
<Placemark><name>3655490</name><styleUrl>#styleDaimonCIRCUITO254TRECHO</styleUrl><LineString><coordinates>-48.889142,-10.166398,0 -48.889112,-10.166361,0</coordinates></LineString></Placemark>
<Placemark><name>2771840</name><styleUrl>#styleDaimonCIRCUITO254TRECHO</styleUrl><LineString><coordinates>-48.889669,-10.166601,0 -48.889707,-10.166560,0</coordinates></LineString></Placemark>
<Placemark><name>2771938</name><styleUrl>#styleDaimonCIRCUITO254TRECHO</styleUrl><LineString><coordinates>-48.889669,-10.166601,0 -48.889981,-10.167694,0</coordinates></LineString></Placemark>
<Placemark><name>2771839</name><styleUrl>#styleDaimonCIRCUITO254TRECHO</styleUrl><LineString><coordinates>-48.890123,-10.166811,0 -48.889669,-10.166601,0</coordinates></LineString></Placemark>
<Placemark><name>2771937</name><styleUrl>#styleDaimonCIRCUITO254TRECHO</styleUrl><LineString><coordinates>-48.889981,-10.167694,0 -48.890045,-10.167918,0</coordinates></LineString></Placemark>
<Placemark><name>2771940</name><styleUrl>#styleDaimonCIRCUITO254TRECHO</styleUrl><LineString><coordinates>-48.891004,-10.167222,0 -48.890123,-10.166811,0</coordinates></LineString></Placemark>
<Placemark><name>12070970</name><styleUrl>#styleDaimonCIRCUITO254TRECHO</styleUrl><LineString><coordinates>-48.891034,-10.167232,0 -48.891004,-10.167222,0</coordinates></LineString></Placemark>
<Placemark><name>3442617</name><styleUrl>#styleDaimonCIRCUITO254TRECHO</styleUrl><LineString><coordinates>-48.891114,-10.167331,0 -48.891034,-10.167232,0</coordinates></LineString></Placemark>
<Placemark><name>12070969</name><styleUrl>#styleDaimonCIRCUITO254TRECHO</styleUrl><LineString><coordinates>-48.891131,-10.167344,0 -48.891114,-10.167331,0</coordinates></LineString></Placemark>
<Placemark><name>3622589</name><styleUrl>#styleDaimonCIRCUITO254TRECHO</styleUrl><LineString><coordinates>-48.891379,-10.167840,0 -48.891131,-10.167344,0</coordinates></LineString></Placemark>
<Placemark><name>12084889</name><styleUrl>#styleDaimonCIRCUITO254TRECHO</styleUrl><LineString><coordinates>-48.891379,-10.167840,0 -48.891391,-10.167829,0</coordinates></LineString></Placemark>
<Placemark><name>3441781</name><styleUrl>#styleDaimonCIRCUITO254TRECHO</styleUrl><LineString><coordinates>-48.891451,-10.167984,0 -48.891379,-10.167840,0</coordinates></LineString></Placemark>
<Placemark><name>2503925</name><styleUrl>#styleDaimonCIRCUITO254TRECHO</styleUrl><LineString><coordinates>-48.891391,-10.167829,0 -48.892980,-10.166008,0</coordinates></LineString></Placemark>
<Placemark><name>12070968</name><styleUrl>#styleDaimonCIRCUITO254TRECHO</styleUrl><LineString><coordinates>-48.891451,-10.167984,0 -48.891464,-10.167997,0</coordinates></LineString></Placemark>
<Placemark><name>3443187</name><styleUrl>#styleDaimonCIRCUITO254TRECHO</styleUrl><LineString><coordinates>-48.892317,-10.169610,0 -48.891451,-10.167984,0</coordinates></LineString></Placemark>
<Placemark><name>2616196</name><styleUrl>#styleDaimonCIRCUITO254TRECHO</styleUrl><LineString><coordinates>-48.892980,-10.166008,0 -48.893815,-10.165320,0</coordinates></LineString></Placemark>
<Placemark><name>3441782</name><styleUrl>#styleDaimonCIRCUITO254TRECHO</styleUrl><LineString><coordinates>-48.891464,-10.167997,0 -48.891625,-10.168025,0</coordinates></LineString></Placemark>
<Placemark><name>2489634</name><styleUrl>#styleDaimonCIRCUITO254TRECHO</styleUrl><LineString><coordinates>-48.893260,-10.171292,0 -48.892317,-10.169610,0</coordinates></LineString></Placemark>
<Placemark><name>12067948</name><styleUrl>#styleDaimonCIRCUITO254TRECHO</styleUrl><LineString><coordinates>-48.893815,-10.165320,0 -48.893833,-10.165292,0</coordinates></LineString></Placemark>
<Placemark><name>2615979</name><styleUrl>#styleDaimonCIRCUITO254TRECHO</styleUrl><LineString><coordinates>-48.893833,-10.165292,0 -48.893990,-10.164799,0</coordinates></LineString></Placemark>
<Placemark><name>3662164</name><styleUrl>#styleDaimonCIRCUITO254TRECHO</styleUrl><LineString><coordinates>-48.889139,-10.166399,0 -48.889114,-10.166404,0</coordinates></LineString></Placemark>
<Placemark><name>3662165</name><styleUrl>#styleDaimonCIRCUITO254TRECHO</styleUrl><LineString><coordinates>-48.889112,-10.166404,0 -48.889093,-10.166398,0</coordinates></LineString></Placemark>
<Placemark><name>12070960</name><styleUrl>#styleDaimonCIRCUITO254TRECHO</styleUrl><LineString><coordinates>-48.889892,-10.164315,0 -48.889910,-10.164288,0</coordinates></LineString></Placemark>
<Placemark><name>3670860</name><styleUrl>#styleDaimonCIRCUITO254TRECHO</styleUrl><LineString><coordinates>-48.889910,-10.164288,0 -48.890161,-10.164032,0</coordinates></LineString></Placemark>
<Placemark><name>12070961</name><styleUrl>#styleDaimonCIRCUITO254TRECHO</styleUrl><LineString><coordinates>-48.889892,-10.164315,0 -48.889897,-10.164285,0</coordinates></LineString></Placemark>
<Placemark><name>3670217</name><styleUrl>#styleDaimonCIRCUITO254TRECHO</styleUrl><LineString><coordinates>-48.889407,-10.165315,0 -48.889892,-10.164315,0</coordinates></LineString></Placemark>
<Placemark><name>3432229</name><styleUrl>#styleDaimonCIRCUITO254TRECHO</styleUrl><LineString><coordinates>-48.889897,-10.164285,0 -48.889673,-10.163823,0</coordinates></LineString></Placemark>
<Placemark><name>3622591</name><styleUrl>#styleDaimonCIRCUITO254TRECHO</styleUrl><LineString><coordinates>-48.889261,-10.165621,0 -48.889407,-10.165315,0</coordinates></LineString></Placemark>
<Placemark><name>39181989</name><styleUrl>#styleDaimonCIRCUITO254TRECHO</styleUrl><LineString><coordinates>-48.889252,-10.165637,0 -48.889261,-10.165621,0</coordinates></LineString></Placemark>
<Placemark><name>39179842</name><styleUrl>#styleDaimonCIRCUITO254TRECHO</styleUrl><LineString><coordinates>-48.889194,-10.165814,0 -48.889252,-10.165637,0</coordinates></LineString></Placemark>
<Placemark><name>39181267</name><styleUrl>#styleDaimonCIRCUITO254TRECHO</styleUrl><LineString><coordinates>-48.889194,-10.165814,0 -48.888990,-10.165868,0</coordinates></LineString></Placemark>
<Placemark><name>39179832</name><styleUrl>#styleDaimonCIRCUITO254TRECHO</styleUrl><LineString><coordinates>-48.889031,-10.166069,0 -48.889194,-10.165814,0</coordinates></LineString></Placemark>
<Placemark><name>39179824</name><styleUrl>#styleDaimonCIRCUITO254TRECHO</styleUrl><LineString><coordinates>-48.888925,-10.166279,0 -48.889031,-10.166069,0</coordinates></LineString></Placemark>
<Placemark><name>12084710</name><styleUrl>#styleDaimonCIRCUITO254TRECHO</styleUrl><LineString><coordinates>-48.888919,-10.166308,0 -48.888925,-10.166279,0</coordinates></LineString></Placemark>
<Placemark><name>3640452</name><styleUrl>#styleDaimonCIRCUITO254TRECHO</styleUrl><LineString><coordinates>-48.889041,-10.166370,0 -48.888919,-10.166308,0</coordinates></LineString></Placemark>
<Placemark><name>12084170</name><styleUrl>#styleDaimonCIRCUITO254TRECHO</styleUrl><LineString><coordinates>-48.889041,-10.166370,0 -48.889022,-10.166377,0</coordinates></LineString></Placemark>
<Placemark><name>2530266</name><styleUrl>#styleDaimonCIRCUITO254TRECHO</styleUrl><LineString><coordinates>-48.889074,-10.166378,0 -48.889041,-10.166370,0</coordinates></LineString></Placemark>
<Placemark><name>3640451</name><styleUrl>#styleDaimonCIRCUITO254TRECHO</styleUrl><LineString><coordinates>-48.889022,-10.166377,0 -48.888964,-10.166390,0</coordinates></LineString></Placemark>
<Placemark><name>3655492</name><styleUrl>#styleDaimonCIRCUITO254TRECHO</styleUrl><LineString><coordinates>-48.889074,-10.166378,0 -48.889108,-10.166363,0</coordinates></LineString></Placemark>
<Placemark><name>3655491</name><styleUrl>#styleDaimonCIRCUITO254TRECHO</styleUrl><LineString><coordinates>-48.889091,-10.166396,0 -48.889074,-10.166378,0</coordinates></LineString></Placemark>
<Placemark><name>12084171</name><styleUrl>#styleDaimonCIRCUITO254TRECHO</styleUrl><LineString><coordinates>-48.888964,-10.166390,0 -48.888951,-10.166414,0</coordinates></LineString></Placemark>
<Placemark><name>3640453</name><styleUrl>#styleDaimonCIRCUITO254TRECHO</styleUrl><LineString><coordinates>-48.888951,-10.166414,0 -48.888324,-10.167655,0</coordinates></LineString></Placemark>
<Placemark><name>12084172</name><styleUrl>#styleDaimonCIRCUITO254TRECHO</styleUrl><LineString><coordinates>-48.888324,-10.167655,0 -48.888311,-10.167679,0</coordinates></LineString></Placemark>
<Placemark><name>3672985</name><styleUrl>#styleDaimonCIRCUITO254TRECHO</styleUrl><LineString><coordinates>-48.888311,-10.167679,0 -48.888243,-10.167808,0</coordinates></LineString></Placemark>
<Placemark><name>3672983</name><styleUrl>#styleDaimonCIRCUITO254TRECHO</styleUrl><LineString><coordinates>-48.888243,-10.167808,0 -48.888091,-10.168100,0</coordinates></LineString></Placemark>
<Placemark><name>12084173</name><styleUrl>#styleDaimonCIRCUITO254TRECHO</styleUrl><LineString><coordinates>-48.888091,-10.168100,0 -48.888082,-10.168095,0</coordinates></LineString></Placemark>
<Placemark><name>3640455</name><styleUrl>#styleDaimonCIRCUITO254TRECHO</styleUrl><LineString><coordinates>-48.888091,-10.168100,0 -48.888068,-10.168140,0</coordinates></LineString></Placemark>
<Placemark><name>3640454</name><styleUrl>#styleDaimonCIRCUITO254TRECHO</styleUrl><LineString><coordinates>-48.888082,-10.168095,0 -48.887933,-10.168016,0</coordinates></LineString></Placemark>
<Placemark><name>12084174</name><styleUrl>#styleDaimonCIRCUITO254TRECHO</styleUrl><LineString><coordinates>-48.887933,-10.168016,0 -48.887910,-10.168019,0</coordinates></LineString></Placemark>
<Placemark><name>2580962</name><styleUrl>#styleDaimonCIRCUITO254TRECHO</styleUrl><LineString><coordinates>-48.887910,-10.168019,0 -48.887777,-10.168271,0</coordinates></LineString></Placemark>
<Placemark><name>3663703</name><styleUrl>#styleDaimonCIRCUITO254TRECHO</styleUrl><LineString><coordinates>-48.887777,-10.168271,0 -48.887795,-10.168310,0</coordinates></LineString></Placemark>
<Placemark><name>39181276</name><styleUrl>#styleDaimonCIRCUITO254TRECHO</styleUrl><LineString><coordinates>-48.888034,-10.163827,0 -48.887955,-10.163668,0</coordinates></LineString></Placemark>
<Placemark><name>39181299</name><styleUrl>#styleDaimonCIRCUITO254TRECHO</styleUrl><LineString><coordinates>-48.888275,-10.164316,0 -48.888034,-10.163827,0</coordinates></LineString></Placemark>
<Placemark><name>39181399</name><styleUrl>#styleDaimonCIRCUITO254TRECHO</styleUrl><LineString><coordinates>-48.888034,-10.163827,0 -48.888428,-10.163598,0</coordinates></LineString></Placemark>
<Placemark><name>39181380</name><styleUrl>#styleDaimonCIRCUITO254TRECHO</styleUrl><LineString><coordinates>-48.888034,-10.163827,0 -48.887902,-10.163891,0</coordinates></LineString></Placemark>
<Placemark><name>39181220</name><styleUrl>#styleDaimonCIRCUITO254TRECHO</styleUrl><LineString><coordinates>-48.887955,-10.163668,0 -48.887937,-10.163637,0</coordinates></LineString></Placemark>
<Placemark><name>12084094</name><styleUrl>#styleDaimonCIRCUITO254TRECHO</styleUrl><LineString><coordinates>-48.888275,-10.164316,0 -48.888260,-10.164285,0</coordinates></LineString></Placemark>
<Placemark><name>39181293</name><styleUrl>#styleDaimonCIRCUITO254TRECHO</styleUrl><LineString><coordinates>-48.888979,-10.165843,0 -48.888275,-10.164316,0</coordinates></LineString></Placemark>
<Placemark><name>39181053</name><styleUrl>#styleDaimonCIRCUITO254TRECHO</styleUrl><LineString><coordinates>-48.888428,-10.163598,0 -48.888428,-10.163569,0</coordinates></LineString></Placemark>
<Placemark><name>2486547</name><styleUrl>#styleDaimonCIRCUITO254TRECHO</styleUrl><LineString><coordinates>-48.887937,-10.163637,0 -48.887158,-10.162090,0</coordinates></LineString></Placemark>
<Placemark><name>39181422</name><styleUrl>#styleDaimonCIRCUITO254TRECHO</styleUrl><LineString><coordinates>-48.888428,-10.163569,0 -48.888488,-10.163225,0</coordinates></LineString></Placemark>
<Placemark><name>2709943</name><styleUrl>#styleDaimonCIRCUITO254TRECHO</styleUrl><LineString><coordinates>-48.887158,-10.162090,0 -48.887080,-10.161947,0</coordinates></LineString></Placemark>
<Placemark><name>2709945</name><styleUrl>#styleDaimonCIRCUITO254TRECHO</styleUrl><LineString><coordinates>-48.887158,-10.162090,0 -48.887001,-10.162171,0</coordinates></LineString></Placemark>
<Placemark><name>3550226</name><styleUrl>#styleDaimonCIRCUITO254TRECHO</styleUrl><LineString><coordinates>-48.887158,-10.162090,0 -48.887697,-10.161838,0</coordinates></LineString></Placemark>
<Placemark><name>39181061</name><styleUrl>#styleDaimonCIRCUITO254TRECHO</styleUrl><LineString><coordinates>-48.888488,-10.163225,0 -48.888491,-10.163194,0</coordinates></LineString></Placemark>
<Placemark><name>39181455</name><styleUrl>#styleDaimonCIRCUITO254TRECHO</styleUrl><LineString><coordinates>-48.888491,-10.163194,0 -48.887878,-10.161933,0</coordinates></LineString></Placemark>
<Placemark><name>39181069</name><styleUrl>#styleDaimonCIRCUITO254TRECHO</styleUrl><LineString><coordinates>-48.887878,-10.161933,0 -48.887864,-10.161907,0</coordinates></LineString></Placemark>
<Placemark><name>39181494</name><styleUrl>#styleDaimonCIRCUITO254TRECHO</styleUrl><LineString><coordinates>-48.887864,-10.161907,0 -48.887736,-10.161649,0</coordinates></LineString></Placemark>
<Placemark><name>39181077</name><styleUrl>#styleDaimonCIRCUITO254TRECHO</styleUrl><LineString><coordinates>-48.887736,-10.161649,0 -48.887722,-10.161621,0</coordinates></LineString></Placemark>
<Placemark><name>39181522</name><styleUrl>#styleDaimonCIRCUITO254TRECHO</styleUrl><LineString><coordinates>-48.887722,-10.161621,0 -48.886687,-10.159514,0</coordinates></LineString></Placemark>
<Placemark><name>3663707</name><styleUrl>#styleDaimonCIRCUITO254TRECHO</styleUrl><LineString><coordinates>-48.887775,-10.168273,0 -48.887750,-10.168281,0</coordinates></LineString></Placemark>
<Placemark><name>39181631</name><styleUrl>#styleDaimonCIRCUITO254TRECHO</styleUrl><LineString><coordinates>-48.886400,-10.158931,0 -48.886287,-10.158704,0</coordinates></LineString></Placemark>
<Placemark><name>39181649</name><styleUrl>#styleDaimonCIRCUITO254TRECHO</styleUrl><LineString><coordinates>-48.886287,-10.158704,0 -48.886152,-10.158432,0</coordinates></LineString></Placemark>
<Placemark><name>39181085</name><styleUrl>#styleDaimonCIRCUITO254TRECHO</styleUrl><LineString><coordinates>-48.886413,-10.158958,0 -48.886400,-10.158931,0</coordinates></LineString></Placemark>
<Placemark><name>39181093</name><styleUrl>#styleDaimonCIRCUITO254TRECHO</styleUrl><LineString><coordinates>-48.886152,-10.158432,0 -48.886141,-10.158403,0</coordinates></LineString></Placemark>
<Placemark><name>39181600</name><styleUrl>#styleDaimonCIRCUITO254TRECHO</styleUrl><LineString><coordinates>-48.886674,-10.159486,0 -48.886413,-10.158958,0</coordinates></LineString></Placemark>
<Placemark><name>39181682</name><styleUrl>#styleDaimonCIRCUITO254TRECHO</styleUrl><LineString><coordinates>-48.886141,-10.158403,0 -48.885022,-10.156111,0</coordinates></LineString></Placemark>
<Placemark><name>12071085</name><styleUrl>#styleDaimonCIRCUITO254TRECHO</styleUrl><LineString><coordinates>-48.888566,-10.161414,0 -48.888582,-10.161416,0</coordinates></LineString></Placemark>
<Placemark><name>2504596</name><styleUrl>#styleDaimonCIRCUITO254TRECHO</styleUrl><LineString><coordinates>-48.888582,-10.161416,0 -48.888524,-10.161293,0</coordinates></LineString></Placemark>
<Placemark><name>3431094</name><styleUrl>#styleDaimonCIRCUITO254TRECHO</styleUrl><LineString><coordinates>-48.888582,-10.161416,0 -48.888717,-10.161693,0</coordinates></LineString></Placemark>
<Placemark><name>2504111</name><styleUrl>#styleDaimonCIRCUITO254TRECHO</styleUrl><LineString><coordinates>-48.888057,-10.161666,0 -48.888566,-10.161414,0</coordinates></LineString></Placemark>
<Placemark><name>2504595</name><styleUrl>#styleDaimonCIRCUITO254TRECHO</styleUrl><LineString><coordinates>-48.888524,-10.161293,0 -48.888441,-10.161315,0</coordinates></LineString></Placemark>
<Placemark><name>2504597</name><styleUrl>#styleDaimonCIRCUITO254TRECHO</styleUrl><LineString><coordinates>-48.888524,-10.161293,0 -48.888465,-10.161171,0</coordinates></LineString></Placemark>
<Placemark><name>2482673</name><styleUrl>#styleDaimonCIRCUITO254TRECHO</styleUrl><LineString><coordinates>-48.888524,-10.161293,0 -48.889330,-10.161067,0</coordinates></LineString></Placemark>
<Placemark><name>12068168</name><styleUrl>#styleDaimonCIRCUITO254TRECHO</styleUrl><LineString><coordinates>-48.888027,-10.161681,0 -48.888057,-10.161666,0</coordinates></LineString></Placemark>
<Placemark><name>60326679</name><styleUrl>#styleDaimonCIRCUITO254TRECHO</styleUrl><LineString><coordinates>-48.889330,-10.161067,0 -48.889601,-10.160991,0</coordinates></LineString></Placemark>
<Placemark><name>2710582</name><styleUrl>#styleDaimonCIRCUITO254TRECHO</styleUrl><LineString><coordinates>-48.887866,-10.161760,0 -48.888027,-10.161681,0</coordinates></LineString></Placemark>
<Placemark><name>60326864</name><styleUrl>#styleDaimonCIRCUITO254TRECHO</styleUrl><LineString><coordinates>-48.889601,-10.160991,0 -48.889603,-10.160953,0</coordinates></LineString></Placemark>
<Placemark><name>60326688</name><styleUrl>#styleDaimonCIRCUITO254TRECHO</styleUrl><LineString><coordinates>-48.889601,-10.160991,0 -48.890001,-10.160877,0</coordinates></LineString></Placemark>
<Placemark><name>2710580</name><styleUrl>#styleDaimonCIRCUITO254TRECHO</styleUrl><LineString><coordinates>-48.887866,-10.161760,0 -48.887827,-10.161682,0</coordinates></LineString></Placemark>
<Placemark><name>3600038</name><styleUrl>#styleDaimonCIRCUITO254TRECHO</styleUrl><LineString><coordinates>-48.887715,-10.161831,0 -48.887866,-10.161760,0</coordinates></LineString></Placemark>
<Placemark><name>2710581</name><styleUrl>#styleDaimonCIRCUITO254TRECHO</styleUrl><LineString><coordinates>-48.887866,-10.161760,0 -48.888284,-10.162617,0</coordinates></LineString></Placemark>
<Placemark><name>60326710</name><styleUrl>#styleDaimonCIRCUITO254TRECHO</styleUrl><LineString><coordinates>-48.889603,-10.160953,0 -48.889506,-10.160678,0</coordinates></LineString></Placemark>
<Placemark><name>2614105</name><styleUrl>#styleDaimonCIRCUITO254TRECHO</styleUrl><LineString><coordinates>-48.887827,-10.161682,0 -48.886889,-10.159769,0</coordinates></LineString></Placemark>
<Placemark><name>12071083</name><styleUrl>#styleDaimonCIRCUITO254TRECHO</styleUrl><LineString><coordinates>-48.888284,-10.162617,0 -48.888299,-10.162648,0</coordinates></LineString></Placemark>
<Placemark><name>60326698</name><styleUrl>#styleDaimonCIRCUITO254TRECHO</styleUrl><LineString><coordinates>-48.889506,-10.160678,0 -48.889425,-10.160400,0</coordinates></LineString></Placemark>
<Placemark><name>3432227</name><styleUrl>#styleDaimonCIRCUITO254TRECHO</styleUrl><LineString><coordinates>-48.888299,-10.162648,0 -48.889363,-10.163069,0</coordinates></LineString></Placemark>
<Placemark><name>12071086</name><styleUrl>#styleDaimonCIRCUITO254TRECHO</styleUrl><LineString><coordinates>-48.889363,-10.163069,0 -48.889380,-10.163066,0</coordinates></LineString></Placemark>
<Placemark><name>3432225</name><styleUrl>#styleDaimonCIRCUITO254TRECHO</styleUrl><LineString><coordinates>-48.889380,-10.163066,0 -48.889219,-10.162733,0</coordinates></LineString></Placemark>
<Placemark><name>3432226</name><styleUrl>#styleDaimonCIRCUITO254TRECHO</styleUrl><LineString><coordinates>-48.889380,-10.163066,0 -48.889546,-10.163408,0</coordinates></LineString></Placemark>
<Placemark><name>60326632</name><styleUrl>#styleDaimonCIRCUITO254TRECHO</styleUrl><LineString><coordinates>-48.889219,-10.162733,0 -48.888893,-10.162063,0</coordinates></LineString></Placemark>
<Placemark><name>3432228</name><styleUrl>#styleDaimonCIRCUITO254TRECHO</styleUrl><LineString><coordinates>-48.889546,-10.163408,0 -48.889661,-10.163783,0</coordinates></LineString></Placemark>
<Placemark><name>60326620</name><styleUrl>#styleDaimonCIRCUITO254TRECHO</styleUrl><LineString><coordinates>-48.888893,-10.162063,0 -48.888735,-10.161730,0</coordinates></LineString></Placemark>
<Placemark><name>45331831</name><styleUrl>#styleDaimonCIRCUITO254TRECHO</styleUrl><LineString><coordinates>-48.886601,-10.153280,0 -48.886955,-10.153167,0</coordinates></LineString></Placemark>
<Placemark><name>2714097</name><styleUrl>#styleDaimonCIRCUITO254TRECHO</styleUrl><LineString><coordinates>-48.885982,-10.153476,0 -48.886601,-10.153280,0</coordinates></LineString></Placemark>
<Placemark><name>2714098</name><styleUrl>#styleDaimonCIRCUITO254TRECHO</styleUrl><LineString><coordinates>-48.885982,-10.153476,0 -48.885887,-10.153505,0</coordinates></LineString></Placemark>
<Placemark><name>2714100</name><styleUrl>#styleDaimonCIRCUITO254TRECHO</styleUrl><LineString><coordinates>-48.885982,-10.153476,0 -48.886058,-10.153203,0</coordinates></LineString></Placemark>
<Placemark><name>2485675</name><styleUrl>#styleDaimonCIRCUITO254TRECHO</styleUrl><LineString><coordinates>-48.885801,-10.154100,0 -48.885982,-10.153476,0</coordinates></LineString></Placemark>
<Placemark><name>12071183</name><styleUrl>#styleDaimonCIRCUITO254TRECHO</styleUrl><LineString><coordinates>-48.885791,-10.154086,0 -48.885801,-10.154100,0</coordinates></LineString></Placemark>
<Placemark><name>2497798</name><styleUrl>#styleDaimonCIRCUITO254TRECHO</styleUrl><LineString><coordinates>-48.885801,-10.154100,0 -48.885693,-10.154473,0</coordinates></LineString></Placemark>
<Placemark><name>3433453</name><styleUrl>#styleDaimonCIRCUITO254TRECHO</styleUrl><LineString><coordinates>-48.885641,-10.154144,0 -48.885791,-10.154086,0</coordinates></LineString></Placemark>
<Placemark><name>12071185</name><styleUrl>#styleDaimonCIRCUITO254TRECHO</styleUrl><LineString><coordinates>-48.885607,-10.154140,0 -48.885641,-10.154144,0</coordinates></LineString></Placemark>
<Placemark><name>3433454</name><styleUrl>#styleDaimonCIRCUITO254TRECHO</styleUrl><LineString><coordinates>-48.885127,-10.153982,0 -48.885607,-10.154140,0</coordinates></LineString></Placemark>
<Placemark><name>12071184</name><styleUrl>#styleDaimonCIRCUITO254TRECHO</styleUrl><LineString><coordinates>-48.885111,-10.153977,0 -48.885127,-10.153982,0</coordinates></LineString></Placemark>
<Placemark><name>2497799</name><styleUrl>#styleDaimonCIRCUITO254TRECHO</styleUrl><LineString><coordinates>-48.885111,-10.153977,0 -48.885213,-10.153641,0</coordinates></LineString></Placemark>
<Placemark><name>3433259</name><styleUrl>#styleDaimonCIRCUITO254TRECHO</styleUrl><LineString><coordinates>-48.884698,-10.155331,0 -48.885111,-10.153977,0</coordinates></LineString></Placemark>
<Placemark><name>3433260</name><styleUrl>#styleDaimonCIRCUITO254TRECHO</styleUrl><LineString><coordinates>-48.884597,-10.155659,0 -48.884698,-10.155331,0</coordinates></LineString></Placemark>
<Placemark><name>2714094</name><styleUrl>#styleDaimonCIRCUITO254TRECHO</styleUrl><LineString><coordinates>-48.884549,-10.155814,0 -48.884597,-10.155659,0</coordinates></LineString></Placemark>
<Placemark><name>2714093</name><styleUrl>#styleDaimonCIRCUITO254TRECHO</styleUrl><LineString><coordinates>-48.884549,-10.155814,0 -48.884499,-10.155980,0</coordinates></LineString></Placemark>
<Placemark><name>39180354</name><styleUrl>#styleDaimonCIRCUITO254TRECHO</styleUrl><LineString><coordinates>-48.884938,-10.155943,0 -48.884549,-10.155814,0</coordinates></LineString></Placemark>
<Placemark><name>39180345</name><styleUrl>#styleDaimonCIRCUITO254TRECHO</styleUrl><LineString><coordinates>-48.884549,-10.155814,0 -48.884458,-10.155785,0</coordinates></LineString></Placemark>
<Placemark><name>39181101</name><styleUrl>#styleDaimonCIRCUITO254TRECHO</styleUrl><LineString><coordinates>-48.884950,-10.155964,0 -48.884938,-10.155943,0</coordinates></LineString></Placemark>
<Placemark><name>39180329</name><styleUrl>#styleDaimonCIRCUITO254TRECHO</styleUrl><LineString><coordinates>-48.884938,-10.155943,0 -48.885031,-10.155976,0</coordinates></LineString></Placemark>
<Placemark><name>39180369</name><styleUrl>#styleDaimonCIRCUITO254TRECHO</styleUrl><LineString><coordinates>-48.884458,-10.155785,0 -48.884137,-10.155693,0</coordinates></LineString></Placemark>
<Placemark><name>39181894</name><styleUrl>#styleDaimonCIRCUITO254TRECHO</styleUrl><LineString><coordinates>-48.885034,-10.156136,0 -48.884950,-10.155964,0</coordinates></LineString></Placemark>
<Placemark><name>39180383</name><styleUrl>#styleDaimonCIRCUITO254TRECHO</styleUrl><LineString><coordinates>-48.884137,-10.155693,0 -48.883554,-10.155513,0</coordinates></LineString></Placemark>
<Placemark><name>2718577</name><styleUrl>#styleDaimonCIRCUITO254TRECHO</styleUrl><LineString><coordinates>-48.886314,-10.158584,0 -48.886475,-10.158517,0</coordinates></LineString></Placemark>
<Placemark><name>2718574</name><styleUrl>#styleDaimonCIRCUITO254TRECHO</styleUrl><LineString><coordinates>-48.886357,-10.158671,0 -48.886314,-10.158584,0</coordinates></LineString></Placemark>
<Placemark><name>39181591</name><styleUrl>#styleDaimonCIRCUITO254TRECHO</styleUrl><LineString><coordinates>-48.886314,-10.158584,0 -48.886183,-10.158642,0</coordinates></LineString></Placemark>
<Placemark><name>2718575</name><styleUrl>#styleDaimonCIRCUITO254TRECHO</styleUrl><LineString><coordinates>-48.886314,-10.158584,0 -48.886201,-10.158362,0</coordinates></LineString></Placemark>
<Placemark><name>T_0300126013</name><styleUrl>#styleDaimonCIRCUITO254TRECHO</styleUrl><LineString><coordinates>-48.886475,-10.158517,0 -48.886492,-10.158509,0</coordinates></LineString></Placemark>
<Placemark><name>42278932</name><styleUrl>#styleDaimonCIRCUITO254TRECHO</styleUrl><LineString><coordinates>-48.886367,-10.158691,0 -48.886357,-10.158671,0</coordinates></LineString></Placemark>
<Placemark><name>3424556</name><styleUrl>#styleDaimonCIRCUITO254TRECHO</styleUrl><LineString><coordinates>-48.886201,-10.158362,0 -48.885938,-10.157828,0</coordinates></LineString></Placemark>
<Placemark><name>2614707</name><styleUrl>#styleDaimonCIRCUITO254TRECHO</styleUrl><LineString><coordinates>-48.886876,-10.159741,0 -48.886367,-10.158691,0</coordinates></LineString></Placemark>
<Placemark><name>2497787</name><styleUrl>#styleDaimonCIRCUITO254TRECHO</styleUrl><LineString><coordinates>-48.885938,-10.157828,0 -48.885041,-10.155979,0</coordinates></LineString></Placemark>
<Placemark><name>3425583</name><styleUrl>#styleDaimonCIRCUITO254TRECHO</styleUrl><LineString><coordinates>-48.883688,-10.154658,0 -48.883767,-10.154408,0</coordinates></LineString></Placemark>
<Placemark><name>2481013</name><styleUrl>#styleDaimonCIRCUITO254TRECHO</styleUrl><LineString><coordinates>-48.883430,-10.155595,0 -48.883688,-10.154658,0</coordinates></LineString></Placemark>
<Placemark><name>12068172</name><styleUrl>#styleDaimonCIRCUITO254TRECHO</styleUrl><LineString><coordinates>-48.883443,-10.155581,0 -48.883430,-10.155595,0</coordinates></LineString></Placemark>
<Placemark><name>12068171</name><styleUrl>#styleDaimonCIRCUITO254TRECHO</styleUrl><LineString><coordinates>-48.883430,-10.155595,0 -48.883401,-10.155587,0</coordinates></LineString></Placemark>
<Placemark><name>39180405</name><styleUrl>#styleDaimonCIRCUITO254TRECHO</styleUrl><LineString><coordinates>-48.883430,-10.155595,0 -48.883318,-10.155858,0</coordinates></LineString></Placemark>
<Placemark><name>39181887</name><styleUrl>#styleDaimonCIRCUITO254TRECHO</styleUrl><LineString><coordinates>-48.883543,-10.155520,0 -48.883443,-10.155581,0</coordinates></LineString></Placemark>
<Placemark><name>2481014</name><styleUrl>#styleDaimonCIRCUITO254TRECHO</styleUrl><LineString><coordinates>-48.883401,-10.155587,0 -48.882732,-10.155162,0</coordinates></LineString></Placemark>
<Placemark><name>12077115</name><styleUrl>#styleDaimonCIRCUITO254TRECHO</styleUrl><LineString><coordinates>-48.883236,-10.156123,0 -48.883204,-10.156115,0</coordinates></LineString></Placemark>
<Placemark><name>2481012</name><styleUrl>#styleDaimonCIRCUITO254TRECHO</styleUrl><LineString><coordinates>-48.883204,-10.156115,0 -48.883224,-10.155952,0</coordinates></LineString></Placemark>
<Placemark><name>39181120</name><styleUrl>#styleDaimonCIRCUITO254TRECHO</styleUrl><LineString><coordinates>-48.883236,-10.156123,0 -48.883231,-10.156145,0</coordinates></LineString></Placemark>
<Placemark><name>39180413</name><styleUrl>#styleDaimonCIRCUITO254TRECHO</styleUrl><LineString><coordinates>-48.883311,-10.155885,0 -48.883236,-10.156123,0</coordinates></LineString></Placemark>
<Placemark><name>39180437</name><styleUrl>#styleDaimonCIRCUITO254TRECHO</styleUrl><LineString><coordinates>-48.883231,-10.156145,0 -48.883067,-10.156668,0</coordinates></LineString></Placemark>
<Placemark><name>39180422</name><styleUrl>#styleDaimonCIRCUITO254TRECHO</styleUrl><LineString><coordinates>-48.883067,-10.156668,0 -48.882984,-10.156945,0</coordinates></LineString></Placemark>
<Placemark><name>38367282</name><styleUrl>#styleDaimonCIRCUITO254TRECHO</styleUrl><LineString><coordinates>-48.882699,-10.155175,0 -48.882403,-10.155295,0</coordinates></LineString></Placemark>
<Placemark><name>39181152</name><styleUrl>#styleDaimonCIRCUITO254TRECHO</styleUrl><LineString><coordinates>-48.881410,-10.163657,0 -48.881408,-10.163686,0</coordinates></LineString></Placemark>
<Placemark><name>39180957</name><styleUrl>#styleDaimonCIRCUITO254TRECHO</styleUrl><LineString><coordinates>-48.881771,-10.161555,0 -48.881410,-10.163657,0</coordinates></LineString></Placemark>
<Placemark><name>39180667</name><styleUrl>#styleDaimonCIRCUITO254TRECHO</styleUrl><LineString><coordinates>-48.881408,-10.163686,0 -48.881386,-10.163920,0</coordinates></LineString></Placemark>
<Placemark><name>39181144</name><styleUrl>#styleDaimonCIRCUITO254TRECHO</styleUrl><LineString><coordinates>-48.881778,-10.161524,0 -48.881771,-10.161555,0</coordinates></LineString></Placemark>
<Placemark><name>39180948</name><styleUrl>#styleDaimonCIRCUITO254TRECHO</styleUrl><LineString><coordinates>-48.881949,-10.160743,0 -48.881778,-10.161524,0</coordinates></LineString></Placemark>
<Placemark><name>39181136</name><styleUrl>#styleDaimonCIRCUITO254TRECHO</styleUrl><LineString><coordinates>-48.881955,-10.160711,0 -48.881949,-10.160743,0</coordinates></LineString></Placemark>
<Placemark><name>39180939</name><styleUrl>#styleDaimonCIRCUITO254TRECHO</styleUrl><LineString><coordinates>-48.882050,-10.160275,0 -48.881955,-10.160711,0</coordinates></LineString></Placemark>
<Placemark><name>39181128</name><styleUrl>#styleDaimonCIRCUITO254TRECHO</styleUrl><LineString><coordinates>-48.882057,-10.160246,0 -48.882050,-10.160275,0</coordinates></LineString></Placemark>
<Placemark><name>39180590</name><styleUrl>#styleDaimonCIRCUITO254TRECHO</styleUrl><LineString><coordinates>-48.882197,-10.159617,0 -48.882057,-10.160246,0</coordinates></LineString></Placemark>
<Placemark><name>12073867</name><styleUrl>#styleDaimonCIRCUITO254TRECHO</styleUrl><LineString><coordinates>-48.882197,-10.159617,0 -48.882236,-10.159627,0</coordinates></LineString></Placemark>
<Placemark><name>39180578</name><styleUrl>#styleDaimonCIRCUITO254TRECHO</styleUrl><LineString><coordinates>-48.882289,-10.159198,0 -48.882197,-10.159617,0</coordinates></LineString></Placemark>
<Placemark><name>2532923</name><styleUrl>#styleDaimonCIRCUITO254TRECHO</styleUrl><LineString><coordinates>-48.882236,-10.159627,0 -48.882549,-10.159680,0</coordinates></LineString></Placemark>
<Placemark><name>12071553</name><styleUrl>#styleDaimonCIRCUITO254TRECHO</styleUrl><LineString><coordinates>-48.882300,-10.159165,0 -48.882289,-10.159198,0</coordinates></LineString></Placemark>
<Placemark><name>39180492</name><styleUrl>#styleDaimonCIRCUITO254TRECHO</styleUrl><LineString><coordinates>-48.882749,-10.157706,0 -48.882300,-10.159165,0</coordinates></LineString></Placemark>
<Placemark><name>39180487</name><styleUrl>#styleDaimonCIRCUITO254TRECHO</styleUrl><LineString><coordinates>-48.882976,-10.156971,0 -48.882749,-10.157706,0</coordinates></LineString></Placemark>
<Placemark><name>39180746</name><styleUrl>#styleDaimonCIRCUITO254TRECHO</styleUrl><LineString><coordinates>-48.881318,-10.165664,0 -48.881306,-10.165948,0</coordinates></LineString></Placemark>
<Placemark><name>39180736</name><styleUrl>#styleDaimonCIRCUITO254TRECHO</styleUrl><LineString><coordinates>-48.881306,-10.165948,0 -48.881303,-10.166027,0</coordinates></LineString></Placemark>
<Placemark><name>2505163</name><styleUrl>#styleDaimonCIRCUITO254TRECHO</styleUrl><LineString><coordinates>-48.881306,-10.165948,0 -48.881369,-10.165952,0</coordinates></LineString></Placemark>
<Placemark><name>2712510</name><styleUrl>#styleDaimonCIRCUITO254TRECHO</styleUrl><LineString><coordinates>-48.881306,-10.165948,0 -48.880586,-10.165927,0</coordinates></LineString></Placemark>
<Placemark><name>39180716</name><styleUrl>#styleDaimonCIRCUITO254TRECHO</styleUrl><LineString><coordinates>-48.881340,-10.165114,0 -48.881318,-10.165664,0</coordinates></LineString></Placemark>
<Placemark><name>39181160</name><styleUrl>#styleDaimonCIRCUITO254TRECHO</styleUrl><LineString><coordinates>-48.881303,-10.166027,0 -48.881303,-10.166052,0</coordinates></LineString></Placemark>
<Placemark><name>2712513</name><styleUrl>#styleDaimonCIRCUITO254TRECHO</styleUrl><LineString><coordinates>-48.880586,-10.165927,0 -48.880583,-10.166057,0</coordinates></LineString></Placemark>
<Placemark><name>2712512</name><styleUrl>#styleDaimonCIRCUITO254TRECHO</styleUrl><LineString><coordinates>-48.880586,-10.165927,0 -48.880591,-10.165853,0</coordinates></LineString></Placemark>
<Placemark><name>2712511</name><styleUrl>#styleDaimonCIRCUITO254TRECHO</styleUrl><LineString><coordinates>-48.880586,-10.165927,0 -48.880456,-10.165924,0</coordinates></LineString></Placemark>
<Placemark><name>39181876</name><styleUrl>#styleDaimonCIRCUITO254TRECHO</styleUrl><LineString><coordinates>-48.881385,-10.163961,0 -48.881340,-10.165114,0</coordinates></LineString></Placemark>
<Placemark><name>39180755</name><styleUrl>#styleDaimonCIRCUITO254TRECHO</styleUrl><LineString><coordinates>-48.881303,-10.166052,0 -48.881290,-10.166374,0</coordinates></LineString></Placemark>
<Placemark><name>39181168</name><styleUrl>#styleDaimonCIRCUITO254TRECHO</styleUrl><LineString><coordinates>-48.881290,-10.166374,0 -48.881290,-10.166399,0</coordinates></LineString></Placemark>
<Placemark><name>39180781</name><styleUrl>#styleDaimonCIRCUITO254TRECHO</styleUrl><LineString><coordinates>-48.881290,-10.166399,0 -48.881215,-10.168266,0</coordinates></LineString></Placemark>
<Placemark><name>39181190</name><styleUrl>#styleDaimonCIRCUITO254TRECHO</styleUrl><LineString><coordinates>-48.881215,-10.168266,0 -48.881215,-10.168292,0</coordinates></LineString></Placemark>
<Placemark><name>39180841</name><styleUrl>#styleDaimonCIRCUITO254TRECHO</styleUrl><LineString><coordinates>-48.881215,-10.168292,0 -48.881205,-10.168529,0</coordinates></LineString></Placemark>
<Placemark><name>Suporte Chave DJ_AL01062013_FICT</name><styleUrl>#styleDaimonCIRCUITO254TRECHO</styleUrl><LineString><coordinates>-48.897165,-10.180351,0 -48.897385,-10.180145,0</coordinates></LineString></Placemark>
<Placemark><name>Suporte Chave 8800001013</name><styleUrl>#styleDaimonCIRCUITO254TRECHO</styleUrl><LineString><coordinates>-48.897123,-10.179977,0 -48.897122,-10.179975,0</coordinates></LineString></Placemark>
<Placemark><name>Suporte Chave 8802191013</name><styleUrl>#styleDaimonCIRCUITO254TRECHO</styleUrl><LineString><coordinates>-48.897310,-10.179644,0 -48.897327,-10.179616,0</coordinates></LineString></Placemark>
<Placemark><name>Suporte Chave 8856350013</name><styleUrl>#styleDaimonCIRCUITO254TRECHO</styleUrl><LineString><coordinates>-48.893629,-10.176714,0 -48.893606,-10.176703,0</coordinates></LineString></Placemark>
<Placemark><name>Suporte Chave 8855938013</name><styleUrl>#styleDaimonCIRCUITO254TRECHO</styleUrl><LineString><coordinates>-48.893162,-10.176235,0 -48.893179,-10.176209,0</coordinates></LineString></Placemark>
<Placemark><name>Suporte Chave 8831540013</name><styleUrl>#styleDaimonCIRCUITO254TRECHO</styleUrl><LineString><coordinates>-48.895617,-10.173794,0 -48.895644,-10.173796,0</coordinates></LineString></Placemark>
<Placemark><name>Suporte Chave 8841998013</name><styleUrl>#styleDaimonCIRCUITO254TRECHO</styleUrl><LineString><coordinates>-48.894627,-10.172375,0 -48.894651,-10.172358,0</coordinates></LineString></Placemark>
<Placemark><name>Suporte Chave 8800859013</name><styleUrl>#styleDaimonCIRCUITO254TRECHO</styleUrl><LineString><coordinates>-48.893276,-10.171312,0 -48.893260,-10.171292,0</coordinates></LineString></Placemark>
<Placemark><name>Suporte Chave 7900117013</name><styleUrl>#styleDaimonCIRCUITO254TRECHO</styleUrl><LineString><coordinates>-48.889114,-10.166404,0 -48.889112,-10.166404,0</coordinates></LineString></Placemark>
<Placemark><name>Suporte Chave 8800120013</name><styleUrl>#styleDaimonCIRCUITO254TRECHO</styleUrl><LineString><coordinates>-48.888990,-10.165868,0 -48.888979,-10.165843,0</coordinates></LineString></Placemark>
<Placemark><name>Suporte Chave 8854540013</name><styleUrl>#styleDaimonCIRCUITO254TRECHO</styleUrl><LineString><coordinates>-48.886687,-10.159514,0 -48.886674,-10.159486,0</coordinates></LineString></Placemark>
<Placemark><name>Suporte Chave 8855401013</name><styleUrl>#styleDaimonCIRCUITO254TRECHO</styleUrl><LineString><coordinates>-48.887697,-10.161838,0 -48.887715,-10.161831,0</coordinates></LineString></Placemark>
<Placemark><name>Suporte Chave 8855387013</name><styleUrl>#styleDaimonCIRCUITO254TRECHO</styleUrl><LineString><coordinates>-48.885022,-10.156111,0 -48.885034,-10.156136,0</coordinates></LineString></Placemark>
<Placemark><name>Suporte Chave 8802288013</name><styleUrl>#styleDaimonCIRCUITO254TRECHO</styleUrl><LineString><coordinates>-48.886889,-10.159769,0 -48.886876,-10.159741,0</coordinates></LineString></Placemark>
<Placemark><name>Suporte Chave 8835680013</name><styleUrl>#styleDaimonCIRCUITO254TRECHO</styleUrl><LineString><coordinates>-48.883554,-10.155513,0 -48.883543,-10.155520,0</coordinates></LineString></Placemark>
<Placemark><name>Suporte Chave 8855408013</name><styleUrl>#styleDaimonCIRCUITO254TRECHO</styleUrl><LineString><coordinates>-48.883318,-10.155858,0 -48.883311,-10.155885,0</coordinates></LineString></Placemark>
<Placemark><name>Suporte Chave 8801899013</name><styleUrl>#styleDaimonCIRCUITO254TRECHO</styleUrl><LineString><coordinates>-48.882732,-10.155162,0 -48.882699,-10.155175,0</coordinates></LineString></Placemark>
<Placemark><name>Suporte Chave 8855400013</name><styleUrl>#styleDaimonCIRCUITO254TRECHO</styleUrl><LineString><coordinates>-48.882984,-10.156945,0 -48.882976,-10.156971,0</coordinates></LineString></Placemark>
<Placemark><name>Suporte Chave 8800738013</name><styleUrl>#styleDaimonCIRCUITO254TRECHO</styleUrl><LineString><coordinates>-48.881386,-10.163920,0 -48.881385,-10.163961,0</coordinates></LineString></Placemark>
<Placemark><name>Suporte Chave 8801909013</name><styleUrl>#styleDaimonCIRCUITO254TRECHO</styleUrl><LineString><coordinates>-48.885041,-10.155979,0 -48.885031,-10.155976,0</coordinates></LineString></Placemark>
<Placemark><name>Suporte Chave 8000117013</name><styleUrl>#styleDaimonCIRCUITO254TRECHO</styleUrl><LineString><coordinates>-48.889112,-10.166361,0 -48.889108,-10.166363,0</coordinates></LineString></Placemark>
<Placemark><name>Suporte Chave 8802125013</name><styleUrl>#styleDaimonCIRCUITO254TRECHO</styleUrl><LineString><coordinates>-48.889673,-10.163823,0 -48.889661,-10.163783,0</coordinates></LineString></Placemark>
<Placemark><name>Suporte Chave 8802013013</name><styleUrl>#styleDaimonCIRCUITO254TRECHO</styleUrl><LineString><coordinates>-48.886955,-10.153167,0 -48.886982,-10.153159,0</coordinates></LineString></Placemark>
<Placemark><name>Suporte Chave 8845817013</name><styleUrl>#styleDaimonCIRCUITO254TRECHO</styleUrl><LineString><coordinates>-48.888717,-10.161693,0 -48.888735,-10.161730,0</coordinates></LineString></Placemark>
</Folder>
</Folder>
<Style id="styleDaimonCIRCUITO255TRECHO"><LineStyle><color>ff008080</color><width>2.00</width></LineStyle></Style>
<Folder>
<name>Circ_AL02062013</name>
<Folder>
<name>Chave</name>
<Placemark><name>DJ_AL02062013_FICT</name><visibility>0</visibility><LookAt><longitude>-48.897262</longitude><latitude>-10.180269</latitude><altitude>1200.0</altitude><altitudeMode>absolute</altitudeMode></LookAt><styleUrl>#mapDaimonCorBranco</styleUrl><Point><coordinates>-48.897262,-10.180269,0</coordinates></Point></Placemark>
<Placemark><name>8800007013</name><visibility>0</visibility><LookAt><longitude>-48.897088</longitude><latitude>-10.180018</latitude><altitude>1200.0</altitude><altitudeMode>absolute</altitudeMode></LookAt><styleUrl>#mapDaimonCorAzul</styleUrl><Point><coordinates>-48.897088,-10.180018,0</coordinates></Point></Placemark>
<Placemark><name>8800025013</name><visibility>0</visibility><LookAt><longitude>-48.897010</longitude><latitude>-10.180017</latitude><altitude>1200.0</altitude><altitudeMode>absolute</altitudeMode></LookAt><styleUrl>#mapDaimonCorAzul</styleUrl><Point><coordinates>-48.897010,-10.180017,0</coordinates></Point></Placemark>
<Placemark><name>8802270013</name><visibility>0</visibility><LookAt><longitude>-48.896892</longitude><latitude>-10.180216</latitude><altitude>1200.0</altitude><altitudeMode>absolute</altitudeMode></LookAt><styleUrl>#mapDaimonCorAzul</styleUrl><Point><coordinates>-48.896892,-10.180216,0</coordinates></Point></Placemark>
<Placemark><name>8800029013</name><visibility>0</visibility><LookAt><longitude>-48.894764</longitude><latitude>-10.180723</latitude><altitude>1200.0</altitude><altitudeMode>absolute</altitudeMode></LookAt><styleUrl>#mapDaimonCorAzul</styleUrl><Point><coordinates>-48.894764,-10.180723,0</coordinates></Point></Placemark>
<Placemark><name>8832122013</name><visibility>0</visibility><LookAt><longitude>-48.894591</longitude><latitude>-10.180631</latitude><altitude>1200.0</altitude><altitudeMode>absolute</altitudeMode></LookAt><styleUrl>#mapDaimonCorAzul</styleUrl><Point><coordinates>-48.894591,-10.180631,0</coordinates></Point></Placemark>
<Placemark><name>8800028013</name><visibility>0</visibility><LookAt><longitude>-48.895381</longitude><latitude>-10.181324</latitude><altitude>1200.0</altitude><altitudeMode>absolute</altitudeMode></LookAt><styleUrl>#mapDaimonCorAzul</styleUrl><Point><coordinates>-48.895381,-10.181324,0</coordinates></Point></Placemark>
<Placemark><name>8827121013</name><visibility>0</visibility><LookAt><longitude>-48.892946</longitude><latitude>-10.179746</latitude><altitude>1200.0</altitude><altitudeMode>absolute</altitudeMode></LookAt><styleUrl>#mapDaimonCorAzul</styleUrl><Point><coordinates>-48.892946,-10.179746,0</coordinates></Point></Placemark>
<Placemark><name>8801080013</name><visibility>0</visibility><LookAt><longitude>-48.892647</longitude><latitude>-10.188660</latitude><altitude>1200.0</altitude><altitudeMode>absolute</altitudeMode></LookAt><styleUrl>#mapDaimonCorAzul</styleUrl><Point><coordinates>-48.892647,-10.188660,0</coordinates></Point></Placemark>
<Placemark><name>8802280013</name><visibility>0</visibility><LookAt><longitude>-48.891713</longitude><latitude>-10.179085</latitude><altitude>1200.0</altitude><altitudeMode>absolute</altitudeMode></LookAt><styleUrl>#mapDaimonCorAzul</styleUrl><Point><coordinates>-48.891713,-10.179085,0</coordinates></Point></Placemark>
<Placemark><name>8800283013</name><visibility>0</visibility><LookAt><longitude>-48.891265</longitude><latitude>-10.192234</latitude><altitude>1200.0</altitude><altitudeMode>absolute</altitudeMode></LookAt><styleUrl>#mapDaimonCorAzul</styleUrl><Point><coordinates>-48.891265,-10.192234,0</coordinates></Point></Placemark>
<Placemark><name>8800036013</name><visibility>0</visibility><LookAt><longitude>-48.889775</longitude><latitude>-10.178041</latitude><altitude>1200.0</altitude><altitudeMode>absolute</altitudeMode></LookAt><styleUrl>#mapDaimonCorAzul</styleUrl><Point><coordinates>-48.889775,-10.178041,0</coordinates></Point></Placemark>
<Placemark><name>7931333013</name><visibility>0</visibility><LookAt><longitude>-48.890304</longitude><latitude>-10.191761</latitude><altitude>1200.0</altitude><altitudeMode>absolute</altitudeMode></LookAt><styleUrl>#mapDaimonCorVerde</styleUrl><Point><coordinates>-48.890304,-10.191761,0</coordinates></Point></Placemark>
<Placemark><name>7908690013</name><visibility>0</visibility><LookAt><longitude>-48.891291</longitude><latitude>-10.192228</latitude><altitude>1200.0</altitude><altitudeMode>absolute</altitudeMode></LookAt><styleUrl>#mapDaimonCorVerde</styleUrl><Point><coordinates>-48.891291,-10.192228,0</coordinates></Point></Placemark>
<Placemark><name>8800039013</name><visibility>0</visibility><LookAt><longitude>-48.889478</longitude><latitude>-10.177882</latitude><altitude>1200.0</altitude><altitudeMode>absolute</altitudeMode></LookAt><styleUrl>#mapDaimonCorAzul</styleUrl><Point><coordinates>-48.889478,-10.177882,0</coordinates></Point></Placemark>
<Placemark><name>8802003013</name><visibility>0</visibility><LookAt><longitude>-48.888212</longitude><latitude>-10.195259</latitude><altitude>1200.0</altitude><altitudeMode>absolute</altitudeMode></LookAt><styleUrl>#mapDaimonCorAzul</styleUrl><Point><coordinates>-48.888212,-10.195259,0</coordinates></Point></Placemark>
<Placemark><name>8802067013</name><visibility>0</visibility><LookAt><longitude>-48.891545</longitude><latitude>-10.194854</latitude><altitude>1200.0</altitude><altitudeMode>absolute</altitudeMode></LookAt><styleUrl>#mapDaimonCorAzul</styleUrl><Point><coordinates>-48.891545,-10.194854,0</coordinates></Point></Placemark>
<Placemark><name>8802204013</name><visibility>0</visibility><LookAt><longitude>-48.886831</longitude><latitude>-10.194635</latitude><altitude>1200.0</altitude><altitudeMode>absolute</altitudeMode></LookAt><styleUrl>#mapDaimonCorAzul</styleUrl><Point><coordinates>-48.886831,-10.194635,0</coordinates></Point></Placemark>
<Placemark><name>8802722013</name><visibility>0</visibility><LookAt><longitude>-48.886817</longitude><latitude>-10.195294</latitude><altitude>1200.0</altitude><altitudeMode>absolute</altitudeMode></LookAt><styleUrl>#mapDaimonCorAzul</styleUrl><Point><coordinates>-48.886817,-10.195294,0</coordinates></Point></Placemark>
<Placemark><name>8800109013</name><visibility>0</visibility><LookAt><longitude>-48.886236</longitude><latitude>-10.192733</latitude><altitude>1200.0</altitude><altitudeMode>absolute</altitudeMode></LookAt><styleUrl>#mapDaimonCorAzul</styleUrl><Point><coordinates>-48.886236,-10.192733,0</coordinates></Point></Placemark>
<Placemark><name>8802723013</name><visibility>0</visibility><LookAt><longitude>-48.884747</longitude><latitude>-10.194668</latitude><altitude>1200.0</altitude><altitudeMode>absolute</altitudeMode></LookAt><styleUrl>#mapDaimonCorAzul</styleUrl><Point><coordinates>-48.884747,-10.194668,0</coordinates></Point></Placemark>
<Placemark><name>8801772013</name><visibility>0</visibility><LookAt><longitude>-48.896807</longitude><latitude>-10.198239</latitude><altitude>1200.0</altitude><altitudeMode>absolute</altitudeMode></LookAt><styleUrl>#mapDaimonCorAzul</styleUrl><Point><coordinates>-48.896807,-10.198239,0</coordinates></Point></Placemark>
<Placemark><name>8841988013</name><visibility>0</visibility><LookAt><longitude>-48.884045</longitude><latitude>-10.194798</latitude><altitude>1200.0</altitude><altitudeMode>absolute</altitudeMode></LookAt><styleUrl>#mapDaimonCorAzul</styleUrl><Point><coordinates>-48.884045,-10.194798,0</coordinates></Point></Placemark>
<Placemark><name>8802012013</name><visibility>0</visibility><LookAt><longitude>-48.895752</longitude><latitude>-10.192873</latitude><altitude>1200.0</altitude><altitudeMode>absolute</altitudeMode></LookAt><styleUrl>#mapDaimonCorAzul</styleUrl><Point><coordinates>-48.895752,-10.192873,0</coordinates></Point></Placemark>
<Placemark><name>8853060013</name><visibility>0</visibility><LookAt><longitude>-48.894389</longitude><latitude>-10.192150</latitude><altitude>1200.0</altitude><altitudeMode>absolute</altitudeMode></LookAt><styleUrl>#mapDaimonCorAzul</styleUrl><Point><coordinates>-48.894389,-10.192150,0</coordinates></Point></Placemark>
<Placemark><name>8841694013</name><visibility>0</visibility><LookAt><longitude>-48.901375</longitude><latitude>-10.191903</latitude><altitude>1200.0</altitude><altitudeMode>absolute</altitudeMode></LookAt><styleUrl>#mapDaimonCorAzul</styleUrl><Point><coordinates>-48.901375,-10.191903,0</coordinates></Point></Placemark>
<Placemark><name>8800026013</name><visibility>0</visibility><LookAt><longitude>-48.895656</longitude><latitude>-10.181203</latitude><altitude>1200.0</altitude><altitudeMode>absolute</altitudeMode></LookAt><styleUrl>#mapDaimonCorAzul</styleUrl><Point><coordinates>-48.895656,-10.181203,0</coordinates></Point></Placemark>
<Placemark><name>8802002013</name><visibility>0</visibility><LookAt><longitude>-48.890408</longitude><latitude>-10.196497</latitude><altitude>1200.0</altitude><altitudeMode>absolute</altitudeMode></LookAt><styleUrl>#mapDaimonCorAzul</styleUrl><Point><coordinates>-48.890408,-10.196497,0</coordinates></Point></Placemark>
<Placemark><name>8800105013</name><visibility>0</visibility><LookAt><longitude>-48.885856</longitude><latitude>-10.194100</latitude><altitude>1200.0</altitude><altitudeMode>absolute</altitudeMode></LookAt><styleUrl>#mapDaimonCorAzul</styleUrl><Point><coordinates>-48.885856,-10.194100,0</coordinates></Point></Placemark>
<Placemark><name>8802004013</name><visibility>0</visibility><LookAt><longitude>-48.888306</longitude><latitude>-10.195403</latitude><altitude>1200.0</altitude><altitudeMode>absolute</altitudeMode></LookAt><styleUrl>#mapDaimonCorAzul</styleUrl><Point><coordinates>-48.888306,-10.195403,0</coordinates></Point></Placemark>
<Placemark><name>8800066013</name><visibility>0</visibility><LookAt><longitude>-48.891283</longitude><latitude>-10.191330</latitude><altitude>1200.0</altitude><altitudeMode>absolute</altitudeMode></LookAt><styleUrl>#mapDaimonCorAzul</styleUrl><Point><coordinates>-48.891283,-10.191330,0</coordinates></Point></Placemark>
<Placemark><name>8031333013</name><visibility>0</visibility><LookAt><longitude>-48.890314</longitude><latitude>-10.191720</latitude><altitude>1200.0</altitude><altitudeMode>absolute</altitudeMode></LookAt><styleUrl>#mapDaimonCorBranco</styleUrl><Point><coordinates>-48.890314,-10.191720,0</coordinates></Point></Placemark>
<Placemark><name>8802026013</name><visibility>0</visibility><LookAt><longitude>-48.885219</longitude><latitude>-10.193724</latitude><altitude>1200.0</altitude><altitudeMode>absolute</altitudeMode></LookAt><styleUrl>#mapDaimonCorAzul</styleUrl><Point><coordinates>-48.885219,-10.193724,0</coordinates></Point></Placemark>
</Folder>
<Folder>
<name>Trecho</name>
<Placemark><name>2503413</name><styleUrl>#styleDaimonCIRCUITO255TRECHO</styleUrl><LineString><coordinates>-48.897360,-10.180187,0 -48.897090,-10.180019,0</coordinates></LineString></Placemark>
<Placemark><name>12081086</name><styleUrl>#styleDaimonCIRCUITO255TRECHO</styleUrl><LineString><coordinates>-48.897052,-10.179942,0 -48.897069,-10.179949,0</coordinates></LineString></Placemark>
<Placemark><name>2913119</name><styleUrl>#styleDaimonCIRCUITO255TRECHO</styleUrl><LineString><coordinates>-48.897039,-10.179968,0 -48.897052,-10.179942,0</coordinates></LineString></Placemark>
<Placemark><name>2913121</name><styleUrl>#styleDaimonCIRCUITO255TRECHO</styleUrl><LineString><coordinates>-48.897052,-10.179942,0 -48.897067,-10.179888,0</coordinates></LineString></Placemark>
<Placemark><name>2913120</name><styleUrl>#styleDaimonCIRCUITO255TRECHO</styleUrl><LineString><coordinates>-48.897069,-10.179949,0 -48.897100,-10.179942,0</coordinates></LineString></Placemark>
<Placemark><name>12083360</name><styleUrl>#styleDaimonCIRCUITO255TRECHO</styleUrl><LineString><coordinates>-48.897039,-10.179968,0 -48.897021,-10.179999,0</coordinates></LineString></Placemark>
<Placemark><name>12079498</name><styleUrl>#styleDaimonCIRCUITO255TRECHO</styleUrl><LineString><coordinates>-48.897049,-10.179996,0 -48.897039,-10.179968,0</coordinates></LineString></Placemark>
<Placemark><name>3631032</name><styleUrl>#styleDaimonCIRCUITO255TRECHO</styleUrl><LineString><coordinates>-48.897021,-10.179999,0 -48.897011,-10.180015,0</coordinates></LineString></Placemark>
<Placemark><name>2503412</name><styleUrl>#styleDaimonCIRCUITO255TRECHO</styleUrl><LineString><coordinates>-48.897087,-10.180017,0 -48.897049,-10.179996,0</coordinates></LineString></Placemark>
<Placemark><name>12071886</name><styleUrl>#styleDaimonCIRCUITO255TRECHO</styleUrl><LineString><coordinates>-48.896996,-10.180040,0 -48.897017,-10.180037,0</coordinates></LineString></Placemark>
<Placemark><name>3279279</name><styleUrl>#styleDaimonCIRCUITO255TRECHO</styleUrl><LineString><coordinates>-48.897017,-10.180037,0 -48.897033,-10.180045,0</coordinates></LineString></Placemark>
<Placemark><name>3666439</name><styleUrl>#styleDaimonCIRCUITO255TRECHO</styleUrl><LineString><coordinates>-48.897010,-10.180018,0 -48.896996,-10.180040,0</coordinates></LineString></Placemark>
<Placemark><name>3638492</name><styleUrl>#styleDaimonCIRCUITO255TRECHO</styleUrl><LineString><coordinates>-48.896996,-10.180040,0 -48.896899,-10.180210,0</coordinates></LineString></Placemark>
<Placemark><name>2505962</name><styleUrl>#styleDaimonCIRCUITO255TRECHO</styleUrl><LineString><coordinates>-48.894638,-10.180655,0 -48.894752,-10.180717,0</coordinates></LineString></Placemark>
<Placemark><name>2489040</name><styleUrl>#styleDaimonCIRCUITO255TRECHO</styleUrl><LineString><coordinates>-48.895222,-10.179559,0 -48.894638,-10.180655,0</coordinates></LineString></Placemark>
<Placemark><name>2505963</name><styleUrl>#styleDaimonCIRCUITO255TRECHO</styleUrl><LineString><coordinates>-48.894638,-10.180655,0 -48.894607,-10.180639,0</coordinates></LineString></Placemark>
<Placemark><name>2505956</name><styleUrl>#styleDaimonCIRCUITO255TRECHO</styleUrl><LineString><coordinates>-48.894638,-10.180655,0 -48.894601,-10.180728,0</coordinates></LineString></Placemark>
<Placemark><name>12083371</name><styleUrl>#styleDaimonCIRCUITO255TRECHO</styleUrl><LineString><coordinates>-48.895245,-10.179570,0 -48.895222,-10.179559,0</coordinates></LineString></Placemark>
<Placemark><name>3631083</name><styleUrl>#styleDaimonCIRCUITO255TRECHO</styleUrl><LineString><coordinates>-48.895222,-10.179559,0 -48.895550,-10.178946,0</coordinates></LineString></Placemark>
<Placemark><name>3631087</name><styleUrl>#styleDaimonCIRCUITO255TRECHO</styleUrl><LineString><coordinates>-48.895555,-10.179727,0 -48.895245,-10.179570,0</coordinates></LineString></Placemark>
<Placemark><name>12078681</name><styleUrl>#styleDaimonCIRCUITO255TRECHO</styleUrl><LineString><coordinates>-48.895587,-10.179743,0 -48.895555,-10.179727,0</coordinates></LineString></Placemark>
<Placemark><name>2621690</name><styleUrl>#styleDaimonCIRCUITO255TRECHO</styleUrl><LineString><coordinates>-48.896721,-10.180331,0 -48.895587,-10.179743,0</coordinates></LineString></Placemark>
<Placemark><name>12079610</name><styleUrl>#styleDaimonCIRCUITO255TRECHO</styleUrl><LineString><coordinates>-48.896751,-10.180325,0 -48.896721,-10.180331,0</coordinates></LineString></Placemark>
<Placemark><name>3279278</name><styleUrl>#styleDaimonCIRCUITO255TRECHO</styleUrl><LineString><coordinates>-48.896885,-10.180222,0 -48.896751,-10.180325,0</coordinates></LineString></Placemark>
<Placemark><name>2505645</name><styleUrl>#styleDaimonCIRCUITO255TRECHO</styleUrl><LineString><coordinates>-48.895484,-10.181111,0 -48.895388,-10.181310,0</coordinates></LineString></Placemark>
<Placemark><name>2505646</name><styleUrl>#styleDaimonCIRCUITO255TRECHO</styleUrl><LineString><coordinates>-48.895484,-10.181111,0 -48.895514,-10.181055,0</coordinates></LineString></Placemark>
<Placemark><name>2505644</name><styleUrl>#styleDaimonCIRCUITO255TRECHO</styleUrl><LineString><coordinates>-48.895484,-10.181111,0 -48.895642,-10.181195,0</coordinates></LineString></Placemark>
<Placemark><name>2602588</name><styleUrl>#styleDaimonCIRCUITO255TRECHO</styleUrl><LineString><coordinates>-48.894776,-10.180730,0 -48.895484,-10.181111,0</coordinates></LineString></Placemark>
<Placemark><name>2498086</name><styleUrl>#styleDaimonCIRCUITO255TRECHO</styleUrl><LineString><coordinates>-48.894576,-10.180623,0 -48.892956,-10.179752,0</coordinates></LineString></Placemark>
<Placemark><name>2505647</name><styleUrl>#styleDaimonCIRCUITO255TRECHO</styleUrl><LineString><coordinates>-48.895202,-10.181684,0 -48.895039,-10.182009,0</coordinates></LineString></Placemark>
<Placemark><name>2505556</name><styleUrl>#styleDaimonCIRCUITO255TRECHO</styleUrl><LineString><coordinates>-48.895039,-10.182009,0 -48.894609,-10.182875,0</coordinates></LineString></Placemark>
<Placemark><name>2721043</name><styleUrl>#styleDaimonCIRCUITO255TRECHO</styleUrl><LineString><coordinates>-48.895039,-10.182009,0 -48.895697,-10.182357,0</coordinates></LineString></Placemark>
<Placemark><name>2505649</name><styleUrl>#styleDaimonCIRCUITO255TRECHO</styleUrl><LineString><coordinates>-48.895039,-10.182009,0 -48.894770,-10.181867,0</coordinates></LineString></Placemark>
<Placemark><name>55564442</name><styleUrl>#styleDaimonCIRCUITO255TRECHO</styleUrl><LineString><coordinates>-48.895375,-10.181338,0 -48.895202,-10.181684,0</coordinates></LineString></Placemark>
<Placemark><name>2505558</name><styleUrl>#styleDaimonCIRCUITO255TRECHO</styleUrl><LineString><coordinates>-48.894609,-10.182875,0 -48.894521,-10.182829,0</coordinates></LineString></Placemark>
<Placemark><name>2498607</name><styleUrl>#styleDaimonCIRCUITO255TRECHO</styleUrl><LineString><coordinates>-48.894609,-10.182875,0 -48.895184,-10.183192,0</coordinates></LineString></Placemark>
<Placemark><name>31453023</name><styleUrl>#styleDaimonCIRCUITO255TRECHO</styleUrl><LineString><coordinates>-48.894609,-10.182875,0 -48.894581,-10.182934,0</coordinates></LineString></Placemark>
<Placemark><name>2721038</name><styleUrl>#styleDaimonCIRCUITO255TRECHO</styleUrl><LineString><coordinates>-48.895697,-10.182357,0 -48.895661,-10.182458,0</coordinates></LineString></Placemark>
<Placemark><name>2498657</name><styleUrl>#styleDaimonCIRCUITO255TRECHO</styleUrl><LineString><coordinates>-48.895697,-10.182357,0 -48.896244,-10.182648,0</coordinates></LineString></Placemark>
<Placemark><name>2721036</name><styleUrl>#styleDaimonCIRCUITO255TRECHO</styleUrl><LineString><coordinates>-48.895697,-10.182357,0 -48.895790,-10.182205,0</coordinates></LineString></Placemark>
<Placemark><name>12077881</name><styleUrl>#styleDaimonCIRCUITO255TRECHO</styleUrl><LineString><coordinates>-48.895184,-10.183192,0 -48.895207,-10.183204,0</coordinates></LineString></Placemark>
<Placemark><name>12079616</name><styleUrl>#styleDaimonCIRCUITO255TRECHO</styleUrl><LineString><coordinates>-48.896244,-10.182648,0 -48.896274,-10.182664,0</coordinates></LineString></Placemark>
<Placemark><name>2721039</name><styleUrl>#styleDaimonCIRCUITO255TRECHO</styleUrl><LineString><coordinates>-48.895790,-10.182205,0 -48.895958,-10.181885,0</coordinates></LineString></Placemark>
<Placemark><name>2504553</name><styleUrl>#styleDaimonCIRCUITO255TRECHO</styleUrl><LineString><coordinates>-48.895207,-10.183204,0 -48.895440,-10.183320,0</coordinates></LineString></Placemark>
<Placemark><name>2490946</name><styleUrl>#styleDaimonCIRCUITO255TRECHO</styleUrl><LineString><coordinates>-48.896274,-10.182664,0 -48.897146,-10.183127,0</coordinates></LineString></Placemark>
<Placemark><name>12071777</name><styleUrl>#styleDaimonCIRCUITO255TRECHO</styleUrl><LineString><coordinates>-48.895958,-10.181885,0 -48.895973,-10.181857,0</coordinates></LineString></Placemark>
<Placemark><name>12077880</name><styleUrl>#styleDaimonCIRCUITO255TRECHO</styleUrl><LineString><coordinates>-48.895440,-10.183320,0 -48.895425,-10.183327,0</coordinates></LineString></Placemark>
<Placemark><name>2490859</name><styleUrl>#styleDaimonCIRCUITO255TRECHO</styleUrl><LineString><coordinates>-48.895440,-10.183320,0 -48.895808,-10.183531,0</coordinates></LineString></Placemark>
<Placemark><name>2506015</name><styleUrl>#styleDaimonCIRCUITO255TRECHO</styleUrl><LineString><coordinates>-48.897146,-10.183127,0 -48.897117,-10.183183,0</coordinates></LineString></Placemark>
<Placemark><name>3440947</name><styleUrl>#styleDaimonCIRCUITO255TRECHO</styleUrl><LineString><coordinates>-48.897146,-10.183127,0 -48.897619,-10.182257,0</coordinates></LineString></Placemark>
<Placemark><name>2506013</name><styleUrl>#styleDaimonCIRCUITO255TRECHO</styleUrl><LineString><coordinates>-48.897146,-10.183127,0 -48.897207,-10.183158,0</coordinates></LineString></Placemark>
<Placemark><name>3585053</name><styleUrl>#styleDaimonCIRCUITO255TRECHO</styleUrl><LineString><coordinates>-48.895973,-10.181857,0 -48.896172,-10.181481,0</coordinates></LineString></Placemark>
<Placemark><name>2504365</name><styleUrl>#styleDaimonCIRCUITO255TRECHO</styleUrl><LineString><coordinates>-48.895425,-10.183327,0 -48.895257,-10.183672,0</coordinates></LineString></Placemark>
<Placemark><name>2504854</name><styleUrl>#styleDaimonCIRCUITO255TRECHO</styleUrl><LineString><coordinates>-48.897619,-10.182257,0 -48.897730,-10.182055,0</coordinates></LineString></Placemark>
<Placemark><name>2504856</name><styleUrl>#styleDaimonCIRCUITO255TRECHO</styleUrl><LineString><coordinates>-48.897619,-10.182257,0 -48.897529,-10.182210,0</coordinates></LineString></Placemark>
<Placemark><name>2504855</name><styleUrl>#styleDaimonCIRCUITO255TRECHO</styleUrl><LineString><coordinates>-48.897619,-10.182257,0 -48.898037,-10.182488,0</coordinates></LineString></Placemark>
<Placemark><name>12077220</name><styleUrl>#styleDaimonCIRCUITO255TRECHO</styleUrl><LineString><coordinates>-48.897207,-10.183158,0 -48.897239,-10.183176,0</coordinates></LineString></Placemark>
<Placemark><name>3585051</name><styleUrl>#styleDaimonCIRCUITO255TRECHO</styleUrl><LineString><coordinates>-48.896172,-10.181481,0 -48.896137,-10.181461,0</coordinates></LineString></Placemark>
<Placemark><name>3585052</name><styleUrl>#styleDaimonCIRCUITO255TRECHO</styleUrl><LineString><coordinates>-48.896172,-10.181481,0 -48.896397,-10.181602,0</coordinates></LineString></Placemark>
<Placemark><name>2721040</name><styleUrl>#styleDaimonCIRCUITO255TRECHO</styleUrl><LineString><coordinates>-48.896172,-10.181481,0 -48.896751,-10.180409,0</coordinates></LineString></Placemark>
<Placemark><name>12079501</name><styleUrl>#styleDaimonCIRCUITO255TRECHO</styleUrl><LineString><coordinates>-48.895257,-10.183672,0 -48.895240,-10.183702,0</coordinates></LineString></Placemark>
<Placemark><name>2810687</name><styleUrl>#styleDaimonCIRCUITO255TRECHO</styleUrl><LineString><coordinates>-48.897239,-10.183176,0 -48.897449,-10.183288,0</coordinates></LineString></Placemark>
<Placemark><name>12083846</name><styleUrl>#styleDaimonCIRCUITO255TRECHO</styleUrl><LineString><coordinates>-48.896137,-10.181461,0 -48.896107,-10.181446,0</coordinates></LineString></Placemark>
<Placemark><name>2498611</name><styleUrl>#styleDaimonCIRCUITO255TRECHO</styleUrl><LineString><coordinates>-48.895240,-10.183702,0 -48.894440,-10.185232,0</coordinates></LineString></Placemark>
<Placemark><name>2810688</name><styleUrl>#styleDaimonCIRCUITO255TRECHO</styleUrl><LineString><coordinates>-48.897449,-10.183288,0 -48.897708,-10.183426,0</coordinates></LineString></Placemark>
<Placemark><name>2602586</name><styleUrl>#styleDaimonCIRCUITO255TRECHO</styleUrl><LineString><coordinates>-48.896107,-10.181446,0 -48.895669,-10.181210,0</coordinates></LineString></Placemark>
<Placemark><name>12079500</name><styleUrl>#styleDaimonCIRCUITO255TRECHO</styleUrl><LineString><coordinates>-48.894440,-10.185232,0 -48.894425,-10.185262,0</coordinates></LineString></Placemark>
<Placemark><name>2616878</name><styleUrl>#styleDaimonCIRCUITO255TRECHO</styleUrl><LineString><coordinates>-48.894425,-10.185262,0 -48.893833,-10.186393,0</coordinates></LineString></Placemark>
<Placemark><name>12079499</name><styleUrl>#styleDaimonCIRCUITO255TRECHO</styleUrl><LineString><coordinates>-48.893833,-10.186393,0 -48.893818,-10.186423,0</coordinates></LineString></Placemark>
<Placemark><name>2491713</name><styleUrl>#styleDaimonCIRCUITO255TRECHO</styleUrl><LineString><coordinates>-48.893818,-10.186423,0 -48.893200,-10.187602,0</coordinates></LineString></Placemark>
<Placemark><name>12068047</name><styleUrl>#styleDaimonCIRCUITO255TRECHO</styleUrl><LineString><coordinates>-48.893200,-10.187602,0 -48.893186,-10.187632,0</coordinates></LineString></Placemark>
<Placemark><name>3666440</name><styleUrl>#styleDaimonCIRCUITO255TRECHO</styleUrl><LineString><coordinates>-48.893200,-10.187602,0 -48.893188,-10.187609,0</coordinates></LineString></Placemark>
<Placemark><name>2618335</name><styleUrl>#styleDaimonCIRCUITO255TRECHO</styleUrl><LineString><coordinates>-48.893186,-10.187632,0 -48.893027,-10.187935,0</coordinates></LineString></Placemark>
<Placemark><name>12067379</name><styleUrl>#styleDaimonCIRCUITO255TRECHO</styleUrl><LineString><coordinates>-48.893027,-10.187935,0 -48.893011,-10.187965,0</coordinates></LineString></Placemark>
<Placemark><name>2489621</name><styleUrl>#styleDaimonCIRCUITO255TRECHO</styleUrl><LineString><coordinates>-48.893011,-10.187965,0 -48.892839,-10.188294,0</coordinates></LineString></Placemark>
<Placemark><name>2488778</name><styleUrl>#styleDaimonCIRCUITO255TRECHO</styleUrl><LineString><coordinates>-48.892839,-10.188294,0 -48.892674,-10.188610,0</coordinates></LineString></Placemark>
<Placemark><name>T_8801080013</name><styleUrl>#styleDaimonCIRCUITO255TRECHO</styleUrl><LineString><coordinates>-48.892674,-10.188610,0 -48.892655,-10.188644,0</coordinates></LineString></Placemark>
<Placemark><name>2530460</name><styleUrl>#styleDaimonCIRCUITO255TRECHO</styleUrl><LineString><coordinates>-48.890385,-10.182941,0 -48.890256,-10.183179,0</coordinates></LineString></Placemark>
<Placemark><name>3441954</name><styleUrl>#styleDaimonCIRCUITO255TRECHO</styleUrl><LineString><coordinates>-48.890256,-10.183179,0 -48.890150,-10.183375,0</coordinates></LineString></Placemark>
<Placemark><name>2530461</name><styleUrl>#styleDaimonCIRCUITO255TRECHO</styleUrl><LineString><coordinates>-48.890385,-10.182941,0 -48.890570,-10.183059,0</coordinates></LineString></Placemark>
<Placemark><name>3441953</name><styleUrl>#styleDaimonCIRCUITO255TRECHO</styleUrl><LineString><coordinates>-48.890730,-10.182304,0 -48.890385,-10.182941,0</coordinates></LineString></Placemark>
<Placemark><name>2530468</name><styleUrl>#styleDaimonCIRCUITO255TRECHO</styleUrl><LineString><coordinates>-48.890385,-10.182941,0 -48.888570,-10.181941,0</coordinates></LineString></Placemark>
<Placemark><name>2482421</name><styleUrl>#styleDaimonCIRCUITO255TRECHO</styleUrl><LineString><coordinates>-48.891511,-10.180863,0 -48.890730,-10.182304,0</coordinates></LineString></Placemark>
<Placemark><name>2530462</name><styleUrl>#styleDaimonCIRCUITO255TRECHO</styleUrl><LineString><coordinates>-48.888570,-10.181941,0 -48.888325,-10.181812,0</coordinates></LineString></Placemark>
<Placemark><name>3614641</name><styleUrl>#styleDaimonCIRCUITO255TRECHO</styleUrl><LineString><coordinates>-48.891650,-10.180608,0 -48.891511,-10.180863,0</coordinates></LineString></Placemark>
<Placemark><name>2482419</name><styleUrl>#styleDaimonCIRCUITO255TRECHO</styleUrl><LineString><coordinates>-48.891995,-10.179971,0 -48.891650,-10.180608,0</coordinates></LineString></Placemark>
<Placemark><name>2505944</name><styleUrl>#styleDaimonCIRCUITO255TRECHO</styleUrl><LineString><coordinates>-48.892305,-10.179402,0 -48.891995,-10.179971,0</coordinates></LineString></Placemark>
<Placemark><name>2505946</name><styleUrl>#styleDaimonCIRCUITO255TRECHO</styleUrl><LineString><coordinates>-48.892936,-10.179741,0 -48.892305,-10.179402,0</coordinates></LineString></Placemark>
<Placemark><name>2505947</name><styleUrl>#styleDaimonCIRCUITO255TRECHO</styleUrl><LineString><coordinates>-48.892305,-10.179402,0 -48.891731,-10.179094,0</coordinates></LineString></Placemark>
<Placemark><name>2505945</name><styleUrl>#styleDaimonCIRCUITO255TRECHO</styleUrl><LineString><coordinates>-48.892305,-10.179402,0 -48.893012,-10.178095,0</coordinates></LineString></Placemark>
<Placemark><name>3432341</name><styleUrl>#styleDaimonCIRCUITO255TRECHO</styleUrl><LineString><coordinates>-48.893012,-10.178095,0 -48.893186,-10.177773,0</coordinates></LineString></Placemark>
<Placemark><name>12071760</name><styleUrl>#styleDaimonCIRCUITO255TRECHO</styleUrl><LineString><coordinates>-48.891566,-10.190732,0 -48.891548,-10.190762,0</coordinates></LineString></Placemark>
<Placemark><name>3670978</name><styleUrl>#styleDaimonCIRCUITO255TRECHO</styleUrl><LineString><coordinates>-48.891548,-10.190762,0 -48.891249,-10.191335,0</coordinates></LineString></Placemark>
<Placemark><name>2489836</name><styleUrl>#styleDaimonCIRCUITO255TRECHO</styleUrl><LineString><coordinates>-48.892252,-10.189414,0 -48.891566,-10.190732,0</coordinates></LineString></Placemark>
<Placemark><name>2486431</name><styleUrl>#styleDaimonCIRCUITO255TRECHO</styleUrl><LineString><coordinates>-48.891249,-10.191335,0 -48.891108,-10.191600,0</coordinates></LineString></Placemark>
<Placemark><name>2489834</name><styleUrl>#styleDaimonCIRCUITO255TRECHO</styleUrl><LineString><coordinates>-48.892491,-10.188961,0 -48.892252,-10.189414,0</coordinates></LineString></Placemark>
<Placemark><name>12071671</name><styleUrl>#styleDaimonCIRCUITO255TRECHO</styleUrl><LineString><coordinates>-48.891108,-10.191600,0 -48.891102,-10.191617,0</coordinates></LineString></Placemark>
<Placemark><name>2489831</name><styleUrl>#styleDaimonCIRCUITO255TRECHO</styleUrl><LineString><coordinates>-48.892639,-10.188676,0 -48.892491,-10.188961,0</coordinates></LineString></Placemark>
<Placemark><name>2505958</name><styleUrl>#styleDaimonCIRCUITO255TRECHO</styleUrl><LineString><coordinates>-48.891102,-10.191617,0 -48.890880,-10.192040,0</coordinates></LineString></Placemark>
<Placemark><name>2505961</name><styleUrl>#styleDaimonCIRCUITO255TRECHO</styleUrl><LineString><coordinates>-48.890880,-10.192040,0 -48.890584,-10.191890,0</coordinates></LineString></Placemark>
<Placemark><name>2505959</name><styleUrl>#styleDaimonCIRCUITO255TRECHO</styleUrl><LineString><coordinates>-48.890880,-10.192040,0 -48.890820,-10.192160,0</coordinates></LineString></Placemark>
<Placemark><name>2505960</name><styleUrl>#styleDaimonCIRCUITO255TRECHO</styleUrl><LineString><coordinates>-48.890880,-10.192040,0 -48.890923,-10.192062,0</coordinates></LineString></Placemark>
<Placemark><name>12084837</name><styleUrl>#styleDaimonCIRCUITO255TRECHO</styleUrl><LineString><coordinates>-48.890584,-10.191890,0 -48.890554,-10.191874,0</coordinates></LineString></Placemark>
<Placemark><name>12072548</name><styleUrl>#styleDaimonCIRCUITO255TRECHO</styleUrl><LineString><coordinates>-48.890923,-10.192062,0 -48.890954,-10.192077,0</coordinates></LineString></Placemark>
<Placemark><name>3433820</name><styleUrl>#styleDaimonCIRCUITO255TRECHO</styleUrl><LineString><coordinates>-48.890554,-10.191874,0 -48.890332,-10.191761,0</coordinates></LineString></Placemark>
<Placemark><name>3672105</name><styleUrl>#styleDaimonCIRCUITO255TRECHO</styleUrl><LineString><coordinates>-48.890954,-10.192077,0 -48.891264,-10.192234,0</coordinates></LineString></Placemark>
<Placemark><name>3664223</name><styleUrl>#styleDaimonCIRCUITO255TRECHO</styleUrl><LineString><coordinates>-48.890332,-10.191761,0 -48.890316,-10.191719,0</coordinates></LineString></Placemark>
<Placemark><name>3664220</name><styleUrl>#styleDaimonCIRCUITO255TRECHO</styleUrl><LineString><coordinates>-48.891264,-10.192234,0 -48.891279,-10.192277,0</coordinates></LineString></Placemark>
<Placemark><name>2505943</name><styleUrl>#styleDaimonCIRCUITO255TRECHO</styleUrl><LineString><coordinates>-48.890956,-10.178676,0 -48.890907,-10.178767,0</coordinates></LineString></Placemark>
<Placemark><name>2505942</name><styleUrl>#styleDaimonCIRCUITO255TRECHO</styleUrl><LineString><coordinates>-48.890956,-10.178676,0 -48.891041,-10.178529,0</coordinates></LineString></Placemark>
<Placemark><name>3441435</name><styleUrl>#styleDaimonCIRCUITO255TRECHO</styleUrl><LineString><coordinates>-48.890956,-10.178676,0 -48.889781,-10.178045,0</coordinates></LineString></Placemark>
<Placemark><name>2505918</name><styleUrl>#styleDaimonCIRCUITO255TRECHO</styleUrl><LineString><coordinates>-48.891696,-10.179076,0 -48.890956,-10.178676,0</coordinates></LineString></Placemark>
<Placemark><name>3658799</name><styleUrl>#styleDaimonCIRCUITO255TRECHO</styleUrl><LineString><coordinates>-48.890329,-10.191761,0 -48.890304,-10.191761,0</coordinates></LineString></Placemark>
<Placemark><name>3658793</name><styleUrl>#styleDaimonCIRCUITO255TRECHO</styleUrl><LineString><coordinates>-48.891267,-10.192234,0 -48.891290,-10.192228,0</coordinates></LineString></Placemark>
<Placemark><name>2506016</name><styleUrl>#styleDaimonCIRCUITO255TRECHO</styleUrl><LineString><coordinates>-48.889658,-10.177978,0 -48.889495,-10.177891,0</coordinates></LineString></Placemark>
<Placemark><name>2506017</name><styleUrl>#styleDaimonCIRCUITO255TRECHO</styleUrl><LineString><coordinates>-48.889658,-10.177978,0 -48.889779,-10.177760,0</coordinates></LineString></Placemark>
<Placemark><name>2506006</name><styleUrl>#styleDaimonCIRCUITO255TRECHO</styleUrl><LineString><coordinates>-48.889769,-10.178038,0 -48.889658,-10.177978,0</coordinates></LineString></Placemark>
<Placemark><name>2483165</name><styleUrl>#styleDaimonCIRCUITO255TRECHO</styleUrl><LineString><coordinates>-48.889658,-10.177978,0 -48.889457,-10.178351,0</coordinates></LineString></Placemark>
<Placemark><name>32145560</name><styleUrl>#styleDaimonCIRCUITO255TRECHO</styleUrl><LineString><coordinates>-48.889779,-10.177760,0 -48.889793,-10.177732,0</coordinates></LineString></Placemark>
<Placemark><name>2483166</name><styleUrl>#styleDaimonCIRCUITO255TRECHO</styleUrl><LineString><coordinates>-48.889457,-10.178351,0 -48.888480,-10.180147,0</coordinates></LineString></Placemark>
<Placemark><name>2483175</name><styleUrl>#styleDaimonCIRCUITO255TRECHO</styleUrl><LineString><coordinates>-48.889793,-10.177732,0 -48.889926,-10.177487,0</coordinates></LineString></Placemark>
<Placemark><name>45217173</name><styleUrl>#styleDaimonCIRCUITO255TRECHO</styleUrl><LineString><coordinates>-48.888480,-10.180147,0 -48.888569,-10.180255,0</coordinates></LineString></Placemark>
<Placemark><name>3664222</name><styleUrl>#styleDaimonCIRCUITO255TRECHO</styleUrl><LineString><coordinates>-48.890304,-10.191761,0 -48.890288,-10.191752,0</coordinates></LineString></Placemark>
<Placemark><name>3658792</name><styleUrl>#styleDaimonCIRCUITO255TRECHO</styleUrl><LineString><coordinates>-48.891292,-10.192229,0 -48.891308,-10.192234,0</coordinates></LineString></Placemark>
<Placemark><name>2711389</name><styleUrl>#styleDaimonCIRCUITO255TRECHO</styleUrl><LineString><coordinates>-48.888270,-10.177231,0 -48.888310,-10.177163,0</coordinates></LineString></Placemark>
<Placemark><name>2711388</name><styleUrl>#styleDaimonCIRCUITO255TRECHO</styleUrl><LineString><coordinates>-48.888270,-10.177231,0 -48.888152,-10.177443,0</coordinates></LineString></Placemark>
<Placemark><name>2711387</name><styleUrl>#styleDaimonCIRCUITO255TRECHO</styleUrl><LineString><coordinates>-48.888270,-10.177231,0 -48.887835,-10.176998,0</coordinates></LineString></Placemark>
<Placemark><name>3442065</name><styleUrl>#styleDaimonCIRCUITO255TRECHO</styleUrl><LineString><coordinates>-48.889461,-10.177873,0 -48.888270,-10.177231,0</coordinates></LineString></Placemark>
<Placemark><name>2489442</name><styleUrl>#styleDaimonCIRCUITO255TRECHO</styleUrl><LineString><coordinates>-48.887835,-10.176998,0 -48.886935,-10.176514,0</coordinates></LineString></Placemark>
<Placemark><name>2504064</name><styleUrl>#styleDaimonCIRCUITO255TRECHO</styleUrl><LineString><coordinates>-48.886935,-10.176514,0 -48.885833,-10.175922,0</coordinates></LineString></Placemark>
<Placemark><name>3658797</name><styleUrl>#styleDaimonCIRCUITO255TRECHO</styleUrl><LineString><coordinates>-48.890275,-10.191733,0 -48.890312,-10.191721,0</coordinates></LineString></Placemark>
<Placemark><name>3658798</name><styleUrl>#styleDaimonCIRCUITO255TRECHO</styleUrl><LineString><coordinates>-48.890287,-10.191750,0 -48.890275,-10.191733,0</coordinates></LineString></Placemark>
<Placemark><name>3625165</name><styleUrl>#styleDaimonCIRCUITO255TRECHO</styleUrl><LineString><coordinates>-48.890275,-10.191733,0 -48.890128,-10.191659,0</coordinates></LineString></Placemark>
<Placemark><name>2710801</name><styleUrl>#styleDaimonCIRCUITO255TRECHO</styleUrl><LineString><coordinates>-48.890128,-10.191659,0 -48.889986,-10.191587,0</coordinates></LineString></Placemark>
<Placemark><name>2710800</name><styleUrl>#styleDaimonCIRCUITO255TRECHO</styleUrl><LineString><coordinates>-48.890128,-10.191659,0 -48.890233,-10.191461,0</coordinates></LineString></Placemark>
<Placemark><name>3433821</name><styleUrl>#styleDaimonCIRCUITO255TRECHO</styleUrl><LineString><coordinates>-48.890128,-10.191659,0 -48.889870,-10.192140,0</coordinates></LineString></Placemark>
<Placemark><name>3433824</name><styleUrl>#styleDaimonCIRCUITO255TRECHO</styleUrl><LineString><coordinates>-48.889870,-10.192140,0 -48.889045,-10.193691,0</coordinates></LineString></Placemark>
<Placemark><name>3424578</name><styleUrl>#styleDaimonCIRCUITO255TRECHO</styleUrl><LineString><coordinates>-48.889045,-10.193691,0 -48.888426,-10.194857,0</coordinates></LineString></Placemark>
<Placemark><name>2605720</name><styleUrl>#styleDaimonCIRCUITO255TRECHO</styleUrl><LineString><coordinates>-48.888426,-10.194857,0 -48.888214,-10.195255,0</coordinates></LineString></Placemark>
<Placemark><name>Suporte Chave DJ_AL02062013_FICT</name><styleUrl>#styleDaimonCIRCUITO255TRECHO</styleUrl><LineString><coordinates>-48.897165,-10.180351,0 -48.897360,-10.180187,0</coordinates></LineString></Placemark>
<Placemark><name>Suporte Chave 8800007013</name><styleUrl>#styleDaimonCIRCUITO255TRECHO</styleUrl><LineString><coordinates>-48.897090,-10.180019,0 -48.897087,-10.180017,0</coordinates></LineString></Placemark>
<Placemark><name>Suporte Chave 8800025013</name><styleUrl>#styleDaimonCIRCUITO255TRECHO</styleUrl><LineString><coordinates>-48.897011,-10.180015,0 -48.897010,-10.180018,0</coordinates></LineString></Placemark>
<Placemark><name>Suporte Chave 8802270013</name><styleUrl>#styleDaimonCIRCUITO255TRECHO</styleUrl><LineString><coordinates>-48.896899,-10.180210,0 -48.896885,-10.180222,0</coordinates></LineString></Placemark>
<Placemark><name>Suporte Chave 8800029013</name><styleUrl>#styleDaimonCIRCUITO255TRECHO</styleUrl><LineString><coordinates>-48.894752,-10.180717,0 -48.894776,-10.180730,0</coordinates></LineString></Placemark>
<Placemark><name>Suporte Chave 8832122013</name><styleUrl>#styleDaimonCIRCUITO255TRECHO</styleUrl><LineString><coordinates>-48.894607,-10.180639,0 -48.894576,-10.180623,0</coordinates></LineString></Placemark>
<Placemark><name>Suporte Chave 8800028013</name><styleUrl>#styleDaimonCIRCUITO255TRECHO</styleUrl><LineString><coordinates>-48.895388,-10.181310,0 -48.895375,-10.181338,0</coordinates></LineString></Placemark>
<Placemark><name>Suporte Chave 8827121013</name><styleUrl>#styleDaimonCIRCUITO255TRECHO</styleUrl><LineString><coordinates>-48.892956,-10.179752,0 -48.892936,-10.179741,0</coordinates></LineString></Placemark>
<Placemark><name>Suporte Chave 8801080013</name><styleUrl>#styleDaimonCIRCUITO255TRECHO</styleUrl><LineString><coordinates>-48.892655,-10.188644,0 -48.892639,-10.188676,0</coordinates></LineString></Placemark>
<Placemark><name>Suporte Chave 8802280013</name><styleUrl>#styleDaimonCIRCUITO255TRECHO</styleUrl><LineString><coordinates>-48.891731,-10.179094,0 -48.891696,-10.179076,0</coordinates></LineString></Placemark>
<Placemark><name>Suporte Chave 8800283013</name><styleUrl>#styleDaimonCIRCUITO255TRECHO</styleUrl><LineString><coordinates>-48.891264,-10.192234,0 -48.891267,-10.192234,0</coordinates></LineString></Placemark>
<Placemark><name>Suporte Chave 8800036013</name><styleUrl>#styleDaimonCIRCUITO255TRECHO</styleUrl><LineString><coordinates>-48.889781,-10.178045,0 -48.889769,-10.178038,0</coordinates></LineString></Placemark>
<Placemark><name>Suporte Chave 7931333013</name><styleUrl>#styleDaimonCIRCUITO255TRECHO</styleUrl><LineString><coordinates>-48.890304,-10.191761,0 -48.890304,-10.191761,0</coordinates></LineString></Placemark>
<Placemark><name>Suporte Chave 7908690013</name><styleUrl>#styleDaimonCIRCUITO255TRECHO</styleUrl><LineString><coordinates>-48.891290,-10.192228,0 -48.891292,-10.192229,0</coordinates></LineString></Placemark>
<Placemark><name>Suporte Chave 8800039013</name><styleUrl>#styleDaimonCIRCUITO255TRECHO</styleUrl><LineString><coordinates>-48.889495,-10.177891,0 -48.889461,-10.177873,0</coordinates></LineString></Placemark>
<Placemark><name>Suporte Chave 8802003013</name><styleUrl>#styleDaimonCIRCUITO255TRECHO</styleUrl><LineString><coordinates>-48.888214,-10.195255,0 -48.888210,-10.195263,0</coordinates></LineString></Placemark>
<Placemark><name>Suporte Chave 8800026013</name><styleUrl>#styleDaimonCIRCUITO255TRECHO</styleUrl><LineString><coordinates>-48.895642,-10.181195,0 -48.895669,-10.181210,0</coordinates></LineString></Placemark>
<Placemark><name>Suporte Chave 8031333013</name><styleUrl>#styleDaimonCIRCUITO255TRECHO</styleUrl><LineString><coordinates>-48.890316,-10.191719,0 -48.890312,-10.191721,0</coordinates></LineString></Placemark>
</Folder>
</Folder>
<Style id="styleDaimonCIRCUITO256TRECHO"><LineStyle><color>ffff8000</color><width>2.00</width></LineStyle></Style>
<Folder>
<name>Circ_AL03062013</name>
<Folder>
<name>Chave</name>
<Placemark><name>DJ_AL03062013_FICT</name><visibility>0</visibility><LookAt><longitude>-48.897252</longitude><latitude>-10.180287</latitude><altitude>1200.0</altitude><altitudeMode>absolute</altitudeMode></LookAt><styleUrl>#mapDaimonCorBranco</styleUrl><Point><coordinates>-48.897252,-10.180287,0</coordinates></Point></Placemark>
<Placemark><name>8802268013</name><visibility>0</visibility><LookAt><longitude>-48.897045</longitude><latitude>-10.180084</latitude><altitude>1200.0</altitude><altitudeMode>absolute</altitudeMode></LookAt><styleUrl>#mapDaimonCorAzul</styleUrl><Point><coordinates>-48.897045,-10.180084,0</coordinates></Point></Placemark>
<Placemark><name>8802269013</name><visibility>0</visibility><LookAt><longitude>-48.896904</longitude><latitude>-10.180285</latitude><altitude>1200.0</altitude><altitudeMode>absolute</altitudeMode></LookAt><styleUrl>#mapDaimonCorAzul</styleUrl><Point><coordinates>-48.896904,-10.180285,0</coordinates></Point></Placemark>
<Placemark><name>8802274013</name><visibility>0</visibility><LookAt><longitude>-48.890910</longitude><latitude>-10.180884</latitude><altitude>1200.0</altitude><altitudeMode>absolute</altitudeMode></LookAt><styleUrl>#mapDaimonCorAzul</styleUrl><Point><coordinates>-48.890910,-10.180884,0</coordinates></Point></Placemark>
<Placemark><name>8802137013</name><visibility>0</visibility><LookAt><longitude>-48.876971</longitude><latitude>-10.181441</latitude><altitude>1200.0</altitude><altitudeMode>absolute</altitudeMode></LookAt><styleUrl>#mapDaimonCorAzul</styleUrl><Point><coordinates>-48.876971,-10.181441,0</coordinates></Point></Placemark>
<Placemark><name>8800841013</name><visibility>0</visibility><LookAt><longitude>-48.877774</longitude><latitude>-10.194032</latitude><altitude>1200.0</altitude><altitudeMode>absolute</altitudeMode></LookAt><styleUrl>#mapDaimonCorAzul</styleUrl><Point><coordinates>-48.877774,-10.194032,0</coordinates></Point></Placemark>
<Placemark><name>8846657013</name><visibility>0</visibility><LookAt><longitude>-48.877735</longitude><latitude>-10.195450</latitude><altitude>1200.0</altitude><altitudeMode>absolute</altitudeMode></LookAt><styleUrl>#mapDaimonCorAzul</styleUrl><Point><coordinates>-48.877735,-10.195450,0</coordinates></Point></Placemark>
<Placemark><name>8846658013</name><visibility>0</visibility><LookAt><longitude>-48.876098</longitude><latitude>-10.198210</latitude><altitude>1200.0</altitude><altitudeMode>absolute</altitudeMode></LookAt><styleUrl>#mapDaimonCorAzul</styleUrl><Point><coordinates>-48.876098,-10.198210,0</coordinates></Point></Placemark>
<Placemark><name>8851762013</name><visibility>0</visibility><LookAt><longitude>-48.884677</longitude><latitude>-10.194165</latitude><altitude>1200.0</altitude><altitudeMode>absolute</altitudeMode></LookAt><styleUrl>#mapDaimonCorAzul</styleUrl><Point><coordinates>-48.884677,-10.194165,0</coordinates></Point></Placemark>
</Folder>
<Folder>
<name>Trecho</name>
<Placemark><name>3666124</name><styleUrl>#styleDaimonCIRCUITO256TRECHO</styleUrl><LineString><coordinates>-48.897063,-10.180063,0 -48.897052,-10.180073,0</coordinates></LineString></Placemark>
<Placemark><name>3666438</name><styleUrl>#styleDaimonCIRCUITO256TRECHO</styleUrl><LineString><coordinates>-48.897063,-10.180063,0 -48.897033,-10.180045,0</coordinates></LineString></Placemark>
<Placemark><name>2490281</name><styleUrl>#styleDaimonCIRCUITO256TRECHO</styleUrl><LineString><coordinates>-48.897340,-10.180223,0 -48.897063,-10.180063,0</coordinates></LineString></Placemark>
<Placemark><name>12083847</name><styleUrl>#styleDaimonCIRCUITO256TRECHO</styleUrl><LineString><coordinates>-48.896916,-10.180291,0 -48.896898,-10.180321,0</coordinates></LineString></Placemark>
<Placemark><name>3638493</name><styleUrl>#styleDaimonCIRCUITO256TRECHO</styleUrl><LineString><coordinates>-48.896898,-10.180321,0 -48.896751,-10.180409,0</coordinates></LineString></Placemark>
<Placemark><name>2776248</name><styleUrl>#styleDaimonCIRCUITO256TRECHO</styleUrl><LineString><coordinates>-48.897039,-10.180095,0 -48.896916,-10.180291,0</coordinates></LineString></Placemark>
<Placemark><name>T_0353409013</name><styleUrl>#styleDaimonCIRCUITO256TRECHO</styleUrl><LineString><coordinates>-48.891814,-10.189740,0 -48.891827,-10.189715,0</coordinates></LineString></Placemark>
<Placemark><name>31450845</name><styleUrl>#styleDaimonCIRCUITO256TRECHO</styleUrl><LineString><coordinates>-48.891827,-10.189715,0 -48.891709,-10.189942,0</coordinates></LineString></Placemark>
<Placemark><name>31450677</name><styleUrl>#styleDaimonCIRCUITO256TRECHO</styleUrl><LineString><coordinates>-48.893800,-10.185288,0 -48.891814,-10.189740,0</coordinates></LineString></Placemark>
<Placemark><name>31452502</name><styleUrl>#styleDaimonCIRCUITO256TRECHO</styleUrl><LineString><coordinates>-48.891709,-10.189942,0 -48.891691,-10.189973,0</coordinates></LineString></Placemark>
<Placemark><name>31452732</name><styleUrl>#styleDaimonCIRCUITO256TRECHO</styleUrl><LineString><coordinates>-48.893822,-10.185265,0 -48.893800,-10.185288,0</coordinates></LineString></Placemark>
<Placemark><name>31451293</name><styleUrl>#styleDaimonCIRCUITO256TRECHO</styleUrl><LineString><coordinates>-48.891691,-10.189973,0 -48.890712,-10.191807,0</coordinates></LineString></Placemark>
<Placemark><name>31449771</name><styleUrl>#styleDaimonCIRCUITO256TRECHO</styleUrl><LineString><coordinates>-48.895046,-10.183591,0 -48.893822,-10.185265,0</coordinates></LineString></Placemark>
<Placemark><name>31452527</name><styleUrl>#styleDaimonCIRCUITO256TRECHO</styleUrl><LineString><coordinates>-48.890712,-10.191807,0 -48.890696,-10.191836,0</coordinates></LineString></Placemark>
<Placemark><name>31450523</name><styleUrl>#styleDaimonCIRCUITO256TRECHO</styleUrl><LineString><coordinates>-48.895055,-10.183569,0 -48.895046,-10.183591,0</coordinates></LineString></Placemark>
<Placemark><name>31451367</name><styleUrl>#styleDaimonCIRCUITO256TRECHO</styleUrl><LineString><coordinates>-48.890696,-10.191836,0 -48.890558,-10.192100,0</coordinates></LineString></Placemark>
<Placemark><name>31449765</name><styleUrl>#styleDaimonCIRCUITO256TRECHO</styleUrl><LineString><coordinates>-48.895069,-10.183233,0 -48.895055,-10.183569,0</coordinates></LineString></Placemark>
<Placemark><name>31452535</name><styleUrl>#styleDaimonCIRCUITO256TRECHO</styleUrl><LineString><coordinates>-48.890558,-10.192100,0 -48.890541,-10.192131,0</coordinates></LineString></Placemark>
<Placemark><name>31450504</name><styleUrl>#styleDaimonCIRCUITO256TRECHO</styleUrl><LineString><coordinates>-48.895048,-10.183212,0 -48.895069,-10.183233,0</coordinates></LineString></Placemark>
<Placemark><name>31451371</name><styleUrl>#styleDaimonCIRCUITO256TRECHO</styleUrl><LineString><coordinates>-48.890541,-10.192131,0 -48.889427,-10.194247,0</coordinates></LineString></Placemark>
<Placemark><name>31449762</name><styleUrl>#styleDaimonCIRCUITO256TRECHO</styleUrl><LineString><coordinates>-48.894576,-10.182946,0 -48.895048,-10.183212,0</coordinates></LineString></Placemark>
<Placemark><name>31451437</name><styleUrl>#styleDaimonCIRCUITO256TRECHO</styleUrl><LineString><coordinates>-48.889427,-10.194247,0 -48.889416,-10.194271,0</coordinates></LineString></Placemark>
<Placemark><name>2505557</name><styleUrl>#styleDaimonCIRCUITO256TRECHO</styleUrl><LineString><coordinates>-48.894576,-10.182946,0 -48.894581,-10.182934,0</coordinates></LineString></Placemark>
<Placemark><name>31449714</name><styleUrl>#styleDaimonCIRCUITO256TRECHO</styleUrl><LineString><coordinates>-48.893754,-10.182532,0 -48.894576,-10.182946,0</coordinates></LineString></Placemark>
<Placemark><name>31451465</name><styleUrl>#styleDaimonCIRCUITO256TRECHO</styleUrl><LineString><coordinates>-48.889416,-10.194271,0 -48.888808,-10.195420,0</coordinates></LineString></Placemark>
<Placemark><name>31449690</name><styleUrl>#styleDaimonCIRCUITO256TRECHO</styleUrl><LineString><coordinates>-48.893754,-10.182532,0 -48.893690,-10.182501,0</coordinates></LineString></Placemark>
<Placemark><name>31449456</name><styleUrl>#styleDaimonCIRCUITO256TRECHO</styleUrl><LineString><coordinates>-48.893802,-10.182444,0 -48.893754,-10.182532,0</coordinates></LineString></Placemark>
<Placemark><name>31451083</name><styleUrl>#styleDaimonCIRCUITO256TRECHO</styleUrl><LineString><coordinates>-48.888808,-10.195420,0 -48.888797,-10.195444,0</coordinates></LineString></Placemark>
<Placemark><name>2504374</name><styleUrl>#styleDaimonCIRCUITO256TRECHO</styleUrl><LineString><coordinates>-48.893802,-10.182444,0 -48.893262,-10.182154,0</coordinates></LineString></Placemark>
<Placemark><name>3279018</name><styleUrl>#styleDaimonCIRCUITO256TRECHO</styleUrl><LineString><coordinates>-48.893802,-10.182444,0 -48.893851,-10.182470,0</coordinates></LineString></Placemark>
<Placemark><name>31449472</name><styleUrl>#styleDaimonCIRCUITO256TRECHO</styleUrl><LineString><coordinates>-48.894647,-10.180836,0 -48.893802,-10.182444,0</coordinates></LineString></Placemark>
<Placemark><name>31451523</name><styleUrl>#styleDaimonCIRCUITO256TRECHO</styleUrl><LineString><coordinates>-48.888797,-10.195444,0 -48.888643,-10.195737,0</coordinates></LineString></Placemark>
<Placemark><name>2483164</name><styleUrl>#styleDaimonCIRCUITO256TRECHO</styleUrl><LineString><coordinates>-48.893262,-10.182154,0 -48.891032,-10.180949,0</coordinates></LineString></Placemark>
<Placemark><name>31450463</name><styleUrl>#styleDaimonCIRCUITO256TRECHO</styleUrl><LineString><coordinates>-48.894663,-10.180808,0 -48.894647,-10.180836,0</coordinates></LineString></Placemark>
<Placemark><name>31451093</name><styleUrl>#styleDaimonCIRCUITO256TRECHO</styleUrl><LineString><coordinates>-48.888643,-10.195737,0 -48.888627,-10.195765,0</coordinates></LineString></Placemark>
<Placemark><name>3153361</name><styleUrl>#styleDaimonCIRCUITO256TRECHO</styleUrl><LineString><coordinates>-48.891032,-10.180949,0 -48.890904,-10.180881,0</coordinates></LineString></Placemark>
<Placemark><name>31449424</name><styleUrl>#styleDaimonCIRCUITO256TRECHO</styleUrl><LineString><coordinates>-48.894819,-10.180511,0 -48.894663,-10.180808,0</coordinates></LineString></Placemark>
<Placemark><name>31451552</name><styleUrl>#styleDaimonCIRCUITO256TRECHO</styleUrl><LineString><coordinates>-48.888627,-10.195765,0 -48.887830,-10.197281,0</coordinates></LineString></Placemark>
<Placemark><name>31450452</name><styleUrl>#styleDaimonCIRCUITO256TRECHO</styleUrl><LineString><coordinates>-48.894832,-10.180487,0 -48.894819,-10.180511,0</coordinates></LineString></Placemark>
<Placemark><name>31452715</name><styleUrl>#styleDaimonCIRCUITO256TRECHO</styleUrl><LineString><coordinates>-48.887830,-10.197281,0 -48.887818,-10.197304,0</coordinates></LineString></Placemark>
<Placemark><name>31451612</name><styleUrl>#styleDaimonCIRCUITO256TRECHO</styleUrl><LineString><coordinates>-48.887830,-10.197281,0 -48.887831,-10.197204,0</coordinates></LineString></Placemark>
<Placemark><name>31449437</name><styleUrl>#styleDaimonCIRCUITO256TRECHO</styleUrl><LineString><coordinates>-48.895365,-10.179487,0 -48.894832,-10.180487,0</coordinates></LineString></Placemark>
<Placemark><name>31451534</name><styleUrl>#styleDaimonCIRCUITO256TRECHO</styleUrl><LineString><coordinates>-48.887818,-10.197304,0 -48.887701,-10.197526,0</coordinates></LineString></Placemark>
<Placemark><name>31451139</name><styleUrl>#styleDaimonCIRCUITO256TRECHO</styleUrl><LineString><coordinates>-48.887831,-10.197204,0 -48.887822,-10.197181,0</coordinates></LineString></Placemark>
<Placemark><name>31449397</name><styleUrl>#styleDaimonCIRCUITO256TRECHO</styleUrl><LineString><coordinates>-48.895365,-10.179487,0 -48.895294,-10.179450,0</coordinates></LineString></Placemark>
<Placemark><name>31449405</name><styleUrl>#styleDaimonCIRCUITO256TRECHO</styleUrl><LineString><coordinates>-48.895365,-10.179487,0 -48.895403,-10.179416,0</coordinates></LineString></Placemark>
<Placemark><name>31449354</name><styleUrl>#styleDaimonCIRCUITO256TRECHO</styleUrl><LineString><coordinates>-48.896636,-10.180159,0 -48.895365,-10.179487,0</coordinates></LineString></Placemark>
<Placemark><name>31451722</name><styleUrl>#styleDaimonCIRCUITO256TRECHO</styleUrl><LineString><coordinates>-48.887822,-10.197181,0 -48.886512,-10.195820,0</coordinates></LineString></Placemark>
<Placemark><name>31452751</name><styleUrl>#styleDaimonCIRCUITO256TRECHO</styleUrl><LineString><coordinates>-48.896667,-10.180175,0 -48.896636,-10.180159,0</coordinates></LineString></Placemark>
<Placemark><name>31451640</name><styleUrl>#styleDaimonCIRCUITO256TRECHO</styleUrl><LineString><coordinates>-48.886512,-10.195820,0 -48.886492,-10.195797,0</coordinates></LineString></Placemark>
<Placemark><name>31449347</name><styleUrl>#styleDaimonCIRCUITO256TRECHO</styleUrl><LineString><coordinates>-48.896892,-10.180280,0 -48.896667,-10.180175,0</coordinates></LineString></Placemark>
<Placemark><name>31451768</name><styleUrl>#styleDaimonCIRCUITO256TRECHO</styleUrl><LineString><coordinates>-48.886492,-10.195797,0 -48.886267,-10.195561,0</coordinates></LineString></Placemark>
<Placemark><name>31451650</name><styleUrl>#styleDaimonCIRCUITO256TRECHO</styleUrl><LineString><coordinates>-48.886267,-10.195561,0 -48.886244,-10.195538,0</coordinates></LineString></Placemark>
<Placemark><name>31451797</name><styleUrl>#styleDaimonCIRCUITO256TRECHO</styleUrl><LineString><coordinates>-48.886244,-10.195538,0 -48.884948,-10.194184,0</coordinates></LineString></Placemark>
<Placemark><name>31451682</name><styleUrl>#styleDaimonCIRCUITO256TRECHO</styleUrl><LineString><coordinates>-48.884948,-10.194184,0 -48.884926,-10.194157,0</coordinates></LineString></Placemark>
<Placemark><name>31451845</name><styleUrl>#styleDaimonCIRCUITO256TRECHO</styleUrl><LineString><coordinates>-48.884926,-10.194157,0 -48.884820,-10.194040,0</coordinates></LineString></Placemark>
<Placemark><name>31451868</name><styleUrl>#styleDaimonCIRCUITO256TRECHO</styleUrl><LineString><coordinates>-48.884820,-10.194040,0 -48.884959,-10.193909,0</coordinates></LineString></Placemark>
<Placemark><name>31451969</name><styleUrl>#styleDaimonCIRCUITO256TRECHO</styleUrl><LineString><coordinates>-48.884820,-10.194040,0 -48.884691,-10.194151,0</coordinates></LineString></Placemark>
<Placemark><name>31451858</name><styleUrl>#styleDaimonCIRCUITO256TRECHO</styleUrl><LineString><coordinates>-48.884820,-10.194040,0 -48.884766,-10.193991,0</coordinates></LineString></Placemark>
<Placemark><name>3425049</name><styleUrl>#styleDaimonCIRCUITO256TRECHO</styleUrl><LineString><coordinates>-48.879959,-10.181431,0 -48.876996,-10.181445,0</coordinates></LineString></Placemark>
<Placemark><name>12073684</name><styleUrl>#styleDaimonCIRCUITO256TRECHO</styleUrl><LineString><coordinates>-48.879975,-10.181431,0 -48.879959,-10.181431,0</coordinates></LineString></Placemark>
<Placemark><name>3433492</name><styleUrl>#styleDaimonCIRCUITO256TRECHO</styleUrl><LineString><coordinates>-48.879975,-10.181431,0 -48.879967,-10.181692,0</coordinates></LineString></Placemark>
<Placemark><name>3162268</name><styleUrl>#styleDaimonCIRCUITO256TRECHO</styleUrl><LineString><coordinates>-48.879985,-10.180950,0 -48.879975,-10.181431,0</coordinates></LineString></Placemark>
<Placemark><name>12073685</name><styleUrl>#styleDaimonCIRCUITO256TRECHO</styleUrl><LineString><coordinates>-48.879999,-10.180940,0 -48.879985,-10.180950,0</coordinates></LineString></Placemark>
<Placemark><name>2496231</name><styleUrl>#styleDaimonCIRCUITO256TRECHO</styleUrl><LineString><coordinates>-48.880746,-10.181355,0 -48.879999,-10.180940,0</coordinates></LineString></Placemark>
<Placemark><name>12071552</name><styleUrl>#styleDaimonCIRCUITO256TRECHO</styleUrl><LineString><coordinates>-48.880777,-10.181370,0 -48.880746,-10.181355,0</coordinates></LineString></Placemark>
<Placemark><name>3442669</name><styleUrl>#styleDaimonCIRCUITO256TRECHO</styleUrl><LineString><coordinates>-48.882849,-10.182501,0 -48.880777,-10.181370,0</coordinates></LineString></Placemark>
<Placemark><name>2505941</name><styleUrl>#styleDaimonCIRCUITO256TRECHO</styleUrl><LineString><coordinates>-48.882849,-10.182501,0 -48.882824,-10.182543,0</coordinates></LineString></Placemark>
<Placemark><name>2505939</name><styleUrl>#styleDaimonCIRCUITO256TRECHO</styleUrl><LineString><coordinates>-48.882849,-10.182501,0 -48.882927,-10.182543,0</coordinates></LineString></Placemark>
<Placemark><name>3670807</name><styleUrl>#styleDaimonCIRCUITO256TRECHO</styleUrl><LineString><coordinates>-48.884107,-10.180209,0 -48.882849,-10.182501,0</coordinates></LineString></Placemark>
<Placemark><name>12070953</name><styleUrl>#styleDaimonCIRCUITO256TRECHO</styleUrl><LineString><coordinates>-48.884122,-10.180179,0 -48.884107,-10.180209,0</coordinates></LineString></Placemark>
<Placemark><name>3435080</name><styleUrl>#styleDaimonCIRCUITO256TRECHO</styleUrl><LineString><coordinates>-48.885356,-10.177926,0 -48.884122,-10.180179,0</coordinates></LineString></Placemark>
<Placemark><name>2505997</name><styleUrl>#styleDaimonCIRCUITO256TRECHO</styleUrl><LineString><coordinates>-48.885356,-10.177926,0 -48.885387,-10.177872,0</coordinates></LineString></Placemark>
<Placemark><name>2505995</name><styleUrl>#styleDaimonCIRCUITO256TRECHO</styleUrl><LineString><coordinates>-48.885356,-10.177926,0 -48.885117,-10.177798,0</coordinates></LineString></Placemark>
<Placemark><name>2619201</name><styleUrl>#styleDaimonCIRCUITO256TRECHO</styleUrl><LineString><coordinates>-48.886051,-10.178298,0 -48.885356,-10.177926,0</coordinates></LineString></Placemark>
<Placemark><name>2497421</name><styleUrl>#styleDaimonCIRCUITO256TRECHO</styleUrl><LineString><coordinates>-48.888130,-10.179410,0 -48.886051,-10.178298,0</coordinates></LineString></Placemark>
<Placemark><name>12071763</name><styleUrl>#styleDaimonCIRCUITO256TRECHO</styleUrl><LineString><coordinates>-48.888160,-10.179425,0 -48.888130,-10.179410,0</coordinates></LineString></Placemark>
<Placemark><name>2482780</name><styleUrl>#styleDaimonCIRCUITO256TRECHO</styleUrl><LineString><coordinates>-48.890915,-10.180886,0 -48.888160,-10.179425,0</coordinates></LineString></Placemark>
<Placemark><name>3645395</name><styleUrl>#styleDaimonCIRCUITO256TRECHO</styleUrl><LineString><coordinates>-48.875880,-10.182094,0 -48.875860,-10.182449,0</coordinates></LineString></Placemark>
<Placemark><name>12084518</name><styleUrl>#styleDaimonCIRCUITO256TRECHO</styleUrl><LineString><coordinates>-48.875881,-10.182067,0 -48.875880,-10.182094,0</coordinates></LineString></Placemark>
<Placemark><name>3423551</name><styleUrl>#styleDaimonCIRCUITO256TRECHO</styleUrl><LineString><coordinates>-48.876366,-10.181415,0 -48.875881,-10.182067,0</coordinates></LineString></Placemark>
<Placemark><name>12079605</name><styleUrl>#styleDaimonCIRCUITO256TRECHO</styleUrl><LineString><coordinates>-48.876394,-10.181397,0 -48.876366,-10.181415,0</coordinates></LineString></Placemark>
<Placemark><name>67609739</name><styleUrl>#styleDaimonCIRCUITO256TRECHO</styleUrl><LineString><coordinates>-48.876453,-10.181364,0 -48.876394,-10.181397,0</coordinates></LineString></Placemark>
<Placemark><name>12079602</name><styleUrl>#styleDaimonCIRCUITO256TRECHO</styleUrl><LineString><coordinates>-48.876486,-10.181360,0 -48.876453,-10.181364,0</coordinates></LineString></Placemark>
<Placemark><name>3433505</name><styleUrl>#styleDaimonCIRCUITO256TRECHO</styleUrl><LineString><coordinates>-48.876945,-10.181437,0 -48.876486,-10.181360,0</coordinates></LineString></Placemark>
<Placemark><name>67609769</name><styleUrl>#styleDaimonCIRCUITO256TRECHO</styleUrl><LineString><coordinates>-48.877317,-10.193152,0 -48.877747,-10.194009,0</coordinates></LineString></Placemark>
<Placemark><name>31453227</name><styleUrl>#styleDaimonCIRCUITO256TRECHO</styleUrl><LineString><coordinates>-48.882529,-10.195142,0 -48.882551,-10.195138,0</coordinates></LineString></Placemark>
<Placemark><name>31452042</name><styleUrl>#styleDaimonCIRCUITO256TRECHO</styleUrl><LineString><coordinates>-48.882551,-10.195138,0 -48.883903,-10.194823,0</coordinates></LineString></Placemark>
<Placemark><name>31452025</name><styleUrl>#styleDaimonCIRCUITO256TRECHO</styleUrl><LineString><coordinates>-48.880910,-10.195487,0 -48.882529,-10.195142,0</coordinates></LineString></Placemark>
<Placemark><name>31452007</name><styleUrl>#styleDaimonCIRCUITO256TRECHO</styleUrl><LineString><coordinates>-48.883903,-10.194823,0 -48.883928,-10.194818,0</coordinates></LineString></Placemark>
<Placemark><name>31452016</name><styleUrl>#styleDaimonCIRCUITO256TRECHO</styleUrl><LineString><coordinates>-48.883928,-10.194818,0 -48.884196,-10.194612,0</coordinates></LineString></Placemark>
<Placemark><name>31452105</name><styleUrl>#styleDaimonCIRCUITO256TRECHO</styleUrl><LineString><coordinates>-48.879434,-10.194443,0 -48.880888,-10.195484,0</coordinates></LineString></Placemark>
<Placemark><name>31451989</name><styleUrl>#styleDaimonCIRCUITO256TRECHO</styleUrl><LineString><coordinates>-48.884196,-10.194612,0 -48.884220,-10.194590,0</coordinates></LineString></Placemark>
<Placemark><name>27769379</name><styleUrl>#styleDaimonCIRCUITO256TRECHO</styleUrl><LineString><coordinates>-48.879416,-10.194458,0 -48.879434,-10.194443,0</coordinates></LineString></Placemark>
<Placemark><name>31451955</name><styleUrl>#styleDaimonCIRCUITO256TRECHO</styleUrl><LineString><coordinates>-48.884220,-10.194590,0 -48.884664,-10.194178,0</coordinates></LineString></Placemark>
<Placemark><name>31452202</name><styleUrl>#styleDaimonCIRCUITO256TRECHO</styleUrl><LineString><coordinates>-48.878730,-10.193984,0 -48.879416,-10.194458,0</coordinates></LineString></Placemark>
<Placemark><name>31452193</name><styleUrl>#styleDaimonCIRCUITO256TRECHO</styleUrl><LineString><coordinates>-48.878730,-10.193984,0 -48.878559,-10.193902,0</coordinates></LineString></Placemark>
<Placemark><name>31452240</name><styleUrl>#styleDaimonCIRCUITO256TRECHO</styleUrl><LineString><coordinates>-48.878311,-10.194460,0 -48.878730,-10.193984,0</coordinates></LineString></Placemark>
<Placemark><name>31452229</name><styleUrl>#styleDaimonCIRCUITO256TRECHO</styleUrl><LineString><coordinates>-48.878559,-10.193902,0 -48.878553,-10.193869,0</coordinates></LineString></Placemark>
<Placemark><name>12067015</name><styleUrl>#styleDaimonCIRCUITO256TRECHO</styleUrl><LineString><coordinates>-48.878298,-10.194449,0 -48.878311,-10.194460,0</coordinates></LineString></Placemark>
<Placemark><name>31452257</name><styleUrl>#styleDaimonCIRCUITO256TRECHO</styleUrl><LineString><coordinates>-48.878311,-10.194460,0 -48.878041,-10.194897,0</coordinates></LineString></Placemark>
<Placemark><name>2619246</name><styleUrl>#styleDaimonCIRCUITO256TRECHO</styleUrl><LineString><coordinates>-48.878553,-10.193869,0 -48.878661,-10.193796,0</coordinates></LineString></Placemark>
<Placemark><name>67609776</name><styleUrl>#styleDaimonCIRCUITO256TRECHO</styleUrl><LineString><coordinates>-48.877802,-10.194054,0 -48.878298,-10.194449,0</coordinates></LineString></Placemark>
<Placemark><name>31452264</name><styleUrl>#styleDaimonCIRCUITO256TRECHO</styleUrl><LineString><coordinates>-48.878041,-10.194897,0 -48.877743,-10.195437,0</coordinates></LineString></Placemark>
<Placemark><name>31452280</name><styleUrl>#styleDaimonCIRCUITO256TRECHO</styleUrl><LineString><coordinates>-48.877728,-10.195463,0 -48.877590,-10.195684,0</coordinates></LineString></Placemark>
<Placemark><name>31452309</name><styleUrl>#styleDaimonCIRCUITO256TRECHO</styleUrl><LineString><coordinates>-48.877590,-10.195684,0 -48.876745,-10.197161,0</coordinates></LineString></Placemark>
<Placemark><name>31452335</name><styleUrl>#styleDaimonCIRCUITO256TRECHO</styleUrl><LineString><coordinates>-48.876745,-10.197161,0 -48.876736,-10.197179,0</coordinates></LineString></Placemark>
<Placemark><name>31452361</name><styleUrl>#styleDaimonCIRCUITO256TRECHO</styleUrl><LineString><coordinates>-48.876736,-10.197179,0 -48.876436,-10.197604,0</coordinates></LineString></Placemark>
<Placemark><name>31452352</name><styleUrl>#styleDaimonCIRCUITO256TRECHO</styleUrl><LineString><coordinates>-48.876436,-10.197604,0 -48.876326,-10.197803,0</coordinates></LineString></Placemark>
<Placemark><name>31452377</name><styleUrl>#styleDaimonCIRCUITO256TRECHO</styleUrl><LineString><coordinates>-48.876326,-10.197803,0 -48.876196,-10.198030,0</coordinates></LineString></Placemark>
<Placemark><name>12084337</name><styleUrl>#styleDaimonCIRCUITO256TRECHO</styleUrl><LineString><coordinates>-48.876196,-10.198030,0 -48.876206,-10.198037,0</coordinates></LineString></Placemark>
<Placemark><name>31452370</name><styleUrl>#styleDaimonCIRCUITO256TRECHO</styleUrl><LineString><coordinates>-48.876196,-10.198030,0 -48.876103,-10.198200,0</coordinates></LineString></Placemark>
<Placemark><name>2615599</name><styleUrl>#styleDaimonCIRCUITO256TRECHO</styleUrl><LineString><coordinates>-48.876206,-10.198037,0 -48.876329,-10.198096,0</coordinates></LineString></Placemark>
<Placemark><name>3666120</name><styleUrl>#styleDaimonCIRCUITO256TRECHO</styleUrl><LineString><coordinates>-48.875972,-10.198423,0 -48.875985,-10.198430,0</coordinates></LineString></Placemark>
<Placemark><name>12068052</name><styleUrl>#styleDaimonCIRCUITO256TRECHO</styleUrl><LineString><coordinates>-48.875985,-10.198399,0 -48.875972,-10.198423,0</coordinates></LineString></Placemark>
<Placemark><name>31452393</name><styleUrl>#styleDaimonCIRCUITO256TRECHO</styleUrl><LineString><coordinates>-48.875972,-10.198423,0 -48.875844,-10.198646,0</coordinates></LineString></Placemark>
<Placemark><name>31452385</name><styleUrl>#styleDaimonCIRCUITO256TRECHO</styleUrl><LineString><coordinates>-48.876092,-10.198221,0 -48.875985,-10.198399,0</coordinates></LineString></Placemark>
<Placemark><name>31452400</name><styleUrl>#styleDaimonCIRCUITO256TRECHO</styleUrl><LineString><coordinates>-48.875844,-10.198646,0 -48.875563,-10.199229,0</coordinates></LineString></Placemark>
<Placemark><name>3559999</name><styleUrl>#styleDaimonCIRCUITO256TRECHO</styleUrl><LineString><coordinates>-48.873197,-10.206973,0 -48.873963,-10.207315,0</coordinates></LineString></Placemark>
<Placemark><name>3564125</name><styleUrl>#styleDaimonCIRCUITO256TRECHO</styleUrl><LineString><coordinates>-48.873963,-10.207315,0 -48.873943,-10.207236,0</coordinates></LineString></Placemark>
<Placemark><name>3560001</name><styleUrl>#styleDaimonCIRCUITO256TRECHO</styleUrl><LineString><coordinates>-48.873963,-10.207315,0 -48.874004,-10.207466,0</coordinates></LineString></Placemark>
<Placemark><name>3564124</name><styleUrl>#styleDaimonCIRCUITO256TRECHO</styleUrl><LineString><coordinates>-48.873963,-10.207315,0 -48.874171,-10.207408,0</coordinates></LineString></Placemark>
<Placemark><name>Suporte Chave DJ_AL03062013_FICT</name><styleUrl>#styleDaimonCIRCUITO256TRECHO</styleUrl><LineString><coordinates>-48.897165,-10.180351,0 -48.897340,-10.180223,0</coordinates></LineString></Placemark>
<Placemark><name>Suporte Chave 8802268013</name><styleUrl>#styleDaimonCIRCUITO256TRECHO</styleUrl><LineString><coordinates>-48.897052,-10.180073,0 -48.897039,-10.180095,0</coordinates></LineString></Placemark>
<Placemark><name>Suporte Chave 8802269013</name><styleUrl>#styleDaimonCIRCUITO256TRECHO</styleUrl><LineString><coordinates>-48.896916,-10.180291,0 -48.896892,-10.180280,0</coordinates></LineString></Placemark>
<Placemark><name>Suporte Chave 8802274013</name><styleUrl>#styleDaimonCIRCUITO256TRECHO</styleUrl><LineString><coordinates>-48.890904,-10.180881,0 -48.890915,-10.180886,0</coordinates></LineString></Placemark>
<Placemark><name>Suporte Chave 8802137013</name><styleUrl>#styleDaimonCIRCUITO256TRECHO</styleUrl><LineString><coordinates>-48.876996,-10.181445,0 -48.876945,-10.181437,0</coordinates></LineString></Placemark>
<Placemark><name>Suporte Chave 8800841013</name><styleUrl>#styleDaimonCIRCUITO256TRECHO</styleUrl><LineString><coordinates>-48.877747,-10.194009,0 -48.877802,-10.194054,0</coordinates></LineString></Placemark>
<Placemark><name>Suporte Chave 8846657013</name><styleUrl>#styleDaimonCIRCUITO256TRECHO</styleUrl><LineString><coordinates>-48.877743,-10.195437,0 -48.877728,-10.195463,0</coordinates></LineString></Placemark>
<Placemark><name>Suporte Chave 8846658013</name><styleUrl>#styleDaimonCIRCUITO256TRECHO</styleUrl><LineString><coordinates>-48.876103,-10.198200,0 -48.876092,-10.198221,0</coordinates></LineString></Placemark>
<Placemark><name>Suporte Chave 8851762013</name><styleUrl>#styleDaimonCIRCUITO256TRECHO</styleUrl><LineString><coordinates>-48.884691,-10.194151,0 -48.884664,-10.194178,0</coordinates></LineString></Placemark>
</Folder>
</Folder>
<Style id="styleDaimonCIRCUITO257TRECHO"><LineStyle><color>ff0080ff</color><width>2.00</width></LineStyle></Style>
<Folder>
<name>Circ_AL04062013</name>
<Folder>
<name>Chave</name>
<Placemark><name>DJ_AL04062013_FICT</name><visibility>0</visibility><LookAt><longitude>-48.897282</longitude><latitude>-10.180236</latitude><altitude>1200.0</altitude><altitudeMode>absolute</altitudeMode></LookAt><styleUrl>#mapDaimonCorBranco</styleUrl><Point><coordinates>-48.897282,-10.180236,0</coordinates></Point></Placemark>
<Placemark><name>8802277013</name><visibility>0</visibility><LookAt><longitude>-48.897136</longitude><latitude>-10.179942</latitude><altitude>1200.0</altitude><altitudeMode>absolute</altitudeMode></LookAt><styleUrl>#mapDaimonCorAzul</styleUrl><Point><coordinates>-48.897136,-10.179942,0</coordinates></Point></Placemark>
<Placemark><name>8853372013</name><visibility>0</visibility><LookAt><longitude>-48.897399</longitude><latitude>-10.179337</latitude><altitude>1200.0</altitude><altitudeMode>absolute</altitudeMode></LookAt><styleUrl>#mapDaimonCorAzul</styleUrl><Point><coordinates>-48.897399,-10.179337,0</coordinates></Point></Placemark>
<Placemark><name>8800008013</name><visibility>0</visibility><LookAt><longitude>-48.896966</longitude><latitude>-10.179659</latitude><altitude>1200.0</altitude><altitudeMode>absolute</altitudeMode></LookAt><styleUrl>#mapDaimonCorAzul</styleUrl><Point><coordinates>-48.896966,-10.179659,0</coordinates></Point></Placemark>
<Placemark><name>8853373013</name><visibility>0</visibility><LookAt><longitude>-48.895629</longitude><latitude>-10.177736</latitude><altitude>1200.0</altitude><altitudeMode>absolute</altitudeMode></LookAt><styleUrl>#mapDaimonCorAzul</styleUrl><Point><coordinates>-48.895629,-10.177736,0</coordinates></Point></Placemark>
<Placemark><name>8851783013</name><visibility>0</visibility><LookAt><longitude>-48.892160</longitude><latitude>-10.176522</latitude><altitude>1200.0</altitude><altitudeMode>absolute</altitudeMode></LookAt><styleUrl>#mapDaimonCorAzul</styleUrl><Point><coordinates>-48.892160,-10.176522,0</coordinates></Point></Placemark>
<Placemark><name>8853374013</name><visibility>0</visibility><LookAt><longitude>-48.892356</longitude><latitude>-10.176021</latitude><altitude>1200.0</altitude><altitudeMode>absolute</altitudeMode></LookAt><styleUrl>#mapDaimonCorAzul</styleUrl><Point><coordinates>-48.892356,-10.176021,0</coordinates></Point></Placemark>
<Placemark><name>8800013013</name><visibility>0</visibility><LookAt><longitude>-48.893345</longitude><latitude>-10.177728</latitude><altitude>1200.0</altitude><altitudeMode>absolute</altitudeMode></LookAt><styleUrl>#mapDaimonCorAzul</styleUrl><Point><coordinates>-48.893345,-10.177728,0</coordinates></Point></Placemark>
<Placemark><name>8800017013</name><visibility>0</visibility><LookAt><longitude>-48.890734</longitude><latitude>-10.176336</latitude><altitude>1200.0</altitude><altitudeMode>absolute</altitudeMode></LookAt><styleUrl>#mapDaimonCorAzul</styleUrl><Point><coordinates>-48.890734,-10.176336,0</coordinates></Point></Placemark>
<Placemark><name>8853356013</name><visibility>0</visibility><LookAt><longitude>-48.886593</longitude><latitude>-10.171834</latitude><altitude>1200.0</altitude><altitudeMode>absolute</altitudeMode></LookAt><styleUrl>#mapDaimonCorAzul</styleUrl><Point><coordinates>-48.886593,-10.171834,0</coordinates></Point></Placemark>
<Placemark><name>8800164013</name><visibility>0</visibility><LookAt><longitude>-48.885646</longitude><latitude>-10.172142</latitude><altitude>1200.0</altitude><altitudeMode>absolute</altitudeMode></LookAt><styleUrl>#mapDaimonCorAzul</styleUrl><Point><coordinates>-48.885646,-10.172142,0</coordinates></Point></Placemark>
<Placemark><name>8802666013</name><visibility>0</visibility><LookAt><longitude>-48.886700</longitude><latitude>-10.170237</latitude><altitude>1200.0</altitude><altitudeMode>absolute</altitudeMode></LookAt><styleUrl>#mapDaimonCorAzul</styleUrl><Point><coordinates>-48.886700,-10.170237,0</coordinates></Point></Placemark>
<Placemark><name>7931556013</name><visibility>0</visibility><LookAt><longitude>-48.885291</longitude><latitude>-10.172850</latitude><altitude>1200.0</altitude><altitudeMode>absolute</altitudeMode></LookAt><styleUrl>#mapDaimonCorVerde</styleUrl><Point><coordinates>-48.885291,-10.172850,0</coordinates></Point></Placemark>
<Placemark><name>8853406013</name><visibility>0</visibility><LookAt><longitude>-48.884848</longitude><latitude>-10.167264</latitude><altitude>1200.0</altitude><altitudeMode>absolute</altitudeMode></LookAt><styleUrl>#mapDaimonCorAzul</styleUrl><Point><coordinates>-48.884848,-10.167264,0</coordinates></Point></Placemark>
<Placemark><name>8801972013</name><visibility>0</visibility><LookAt><longitude>-48.885441</longitude><latitude>-10.173513</latitude><altitude>1200.0</altitude><altitudeMode>absolute</altitudeMode></LookAt><styleUrl>#mapDaimonCorAzul</styleUrl><Point><coordinates>-48.885441,-10.173513,0</coordinates></Point></Placemark>
<Placemark><name>8800162013</name><visibility>0</visibility><LookAt><longitude>-48.884565</longitude><latitude>-10.173049</latitude><altitude>1200.0</altitude><altitudeMode>absolute</altitudeMode></LookAt><styleUrl>#mapDaimonCorAzul</styleUrl><Point><coordinates>-48.884565,-10.173049,0</coordinates></Point></Placemark>
<Placemark><name>8800160013</name><visibility>0</visibility><LookAt><longitude>-48.886450</longitude><latitude>-10.174054</latitude><altitude>1200.0</altitude><altitudeMode>absolute</altitudeMode></LookAt><styleUrl>#mapDaimonCorAzul</styleUrl><Point><coordinates>-48.886450,-10.174054,0</coordinates></Point></Placemark>
<Placemark><name>8802727013</name><visibility>0</visibility><LookAt><longitude>-48.883187</longitude><latitude>-10.172314</latitude><altitude>1200.0</altitude><altitudeMode>absolute</altitudeMode></LookAt><styleUrl>#mapDaimonCorAzul</styleUrl><Point><coordinates>-48.883187,-10.172314,0</coordinates></Point></Placemark>
<Placemark><name>7900178013</name><visibility>0</visibility><LookAt><longitude>-48.884361</longitude><latitude>-10.174421</latitude><altitude>1200.0</altitude><altitudeMode>absolute</altitudeMode></LookAt><styleUrl>#mapDaimonCorVerde</styleUrl><Point><coordinates>-48.884361,-10.174421,0</coordinates></Point></Placemark>
<Placemark><name>8800159013</name><visibility>0</visibility><LookAt><longitude>-48.886697</longitude><latitude>-10.174185</latitude><altitude>1200.0</altitude><altitudeMode>absolute</altitudeMode></LookAt><styleUrl>#mapDaimonCorAzul</styleUrl><Point><coordinates>-48.886697,-10.174185,0</coordinates></Point></Placemark>
<Placemark><name>8800146013</name><visibility>0</visibility><LookAt><longitude>-48.881896</longitude><latitude>-10.170514</latitude><altitude>1200.0</altitude><altitudeMode>absolute</altitudeMode></LookAt><styleUrl>#mapDaimonCorAzul</styleUrl><Point><coordinates>-48.881896,-10.170514,0</coordinates></Point></Placemark>
<Placemark><name>8802706013</name><visibility>0</visibility><LookAt><longitude>-48.881782</longitude><latitude>-10.169266</latitude><altitude>1200.0</altitude><altitudeMode>absolute</altitudeMode></LookAt><styleUrl>#mapDaimonCorAzul</styleUrl><Point><coordinates>-48.881782,-10.169266,0</coordinates></Point></Placemark>
<Placemark><name>8800153013</name><visibility>0</visibility><LookAt><longitude>-48.884713</longitude><latitude>-10.176421</latitude><altitude>1200.0</altitude><altitudeMode>absolute</altitudeMode></LookAt><styleUrl>#mapDaimonCorAzul</styleUrl><Point><coordinates>-48.884713,-10.176421,0</coordinates></Point></Placemark>
<Placemark><name>8800214013</name><visibility>0</visibility><LookAt><longitude>-48.883549</longitude><latitude>-10.175956</latitude><altitude>1200.0</altitude><altitudeMode>absolute</altitudeMode></LookAt><styleUrl>#mapDaimonCorAzul</styleUrl><Point><coordinates>-48.883549,-10.175956,0</coordinates></Point></Placemark>
<Placemark><name>8802311013</name><visibility>0</visibility><LookAt><longitude>-48.884039</longitude><latitude>-10.174959</latitude><altitude>1200.0</altitude><altitudeMode>absolute</altitudeMode></LookAt><styleUrl>#mapDaimonCorAzul</styleUrl><Point><coordinates>-48.884039,-10.174959,0</coordinates></Point></Placemark>
<Placemark><name>8802313013</name><visibility>0</visibility><LookAt><longitude>-48.882494</longitude><latitude>-10.177906</latitude><altitude>1200.0</altitude><altitudeMode>absolute</altitudeMode></LookAt><styleUrl>#mapDaimonCorAzul</styleUrl><Point><coordinates>-48.882494,-10.177906,0</coordinates></Point></Placemark>
<Placemark><name>8800156013</name><visibility>0</visibility><LookAt><longitude>-48.883230</longitude><latitude>-10.176871</latitude><altitude>1200.0</altitude><altitudeMode>absolute</altitudeMode></LookAt><styleUrl>#mapDaimonCorAzul</styleUrl><Point><coordinates>-48.883230,-10.176871,0</coordinates></Point></Placemark>
<Placemark><name>8800210013</name><visibility>0</visibility><LookAt><longitude>-48.882985</longitude><latitude>-10.176741</latitude><altitude>1200.0</altitude><altitudeMode>absolute</altitudeMode></LookAt><styleUrl>#mapDaimonCorAzul</styleUrl><Point><coordinates>-48.882985,-10.176741,0</coordinates></Point></Placemark>
<Placemark><name>8802118013</name><visibility>0</visibility><LookAt><longitude>-48.882804</longitude><latitude>-10.174167</latitude><altitude>1200.0</altitude><altitudeMode>absolute</altitudeMode></LookAt><styleUrl>#mapDaimonCorAzul</styleUrl><Point><coordinates>-48.882804,-10.174167,0</coordinates></Point></Placemark>
<Placemark><name>8800208013</name><visibility>0</visibility><LookAt><longitude>-48.881737</longitude><latitude>-10.176075</latitude><altitude>1200.0</altitude><altitudeMode>absolute</altitudeMode></LookAt><styleUrl>#mapDaimonCorAzul</styleUrl><Point><coordinates>-48.881737,-10.176075,0</coordinates></Point></Placemark>
<Placemark><name>8800100013</name><visibility>0</visibility><LookAt><longitude>-48.880576</longitude><latitude>-10.186026</latitude><altitude>1200.0</altitude><altitudeMode>absolute</altitudeMode></LookAt><styleUrl>#mapDaimonCorAzul</styleUrl><Point><coordinates>-48.880576,-10.186026,0</coordinates></Point></Placemark>
<Placemark><name>8800231013</name><visibility>0</visibility><LookAt><longitude>-48.881471</longitude><latitude>-10.181576</latitude><altitude>1200.0</altitude><altitudeMode>absolute</altitudeMode></LookAt><styleUrl>#mapDaimonCorAzul</styleUrl><Point><coordinates>-48.881471,-10.181576,0</coordinates></Point></Placemark>
<Placemark><name>8844331013</name><visibility>0</visibility><LookAt><longitude>-48.873485</longitude><latitude>-10.177342</latitude><altitude>1200.0</altitude><altitudeMode>absolute</altitudeMode></LookAt><styleUrl>#mapDaimonCorAzul</styleUrl><Point><coordinates>-48.873485,-10.177342,0</coordinates></Point></Placemark>
<Placemark><name>32923210</name><visibility>0</visibility><LookAt><longitude>-48.871766</longitude><latitude>-10.174386</latitude><altitude>1200.0</altitude><altitudeMode>absolute</altitudeMode></LookAt><styleUrl>#mapDaimonCorBranco</styleUrl><Point><coordinates>-48.871766,-10.174386,0</coordinates></Point></Placemark>
<Placemark><name>8800012013</name><visibility>0</visibility><LookAt><longitude>-48.894733</longitude><latitude>-10.178469</latitude><altitude>1200.0</altitude><altitudeMode>absolute</altitudeMode></LookAt><styleUrl>#mapDaimonCorAzul</styleUrl><Point><coordinates>-48.894733,-10.178469,0</coordinates></Point></Placemark>
<Placemark><name>8800173013</name><visibility>0</visibility><LookAt><longitude>-48.885658</longitude><latitude>-10.175706</latitude><altitude>1200.0</altitude><altitudeMode>absolute</altitudeMode></LookAt><styleUrl>#mapDaimonCorAzul</styleUrl><Point><coordinates>-48.885658,-10.175706,0</coordinates></Point></Placemark>
<Placemark><name>8800161013</name><visibility>0</visibility><LookAt><longitude>-48.885200</longitude><latitude>-10.173417</latitude><altitude>1200.0</altitude><altitudeMode>absolute</altitudeMode></LookAt><styleUrl>#mapDaimonCorAzul</styleUrl><Point><coordinates>-48.885200,-10.173417,0</coordinates></Point></Placemark>
<Placemark><name>8800151013</name><visibility>0</visibility><LookAt><longitude>-48.884235</longitude><latitude>-10.173091</latitude><altitude>1200.0</altitude><altitudeMode>absolute</altitudeMode></LookAt><styleUrl>#mapDaimonCorAzul</styleUrl><Point><coordinates>-48.884235,-10.173091,0</coordinates></Point></Placemark>
<Placemark><name>8800176013</name><visibility>0</visibility><LookAt><longitude>-48.885499</longitude><latitude>-10.175742</latitude><altitude>1200.0</altitude><altitudeMode>absolute</altitudeMode></LookAt><styleUrl>#mapDaimonCorAzul</styleUrl><Point><coordinates>-48.885499,-10.175742,0</coordinates></Point></Placemark>
<Placemark><name>8851785013</name><visibility>0</visibility><LookAt><longitude>-48.889139</longitude><latitude>-10.173195</latitude><altitude>1200.0</altitude><altitudeMode>absolute</altitudeMode></LookAt><styleUrl>#mapDaimonCorAzul</styleUrl><Point><coordinates>-48.889139,-10.173195,0</coordinates></Point></Placemark>
<Placemark><name>8802005013</name><visibility>0</visibility><LookAt><longitude>-48.882983</longitude><latitude>-10.172303</latitude><altitude>1200.0</altitude><altitudeMode>absolute</altitudeMode></LookAt><styleUrl>#mapDaimonCorAzul</styleUrl><Point><coordinates>-48.882983,-10.172303,0</coordinates></Point></Placemark>
<Placemark><name>8802000013</name><visibility>0</visibility><LookAt><longitude>-48.882339</longitude><latitude>-10.179995</latitude><altitude>1200.0</altitude><altitudeMode>absolute</altitudeMode></LookAt><styleUrl>#mapDaimonCorAzul</styleUrl><Point><coordinates>-48.882339,-10.179995,0</coordinates></Point></Placemark>
<Placemark><name>8802129013</name><visibility>0</visibility><LookAt><longitude>-48.882357</longitude><latitude>-10.175016</latitude><altitude>1200.0</altitude><altitudeMode>absolute</altitudeMode></LookAt><styleUrl>#mapDaimonCorAzul</styleUrl><Point><coordinates>-48.882357,-10.175016,0</coordinates></Point></Placemark>
<Placemark><name>8853384013</name><visibility>0</visibility><LookAt><longitude>-48.888099</longitude><latitude>-10.172705</latitude><altitude>1200.0</altitude><altitudeMode>absolute</altitudeMode></LookAt><styleUrl>#mapDaimonCorAzul</styleUrl><Point><coordinates>-48.888099,-10.172705,0</coordinates></Point></Placemark>
<Placemark><name>8031556013</name><visibility>0</visibility><LookAt><longitude>-48.885227</longitude><latitude>-10.172835</latitude><altitude>1200.0</altitude><altitudeMode>absolute</altitudeMode></LookAt><styleUrl>#mapDaimonCorBranco</styleUrl><Point><coordinates>-48.885227,-10.172835,0</coordinates></Point></Placemark>
<Placemark><name>8802312013</name><visibility>0</visibility><LookAt><longitude>-48.884690</longitude><latitude>-10.177482</latitude><altitude>1200.0</altitude><altitudeMode>absolute</altitudeMode></LookAt><styleUrl>#mapDaimonCorAzul</styleUrl><Point><coordinates>-48.884690,-10.177482,0</coordinates></Point></Placemark>
<Placemark><name>8800020013</name><visibility>0</visibility><LookAt><longitude>-48.890447</longitude><latitude>-10.176183</latitude><altitude>1200.0</altitude><altitudeMode>absolute</altitudeMode></LookAt><styleUrl>#mapDaimonCorAzul</styleUrl><Point><coordinates>-48.890447,-10.176183,0</coordinates></Point></Placemark>
<Placemark><name>8853371013</name><visibility>0</visibility><LookAt><longitude>-48.887298</longitude><latitude>-10.174150</latitude><altitude>1200.0</altitude><altitudeMode>absolute</altitudeMode></LookAt><styleUrl>#mapDaimonCorAzul</styleUrl><Point><coordinates>-48.887298,-10.174150,0</coordinates></Point></Placemark>
</Folder>
<Folder>
<name>Trecho</name>
<Placemark><name>3271089</name><styleUrl>#styleDaimonCIRCUITO257TRECHO</styleUrl><LineString><coordinates>-48.897400,-10.180121,0 -48.897138,-10.179943,0</coordinates></LineString></Placemark>
<Placemark><name>12083625</name><styleUrl>#styleDaimonCIRCUITO257TRECHO</styleUrl><LineString><coordinates>-48.897101,-10.179736,0 -48.897073,-10.179718,0</coordinates></LineString></Placemark>
<Placemark><name>3644201</name><styleUrl>#styleDaimonCIRCUITO257TRECHO</styleUrl><LineString><coordinates>-48.897073,-10.179718,0 -48.896980,-10.179666,0</coordinates></LineString></Placemark>
<Placemark><name>3644190</name><styleUrl>#styleDaimonCIRCUITO257TRECHO</styleUrl><LineString><coordinates>-48.897125,-10.179773,0 -48.897101,-10.179736,0</coordinates></LineString></Placemark>
<Placemark><name>12083627</name><styleUrl>#styleDaimonCIRCUITO257TRECHO</styleUrl><LineString><coordinates>-48.897130,-10.179807,0 -48.897125,-10.179773,0</coordinates></LineString></Placemark>
<Placemark><name>22200114</name><styleUrl>#styleDaimonCIRCUITO257TRECHO</styleUrl><LineString><coordinates>-48.897130,-10.179807,0 -48.897148,-10.179782,0</coordinates></LineString></Placemark>
<Placemark><name>3643977</name><styleUrl>#styleDaimonCIRCUITO257TRECHO</styleUrl><LineString><coordinates>-48.897102,-10.179854,0 -48.897130,-10.179807,0</coordinates></LineString></Placemark>
<Placemark><name>22200144</name><styleUrl>#styleDaimonCIRCUITO257TRECHO</styleUrl><LineString><coordinates>-48.897148,-10.179782,0 -48.897394,-10.179345,0</coordinates></LineString></Placemark>
<Placemark><name>12083624</name><styleUrl>#styleDaimonCIRCUITO257TRECHO</styleUrl><LineString><coordinates>-48.897087,-10.179882,0 -48.897102,-10.179854,0</coordinates></LineString></Placemark>
<Placemark><name>2716333</name><styleUrl>#styleDaimonCIRCUITO257TRECHO</styleUrl><LineString><coordinates>-48.897081,-10.179893,0 -48.897087,-10.179882,0</coordinates></LineString></Placemark>
<Placemark><name>12081087</name><styleUrl>#styleDaimonCIRCUITO257TRECHO</styleUrl><LineString><coordinates>-48.897089,-10.179913,0 -48.897081,-10.179893,0</coordinates></LineString></Placemark>
<Placemark><name>3666436</name><styleUrl>#styleDaimonCIRCUITO257TRECHO</styleUrl><LineString><coordinates>-48.897081,-10.179893,0 -48.897067,-10.179888,0</coordinates></LineString></Placemark>
<Placemark><name>3271090</name><styleUrl>#styleDaimonCIRCUITO257TRECHO</styleUrl><LineString><coordinates>-48.897134,-10.179940,0 -48.897089,-10.179913,0</coordinates></LineString></Placemark>
<Placemark><name>22200261</name><styleUrl>#styleDaimonCIRCUITO257TRECHO</styleUrl><LineString><coordinates>-48.897642,-10.178916,0 -48.897660,-10.178891,0</coordinates></LineString></Placemark>
<Placemark><name>22200172</name><styleUrl>#styleDaimonCIRCUITO257TRECHO</styleUrl><LineString><coordinates>-48.897403,-10.179329,0 -48.897642,-10.178916,0</coordinates></LineString></Placemark>
<Placemark><name>22200269</name><styleUrl>#styleDaimonCIRCUITO257TRECHO</styleUrl><LineString><coordinates>-48.897660,-10.178891,0 -48.897658,-10.178845,0</coordinates></LineString></Placemark>
<Placemark><name>22200280</name><styleUrl>#styleDaimonCIRCUITO257TRECHO</styleUrl><LineString><coordinates>-48.897658,-10.178845,0 -48.897639,-10.178822,0</coordinates></LineString></Placemark>
<Placemark><name>22200402</name><styleUrl>#styleDaimonCIRCUITO257TRECHO</styleUrl><LineString><coordinates>-48.897639,-10.178822,0 -48.895647,-10.177745,0</coordinates></LineString></Placemark>
<Placemark><name>2505553</name><styleUrl>#styleDaimonCIRCUITO257TRECHO</styleUrl><LineString><coordinates>-48.895568,-10.178913,0 -48.895655,-10.178740,0</coordinates></LineString></Placemark>
<Placemark><name>2505552</name><styleUrl>#styleDaimonCIRCUITO257TRECHO</styleUrl><LineString><coordinates>-48.895568,-10.178913,0 -48.895550,-10.178946,0</coordinates></LineString></Placemark>
<Placemark><name>2498803</name><styleUrl>#styleDaimonCIRCUITO257TRECHO</styleUrl><LineString><coordinates>-48.895992,-10.179139,0 -48.895568,-10.178913,0</coordinates></LineString></Placemark>
<Placemark><name>2490860</name><styleUrl>#styleDaimonCIRCUITO257TRECHO</styleUrl><LineString><coordinates>-48.895568,-10.178913,0 -48.894749,-10.178478,0</coordinates></LineString></Placemark>
<Placemark><name>2490947</name><styleUrl>#styleDaimonCIRCUITO257TRECHO</styleUrl><LineString><coordinates>-48.896681,-10.179506,0 -48.895992,-10.179139,0</coordinates></LineString></Placemark>
<Placemark><name>2504372</name><styleUrl>#styleDaimonCIRCUITO257TRECHO</styleUrl><LineString><coordinates>-48.896951,-10.179651,0 -48.896681,-10.179506,0</coordinates></LineString></Placemark>
<Placemark><name>T_0351784013</name><styleUrl>#styleDaimonCIRCUITO257TRECHO</styleUrl><LineString><coordinates>-48.895244,-10.177529,0 -48.895276,-10.177547,0</coordinates></LineString></Placemark>
<Placemark><name>22200780</name><styleUrl>#styleDaimonCIRCUITO257TRECHO</styleUrl><LineString><coordinates>-48.895276,-10.177547,0 -48.892415,-10.176052,0</coordinates></LineString></Placemark>
<Placemark><name>22200609</name><styleUrl>#styleDaimonCIRCUITO257TRECHO</styleUrl><LineString><coordinates>-48.895611,-10.177726,0 -48.895244,-10.177529,0</coordinates></LineString></Placemark>
<Placemark><name>22201039</name><styleUrl>#styleDaimonCIRCUITO257TRECHO</styleUrl><LineString><coordinates>-48.892415,-10.176052,0 -48.892362,-10.176024,0</coordinates></LineString></Placemark>
<Placemark><name>22201103</name><styleUrl>#styleDaimonCIRCUITO257TRECHO</styleUrl><LineString><coordinates>-48.892415,-10.176052,0 -48.892162,-10.176518,0</coordinates></LineString></Placemark>
<Placemark><name>22201049</name><styleUrl>#styleDaimonCIRCUITO257TRECHO</styleUrl><LineString><coordinates>-48.892415,-10.176052,0 -48.892433,-10.176013,0</coordinates></LineString></Placemark>
<Placemark><name>37525822</name><styleUrl>#styleDaimonCIRCUITO257TRECHO</styleUrl><LineString><coordinates>-48.892125,-10.176595,0 -48.892026,-10.176805,0</coordinates></LineString></Placemark>
<Placemark><name>3335834</name><styleUrl>#styleDaimonCIRCUITO257TRECHO</styleUrl><LineString><coordinates>-48.892026,-10.176805,0 -48.891943,-10.176981,0</coordinates></LineString></Placemark>
<Placemark><name>22201113</name><styleUrl>#styleDaimonCIRCUITO257TRECHO</styleUrl><LineString><coordinates>-48.892158,-10.176526,0 -48.892125,-10.176595,0</coordinates></LineString></Placemark>
<Placemark><name>3433210</name><styleUrl>#styleDaimonCIRCUITO257TRECHO</styleUrl><LineString><coordinates>-48.891943,-10.176981,0 -48.890719,-10.176328,0</coordinates></LineString></Placemark>
<Placemark><name>3335835</name><styleUrl>#styleDaimonCIRCUITO257TRECHO</styleUrl><LineString><coordinates>-48.891943,-10.176981,0 -48.891892,-10.177061,0</coordinates></LineString></Placemark>
<Placemark><name>3335832</name><styleUrl>#styleDaimonCIRCUITO257TRECHO</styleUrl><LineString><coordinates>-48.891943,-10.176981,0 -48.892569,-10.177314,0</coordinates></LineString></Placemark>
<Placemark><name>3641611</name><styleUrl>#styleDaimonCIRCUITO257TRECHO</styleUrl><LineString><coordinates>-48.892569,-10.177314,0 -48.892629,-10.177192,0</coordinates></LineString></Placemark>
<Placemark><name>3641606</name><styleUrl>#styleDaimonCIRCUITO257TRECHO</styleUrl><LineString><coordinates>-48.892569,-10.177314,0 -48.893240,-10.177671,0</coordinates></LineString></Placemark>
<Placemark><name>3641608</name><styleUrl>#styleDaimonCIRCUITO257TRECHO</styleUrl><LineString><coordinates>-48.892569,-10.177314,0 -48.892502,-10.177405,0</coordinates></LineString></Placemark>
<Placemark><name>3335839</name><styleUrl>#styleDaimonCIRCUITO257TRECHO</styleUrl><LineString><coordinates>-48.893240,-10.177671,0 -48.893186,-10.177773,0</coordinates></LineString></Placemark>
<Placemark><name>3335838</name><styleUrl>#styleDaimonCIRCUITO257TRECHO</styleUrl><LineString><coordinates>-48.893240,-10.177671,0 -48.893329,-10.177510,0</coordinates></LineString></Placemark>
<Placemark><name>3335836</name><styleUrl>#styleDaimonCIRCUITO257TRECHO</styleUrl><LineString><coordinates>-48.893240,-10.177671,0 -48.893350,-10.177730,0</coordinates></LineString></Placemark>
<Placemark><name>2504693</name><styleUrl>#styleDaimonCIRCUITO257TRECHO</styleUrl><LineString><coordinates>-48.887034,-10.173186,0 -48.887142,-10.172985,0</coordinates></LineString></Placemark>
<Placemark><name>2783458</name><styleUrl>#styleDaimonCIRCUITO257TRECHO</styleUrl><LineString><coordinates>-48.887142,-10.172985,0 -48.887269,-10.172755,0</coordinates></LineString></Placemark>
<Placemark><name>2504695</name><styleUrl>#styleDaimonCIRCUITO257TRECHO</styleUrl><LineString><coordinates>-48.887034,-10.173186,0 -48.886303,-10.172791,0</coordinates></LineString></Placemark>
<Placemark><name>2504696</name><styleUrl>#styleDaimonCIRCUITO257TRECHO</styleUrl><LineString><coordinates>-48.887227,-10.173290,0 -48.887034,-10.173186,0</coordinates></LineString></Placemark>
<Placemark><name>2503051</name><styleUrl>#styleDaimonCIRCUITO257TRECHO</styleUrl><LineString><coordinates>-48.887034,-10.173186,0 -48.886608,-10.173968,0</coordinates></LineString></Placemark>
<Placemark><name>3630927</name><styleUrl>#styleDaimonCIRCUITO257TRECHO</styleUrl><LineString><coordinates>-48.886303,-10.172791,0 -48.886575,-10.172301,0</coordinates></LineString></Placemark>
<Placemark><name>2713687</name><styleUrl>#styleDaimonCIRCUITO257TRECHO</styleUrl><LineString><coordinates>-48.886303,-10.172791,0 -48.886274,-10.172848,0</coordinates></LineString></Placemark>
<Placemark><name>2713685</name><styleUrl>#styleDaimonCIRCUITO257TRECHO</styleUrl><LineString><coordinates>-48.886303,-10.172791,0 -48.885891,-10.172569,0</coordinates></LineString></Placemark>
<Placemark><name>12067376</name><styleUrl>#styleDaimonCIRCUITO257TRECHO</styleUrl><LineString><coordinates>-48.887257,-10.173306,0 -48.887227,-10.173290,0</coordinates></LineString></Placemark>
<Placemark><name>2504126</name><styleUrl>#styleDaimonCIRCUITO257TRECHO</styleUrl><LineString><coordinates>-48.887472,-10.173422,0 -48.887257,-10.173306,0</coordinates></LineString></Placemark>
<Placemark><name>22202167</name><styleUrl>#styleDaimonCIRCUITO257TRECHO</styleUrl><LineString><coordinates>-48.887648,-10.173517,0 -48.887472,-10.173422,0</coordinates></LineString></Placemark>
<Placemark><name>22202109</name><styleUrl>#styleDaimonCIRCUITO257TRECHO</styleUrl><LineString><coordinates>-48.887648,-10.173517,0 -48.888097,-10.172708,0</coordinates></LineString></Placemark>
<Placemark><name>22202175</name><styleUrl>#styleDaimonCIRCUITO257TRECHO</styleUrl><LineString><coordinates>-48.887648,-10.173517,0 -48.887306,-10.174136,0</coordinates></LineString></Placemark>
<Placemark><name>2503248</name><styleUrl>#styleDaimonCIRCUITO257TRECHO</styleUrl><LineString><coordinates>-48.888915,-10.174199,0 -48.887648,-10.173517,0</coordinates></LineString></Placemark>
<Placemark><name>2489158</name><styleUrl>#styleDaimonCIRCUITO257TRECHO</styleUrl><LineString><coordinates>-48.889264,-10.174388,0 -48.888915,-10.174199,0</coordinates></LineString></Placemark>
<Placemark><name>22201565</name><styleUrl>#styleDaimonCIRCUITO257TRECHO</styleUrl><LineString><coordinates>-48.889672,-10.174610,0 -48.889264,-10.174388,0</coordinates></LineString></Placemark>
<Placemark><name>22201488</name><styleUrl>#styleDaimonCIRCUITO257TRECHO</styleUrl><LineString><coordinates>-48.889672,-10.174610,0 -48.889613,-10.174721,0</coordinates></LineString></Placemark>
<Placemark><name>22201696</name><styleUrl>#styleDaimonCIRCUITO257TRECHO</styleUrl><LineString><coordinates>-48.889672,-10.174610,0 -48.890147,-10.173718,0</coordinates></LineString></Placemark>
<Placemark><name>22201498</name><styleUrl>#styleDaimonCIRCUITO257TRECHO</styleUrl><LineString><coordinates>-48.890047,-10.174810,0 -48.889672,-10.174610,0</coordinates></LineString></Placemark>
<Placemark><name>22201784</name><styleUrl>#styleDaimonCIRCUITO257TRECHO</styleUrl><LineString><coordinates>-48.890147,-10.173718,0 -48.889184,-10.173194,0</coordinates></LineString></Placemark>
<Placemark><name>22201685</name><styleUrl>#styleDaimonCIRCUITO257TRECHO</styleUrl><LineString><coordinates>-48.890147,-10.173718,0 -48.890268,-10.173501,0</coordinates></LineString></Placemark>
<Placemark><name>22202844</name><styleUrl>#styleDaimonCIRCUITO257TRECHO</styleUrl><LineString><coordinates>-48.890068,-10.174819,0 -48.890047,-10.174810,0</coordinates></LineString></Placemark>
<Placemark><name>T_0351785013</name><styleUrl>#styleDaimonCIRCUITO257TRECHO</styleUrl><LineString><coordinates>-48.889184,-10.173194,0 -48.889161,-10.173181,0</coordinates></LineString></Placemark>
<Placemark><name>22201298</name><styleUrl>#styleDaimonCIRCUITO257TRECHO</styleUrl><LineString><coordinates>-48.892349,-10.176017,0 -48.890068,-10.174819,0</coordinates></LineString></Placemark>
<Placemark><name>22203356</name><styleUrl>#styleDaimonCIRCUITO257TRECHO</styleUrl><LineString><coordinates>-48.889161,-10.173181,0 -48.889137,-10.173194,0</coordinates></LineString></Placemark>
<Placemark><name>22201903</name><styleUrl>#styleDaimonCIRCUITO257TRECHO</styleUrl><LineString><coordinates>-48.889161,-10.173181,0 -48.888287,-10.172723,0</coordinates></LineString></Placemark>
<Placemark><name>22201972</name><styleUrl>#styleDaimonCIRCUITO257TRECHO</styleUrl><LineString><coordinates>-48.888287,-10.172723,0 -48.888263,-10.172707,0</coordinates></LineString></Placemark>
<Placemark><name>22202026</name><styleUrl>#styleDaimonCIRCUITO257TRECHO</styleUrl><LineString><coordinates>-48.888263,-10.172707,0 -48.888139,-10.172638,0</coordinates></LineString></Placemark>
<Placemark><name>22202047</name><styleUrl>#styleDaimonCIRCUITO257TRECHO</styleUrl><LineString><coordinates>-48.888139,-10.172638,0 -48.888291,-10.172357,0</coordinates></LineString></Placemark>
<Placemark><name>22202072</name><styleUrl>#styleDaimonCIRCUITO257TRECHO</styleUrl><LineString><coordinates>-48.888139,-10.172638,0 -48.888101,-10.172702,0</coordinates></LineString></Placemark>
<Placemark><name>22202516</name><styleUrl>#styleDaimonCIRCUITO257TRECHO</styleUrl><LineString><coordinates>-48.888139,-10.172638,0 -48.886604,-10.171840,0</coordinates></LineString></Placemark>
<Placemark><name>3433703</name><styleUrl>#styleDaimonCIRCUITO257TRECHO</styleUrl><LineString><coordinates>-48.893340,-10.177725,0 -48.893824,-10.177984,0</coordinates></LineString></Placemark>
<Placemark><name>2488925</name><styleUrl>#styleDaimonCIRCUITO257TRECHO</styleUrl><LineString><coordinates>-48.893824,-10.177984,0 -48.894717,-10.178461,0</coordinates></LineString></Placemark>
<Placemark><name>3335560</name><styleUrl>#styleDaimonCIRCUITO257TRECHO</styleUrl><LineString><coordinates>-48.890592,-10.176260,0 -48.890441,-10.176180,0</coordinates></LineString></Placemark>
<Placemark><name>3335559</name><styleUrl>#styleDaimonCIRCUITO257TRECHO</styleUrl><LineString><coordinates>-48.890750,-10.176344,0 -48.890592,-10.176260,0</coordinates></LineString></Placemark>
<Placemark><name>3335561</name><styleUrl>#styleDaimonCIRCUITO257TRECHO</styleUrl><LineString><coordinates>-48.890592,-10.176260,0 -48.890657,-10.176143,0</coordinates></LineString></Placemark>
<Placemark><name>3335562</name><styleUrl>#styleDaimonCIRCUITO257TRECHO</styleUrl><LineString><coordinates>-48.890592,-10.176260,0 -48.890355,-10.176698,0</coordinates></LineString></Placemark>
<Placemark><name>2483174</name><styleUrl>#styleDaimonCIRCUITO257TRECHO</styleUrl><LineString><coordinates>-48.890355,-10.176698,0 -48.889926,-10.177487,0</coordinates></LineString></Placemark>
<Placemark><name>22203199</name><styleUrl>#styleDaimonCIRCUITO257TRECHO</styleUrl><LineString><coordinates>-48.886380,-10.171724,0 -48.885997,-10.171496,0</coordinates></LineString></Placemark>
<Placemark><name>22202476</name><styleUrl>#styleDaimonCIRCUITO257TRECHO</styleUrl><LineString><coordinates>-48.885997,-10.171496,0 -48.885952,-10.171467,0</coordinates></LineString></Placemark>
<Placemark><name>3442252</name><styleUrl>#styleDaimonCIRCUITO257TRECHO</styleUrl><LineString><coordinates>-48.885997,-10.171496,0 -48.885741,-10.171969,0</coordinates></LineString></Placemark>
<Placemark><name>22201773</name><styleUrl>#styleDaimonCIRCUITO257TRECHO</styleUrl><LineString><coordinates>-48.885997,-10.171496,0 -48.886154,-10.171223,0</coordinates></LineString></Placemark>
<Placemark><name>22202574</name><styleUrl>#styleDaimonCIRCUITO257TRECHO</styleUrl><LineString><coordinates>-48.886582,-10.171829,0 -48.886380,-10.171724,0</coordinates></LineString></Placemark>
<Placemark><name>53516152</name><styleUrl>#styleDaimonCIRCUITO257TRECHO</styleUrl><LineString><coordinates>-48.885741,-10.171969,0 -48.885653,-10.172130,0</coordinates></LineString></Placemark>
<Placemark><name>53516235</name><styleUrl>#styleDaimonCIRCUITO257TRECHO</styleUrl><LineString><coordinates>-48.885741,-10.171969,0 -48.885888,-10.172046,0</coordinates></LineString></Placemark>
<Placemark><name>3426509</name><styleUrl>#styleDaimonCIRCUITO257TRECHO</styleUrl><LineString><coordinates>-48.886154,-10.171223,0 -48.886275,-10.171003,0</coordinates></LineString></Placemark>
<Placemark><name>2619859</name><styleUrl>#styleDaimonCIRCUITO257TRECHO</styleUrl><LineString><coordinates>-48.886275,-10.171003,0 -48.886708,-10.170223,0</coordinates></LineString></Placemark>
<Placemark><name>12071762</name><styleUrl>#styleDaimonCIRCUITO257TRECHO</styleUrl><LineString><coordinates>-48.886907,-10.169863,0 -48.886920,-10.169852,0</coordinates></LineString></Placemark>
<Placemark><name>2503307</name><styleUrl>#styleDaimonCIRCUITO257TRECHO</styleUrl><LineString><coordinates>-48.886692,-10.170251,0 -48.886907,-10.169863,0</coordinates></LineString></Placemark>
<Placemark><name>2503309</name><styleUrl>#styleDaimonCIRCUITO257TRECHO</styleUrl><LineString><coordinates>-48.886907,-10.169863,0 -48.887259,-10.169226,0</coordinates></LineString></Placemark>
<Placemark><name>2503308</name><styleUrl>#styleDaimonCIRCUITO257TRECHO</styleUrl><LineString><coordinates>-48.886920,-10.169852,0 -48.887198,-10.169680,0</coordinates></LineString></Placemark>
<Placemark><name>2504293</name><styleUrl>#styleDaimonCIRCUITO257TRECHO</styleUrl><LineString><coordinates>-48.887259,-10.169226,0 -48.887643,-10.168527,0</coordinates></LineString></Placemark>
<Placemark><name>2504291</name><styleUrl>#styleDaimonCIRCUITO257TRECHO</styleUrl><LineString><coordinates>-48.887643,-10.168527,0 -48.887758,-10.168652,0</coordinates></LineString></Placemark>
<Placemark><name>3612326</name><styleUrl>#styleDaimonCIRCUITO257TRECHO</styleUrl><LineString><coordinates>-48.887643,-10.168527,0 -48.887711,-10.168397,0</coordinates></LineString></Placemark>
<Placemark><name>2504292</name><styleUrl>#styleDaimonCIRCUITO257TRECHO</styleUrl><LineString><coordinates>-48.887643,-10.168527,0 -48.887551,-10.168427,0</coordinates></LineString></Placemark>
<Placemark><name>12083353</name><styleUrl>#styleDaimonCIRCUITO257TRECHO</styleUrl><LineString><coordinates>-48.887711,-10.168397,0 -48.887727,-10.168367,0</coordinates></LineString></Placemark>
<Placemark><name>3612600</name><styleUrl>#styleDaimonCIRCUITO257TRECHO</styleUrl><LineString><coordinates>-48.887727,-10.168367,0 -48.887749,-10.168328,0</coordinates></LineString></Placemark>
<Placemark><name>3663708</name><styleUrl>#styleDaimonCIRCUITO257TRECHO</styleUrl><LineString><coordinates>-48.887749,-10.168328,0 -48.887795,-10.168310,0</coordinates></LineString></Placemark>
<Placemark><name>3663704</name><styleUrl>#styleDaimonCIRCUITO257TRECHO</styleUrl><LineString><coordinates>-48.887749,-10.168325,0 -48.887750,-10.168281,0</coordinates></LineString></Placemark>
<Placemark><name>3617155</name><styleUrl>#styleDaimonCIRCUITO257TRECHO</styleUrl><LineString><coordinates>-48.885197,-10.173385,0 -48.885427,-10.173506,0</coordinates></LineString></Placemark>
<Placemark><name>2711210</name><styleUrl>#styleDaimonCIRCUITO257TRECHO</styleUrl><LineString><coordinates>-48.885799,-10.173706,0 -48.885732,-10.173831,0</coordinates></LineString></Placemark>
<Placemark><name>2711208</name><styleUrl>#styleDaimonCIRCUITO257TRECHO</styleUrl><LineString><coordinates>-48.885799,-10.173706,0 -48.886476,-10.174068,0</coordinates></LineString></Placemark>
<Placemark><name>2711211</name><styleUrl>#styleDaimonCIRCUITO257TRECHO</styleUrl><LineString><coordinates>-48.885799,-10.173706,0 -48.885907,-10.173513,0</coordinates></LineString></Placemark>
<Placemark><name>2711209</name><styleUrl>#styleDaimonCIRCUITO257TRECHO</styleUrl><LineString><coordinates>-48.885683,-10.173644,0 -48.885799,-10.173706,0</coordinates></LineString></Placemark>
<Placemark><name>2482784</name><styleUrl>#styleDaimonCIRCUITO257TRECHO</styleUrl><LineString><coordinates>-48.885907,-10.173513,0 -48.886004,-10.173337,0</coordinates></LineString></Placemark>
<Placemark><name>4131449</name><styleUrl>#styleDaimonCIRCUITO257TRECHO</styleUrl><LineString><coordinates>-48.885907,-10.173513,0 -48.885959,-10.173462,0</coordinates></LineString></Placemark>
<Placemark><name>3431082</name><styleUrl>#styleDaimonCIRCUITO257TRECHO</styleUrl><LineString><coordinates>-48.885454,-10.173521,0 -48.885683,-10.173644,0</coordinates></LineString></Placemark>
<Placemark><name>2613814</name><styleUrl>#styleDaimonCIRCUITO257TRECHO</styleUrl><LineString><coordinates>-48.886340,-10.174456,0 -48.885959,-10.175156,0</coordinates></LineString></Placemark>
<Placemark><name>2618001</name><styleUrl>#styleDaimonCIRCUITO257TRECHO</styleUrl><LineString><coordinates>-48.885959,-10.175156,0 -48.885661,-10.175701,0</coordinates></LineString></Placemark>
<Placemark><name>2503054</name><styleUrl>#styleDaimonCIRCUITO257TRECHO</styleUrl><LineString><coordinates>-48.886536,-10.174099,0 -48.886340,-10.174456,0</coordinates></LineString></Placemark>
<Placemark><name>2504757</name><styleUrl>#styleDaimonCIRCUITO257TRECHO</styleUrl><LineString><coordinates>-48.886536,-10.174099,0 -48.886593,-10.173993,0</coordinates></LineString></Placemark>
<Placemark><name>2504760</name><styleUrl>#styleDaimonCIRCUITO257TRECHO</styleUrl><LineString><coordinates>-48.886425,-10.174040,0 -48.886536,-10.174099,0</coordinates></LineString></Placemark>
<Placemark><name>2504759</name><styleUrl>#styleDaimonCIRCUITO257TRECHO</styleUrl><LineString><coordinates>-48.886536,-10.174099,0 -48.886668,-10.174169,0</coordinates></LineString></Placemark>
<Placemark><name>T_8800159013</name><styleUrl>#styleDaimonCIRCUITO257TRECHO</styleUrl><LineString><coordinates>-48.886668,-10.174169,0 -48.886683,-10.174177,0</coordinates></LineString></Placemark>
<Placemark><name>2504734</name><styleUrl>#styleDaimonCIRCUITO257TRECHO</styleUrl><LineString><coordinates>-48.889861,-10.175871,0 -48.889837,-10.175912,0</coordinates></LineString></Placemark>
<Placemark><name>2504733</name><styleUrl>#styleDaimonCIRCUITO257TRECHO</styleUrl><LineString><coordinates>-48.889861,-10.175871,0 -48.889961,-10.175681,0</coordinates></LineString></Placemark>
<Placemark><name>2482495</name><styleUrl>#styleDaimonCIRCUITO257TRECHO</styleUrl><LineString><coordinates>-48.889861,-10.175871,0 -48.890454,-10.176187,0</coordinates></LineString></Placemark>
<Placemark><name>2490116</name><styleUrl>#styleDaimonCIRCUITO257TRECHO</styleUrl><LineString><coordinates>-48.888560,-10.175178,0 -48.889861,-10.175871,0</coordinates></LineString></Placemark>
<Placemark><name>2490673</name><styleUrl>#styleDaimonCIRCUITO257TRECHO</styleUrl><LineString><coordinates>-48.888261,-10.175019,0 -48.888560,-10.175178,0</coordinates></LineString></Placemark>
<Placemark><name>2490670</name><styleUrl>#styleDaimonCIRCUITO257TRECHO</styleUrl><LineString><coordinates>-48.887333,-10.174524,0 -48.888261,-10.175019,0</coordinates></LineString></Placemark>
<Placemark><name>12067377</name><styleUrl>#styleDaimonCIRCUITO257TRECHO</styleUrl><LineString><coordinates>-48.887304,-10.174507,0 -48.887333,-10.174524,0</coordinates></LineString></Placemark>
<Placemark><name>22202320</name><styleUrl>#styleDaimonCIRCUITO257TRECHO</styleUrl><LineString><coordinates>-48.887141,-10.174421,0 -48.887304,-10.174507,0</coordinates></LineString></Placemark>
<Placemark><name>22202293</name><styleUrl>#styleDaimonCIRCUITO257TRECHO</styleUrl><LineString><coordinates>-48.887141,-10.174421,0 -48.887290,-10.174164,0</coordinates></LineString></Placemark>
<Placemark><name>2495749</name><styleUrl>#styleDaimonCIRCUITO257TRECHO</styleUrl><LineString><coordinates>-48.886711,-10.174192,0 -48.887141,-10.174421,0</coordinates></LineString></Placemark>
<Placemark><name>22202310</name><styleUrl>#styleDaimonCIRCUITO257TRECHO</styleUrl><LineString><coordinates>-48.887141,-10.174421,0 -48.887126,-10.174447,0</coordinates></LineString></Placemark>
<Placemark><name>60957704</name><styleUrl>#styleDaimonCIRCUITO257TRECHO</styleUrl><LineString><coordinates>-48.884079,-10.174980,0 -48.884458,-10.175183,0</coordinates></LineString></Placemark>
<Placemark><name>2497329</name><styleUrl>#styleDaimonCIRCUITO257TRECHO</styleUrl><LineString><coordinates>-48.884458,-10.175183,0 -48.884868,-10.175403,0</coordinates></LineString></Placemark>
<Placemark><name>2505807</name><styleUrl>#styleDaimonCIRCUITO257TRECHO</styleUrl><LineString><coordinates>-48.884079,-10.174980,0 -48.883611,-10.175838,0</coordinates></LineString></Placemark>
<Placemark><name>2505782</name><styleUrl>#styleDaimonCIRCUITO257TRECHO</styleUrl><LineString><coordinates>-48.884079,-10.174980,0 -48.884046,-10.174961,0</coordinates></LineString></Placemark>
<Placemark><name>2505806</name><styleUrl>#styleDaimonCIRCUITO257TRECHO</styleUrl><LineString><coordinates>-48.884262,-10.174639,0 -48.884079,-10.174980,0</coordinates></LineString></Placemark>
<Placemark><name>52275356</name><styleUrl>#styleDaimonCIRCUITO257TRECHO</styleUrl><LineString><coordinates>-48.884868,-10.175403,0 -48.884929,-10.175294,0</coordinates></LineString></Placemark>
<Placemark><name>52275383</name><styleUrl>#styleDaimonCIRCUITO257TRECHO</styleUrl><LineString><coordinates>-48.884868,-10.175403,0 -48.884821,-10.175486,0</coordinates></LineString></Placemark>
<Placemark><name>2481267</name><styleUrl>#styleDaimonCIRCUITO257TRECHO</styleUrl><LineString><coordinates>-48.884868,-10.175403,0 -48.885249,-10.175608,0</coordinates></LineString></Placemark>
<Placemark><name>3586710</name><styleUrl>#styleDaimonCIRCUITO257TRECHO</styleUrl><LineString><coordinates>-48.883611,-10.175838,0 -48.883553,-10.175949,0</coordinates></LineString></Placemark>
<Placemark><name>2780987</name><styleUrl>#styleDaimonCIRCUITO257TRECHO</styleUrl><LineString><coordinates>-48.883611,-10.175838,0 -48.884166,-10.176132,0</coordinates></LineString></Placemark>
<Placemark><name>3586961</name><styleUrl>#styleDaimonCIRCUITO257TRECHO</styleUrl><LineString><coordinates>-48.883611,-10.175838,0 -48.883568,-10.175815,0</coordinates></LineString></Placemark>
<Placemark><name>3617154</name><styleUrl>#styleDaimonCIRCUITO257TRECHO</styleUrl><LineString><coordinates>-48.884360,-10.174465,0 -48.884262,-10.174639,0</coordinates></LineString></Placemark>
<Placemark><name>2504063</name><styleUrl>#styleDaimonCIRCUITO257TRECHO</styleUrl><LineString><coordinates>-48.885249,-10.175608,0 -48.885493,-10.175739,0</coordinates></LineString></Placemark>
<Placemark><name>2780985</name><styleUrl>#styleDaimonCIRCUITO257TRECHO</styleUrl><LineString><coordinates>-48.884166,-10.176132,0 -48.884703,-10.176416,0</coordinates></LineString></Placemark>
<Placemark><name>3663713</name><styleUrl>#styleDaimonCIRCUITO257TRECHO</styleUrl><LineString><coordinates>-48.884353,-10.174441,0 -48.884360,-10.174465,0</coordinates></LineString></Placemark>
<Placemark><name>3669199</name><styleUrl>#styleDaimonCIRCUITO257TRECHO</styleUrl><LineString><coordinates>-48.884360,-10.174465,0 -48.884396,-10.174456,0</coordinates></LineString></Placemark>
<Placemark><name>2633163</name><styleUrl>#styleDaimonCIRCUITO257TRECHO</styleUrl><LineString><coordinates>-48.885044,-10.176833,0 -48.884693,-10.177475,0</coordinates></LineString></Placemark>
<Placemark><name>2505808</name><styleUrl>#styleDaimonCIRCUITO257TRECHO</styleUrl><LineString><coordinates>-48.885145,-10.176649,0 -48.885044,-10.176833,0</coordinates></LineString></Placemark>
<Placemark><name>2505810</name><styleUrl>#styleDaimonCIRCUITO257TRECHO</styleUrl><LineString><coordinates>-48.885145,-10.176649,0 -48.885197,-10.176675,0</coordinates></LineString></Placemark>
<Placemark><name>3440620</name><styleUrl>#styleDaimonCIRCUITO257TRECHO</styleUrl><LineString><coordinates>-48.885145,-10.176649,0 -48.885349,-10.176273,0</coordinates></LineString></Placemark>
<Placemark><name>2780988</name><styleUrl>#styleDaimonCIRCUITO257TRECHO</styleUrl><LineString><coordinates>-48.884894,-10.176516,0 -48.885145,-10.176649,0</coordinates></LineString></Placemark>
<Placemark><name>2487496</name><styleUrl>#styleDaimonCIRCUITO257TRECHO</styleUrl><LineString><coordinates>-48.885349,-10.176273,0 -48.885606,-10.175799,0</coordinates></LineString></Placemark>
<Placemark><name>3595722</name><styleUrl>#styleDaimonCIRCUITO257TRECHO</styleUrl><LineString><coordinates>-48.884722,-10.176427,0 -48.884894,-10.176516,0</coordinates></LineString></Placemark>
<Placemark><name>2505550</name><styleUrl>#styleDaimonCIRCUITO257TRECHO</styleUrl><LineString><coordinates>-48.885606,-10.175799,0 -48.885656,-10.175711,0</coordinates></LineString></Placemark>
<Placemark><name>2505551</name><styleUrl>#styleDaimonCIRCUITO257TRECHO</styleUrl><LineString><coordinates>-48.885606,-10.175799,0 -48.885505,-10.175746,0</coordinates></LineString></Placemark>
<Placemark><name>2505577</name><styleUrl>#styleDaimonCIRCUITO257TRECHO</styleUrl><LineString><coordinates>-48.885606,-10.175799,0 -48.885833,-10.175922,0</coordinates></LineString></Placemark>
<Placemark><name>2480970</name><styleUrl>#styleDaimonCIRCUITO257TRECHO</styleUrl><LineString><coordinates>-48.883428,-10.176180,0 -48.883363,-10.176301,0</coordinates></LineString></Placemark>
<Placemark><name>2481611</name><styleUrl>#styleDaimonCIRCUITO257TRECHO</styleUrl><LineString><coordinates>-48.883363,-10.176301,0 -48.883207,-10.176589,0</coordinates></LineString></Placemark>
<Placemark><name>2480879</name><styleUrl>#styleDaimonCIRCUITO257TRECHO</styleUrl><LineString><coordinates>-48.883475,-10.176093,0 -48.883428,-10.176180,0</coordinates></LineString></Placemark>
<Placemark><name>2505751</name><styleUrl>#styleDaimonCIRCUITO257TRECHO</styleUrl><LineString><coordinates>-48.883207,-10.176589,0 -48.883093,-10.176799,0</coordinates></LineString></Placemark>
<Placemark><name>2480878</name><styleUrl>#styleDaimonCIRCUITO257TRECHO</styleUrl><LineString><coordinates>-48.883546,-10.175963,0 -48.883475,-10.176093,0</coordinates></LineString></Placemark>
<Placemark><name>2505749</name><styleUrl>#styleDaimonCIRCUITO257TRECHO</styleUrl><LineString><coordinates>-48.883093,-10.176799,0 -48.882997,-10.176747,0</coordinates></LineString></Placemark>
<Placemark><name>2505750</name><styleUrl>#styleDaimonCIRCUITO257TRECHO</styleUrl><LineString><coordinates>-48.883093,-10.176799,0 -48.883213,-10.176862,0</coordinates></LineString></Placemark>
<Placemark><name>2505752</name><styleUrl>#styleDaimonCIRCUITO257TRECHO</styleUrl><LineString><coordinates>-48.883093,-10.176799,0 -48.883078,-10.176825,0</coordinates></LineString></Placemark>
<Placemark><name>12071555</name><styleUrl>#styleDaimonCIRCUITO257TRECHO</styleUrl><LineString><coordinates>-48.883078,-10.176825,0 -48.883062,-10.176854,0</coordinates></LineString></Placemark>
<Placemark><name>3439557</name><styleUrl>#styleDaimonCIRCUITO257TRECHO</styleUrl><LineString><coordinates>-48.883062,-10.176854,0 -48.882750,-10.177431,0</coordinates></LineString></Placemark>
<Placemark><name>3673377</name><styleUrl>#styleDaimonCIRCUITO257TRECHO</styleUrl><LineString><coordinates>-48.882750,-10.177431,0 -48.882692,-10.177416,0</coordinates></LineString></Placemark>
<Placemark><name>2492449</name><styleUrl>#styleDaimonCIRCUITO257TRECHO</styleUrl><LineString><coordinates>-48.882750,-10.177431,0 -48.882640,-10.177635,0</coordinates></LineString></Placemark>
<Placemark><name>12080495</name><styleUrl>#styleDaimonCIRCUITO257TRECHO</styleUrl><LineString><coordinates>-48.882640,-10.177635,0 -48.882629,-10.177629,0</coordinates></LineString></Placemark>
<Placemark><name>3204341</name><styleUrl>#styleDaimonCIRCUITO257TRECHO</styleUrl><LineString><coordinates>-48.882640,-10.177635,0 -48.882497,-10.177898,0</coordinates></LineString></Placemark>
<Placemark><name>3224183</name><styleUrl>#styleDaimonCIRCUITO257TRECHO</styleUrl><LineString><coordinates>-48.882629,-10.177629,0 -48.882393,-10.177503,0</coordinates></LineString></Placemark>
<Placemark><name>3224184</name><styleUrl>#styleDaimonCIRCUITO257TRECHO</styleUrl><LineString><coordinates>-48.882393,-10.177503,0 -48.882213,-10.177406,0</coordinates></LineString></Placemark>
<Placemark><name>2505783</name><styleUrl>#styleDaimonCIRCUITO257TRECHO</styleUrl><LineString><coordinates>-48.883382,-10.174657,0 -48.883344,-10.174725,0</coordinates></LineString></Placemark>
<Placemark><name>2505786</name><styleUrl>#styleDaimonCIRCUITO257TRECHO</styleUrl><LineString><coordinates>-48.883382,-10.174657,0 -48.883255,-10.174598,0</coordinates></LineString></Placemark>
<Placemark><name>2505784</name><styleUrl>#styleDaimonCIRCUITO257TRECHO</styleUrl><LineString><coordinates>-48.883382,-10.174657,0 -48.884055,-10.173420,0</coordinates></LineString></Placemark>
<Placemark><name>2505785</name><styleUrl>#styleDaimonCIRCUITO257TRECHO</styleUrl><LineString><coordinates>-48.883914,-10.174901,0 -48.883382,-10.174657,0</coordinates></LineString></Placemark>
<Placemark><name>41836918</name><styleUrl>#styleDaimonCIRCUITO257TRECHO</styleUrl><LineString><coordinates>-48.883344,-10.174725,0 -48.883324,-10.174760,0</coordinates></LineString></Placemark>
<Placemark><name>12067842</name><styleUrl>#styleDaimonCIRCUITO257TRECHO</styleUrl><LineString><coordinates>-48.883255,-10.174598,0 -48.883248,-10.174577,0</coordinates></LineString></Placemark>
<Placemark><name>24585172</name><styleUrl>#styleDaimonCIRCUITO257TRECHO</styleUrl><LineString><coordinates>-48.883914,-10.174901,0 -48.883812,-10.174963,0</coordinates></LineString></Placemark>
<Placemark><name>2633162</name><styleUrl>#styleDaimonCIRCUITO257TRECHO</styleUrl><LineString><coordinates>-48.884033,-10.174956,0 -48.883914,-10.174901,0</coordinates></LineString></Placemark>
<Placemark><name>41836926</name><styleUrl>#styleDaimonCIRCUITO257TRECHO</styleUrl><LineString><coordinates>-48.883324,-10.174760,0 -48.883187,-10.175013,0</coordinates></LineString></Placemark>
<Placemark><name>3440625</name><styleUrl>#styleDaimonCIRCUITO257TRECHO</styleUrl><LineString><coordinates>-48.883248,-10.174577,0 -48.883278,-10.174527,0</coordinates></LineString></Placemark>
<Placemark><name>41836792</name><styleUrl>#styleDaimonCIRCUITO257TRECHO</styleUrl><LineString><coordinates>-48.883187,-10.175013,0 -48.882956,-10.175434,0</coordinates></LineString></Placemark>
<Placemark><name>12070854</name><styleUrl>#styleDaimonCIRCUITO257TRECHO</styleUrl><LineString><coordinates>-48.883278,-10.174527,0 -48.883286,-10.174513,0</coordinates></LineString></Placemark>
<Placemark><name>3442986</name><styleUrl>#styleDaimonCIRCUITO257TRECHO</styleUrl><LineString><coordinates>-48.883286,-10.174513,0 -48.883325,-10.174532,0</coordinates></LineString></Placemark>
<Placemark><name>3341096</name><styleUrl>#styleDaimonCIRCUITO257TRECHO</styleUrl><LineString><coordinates>-48.883286,-10.174513,0 -48.882759,-10.174250,0</coordinates></LineString></Placemark>
<Placemark><name>3341099</name><styleUrl>#styleDaimonCIRCUITO257TRECHO</styleUrl><LineString><coordinates>-48.882759,-10.174250,0 -48.882796,-10.174182,0</coordinates></LineString></Placemark>
<Placemark><name>3341097</name><styleUrl>#styleDaimonCIRCUITO257TRECHO</styleUrl><LineString><coordinates>-48.882759,-10.174250,0 -48.882576,-10.174173,0</coordinates></LineString></Placemark>
<Placemark><name>3341098</name><styleUrl>#styleDaimonCIRCUITO257TRECHO</styleUrl><LineString><coordinates>-48.882759,-10.174250,0 -48.882680,-10.174402,0</coordinates></LineString></Placemark>
<Placemark><name>12083613</name><styleUrl>#styleDaimonCIRCUITO257TRECHO</styleUrl><LineString><coordinates>-48.882680,-10.174402,0 -48.882664,-10.174432,0</coordinates></LineString></Placemark>
<Placemark><name>2944776</name><styleUrl>#styleDaimonCIRCUITO257TRECHO</styleUrl><LineString><coordinates>-48.882664,-10.174432,0 -48.882532,-10.174675,0</coordinates></LineString></Placemark>
<Placemark><name>2944777</name><styleUrl>#styleDaimonCIRCUITO257TRECHO</styleUrl><LineString><coordinates>-48.882532,-10.174675,0 -48.882506,-10.174729,0</coordinates></LineString></Placemark>
<Placemark><name>2497026</name><styleUrl>#styleDaimonCIRCUITO257TRECHO</styleUrl><LineString><coordinates>-48.882506,-10.174729,0 -48.882363,-10.175003,0</coordinates></LineString></Placemark>
<Placemark><name>34270434</name><styleUrl>#styleDaimonCIRCUITO257TRECHO</styleUrl><LineString><coordinates>-48.882490,-10.177913,0 -48.882419,-10.178043,0</coordinates></LineString></Placemark>
<Placemark><name>34270500</name><styleUrl>#styleDaimonCIRCUITO257TRECHO</styleUrl><LineString><coordinates>-48.882419,-10.178043,0 -48.882571,-10.178094,0</coordinates></LineString></Placemark>
<Placemark><name>43962046</name><styleUrl>#styleDaimonCIRCUITO257TRECHO</styleUrl><LineString><coordinates>-48.883960,-10.177049,0 -48.884127,-10.176747,0</coordinates></LineString></Placemark>
<Placemark><name>43962035</name><styleUrl>#styleDaimonCIRCUITO257TRECHO</styleUrl><LineString><coordinates>-48.884127,-10.176747,0 -48.884273,-10.176481,0</coordinates></LineString></Placemark>
<Placemark><name>2708616</name><styleUrl>#styleDaimonCIRCUITO257TRECHO</styleUrl><LineString><coordinates>-48.883869,-10.177215,0 -48.883960,-10.177049,0</coordinates></LineString></Placemark>
<Placemark><name>2708617</name><styleUrl>#styleDaimonCIRCUITO257TRECHO</styleUrl><LineString><coordinates>-48.883869,-10.177215,0 -48.883826,-10.177293,0</coordinates></LineString></Placemark>
<Placemark><name>2504679</name><styleUrl>#styleDaimonCIRCUITO257TRECHO</styleUrl><LineString><coordinates>-48.883869,-10.177215,0 -48.884619,-10.177615,0</coordinates></LineString></Placemark>
<Placemark><name>2708618</name><styleUrl>#styleDaimonCIRCUITO257TRECHO</styleUrl><LineString><coordinates>-48.883247,-10.176881,0 -48.883869,-10.177215,0</coordinates></LineString></Placemark>
<Placemark><name>2482576</name><styleUrl>#styleDaimonCIRCUITO257TRECHO</styleUrl><LineString><coordinates>-48.883826,-10.177293,0 -48.883637,-10.177637,0</coordinates></LineString></Placemark>
<Placemark><name>2504680</name><styleUrl>#styleDaimonCIRCUITO257TRECHO</styleUrl><LineString><coordinates>-48.884619,-10.177615,0 -48.884669,-10.177643,0</coordinates></LineString></Placemark>
<Placemark><name>2504678</name><styleUrl>#styleDaimonCIRCUITO257TRECHO</styleUrl><LineString><coordinates>-48.884619,-10.177615,0 -48.884686,-10.177489,0</coordinates></LineString></Placemark>
<Placemark><name>2504677</name><styleUrl>#styleDaimonCIRCUITO257TRECHO</styleUrl><LineString><coordinates>-48.884619,-10.177615,0 -48.884394,-10.178024,0</coordinates></LineString></Placemark>
<Placemark><name>2608885</name><styleUrl>#styleDaimonCIRCUITO257TRECHO</styleUrl><LineString><coordinates>-48.883637,-10.177637,0 -48.883485,-10.177913,0</coordinates></LineString></Placemark>
<Placemark><name>3440796</name><styleUrl>#styleDaimonCIRCUITO257TRECHO</styleUrl><LineString><coordinates>-48.884394,-10.178024,0 -48.884228,-10.178330,0</coordinates></LineString></Placemark>
<Placemark><name>3003861</name><styleUrl>#styleDaimonCIRCUITO257TRECHO</styleUrl><LineString><coordinates>-48.882426,-10.176442,0 -48.882394,-10.176471,0</coordinates></LineString></Placemark>
<Placemark><name>3003860</name><styleUrl>#styleDaimonCIRCUITO257TRECHO</styleUrl><LineString><coordinates>-48.882974,-10.176735,0 -48.882426,-10.176442,0</coordinates></LineString></Placemark>
<Placemark><name>3003865</name><styleUrl>#styleDaimonCIRCUITO257TRECHO</styleUrl><LineString><coordinates>-48.882426,-10.176442,0 -48.882675,-10.175946,0</coordinates></LineString></Placemark>
<Placemark><name>3003862</name><styleUrl>#styleDaimonCIRCUITO257TRECHO</styleUrl><LineString><coordinates>-48.882426,-10.176442,0 -48.881780,-10.176097,0</coordinates></LineString></Placemark>
<Placemark><name>3003863</name><styleUrl>#styleDaimonCIRCUITO257TRECHO</styleUrl><LineString><coordinates>-48.882675,-10.175946,0 -48.882801,-10.175720,0</coordinates></LineString></Placemark>
<Placemark><name>2713276</name><styleUrl>#styleDaimonCIRCUITO257TRECHO</styleUrl><LineString><coordinates>-48.881780,-10.176097,0 -48.881736,-10.176074,0</coordinates></LineString></Placemark>
<Placemark><name>2497024</name><styleUrl>#styleDaimonCIRCUITO257TRECHO</styleUrl><LineString><coordinates>-48.881780,-10.176097,0 -48.882052,-10.175585,0</coordinates></LineString></Placemark>
<Placemark><name>2713274</name><styleUrl>#styleDaimonCIRCUITO257TRECHO</styleUrl><LineString><coordinates>-48.881780,-10.176097,0 -48.881744,-10.176162,0</coordinates></LineString></Placemark>
<Placemark><name>41836782</name><styleUrl>#styleDaimonCIRCUITO257TRECHO</styleUrl><LineString><coordinates>-48.882801,-10.175720,0 -48.882891,-10.175562,0</coordinates></LineString></Placemark>
<Placemark><name>2497025</name><styleUrl>#styleDaimonCIRCUITO257TRECHO</styleUrl><LineString><coordinates>-48.882052,-10.175585,0 -48.882230,-10.175248,0</coordinates></LineString></Placemark>
<Placemark><name>12071644</name><styleUrl>#styleDaimonCIRCUITO257TRECHO</styleUrl><LineString><coordinates>-48.881744,-10.176162,0 -48.881730,-10.176193,0</coordinates></LineString></Placemark>
<Placemark><name>3634519</name><styleUrl>#styleDaimonCIRCUITO257TRECHO</styleUrl><LineString><coordinates>-48.882230,-10.175248,0 -48.882209,-10.175222,0</coordinates></LineString></Placemark>
<Placemark><name>41836669</name><styleUrl>#styleDaimonCIRCUITO257TRECHO</styleUrl><LineString><coordinates>-48.882230,-10.175248,0 -48.882432,-10.175337,0</coordinates></LineString></Placemark>
<Placemark><name>3634520</name><styleUrl>#styleDaimonCIRCUITO257TRECHO</styleUrl><LineString><coordinates>-48.882230,-10.175248,0 -48.882350,-10.175028,0</coordinates></LineString></Placemark>
<Placemark><name>2481092</name><styleUrl>#styleDaimonCIRCUITO257TRECHO</styleUrl><LineString><coordinates>-48.881730,-10.176193,0 -48.881413,-10.176788,0</coordinates></LineString></Placemark>
<Placemark><name>2501574</name><styleUrl>#styleDaimonCIRCUITO257TRECHO</styleUrl><LineString><coordinates>-48.881413,-10.176788,0 -48.881254,-10.177088,0</coordinates></LineString></Placemark>
<Placemark><name>2482426</name><styleUrl>#styleDaimonCIRCUITO257TRECHO</styleUrl><LineString><coordinates>-48.882812,-10.174153,0 -48.883133,-10.173560,0</coordinates></LineString></Placemark>
<Placemark><name>2713271</name><styleUrl>#styleDaimonCIRCUITO257TRECHO</styleUrl><LineString><coordinates>-48.880943,-10.175708,0 -48.880885,-10.175708,0</coordinates></LineString></Placemark>
<Placemark><name>2485989</name><styleUrl>#styleDaimonCIRCUITO257TRECHO</styleUrl><LineString><coordinates>-48.880885,-10.175708,0 -48.880894,-10.176272,0</coordinates></LineString></Placemark>
<Placemark><name>2713272</name><styleUrl>#styleDaimonCIRCUITO257TRECHO</styleUrl><LineString><coordinates>-48.880885,-10.175708,0 -48.880188,-10.175687,0</coordinates></LineString></Placemark>
<Placemark><name>2713269</name><styleUrl>#styleDaimonCIRCUITO257TRECHO</styleUrl><LineString><coordinates>-48.880885,-10.175708,0 -48.880895,-10.175524,0</coordinates></LineString></Placemark>
<Placemark><name>12071645</name><styleUrl>#styleDaimonCIRCUITO257TRECHO</styleUrl><LineString><coordinates>-48.880976,-10.175714,0 -48.880943,-10.175708,0</coordinates></LineString></Placemark>
<Placemark><name>12070975</name><styleUrl>#styleDaimonCIRCUITO257TRECHO</styleUrl><LineString><coordinates>-48.880188,-10.175687,0 -48.880172,-10.175703,0</coordinates></LineString></Placemark>
<Placemark><name>2485990</name><styleUrl>#styleDaimonCIRCUITO257TRECHO</styleUrl><LineString><coordinates>-48.881739,-10.176075,0 -48.880976,-10.175714,0</coordinates></LineString></Placemark>
<Placemark><name>2695083</name><styleUrl>#styleDaimonCIRCUITO257TRECHO</styleUrl><LineString><coordinates>-48.880172,-10.175703,0 -48.880146,-10.176343,0</coordinates></LineString></Placemark>
<Placemark><name>12067833</name><styleUrl>#styleDaimonCIRCUITO257TRECHO</styleUrl><LineString><coordinates>-48.880146,-10.176343,0 -48.880132,-10.176334,0</coordinates></LineString></Placemark>
<Placemark><name>2480806</name><styleUrl>#styleDaimonCIRCUITO257TRECHO</styleUrl><LineString><coordinates>-48.880146,-10.176343,0 -48.880128,-10.176822,0</coordinates></LineString></Placemark>
<Placemark><name>3432315</name><styleUrl>#styleDaimonCIRCUITO257TRECHO</styleUrl><LineString><coordinates>-48.880132,-10.176334,0 -48.879953,-10.176213,0</coordinates></LineString></Placemark>
<Placemark><name>2480808</name><styleUrl>#styleDaimonCIRCUITO257TRECHO</styleUrl><LineString><coordinates>-48.880128,-10.176822,0 -48.880117,-10.177123,0</coordinates></LineString></Placemark>
<Placemark><name>3673053</name><styleUrl>#styleDaimonCIRCUITO257TRECHO</styleUrl><LineString><coordinates>-48.880128,-10.176822,0 -48.880040,-10.176836,0</coordinates></LineString></Placemark>
<Placemark><name>2485840</name><styleUrl>#styleDaimonCIRCUITO257TRECHO</styleUrl><LineString><coordinates>-48.880117,-10.177123,0 -48.880096,-10.177652,0</coordinates></LineString></Placemark>
<Placemark><name>12071546</name><styleUrl>#styleDaimonCIRCUITO257TRECHO</styleUrl><LineString><coordinates>-48.880096,-10.177652,0 -48.880084,-10.177665,0</coordinates></LineString></Placemark>
<Placemark><name>2496417</name><styleUrl>#styleDaimonCIRCUITO257TRECHO</styleUrl><LineString><coordinates>-48.880096,-10.177652,0 -48.880090,-10.177807,0</coordinates></LineString></Placemark>
<Placemark><name>3433503</name><styleUrl>#styleDaimonCIRCUITO257TRECHO</styleUrl><LineString><coordinates>-48.880084,-10.177665,0 -48.879970,-10.177759,0</coordinates></LineString></Placemark>
<Placemark><name>12071547</name><styleUrl>#styleDaimonCIRCUITO257TRECHO</styleUrl><LineString><coordinates>-48.879970,-10.177759,0 -48.879939,-10.177773,0</coordinates></LineString></Placemark>
<Placemark><name>2485839</name><styleUrl>#styleDaimonCIRCUITO257TRECHO</styleUrl><LineString><coordinates>-48.879939,-10.177773,0 -48.879545,-10.177755,0</coordinates></LineString></Placemark>
<Placemark><name>2695081</name><styleUrl>#styleDaimonCIRCUITO257TRECHO</styleUrl><LineString><coordinates>-48.879545,-10.177755,0 -48.879435,-10.177750,0</coordinates></LineString></Placemark>
<Placemark><name>12071545</name><styleUrl>#styleDaimonCIRCUITO257TRECHO</styleUrl><LineString><coordinates>-48.879435,-10.177750,0 -48.879401,-10.177749,0</coordinates></LineString></Placemark>
<Placemark><name>3433151</name><styleUrl>#styleDaimonCIRCUITO257TRECHO</styleUrl><LineString><coordinates>-48.879401,-10.177749,0 -48.879096,-10.177735,0</coordinates></LineString></Placemark>
<Placemark><name>Suporte Chave DJ_AL04062013_FICT</name><styleUrl>#styleDaimonCIRCUITO257TRECHO</styleUrl><LineString><coordinates>-48.897165,-10.180351,0 -48.897400,-10.180121,0</coordinates></LineString></Placemark>
<Placemark><name>Suporte Chave 8802277013</name><styleUrl>#styleDaimonCIRCUITO257TRECHO</styleUrl><LineString><coordinates>-48.897138,-10.179943,0 -48.897134,-10.179940,0</coordinates></LineString></Placemark>
<Placemark><name>Suporte Chave 8853372013</name><styleUrl>#styleDaimonCIRCUITO257TRECHO</styleUrl><LineString><coordinates>-48.897394,-10.179345,0 -48.897403,-10.179329,0</coordinates></LineString></Placemark>
<Placemark><name>Suporte Chave 8800008013</name><styleUrl>#styleDaimonCIRCUITO257TRECHO</styleUrl><LineString><coordinates>-48.896980,-10.179666,0 -48.896951,-10.179651,0</coordinates></LineString></Placemark>
<Placemark><name>Suporte Chave 8853373013</name><styleUrl>#styleDaimonCIRCUITO257TRECHO</styleUrl><LineString><coordinates>-48.895647,-10.177745,0 -48.895611,-10.177726,0</coordinates></LineString></Placemark>
<Placemark><name>Suporte Chave 8851783013</name><styleUrl>#styleDaimonCIRCUITO257TRECHO</styleUrl><LineString><coordinates>-48.892162,-10.176518,0 -48.892158,-10.176526,0</coordinates></LineString></Placemark>
<Placemark><name>Suporte Chave 8853374013</name><styleUrl>#styleDaimonCIRCUITO257TRECHO</styleUrl><LineString><coordinates>-48.892362,-10.176024,0 -48.892349,-10.176017,0</coordinates></LineString></Placemark>
<Placemark><name>Suporte Chave 8800013013</name><styleUrl>#styleDaimonCIRCUITO257TRECHO</styleUrl><LineString><coordinates>-48.893350,-10.177730,0 -48.893340,-10.177725,0</coordinates></LineString></Placemark>
<Placemark><name>Suporte Chave 8800017013</name><styleUrl>#styleDaimonCIRCUITO257TRECHO</styleUrl><LineString><coordinates>-48.890719,-10.176328,0 -48.890750,-10.176344,0</coordinates></LineString></Placemark>
<Placemark><name>Suporte Chave 8853356013</name><styleUrl>#styleDaimonCIRCUITO257TRECHO</styleUrl><LineString><coordinates>-48.886604,-10.171840,0 -48.886582,-10.171829,0</coordinates></LineString></Placemark>
<Placemark><name>Suporte Chave 8800164013</name><styleUrl>#styleDaimonCIRCUITO257TRECHO</styleUrl><LineString><coordinates>-48.885653,-10.172130,0 -48.885640,-10.172154,0</coordinates></LineString></Placemark>
<Placemark><name>Suporte Chave 8802666013</name><styleUrl>#styleDaimonCIRCUITO257TRECHO</styleUrl><LineString><coordinates>-48.886708,-10.170223,0 -48.886692,-10.170251,0</coordinates></LineString></Placemark>
<Placemark><name>Suporte Chave 8801972013</name><styleUrl>#styleDaimonCIRCUITO257TRECHO</styleUrl><LineString><coordinates>-48.885427,-10.173506,0 -48.885454,-10.173521,0</coordinates></LineString></Placemark>
<Placemark><name>Suporte Chave 8800160013</name><styleUrl>#styleDaimonCIRCUITO257TRECHO</styleUrl><LineString><coordinates>-48.886476,-10.174068,0 -48.886425,-10.174040,0</coordinates></LineString></Placemark>
<Placemark><name>Suporte Chave 8800159013</name><styleUrl>#styleDaimonCIRCUITO257TRECHO</styleUrl><LineString><coordinates>-48.886683,-10.174177,0 -48.886711,-10.174192,0</coordinates></LineString></Placemark>
<Placemark><name>Suporte Chave 8800153013</name><styleUrl>#styleDaimonCIRCUITO257TRECHO</styleUrl><LineString><coordinates>-48.884703,-10.176416,0 -48.884722,-10.176427,0</coordinates></LineString></Placemark>
<Placemark><name>Suporte Chave 8800214013</name><styleUrl>#styleDaimonCIRCUITO257TRECHO</styleUrl><LineString><coordinates>-48.883553,-10.175949,0 -48.883546,-10.175963,0</coordinates></LineString></Placemark>
<Placemark><name>Suporte Chave 8802311013</name><styleUrl>#styleDaimonCIRCUITO257TRECHO</styleUrl><LineString><coordinates>-48.884046,-10.174961,0 -48.884033,-10.174956,0</coordinates></LineString></Placemark>
<Placemark><name>Suporte Chave 8802313013</name><styleUrl>#styleDaimonCIRCUITO257TRECHO</styleUrl><LineString><coordinates>-48.882497,-10.177898,0 -48.882490,-10.177913,0</coordinates></LineString></Placemark>
<Placemark><name>Suporte Chave 8800156013</name><styleUrl>#styleDaimonCIRCUITO257TRECHO</styleUrl><LineString><coordinates>-48.883213,-10.176862,0 -48.883247,-10.176881,0</coordinates></LineString></Placemark>
<Placemark><name>Suporte Chave 8800210013</name><styleUrl>#styleDaimonCIRCUITO257TRECHO</styleUrl><LineString><coordinates>-48.882997,-10.176747,0 -48.882974,-10.176735,0</coordinates></LineString></Placemark>
<Placemark><name>Suporte Chave 8802118013</name><styleUrl>#styleDaimonCIRCUITO257TRECHO</styleUrl><LineString><coordinates>-48.882796,-10.174182,0 -48.882812,-10.174153,0</coordinates></LineString></Placemark>
<Placemark><name>Suporte Chave 8800208013</name><styleUrl>#styleDaimonCIRCUITO257TRECHO</styleUrl><LineString><coordinates>-48.881736,-10.176074,0 -48.881739,-10.176075,0</coordinates></LineString></Placemark>
<Placemark><name>Suporte Chave 8800012013</name><styleUrl>#styleDaimonCIRCUITO257TRECHO</styleUrl><LineString><coordinates>-48.894749,-10.178478,0 -48.894717,-10.178461,0</coordinates></LineString></Placemark>
<Placemark><name>Suporte Chave 8800173013</name><styleUrl>#styleDaimonCIRCUITO257TRECHO</styleUrl><LineString><coordinates>-48.885661,-10.175701,0 -48.885656,-10.175711,0</coordinates></LineString></Placemark>
<Placemark><name>Suporte Chave 8800176013</name><styleUrl>#styleDaimonCIRCUITO257TRECHO</styleUrl><LineString><coordinates>-48.885493,-10.175739,0 -48.885505,-10.175746,0</coordinates></LineString></Placemark>
<Placemark><name>Suporte Chave 8851785013</name><styleUrl>#styleDaimonCIRCUITO257TRECHO</styleUrl><LineString><coordinates>-48.889137,-10.173194,0 -48.889140,-10.173196,0</coordinates></LineString></Placemark>
<Placemark><name>Suporte Chave 8802129013</name><styleUrl>#styleDaimonCIRCUITO257TRECHO</styleUrl><LineString><coordinates>-48.882363,-10.175003,0 -48.882350,-10.175028,0</coordinates></LineString></Placemark>
<Placemark><name>Suporte Chave 8853384013</name><styleUrl>#styleDaimonCIRCUITO257TRECHO</styleUrl><LineString><coordinates>-48.888097,-10.172708,0 -48.888101,-10.172702,0</coordinates></LineString></Placemark>
<Placemark><name>Suporte Chave 8802312013</name><styleUrl>#styleDaimonCIRCUITO257TRECHO</styleUrl><LineString><coordinates>-48.884693,-10.177475,0 -48.884686,-10.177489,0</coordinates></LineString></Placemark>
<Placemark><name>Suporte Chave 8800020013</name><styleUrl>#styleDaimonCIRCUITO257TRECHO</styleUrl><LineString><coordinates>-48.890454,-10.176187,0 -48.890441,-10.176180,0</coordinates></LineString></Placemark>
<Placemark><name>Suporte Chave 8853371013</name><styleUrl>#styleDaimonCIRCUITO257TRECHO</styleUrl><LineString><coordinates>-48.887306,-10.174136,0 -48.887290,-10.174164,0</coordinates></LineString></Placemark>
</Folder>
</Folder>
<Style id="styleDaimonCIRCUITO258TRECHO"><LineStyle><color>ff80ffff</color><width>2.00</width></LineStyle></Style>
<Folder>
<name>Circ_AL05062013</name>
<Folder>
<name>Chave</name>
<Placemark><name>DJ_AL05062013_FICT</name><visibility>0</visibility><LookAt><longitude>-48.897292</longitude><latitude>-10.180222</latitude><altitude>1200.0</altitude><altitudeMode>absolute</altitudeMode></LookAt><styleUrl>#mapDaimonCorBranco</styleUrl><Point><coordinates>-48.897292,-10.180222,0</coordinates></Point></Placemark>
<Placemark><name>8841656013</name><visibility>0</visibility><LookAt><longitude>-48.897154</longitude><latitude>-10.179912</latitude><altitude>1200.0</altitude><altitudeMode>absolute</altitudeMode></LookAt><styleUrl>#mapDaimonCorAzul</styleUrl><Point><coordinates>-48.897154,-10.179912,0</coordinates></Point></Placemark>
<Placemark><name>8842173013</name><visibility>0</visibility><LookAt><longitude>-48.900277</longitude><latitude>-10.180743</latitude><altitude>1200.0</altitude><altitudeMode>absolute</altitudeMode></LookAt><styleUrl>#mapDaimonCorAzul</styleUrl><Point><coordinates>-48.900277,-10.180743,0</coordinates></Point></Placemark>
<Placemark><name>8802098013</name><visibility>0</visibility><LookAt><longitude>-48.900574</longitude><latitude>-10.180209</latitude><altitude>1200.0</altitude><altitudeMode>absolute</altitudeMode></LookAt><styleUrl>#mapDaimonCorAzul</styleUrl><Point><coordinates>-48.900574,-10.180209,0</coordinates></Point></Placemark>
<Placemark><name>8800043013</name><visibility>0</visibility><LookAt><longitude>-48.901107</longitude><latitude>-10.179590</latitude><altitude>1200.0</altitude><altitudeMode>absolute</altitudeMode></LookAt><styleUrl>#mapDaimonCorAzul</styleUrl><Point><coordinates>-48.901107,-10.179590,0</coordinates></Point></Placemark>
<Placemark><name>8801999013</name><visibility>0</visibility><LookAt><longitude>-48.901051</longitude><latitude>-10.179356</latitude><altitude>1200.0</altitude><altitudeMode>absolute</altitudeMode></LookAt><styleUrl>#mapDaimonCorAzul</styleUrl><Point><coordinates>-48.901051,-10.179356,0</coordinates></Point></Placemark>
<Placemark><name>8842171013</name><visibility>0</visibility><LookAt><longitude>-48.905033</longitude><latitude>-10.182039</latitude><altitude>1200.0</altitude><altitudeMode>absolute</altitudeMode></LookAt><styleUrl>#mapDaimonCorAzul</styleUrl><Point><coordinates>-48.905033,-10.182039,0</coordinates></Point></Placemark>
<Placemark><name>8829940013</name><visibility>0</visibility><LookAt><longitude>-48.899261</longitude><latitude>-10.177436</latitude><altitude>1200.0</altitude><altitudeMode>absolute</altitudeMode></LookAt><styleUrl>#mapDaimonCorAzul</styleUrl><Point><coordinates>-48.899261,-10.177436,0</coordinates></Point></Placemark>
<Placemark><name>8802225013</name><visibility>0</visibility><LookAt><longitude>-48.907131</longitude><latitude>-10.180438</latitude><altitude>1200.0</altitude><altitudeMode>absolute</altitudeMode></LookAt><styleUrl>#mapDaimonCorAzul</styleUrl><Point><coordinates>-48.907131,-10.180438,0</coordinates></Point></Placemark>
<Placemark><name>7941657013</name><visibility>0</visibility><LookAt><longitude>-48.902398</longitude><latitude>-10.189162</latitude><altitude>1200.0</altitude><altitudeMode>absolute</altitudeMode></LookAt><styleUrl>#mapDaimonCorVerde</styleUrl><Point><coordinates>-48.902398,-10.189162,0</coordinates></Point></Placemark>
<Placemark><name>8801141013</name><visibility>0</visibility><LookAt><longitude>-48.898903</longitude><latitude>-10.177251</latitude><altitude>1200.0</altitude><altitudeMode>absolute</altitudeMode></LookAt><styleUrl>#mapDaimonCorAzul</styleUrl><Point><coordinates>-48.898903,-10.177251,0</coordinates></Point></Placemark>
<Placemark><name>8800049013</name><visibility>0</visibility><LookAt><longitude>-48.898593</longitude><latitude>-10.177083</latitude><altitude>1200.0</altitude><altitudeMode>absolute</altitudeMode></LookAt><styleUrl>#mapDaimonCorAzul</styleUrl><Point><coordinates>-48.898593,-10.177083,0</coordinates></Point></Placemark>
<Placemark><name>8841696013</name><visibility>0</visibility><LookAt><longitude>-48.902856</longitude><latitude>-10.190340</latitude><altitude>1200.0</altitude><altitudeMode>absolute</altitudeMode></LookAt><styleUrl>#mapDaimonCorAzul</styleUrl><Point><coordinates>-48.902856,-10.190340,0</coordinates></Point></Placemark>
<Placemark><name>7955949013</name><visibility>0</visibility><LookAt><longitude>-48.898161</longitude><latitude>-10.176838</latitude><altitude>1200.0</altitude><altitudeMode>absolute</altitudeMode></LookAt><styleUrl>#mapDaimonCorVerde</styleUrl><Point><coordinates>-48.898161,-10.176838,0</coordinates></Point></Placemark>
<Placemark><name>8802202013</name><visibility>0</visibility><LookAt><longitude>-48.897855</longitude><latitude>-10.174341</latitude><altitude>1200.0</altitude><altitudeMode>absolute</altitudeMode></LookAt><styleUrl>#mapDaimonCorAzul</styleUrl><Point><coordinates>-48.897855,-10.174341,0</coordinates></Point></Placemark>
<Placemark><name>8800050013</name><visibility>0</visibility><LookAt><longitude>-48.898037</longitude><latitude>-10.173889</latitude><altitude>1200.0</altitude><altitudeMode>absolute</altitudeMode></LookAt><styleUrl>#mapDaimonCorAzul</styleUrl><Point><coordinates>-48.898037,-10.173889,0</coordinates></Point></Placemark>
<Placemark><name>885337201</name><visibility>0</visibility><LookAt><longitude>-48.892520</longitude><latitude>-10.199301</latitude><altitude>1200.0</altitude><altitudeMode>absolute</altitudeMode></LookAt><styleUrl>#mapDaimonCorAzul</styleUrl><Point><coordinates>-48.892520,-10.199301,0</coordinates></Point></Placemark>
<Placemark><name>8802008013</name><visibility>0</visibility><LookAt><longitude>-48.899929</longitude><latitude>-10.196397</latitude><altitude>1200.0</altitude><altitudeMode>absolute</altitudeMode></LookAt><styleUrl>#mapDaimonCorAzul</styleUrl><Point><coordinates>-48.899929,-10.196397,0</coordinates></Point></Placemark>
<Placemark><name>8041657013</name><visibility>0</visibility><LookAt><longitude>-48.902441</longitude><latitude>-10.189189</latitude><altitude>1200.0</altitude><altitudeMode>absolute</altitudeMode></LookAt><styleUrl>#mapDaimonCorBranco</styleUrl><Point><coordinates>-48.902441,-10.189189,0</coordinates></Point></Placemark>
<Placemark><name>8831168013</name><visibility>0</visibility><LookAt><longitude>-48.898102</longitude><latitude>-10.198875</latitude><altitude>1200.0</altitude><altitudeMode>absolute</altitudeMode></LookAt><styleUrl>#mapDaimonCorAzul</styleUrl><Point><coordinates>-48.898102,-10.198875,0</coordinates></Point></Placemark>
</Folder>
<Folder>
<name>Trecho</name>
<Placemark><name>3644194</name><styleUrl>#styleDaimonCIRCUITO258TRECHO</styleUrl><LineString><coordinates>-48.897418,-10.180094,0 -48.897156,-10.179913,0</coordinates></LineString></Placemark>
<Placemark><name>12083626</name><styleUrl>#styleDaimonCIRCUITO258TRECHO</styleUrl><LineString><coordinates>-48.897104,-10.179883,0 -48.897117,-10.179853,0</coordinates></LineString></Placemark>
<Placemark><name>3644189</name><styleUrl>#styleDaimonCIRCUITO258TRECHO</styleUrl><LineString><coordinates>-48.897151,-10.179911,0 -48.897104,-10.179883,0</coordinates></LineString></Placemark>
<Placemark><name>3643978</name><styleUrl>#styleDaimonCIRCUITO258TRECHO</styleUrl><LineString><coordinates>-48.897117,-10.179853,0 -48.897244,-10.179655,0</coordinates></LineString></Placemark>
<Placemark><name>12083628</name><styleUrl>#styleDaimonCIRCUITO258TRECHO</styleUrl><LineString><coordinates>-48.897244,-10.179655,0 -48.897262,-10.179628,0</coordinates></LineString></Placemark>
<Placemark><name>3643979</name><styleUrl>#styleDaimonCIRCUITO258TRECHO</styleUrl><LineString><coordinates>-48.897262,-10.179628,0 -48.897719,-10.178812,0</coordinates></LineString></Placemark>
<Placemark><name>3644203</name><styleUrl>#styleDaimonCIRCUITO258TRECHO</styleUrl><LineString><coordinates>-48.897719,-10.178812,0 -48.897598,-10.178751,0</coordinates></LineString></Placemark>
<Placemark><name>3644196</name><styleUrl>#styleDaimonCIRCUITO258TRECHO</styleUrl><LineString><coordinates>-48.897719,-10.178812,0 -48.897762,-10.178736,0</coordinates></LineString></Placemark>
<Placemark><name>3644198</name><styleUrl>#styleDaimonCIRCUITO258TRECHO</styleUrl><LineString><coordinates>-48.897719,-10.178812,0 -48.899209,-10.179631,0</coordinates></LineString></Placemark>
<Placemark><name>12083629</name><styleUrl>#styleDaimonCIRCUITO258TRECHO</styleUrl><LineString><coordinates>-48.899209,-10.179631,0 -48.899238,-10.179647,0</coordinates></LineString></Placemark>
<Placemark><name>3644204</name><styleUrl>#styleDaimonCIRCUITO258TRECHO</styleUrl><LineString><coordinates>-48.899238,-10.179647,0 -48.900508,-10.180324,0</coordinates></LineString></Placemark>
<Placemark><name>3644396</name><styleUrl>#styleDaimonCIRCUITO258TRECHO</styleUrl><LineString><coordinates>-48.900508,-10.180324,0 -48.900566,-10.180224,0</coordinates></LineString></Placemark>
<Placemark><name>3644397</name><styleUrl>#styleDaimonCIRCUITO258TRECHO</styleUrl><LineString><coordinates>-48.900508,-10.180324,0 -48.900369,-10.180575,0</coordinates></LineString></Placemark>
<Placemark><name>3644395</name><styleUrl>#styleDaimonCIRCUITO258TRECHO</styleUrl><LineString><coordinates>-48.900508,-10.180324,0 -48.900600,-10.180370,0</coordinates></LineString></Placemark>
<Placemark><name>3646974</name><styleUrl>#styleDaimonCIRCUITO258TRECHO</styleUrl><LineString><coordinates>-48.900369,-10.180575,0 -48.900286,-10.180726,0</coordinates></LineString></Placemark>
<Placemark><name>3439953</name><styleUrl>#styleDaimonCIRCUITO258TRECHO</styleUrl><LineString><coordinates>-48.898247,-10.180972,0 -48.898477,-10.180559,0</coordinates></LineString></Placemark>
<Placemark><name>3439952</name><styleUrl>#styleDaimonCIRCUITO258TRECHO</styleUrl><LineString><coordinates>-48.898053,-10.181320,0 -48.898247,-10.180972,0</coordinates></LineString></Placemark>
<Placemark><name>2504233</name><styleUrl>#styleDaimonCIRCUITO258TRECHO</styleUrl><LineString><coordinates>-48.898053,-10.181320,0 -48.897988,-10.181287,0</coordinates></LineString></Placemark>
<Placemark><name>2504235</name><styleUrl>#styleDaimonCIRCUITO258TRECHO</styleUrl><LineString><coordinates>-48.898053,-10.181320,0 -48.897946,-10.181515,0</coordinates></LineString></Placemark>
<Placemark><name>3440216</name><styleUrl>#styleDaimonCIRCUITO258TRECHO</styleUrl><LineString><coordinates>-48.898750,-10.181689,0 -48.898053,-10.181320,0</coordinates></LineString></Placemark>
<Placemark><name>2719230</name><styleUrl>#styleDaimonCIRCUITO258TRECHO</styleUrl><LineString><coordinates>-48.898750,-10.181689,0 -48.898941,-10.181789,0</coordinates></LineString></Placemark>
<Placemark><name>2719233</name><styleUrl>#styleDaimonCIRCUITO258TRECHO</styleUrl><LineString><coordinates>-48.898750,-10.181689,0 -48.898643,-10.181886,0</coordinates></LineString></Placemark>
<Placemark><name>2719237</name><styleUrl>#styleDaimonCIRCUITO258TRECHO</styleUrl><LineString><coordinates>-48.899190,-10.180865,0 -48.898750,-10.181689,0</coordinates></LineString></Placemark>
<Placemark><name>2719236</name><styleUrl>#styleDaimonCIRCUITO258TRECHO</styleUrl><LineString><coordinates>-48.899190,-10.180865,0 -48.899270,-10.180718,0</coordinates></LineString></Placemark>
<Placemark><name>2504511</name><styleUrl>#styleDaimonCIRCUITO258TRECHO</styleUrl><LineString><coordinates>-48.899972,-10.181286,0 -48.899190,-10.180865,0</coordinates></LineString></Placemark>
<Placemark><name>2719235</name><styleUrl>#styleDaimonCIRCUITO258TRECHO</styleUrl><LineString><coordinates>-48.899190,-10.180865,0 -48.899136,-10.180836,0</coordinates></LineString></Placemark>
<Placemark><name>2504509</name><styleUrl>#styleDaimonCIRCUITO258TRECHO</styleUrl><LineString><coordinates>-48.899972,-10.181286,0 -48.899750,-10.181687,0</coordinates></LineString></Placemark>
<Placemark><name>2504510</name><styleUrl>#styleDaimonCIRCUITO258TRECHO</styleUrl><LineString><coordinates>-48.899972,-10.181286,0 -48.900052,-10.181330,0</coordinates></LineString></Placemark>
<Placemark><name>2504508</name><styleUrl>#styleDaimonCIRCUITO258TRECHO</styleUrl><LineString><coordinates>-48.900268,-10.180760,0 -48.899972,-10.181286,0</coordinates></LineString></Placemark>
<Placemark><name>3432565</name><styleUrl>#styleDaimonCIRCUITO258TRECHO</styleUrl><LineString><coordinates>-48.899750,-10.181687,0 -48.899602,-10.181953,0</coordinates></LineString></Placemark>
<Placemark><name>12076082</name><styleUrl>#styleDaimonCIRCUITO258TRECHO</styleUrl><LineString><coordinates>-48.900052,-10.181330,0 -48.900083,-10.181346,0</coordinates></LineString></Placemark>
<Placemark><name>2779126</name><styleUrl>#styleDaimonCIRCUITO258TRECHO</styleUrl><LineString><coordinates>-48.900083,-10.181346,0 -48.901451,-10.182049,0</coordinates></LineString></Placemark>
<Placemark><name>2778996</name><styleUrl>#styleDaimonCIRCUITO258TRECHO</styleUrl><LineString><coordinates>-48.901451,-10.182049,0 -48.901726,-10.182185,0</coordinates></LineString></Placemark>
<Placemark><name>2709616</name><styleUrl>#styleDaimonCIRCUITO258TRECHO</styleUrl><LineString><coordinates>-48.900962,-10.179512,0 -48.901044,-10.179368,0</coordinates></LineString></Placemark>
<Placemark><name>2709618</name><styleUrl>#styleDaimonCIRCUITO258TRECHO</styleUrl><LineString><coordinates>-48.900962,-10.179512,0 -48.900854,-10.179454,0</coordinates></LineString></Placemark>
<Placemark><name>2709617</name><styleUrl>#styleDaimonCIRCUITO258TRECHO</styleUrl><LineString><coordinates>-48.900895,-10.179634,0 -48.900962,-10.179512,0</coordinates></LineString></Placemark>
<Placemark><name>2709619</name><styleUrl>#styleDaimonCIRCUITO258TRECHO</styleUrl><LineString><coordinates>-48.900962,-10.179512,0 -48.901093,-10.179583,0</coordinates></LineString></Placemark>
<Placemark><name>3440805</name><styleUrl>#styleDaimonCIRCUITO258TRECHO</styleUrl><LineString><coordinates>-48.900730,-10.179928,0 -48.900895,-10.179634,0</coordinates></LineString></Placemark>
<Placemark><name>3440804</name><styleUrl>#styleDaimonCIRCUITO258TRECHO</styleUrl><LineString><coordinates>-48.900583,-10.180195,0 -48.900730,-10.179928,0</coordinates></LineString></Placemark>
<Placemark><name>2504214</name><styleUrl>#styleDaimonCIRCUITO258TRECHO</styleUrl><LineString><coordinates>-48.903239,-10.180727,0 -48.903379,-10.180597,0</coordinates></LineString></Placemark>
<Placemark><name>2504216</name><styleUrl>#styleDaimonCIRCUITO258TRECHO</styleUrl><LineString><coordinates>-48.903239,-10.180727,0 -48.903283,-10.180750,0</coordinates></LineString></Placemark>
<Placemark><name>3433436</name><styleUrl>#styleDaimonCIRCUITO258TRECHO</styleUrl><LineString><coordinates>-48.902629,-10.180402,0 -48.903239,-10.180727,0</coordinates></LineString></Placemark>
<Placemark><name>2504213</name><styleUrl>#styleDaimonCIRCUITO258TRECHO</styleUrl><LineString><coordinates>-48.903239,-10.180727,0 -48.903109,-10.180844,0</coordinates></LineString></Placemark>
<Placemark><name>3442275</name><styleUrl>#styleDaimonCIRCUITO258TRECHO</styleUrl><LineString><coordinates>-48.903379,-10.180597,0 -48.903576,-10.180397,0</coordinates></LineString></Placemark>
<Placemark><name>3433439</name><styleUrl>#styleDaimonCIRCUITO258TRECHO</styleUrl><LineString><coordinates>-48.901121,-10.179598,0 -48.902629,-10.180402,0</coordinates></LineString></Placemark>
<Placemark><name>12083623</name><styleUrl>#styleDaimonCIRCUITO258TRECHO</styleUrl><LineString><coordinates>-48.903109,-10.180844,0 -48.903090,-10.180862,0</coordinates></LineString></Placemark>
<Placemark><name>12067952</name><styleUrl>#styleDaimonCIRCUITO258TRECHO</styleUrl><LineString><coordinates>-48.903576,-10.180397,0 -48.903606,-10.180387,0</coordinates></LineString></Placemark>
<Placemark><name>3643629</name><styleUrl>#styleDaimonCIRCUITO258TRECHO</styleUrl><LineString><coordinates>-48.903090,-10.180862,0 -48.902833,-10.181086,0</coordinates></LineString></Placemark>
<Placemark><name>3441552</name><styleUrl>#styleDaimonCIRCUITO258TRECHO</styleUrl><LineString><coordinates>-48.903606,-10.180387,0 -48.903914,-10.180438,0</coordinates></LineString></Placemark>
<Placemark><name>12083621</name><styleUrl>#styleDaimonCIRCUITO258TRECHO</styleUrl><LineString><coordinates>-48.902833,-10.181086,0 -48.902844,-10.181093,0</coordinates></LineString></Placemark>
<Placemark><name>3643613</name><styleUrl>#styleDaimonCIRCUITO258TRECHO</styleUrl><LineString><coordinates>-48.902833,-10.181086,0 -48.902627,-10.181265,0</coordinates></LineString></Placemark>
<Placemark><name>3643628</name><styleUrl>#styleDaimonCIRCUITO258TRECHO</styleUrl><LineString><coordinates>-48.902844,-10.181093,0 -48.903974,-10.181565,0</coordinates></LineString></Placemark>
<Placemark><name>12083530</name><styleUrl>#styleDaimonCIRCUITO258TRECHO</styleUrl><LineString><coordinates>-48.903974,-10.181565,0 -48.904001,-10.181578,0</coordinates></LineString></Placemark>
<Placemark><name>3643612</name><styleUrl>#styleDaimonCIRCUITO258TRECHO</styleUrl><LineString><coordinates>-48.904001,-10.181578,0 -48.905039,-10.182018,0</coordinates></LineString></Placemark>
<Placemark><name>3643621</name><styleUrl>#styleDaimonCIRCUITO258TRECHO</styleUrl><LineString><coordinates>-48.905039,-10.182018,0 -48.905134,-10.182062,0</coordinates></LineString></Placemark>
<Placemark><name>3432285</name><styleUrl>#styleDaimonCIRCUITO258TRECHO</styleUrl><LineString><coordinates>-48.901058,-10.179344,0 -48.901345,-10.178827,0</coordinates></LineString></Placemark>
<Placemark><name>12083622</name><styleUrl>#styleDaimonCIRCUITO258TRECHO</styleUrl><LineString><coordinates>-48.902890,-10.187807,0 -48.902881,-10.187833,0</coordinates></LineString></Placemark>
<Placemark><name>3646261</name><styleUrl>#styleDaimonCIRCUITO258TRECHO</styleUrl><LineString><coordinates>-48.902881,-10.187833,0 -48.902546,-10.188790,0</coordinates></LineString></Placemark>
<Placemark><name>3643778</name><styleUrl>#styleDaimonCIRCUITO258TRECHO</styleUrl><LineString><coordinates>-48.903467,-10.186200,0 -48.902890,-10.187807,0</coordinates></LineString></Placemark>
<Placemark><name>23587182</name><styleUrl>#styleDaimonCIRCUITO258TRECHO</styleUrl><LineString><coordinates>-48.902546,-10.188790,0 -48.902641,-10.188738,0</coordinates></LineString></Placemark>
<Placemark><name>23587154</name><styleUrl>#styleDaimonCIRCUITO258TRECHO</styleUrl><LineString><coordinates>-48.902546,-10.188790,0 -48.901796,-10.189150,0</coordinates></LineString></Placemark>
<Placemark><name>3643620</name><styleUrl>#styleDaimonCIRCUITO258TRECHO</styleUrl><LineString><coordinates>-48.902546,-10.188790,0 -48.902424,-10.189143,0</coordinates></LineString></Placemark>
<Placemark><name>12083531</name><styleUrl>#styleDaimonCIRCUITO258TRECHO</styleUrl><LineString><coordinates>-48.903474,-10.186176,0 -48.903467,-10.186200,0</coordinates></LineString></Placemark>
<Placemark><name>23587138</name><styleUrl>#styleDaimonCIRCUITO258TRECHO</styleUrl><LineString><coordinates>-48.901796,-10.189150,0 -48.901494,-10.189339,0</coordinates></LineString></Placemark>
<Placemark><name>3664261</name><styleUrl>#styleDaimonCIRCUITO258TRECHO</styleUrl><LineString><coordinates>-48.902424,-10.189143,0 -48.902443,-10.189188,0</coordinates></LineString></Placemark>
<Placemark><name>3643626</name><styleUrl>#styleDaimonCIRCUITO258TRECHO</styleUrl><LineString><coordinates>-48.903599,-10.185834,0 -48.903474,-10.186176,0</coordinates></LineString></Placemark>
<Placemark><name>12083525</name><styleUrl>#styleDaimonCIRCUITO258TRECHO</styleUrl><LineString><coordinates>-48.903612,-10.185825,0 -48.903599,-10.185834,0</coordinates></LineString></Placemark>
<Placemark><name>3643610</name><styleUrl>#styleDaimonCIRCUITO258TRECHO</styleUrl><LineString><coordinates>-48.903845,-10.185945,0 -48.903612,-10.185825,0</coordinates></LineString></Placemark>
<Placemark><name>12083620</name><styleUrl>#styleDaimonCIRCUITO258TRECHO</styleUrl><LineString><coordinates>-48.903861,-10.185938,0 -48.903845,-10.185945,0</coordinates></LineString></Placemark>
<Placemark><name>3643627</name><styleUrl>#styleDaimonCIRCUITO258TRECHO</styleUrl><LineString><coordinates>-48.904264,-10.184610,0 -48.903861,-10.185938,0</coordinates></LineString></Placemark>
<Placemark><name>12083529</name><styleUrl>#styleDaimonCIRCUITO258TRECHO</styleUrl><LineString><coordinates>-48.904271,-10.184584,0 -48.904264,-10.184610,0</coordinates></LineString></Placemark>
<Placemark><name>3643611</name><styleUrl>#styleDaimonCIRCUITO258TRECHO</styleUrl><LineString><coordinates>-48.904535,-10.183726,0 -48.904271,-10.184584,0</coordinates></LineString></Placemark>
<Placemark><name>12083526</name><styleUrl>#styleDaimonCIRCUITO258TRECHO</styleUrl><LineString><coordinates>-48.904543,-10.183701,0 -48.904535,-10.183726,0</coordinates></LineString></Placemark>
<Placemark><name>3643614</name><styleUrl>#styleDaimonCIRCUITO258TRECHO</styleUrl><LineString><coordinates>-48.904924,-10.182464,0 -48.904543,-10.183701,0</coordinates></LineString></Placemark>
<Placemark><name>12083532</name><styleUrl>#styleDaimonCIRCUITO258TRECHO</styleUrl><LineString><coordinates>-48.904931,-10.182438,0 -48.904924,-10.182464,0</coordinates></LineString></Placemark>
<Placemark><name>3643780</name><styleUrl>#styleDaimonCIRCUITO258TRECHO</styleUrl><LineString><coordinates>-48.905028,-10.182060,0 -48.904931,-10.182438,0</coordinates></LineString></Placemark>
<Placemark><name>3660943</name><styleUrl>#styleDaimonCIRCUITO258TRECHO</styleUrl><LineString><coordinates>-48.902422,-10.189145,0 -48.902398,-10.189161,0</coordinates></LineString></Placemark>
<Placemark><name>3660945</name><styleUrl>#styleDaimonCIRCUITO258TRECHO</styleUrl><LineString><coordinates>-48.902398,-10.189164,0 -48.902392,-10.189182,0</coordinates></LineString></Placemark>
<Placemark><name>3646265</name><styleUrl>#styleDaimonCIRCUITO258TRECHO</styleUrl><LineString><coordinates>-48.902642,-10.190255,0 -48.902860,-10.190324,0</coordinates></LineString></Placemark>
<Placemark><name>12083527</name><styleUrl>#styleDaimonCIRCUITO258TRECHO</styleUrl><LineString><coordinates>-48.902613,-10.190245,0 -48.902642,-10.190255,0</coordinates></LineString></Placemark>
<Placemark><name>3643623</name><styleUrl>#styleDaimonCIRCUITO258TRECHO</styleUrl><LineString><coordinates>-48.902126,-10.190080,0 -48.902613,-10.190245,0</coordinates></LineString></Placemark>
<Placemark><name>12083528</name><styleUrl>#styleDaimonCIRCUITO258TRECHO</styleUrl><LineString><coordinates>-48.902120,-10.190064,0 -48.902126,-10.190080,0</coordinates></LineString></Placemark>
<Placemark><name>3643608</name><styleUrl>#styleDaimonCIRCUITO258TRECHO</styleUrl><LineString><coordinates>-48.902401,-10.189204,0 -48.902120,-10.190064,0</coordinates></LineString></Placemark>
<Placemark><name>3660944</name><styleUrl>#styleDaimonCIRCUITO258TRECHO</styleUrl><LineString><coordinates>-48.902393,-10.189185,0 -48.902401,-10.189204,0</coordinates></LineString></Placemark>
<Placemark><name>3664262</name><styleUrl>#styleDaimonCIRCUITO258TRECHO</styleUrl><LineString><coordinates>-48.902401,-10.189204,0 -48.902439,-10.189189,0</coordinates></LineString></Placemark>
<Placemark><name>2710967</name><styleUrl>#styleDaimonCIRCUITO258TRECHO</styleUrl><LineString><coordinates>-48.902617,-10.193048,0 -48.902724,-10.193105,0</coordinates></LineString></Placemark>
<Placemark><name>2710970</name><styleUrl>#styleDaimonCIRCUITO258TRECHO</styleUrl><LineString><coordinates>-48.902617,-10.193048,0 -48.902671,-10.192899,0</coordinates></LineString></Placemark>
<Placemark><name>2710969</name><styleUrl>#styleDaimonCIRCUITO258TRECHO</styleUrl><LineString><coordinates>-48.902617,-10.193048,0 -48.902093,-10.194376,0</coordinates></LineString></Placemark>
<Placemark><name>2710968</name><styleUrl>#styleDaimonCIRCUITO258TRECHO</styleUrl><LineString><coordinates>-48.902046,-10.192748,0 -48.902617,-10.193048,0</coordinates></LineString></Placemark>
<Placemark><name>3204582</name><styleUrl>#styleDaimonCIRCUITO258TRECHO</styleUrl><LineString><coordinates>-48.902671,-10.192899,0 -48.902766,-10.192614,0</coordinates></LineString></Placemark>
<Placemark><name>12068182</name><styleUrl>#styleDaimonCIRCUITO258TRECHO</styleUrl><LineString><coordinates>-48.902054,-10.192733,0 -48.902046,-10.192748,0</coordinates></LineString></Placemark>
<Placemark><name>3434516</name><styleUrl>#styleDaimonCIRCUITO258TRECHO</styleUrl><LineString><coordinates>-48.902046,-10.192748,0 -48.901817,-10.192644,0</coordinates></LineString></Placemark>
<Placemark><name>3434517</name><styleUrl>#styleDaimonCIRCUITO258TRECHO</styleUrl><LineString><coordinates>-48.902244,-10.192180,0 -48.902054,-10.192733,0</coordinates></LineString></Placemark>
<Placemark><name>2502544</name><styleUrl>#styleDaimonCIRCUITO258TRECHO</styleUrl><LineString><coordinates>-48.902852,-10.190357,0 -48.902244,-10.192180,0</coordinates></LineString></Placemark>
<Placemark><name>Suporte Chave DJ_AL05062013_FICT</name><styleUrl>#styleDaimonCIRCUITO258TRECHO</styleUrl><LineString><coordinates>-48.897165,-10.180351,0 -48.897418,-10.180094,0</coordinates></LineString></Placemark>
<Placemark><name>Suporte Chave 8841656013</name><styleUrl>#styleDaimonCIRCUITO258TRECHO</styleUrl><LineString><coordinates>-48.897156,-10.179913,0 -48.897151,-10.179911,0</coordinates></LineString></Placemark>
<Placemark><name>Suporte Chave 8842173013</name><styleUrl>#styleDaimonCIRCUITO258TRECHO</styleUrl><LineString><coordinates>-48.900286,-10.180726,0 -48.900268,-10.180760,0</coordinates></LineString></Placemark>
<Placemark><name>Suporte Chave 8802098013</name><styleUrl>#styleDaimonCIRCUITO258TRECHO</styleUrl><LineString><coordinates>-48.900566,-10.180224,0 -48.900583,-10.180195,0</coordinates></LineString></Placemark>
<Placemark><name>Suporte Chave 8800043013</name><styleUrl>#styleDaimonCIRCUITO258TRECHO</styleUrl><LineString><coordinates>-48.901093,-10.179583,0 -48.901121,-10.179598,0</coordinates></LineString></Placemark>
<Placemark><name>Suporte Chave 8801999013</name><styleUrl>#styleDaimonCIRCUITO258TRECHO</styleUrl><LineString><coordinates>-48.901044,-10.179368,0 -48.901058,-10.179344,0</coordinates></LineString></Placemark>
<Placemark><name>Suporte Chave 8842171013</name><styleUrl>#styleDaimonCIRCUITO258TRECHO</styleUrl><LineString><coordinates>-48.905039,-10.182018,0 -48.905028,-10.182060,0</coordinates></LineString></Placemark>
<Placemark><name>Suporte Chave 7941657013</name><styleUrl>#styleDaimonCIRCUITO258TRECHO</styleUrl><LineString><coordinates>-48.902398,-10.189161,0 -48.902398,-10.189164,0</coordinates></LineString></Placemark>
<Placemark><name>Suporte Chave 8841696013</name><styleUrl>#styleDaimonCIRCUITO258TRECHO</styleUrl><LineString><coordinates>-48.902860,-10.190324,0 -48.902852,-10.190357,0</coordinates></LineString></Placemark>
<Placemark><name>Suporte Chave 8041657013</name><styleUrl>#styleDaimonCIRCUITO258TRECHO</styleUrl><LineString><coordinates>-48.902443,-10.189188,0 -48.902439,-10.189189,0</coordinates></LineString></Placemark>
</Folder>
</Folder>
<Style id="styleDaimonCIRCUITO259TRECHO"><LineStyle><color>ff8000ff</color><width>2.00</width></LineStyle></Style>
<Folder>
<name>Circ_LD01062013</name>
<Folder>
<name>Chave</name>
<Placemark><name>DJ_LD01062013_FICT</name><visibility>0</visibility><LookAt><longitude>-48.897314</longitude><latitude>-10.180393</latitude><altitude>1200.0</altitude><altitudeMode>absolute</altitudeMode></LookAt><styleUrl>#mapDaimonCorBranco</styleUrl><Point><coordinates>-48.897314,-10.180393,0</coordinates></Point></Placemark>
<Placemark><name>8802184013</name><visibility>0</visibility><LookAt><longitude>-48.897211</longitude><latitude>-10.180895</latitude><altitude>1200.0</altitude><altitudeMode>absolute</altitudeMode></LookAt><styleUrl>#mapDaimonCorAzul</styleUrl><Point><coordinates>-48.897211,-10.180895,0</coordinates></Point></Placemark>
<Placemark><name>8801862013</name><visibility>0</visibility><LookAt><longitude>-48.891442</longitude><latitude>-10.190705</latitude><altitude>1200.0</altitude><altitudeMode>absolute</altitudeMode></LookAt><styleUrl>#mapDaimonCorAzul</styleUrl><Point><coordinates>-48.891442,-10.190705,0</coordinates></Point></Placemark>
<Placemark><name>8819672013</name><visibility>0</visibility><LookAt><longitude>-48.884256</longitude><latitude>-10.204228</latitude><altitude>1200.0</altitude><altitudeMode>absolute</altitudeMode></LookAt><styleUrl>#mapDaimonCorAzul</styleUrl><Point><coordinates>-48.884256,-10.204228,0</coordinates></Point></Placemark>
<Placemark><name>8802154013</name><visibility>0</visibility><LookAt><longitude>-48.876530</longitude><latitude>-10.209445</latitude><altitude>1200.0</altitude><altitudeMode>absolute</altitudeMode></LookAt><styleUrl>#mapDaimonCorAzul</styleUrl><Point><coordinates>-48.876530,-10.209445,0</coordinates></Point></Placemark>
<Placemark><name>8806270013</name><visibility>0</visibility><LookAt><longitude>-48.882226</longitude><latitude>-10.208604</latitude><altitude>1200.0</altitude><altitudeMode>absolute</altitudeMode></LookAt><styleUrl>#mapDaimonCorAzul</styleUrl><Point><coordinates>-48.882226,-10.208604,0</coordinates></Point></Placemark>
<Placemark><name>8802315013</name><visibility>0</visibility><LookAt><longitude>-48.874603</longitude><latitude>-10.209661</latitude><altitude>1200.0</altitude><altitudeMode>absolute</altitudeMode></LookAt><styleUrl>#mapDaimonCorAzul</styleUrl><Point><coordinates>-48.874603,-10.209661,0</coordinates></Point></Placemark>
</Folder>
<Folder>
<name>Trecho</name>
<Placemark><name>2490366</name><styleUrl>#styleDaimonCIRCUITO259TRECHO</styleUrl><LineString><coordinates>-48.897463,-10.180434,0 -48.897455,-10.180486,0</coordinates></LineString></Placemark>
<Placemark><name>12113035</name><styleUrl>#styleDaimonCIRCUITO259TRECHO</styleUrl><LineString><coordinates>-48.897455,-10.180486,0 -48.897438,-10.180514,0</coordinates></LineString></Placemark>
<Placemark><name>2701071</name><styleUrl>#styleDaimonCIRCUITO259TRECHO</styleUrl><LineString><coordinates>-48.897438,-10.180514,0 -48.897205,-10.180893,0</coordinates></LineString></Placemark>
<Placemark><name>12113032</name><styleUrl>#styleDaimonCIRCUITO259TRECHO</styleUrl><LineString><coordinates>-48.893713,-10.186367,0 -48.893697,-10.186397,0</coordinates></LineString></Placemark>
<Placemark><name>2491710</name><styleUrl>#styleDaimonCIRCUITO259TRECHO</styleUrl><LineString><coordinates>-48.893697,-10.186397,0 -48.893090,-10.187553,0</coordinates></LineString></Placemark>
<Placemark><name>2495689</name><styleUrl>#styleDaimonCIRCUITO259TRECHO</styleUrl><LineString><coordinates>-48.894240,-10.185361,0 -48.893713,-10.186367,0</coordinates></LineString></Placemark>
<Placemark><name>12113031</name><styleUrl>#styleDaimonCIRCUITO259TRECHO</styleUrl><LineString><coordinates>-48.893090,-10.187553,0 -48.893075,-10.187579,0</coordinates></LineString></Placemark>
<Placemark><name>12113033</name><styleUrl>#styleDaimonCIRCUITO259TRECHO</styleUrl><LineString><coordinates>-48.894255,-10.185331,0 -48.894240,-10.185361,0</coordinates></LineString></Placemark>
<Placemark><name>2489832</name><styleUrl>#styleDaimonCIRCUITO259TRECHO</styleUrl><LineString><coordinates>-48.893075,-10.187579,0 -48.891419,-10.190751,0</coordinates></LineString></Placemark>
<Placemark><name>2620429</name><styleUrl>#styleDaimonCIRCUITO259TRECHO</styleUrl><LineString><coordinates>-48.895277,-10.183811,0 -48.894255,-10.185331,0</coordinates></LineString></Placemark>
<Placemark><name>12113034</name><styleUrl>#styleDaimonCIRCUITO259TRECHO</styleUrl><LineString><coordinates>-48.895321,-10.183810,0 -48.895277,-10.183811,0</coordinates></LineString></Placemark>
<Placemark><name>2502057</name><styleUrl>#styleDaimonCIRCUITO259TRECHO</styleUrl><LineString><coordinates>-48.897472,-10.181019,0 -48.895321,-10.183810,0</coordinates></LineString></Placemark>
<Placemark><name>2656622</name><styleUrl>#styleDaimonCIRCUITO259TRECHO</styleUrl><LineString><coordinates>-48.897472,-10.181019,0 -48.897660,-10.181117,0</coordinates></LineString></Placemark>
<Placemark><name>2656620</name><styleUrl>#styleDaimonCIRCUITO259TRECHO</styleUrl><LineString><coordinates>-48.897472,-10.181019,0 -48.897523,-10.180898,0</coordinates></LineString></Placemark>
<Placemark><name>2658935</name><styleUrl>#styleDaimonCIRCUITO259TRECHO</styleUrl><LineString><coordinates>-48.897218,-10.180898,0 -48.897472,-10.181019,0</coordinates></LineString></Placemark>
<Placemark><name>12089563</name><styleUrl>#styleDaimonCIRCUITO259TRECHO</styleUrl><LineString><coordinates>-48.897523,-10.180898,0 -48.897534,-10.180879,0</coordinates></LineString></Placemark>
<Placemark><name>2656619</name><styleUrl>#styleDaimonCIRCUITO259TRECHO</styleUrl><LineString><coordinates>-48.897534,-10.180879,0 -48.897468,-10.180835,0</coordinates></LineString></Placemark>
<Placemark><name>12116494</name><styleUrl>#styleDaimonCIRCUITO259TRECHO</styleUrl><LineString><coordinates>-48.886733,-10.199750,0 -48.886724,-10.199764,0</coordinates></LineString></Placemark>
<Placemark><name>3586645</name><styleUrl>#styleDaimonCIRCUITO259TRECHO</styleUrl><LineString><coordinates>-48.886724,-10.199764,0 -48.885577,-10.201728,0</coordinates></LineString></Placemark>
<Placemark><name>3586644</name><styleUrl>#styleDaimonCIRCUITO259TRECHO</styleUrl><LineString><coordinates>-48.887085,-10.199014,0 -48.886733,-10.199750,0</coordinates></LineString></Placemark>
<Placemark><name>12116492</name><styleUrl>#styleDaimonCIRCUITO259TRECHO</styleUrl><LineString><coordinates>-48.885577,-10.201728,0 -48.885560,-10.201754,0</coordinates></LineString></Placemark>
<Placemark><name>12116493</name><styleUrl>#styleDaimonCIRCUITO259TRECHO</styleUrl><LineString><coordinates>-48.887091,-10.199001,0 -48.887085,-10.199014,0</coordinates></LineString></Placemark>
<Placemark><name>3586874</name><styleUrl>#styleDaimonCIRCUITO259TRECHO</styleUrl><LineString><coordinates>-48.885560,-10.201754,0 -48.884687,-10.203408,0</coordinates></LineString></Placemark>
<Placemark><name>3586643</name><styleUrl>#styleDaimonCIRCUITO259TRECHO</styleUrl><LineString><coordinates>-48.887342,-10.198730,0 -48.887091,-10.199001,0</coordinates></LineString></Placemark>
<Placemark><name>12117040</name><styleUrl>#styleDaimonCIRCUITO259TRECHO</styleUrl><LineString><coordinates>-48.884687,-10.203408,0 -48.884673,-10.203435,0</coordinates></LineString></Placemark>
<Placemark><name>12116491</name><styleUrl>#styleDaimonCIRCUITO259TRECHO</styleUrl><LineString><coordinates>-48.887350,-10.198717,0 -48.887342,-10.198730,0</coordinates></LineString></Placemark>
<Placemark><name>3579344</name><styleUrl>#styleDaimonCIRCUITO259TRECHO</styleUrl><LineString><coordinates>-48.884673,-10.203435,0 -48.884266,-10.204210,0</coordinates></LineString></Placemark>
<Placemark><name>2486343</name><styleUrl>#styleDaimonCIRCUITO259TRECHO</styleUrl><LineString><coordinates>-48.891166,-10.191230,0 -48.887350,-10.198717,0</coordinates></LineString></Placemark>
<Placemark><name>12084362</name><styleUrl>#styleDaimonCIRCUITO259TRECHO</styleUrl><LineString><coordinates>-48.891166,-10.191230,0 -48.891181,-10.191239,0</coordinates></LineString></Placemark>
<Placemark><name>3670976</name><styleUrl>#styleDaimonCIRCUITO259TRECHO</styleUrl><LineString><coordinates>-48.891466,-10.190660,0 -48.891166,-10.191230,0</coordinates></LineString></Placemark>
<Placemark><name>2610847</name><styleUrl>#styleDaimonCIRCUITO259TRECHO</styleUrl><LineString><coordinates>-48.891181,-10.191239,0 -48.891267,-10.191300,0</coordinates></LineString></Placemark>
<Placemark><name>3579343</name><styleUrl>#styleDaimonCIRCUITO259TRECHO</styleUrl><LineString><coordinates>-48.882007,-10.208474,0 -48.882211,-10.208596,0</coordinates></LineString></Placemark>
<Placemark><name>3579083</name><styleUrl>#styleDaimonCIRCUITO259TRECHO</styleUrl><LineString><coordinates>-48.882007,-10.208474,0 -48.881943,-10.208594,0</coordinates></LineString></Placemark>
<Placemark><name>2504422</name><styleUrl>#styleDaimonCIRCUITO259TRECHO</styleUrl><LineString><coordinates>-48.882175,-10.208159,0 -48.882007,-10.208474,0</coordinates></LineString></Placemark>
<Placemark><name>3579348</name><styleUrl>#styleDaimonCIRCUITO259TRECHO</styleUrl><LineString><coordinates>-48.882007,-10.208474,0 -48.881640,-10.208302,0</coordinates></LineString></Placemark>
<Placemark><name>2504424</name><styleUrl>#styleDaimonCIRCUITO259TRECHO</styleUrl><LineString><coordinates>-48.882175,-10.208159,0 -48.882054,-10.208133,0</coordinates></LineString></Placemark>
<Placemark><name>2504423</name><styleUrl>#styleDaimonCIRCUITO259TRECHO</styleUrl><LineString><coordinates>-48.882175,-10.208159,0 -48.882422,-10.208283,0</coordinates></LineString></Placemark>
<Placemark><name>3579081</name><styleUrl>#styleDaimonCIRCUITO259TRECHO</styleUrl><LineString><coordinates>-48.884247,-10.204246,0 -48.882175,-10.208159,0</coordinates></LineString></Placemark>
<Placemark><name>12116701</name><styleUrl>#styleDaimonCIRCUITO259TRECHO</styleUrl><LineString><coordinates>-48.881640,-10.208302,0 -48.881609,-10.208286,0</coordinates></LineString></Placemark>
<Placemark><name>2606366</name><styleUrl>#styleDaimonCIRCUITO259TRECHO</styleUrl><LineString><coordinates>-48.882422,-10.208283,0 -48.882408,-10.208289,0</coordinates></LineString></Placemark>
<Placemark><name>3575620</name><styleUrl>#styleDaimonCIRCUITO259TRECHO</styleUrl><LineString><coordinates>-48.881609,-10.208286,0 -48.876743,-10.208236,0</coordinates></LineString></Placemark>
<Placemark><name>3575641</name><styleUrl>#styleDaimonCIRCUITO259TRECHO</styleUrl><LineString><coordinates>-48.876743,-10.208236,0 -48.876525,-10.208234,0</coordinates></LineString></Placemark>
<Placemark><name>3571974</name><styleUrl>#styleDaimonCIRCUITO259TRECHO</styleUrl><LineString><coordinates>-48.876743,-10.208236,0 -48.876730,-10.208065,0</coordinates></LineString></Placemark>
<Placemark><name>3575316</name><styleUrl>#styleDaimonCIRCUITO259TRECHO</styleUrl><LineString><coordinates>-48.876743,-10.208236,0 -48.876721,-10.209395,0</coordinates></LineString></Placemark>
<Placemark><name>3571975</name><styleUrl>#styleDaimonCIRCUITO259TRECHO</styleUrl><LineString><coordinates>-48.876721,-10.209395,0 -48.876719,-10.209580,0</coordinates></LineString></Placemark>
<Placemark><name>3575317</name><styleUrl>#styleDaimonCIRCUITO259TRECHO</styleUrl><LineString><coordinates>-48.876721,-10.209395,0 -48.876834,-10.209385,0</coordinates></LineString></Placemark>
<Placemark><name>3575623</name><styleUrl>#styleDaimonCIRCUITO259TRECHO</styleUrl><LineString><coordinates>-48.876721,-10.209395,0 -48.876544,-10.209443,0</coordinates></LineString></Placemark>
<Placemark><name>3575308</name><styleUrl>#styleDaimonCIRCUITO259TRECHO</styleUrl><LineString><coordinates>-48.876516,-10.209447,0 -48.875075,-10.209610,0</coordinates></LineString></Placemark>
<Placemark><name>3575624</name><styleUrl>#styleDaimonCIRCUITO259TRECHO</styleUrl><LineString><coordinates>-48.875075,-10.209610,0 -48.874602,-10.209655,0</coordinates></LineString></Placemark>
<Placemark><name>12116789</name><styleUrl>#styleDaimonCIRCUITO259TRECHO</styleUrl><LineString><coordinates>-48.884229,-10.209465,0 -48.884263,-10.209460,0</coordinates></LineString></Placemark>
<Placemark><name>3575321</name><styleUrl>#styleDaimonCIRCUITO259TRECHO</styleUrl><LineString><coordinates>-48.884263,-10.209460,0 -48.887154,-10.209479,0</coordinates></LineString></Placemark>
<Placemark><name>3575626</name><styleUrl>#styleDaimonCIRCUITO259TRECHO</styleUrl><LineString><coordinates>-48.882241,-10.208612,0 -48.884229,-10.209465,0</coordinates></LineString></Placemark>
<Placemark><name>12116700</name><styleUrl>#styleDaimonCIRCUITO259TRECHO</styleUrl><LineString><coordinates>-48.887154,-10.209479,0 -48.887188,-10.209479,0</coordinates></LineString></Placemark>
<Placemark><name>3575637</name><styleUrl>#styleDaimonCIRCUITO259TRECHO</styleUrl><LineString><coordinates>-48.887049,-10.209961,0 -48.886963,-10.210233,0</coordinates></LineString></Placemark>
<Placemark><name>2500088</name><styleUrl>#styleDaimonCIRCUITO259TRECHO</styleUrl><LineString><coordinates>-48.879946,-10.212727,0 -48.879773,-10.212967,0</coordinates></LineString></Placemark>
<Placemark><name>12113854</name><styleUrl>#styleDaimonCIRCUITO259TRECHO</styleUrl><LineString><coordinates>-48.879937,-10.212712,0 -48.879946,-10.212727,0</coordinates></LineString></Placemark>
<Placemark><name>2500087</name><styleUrl>#styleDaimonCIRCUITO259TRECHO</styleUrl><LineString><coordinates>-48.879192,-10.212710,0 -48.879937,-10.212712,0</coordinates></LineString></Placemark>
<Placemark><name>12113853</name><styleUrl>#styleDaimonCIRCUITO259TRECHO</styleUrl><LineString><coordinates>-48.879159,-10.212710,0 -48.879192,-10.212710,0</coordinates></LineString></Placemark>
<Placemark><name>2533248</name><styleUrl>#styleDaimonCIRCUITO259TRECHO</styleUrl><LineString><coordinates>-48.875722,-10.212719,0 -48.879159,-10.212710,0</coordinates></LineString></Placemark>
<Placemark><name>12088704</name><styleUrl>#styleDaimonCIRCUITO259TRECHO</styleUrl><LineString><coordinates>-48.875687,-10.212719,0 -48.875722,-10.212719,0</coordinates></LineString></Placemark>
<Placemark><name>2533244</name><styleUrl>#styleDaimonCIRCUITO259TRECHO</styleUrl><LineString><coordinates>-48.874961,-10.212731,0 -48.875687,-10.212719,0</coordinates></LineString></Placemark>
<Placemark><name>12113839</name><styleUrl>#styleDaimonCIRCUITO259TRECHO</styleUrl><LineString><coordinates>-48.874943,-10.212715,0 -48.874961,-10.212731,0</coordinates></LineString></Placemark>
<Placemark><name>2533246</name><styleUrl>#styleDaimonCIRCUITO259TRECHO</styleUrl><LineString><coordinates>-48.874971,-10.212653,0 -48.874943,-10.212715,0</coordinates></LineString></Placemark>
<Placemark><name>12088705</name><styleUrl>#styleDaimonCIRCUITO259TRECHO</styleUrl><LineString><coordinates>-48.874966,-10.212621,0 -48.874971,-10.212653,0</coordinates></LineString></Placemark>
<Placemark><name>3575319</name><styleUrl>#styleDaimonCIRCUITO259TRECHO</styleUrl><LineString><coordinates>-48.874604,-10.209667,0 -48.874966,-10.212621,0</coordinates></LineString></Placemark>
<Placemark><name>3653793</name><styleUrl>#styleDaimonCIRCUITO259TRECHO</styleUrl><LineString><coordinates>-48.875075,-10.209594,0 -48.875075,-10.209444,0</coordinates></LineString></Placemark>
<Placemark><name>Suporte Chave DJ_LD01062013_FICT</name><styleUrl>#styleDaimonCIRCUITO259TRECHO</styleUrl><LineString><coordinates>-48.897165,-10.180351,0 -48.897463,-10.180434,0</coordinates></LineString></Placemark>
<Placemark><name>Suporte Chave 8802184013</name><styleUrl>#styleDaimonCIRCUITO259TRECHO</styleUrl><LineString><coordinates>-48.897205,-10.180893,0 -48.897218,-10.180898,0</coordinates></LineString></Placemark>
<Placemark><name>Suporte Chave 8801862013</name><styleUrl>#styleDaimonCIRCUITO259TRECHO</styleUrl><LineString><coordinates>-48.891419,-10.190751,0 -48.891466,-10.190660,0</coordinates></LineString></Placemark>
<Placemark><name>Suporte Chave 8819672013</name><styleUrl>#styleDaimonCIRCUITO259TRECHO</styleUrl><LineString><coordinates>-48.884266,-10.204210,0 -48.884247,-10.204246,0</coordinates></LineString></Placemark>
<Placemark><name>Suporte Chave 8802154013</name><styleUrl>#styleDaimonCIRCUITO259TRECHO</styleUrl><LineString><coordinates>-48.876544,-10.209443,0 -48.876516,-10.209447,0</coordinates></LineString></Placemark>
<Placemark><name>Suporte Chave 8806270013</name><styleUrl>#styleDaimonCIRCUITO259TRECHO</styleUrl><LineString><coordinates>-48.882211,-10.208596,0 -48.882241,-10.208612,0</coordinates></LineString></Placemark>
<Placemark><name>Suporte Chave 8802315013</name><styleUrl>#styleDaimonCIRCUITO259TRECHO</styleUrl><LineString><coordinates>-48.874602,-10.209655,0 -48.874604,-10.209667,0</coordinates></LineString></Placemark>
</Folder>
</Folder>
<Style id="styleDaimonCIRCUITO260TRECHO"><LineStyle><color>ffc080ff</color><width>2.00</width></LineStyle></Style>
<Folder>
<name>Circ_LD02062013</name>
<Folder>
<name>Chave</name>
<Placemark><name>DJ_LD02062013_FICT</name><visibility>0</visibility><LookAt><longitude>-48.897327</longitude><latitude>-10.180252</latitude><altitude>1200.0</altitude><altitudeMode>absolute</altitudeMode></LookAt><styleUrl>#mapDaimonCorBranco</styleUrl><Point><coordinates>-48.897327,-10.180252,0</coordinates></Point></Placemark>
<Placemark><name>8802194013</name><visibility>0</visibility><LookAt><longitude>-48.897970</longitude><latitude>-10.180069</latitude><altitude>1200.0</altitude><altitudeMode>absolute</altitudeMode></LookAt><styleUrl>#mapDaimonCorAzul</styleUrl><Point><coordinates>-48.897970,-10.180069,0</coordinates></Point></Placemark>
<Placemark><name>8832949013</name><visibility>0</visibility><LookAt><longitude>-48.899074</longitude><latitude>-10.178070</latitude><altitude>1200.0</altitude><altitudeMode>absolute</altitudeMode></LookAt><styleUrl>#mapDaimonCorAzul</styleUrl><Point><coordinates>-48.899074,-10.178070,0</coordinates></Point></Placemark>
</Folder>
<Folder>
<name>Trecho</name>
<Placemark><name>3585421</name><styleUrl>#styleDaimonCIRCUITO260TRECHO</styleUrl><LineString><coordinates>-48.897491,-10.179989,0 -48.897634,-10.180026,0</coordinates></LineString></Placemark>
<Placemark><name>2505561</name><styleUrl>#styleDaimonCIRCUITO260TRECHO</styleUrl><LineString><coordinates>-48.897470,-10.180031,0 -48.897491,-10.179989,0</coordinates></LineString></Placemark>
<Placemark><name>2505562</name><styleUrl>#styleDaimonCIRCUITO260TRECHO</styleUrl><LineString><coordinates>-48.897491,-10.179989,0 -48.897522,-10.179920,0</coordinates></LineString></Placemark>
<Placemark><name>2505560</name><styleUrl>#styleDaimonCIRCUITO260TRECHO</styleUrl><LineString><coordinates>-48.897491,-10.179989,0 -48.897473,-10.179960,0</coordinates></LineString></Placemark>
<Placemark><name>12115028</name><styleUrl>#styleDaimonCIRCUITO260TRECHO</styleUrl><LineString><coordinates>-48.897455,-10.180060,0 -48.897470,-10.180031,0</coordinates></LineString></Placemark>
<Placemark><name>12112698</name><styleUrl>#styleDaimonCIRCUITO260TRECHO</styleUrl><LineString><coordinates>-48.897522,-10.179920,0 -48.897545,-10.179912,0</coordinates></LineString></Placemark>
<Placemark><name>2502512</name><styleUrl>#styleDaimonCIRCUITO260TRECHO</styleUrl><LineString><coordinates>-48.897490,-10.180152,0 -48.897455,-10.180060,0</coordinates></LineString></Placemark>
<Placemark><name>2489609</name><styleUrl>#styleDaimonCIRCUITO260TRECHO</styleUrl><LineString><coordinates>-48.897545,-10.179912,0 -48.897958,-10.180088,0</coordinates></LineString></Placemark>
<Placemark><name>2498805</name><styleUrl>#styleDaimonCIRCUITO260TRECHO</styleUrl><LineString><coordinates>-48.898187,-10.179687,0 -48.899056,-10.178102,0</coordinates></LineString></Placemark>
<Placemark><name>2489607</name><styleUrl>#styleDaimonCIRCUITO260TRECHO</styleUrl><LineString><coordinates>-48.897982,-10.180049,0 -48.898187,-10.179687,0</coordinates></LineString></Placemark>
<Placemark><name>3665740</name><styleUrl>#styleDaimonCIRCUITO260TRECHO</styleUrl><LineString><coordinates>-48.898187,-10.179687,0 -48.898181,-10.179674,0</coordinates></LineString></Placemark>
<Placemark><name>12113148</name><styleUrl>#styleDaimonCIRCUITO260TRECHO</styleUrl><LineString><coordinates>-48.901160,-10.173922,0 -48.901175,-10.173891,0</coordinates></LineString></Placemark>
<Placemark><name>2496038</name><styleUrl>#styleDaimonCIRCUITO260TRECHO</styleUrl><LineString><coordinates>-48.901175,-10.173891,0 -48.901527,-10.173037,0</coordinates></LineString></Placemark>
<Placemark><name>2479772</name><styleUrl>#styleDaimonCIRCUITO260TRECHO</styleUrl><LineString><coordinates>-48.901079,-10.174087,0 -48.901160,-10.173922,0</coordinates></LineString></Placemark>
<Placemark><name>12113149</name><styleUrl>#styleDaimonCIRCUITO260TRECHO</styleUrl><LineString><coordinates>-48.901527,-10.173037,0 -48.901535,-10.173003,0</coordinates></LineString></Placemark>
<Placemark><name>12113162</name><styleUrl>#styleDaimonCIRCUITO260TRECHO</styleUrl><LineString><coordinates>-48.901065,-10.174117,0 -48.901079,-10.174087,0</coordinates></LineString></Placemark>
<Placemark><name>2601228</name><styleUrl>#styleDaimonCIRCUITO260TRECHO</styleUrl><LineString><coordinates>-48.901535,-10.173003,0 -48.902111,-10.169766,0</coordinates></LineString></Placemark>
<Placemark><name>2498610</name><styleUrl>#styleDaimonCIRCUITO260TRECHO</styleUrl><LineString><coordinates>-48.900105,-10.176159,0 -48.901065,-10.174117,0</coordinates></LineString></Placemark>
<Placemark><name>2495979</name><styleUrl>#styleDaimonCIRCUITO260TRECHO</styleUrl><LineString><coordinates>-48.901065,-10.174117,0 -48.901103,-10.174117,0</coordinates></LineString></Placemark>
<Placemark><name>12081804</name><styleUrl>#styleDaimonCIRCUITO260TRECHO</styleUrl><LineString><coordinates>-48.902111,-10.169766,0 -48.902116,-10.169733,0</coordinates></LineString></Placemark>
<Placemark><name>12095947</name><styleUrl>#styleDaimonCIRCUITO260TRECHO</styleUrl><LineString><coordinates>-48.900085,-10.176186,0 -48.900105,-10.176159,0</coordinates></LineString></Placemark>
<Placemark><name>2618052</name><styleUrl>#styleDaimonCIRCUITO260TRECHO</styleUrl><LineString><coordinates>-48.902116,-10.169733,0 -48.902192,-10.169294,0</coordinates></LineString></Placemark>
<Placemark><name>2490980</name><styleUrl>#styleDaimonCIRCUITO260TRECHO</styleUrl><LineString><coordinates>-48.899679,-10.176736,0 -48.900085,-10.176186,0</coordinates></LineString></Placemark>
<Placemark><name>2602587</name><styleUrl>#styleDaimonCIRCUITO260TRECHO</styleUrl><LineString><coordinates>-48.900085,-10.176186,0 -48.900122,-10.176197,0</coordinates></LineString></Placemark>
<Placemark><name>12081802</name><styleUrl>#styleDaimonCIRCUITO260TRECHO</styleUrl><LineString><coordinates>-48.902192,-10.169294,0 -48.902197,-10.169260,0</coordinates></LineString></Placemark>
<Placemark><name>12095964</name><styleUrl>#styleDaimonCIRCUITO260TRECHO</styleUrl><LineString><coordinates>-48.899674,-10.176766,0 -48.899679,-10.176736,0</coordinates></LineString></Placemark>
<Placemark><name>2489537</name><styleUrl>#styleDaimonCIRCUITO260TRECHO</styleUrl><LineString><coordinates>-48.902197,-10.169260,0 -48.902680,-10.165419,0</coordinates></LineString></Placemark>
<Placemark><name>2496035</name><styleUrl>#styleDaimonCIRCUITO260TRECHO</styleUrl><LineString><coordinates>-48.899713,-10.176862,0 -48.899674,-10.176766,0</coordinates></LineString></Placemark>
<Placemark><name>12081788</name><styleUrl>#styleDaimonCIRCUITO260TRECHO</styleUrl><LineString><coordinates>-48.902680,-10.165419,0 -48.902675,-10.165387,0</coordinates></LineString></Placemark>
<Placemark><name>12112805</name><styleUrl>#styleDaimonCIRCUITO260TRECHO</styleUrl><LineString><coordinates>-48.899712,-10.176892,0 -48.899713,-10.176862,0</coordinates></LineString></Placemark>
<Placemark><name>3433918</name><styleUrl>#styleDaimonCIRCUITO260TRECHO</styleUrl><LineString><coordinates>-48.902675,-10.165387,0 -48.902170,-10.164039,0</coordinates></LineString></Placemark>
<Placemark><name>2504139</name><styleUrl>#styleDaimonCIRCUITO260TRECHO</styleUrl><LineString><coordinates>-48.899092,-10.178038,0 -48.899712,-10.176892,0</coordinates></LineString></Placemark>
<Placemark><name>2482528</name><styleUrl>#styleDaimonCIRCUITO260TRECHO</styleUrl><LineString><coordinates>-48.898217,-10.154078,0 -48.897219,-10.151540,0</coordinates></LineString></Placemark>
<Placemark><name>12095571</name><styleUrl>#styleDaimonCIRCUITO260TRECHO</styleUrl><LineString><coordinates>-48.897219,-10.151540,0 -48.897235,-10.151533,0</coordinates></LineString></Placemark>
<Placemark><name>2480979</name><styleUrl>#styleDaimonCIRCUITO260TRECHO</styleUrl><LineString><coordinates>-48.897219,-10.151540,0 -48.895401,-10.146908,0</coordinates></LineString></Placemark>
<Placemark><name>2481489</name><styleUrl>#styleDaimonCIRCUITO260TRECHO</styleUrl><LineString><coordinates>-48.897235,-10.151533,0 -48.897253,-10.151527,0</coordinates></LineString></Placemark>
<Placemark><name>Suporte Chave DJ_LD02062013_FICT</name><styleUrl>#styleDaimonCIRCUITO260TRECHO</styleUrl><LineString><coordinates>-48.897165,-10.180351,0 -48.897490,-10.180152,0</coordinates></LineString></Placemark>
<Placemark><name>Suporte Chave 8802194013</name><styleUrl>#styleDaimonCIRCUITO260TRECHO</styleUrl><LineString><coordinates>-48.897958,-10.180088,0 -48.897982,-10.180049,0</coordinates></LineString></Placemark>
<Placemark><name>Suporte Chave 8832949013</name><styleUrl>#styleDaimonCIRCUITO260TRECHO</styleUrl><LineString><coordinates>-48.899056,-10.178102,0 -48.899092,-10.178038,0</coordinates></LineString></Placemark>
</Folder>
</Folder>
<Style id="styleDaimonCIRCUITO261TRECHO"><LineStyle><color>ffffff80</color><width>2.00</width></LineStyle></Style>
<Folder>
<name>Circ_LD03062013</name>
<Folder>
<name>Chave</name>
<Placemark><name>DJ_LD03062013_FICT</name><visibility>0</visibility><LookAt><longitude>-48.897319</longitude><latitude>-10.180434</latitude><altitude>1200.0</altitude><altitudeMode>absolute</altitudeMode></LookAt><styleUrl>#mapDaimonCorBranco</styleUrl><Point><coordinates>-48.897319,-10.180434,0</coordinates></Point></Placemark>
<Placemark><name>8802453013</name><visibility>0</visibility><LookAt><longitude>-48.897177</longitude><latitude>-10.180996</latitude><altitude>1200.0</altitude><altitudeMode>absolute</altitudeMode></LookAt><styleUrl>#mapDaimonCorAzul</styleUrl><Point><coordinates>-48.897177,-10.180996,0</coordinates></Point></Placemark>
<Placemark><name>8802131013</name><visibility>0</visibility><LookAt><longitude>-48.901220</longitude><latitude>-10.183040</latitude><altitude>1200.0</altitude><altitudeMode>absolute</altitudeMode></LookAt><styleUrl>#mapDaimonCorAzul</styleUrl><Point><coordinates>-48.901220,-10.183040,0</coordinates></Point></Placemark>
<Placemark><name>8808687013</name><visibility>0</visibility><LookAt><longitude>-48.916024</longitude><latitude>-10.193209</latitude><altitude>1200.0</altitude><altitudeMode>absolute</altitudeMode></LookAt><styleUrl>#mapDaimonCorAzul</styleUrl><Point><coordinates>-48.916024,-10.193209,0</coordinates></Point></Placemark>
</Folder>
<Folder>
<name>Trecho</name>
<Placemark><name>3518622</name><styleUrl>#styleDaimonCIRCUITO261TRECHO</styleUrl><LineString><coordinates>-48.897474,-10.180516,0 -48.897173,-10.180994,0</coordinates></LineString></Placemark>
<Placemark><name>3518623</name><styleUrl>#styleDaimonCIRCUITO261TRECHO</styleUrl><LineString><coordinates>-48.897474,-10.180516,0 -48.897646,-10.180236,0</coordinates></LineString></Placemark>
<Placemark><name>12089559</name><styleUrl>#styleDaimonCIRCUITO261TRECHO</styleUrl><LineString><coordinates>-48.897646,-10.180236,0 -48.897643,-10.180199,0</coordinates></LineString></Placemark>
<Placemark><name>3285372</name><styleUrl>#styleDaimonCIRCUITO261TRECHO</styleUrl><LineString><coordinates>-48.897643,-10.180199,0 -48.897602,-10.180226,0</coordinates></LineString></Placemark>
<Placemark><name>12108414</name><styleUrl>#styleDaimonCIRCUITO261TRECHO</styleUrl><LineString><coordinates>-48.897602,-10.180226,0 -48.897589,-10.180210,0</coordinates></LineString></Placemark>
<Placemark><name>3665251</name><styleUrl>#styleDaimonCIRCUITO261TRECHO</styleUrl><LineString><coordinates>-48.897589,-10.180210,0 -48.897582,-10.180222,0</coordinates></LineString></Placemark>
<Placemark><name>2633724</name><styleUrl>#styleDaimonCIRCUITO261TRECHO</styleUrl><LineString><coordinates>-48.897589,-10.180210,0 -48.897608,-10.180145,0</coordinates></LineString></Placemark>
<Placemark><name>12083885</name><styleUrl>#styleDaimonCIRCUITO261TRECHO</styleUrl><LineString><coordinates>-48.897252,-10.181037,0 -48.897283,-10.181056,0</coordinates></LineString></Placemark>
<Placemark><name>2505600</name><styleUrl>#styleDaimonCIRCUITO261TRECHO</styleUrl><LineString><coordinates>-48.897283,-10.181056,0 -48.897313,-10.181072,0</coordinates></LineString></Placemark>
<Placemark><name>2504136</name><styleUrl>#styleDaimonCIRCUITO261TRECHO</styleUrl><LineString><coordinates>-48.897182,-10.180998,0 -48.897252,-10.181037,0</coordinates></LineString></Placemark>
<Placemark><name>2505598</name><styleUrl>#styleDaimonCIRCUITO261TRECHO</styleUrl><LineString><coordinates>-48.897313,-10.181072,0 -48.897449,-10.180823,0</coordinates></LineString></Placemark>
<Placemark><name>2505599</name><styleUrl>#styleDaimonCIRCUITO261TRECHO</styleUrl><LineString><coordinates>-48.897313,-10.181072,0 -48.897238,-10.181206,0</coordinates></LineString></Placemark>
<Placemark><name>3431023</name><styleUrl>#styleDaimonCIRCUITO261TRECHO</styleUrl><LineString><coordinates>-48.897313,-10.181072,0 -48.901240,-10.182994,0</coordinates></LineString></Placemark>
<Placemark><name>3668715</name><styleUrl>#styleDaimonCIRCUITO261TRECHO</styleUrl><LineString><coordinates>-48.897449,-10.180823,0 -48.897468,-10.180835,0</coordinates></LineString></Placemark>
<Placemark><name>2489610</name><styleUrl>#styleDaimonCIRCUITO261TRECHO</styleUrl><LineString><coordinates>-48.897449,-10.180823,0 -48.897660,-10.180430,0</coordinates></LineString></Placemark>
<Placemark><name>2678911</name><styleUrl>#styleDaimonCIRCUITO261TRECHO</styleUrl><LineString><coordinates>-48.915802,-10.193239,0 -48.916014,-10.193210,0</coordinates></LineString></Placemark>
<Placemark><name>12090105</name><styleUrl>#styleDaimonCIRCUITO261TRECHO</styleUrl><LineString><coordinates>-48.915777,-10.193243,0 -48.915802,-10.193239,0</coordinates></LineString></Placemark>
<Placemark><name>2676442</name><styleUrl>#styleDaimonCIRCUITO261TRECHO</styleUrl><LineString><coordinates>-48.914591,-10.193019,0 -48.915777,-10.193243,0</coordinates></LineString></Placemark>
<Placemark><name>3431419</name><styleUrl>#styleDaimonCIRCUITO261TRECHO</styleUrl><LineString><coordinates>-48.911392,-10.191586,0 -48.912651,-10.192118,0</coordinates></LineString></Placemark>
<Placemark><name>24428673</name><styleUrl>#styleDaimonCIRCUITO261TRECHO</styleUrl><LineString><coordinates>-48.911392,-10.191586,0 -48.911437,-10.191269,0</coordinates></LineString></Placemark>
<Placemark><name>2620406</name><styleUrl>#styleDaimonCIRCUITO261TRECHO</styleUrl><LineString><coordinates>-48.908972,-10.190522,0 -48.911392,-10.191586,0</coordinates></LineString></Placemark>
<Placemark><name>12128123</name><styleUrl>#styleDaimonCIRCUITO261TRECHO</styleUrl><LineString><coordinates>-48.908972,-10.190522,0 -48.908980,-10.190507,0</coordinates></LineString></Placemark>
<Placemark><name>3433657</name><styleUrl>#styleDaimonCIRCUITO261TRECHO</styleUrl><LineString><coordinates>-48.907982,-10.190125,0 -48.908972,-10.190522,0</coordinates></LineString></Placemark>
<Placemark><name>2620407</name><styleUrl>#styleDaimonCIRCUITO261TRECHO</styleUrl><LineString><coordinates>-48.908980,-10.190507,0 -48.909030,-10.190410,0</coordinates></LineString></Placemark>
<Placemark><name>12084371</name><styleUrl>#styleDaimonCIRCUITO261TRECHO</styleUrl><LineString><coordinates>-48.907952,-10.190111,0 -48.907982,-10.190125,0</coordinates></LineString></Placemark>
<Placemark><name>2618032</name><styleUrl>#styleDaimonCIRCUITO261TRECHO</styleUrl><LineString><coordinates>-48.907982,-10.190125,0 -48.907999,-10.190050,0</coordinates></LineString></Placemark>
<Placemark><name>2710974</name><styleUrl>#styleDaimonCIRCUITO261TRECHO</styleUrl><LineString><coordinates>-48.904379,-10.188424,0 -48.907952,-10.190111,0</coordinates></LineString></Placemark>
<Placemark><name>3642412</name><styleUrl>#styleDaimonCIRCUITO261TRECHO</styleUrl><LineString><coordinates>-48.903013,-10.187785,0 -48.904095,-10.188290,0</coordinates></LineString></Placemark>
<Placemark><name>12115164</name><styleUrl>#styleDaimonCIRCUITO261TRECHO</styleUrl><LineString><coordinates>-48.902984,-10.187769,0 -48.903013,-10.187785,0</coordinates></LineString></Placemark>
<Placemark><name>3642410</name><styleUrl>#styleDaimonCIRCUITO261TRECHO</styleUrl><LineString><coordinates>-48.903118,-10.187344,0 -48.902984,-10.187769,0</coordinates></LineString></Placemark>
<Placemark><name>3642411</name><styleUrl>#styleDaimonCIRCUITO261TRECHO</styleUrl><LineString><coordinates>-48.902984,-10.187769,0 -48.902869,-10.188093,0</coordinates></LineString></Placemark>
<Placemark><name>T_0338569013</name><styleUrl>#styleDaimonCIRCUITO261TRECHO</styleUrl><LineString><coordinates>-48.903124,-10.187320,0 -48.903118,-10.187344,0</coordinates></LineString></Placemark>
<Placemark><name>3642408</name><styleUrl>#styleDaimonCIRCUITO261TRECHO</styleUrl><LineString><coordinates>-48.903269,-10.186870,0 -48.903124,-10.187320,0</coordinates></LineString></Placemark>
<Placemark><name>12115163</name><styleUrl>#styleDaimonCIRCUITO261TRECHO</styleUrl><LineString><coordinates>-48.903264,-10.186855,0 -48.903269,-10.186870,0</coordinates></LineString></Placemark>
<Placemark><name>3646970</name><styleUrl>#styleDaimonCIRCUITO261TRECHO</styleUrl><LineString><coordinates>-48.902992,-10.186779,0 -48.903264,-10.186855,0</coordinates></LineString></Placemark>
<Placemark><name>12116075</name><styleUrl>#styleDaimonCIRCUITO261TRECHO</styleUrl><LineString><coordinates>-48.902965,-10.186772,0 -48.902992,-10.186779,0</coordinates></LineString></Placemark>
<Placemark><name>3642189</name><styleUrl>#styleDaimonCIRCUITO261TRECHO</styleUrl><LineString><coordinates>-48.901334,-10.186464,0 -48.902965,-10.186772,0</coordinates></LineString></Placemark>
<Placemark><name>12115162</name><styleUrl>#styleDaimonCIRCUITO261TRECHO</styleUrl><LineString><coordinates>-48.901300,-10.186457,0 -48.901334,-10.186464,0</coordinates></LineString></Placemark>
<Placemark><name>3642187</name><styleUrl>#styleDaimonCIRCUITO261TRECHO</styleUrl><LineString><coordinates>-48.901352,-10.186141,0 -48.901300,-10.186457,0</coordinates></LineString></Placemark>
<Placemark><name>3642191</name><styleUrl>#styleDaimonCIRCUITO261TRECHO</styleUrl><LineString><coordinates>-48.901106,-10.185569,0 -48.901352,-10.186141,0</coordinates></LineString></Placemark>
<Placemark><name>12115160</name><styleUrl>#styleDaimonCIRCUITO261TRECHO</styleUrl><LineString><coordinates>-48.901090,-10.185541,0 -48.901106,-10.185569,0</coordinates></LineString></Placemark>
<Placemark><name>3642188</name><styleUrl>#styleDaimonCIRCUITO261TRECHO</styleUrl><LineString><coordinates>-48.900774,-10.185084,0 -48.901090,-10.185541,0</coordinates></LineString></Placemark>
<Placemark><name>12082472</name><styleUrl>#styleDaimonCIRCUITO261TRECHO</styleUrl><LineString><coordinates>-48.900774,-10.185084,0 -48.900790,-10.185077,0</coordinates></LineString></Placemark>
<Placemark><name>2709827</name><styleUrl>#styleDaimonCIRCUITO261TRECHO</styleUrl><LineString><coordinates>-48.900734,-10.185024,0 -48.900774,-10.185084,0</coordinates></LineString></Placemark>
<Placemark><name>3432749</name><styleUrl>#styleDaimonCIRCUITO261TRECHO</styleUrl><LineString><coordinates>-48.900790,-10.185077,0 -48.900810,-10.185065,0</coordinates></LineString></Placemark>
<Placemark><name>2709826</name><styleUrl>#styleDaimonCIRCUITO261TRECHO</styleUrl><LineString><coordinates>-48.900483,-10.184655,0 -48.900734,-10.185024,0</coordinates></LineString></Placemark>
<Placemark><name>2709625</name><styleUrl>#styleDaimonCIRCUITO261TRECHO</styleUrl><LineString><coordinates>-48.900734,-10.185024,0 -48.900829,-10.184988,0</coordinates></LineString></Placemark>
<Placemark><name>2709624</name><styleUrl>#styleDaimonCIRCUITO261TRECHO</styleUrl><LineString><coordinates>-48.900734,-10.185024,0 -48.900668,-10.185047,0</coordinates></LineString></Placemark>
<Placemark><name>12082473</name><styleUrl>#styleDaimonCIRCUITO261TRECHO</styleUrl><LineString><coordinates>-48.900483,-10.184621,0 -48.900483,-10.184655,0</coordinates></LineString></Placemark>
<Placemark><name>3434038</name><styleUrl>#styleDaimonCIRCUITO261TRECHO</styleUrl><LineString><coordinates>-48.901200,-10.183086,0 -48.900483,-10.184621,0</coordinates></LineString></Placemark>
<Placemark><name>2676435</name><styleUrl>#styleDaimonCIRCUITO261TRECHO</styleUrl><LineString><coordinates>-48.920215,-10.196929,0 -48.920986,-10.196837,0</coordinates></LineString></Placemark>
<Placemark><name>2676433</name><styleUrl>#styleDaimonCIRCUITO261TRECHO</styleUrl><LineString><coordinates>-48.920215,-10.196929,0 -48.920142,-10.196951,0</coordinates></LineString></Placemark>
<Placemark><name>2676280</name><styleUrl>#styleDaimonCIRCUITO261TRECHO</styleUrl><LineString><coordinates>-48.920105,-10.196137,0 -48.920215,-10.196929,0</coordinates></LineString></Placemark>
<Placemark><name>2676279</name><styleUrl>#styleDaimonCIRCUITO261TRECHO</styleUrl><LineString><coordinates>-48.920215,-10.196929,0 -48.920277,-10.197397,0</coordinates></LineString></Placemark>
<Placemark><name>12090108</name><styleUrl>#styleDaimonCIRCUITO261TRECHO</styleUrl><LineString><coordinates>-48.920100,-10.196107,0 -48.920105,-10.196137,0</coordinates></LineString></Placemark>
<Placemark><name>2676275</name><styleUrl>#styleDaimonCIRCUITO261TRECHO</styleUrl><LineString><coordinates>-48.919714,-10.193328,0 -48.920100,-10.196107,0</coordinates></LineString></Placemark>
<Placemark><name>12090107</name><styleUrl>#styleDaimonCIRCUITO261TRECHO</styleUrl><LineString><coordinates>-48.919709,-10.193298,0 -48.919714,-10.193328,0</coordinates></LineString></Placemark>
<Placemark><name>2678926</name><styleUrl>#styleDaimonCIRCUITO261TRECHO</styleUrl><LineString><coordinates>-48.919619,-10.192722,0 -48.919709,-10.193298,0</coordinates></LineString></Placemark>
<Placemark><name>2678925</name><styleUrl>#styleDaimonCIRCUITO261TRECHO</styleUrl><LineString><coordinates>-48.919619,-10.192722,0 -48.919690,-10.192715,0</coordinates></LineString></Placemark>
<Placemark><name>2678927</name><styleUrl>#styleDaimonCIRCUITO261TRECHO</styleUrl><LineString><coordinates>-48.919619,-10.192722,0 -48.919452,-10.191420,0</coordinates></LineString></Placemark>
<Placemark><name>2678924</name><styleUrl>#styleDaimonCIRCUITO261TRECHO</styleUrl><LineString><coordinates>-48.918173,-10.192923,0 -48.919619,-10.192722,0</coordinates></LineString></Placemark>
<Placemark><name>12040395</name><styleUrl>#styleDaimonCIRCUITO261TRECHO</styleUrl><LineString><coordinates>-48.919452,-10.191420,0 -48.919475,-10.191415,0</coordinates></LineString></Placemark>
<Placemark><name>2676262</name><styleUrl>#styleDaimonCIRCUITO261TRECHO</styleUrl><LineString><coordinates>-48.919452,-10.191420,0 -48.919430,-10.191254,0</coordinates></LineString></Placemark>
<Placemark><name>12090106</name><styleUrl>#styleDaimonCIRCUITO261TRECHO</styleUrl><LineString><coordinates>-48.918141,-10.192925,0 -48.918173,-10.192923,0</coordinates></LineString></Placemark>
<Placemark><name>2676267</name><styleUrl>#styleDaimonCIRCUITO261TRECHO</styleUrl><LineString><coordinates>-48.919475,-10.191415,0 -48.920113,-10.191337,0</coordinates></LineString></Placemark>
<Placemark><name>2678910</name><styleUrl>#styleDaimonCIRCUITO261TRECHO</styleUrl><LineString><coordinates>-48.916205,-10.193185,0 -48.918141,-10.192925,0</coordinates></LineString></Placemark>
<Placemark><name>2678913</name><styleUrl>#styleDaimonCIRCUITO261TRECHO</styleUrl><LineString><coordinates>-48.916205,-10.193185,0 -48.916199,-10.193033,0</coordinates></LineString></Placemark>
<Placemark><name>3205613</name><styleUrl>#styleDaimonCIRCUITO261TRECHO</styleUrl><LineString><coordinates>-48.916033,-10.193208,0 -48.916205,-10.193185,0</coordinates></LineString></Placemark>
<Placemark><name>2678918</name><styleUrl>#styleDaimonCIRCUITO261TRECHO</styleUrl><LineString><coordinates>-48.916205,-10.193185,0 -48.916415,-10.194553,0</coordinates></LineString></Placemark>
<Placemark><name>Suporte Chave DJ_LD03062013_FICT</name><styleUrl>#styleDaimonCIRCUITO261TRECHO</styleUrl><LineString><coordinates>-48.897165,-10.180351,0 -48.897474,-10.180516,0</coordinates></LineString></Placemark>
<Placemark><name>Suporte Chave 8802453013</name><styleUrl>#styleDaimonCIRCUITO261TRECHO</styleUrl><LineString><coordinates>-48.897173,-10.180994,0 -48.897182,-10.180998,0</coordinates></LineString></Placemark>
<Placemark><name>Suporte Chave 8802131013</name><styleUrl>#styleDaimonCIRCUITO261TRECHO</styleUrl><LineString><coordinates>-48.901240,-10.182994,0 -48.901200,-10.183086,0</coordinates></LineString></Placemark>
<Placemark><name>Suporte Chave 8808687013</name><styleUrl>#styleDaimonCIRCUITO261TRECHO</styleUrl><LineString><coordinates>-48.916014,-10.193210,0 -48.916033,-10.193208,0</coordinates></LineString></Placemark>
</Folder>
</Folder>
<Style id="styleDaimonCIRCUITO262TRECHO"><LineStyle><color>ffff80ff</color><width>2.00</width></LineStyle></Style>
<Folder>
<name>Circ_LD04062013</name>
<Folder>
<name>Chave</name>
<Placemark><name>DJ_LD04062013_FICT</name><visibility>0</visibility><LookAt><longitude>-48.897345</longitude><latitude>-10.180261</latitude><altitude>1200.0</altitude><altitudeMode>absolute</altitudeMode></LookAt><styleUrl>#mapDaimonCorBranco</styleUrl><Point><coordinates>-48.897345,-10.180261,0</coordinates></Point></Placemark>
<Placemark><name>8802193013</name><visibility>0</visibility><LookAt><longitude>-48.898635</longitude><latitude>-10.180277</latitude><altitude>1200.0</altitude><altitudeMode>absolute</altitudeMode></LookAt><styleUrl>#mapDaimonCorAzul</styleUrl><Point><coordinates>-48.898635,-10.180277,0</coordinates></Point></Placemark>
<Placemark><name>8802133013</name><visibility>0</visibility><LookAt><longitude>-48.901775</longitude><latitude>-10.173076</latitude><altitude>1200.0</altitude><altitudeMode>absolute</altitudeMode></LookAt><styleUrl>#mapDaimonCorAzul</styleUrl><Point><coordinates>-48.901775,-10.173076,0</coordinates></Point></Placemark>
<Placemark><name>8837716013</name><visibility>0</visibility><LookAt><longitude>-48.896299</longitude><latitude>-10.148858</latitude><altitude>1200.0</altitude><altitudeMode>absolute</altitudeMode></LookAt><styleUrl>#mapDaimonCorAzul</styleUrl><Point><coordinates>-48.896299,-10.148858,0</coordinates></Point></Placemark>
</Folder>
<Folder>
<name>Trecho</name>
<Placemark><name>12117063</name><styleUrl>#styleDaimonCIRCUITO262TRECHO</styleUrl><LineString><coordinates>-48.897601,-10.180054,0 -48.897623,-10.180058,0</coordinates></LineString></Placemark>
<Placemark><name>3585420</name><styleUrl>#styleDaimonCIRCUITO262TRECHO</styleUrl><LineString><coordinates>-48.897575,-10.180070,0 -48.897601,-10.180054,0</coordinates></LineString></Placemark>
<Placemark><name>3665739</name><styleUrl>#styleDaimonCIRCUITO262TRECHO</styleUrl><LineString><coordinates>-48.897601,-10.180054,0 -48.897634,-10.180026,0</coordinates></LineString></Placemark>
<Placemark><name>3585418</name><styleUrl>#styleDaimonCIRCUITO262TRECHO</styleUrl><LineString><coordinates>-48.897623,-10.180058,0 -48.897757,-10.180122,0</coordinates></LineString></Placemark>
<Placemark><name>12108366</name><styleUrl>#styleDaimonCIRCUITO262TRECHO</styleUrl><LineString><coordinates>-48.897549,-10.180073,0 -48.897575,-10.180070,0</coordinates></LineString></Placemark>
<Placemark><name>3665731</name><styleUrl>#styleDaimonCIRCUITO262TRECHO</styleUrl><LineString><coordinates>-48.897575,-10.180070,0 -48.897569,-10.180085,0</coordinates></LineString></Placemark>
<Placemark><name>12112817</name><styleUrl>#styleDaimonCIRCUITO262TRECHO</styleUrl><LineString><coordinates>-48.897757,-10.180122,0 -48.897786,-10.180132,0</coordinates></LineString></Placemark>
<Placemark><name>3414336</name><styleUrl>#styleDaimonCIRCUITO262TRECHO</styleUrl><LineString><coordinates>-48.897525,-10.180171,0 -48.897549,-10.180073,0</coordinates></LineString></Placemark>
<Placemark><name>2608063</name><styleUrl>#styleDaimonCIRCUITO262TRECHO</styleUrl><LineString><coordinates>-48.897786,-10.180132,0 -48.898158,-10.180233,0</coordinates></LineString></Placemark>
<Placemark><name>12112816</name><styleUrl>#styleDaimonCIRCUITO262TRECHO</styleUrl><LineString><coordinates>-48.898158,-10.180233,0 -48.898192,-10.180242,0</coordinates></LineString></Placemark>
<Placemark><name>2504722</name><styleUrl>#styleDaimonCIRCUITO262TRECHO</styleUrl><LineString><coordinates>-48.898192,-10.180242,0 -48.898549,-10.180435,0</coordinates></LineString></Placemark>
<Placemark><name>2504721</name><styleUrl>#styleDaimonCIRCUITO262TRECHO</styleUrl><LineString><coordinates>-48.898549,-10.180435,0 -48.898629,-10.180288,0</coordinates></LineString></Placemark>
<Placemark><name>2504720</name><styleUrl>#styleDaimonCIRCUITO262TRECHO</styleUrl><LineString><coordinates>-48.898549,-10.180435,0 -48.898495,-10.180530,0</coordinates></LineString></Placemark>
<Placemark><name>2504723</name><styleUrl>#styleDaimonCIRCUITO262TRECHO</styleUrl><LineString><coordinates>-48.898549,-10.180435,0 -48.898714,-10.180523,0</coordinates></LineString></Placemark>
<Placemark><name>12095250</name><styleUrl>#styleDaimonCIRCUITO262TRECHO</styleUrl><LineString><coordinates>-48.900470,-10.176980,0 -48.900485,-10.176950,0</coordinates></LineString></Placemark>
<Placemark><name>2505813</name><styleUrl>#styleDaimonCIRCUITO262TRECHO</styleUrl><LineString><coordinates>-48.900485,-10.176950,0 -48.900542,-10.176853,0</coordinates></LineString></Placemark>
<Placemark><name>2486210</name><styleUrl>#styleDaimonCIRCUITO262TRECHO</styleUrl><LineString><coordinates>-48.899167,-10.179322,0 -48.900470,-10.176980,0</coordinates></LineString></Placemark>
<Placemark><name>2505812</name><styleUrl>#styleDaimonCIRCUITO262TRECHO</styleUrl><LineString><coordinates>-48.900542,-10.176853,0 -48.900817,-10.176929,0</coordinates></LineString></Placemark>
<Placemark><name>2505814</name><styleUrl>#styleDaimonCIRCUITO262TRECHO</styleUrl><LineString><coordinates>-48.900542,-10.176853,0 -48.900626,-10.176700,0</coordinates></LineString></Placemark>
<Placemark><name>2486211</name><styleUrl>#styleDaimonCIRCUITO262TRECHO</styleUrl><LineString><coordinates>-48.900542,-10.176853,0 -48.899875,-10.176666,0</coordinates></LineString></Placemark>
<Placemark><name>12116077</name><styleUrl>#styleDaimonCIRCUITO262TRECHO</styleUrl><LineString><coordinates>-48.899149,-10.179349,0 -48.899167,-10.179322,0</coordinates></LineString></Placemark>
<Placemark><name>12082482</name><styleUrl>#styleDaimonCIRCUITO262TRECHO</styleUrl><LineString><coordinates>-48.899875,-10.176666,0 -48.899851,-10.176645,0</coordinates></LineString></Placemark>
<Placemark><name>3439955</name><styleUrl>#styleDaimonCIRCUITO262TRECHO</styleUrl><LineString><coordinates>-48.898642,-10.180265,0 -48.899149,-10.179349,0</coordinates></LineString></Placemark>
<Placemark><name>3435167</name><styleUrl>#styleDaimonCIRCUITO262TRECHO</styleUrl><LineString><coordinates>-48.899851,-10.176645,0 -48.899820,-10.176563,0</coordinates></LineString></Placemark>
<Placemark><name>12095946</name><styleUrl>#styleDaimonCIRCUITO262TRECHO</styleUrl><LineString><coordinates>-48.899820,-10.176563,0 -48.899835,-10.176544,0</coordinates></LineString></Placemark>
<Placemark><name>2498606</name><styleUrl>#styleDaimonCIRCUITO262TRECHO</styleUrl><LineString><coordinates>-48.899835,-10.176544,0 -48.900079,-10.176173,0</coordinates></LineString></Placemark>
<Placemark><name>12095949</name><styleUrl>#styleDaimonCIRCUITO262TRECHO</styleUrl><LineString><coordinates>-48.900079,-10.176173,0 -48.900090,-10.176157,0</coordinates></LineString></Placemark>
<Placemark><name>2610988</name><styleUrl>#styleDaimonCIRCUITO262TRECHO</styleUrl><LineString><coordinates>-48.900090,-10.176157,0 -48.901109,-10.174554,0</coordinates></LineString></Placemark>
<Placemark><name>3433180</name><styleUrl>#styleDaimonCIRCUITO262TRECHO</styleUrl><LineString><coordinates>-48.901125,-10.174525,0 -48.901359,-10.174106,0</coordinates></LineString></Placemark>
<Placemark><name>12081685</name><styleUrl>#styleDaimonCIRCUITO262TRECHO</styleUrl><LineString><coordinates>-48.901359,-10.174106,0 -48.901374,-10.174075,0</coordinates></LineString></Placemark>
<Placemark><name>2491533</name><styleUrl>#styleDaimonCIRCUITO262TRECHO</styleUrl><LineString><coordinates>-48.901374,-10.174075,0 -48.901769,-10.173096,0</coordinates></LineString></Placemark>
<Placemark><name>2488468</name><styleUrl>#styleDaimonCIRCUITO262TRECHO</styleUrl><LineString><coordinates>-48.902726,-10.166808,0 -48.902867,-10.165554,0</coordinates></LineString></Placemark>
<Placemark><name>2490162</name><styleUrl>#styleDaimonCIRCUITO262TRECHO</styleUrl><LineString><coordinates>-48.901782,-10.173056,0 -48.902726,-10.166808,0</coordinates></LineString></Placemark>
<Placemark><name>3443380</name><styleUrl>#styleDaimonCIRCUITO262TRECHO</styleUrl><LineString><coordinates>-48.898689,-10.154968,0 -48.897425,-10.151646,0</coordinates></LineString></Placemark>
<Placemark><name>12081561</name><styleUrl>#styleDaimonCIRCUITO262TRECHO</styleUrl><LineString><coordinates>-48.897425,-10.151646,0 -48.897413,-10.151614,0</coordinates></LineString></Placemark>
<Placemark><name>2483023</name><styleUrl>#styleDaimonCIRCUITO262TRECHO</styleUrl><LineString><coordinates>-48.897413,-10.151614,0 -48.897455,-10.151618,0</coordinates></LineString></Placemark>
<Placemark><name>2695227</name><styleUrl>#styleDaimonCIRCUITO262TRECHO</styleUrl><LineString><coordinates>-48.897413,-10.151614,0 -48.896315,-10.148899,0</coordinates></LineString></Placemark>
<Placemark><name>3554194</name><styleUrl>#styleDaimonCIRCUITO262TRECHO</styleUrl><LineString><coordinates>-48.896283,-10.148818,0 -48.895989,-10.148088,0</coordinates></LineString></Placemark>
<Placemark><name>Suporte Chave DJ_LD04062013_FICT</name><styleUrl>#styleDaimonCIRCUITO262TRECHO</styleUrl><LineString><coordinates>-48.897165,-10.180351,0 -48.897525,-10.180171,0</coordinates></LineString></Placemark>
<Placemark><name>Suporte Chave 8802193013</name><styleUrl>#styleDaimonCIRCUITO262TRECHO</styleUrl><LineString><coordinates>-48.898629,-10.180288,0 -48.898642,-10.180265,0</coordinates></LineString></Placemark>
<Placemark><name>Suporte Chave 8802133013</name><styleUrl>#styleDaimonCIRCUITO262TRECHO</styleUrl><LineString><coordinates>-48.901769,-10.173096,0 -48.901782,-10.173056,0</coordinates></LineString></Placemark>
<Placemark><name>Suporte Chave 8837716013</name><styleUrl>#styleDaimonCIRCUITO262TRECHO</styleUrl><LineString><coordinates>-48.896315,-10.148899,0 -48.896283,-10.148818,0</coordinates></LineString></Placemark>
</Folder>
</Folder>
<Style id="styleDaimonCIRCUITO263TRECHO"><LineStyle><color>ff8000ff</color><width>2.00</width></LineStyle></Style>
<Folder>
<name>Circ_LD05062013</name>
<Folder>
<name>Chave</name>
<Placemark><name>DJ_LD05062013_FICT</name><visibility>0</visibility><LookAt><longitude>-48.897361</longitude><latitude>-10.180270</latitude><altitude>1200.0</altitude><altitudeMode>absolute</altitudeMode></LookAt><styleUrl>#mapDaimonCorBranco</styleUrl><Point><coordinates>-48.897361,-10.180270,0</coordinates></Point></Placemark>
<Placemark><name>8802273013</name><visibility>0</visibility><LookAt><longitude>-48.897557</longitude><latitude>-10.180130</latitude><altitude>1200.0</altitude><altitudeMode>absolute</altitudeMode></LookAt><styleUrl>#mapDaimonCorAzul</styleUrl><Point><coordinates>-48.897557,-10.180130,0</coordinates></Point></Placemark>
<Placemark><name>8802195013</name><visibility>0</visibility><LookAt><longitude>-48.897896</longitude><latitude>-10.179958</latitude><altitude>1200.0</altitude><altitudeMode>absolute</altitudeMode></LookAt><styleUrl>#mapDaimonCorAzul</styleUrl><Point><coordinates>-48.897896,-10.179958,0</coordinates></Point></Placemark>
</Folder>
<Folder>
<name>Trecho</name>
<Placemark><name>2708957</name><styleUrl>#styleDaimonCIRCUITO263TRECHO</styleUrl><LineString><coordinates>-48.897545,-10.180133,0 -48.897569,-10.180085,0</coordinates></LineString></Placemark>
<Placemark><name>2502511</name><styleUrl>#styleDaimonCIRCUITO263TRECHO</styleUrl><LineString><coordinates>-48.897557,-10.180189,0 -48.897545,-10.180133,0</coordinates></LineString></Placemark>
<Placemark><name>2490181</name><styleUrl>#styleDaimonCIRCUITO263TRECHO</styleUrl><LineString><coordinates>-48.897545,-10.180133,0 -48.897557,-10.180130,0</coordinates></LineString></Placemark>
<Placemark><name>12114284</name><styleUrl>#styleDaimonCIRCUITO263TRECHO</styleUrl><LineString><coordinates>-48.897780,-10.180103,0 -48.897764,-10.180133,0</coordinates></LineString></Placemark>
<Placemark><name>2489608</name><styleUrl>#styleDaimonCIRCUITO263TRECHO</styleUrl><LineString><coordinates>-48.897764,-10.180133,0 -48.897660,-10.180430,0</coordinates></LineString></Placemark>
<Placemark><name>12114285</name><styleUrl>#styleDaimonCIRCUITO263TRECHO</styleUrl><LineString><coordinates>-48.897760,-10.180111,0 -48.897780,-10.180103,0</coordinates></LineString></Placemark>
<Placemark><name>2489611</name><styleUrl>#styleDaimonCIRCUITO263TRECHO</styleUrl><LineString><coordinates>-48.897780,-10.180103,0 -48.897885,-10.179975,0</coordinates></LineString></Placemark>
<Placemark><name>3585419</name><styleUrl>#styleDaimonCIRCUITO263TRECHO</styleUrl><LineString><coordinates>-48.897633,-10.180049,0 -48.897760,-10.180111,0</coordinates></LineString></Placemark>
<Placemark><name>12116369</name><styleUrl>#styleDaimonCIRCUITO263TRECHO</styleUrl><LineString><coordinates>-48.897609,-10.180059,0 -48.897633,-10.180049,0</coordinates></LineString></Placemark>
<Placemark><name>3585422</name><styleUrl>#styleDaimonCIRCUITO263TRECHO</styleUrl><LineString><coordinates>-48.897574,-10.180107,0 -48.897609,-10.180059,0</coordinates></LineString></Placemark>
<Placemark><name>12117064</name><styleUrl>#styleDaimonCIRCUITO263TRECHO</styleUrl><LineString><coordinates>-48.897564,-10.180115,0 -48.897574,-10.180107,0</coordinates></LineString></Placemark>
<Placemark><name>3665730</name><styleUrl>#styleDaimonCIRCUITO263TRECHO</styleUrl><LineString><coordinates>-48.897558,-10.180129,0 -48.897564,-10.180115,0</coordinates></LineString></Placemark>
<Placemark><name>2497380</name><styleUrl>#styleDaimonCIRCUITO263TRECHO</styleUrl><LineString><coordinates>-48.902667,-10.165395,0 -48.899131,-10.156452,0</coordinates></LineString></Placemark>
<Placemark><name>12095814</name><styleUrl>#styleDaimonCIRCUITO263TRECHO</styleUrl><LineString><coordinates>-48.902670,-10.165415,0 -48.902667,-10.165395,0</coordinates></LineString></Placemark>
<Placemark><name>3672369</name><styleUrl>#styleDaimonCIRCUITO263TRECHO</styleUrl><LineString><coordinates>-48.902188,-10.169262,0 -48.902670,-10.165415,0</coordinates></LineString></Placemark>
<Placemark><name>12081803</name><styleUrl>#styleDaimonCIRCUITO263TRECHO</styleUrl><LineString><coordinates>-48.902183,-10.169290,0 -48.902188,-10.169262,0</coordinates></LineString></Placemark>
<Placemark><name>2618053</name><styleUrl>#styleDaimonCIRCUITO263TRECHO</styleUrl><LineString><coordinates>-48.902106,-10.169734,0 -48.902183,-10.169290,0</coordinates></LineString></Placemark>
<Placemark><name>12081805</name><styleUrl>#styleDaimonCIRCUITO263TRECHO</styleUrl><LineString><coordinates>-48.902101,-10.169762,0 -48.902106,-10.169734,0</coordinates></LineString></Placemark>
<Placemark><name>2504528</name><styleUrl>#styleDaimonCIRCUITO263TRECHO</styleUrl><LineString><coordinates>-48.901525,-10.173004,0 -48.902101,-10.169762,0</coordinates></LineString></Placemark>
<Placemark><name>12113150</name><styleUrl>#styleDaimonCIRCUITO263TRECHO</styleUrl><LineString><coordinates>-48.901518,-10.173030,0 -48.901525,-10.173004,0</coordinates></LineString></Placemark>
<Placemark><name>2621392</name><styleUrl>#styleDaimonCIRCUITO263TRECHO</styleUrl><LineString><coordinates>-48.901166,-10.173889,0 -48.901518,-10.173030,0</coordinates></LineString></Placemark>
<Placemark><name>12113147</name><styleUrl>#styleDaimonCIRCUITO263TRECHO</styleUrl><LineString><coordinates>-48.901154,-10.173916,0 -48.901166,-10.173889,0</coordinates></LineString></Placemark>
<Placemark><name>3443424</name><styleUrl>#styleDaimonCIRCUITO263TRECHO</styleUrl><LineString><coordinates>-48.901069,-10.174085,0 -48.901154,-10.173916,0</coordinates></LineString></Placemark>
<Placemark><name>12113163</name><styleUrl>#styleDaimonCIRCUITO263TRECHO</styleUrl><LineString><coordinates>-48.901057,-10.174110,0 -48.901069,-10.174085,0</coordinates></LineString></Placemark>
<Placemark><name>2610989</name><styleUrl>#styleDaimonCIRCUITO263TRECHO</styleUrl><LineString><coordinates>-48.900099,-10.176155,0 -48.901057,-10.174110,0</coordinates></LineString></Placemark>
<Placemark><name>12095948</name><styleUrl>#styleDaimonCIRCUITO263TRECHO</styleUrl><LineString><coordinates>-48.900081,-10.176180,0 -48.900099,-10.176155,0</coordinates></LineString></Placemark>
<Placemark><name>2498608</name><styleUrl>#styleDaimonCIRCUITO263TRECHO</styleUrl><LineString><coordinates>-48.899674,-10.176733,0 -48.900081,-10.176180,0</coordinates></LineString></Placemark>
<Placemark><name>12095963</name><styleUrl>#styleDaimonCIRCUITO263TRECHO</styleUrl><LineString><coordinates>-48.899655,-10.176760,0 -48.899674,-10.176733,0</coordinates></LineString></Placemark>
<Placemark><name>2488777</name><styleUrl>#styleDaimonCIRCUITO263TRECHO</styleUrl><LineString><coordinates>-48.899367,-10.177305,0 -48.899655,-10.176760,0</coordinates></LineString></Placemark>
<Placemark><name>12094712</name><styleUrl>#styleDaimonCIRCUITO263TRECHO</styleUrl><LineString><coordinates>-48.899350,-10.177333,0 -48.899367,-10.177305,0</coordinates></LineString></Placemark>
<Placemark><name>2502059</name><styleUrl>#styleDaimonCIRCUITO263TRECHO</styleUrl><LineString><coordinates>-48.898398,-10.179077,0 -48.899350,-10.177333,0</coordinates></LineString></Placemark>
<Placemark><name>12114174</name><styleUrl>#styleDaimonCIRCUITO263TRECHO</styleUrl><LineString><coordinates>-48.898385,-10.179109,0 -48.898398,-10.179077,0</coordinates></LineString></Placemark>
<Placemark><name>2504370</name><styleUrl>#styleDaimonCIRCUITO263TRECHO</styleUrl><LineString><coordinates>-48.898094,-10.179637,0 -48.898385,-10.179109,0</coordinates></LineString></Placemark>
<Placemark><name>12117001</name><styleUrl>#styleDaimonCIRCUITO263TRECHO</styleUrl><LineString><coordinates>-48.898094,-10.179637,0 -48.898123,-10.179655,0</coordinates></LineString></Placemark>
<Placemark><name>53052389</name><styleUrl>#styleDaimonCIRCUITO263TRECHO</styleUrl><LineString><coordinates>-48.897906,-10.179942,0 -48.898094,-10.179637,0</coordinates></LineString></Placemark>
<Placemark><name>3613017</name><styleUrl>#styleDaimonCIRCUITO263TRECHO</styleUrl><LineString><coordinates>-48.898123,-10.179655,0 -48.898181,-10.179674,0</coordinates></LineString></Placemark>
<Placemark><name>Suporte Chave DJ_LD05062013_FICT</name><styleUrl>#styleDaimonCIRCUITO263TRECHO</styleUrl><LineString><coordinates>-48.897165,-10.180351,0 -48.897557,-10.180189,0</coordinates></LineString></Placemark>
<Placemark><name>Suporte Chave 8802273013</name><styleUrl>#styleDaimonCIRCUITO263TRECHO</styleUrl><LineString><coordinates>-48.897557,-10.180130,0 -48.897558,-10.180129,0</coordinates></LineString></Placemark>
<Placemark><name>Suporte Chave 8802195013</name><styleUrl>#styleDaimonCIRCUITO263TRECHO</styleUrl><LineString><coordinates>-48.897885,-10.179975,0 -48.897906,-10.179942,0</coordinates></LineString></Placemark>
</Folder>
</Folder>
</Document></kml>