<?xml version="1.0" encoding="UTF-8"?>
<kml xmlns="http://www.opengis.net/kml/2.2"><Document>
<name>SE-2ATN — Araguatins: perimetro urbano + T1/T2</name>
<Style id="stLim"><LineStyle><color>ff00d6ff</color><width>3</width></LineStyle><PolyStyle><fill>0</fill></PolyStyle></Style>
<Style id="stT1"><LineStyle><color>ff808040</color><width>2.4</width></LineStyle></Style>
<Style id="stT2"><LineStyle><color>ff2020e0</color><width>2.4</width></LineStyle></Style>
<Style id="stPoste"><IconStyle><scale>0.5</scale><color>ffff0000</color><Icon><href>http://maps.google.com/mapfiles/kml/paddle/wht-circle.png</href></Icon></IconStyle><LabelStyle><scale>0</scale></LabelStyle></Style>
<Folder><name>Limite municipal — Araguatins (IBGE 1702109)</name>
<Placemark><styleUrl>#stLim</styleUrl><LineString><tessellate>1</tessellate><coordinates>-48.328889,-5.280983,0 -48.321611,-5.295567,0 -48.292927,-5.304894,0 -48.287230,-5.302381,0 -48.275838,-5.303807,0 -48.274719,-5.308610,0 -48.257727,-5.310200,0 -48.250197,-5.318430,0 -48.228033,-5.320559,0 -48.222699,-5.323991,0 -48.219806,-5.323075,0 -48.218893,-5.329966,0 -48.235943,-5.336530,0 -48.238004,-5.347861,0 -48.225535,-5.347119,0 -48.220082,-5.358879,0 -48.208587,-5.362758,0 -48.207278,-5.379974,0 -48.200497,-5.373614,0 -48.192285,-5.371962,0 -48.187673,-5.375299,0 -48.186643,-5.383820,0 -48.169583,-5.388675,0 -48.161946,-5.387663,0 -48.161838,-5.392463,0 -48.139031,-5.400290,0 -48.123223,-5.427992,0 -48.114443,-5.428778,0 -48.108837,-5.420791,0 -48.094476,-5.420390,0 -48.089566,-5.430075,0 -48.075865,-5.439564,0 -48.071171,-5.444165,0 -48.048201,-5.444740,0 -48.045974,-5.462861,0 -48.037199,-5.462110,0 -48.028946,-5.468789,0 -48.020814,-5.466408,0 -48.021949,-5.476742,0 -48.012892,-5.482521,0 -48.013221,-5.495662,0 -48.004557,-5.509917,0 -48.000610,-5.510686,0 -47.998084,-5.516570,0 -47.986088,-5.523835,0 -47.979253,-5.540989,0 -47.968950,-5.547792,0 -47.972477,-5.566444,0 -47.953648,-5.561221,0 -47.936672,-5.567321,0 -47.928643,-5.580136,0 -47.930834,-5.589950,0 -47.917057,-5.594533,0 -47.908424,-5.615836,0 -47.897340,-5.609410,0 -47.886332,-5.609099,0 -47.886696,-5.621098,0 -47.880537,-5.627329,0 -47.886617,-5.631166,0 -47.882588,-5.634968,0 -47.881283,-5.644736,0 -47.875400,-5.648948,0 -47.877001,-5.657163,0 -47.868663,-5.664070,0 -47.843974,-5.662652,0 -47.838926,-5.648515,0 -47.833117,-5.648960,0 -47.833119,-5.658943,0 -47.823515,-5.665993,0 -47.814148,-5.663632,0 -47.809745,-5.666169,0 -47.798425,-5.672691,0 -47.789529,-5.683762,0 -47.787168,-5.691991,0 -47.778586,-5.699911,0 -47.780393,-5.706599,0 -47.768143,-5.720332,0 -47.771422,-5.732881,0 -47.765129,-5.740574,0 -47.769835,-5.748759,0 -47.780945,-5.751793,0 -47.779220,-5.755918,0 -47.792922,-5.765427,0 -47.810251,-5.763340,0 -47.819194,-5.749699,0 -47.830225,-5.749556,0 -47.843971,-5.756367,0 -47.864666,-5.753111,0 -47.866359,-5.763105,0 -47.858992,-5.767484,0 -47.862664,-5.773473,0 -47.851305,-5.868266,0 -47.860784,-5.875572,0 -47.868823,-5.875316,0 -47.873818,-5.881346,0 -47.880646,-5.876551,0 -47.884603,-5.879996,0 -47.879593,-5.944044,0 -47.904030,-5.963601,0 -47.929100,-5.968659,0 -47.932034,-5.972537,0 -47.937909,-5.968604,0 -47.943771,-5.957223,0 -47.961275,-5.946198,0 -47.965619,-5.936812,0 -47.976835,-5.937032,0 -47.991502,-5.928487,0 -47.999382,-5.932087,0 -48.003584,-5.918167,0 -47.998759,-5.915276,0 -48.001321,-5.907804,0 -48.017477,-5.901103,0 -48.014569,-5.895794,0 -48.016785,-5.891633,0 -48.022574,-5.894498,0 -48.028163,-5.896224,0 -48.036323,-5.889789,0 -48.045604,-5.888953,0 -48.048495,-5.880809,0 -48.053795,-5.878258,0 -48.061733,-5.882699,0 -48.066793,-5.882279,0 -48.062248,-5.878322,0 -48.066517,-5.877280,0 -48.077307,-5.880630,0 -48.082419,-5.908479,0 -48.091227,-5.922678,0 -48.086531,-5.936367,0 -48.074174,-5.945093,0 -48.069250,-5.953415,0 -48.074867,-5.965271,0 -48.091081,-5.964817,0 -48.104314,-5.972725,0 -48.119154,-5.973937,0 -48.136667,-5.986758,0 -48.146472,-6.001066,0 -48.154304,-6.001583,0 -48.163416,-6.008590,0 -48.177978,-6.007702,0 -48.192834,-5.998575,0 -48.206361,-6.003799,0 -48.216250,-5.998460,0 -48.223299,-6.005083,0 -48.230198,-6.003150,0 -48.235557,-6.008285,0 -48.228360,-5.992654,0 -48.236952,-5.991213,0 -48.239374,-5.987705,0 -48.234307,-5.978645,0 -48.236455,-5.972162,0 -48.226647,-5.955421,0 -48.231199,-5.945751,0 -48.228969,-5.930025,0 -48.233476,-5.914097,0 -48.245172,-5.895846,0 -48.278537,-5.860697,0 -48.290383,-5.839042,0 -48.295027,-5.821275,0 -48.299417,-5.784280,0 -48.293081,-5.750809,0 -48.288734,-5.741558,0 -48.279141,-5.728982,0 -48.272111,-5.725105,0 -48.219612,-5.727776,0 -48.193523,-5.719756,0 -48.173165,-5.709559,0 -48.138826,-5.646515,0 -48.135033,-5.637250,0 -48.131819,-5.617745,0 -48.137722,-5.602305,0 -48.181676,-5.572857,0 -48.212171,-5.553855,0 -48.228061,-5.550682,0 -48.237580,-5.552386,0 -48.261083,-5.547686,0 -48.278258,-5.540039,0 -48.290811,-5.529580,0 -48.300276,-5.522622,0 -48.318707,-5.499864,0 -48.325090,-5.493364,0 -48.327658,-5.496248,0 -48.326916,-5.486537,0 -48.340653,-5.466680,0 -48.342894,-5.444485,0 -48.351166,-5.427453,0 -48.367285,-5.414642,0 -48.373054,-5.402353,0 -48.381177,-5.395599,0 -48.393079,-5.393829,0 -48.401010,-5.403026,0 -48.419132,-5.401442,0 -48.441354,-5.407776,0 -48.445721,-5.387088,0 -48.439950,-5.379225,0 -48.443200,-5.357353,0 -48.452027,-5.345694,0 -48.450139,-5.336738,0 -48.439615,-5.320370,0 -48.424363,-5.319829,0 -48.407505,-5.313727,0 -48.407324,-5.287093,0 -48.407306,-5.284595,0 -48.390110,-5.279574,0 -48.373363,-5.284983,0 -48.369304,-5.278991,0 -48.363612,-5.281327,0 -48.352949,-5.274963,0 -48.346891,-5.280118,0 -48.328889,-5.280983,0</coordinates></LineString></Placemark>
</Folder>
<Folder><name>AL02109039AG — Araguatins (786 trechos · 49.7 km)</name><Folder><name>Trecho</name>
<Placemark><name>T1</name><styleUrl>#stT1</styleUrl><LineString><tessellate>1</tessellate><coordinates>-48.108760,-5.661340,0 -48.108160,-5.660920,0</coordinates></LineString></Placemark>
<Placemark><name>T1</name><styleUrl>#stT1</styleUrl><LineString><tessellate>1</tessellate><coordinates>-48.108160,-5.660920,0 -48.108120,-5.660920,0</coordinates></LineString></Placemark>
<Placemark><name>T1</name><styleUrl>#stT1</styleUrl><LineString><tessellate>1</tessellate><coordinates>-48.110140,-5.662310,0 -48.108760,-5.661340,0</coordinates></LineString></Placemark>
<Placemark><name>T1</name><styleUrl>#stT1</styleUrl><LineString><tessellate>1</tessellate><coordinates>-48.110170,-5.662330,0 -48.110140,-5.662310,0</coordinates></LineString></Placemark>
<Placemark><name>T1</name><styleUrl>#stT1</styleUrl><LineString><tessellate>1</tessellate><coordinates>-48.114810,-5.665630,0 -48.110170,-5.662330,0</coordinates></LineString></Placemark>
<Placemark><name>T1</name><styleUrl>#stT1</styleUrl><LineString><tessellate>1</tessellate><coordinates>-48.111510,-5.658880,0 -48.111560,-5.658970,0</coordinates></LineString></Placemark>
<Placemark><name>T1</name><styleUrl>#stT1</styleUrl><LineString><tessellate>1</tessellate><coordinates>-48.111510,-5.658880,0 -48.111440,-5.658950,0</coordinates></LineString></Placemark>
<Placemark><name>T1</name><styleUrl>#stT1</styleUrl><LineString><tessellate>1</tessellate><coordinates>-48.111510,-5.658880,0 -48.112010,-5.658360,0</coordinates></LineString></Placemark>
<Placemark><name>T1</name><styleUrl>#stT1</styleUrl><LineString><tessellate>1</tessellate><coordinates>-48.111290,-5.658460,0 -48.111510,-5.658880,0</coordinates></LineString></Placemark>
<Placemark><name>T1</name><styleUrl>#stT1</styleUrl><LineString><tessellate>1</tessellate><coordinates>-48.112010,-5.658360,0 -48.112030,-5.658340,0</coordinates></LineString></Placemark>
<Placemark><name>T1</name><styleUrl>#stT1</styleUrl><LineString><tessellate>1</tessellate><coordinates>-48.111260,-5.658470,0 -48.111290,-5.658460,0</coordinates></LineString></Placemark>
<Placemark><name>T1</name><styleUrl>#stT1</styleUrl><LineString><tessellate>1</tessellate><coordinates>-48.112030,-5.658340,0 -48.112190,-5.658080,0</coordinates></LineString></Placemark>
<Placemark><name>T1</name><styleUrl>#stT1</styleUrl><LineString><tessellate>1</tessellate><coordinates>-48.111040,-5.658560,0 -48.111260,-5.658470,0</coordinates></LineString></Placemark>
<Placemark><name>T1</name><styleUrl>#stT1</styleUrl><LineString><tessellate>1</tessellate><coordinates>-48.112190,-5.658080,0 -48.112220,-5.658060,0</coordinates></LineString></Placemark>
<Placemark><name>T1</name><styleUrl>#stT1</styleUrl><LineString><tessellate>1</tessellate><coordinates>-48.111020,-5.658590,0 -48.111040,-5.658560,0</coordinates></LineString></Placemark>
<Placemark><name>T1</name><styleUrl>#stT1</styleUrl><LineString><tessellate>1</tessellate><coordinates>-48.112220,-5.658060,0 -48.112510,-5.657850,0</coordinates></LineString></Placemark>
<Placemark><name>T1</name><styleUrl>#stT1</styleUrl><LineString><tessellate>1</tessellate><coordinates>-48.109780,-5.659620,0 -48.111020,-5.658590,0</coordinates></LineString></Placemark>
<Placemark><name>T1</name><styleUrl>#stT1</styleUrl><LineString><tessellate>1</tessellate><coordinates>-48.112510,-5.657850,0 -48.112540,-5.657820,0</coordinates></LineString></Placemark>
<Placemark><name>T1</name><styleUrl>#stT1</styleUrl><LineString><tessellate>1</tessellate><coordinates>-48.109780,-5.659620,0 -48.109910,-5.659810,0</coordinates></LineString></Placemark>
<Placemark><name>T1</name><styleUrl>#stT1</styleUrl><LineString><tessellate>1</tessellate><coordinates>-48.108200,-5.660890,0 -48.109780,-5.659620,0</coordinates></LineString></Placemark>
<Placemark><name>T1</name><styleUrl>#stT1</styleUrl><LineString><tessellate>1</tessellate><coordinates>-48.109780,-5.659620,0 -48.109650,-5.659420,0</coordinates></LineString></Placemark>
<Placemark><name>T1</name><styleUrl>#stT1</styleUrl><LineString><tessellate>1</tessellate><coordinates>-48.112540,-5.657820,0 -48.113040,-5.657420,0</coordinates></LineString></Placemark>
<Placemark><name>T1</name><styleUrl>#stT1</styleUrl><LineString><tessellate>1</tessellate><coordinates>-48.113040,-5.657420,0 -48.113070,-5.657400,0</coordinates></LineString></Placemark>
<Placemark><name>T1</name><styleUrl>#stT1</styleUrl><LineString><tessellate>1</tessellate><coordinates>-48.113070,-5.657400,0 -48.113480,-5.657170,0</coordinates></LineString></Placemark>
<Placemark><name>T1</name><styleUrl>#stT1</styleUrl><LineString><tessellate>1</tessellate><coordinates>-48.113480,-5.657170,0 -48.113510,-5.657160,0</coordinates></LineString></Placemark>
<Placemark><name>T1</name><styleUrl>#stT1</styleUrl><LineString><tessellate>1</tessellate><coordinates>-48.113510,-5.657160,0 -48.114260,-5.656880,0</coordinates></LineString></Placemark>
<Placemark><name>T1</name><styleUrl>#stT1</styleUrl><LineString><tessellate>1</tessellate><coordinates>-48.114550,-5.656780,0 -48.114580,-5.656770,0</coordinates></LineString></Placemark>
<Placemark><name>T1</name><styleUrl>#stT1</styleUrl><LineString><tessellate>1</tessellate><coordinates>-48.114580,-5.656770,0 -48.114750,-5.656710,0</coordinates></LineString></Placemark>
<Placemark><name>T1</name><styleUrl>#stT1</styleUrl><LineString><tessellate>1</tessellate><coordinates>-48.114290,-5.656870,0 -48.114550,-5.656780,0</coordinates></LineString></Placemark>
<Placemark><name>T1</name><styleUrl>#stT1</styleUrl><LineString><tessellate>1</tessellate><coordinates>-48.106010,-5.656060,0 -48.105880,-5.656090,0</coordinates></LineString></Placemark>
<Placemark><name>T1</name><styleUrl>#stT1</styleUrl><LineString><tessellate>1</tessellate><coordinates>-48.108570,-5.655380,0 -48.106010,-5.656060,0</coordinates></LineString></Placemark>
<Placemark><name>T1</name><styleUrl>#stT1</styleUrl><LineString><tessellate>1</tessellate><coordinates>-48.106010,-5.656060,0 -48.104040,-5.650740,0</coordinates></LineString></Placemark>
<Placemark><name>T1</name><styleUrl>#stT1</styleUrl><LineString><tessellate>1</tessellate><coordinates>-48.106010,-5.656060,0 -48.106020,-5.656130,0</coordinates></LineString></Placemark>
<Placemark><name>T1</name><styleUrl>#stT1</styleUrl><LineString><tessellate>1</tessellate><coordinates>-48.108570,-5.655380,0 -48.108450,-5.655080,0</coordinates></LineString></Placemark>
<Placemark><name>T1</name><styleUrl>#stT1</styleUrl><LineString><tessellate>1</tessellate><coordinates>-48.109540,-5.657780,0 -48.108570,-5.655380,0</coordinates></LineString></Placemark>
<Placemark><name>T1</name><styleUrl>#stT1</styleUrl><LineString><tessellate>1</tessellate><coordinates>-48.108570,-5.655380,0 -48.108780,-5.655310,0</coordinates></LineString></Placemark>
<Placemark><name>T1</name><styleUrl>#stT1</styleUrl><LineString><tessellate>1</tessellate><coordinates>-48.104040,-5.650740,0 -48.104040,-5.650730,0</coordinates></LineString></Placemark>
<Placemark><name>T1</name><styleUrl>#stT1</styleUrl><LineString><tessellate>1</tessellate><coordinates>-48.109540,-5.657780,0 -48.109630,-5.657980,0</coordinates></LineString></Placemark>
<Placemark><name>T1</name><styleUrl>#stT1</styleUrl><LineString><tessellate>1</tessellate><coordinates>-48.109540,-5.657780,0 -48.109700,-5.657710,0</coordinates></LineString></Placemark>
<Placemark><name>T1</name><styleUrl>#stT1</styleUrl><LineString><tessellate>1</tessellate><coordinates>-48.108770,-5.658110,0 -48.109540,-5.657780,0</coordinates></LineString></Placemark>
<Placemark><name>T1</name><styleUrl>#stT1</styleUrl><LineString><tessellate>1</tessellate><coordinates>-48.104040,-5.650730,0 -48.104000,-5.650500,0</coordinates></LineString></Placemark>
<Placemark><name>T1</name><styleUrl>#stT1</styleUrl><LineString><tessellate>1</tessellate><coordinates>-48.108780,-5.658120,0 -48.108770,-5.658110,0</coordinates></LineString></Placemark>
<Placemark><name>T1</name><styleUrl>#stT1</styleUrl><LineString><tessellate>1</tessellate><coordinates>-48.108770,-5.658110,0 -48.108580,-5.658170,0</coordinates></LineString></Placemark>
<Placemark><name>T1</name><styleUrl>#stT1</styleUrl><LineString><tessellate>1</tessellate><coordinates>-48.104000,-5.650500,0 -48.103990,-5.650480,0</coordinates></LineString></Placemark>
<Placemark><name>T1</name><styleUrl>#stT1</styleUrl><LineString><tessellate>1</tessellate><coordinates>-48.109010,-5.658440,0 -48.108780,-5.658120,0</coordinates></LineString></Placemark>
<Placemark><name>T1</name><styleUrl>#stT1</styleUrl><LineString><tessellate>1</tessellate><coordinates>-48.103990,-5.650480,0 -48.103060,-5.650450,0</coordinates></LineString></Placemark>
<Placemark><name>T1</name><styleUrl>#stT1</styleUrl><LineString><tessellate>1</tessellate><coordinates>-48.109590,-5.659320,0 -48.109010,-5.658440,0</coordinates></LineString></Placemark>
<Placemark><name>T1</name><styleUrl>#stT1</styleUrl><LineString><tessellate>1</tessellate><coordinates>-48.108940,-5.658510,0 -48.108310,-5.659120,0</coordinates></LineString></Placemark>
<Placemark><name>T1</name><styleUrl>#stT1</styleUrl><LineString><tessellate>1</tessellate><coordinates>-48.101680,-5.643560,0 -48.101720,-5.643600,0</coordinates></LineString></Placemark>
<Placemark><name>T1</name><styleUrl>#stT1</styleUrl><LineString><tessellate>1</tessellate><coordinates>-48.101680,-5.643560,0 -48.101800,-5.643440,0</coordinates></LineString></Placemark>
<Placemark><name>T1</name><styleUrl>#stT1</styleUrl><LineString><tessellate>1</tessellate><coordinates>-48.101680,-5.643560,0 -48.099740,-5.641670,0</coordinates></LineString></Placemark>
<Placemark><name>T1</name><styleUrl>#stT1</styleUrl><LineString><tessellate>1</tessellate><coordinates>-48.100390,-5.644880,0 -48.101680,-5.643560,0</coordinates></LineString></Placemark>
<Placemark><name>T1</name><styleUrl>#stT1</styleUrl><LineString><tessellate>1</tessellate><coordinates>-48.100390,-5.644900,0 -48.100390,-5.644880,0</coordinates></LineString></Placemark>
<Placemark><name>T1</name><styleUrl>#stT1</styleUrl><LineString><tessellate>1</tessellate><coordinates>-48.100920,-5.645440,0 -48.100390,-5.644900,0</coordinates></LineString></Placemark>
<Placemark><name>T1</name><styleUrl>#stT1</styleUrl><LineString><tessellate>1</tessellate><coordinates>-48.100930,-5.645470,0 -48.100920,-5.645440,0</coordinates></LineString></Placemark>
<Placemark><name>T1</name><styleUrl>#stT1</styleUrl><LineString><tessellate>1</tessellate><coordinates>-48.102980,-5.650440,0 -48.100930,-5.645470,0</coordinates></LineString></Placemark>
<Placemark><name>T1</name><styleUrl>#stT1</styleUrl><LineString><tessellate>1</tessellate><coordinates>-48.099510,-5.640640,0 -48.099500,-5.640610,0</coordinates></LineString></Placemark>
<Placemark><name>T1</name><styleUrl>#stT1</styleUrl><LineString><tessellate>1</tessellate><coordinates>-48.099720,-5.641570,0 -48.099510,-5.640640,0</coordinates></LineString></Placemark>
<Placemark><name>T1</name><styleUrl>#stT1</styleUrl><LineString><tessellate>1</tessellate><coordinates>-48.110100,-5.662440,0 -48.110070,-5.662420,0</coordinates></LineString></Placemark>
<Placemark><name>T1</name><styleUrl>#stT1</styleUrl><LineString><tessellate>1</tessellate><coordinates>-48.110070,-5.662420,0 -48.108040,-5.661010,0</coordinates></LineString></Placemark>
<Placemark><name>T1</name><styleUrl>#stT1</styleUrl><LineString><tessellate>1</tessellate><coordinates>-48.108040,-5.661010,0 -48.107990,-5.661020,0</coordinates></LineString></Placemark>
<Placemark><name>T1</name><styleUrl>#stT1</styleUrl><LineString><tessellate>1</tessellate><coordinates>-48.108040,-5.661010,0 -48.108070,-5.660980,0</coordinates></LineString></Placemark>
<Placemark><name>T1</name><styleUrl>#stT1</styleUrl><LineString><tessellate>1</tessellate><coordinates>-48.108070,-5.660980,0 -48.108120,-5.660920,0</coordinates></LineString></Placemark>
<Placemark><name>T1</name><styleUrl>#stT1</styleUrl><LineString><tessellate>1</tessellate><coordinates>-48.107390,-5.661520,0 -48.105340,-5.663120,0</coordinates></LineString></Placemark>
<Placemark><name>T1</name><styleUrl>#stT1</styleUrl><LineString><tessellate>1</tessellate><coordinates>-48.107420,-5.661500,0 -48.107390,-5.661520,0</coordinates></LineString></Placemark>
<Placemark><name>T1</name><styleUrl>#stT1</styleUrl><LineString><tessellate>1</tessellate><coordinates>-48.107930,-5.661070,0 -48.107420,-5.661500,0</coordinates></LineString></Placemark>
<Placemark><name>T1</name><styleUrl>#stT1</styleUrl><LineString><tessellate>1</tessellate><coordinates>-48.107420,-5.661500,0 -48.107370,-5.661460,0</coordinates></LineString></Placemark>
<Placemark><name>T1</name><styleUrl>#stT1</styleUrl><LineString><tessellate>1</tessellate><coordinates>-48.121580,-5.656820,0 -48.121560,-5.656810,0</coordinates></LineString></Placemark>
<Placemark><name>T1</name><styleUrl>#stT1</styleUrl><LineString><tessellate>1</tessellate><coordinates>-48.121560,-5.656810,0 -48.121450,-5.656530,0</coordinates></LineString></Placemark>
<Placemark><name>T1</name><styleUrl>#stT1</styleUrl><LineString><tessellate>1</tessellate><coordinates>-48.121960,-5.656700,0 -48.121580,-5.656820,0</coordinates></LineString></Placemark>
<Placemark><name>T1</name><styleUrl>#stT1</styleUrl><LineString><tessellate>1</tessellate><coordinates>-48.121970,-5.656700,0 -48.121960,-5.656700,0</coordinates></LineString></Placemark>
<Placemark><name>T1</name><styleUrl>#stT1</styleUrl><LineString><tessellate>1</tessellate><coordinates>-48.121970,-5.656700,0 -48.121960,-5.656400,0</coordinates></LineString></Placemark>
<Placemark><name>T1</name><styleUrl>#stT1</styleUrl><LineString><tessellate>1</tessellate><coordinates>-48.122020,-5.656900,0 -48.121970,-5.656700,0</coordinates></LineString></Placemark>
<Placemark><name>T1</name><styleUrl>#stT1</styleUrl><LineString><tessellate>1</tessellate><coordinates>-48.121960,-5.656400,0 -48.121950,-5.656380,0</coordinates></LineString></Placemark>
<Placemark><name>T1</name><styleUrl>#stT1</styleUrl><LineString><tessellate>1</tessellate><coordinates>-48.122020,-5.656930,0 -48.122020,-5.656900,0</coordinates></LineString></Placemark>
<Placemark><name>T1</name><styleUrl>#stT1</styleUrl><LineString><tessellate>1</tessellate><coordinates>-48.121950,-5.656380,0 -48.121860,-5.656120,0</coordinates></LineString></Placemark>
<Placemark><name>T1</name><styleUrl>#stT1</styleUrl><LineString><tessellate>1</tessellate><coordinates>-48.122200,-5.657660,0 -48.122020,-5.656930,0</coordinates></LineString></Placemark>
<Placemark><name>T1</name><styleUrl>#stT1</styleUrl><LineString><tessellate>1</tessellate><coordinates>-48.122220,-5.657700,0 -48.122200,-5.657660,0</coordinates></LineString></Placemark>
<Placemark><name>T1</name><styleUrl>#stT1</styleUrl><LineString><tessellate>1</tessellate><coordinates>-48.122520,-5.658190,0 -48.122220,-5.657700,0</coordinates></LineString></Placemark>
<Placemark><name>T1</name><styleUrl>#stT1</styleUrl><LineString><tessellate>1</tessellate><coordinates>-48.122540,-5.658220,0 -48.122520,-5.658190,0</coordinates></LineString></Placemark>
<Placemark><name>T1</name><styleUrl>#stT1</styleUrl><LineString><tessellate>1</tessellate><coordinates>-48.122680,-5.658690,0 -48.122540,-5.658220,0</coordinates></LineString></Placemark>
<Placemark><name>T1</name><styleUrl>#stT1</styleUrl><LineString><tessellate>1</tessellate><coordinates>-48.122700,-5.658730,0 -48.122680,-5.658690,0</coordinates></LineString></Placemark>
<Placemark><name>T1</name><styleUrl>#stT1</styleUrl><LineString><tessellate>1</tessellate><coordinates>-48.123440,-5.652470,0 -48.123340,-5.652100,0</coordinates></LineString></Placemark>
<Placemark><name>T1</name><styleUrl>#stT1</styleUrl><LineString><tessellate>1</tessellate><coordinates>-48.123630,-5.653140,0 -48.123440,-5.652470,0</coordinates></LineString></Placemark>
<Placemark><name>T1</name><styleUrl>#stT1</styleUrl><LineString><tessellate>1</tessellate><coordinates>-48.123340,-5.652100,0 -48.123650,-5.652010,0</coordinates></LineString></Placemark>
<Placemark><name>T1</name><styleUrl>#stT1</styleUrl><LineString><tessellate>1</tessellate><coordinates>-48.123340,-5.652100,0 -48.123140,-5.651420,0</coordinates></LineString></Placemark>
<Placemark><name>T1</name><styleUrl>#stT1</styleUrl><LineString><tessellate>1</tessellate><coordinates>-48.123340,-5.652100,0 -48.123300,-5.652100,0</coordinates></LineString></Placemark>
<Placemark><name>T1</name><styleUrl>#stT1</styleUrl><LineString><tessellate>1</tessellate><coordinates>-48.123630,-5.653140,0 -48.123680,-5.653090,0</coordinates></LineString></Placemark>
<Placemark><name>T1</name><styleUrl>#stT1</styleUrl><LineString><tessellate>1</tessellate><coordinates>-48.123720,-5.653470,0 -48.123630,-5.653140,0</coordinates></LineString></Placemark>
<Placemark><name>T1</name><styleUrl>#stT1</styleUrl><LineString><tessellate>1</tessellate><coordinates>-48.123650,-5.652010,0 -48.124010,-5.651920,0</coordinates></LineString></Placemark>
<Placemark><name>T1</name><styleUrl>#stT1</styleUrl><LineString><tessellate>1</tessellate><coordinates>-48.123140,-5.651420,0 -48.123070,-5.651160,0</coordinates></LineString></Placemark>
<Placemark><name>T1</name><styleUrl>#stT1</styleUrl><LineString><tessellate>1</tessellate><coordinates>-48.123600,-5.653510,0 -48.123720,-5.653470,0</coordinates></LineString></Placemark>
<Placemark><name>T1</name><styleUrl>#stT1</styleUrl><LineString><tessellate>1</tessellate><coordinates>-48.123720,-5.653470,0 -48.123810,-5.653780,0</coordinates></LineString></Placemark>
<Placemark><name>T1</name><styleUrl>#stT1</styleUrl><LineString><tessellate>1</tessellate><coordinates>-48.123720,-5.653470,0 -48.123860,-5.653420,0</coordinates></LineString></Placemark>
<Placemark><name>T1</name><styleUrl>#stT1</styleUrl><LineString><tessellate>1</tessellate><coordinates>-48.123570,-5.653530,0 -48.123600,-5.653510,0</coordinates></LineString></Placemark>
<Placemark><name>T1</name><styleUrl>#stT1</styleUrl><LineString><tessellate>1</tessellate><coordinates>-48.122680,-5.653850,0 -48.123570,-5.653530,0</coordinates></LineString></Placemark>
<Placemark><name>T1</name><styleUrl>#stT1</styleUrl><LineString><tessellate>1</tessellate><coordinates>-48.122640,-5.653870,0 -48.122680,-5.653850,0</coordinates></LineString></Placemark>
<Placemark><name>T1</name><styleUrl>#stT1</styleUrl><LineString><tessellate>1</tessellate><coordinates>-48.122680,-5.653850,0 -48.122520,-5.653300,0</coordinates></LineString></Placemark>
<Placemark><name>T1</name><styleUrl>#stT1</styleUrl><LineString><tessellate>1</tessellate><coordinates>-48.122680,-5.653850,0 -48.122790,-5.654240,0</coordinates></LineString></Placemark>
<Placemark><name>T1</name><styleUrl>#stT1</styleUrl><LineString><tessellate>1</tessellate><coordinates>-48.122980,-5.655050,0 -48.122640,-5.653870,0</coordinates></LineString></Placemark>
<Placemark><name>T1</name><styleUrl>#stT1</styleUrl><LineString><tessellate>1</tessellate><coordinates>-48.122640,-5.653870,0 -48.122070,-5.654070,0</coordinates></LineString></Placemark>
<Placemark><name>T1</name><styleUrl>#stT1</styleUrl><LineString><tessellate>1</tessellate><coordinates>-48.122640,-5.653870,0 -48.122580,-5.653690,0</coordinates></LineString></Placemark>
<Placemark><name>T1</name><styleUrl>#stT1</styleUrl><LineString><tessellate>1</tessellate><coordinates>-48.122520,-5.653300,0 -48.122420,-5.652980,0</coordinates></LineString></Placemark>
<Placemark><name>T1</name><styleUrl>#stT1</styleUrl><LineString><tessellate>1</tessellate><coordinates>-48.122790,-5.654240,0 -48.123040,-5.655050,0</coordinates></LineString></Placemark>
<Placemark><name>T1</name><styleUrl>#stT1</styleUrl><LineString><tessellate>1</tessellate><coordinates>-48.122990,-5.655080,0 -48.122980,-5.655050,0</coordinates></LineString></Placemark>
<Placemark><name>T1</name><styleUrl>#stT1</styleUrl><LineString><tessellate>1</tessellate><coordinates>-48.122580,-5.653690,0 -48.122580,-5.653660,0</coordinates></LineString></Placemark>
<Placemark><name>T1</name><styleUrl>#stT1</styleUrl><LineString><tessellate>1</tessellate><coordinates>-48.122420,-5.652980,0 -48.122390,-5.652850,0</coordinates></LineString></Placemark>
<Placemark><name>T1</name><styleUrl>#stT1</styleUrl><LineString><tessellate>1</tessellate><coordinates>-48.123040,-5.655050,0 -48.123170,-5.655300,0</coordinates></LineString></Placemark>
<Placemark><name>T1</name><styleUrl>#stT1</styleUrl><LineString><tessellate>1</tessellate><coordinates>-48.123030,-5.655240,0 -48.122990,-5.655080,0</coordinates></LineString></Placemark>
<Placemark><name>T1</name><styleUrl>#stT1</styleUrl><LineString><tessellate>1</tessellate><coordinates>-48.122580,-5.653660,0 -48.122240,-5.652510,0</coordinates></LineString></Placemark>
<Placemark><name>T1</name><styleUrl>#stT1</styleUrl><LineString><tessellate>1</tessellate><coordinates>-48.123030,-5.655240,0 -48.123120,-5.655200,0</coordinates></LineString></Placemark>
<Placemark><name>T1</name><styleUrl>#stT1</styleUrl><LineString><tessellate>1</tessellate><coordinates>-48.122860,-5.655320,0 -48.123030,-5.655240,0</coordinates></LineString></Placemark>
<Placemark><name>T1</name><styleUrl>#stT1</styleUrl><LineString><tessellate>1</tessellate><coordinates>-48.123030,-5.655240,0 -48.123080,-5.655410,0</coordinates></LineString></Placemark>
<Placemark><name>T1</name><styleUrl>#stT1</styleUrl><LineString><tessellate>1</tessellate><coordinates>-48.122840,-5.655330,0 -48.122860,-5.655320,0</coordinates></LineString></Placemark>
<Placemark><name>T1</name><styleUrl>#stT1</styleUrl><LineString><tessellate>1</tessellate><coordinates>-48.121750,-5.655820,0 -48.122840,-5.655330,0</coordinates></LineString></Placemark>
<Placemark><name>T1</name><styleUrl>#stT1</styleUrl><LineString><tessellate>1</tessellate><coordinates>-48.121730,-5.655830,0 -48.121750,-5.655820,0</coordinates></LineString></Placemark>
<Placemark><name>T1</name><styleUrl>#stT1</styleUrl><LineString><tessellate>1</tessellate><coordinates>-48.121730,-5.655830,0 -48.121660,-5.655610,0</coordinates></LineString></Placemark>
<Placemark><name>T1</name><styleUrl>#stT1</styleUrl><LineString><tessellate>1</tessellate><coordinates>-48.121850,-5.656090,0 -48.121730,-5.655830,0</coordinates></LineString></Placemark>
<Placemark><name>T1</name><styleUrl>#stT1</styleUrl><LineString><tessellate>1</tessellate><coordinates>-48.123670,-5.652120,0 -48.123550,-5.652120,0</coordinates></LineString></Placemark>
<Placemark><name>T1</name><styleUrl>#stT1</styleUrl><LineString><tessellate>1</tessellate><coordinates>-48.123650,-5.652020,0 -48.123670,-5.652120,0</coordinates></LineString></Placemark>
<Placemark><name>T1</name><styleUrl>#stT1</styleUrl><LineString><tessellate>1</tessellate><coordinates>-48.123490,-5.652480,0 -48.123510,-5.652460,0</coordinates></LineString></Placemark>
<Placemark><name>T1</name><styleUrl>#stT1</styleUrl><LineString><tessellate>1</tessellate><coordinates>-48.123450,-5.652470,0 -48.123490,-5.652480,0</coordinates></LineString></Placemark>
<Placemark><name>T1</name><styleUrl>#stT1</styleUrl><LineString><tessellate>1</tessellate><coordinates>-48.123620,-5.649490,0 -48.123460,-5.649020,0</coordinates></LineString></Placemark>
<Placemark><name>T1</name><styleUrl>#stT1</styleUrl><LineString><tessellate>1</tessellate><coordinates>-48.123710,-5.649740,0 -48.123620,-5.649490,0</coordinates></LineString></Placemark>
<Placemark><name>T1</name><styleUrl>#stT1</styleUrl><LineString><tessellate>1</tessellate><coordinates>-48.123710,-5.649740,0 -48.123860,-5.649690,0</coordinates></LineString></Placemark>
<Placemark><name>T1</name><styleUrl>#stT1</styleUrl><LineString><tessellate>1</tessellate><coordinates>-48.123710,-5.649740,0 -48.123740,-5.649810,0</coordinates></LineString></Placemark>
<Placemark><name>T1</name><styleUrl>#stT1</styleUrl><LineString><tessellate>1</tessellate><coordinates>-48.122750,-5.650010,0 -48.123710,-5.649740,0</coordinates></LineString></Placemark>
<Placemark><name>T1</name><styleUrl>#stT1</styleUrl><LineString><tessellate>1</tessellate><coordinates>-48.123740,-5.649810,0 -48.123540,-5.649870,0</coordinates></LineString></Placemark>
<Placemark><name>T1</name><styleUrl>#stT1</styleUrl><LineString><tessellate>1</tessellate><coordinates>-48.123740,-5.649810,0 -48.123820,-5.650030,0</coordinates></LineString></Placemark>
<Placemark><name>T1</name><styleUrl>#stT1</styleUrl><LineString><tessellate>1</tessellate><coordinates>-48.123740,-5.649810,0 -48.123870,-5.649770,0</coordinates></LineString></Placemark>
<Placemark><name>T1</name><styleUrl>#stT1</styleUrl><LineString><tessellate>1</tessellate><coordinates>-48.122750,-5.650010,0 -48.122660,-5.650040,0</coordinates></LineString></Placemark>
<Placemark><name>T1</name><styleUrl>#stT1</styleUrl><LineString><tessellate>1</tessellate><coordinates>-48.122770,-5.650090,0 -48.122750,-5.650010,0</coordinates></LineString></Placemark>
<Placemark><name>T1</name><styleUrl>#stT1</styleUrl><LineString><tessellate>1</tessellate><coordinates>-48.122750,-5.650010,0 -48.122520,-5.649210,0</coordinates></LineString></Placemark>
<Placemark><name>T1</name><styleUrl>#stT1</styleUrl><LineString><tessellate>1</tessellate><coordinates>-48.123540,-5.649870,0 -48.123510,-5.649880,0</coordinates></LineString></Placemark>
<Placemark><name>T1</name><styleUrl>#stT1</styleUrl><LineString><tessellate>1</tessellate><coordinates>-48.122580,-5.650150,0 -48.122770,-5.650090,0</coordinates></LineString></Placemark>
<Placemark><name>T1</name><styleUrl>#stT1</styleUrl><LineString><tessellate>1</tessellate><coordinates>-48.122770,-5.650090,0 -48.122910,-5.650050,0</coordinates></LineString></Placemark>
<Placemark><name>T1</name><styleUrl>#stT1</styleUrl><LineString><tessellate>1</tessellate><coordinates>-48.122770,-5.650090,0 -48.122800,-5.650210,0</coordinates></LineString></Placemark>
<Placemark><name>T1</name><styleUrl>#stT1</styleUrl><LineString><tessellate>1</tessellate><coordinates>-48.122520,-5.649210,0 -48.122440,-5.648940,0</coordinates></LineString></Placemark>
<Placemark><name>T1</name><styleUrl>#stT1</styleUrl><LineString><tessellate>1</tessellate><coordinates>-48.123510,-5.649880,0 -48.122950,-5.650040,0</coordinates></LineString></Placemark>
<Placemark><name>T1</name><styleUrl>#stT1</styleUrl><LineString><tessellate>1</tessellate><coordinates>-48.122550,-5.650160,0 -48.122580,-5.650150,0</coordinates></LineString></Placemark>
<Placemark><name>T1</name><styleUrl>#stT1</styleUrl><LineString><tessellate>1</tessellate><coordinates>-48.122800,-5.650210,0 -48.123000,-5.650890,0</coordinates></LineString></Placemark>
<Placemark><name>T1</name><styleUrl>#stT1</styleUrl><LineString><tessellate>1</tessellate><coordinates>-48.121890,-5.650350,0 -48.122550,-5.650160,0</coordinates></LineString></Placemark>
<Placemark><name>T1</name><styleUrl>#stT1</styleUrl><LineString><tessellate>1</tessellate><coordinates>-48.121860,-5.650360,0 -48.121890,-5.650350,0</coordinates></LineString></Placemark>
<Placemark><name>T1</name><styleUrl>#stT1</styleUrl><LineString><tessellate>1</tessellate><coordinates>-48.121650,-5.650420,0 -48.121860,-5.650360,0</coordinates></LineString></Placemark>
<Placemark><name>T1</name><styleUrl>#stT1</styleUrl><LineString><tessellate>1</tessellate><coordinates>-48.121650,-5.650420,0 -48.121630,-5.650340,0</coordinates></LineString></Placemark>
<Placemark><name>T1</name><styleUrl>#stT1</styleUrl><LineString><tessellate>1</tessellate><coordinates>-48.121650,-5.650420,0 -48.121540,-5.650450,0</coordinates></LineString></Placemark>
<Placemark><name>T1</name><styleUrl>#stT1</styleUrl><LineString><tessellate>1</tessellate><coordinates>-48.121670,-5.650490,0 -48.121650,-5.650420,0</coordinates></LineString></Placemark>
<Placemark><name>T1</name><styleUrl>#stT1</styleUrl><LineString><tessellate>1</tessellate><coordinates>-48.121630,-5.650340,0 -48.121590,-5.650200,0</coordinates></LineString></Placemark>
<Placemark><name>T1</name><styleUrl>#stT1</styleUrl><LineString><tessellate>1</tessellate><coordinates>-48.121630,-5.650340,0 -48.122640,-5.650040,0</coordinates></LineString></Placemark>
<Placemark><name>T1</name><styleUrl>#stT1</styleUrl><LineString><tessellate>1</tessellate><coordinates>-48.121630,-5.650340,0 -48.121120,-5.650480,0</coordinates></LineString></Placemark>
<Placemark><name>T1</name><styleUrl>#stT1</styleUrl><LineString><tessellate>1</tessellate><coordinates>-48.121540,-5.650450,0 -48.121520,-5.650460,0</coordinates></LineString></Placemark>
<Placemark><name>T1</name><styleUrl>#stT1</styleUrl><LineString><tessellate>1</tessellate><coordinates>-48.121680,-5.650520,0 -48.121670,-5.650490,0</coordinates></LineString></Placemark>
<Placemark><name>T1</name><styleUrl>#stT1</styleUrl><LineString><tessellate>1</tessellate><coordinates>-48.121590,-5.650200,0 -48.121580,-5.650170,0</coordinates></LineString></Placemark>
<Placemark><name>T1</name><styleUrl>#stT1</styleUrl><LineString><tessellate>1</tessellate><coordinates>-48.121120,-5.650480,0 -48.120850,-5.650560,0</coordinates></LineString></Placemark>
<Placemark><name>T1</name><styleUrl>#stT1</styleUrl><LineString><tessellate>1</tessellate><coordinates>-48.121520,-5.650460,0 -48.120220,-5.650850,0</coordinates></LineString></Placemark>
<Placemark><name>T1</name><styleUrl>#stT1</styleUrl><LineString><tessellate>1</tessellate><coordinates>-48.122250,-5.652540,0 -48.121680,-5.650520,0</coordinates></LineString></Placemark>
<Placemark><name>T1</name><styleUrl>#stT1</styleUrl><LineString><tessellate>1</tessellate><coordinates>-48.121580,-5.650170,0 -48.121190,-5.648770,0</coordinates></LineString></Placemark>
<Placemark><name>T1</name><styleUrl>#stT1</styleUrl><LineString><tessellate>1</tessellate><coordinates>-48.120850,-5.650560,0 -48.120820,-5.650570,0</coordinates></LineString></Placemark>
<Placemark><name>T1</name><styleUrl>#stT1</styleUrl><LineString><tessellate>1</tessellate><coordinates>-48.120220,-5.650850,0 -48.120190,-5.650850,0</coordinates></LineString></Placemark>
<Placemark><name>T1</name><styleUrl>#stT1</styleUrl><LineString><tessellate>1</tessellate><coordinates>-48.120820,-5.650570,0 -48.120590,-5.650640,0</coordinates></LineString></Placemark>
<Placemark><name>T1</name><styleUrl>#stT1</styleUrl><LineString><tessellate>1</tessellate><coordinates>-48.120190,-5.650850,0 -48.119860,-5.650940,0</coordinates></LineString></Placemark>
<Placemark><name>T1</name><styleUrl>#stT1</styleUrl><LineString><tessellate>1</tessellate><coordinates>-48.120590,-5.650640,0 -48.120240,-5.650740,0</coordinates></LineString></Placemark>
<Placemark><name>T1</name><styleUrl>#stT1</styleUrl><LineString><tessellate>1</tessellate><coordinates>-48.125240,-5.650310,0 -48.125230,-5.650280,0</coordinates></LineString></Placemark>
<Placemark><name>T1</name><styleUrl>#stT1</styleUrl><LineString><tessellate>1</tessellate><coordinates>-48.125240,-5.650310,0 -48.125290,-5.650500,0</coordinates></LineString></Placemark>
<Placemark><name>T1</name><styleUrl>#stT1</styleUrl><LineString><tessellate>1</tessellate><coordinates>-48.125240,-5.650310,0 -48.126640,-5.649880,0</coordinates></LineString></Placemark>
<Placemark><name>T1</name><styleUrl>#stT1</styleUrl><LineString><tessellate>1</tessellate><coordinates>-48.123020,-5.650990,0 -48.125240,-5.650310,0</coordinates></LineString></Placemark>
<Placemark><name>T1</name><styleUrl>#stT1</styleUrl><LineString><tessellate>1</tessellate><coordinates>-48.126640,-5.649880,0 -48.127330,-5.649670,0</coordinates></LineString></Placemark>
<Placemark><name>T1</name><styleUrl>#stT1</styleUrl><LineString><tessellate>1</tessellate><coordinates>-48.123020,-5.650990,0 -48.122970,-5.651010,0</coordinates></LineString></Placemark>
<Placemark><name>T1</name><styleUrl>#stT1</styleUrl><LineString><tessellate>1</tessellate><coordinates>-48.122990,-5.650860,0 -48.123020,-5.650990,0</coordinates></LineString></Placemark>
<Placemark><name>T1</name><styleUrl>#stT1</styleUrl><LineString><tessellate>1</tessellate><coordinates>-48.123020,-5.650990,0 -48.123060,-5.651140,0</coordinates></LineString></Placemark>
<Placemark><name>T1</name><styleUrl>#stT1</styleUrl><LineString><tessellate>1</tessellate><coordinates>-48.123690,-5.649460,0 -48.123550,-5.649450,0</coordinates></LineString></Placemark>
<Placemark><name>T1</name><styleUrl>#stT1</styleUrl><LineString><tessellate>1</tessellate><coordinates>-48.123690,-5.649460,0 -48.123690,-5.649330,0</coordinates></LineString></Placemark>
<Placemark><name>T1</name><styleUrl>#stT1</styleUrl><LineString><tessellate>1</tessellate><coordinates>-48.123630,-5.649480,0 -48.123690,-5.649460,0</coordinates></LineString></Placemark>
<Placemark><name>T1</name><styleUrl>#stT1</styleUrl><LineString><tessellate>1</tessellate><coordinates>-48.121180,-5.648740,0 -48.121010,-5.648160,0</coordinates></LineString></Placemark>
<Placemark><name>T1</name><styleUrl>#stT1</styleUrl><LineString><tessellate>1</tessellate><coordinates>-48.120720,-5.654480,0 -48.120680,-5.654500,0</coordinates></LineString></Placemark>
<Placemark><name>T1</name><styleUrl>#stT1</styleUrl><LineString><tessellate>1</tessellate><coordinates>-48.120720,-5.654480,0 -48.120680,-5.654410,0</coordinates></LineString></Placemark>
<Placemark><name>T1</name><styleUrl>#stT1</styleUrl><LineString><tessellate>1</tessellate><coordinates>-48.121150,-5.654300,0 -48.120720,-5.654480,0</coordinates></LineString></Placemark>
<Placemark><name>T1</name><styleUrl>#stT1</styleUrl><LineString><tessellate>1</tessellate><coordinates>-48.120720,-5.654480,0 -48.120780,-5.654680,0</coordinates></LineString></Placemark>
<Placemark><name>T1</name><styleUrl>#stT1</styleUrl><LineString><tessellate>1</tessellate><coordinates>-48.120780,-5.654680,0 -48.120860,-5.654960,0</coordinates></LineString></Placemark>
<Placemark><name>T1</name><styleUrl>#stT1</styleUrl><LineString><tessellate>1</tessellate><coordinates>-48.120860,-5.654960,0 -48.121440,-5.656500,0</coordinates></LineString></Placemark>
<Placemark><name>T1</name><styleUrl>#stT1</styleUrl><LineString><tessellate>1</tessellate><coordinates>-48.123020,-5.651110,0 -48.122990,-5.651130,0</coordinates></LineString></Placemark>
<Placemark><name>T1</name><styleUrl>#stT1</styleUrl><LineString><tessellate>1</tessellate><coordinates>-48.123020,-5.651110,0 -48.123000,-5.651110,0</coordinates></LineString></Placemark>
<Placemark><name>T1</name><styleUrl>#stT1</styleUrl><LineString><tessellate>1</tessellate><coordinates>-48.122970,-5.651020,0 -48.123020,-5.651110,0</coordinates></LineString></Placemark>
<Placemark><name>T1</name><styleUrl>#stT1</styleUrl><LineString><tessellate>1</tessellate><coordinates>-48.122990,-5.651130,0 -48.123000,-5.651110,0</coordinates></LineString></Placemark>
<Placemark><name>T1</name><styleUrl>#stT1</styleUrl><LineString><tessellate>1</tessellate><coordinates>-48.129020,-5.649150,0 -48.129010,-5.649110,0</coordinates></LineString></Placemark>
<Placemark><name>T1</name><styleUrl>#stT1</styleUrl><LineString><tessellate>1</tessellate><coordinates>-48.129020,-5.649150,0 -48.129100,-5.649410,0</coordinates></LineString></Placemark>
<Placemark><name>T1</name><styleUrl>#stT1</styleUrl><LineString><tessellate>1</tessellate><coordinates>-48.127730,-5.649540,0 -48.129020,-5.649150,0</coordinates></LineString></Placemark>
<Placemark><name>T1</name><styleUrl>#stT1</styleUrl><LineString><tessellate>1</tessellate><coordinates>-48.129020,-5.649150,0 -48.129140,-5.649110,0</coordinates></LineString></Placemark>
<Placemark><name>T1</name><styleUrl>#stT1</styleUrl><LineString><tessellate>1</tessellate><coordinates>-48.127730,-5.649540,0 -48.127720,-5.649490,0</coordinates></LineString></Placemark>
<Placemark><name>T1</name><styleUrl>#stT1</styleUrl><LineString><tessellate>1</tessellate><coordinates>-48.127730,-5.649540,0 -48.127790,-5.649810,0</coordinates></LineString></Placemark>
<Placemark><name>T1</name><styleUrl>#stT1</styleUrl><LineString><tessellate>1</tessellate><coordinates>-48.127350,-5.649660,0 -48.127730,-5.649540,0</coordinates></LineString></Placemark>
<Placemark><name>T1</name><styleUrl>#stT1</styleUrl><LineString><tessellate>1</tessellate><coordinates>-48.125860,-5.652430,0 -48.126060,-5.653000,0</coordinates></LineString></Placemark>
<Placemark><name>T1</name><styleUrl>#stT1</styleUrl><LineString><tessellate>1</tessellate><coordinates>-48.125750,-5.652140,0 -48.125860,-5.652430,0</coordinates></LineString></Placemark>
<Placemark><name>T1</name><styleUrl>#stT1</styleUrl><LineString><tessellate>1</tessellate><coordinates>-48.125680,-5.651900,0 -48.125750,-5.652140,0</coordinates></LineString></Placemark>
<Placemark><name>T1</name><styleUrl>#stT1</styleUrl><LineString><tessellate>1</tessellate><coordinates>-48.125750,-5.652140,0 -48.126020,-5.652100,0</coordinates></LineString></Placemark>
<Placemark><name>T1</name><styleUrl>#stT1</styleUrl><LineString><tessellate>1</tessellate><coordinates>-48.125370,-5.650790,0 -48.125680,-5.651900,0</coordinates></LineString></Placemark>
<Placemark><name>T1</name><styleUrl>#stT1</styleUrl><LineString><tessellate>1</tessellate><coordinates>-48.125300,-5.650530,0 -48.125370,-5.650790,0</coordinates></LineString></Placemark>
<Placemark><name>T1</name><styleUrl>#stT1</styleUrl><LineString><tessellate>1</tessellate><coordinates>-48.123980,-5.645950,0 -48.123920,-5.645780,0</coordinates></LineString></Placemark>
<Placemark><name>T1</name><styleUrl>#stT1</styleUrl><LineString><tessellate>1</tessellate><coordinates>-48.123920,-5.645780,0 -48.123910,-5.645720,0</coordinates></LineString></Placemark>
<Placemark><name>T1</name><styleUrl>#stT1</styleUrl><LineString><tessellate>1</tessellate><coordinates>-48.123980,-5.645980,0 -48.123980,-5.645950,0</coordinates></LineString></Placemark>
<Placemark><name>T1</name><styleUrl>#stT1</styleUrl><LineString><tessellate>1</tessellate><coordinates>-48.124080,-5.646280,0 -48.123980,-5.645980,0</coordinates></LineString></Placemark>
<Placemark><name>T1</name><styleUrl>#stT1</styleUrl><LineString><tessellate>1</tessellate><coordinates>-48.124520,-5.647730,0 -48.124080,-5.646280,0</coordinates></LineString></Placemark>
<Placemark><name>T1</name><styleUrl>#stT1</styleUrl><LineString><tessellate>1</tessellate><coordinates>-48.124520,-5.647730,0 -48.124690,-5.647690,0</coordinates></LineString></Placemark>
<Placemark><name>T1</name><styleUrl>#stT1</styleUrl><LineString><tessellate>1</tessellate><coordinates>-48.124520,-5.647730,0 -48.124410,-5.647760,0</coordinates></LineString></Placemark>
<Placemark><name>T1</name><styleUrl>#stT1</styleUrl><LineString><tessellate>1</tessellate><coordinates>-48.124780,-5.648660,0 -48.124520,-5.647730,0</coordinates></LineString></Placemark>
<Placemark><name>T1</name><styleUrl>#stT1</styleUrl><LineString><tessellate>1</tessellate><coordinates>-48.124410,-5.647760,0 -48.124370,-5.647770,0</coordinates></LineString></Placemark>
<Placemark><name>T1</name><styleUrl>#stT1</styleUrl><LineString><tessellate>1</tessellate><coordinates>-48.124780,-5.648680,0 -48.124780,-5.648660,0</coordinates></LineString></Placemark>
<Placemark><name>T1</name><styleUrl>#stT1</styleUrl><LineString><tessellate>1</tessellate><coordinates>-48.124370,-5.647770,0 -48.122380,-5.648310,0</coordinates></LineString></Placemark>
<Placemark><name>T1</name><styleUrl>#stT1</styleUrl><LineString><tessellate>1</tessellate><coordinates>-48.125220,-5.650250,0 -48.124780,-5.648680,0</coordinates></LineString></Placemark>
<Placemark><name>T1</name><styleUrl>#stT1</styleUrl><LineString><tessellate>1</tessellate><coordinates>-48.121970,-5.647280,0 -48.122080,-5.647250,0</coordinates></LineString></Placemark>
<Placemark><name>T1</name><styleUrl>#stT1</styleUrl><LineString><tessellate>1</tessellate><coordinates>-48.121970,-5.647280,0 -48.122130,-5.647820,0</coordinates></LineString></Placemark>
<Placemark><name>T1</name><styleUrl>#stT1</styleUrl><LineString><tessellate>1</tessellate><coordinates>-48.121970,-5.647280,0 -48.121760,-5.646530,0</coordinates></LineString></Placemark>
<Placemark><name>T1</name><styleUrl>#stT1</styleUrl><LineString><tessellate>1</tessellate><coordinates>-48.122130,-5.647820,0 -48.122270,-5.648340,0</coordinates></LineString></Placemark>
<Placemark><name>T1</name><styleUrl>#stT1</styleUrl><LineString><tessellate>1</tessellate><coordinates>-48.122270,-5.648340,0 -48.122150,-5.648370,0</coordinates></LineString></Placemark>
<Placemark><name>T1</name><styleUrl>#stT1</styleUrl><LineString><tessellate>1</tessellate><coordinates>-48.122270,-5.648340,0 -48.122380,-5.648720,0</coordinates></LineString></Placemark>
<Placemark><name>T1</name><styleUrl>#stT1</styleUrl><LineString><tessellate>1</tessellate><coordinates>-48.122270,-5.648340,0 -48.122410,-5.648300,0</coordinates></LineString></Placemark>
<Placemark><name>T1</name><styleUrl>#stT1</styleUrl><LineString><tessellate>1</tessellate><coordinates>-48.117780,-5.655530,0 -48.117440,-5.655640,0</coordinates></LineString></Placemark>
<Placemark><name>T1</name><styleUrl>#stT1</styleUrl><LineString><tessellate>1</tessellate><coordinates>-48.117440,-5.655640,0 -48.115420,-5.656360,0</coordinates></LineString></Placemark>
<Placemark><name>T1</name><styleUrl>#stT1</styleUrl><LineString><tessellate>1</tessellate><coordinates>-48.118100,-5.655410,0 -48.117780,-5.655530,0</coordinates></LineString></Placemark>
<Placemark><name>T1</name><styleUrl>#stT1</styleUrl><LineString><tessellate>1</tessellate><coordinates>-48.117780,-5.655530,0 -48.118050,-5.656340,0</coordinates></LineString></Placemark>
<Placemark><name>T1</name><styleUrl>#stT1</styleUrl><LineString><tessellate>1</tessellate><coordinates>-48.117780,-5.655530,0 -48.117730,-5.655390,0</coordinates></LineString></Placemark>
<Placemark><name>T1</name><styleUrl>#stT1</styleUrl><LineString><tessellate>1</tessellate><coordinates>-48.119870,-5.654780,0 -48.118100,-5.655410,0</coordinates></LineString></Placemark>
<Placemark><name>T1</name><styleUrl>#stT1</styleUrl><LineString><tessellate>1</tessellate><coordinates>-48.118050,-5.656340,0 -48.118070,-5.656410,0</coordinates></LineString></Placemark>
<Placemark><name>T1</name><styleUrl>#stT1</styleUrl><LineString><tessellate>1</tessellate><coordinates>-48.118050,-5.656340,0 -48.117740,-5.656450,0</coordinates></LineString></Placemark>
<Placemark><name>T1</name><styleUrl>#stT1</styleUrl><LineString><tessellate>1</tessellate><coordinates>-48.118050,-5.656340,0 -48.118110,-5.656320,0</coordinates></LineString></Placemark>
<Placemark><name>T1</name><styleUrl>#stT1</styleUrl><LineString><tessellate>1</tessellate><coordinates>-48.119870,-5.654780,0 -48.119810,-5.654650,0</coordinates></LineString></Placemark>
<Placemark><name>T1</name><styleUrl>#stT1</styleUrl><LineString><tessellate>1</tessellate><coordinates>-48.119870,-5.654780,0 -48.120590,-5.656950,0</coordinates></LineString></Placemark>
<Placemark><name>T1</name><styleUrl>#stT1</styleUrl><LineString><tessellate>1</tessellate><coordinates>-48.120640,-5.654510,0 -48.119870,-5.654780,0</coordinates></LineString></Placemark>
<Placemark><name>T1</name><styleUrl>#stT1</styleUrl><LineString><tessellate>1</tessellate><coordinates>-48.117740,-5.656450,0 -48.117430,-5.656570,0</coordinates></LineString></Placemark>
<Placemark><name>T1</name><styleUrl>#stT1</styleUrl><LineString><tessellate>1</tessellate><coordinates>-48.119700,-5.650880,0 -48.120200,-5.650750,0</coordinates></LineString></Placemark>
<Placemark><name>T1</name><styleUrl>#stT1</styleUrl><LineString><tessellate>1</tessellate><coordinates>-48.119700,-5.650880,0 -48.119600,-5.650900,0</coordinates></LineString></Placemark>
<Placemark><name>T1</name><styleUrl>#stT1</styleUrl><LineString><tessellate>1</tessellate><coordinates>-48.119730,-5.650980,0 -48.119700,-5.650880,0</coordinates></LineString></Placemark>
<Placemark><name>T1</name><styleUrl>#stT1</styleUrl><LineString><tessellate>1</tessellate><coordinates>-48.119700,-5.650880,0 -48.119430,-5.649940,0</coordinates></LineString></Placemark>
<Placemark><name>T1</name><styleUrl>#stT1</styleUrl><LineString><tessellate>1</tessellate><coordinates>-48.119730,-5.650980,0 -48.119840,-5.650950,0</coordinates></LineString></Placemark>
<Placemark><name>T1</name><styleUrl>#stT1</styleUrl><LineString><tessellate>1</tessellate><coordinates>-48.119730,-5.650980,0 -48.119650,-5.651000,0</coordinates></LineString></Placemark>
<Placemark><name>T1</name><styleUrl>#stT1</styleUrl><LineString><tessellate>1</tessellate><coordinates>-48.119990,-5.651900,0 -48.119730,-5.650980,0</coordinates></LineString></Placemark>
<Placemark><name>T1</name><styleUrl>#stT1</styleUrl><LineString><tessellate>1</tessellate><coordinates>-48.119430,-5.649940,0 -48.119160,-5.649000,0</coordinates></LineString></Placemark>
<Placemark><name>T1</name><styleUrl>#stT1</styleUrl><LineString><tessellate>1</tessellate><coordinates>-48.119990,-5.651900,0 -48.119970,-5.651910,0</coordinates></LineString></Placemark>
<Placemark><name>T1</name><styleUrl>#stT1</styleUrl><LineString><tessellate>1</tessellate><coordinates>-48.120670,-5.654370,0 -48.119990,-5.651900,0</coordinates></LineString></Placemark>
<Placemark><name>T1</name><styleUrl>#stT1</styleUrl><LineString><tessellate>1</tessellate><coordinates>-48.119970,-5.651910,0 -48.119910,-5.651930,0</coordinates></LineString></Placemark>
<Placemark><name>T1</name><styleUrl>#stT1</styleUrl><LineString><tessellate>1</tessellate><coordinates>-48.127170,-5.651040,0 -48.126890,-5.651120,0</coordinates></LineString></Placemark>
<Placemark><name>T1</name><styleUrl>#stT1</styleUrl><LineString><tessellate>1</tessellate><coordinates>-48.128020,-5.650790,0 -48.127170,-5.651040,0</coordinates></LineString></Placemark>
<Placemark><name>T1</name><styleUrl>#stT1</styleUrl><LineString><tessellate>1</tessellate><coordinates>-48.128020,-5.650790,0 -48.128160,-5.651360,0</coordinates></LineString></Placemark>
<Placemark><name>T1</name><styleUrl>#stT1</styleUrl><LineString><tessellate>1</tessellate><coordinates>-48.128020,-5.650790,0 -48.128470,-5.650680,0</coordinates></LineString></Placemark>
<Placemark><name>T1</name><styleUrl>#stT1</styleUrl><LineString><tessellate>1</tessellate><coordinates>-48.127800,-5.649840,0 -48.128020,-5.650790,0</coordinates></LineString></Placemark>
<Placemark><name>T1</name><styleUrl>#stT1</styleUrl><LineString><tessellate>1</tessellate><coordinates>-48.128160,-5.651360,0 -48.128170,-5.651400,0</coordinates></LineString></Placemark>
<Placemark><name>T1</name><styleUrl>#stT1</styleUrl><LineString><tessellate>1</tessellate><coordinates>-48.128470,-5.650680,0 -48.128720,-5.650620,0</coordinates></LineString></Placemark>
<Placemark><name>T1</name><styleUrl>#stT1</styleUrl><LineString><tessellate>1</tessellate><coordinates>-48.128170,-5.651400,0 -48.128370,-5.652260,0</coordinates></LineString></Placemark>
<Placemark><name>T1</name><styleUrl>#stT1</styleUrl><LineString><tessellate>1</tessellate><coordinates>-48.128370,-5.652260,0 -48.128430,-5.652520,0</coordinates></LineString></Placemark>
<Placemark><name>T1</name><styleUrl>#stT1</styleUrl><LineString><tessellate>1</tessellate><coordinates>-48.128320,-5.646710,0 -48.128200,-5.646290,0</coordinates></LineString></Placemark>
<Placemark><name>T1</name><styleUrl>#stT1</styleUrl><LineString><tessellate>1</tessellate><coordinates>-48.128320,-5.646710,0 -48.128230,-5.646730,0</coordinates></LineString></Placemark>
<Placemark><name>T1</name><styleUrl>#stT1</styleUrl><LineString><tessellate>1</tessellate><coordinates>-48.128910,-5.648750,0 -48.128320,-5.646710,0</coordinates></LineString></Placemark>
<Placemark><name>T1</name><styleUrl>#stT1</styleUrl><LineString><tessellate>1</tessellate><coordinates>-48.128320,-5.646710,0 -48.130640,-5.646090,0</coordinates></LineString></Placemark>
<Placemark><name>T1</name><styleUrl>#stT1</styleUrl><LineString><tessellate>1</tessellate><coordinates>-48.128230,-5.646730,0 -48.128200,-5.646740,0</coordinates></LineString></Placemark>
<Placemark><name>T1</name><styleUrl>#stT1</styleUrl><LineString><tessellate>1</tessellate><coordinates>-48.129000,-5.649070,0 -48.128910,-5.648750,0</coordinates></LineString></Placemark>
<Placemark><name>T1</name><styleUrl>#stT1</styleUrl><LineString><tessellate>1</tessellate><coordinates>-48.130640,-5.646090,0 -48.131030,-5.645980,0</coordinates></LineString></Placemark>
<Placemark><name>T1</name><styleUrl>#stT1</styleUrl><LineString><tessellate>1</tessellate><coordinates>-48.128200,-5.646740,0 -48.127930,-5.646820,0</coordinates></LineString></Placemark>
<Placemark><name>T1</name><styleUrl>#stT1</styleUrl><LineString><tessellate>1</tessellate><coordinates>-48.129390,-5.650430,0 -48.129570,-5.650380,0</coordinates></LineString></Placemark>
<Placemark><name>T1</name><styleUrl>#stT1</styleUrl><LineString><tessellate>1</tessellate><coordinates>-48.129390,-5.650430,0 -48.129330,-5.650450,0</coordinates></LineString></Placemark>
<Placemark><name>T1</name><styleUrl>#stT1</styleUrl><LineString><tessellate>1</tessellate><coordinates>-48.129390,-5.650430,0 -48.129450,-5.650630,0</coordinates></LineString></Placemark>
<Placemark><name>T1</name><styleUrl>#stT1</styleUrl><LineString><tessellate>1</tessellate><coordinates>-48.129110,-5.649440,0 -48.129390,-5.650430,0</coordinates></LineString></Placemark>
<Placemark><name>T1</name><styleUrl>#stT1</styleUrl><LineString><tessellate>1</tessellate><coordinates>-48.129450,-5.650630,0 -48.129480,-5.650640,0</coordinates></LineString></Placemark>
<Placemark><name>T1</name><styleUrl>#stT1</styleUrl><LineString><tessellate>1</tessellate><coordinates>-48.129450,-5.650630,0 -48.129610,-5.651190,0</coordinates></LineString></Placemark>
<Placemark><name>T1</name><styleUrl>#stT1</styleUrl><LineString><tessellate>1</tessellate><coordinates>-48.129480,-5.650640,0 -48.129530,-5.650640,0</coordinates></LineString></Placemark>
<Placemark><name>T1</name><styleUrl>#stT1</styleUrl><LineString><tessellate>1</tessellate><coordinates>-48.125460,-5.640790,0 -48.125400,-5.640560,0</coordinates></LineString></Placemark>
<Placemark><name>T1</name><styleUrl>#stT1</styleUrl><LineString><tessellate>1</tessellate><coordinates>-48.125640,-5.641410,0 -48.125460,-5.640790,0</coordinates></LineString></Placemark>
<Placemark><name>T1</name><styleUrl>#stT1</styleUrl><LineString><tessellate>1</tessellate><coordinates>-48.125640,-5.641410,0 -48.125400,-5.641400,0</coordinates></LineString></Placemark>
<Placemark><name>T1</name><styleUrl>#stT1</styleUrl><LineString><tessellate>1</tessellate><coordinates>-48.125640,-5.641410,0 -48.125730,-5.641390,0</coordinates></LineString></Placemark>
<Placemark><name>T1</name><styleUrl>#stT1</styleUrl><LineString><tessellate>1</tessellate><coordinates>-48.126120,-5.643120,0 -48.125640,-5.641410,0</coordinates></LineString></Placemark>
<Placemark><name>T1</name><styleUrl>#stT1</styleUrl><LineString><tessellate>1</tessellate><coordinates>-48.127030,-5.646610,0 -48.126120,-5.643120,0</coordinates></LineString></Placemark>
<Placemark><name>T1</name><styleUrl>#stT1</styleUrl><LineString><tessellate>1</tessellate><coordinates>-48.127040,-5.646620,0 -48.127030,-5.646610,0</coordinates></LineString></Placemark>
<Placemark><name>T1</name><styleUrl>#stT1</styleUrl><LineString><tessellate>1</tessellate><coordinates>-48.127130,-5.647030,0 -48.127040,-5.646620,0</coordinates></LineString></Placemark>
<Placemark><name>T1</name><styleUrl>#stT1</styleUrl><LineString><tessellate>1</tessellate><coordinates>-48.127130,-5.647030,0 -48.127270,-5.646990,0</coordinates></LineString></Placemark>
<Placemark><name>T1</name><styleUrl>#stT1</styleUrl><LineString><tessellate>1</tessellate><coordinates>-48.127130,-5.647030,0 -48.126990,-5.647070,0</coordinates></LineString></Placemark>
<Placemark><name>T1</name><styleUrl>#stT1</styleUrl><LineString><tessellate>1</tessellate><coordinates>-48.127660,-5.649240,0 -48.127130,-5.647030,0</coordinates></LineString></Placemark>
<Placemark><name>T1</name><styleUrl>#stT1</styleUrl><LineString><tessellate>1</tessellate><coordinates>-48.127270,-5.646990,0 -48.127300,-5.646980,0</coordinates></LineString></Placemark>
<Placemark><name>T1</name><styleUrl>#stT1</styleUrl><LineString><tessellate>1</tessellate><coordinates>-48.126990,-5.647070,0 -48.126960,-5.647070,0</coordinates></LineString></Placemark>
<Placemark><name>T1</name><styleUrl>#stT1</styleUrl><LineString><tessellate>1</tessellate><coordinates>-48.127710,-5.649470,0 -48.127660,-5.649240,0</coordinates></LineString></Placemark>
<Placemark><name>T1</name><styleUrl>#stT1</styleUrl><LineString><tessellate>1</tessellate><coordinates>-48.127300,-5.646980,0 -48.127900,-5.646820,0</coordinates></LineString></Placemark>
<Placemark><name>T1</name><styleUrl>#stT1</styleUrl><LineString><tessellate>1</tessellate><coordinates>-48.126960,-5.647070,0 -48.124710,-5.647680,0</coordinates></LineString></Placemark>
<Placemark><name>T1</name><styleUrl>#stT1</styleUrl><LineString><tessellate>1</tessellate><coordinates>-48.125910,-5.652330,0 -48.125760,-5.652310,0</coordinates></LineString></Placemark>
<Placemark><name>T1</name><styleUrl>#stT1</styleUrl><LineString><tessellate>1</tessellate><coordinates>-48.125860,-5.652420,0 -48.125910,-5.652330,0</coordinates></LineString></Placemark>
<Placemark><name>T1</name><styleUrl>#stT1</styleUrl><LineString><tessellate>1</tessellate><coordinates>-48.123860,-5.645800,0 -48.123690,-5.645800,0</coordinates></LineString></Placemark>
<Placemark><name>T1</name><styleUrl>#stT1</styleUrl><LineString><tessellate>1</tessellate><coordinates>-48.123920,-5.645780,0 -48.123860,-5.645800,0</coordinates></LineString></Placemark>
<Placemark><name>T1</name><styleUrl>#stT1</styleUrl><LineString><tessellate>1</tessellate><coordinates>-48.123860,-5.645800,0 -48.123850,-5.645780,0</coordinates></LineString></Placemark>
<Placemark><name>T1</name><styleUrl>#stT1</styleUrl><LineString><tessellate>1</tessellate><coordinates>-48.122390,-5.648740,0 -48.122430,-5.648910,0</coordinates></LineString></Placemark>
<Placemark><name>T1</name><styleUrl>#stT1</styleUrl><LineString><tessellate>1</tessellate><coordinates>-48.118090,-5.655520,0 -48.118100,-5.655540,0</coordinates></LineString></Placemark>
<Placemark><name>T1</name><styleUrl>#stT1</styleUrl><LineString><tessellate>1</tessellate><coordinates>-48.118090,-5.655520,0 -48.118110,-5.655520,0</coordinates></LineString></Placemark>
<Placemark><name>T1</name><styleUrl>#stT1</styleUrl><LineString><tessellate>1</tessellate><coordinates>-48.118100,-5.655420,0 -48.118090,-5.655520,0</coordinates></LineString></Placemark>
<Placemark><name>T1</name><styleUrl>#stT1</styleUrl><LineString><tessellate>1</tessellate><coordinates>-48.118100,-5.655540,0 -48.118110,-5.655530,0</coordinates></LineString></Placemark>
<Placemark><name>T1</name><styleUrl>#stT1</styleUrl><LineString><tessellate>1</tessellate><coordinates>-48.118520,-5.652330,0 -48.118480,-5.652340,0</coordinates></LineString></Placemark>
<Placemark><name>T1</name><styleUrl>#stT1</styleUrl><LineString><tessellate>1</tessellate><coordinates>-48.119870,-5.651940,0 -48.118520,-5.652330,0</coordinates></LineString></Placemark>
<Placemark><name>T1</name><styleUrl>#stT1</styleUrl><LineString><tessellate>1</tessellate><coordinates>-48.118480,-5.652340,0 -48.118410,-5.652340,0</coordinates></LineString></Placemark>
<Placemark><name>T1</name><styleUrl>#stT1</styleUrl><LineString><tessellate>1</tessellate><coordinates>-48.130910,-5.650010,0 -48.130900,-5.649990,0</coordinates></LineString></Placemark>
<Placemark><name>T1</name><styleUrl>#stT1</styleUrl><LineString><tessellate>1</tessellate><coordinates>-48.129610,-5.650370,0 -48.130910,-5.650010,0</coordinates></LineString></Placemark>
<Placemark><name>T1</name><styleUrl>#stT1</styleUrl><LineString><tessellate>1</tessellate><coordinates>-48.130910,-5.650010,0 -48.131180,-5.649930,0</coordinates></LineString></Placemark>
<Placemark><name>T1</name><styleUrl>#stT1</styleUrl><LineString><tessellate>1</tessellate><coordinates>-48.130900,-5.649990,0 -48.130470,-5.648320,0</coordinates></LineString></Placemark>
<Placemark><name>T1</name><styleUrl>#stT1</styleUrl><LineString><tessellate>1</tessellate><coordinates>-48.130470,-5.648320,0 -48.130380,-5.647980,0</coordinates></LineString></Placemark>
<Placemark><name>T1</name><styleUrl>#stT1</styleUrl><LineString><tessellate>1</tessellate><coordinates>-48.129620,-5.651220,0 -48.129690,-5.651490,0</coordinates></LineString></Placemark>
<Placemark><name>T1</name><styleUrl>#stT1</styleUrl><LineString><tessellate>1</tessellate><coordinates>-48.129690,-5.651490,0 -48.129780,-5.651790,0</coordinates></LineString></Placemark>
<Placemark><name>T1</name><styleUrl>#stT1</styleUrl><LineString><tessellate>1</tessellate><coordinates>-48.124100,-5.641440,0 -48.123950,-5.640890,0</coordinates></LineString></Placemark>
<Placemark><name>T1</name><styleUrl>#stT1</styleUrl><LineString><tessellate>1</tessellate><coordinates>-48.124100,-5.641440,0 -48.123200,-5.641460,0</coordinates></LineString></Placemark>
<Placemark><name>T1</name><styleUrl>#stT1</styleUrl><LineString><tessellate>1</tessellate><coordinates>-48.124100,-5.641440,0 -48.124430,-5.642830,0</coordinates></LineString></Placemark>
<Placemark><name>T1</name><styleUrl>#stT1</styleUrl><LineString><tessellate>1</tessellate><coordinates>-48.125360,-5.641400,0 -48.124100,-5.641440,0</coordinates></LineString></Placemark>
<Placemark><name>T1</name><styleUrl>#stT1</styleUrl><LineString><tessellate>1</tessellate><coordinates>-48.123950,-5.640890,0 -48.123860,-5.640560,0</coordinates></LineString></Placemark>
<Placemark><name>T1</name><styleUrl>#stT1</styleUrl><LineString><tessellate>1</tessellate><coordinates>-48.123200,-5.641460,0 -48.123080,-5.641470,0</coordinates></LineString></Placemark>
<Placemark><name>T1</name><styleUrl>#stT1</styleUrl><LineString><tessellate>1</tessellate><coordinates>-48.124430,-5.642830,0 -48.124520,-5.643150,0</coordinates></LineString></Placemark>
<Placemark><name>T1</name><styleUrl>#stT1</styleUrl><LineString><tessellate>1</tessellate><coordinates>-48.123080,-5.641470,0 -48.123150,-5.641750,0</coordinates></LineString></Placemark>
<Placemark><name>T1</name><styleUrl>#stT1</styleUrl><LineString><tessellate>1</tessellate><coordinates>-48.123080,-5.641470,0 -48.122840,-5.641470,0</coordinates></LineString></Placemark>
<Placemark><name>T1</name><styleUrl>#stT1</styleUrl><LineString><tessellate>1</tessellate><coordinates>-48.123080,-5.641470,0 -48.123050,-5.641390,0</coordinates></LineString></Placemark>
<Placemark><name>T1</name><styleUrl>#stT1</styleUrl><LineString><tessellate>1</tessellate><coordinates>-48.127910,-5.640060,0 -48.128050,-5.640030,0</coordinates></LineString></Placemark>
<Placemark><name>T1</name><styleUrl>#stT1</styleUrl><LineString><tessellate>1</tessellate><coordinates>-48.126890,-5.640330,0 -48.127910,-5.640060,0</coordinates></LineString></Placemark>
<Placemark><name>T1</name><styleUrl>#stT1</styleUrl><LineString><tessellate>1</tessellate><coordinates>-48.126870,-5.640400,0 -48.126890,-5.640330,0</coordinates></LineString></Placemark>
<Placemark><name>T1</name><styleUrl>#stT1</styleUrl><LineString><tessellate>1</tessellate><coordinates>-48.126850,-5.640410,0 -48.126870,-5.640400,0</coordinates></LineString></Placemark>
<Placemark><name>T1</name><styleUrl>#stT1</styleUrl><LineString><tessellate>1</tessellate><coordinates>-48.126050,-5.640630,0 -48.126850,-5.640410,0</coordinates></LineString></Placemark>
<Placemark><name>T1</name><styleUrl>#stT1</styleUrl><LineString><tessellate>1</tessellate><coordinates>-48.125490,-5.640790,0 -48.126050,-5.640630,0</coordinates></LineString></Placemark>
<Placemark><name>T1</name><styleUrl>#stT1</styleUrl><LineString><tessellate>1</tessellate><coordinates>-48.125930,-5.636460,0 -48.125750,-5.636260,0</coordinates></LineString></Placemark>
<Placemark><name>T1</name><styleUrl>#stT1</styleUrl><LineString><tessellate>1</tessellate><coordinates>-48.125940,-5.636490,0 -48.125930,-5.636460,0</coordinates></LineString></Placemark>
<Placemark><name>T1</name><styleUrl>#stT1</styleUrl><LineString><tessellate>1</tessellate><coordinates>-48.126850,-5.640210,0 -48.125940,-5.636490,0</coordinates></LineString></Placemark>
<Placemark><name>T1</name><styleUrl>#stT1</styleUrl><LineString><tessellate>1</tessellate><coordinates>-48.126890,-5.640320,0 -48.126850,-5.640210,0</coordinates></LineString></Placemark>
<Placemark><name>T1</name><styleUrl>#stT1</styleUrl><LineString><tessellate>1</tessellate><coordinates>-48.128300,-5.640030,0 -48.130540,-5.639990,0</coordinates></LineString></Placemark>
<Placemark><name>T1</name><styleUrl>#stT1</styleUrl><LineString><tessellate>1</tessellate><coordinates>-48.128130,-5.640820,0 -48.128140,-5.640850,0</coordinates></LineString></Placemark>
<Placemark><name>T1</name><styleUrl>#stT1</styleUrl><LineString><tessellate>1</tessellate><coordinates>-48.128140,-5.640850,0 -48.128560,-5.641330,0</coordinates></LineString></Placemark>
<Placemark><name>T1</name><styleUrl>#stT1</styleUrl><LineString><tessellate>1</tessellate><coordinates>-48.127920,-5.640090,0 -48.128130,-5.640820,0</coordinates></LineString></Placemark>
<Placemark><name>T1</name><styleUrl>#stT1</styleUrl><LineString><tessellate>1</tessellate><coordinates>-48.119060,-5.648620,0 -48.119150,-5.648960,0</coordinates></LineString></Placemark>
<Placemark><name>T1</name><styleUrl>#stT1</styleUrl><LineString><tessellate>1</tessellate><coordinates>-48.122660,-5.639940,0 -48.122640,-5.639880,0</coordinates></LineString></Placemark>
<Placemark><name>T1</name><styleUrl>#stT1</styleUrl><LineString><tessellate>1</tessellate><coordinates>-48.122660,-5.639940,0 -48.123050,-5.641380,0</coordinates></LineString></Placemark>
<Placemark><name>T1</name><styleUrl>#stT1</styleUrl><LineString><tessellate>1</tessellate><coordinates>-48.122660,-5.639940,0 -48.122730,-5.639930,0</coordinates></LineString></Placemark>
<Placemark><name>T1</name><styleUrl>#stT1</styleUrl><LineString><tessellate>1</tessellate><coordinates>-48.116200,-5.658910,0 -48.116180,-5.658920,0</coordinates></LineString></Placemark>
<Placemark><name>T1</name><styleUrl>#stT1</styleUrl><LineString><tessellate>1</tessellate><coordinates>-48.118860,-5.657770,0 -48.116200,-5.658910,0</coordinates></LineString></Placemark>
<Placemark><name>T1</name><styleUrl>#stT1</styleUrl><LineString><tessellate>1</tessellate><coordinates>-48.116180,-5.658920,0 -48.116070,-5.658950,0</coordinates></LineString></Placemark>
<Placemark><name>T1</name><styleUrl>#stT1</styleUrl><LineString><tessellate>1</tessellate><coordinates>-48.116180,-5.658920,0 -48.115300,-5.656770,0</coordinates></LineString></Placemark>
<Placemark><name>T1</name><styleUrl>#stT1</styleUrl><LineString><tessellate>1</tessellate><coordinates>-48.118890,-5.657760,0 -48.118860,-5.657770,0</coordinates></LineString></Placemark>
<Placemark><name>T1</name><styleUrl>#stT1</styleUrl><LineString><tessellate>1</tessellate><coordinates>-48.120400,-5.657130,0 -48.118890,-5.657760,0</coordinates></LineString></Placemark>
<Placemark><name>T1</name><styleUrl>#stT1</styleUrl><LineString><tessellate>1</tessellate><coordinates>-48.120430,-5.657110,0 -48.120400,-5.657130,0</coordinates></LineString></Placemark>
<Placemark><name>T1</name><styleUrl>#stT1</styleUrl><LineString><tessellate>1</tessellate><coordinates>-48.120610,-5.657020,0 -48.120430,-5.657110,0</coordinates></LineString></Placemark>
<Placemark><name>T1</name><styleUrl>#stT1</styleUrl><LineString><tessellate>1</tessellate><coordinates>-48.121610,-5.656580,0 -48.120610,-5.657020,0</coordinates></LineString></Placemark>
<Placemark><name>T1</name><styleUrl>#stT1</styleUrl><LineString><tessellate>1</tessellate><coordinates>-48.120610,-5.657020,0 -48.120590,-5.656950,0</coordinates></LineString></Placemark>
<Placemark><name>T1</name><styleUrl>#stT1</styleUrl><LineString><tessellate>1</tessellate><coordinates>-48.121630,-5.656570,0 -48.121610,-5.656580,0</coordinates></LineString></Placemark>
<Placemark><name>T1</name><styleUrl>#stT1</styleUrl><LineString><tessellate>1</tessellate><coordinates>-48.121760,-5.656780,0 -48.121630,-5.656570,0</coordinates></LineString></Placemark>
<Placemark><name>T1</name><styleUrl>#stT1</styleUrl><LineString><tessellate>1</tessellate><coordinates>-48.121780,-5.656810,0 -48.121760,-5.656780,0</coordinates></LineString></Placemark>
<Placemark><name>T1</name><styleUrl>#stT1</styleUrl><LineString><tessellate>1</tessellate><coordinates>-48.121860,-5.657190,0 -48.121780,-5.656810,0</coordinates></LineString></Placemark>
<Placemark><name>T1</name><styleUrl>#stT1</styleUrl><LineString><tessellate>1</tessellate><coordinates>-48.121870,-5.657220,0 -48.121860,-5.657190,0</coordinates></LineString></Placemark>
<Placemark><name>T1</name><styleUrl>#stT1</styleUrl><LineString><tessellate>1</tessellate><coordinates>-48.123060,-5.661830,0 -48.121870,-5.657220,0</coordinates></LineString></Placemark>
<Placemark><name>T1</name><styleUrl>#stT1</styleUrl><LineString><tessellate>1</tessellate><coordinates>-48.115070,-5.656040,0 -48.115180,-5.656070,0</coordinates></LineString></Placemark>
<Placemark><name>T1</name><styleUrl>#stT1</styleUrl><LineString><tessellate>1</tessellate><coordinates>-48.115070,-5.656040,0 -48.114910,-5.655660,0</coordinates></LineString></Placemark>
<Placemark><name>T1</name><styleUrl>#stT1</styleUrl><LineString><tessellate>1</tessellate><coordinates>-48.115230,-5.656430,0 -48.115070,-5.656040,0</coordinates></LineString></Placemark>
<Placemark><name>T1</name><styleUrl>#stT1</styleUrl><LineString><tessellate>1</tessellate><coordinates>-48.115230,-5.656430,0 -48.115320,-5.656650,0</coordinates></LineString></Placemark>
<Placemark><name>T1</name><styleUrl>#stT1</styleUrl><LineString><tessellate>1</tessellate><coordinates>-48.115170,-5.656430,0 -48.115230,-5.656430,0</coordinates></LineString></Placemark>
<Placemark><name>T1</name><styleUrl>#stT1</styleUrl><LineString><tessellate>1</tessellate><coordinates>-48.115230,-5.656430,0 -48.115420,-5.656360,0</coordinates></LineString></Placemark>
<Placemark><name>T1</name><styleUrl>#stT1</styleUrl><LineString><tessellate>1</tessellate><coordinates>-48.115290,-5.656740,0 -48.115170,-5.656430,0</coordinates></LineString></Placemark>
<Placemark><name>T1</name><styleUrl>#stT1</styleUrl><LineString><tessellate>1</tessellate><coordinates>-48.115170,-5.656430,0 -48.115140,-5.656460,0</coordinates></LineString></Placemark>
<Placemark><name>T1</name><styleUrl>#stT1</styleUrl><LineString><tessellate>1</tessellate><coordinates>-48.115170,-5.656430,0 -48.115150,-5.656390,0</coordinates></LineString></Placemark>
<Placemark><name>T1</name><styleUrl>#stT1</styleUrl><LineString><tessellate>1</tessellate><coordinates>-48.115140,-5.656460,0 -48.115110,-5.656470,0</coordinates></LineString></Placemark>
<Placemark><name>T1</name><styleUrl>#stT1</styleUrl><LineString><tessellate>1</tessellate><coordinates>-48.115110,-5.656470,0 -48.114890,-5.656540,0</coordinates></LineString></Placemark>
<Placemark><name>T1</name><styleUrl>#stT1</styleUrl><LineString><tessellate>1</tessellate><coordinates>-48.115560,-5.657240,0 -48.115610,-5.657220,0</coordinates></LineString></Placemark>
<Placemark><name>T1</name><styleUrl>#stT1</styleUrl><LineString><tessellate>1</tessellate><coordinates>-48.115560,-5.657240,0 -48.114030,-5.657780,0</coordinates></LineString></Placemark>
<Placemark><name>T1</name><styleUrl>#stT1</styleUrl><LineString><tessellate>1</tessellate><coordinates>-48.115560,-5.657240,0 -48.115660,-5.657490,0</coordinates></LineString></Placemark>
<Placemark><name>T1</name><styleUrl>#stT1</styleUrl><LineString><tessellate>1</tessellate><coordinates>-48.115330,-5.656680,0 -48.115560,-5.657240,0</coordinates></LineString></Placemark>
<Placemark><name>T1</name><styleUrl>#stT1</styleUrl><LineString><tessellate>1</tessellate><coordinates>-48.114030,-5.657780,0 -48.113740,-5.657890,0</coordinates></LineString></Placemark>
<Placemark><name>T1</name><styleUrl>#stT1</styleUrl><LineString><tessellate>1</tessellate><coordinates>-48.113740,-5.657890,0 -48.113370,-5.658030,0</coordinates></LineString></Placemark>
<Placemark><name>T1</name><styleUrl>#stT1</styleUrl><LineString><tessellate>1</tessellate><coordinates>-48.113370,-5.658030,0 -48.113100,-5.658120,0</coordinates></LineString></Placemark>
<Placemark><name>T1</name><styleUrl>#stT1</styleUrl><LineString><tessellate>1</tessellate><coordinates>-48.113370,-5.658030,0 -48.113330,-5.657930,0</coordinates></LineString></Placemark>
<Placemark><name>T1</name><styleUrl>#stT1</styleUrl><LineString><tessellate>1</tessellate><coordinates>-48.113370,-5.658030,0 -48.113950,-5.659410,0</coordinates></LineString></Placemark>
<Placemark><name>T1</name><styleUrl>#stT1</styleUrl><LineString><tessellate>1</tessellate><coordinates>-48.113950,-5.659410,0 -48.114060,-5.659660,0</coordinates></LineString></Placemark>
<Placemark><name>T1</name><styleUrl>#stT1</styleUrl><LineString><tessellate>1</tessellate><coordinates>-48.113040,-5.657200,0 -48.112230,-5.657490,0</coordinates></LineString></Placemark>
<Placemark><name>T1</name><styleUrl>#stT1</styleUrl><LineString><tessellate>1</tessellate><coordinates>-48.113040,-5.657200,0 -48.113030,-5.657160,0</coordinates></LineString></Placemark>
<Placemark><name>T1</name><styleUrl>#stT1</styleUrl><LineString><tessellate>1</tessellate><coordinates>-48.114860,-5.656550,0 -48.113040,-5.657200,0</coordinates></LineString></Placemark>
<Placemark><name>T1</name><styleUrl>#stT1</styleUrl><LineString><tessellate>1</tessellate><coordinates>-48.113040,-5.657200,0 -48.113100,-5.657330,0</coordinates></LineString></Placemark>
<Placemark><name>T1</name><styleUrl>#stT1</styleUrl><LineString><tessellate>1</tessellate><coordinates>-48.113030,-5.657160,0 -48.113020,-5.657140,0</coordinates></LineString></Placemark>
<Placemark><name>T1</name><styleUrl>#stT1</styleUrl><LineString><tessellate>1</tessellate><coordinates>-48.113020,-5.657140,0 -48.112980,-5.657040,0</coordinates></LineString></Placemark>
<Placemark><name>T1</name><styleUrl>#stT1</styleUrl><LineString><tessellate>1</tessellate><coordinates>-48.112310,-5.655390,0 -48.112480,-5.655340,0</coordinates></LineString></Placemark>
<Placemark><name>T1</name><styleUrl>#stT1</styleUrl><LineString><tessellate>1</tessellate><coordinates>-48.112980,-5.657050,0 -48.112310,-5.655390,0</coordinates></LineString></Placemark>
<Placemark><name>T1</name><styleUrl>#stT1</styleUrl><LineString><tessellate>1</tessellate><coordinates>-48.112310,-5.655390,0 -48.112110,-5.654900,0</coordinates></LineString></Placemark>
<Placemark><name>T1</name><styleUrl>#stT1</styleUrl><LineString><tessellate>1</tessellate><coordinates>-48.112310,-5.655390,0 -48.112200,-5.655420,0</coordinates></LineString></Placemark>
<Placemark><name>T1</name><styleUrl>#stT1</styleUrl><LineString><tessellate>1</tessellate><coordinates>-48.112110,-5.654900,0 -48.112100,-5.654870,0</coordinates></LineString></Placemark>
<Placemark><name>T1</name><styleUrl>#stT1</styleUrl><LineString><tessellate>1</tessellate><coordinates>-48.112100,-5.654870,0 -48.111310,-5.652930,0</coordinates></LineString></Placemark>
<Placemark><name>T1</name><styleUrl>#stT1</styleUrl><LineString><tessellate>1</tessellate><coordinates>-48.111310,-5.652930,0 -48.111110,-5.652440,0</coordinates></LineString></Placemark>
<Placemark><name>T1</name><styleUrl>#stT1</styleUrl><LineString><tessellate>1</tessellate><coordinates>-48.110650,-5.660010,0 -48.108090,-5.664800,0</coordinates></LineString></Placemark>
<Placemark><name>T1</name><styleUrl>#stT1</styleUrl><LineString><tessellate>1</tessellate><coordinates>-48.110650,-5.660010,0 -48.110670,-5.660010,0</coordinates></LineString></Placemark>
<Placemark><name>T1</name><styleUrl>#stT1</styleUrl><LineString><tessellate>1</tessellate><coordinates>-48.110670,-5.659990,0 -48.110650,-5.660010,0</coordinates></LineString></Placemark>
<Placemark><name>T1</name><styleUrl>#stT1</styleUrl><LineString><tessellate>1</tessellate><coordinates>-48.110670,-5.660010,0 -48.110690,-5.660500,0</coordinates></LineString></Placemark>
<Placemark><name>T1</name><styleUrl>#stT1</styleUrl><LineString><tessellate>1</tessellate><coordinates>-48.111350,-5.659300,0 -48.110670,-5.659990,0</coordinates></LineString></Placemark>
<Placemark><name>T1</name><styleUrl>#stT1</styleUrl><LineString><tessellate>1</tessellate><coordinates>-48.111370,-5.659270,0 -48.111350,-5.659300,0</coordinates></LineString></Placemark>
<Placemark><name>T1</name><styleUrl>#stT1</styleUrl><LineString><tessellate>1</tessellate><coordinates>-48.111440,-5.659160,0 -48.111370,-5.659270,0</coordinates></LineString></Placemark>
<Placemark><name>T1</name><styleUrl>#stT1</styleUrl><LineString><tessellate>1</tessellate><coordinates>-48.111770,-5.658690,0 -48.111440,-5.659160,0</coordinates></LineString></Placemark>
<Placemark><name>T1</name><styleUrl>#stT1</styleUrl><LineString><tessellate>1</tessellate><coordinates>-48.111790,-5.658660,0 -48.111770,-5.658690,0</coordinates></LineString></Placemark>
<Placemark><name>T1</name><styleUrl>#stT1</styleUrl><LineString><tessellate>1</tessellate><coordinates>-48.112100,-5.658330,0 -48.111790,-5.658660,0</coordinates></LineString></Placemark>
<Placemark><name>T1</name><styleUrl>#stT1</styleUrl><LineString><tessellate>1</tessellate><coordinates>-48.112110,-5.658300,0 -48.112100,-5.658330,0</coordinates></LineString></Placemark>
<Placemark><name>T1</name><styleUrl>#stT1</styleUrl><LineString><tessellate>1</tessellate><coordinates>-48.112060,-5.657810,0 -48.112110,-5.658300,0</coordinates></LineString></Placemark>
<Placemark><name>T1</name><styleUrl>#stT1</styleUrl><LineString><tessellate>1</tessellate><coordinates>-48.111940,-5.657590,0 -48.112060,-5.657810,0</coordinates></LineString></Placemark>
<Placemark><name>T1</name><styleUrl>#stT1</styleUrl><LineString><tessellate>1</tessellate><coordinates>-48.111940,-5.657590,0 -48.111900,-5.657540,0</coordinates></LineString></Placemark>
<Placemark><name>T1</name><styleUrl>#stT1</styleUrl><LineString><tessellate>1</tessellate><coordinates>-48.112200,-5.657500,0 -48.111940,-5.657590,0</coordinates></LineString></Placemark>
<Placemark><name>T1</name><styleUrl>#stT1</styleUrl><LineString><tessellate>1</tessellate><coordinates>-48.111940,-5.657590,0 -48.111870,-5.657600,0</coordinates></LineString></Placemark>
<Placemark><name>T1</name><styleUrl>#stT1</styleUrl><LineString><tessellate>1</tessellate><coordinates>-48.110970,-5.652080,0 -48.110730,-5.651490,0</coordinates></LineString></Placemark>
<Placemark><name>T1</name><styleUrl>#stT1</styleUrl><LineString><tessellate>1</tessellate><coordinates>-48.110730,-5.651490,0 -48.110740,-5.651450,0</coordinates></LineString></Placemark>
<Placemark><name>T1</name><styleUrl>#stT1</styleUrl><LineString><tessellate>1</tessellate><coordinates>-48.111100,-5.652400,0 -48.110970,-5.652080,0</coordinates></LineString></Placemark>
<Placemark><name>T1</name><styleUrl>#stT1</styleUrl><LineString><tessellate>1</tessellate><coordinates>-48.110120,-5.656060,0 -48.110050,-5.655890,0</coordinates></LineString></Placemark>
<Placemark><name>T1</name><styleUrl>#stT1</styleUrl><LineString><tessellate>1</tessellate><coordinates>-48.112180,-5.655430,0 -48.110120,-5.656060,0</coordinates></LineString></Placemark>
<Placemark><name>T1</name><styleUrl>#stT1</styleUrl><LineString><tessellate>1</tessellate><coordinates>-48.110120,-5.656060,0 -48.110180,-5.656200,0</coordinates></LineString></Placemark>
<Placemark><name>T1</name><styleUrl>#stT1</styleUrl><LineString><tessellate>1</tessellate><coordinates>-48.110120,-5.656060,0 -48.110030,-5.656090,0</coordinates></LineString></Placemark>
<Placemark><name>T1</name><styleUrl>#stT1</styleUrl><LineString><tessellate>1</tessellate><coordinates>-48.110050,-5.655890,0 -48.110030,-5.655850,0</coordinates></LineString></Placemark>
<Placemark><name>T1</name><styleUrl>#stT1</styleUrl><LineString><tessellate>1</tessellate><coordinates>-48.110180,-5.656200,0 -48.110310,-5.656520,0</coordinates></LineString></Placemark>
<Placemark><name>T1</name><styleUrl>#stT1</styleUrl><LineString><tessellate>1</tessellate><coordinates>-48.110030,-5.655850,0 -48.109950,-5.655660,0</coordinates></LineString></Placemark>
<Placemark><name>T1</name><styleUrl>#stT1</styleUrl><LineString><tessellate>1</tessellate><coordinates>-48.112030,-5.657820,0 -48.111690,-5.657990,0</coordinates></LineString></Placemark>
<Placemark><name>T1</name><styleUrl>#stT1</styleUrl><LineString><tessellate>1</tessellate><coordinates>-48.111690,-5.657990,0 -48.111520,-5.657990,0</coordinates></LineString></Placemark>
<Placemark><name>T1</name><styleUrl>#stT1</styleUrl><LineString><tessellate>1</tessellate><coordinates>-48.110780,-5.660590,0 -48.111570,-5.661380,0</coordinates></LineString></Placemark>
<Placemark><name>T1</name><styleUrl>#stT1</styleUrl><LineString><tessellate>1</tessellate><coordinates>-48.110390,-5.650670,0 -48.110220,-5.650250,0</coordinates></LineString></Placemark>
<Placemark><name>T1</name><styleUrl>#stT1</styleUrl><LineString><tessellate>1</tessellate><coordinates>-48.110390,-5.650670,0 -48.110240,-5.650710,0</coordinates></LineString></Placemark>
<Placemark><name>T1</name><styleUrl>#stT1</styleUrl><LineString><tessellate>1</tessellate><coordinates>-48.110390,-5.650670,0 -48.110620,-5.650600,0</coordinates></LineString></Placemark>
<Placemark><name>T1</name><styleUrl>#stT1</styleUrl><LineString><tessellate>1</tessellate><coordinates>-48.110710,-5.651440,0 -48.110390,-5.650670,0</coordinates></LineString></Placemark>
<Placemark><name>T1</name><styleUrl>#stT1</styleUrl><LineString><tessellate>1</tessellate><coordinates>-48.110700,-5.651460,0 -48.110710,-5.651440,0</coordinates></LineString></Placemark>
<Placemark><name>T1</name><styleUrl>#stT1</styleUrl><LineString><tessellate>1</tessellate><coordinates>-48.110710,-5.651440,0 -48.110740,-5.651450,0</coordinates></LineString></Placemark>
<Placemark><name>T1</name><styleUrl>#stT1</styleUrl><LineString><tessellate>1</tessellate><coordinates>-48.109560,-5.650910,0 -48.109210,-5.651010,0</coordinates></LineString></Placemark>
<Placemark><name>T1</name><styleUrl>#stT1</styleUrl><LineString><tessellate>1</tessellate><coordinates>-48.109980,-5.650780,0 -48.109560,-5.650910,0</coordinates></LineString></Placemark>
<Placemark><name>T1</name><styleUrl>#stT1</styleUrl><LineString><tessellate>1</tessellate><coordinates>-48.109210,-5.651010,0 -48.109130,-5.650840,0</coordinates></LineString></Placemark>
<Placemark><name>T1</name><styleUrl>#stT1</styleUrl><LineString><tessellate>1</tessellate><coordinates>-48.109210,-5.651010,0 -48.108980,-5.651070,0</coordinates></LineString></Placemark>
<Placemark><name>T1</name><styleUrl>#stT1</styleUrl><LineString><tessellate>1</tessellate><coordinates>-48.109210,-5.651010,0 -48.109240,-5.651090,0</coordinates></LineString></Placemark>
<Placemark><name>T1</name><styleUrl>#stT1</styleUrl><LineString><tessellate>1</tessellate><coordinates>-48.110010,-5.650780,0 -48.109980,-5.650780,0</coordinates></LineString></Placemark>
<Placemark><name>T1</name><styleUrl>#stT1</styleUrl><LineString><tessellate>1</tessellate><coordinates>-48.109130,-5.650840,0 -48.109120,-5.650810,0</coordinates></LineString></Placemark>
<Placemark><name>T1</name><styleUrl>#stT1</styleUrl><LineString><tessellate>1</tessellate><coordinates>-48.108980,-5.651070,0 -48.108980,-5.651080,0</coordinates></LineString></Placemark>
<Placemark><name>T1</name><styleUrl>#stT1</styleUrl><LineString><tessellate>1</tessellate><coordinates>-48.108980,-5.651070,0 -48.108970,-5.651080,0</coordinates></LineString></Placemark>
<Placemark><name>T1</name><styleUrl>#stT1</styleUrl><LineString><tessellate>1</tessellate><coordinates>-48.110210,-5.650720,0 -48.110010,-5.650780,0</coordinates></LineString></Placemark>
<Placemark><name>T1</name><styleUrl>#stT1</styleUrl><LineString><tessellate>1</tessellate><coordinates>-48.109120,-5.650810,0 -48.108940,-5.650360,0</coordinates></LineString></Placemark>
<Placemark><name>T1</name><styleUrl>#stT1</styleUrl><LineString><tessellate>1</tessellate><coordinates>-48.110600,-5.650610,0 -48.110880,-5.650520,0</coordinates></LineString></Placemark>
<Placemark><name>T1</name><styleUrl>#stT1</styleUrl><LineString><tessellate>1</tessellate><coordinates>-48.110880,-5.650520,0 -48.110920,-5.650550,0</coordinates></LineString></Placemark>
<Placemark><name>T1</name><styleUrl>#stT1</styleUrl><LineString><tessellate>1</tessellate><coordinates>-48.108050,-5.648200,0 -48.108030,-5.648160,0</coordinates></LineString></Placemark>
<Placemark><name>T1</name><styleUrl>#stT1</styleUrl><LineString><tessellate>1</tessellate><coordinates>-48.108030,-5.648160,0 -48.108000,-5.648050,0</coordinates></LineString></Placemark>
<Placemark><name>T1</name><styleUrl>#stT1</styleUrl><LineString><tessellate>1</tessellate><coordinates>-48.108300,-5.648820,0 -48.108050,-5.648200,0</coordinates></LineString></Placemark>
<Placemark><name>T1</name><styleUrl>#stT1</styleUrl><LineString><tessellate>1</tessellate><coordinates>-48.108000,-5.648050,0 -48.108300,-5.647980,0</coordinates></LineString></Placemark>
<Placemark><name>T1</name><styleUrl>#stT1</styleUrl><LineString><tessellate>1</tessellate><coordinates>-48.108000,-5.648050,0 -48.107930,-5.647750,0</coordinates></LineString></Placemark>
<Placemark><name>T1</name><styleUrl>#stT1</styleUrl><LineString><tessellate>1</tessellate><coordinates>-48.108000,-5.648050,0 -48.107840,-5.648100,0</coordinates></LineString></Placemark>
<Placemark><name>T1</name><styleUrl>#stT1</styleUrl><LineString><tessellate>1</tessellate><coordinates>-48.108950,-5.650400,0 -48.108300,-5.648820,0</coordinates></LineString></Placemark>
<Placemark><name>T1</name><styleUrl>#stT1</styleUrl><LineString><tessellate>1</tessellate><coordinates>-48.109640,-5.652060,0 -48.109650,-5.652090,0</coordinates></LineString></Placemark>
<Placemark><name>T1</name><styleUrl>#stT1</styleUrl><LineString><tessellate>1</tessellate><coordinates>-48.109380,-5.651430,0 -48.109640,-5.652060,0</coordinates></LineString></Placemark>
<Placemark><name>T1</name><styleUrl>#stT1</styleUrl><LineString><tessellate>1</tessellate><coordinates>-48.109650,-5.652090,0 -48.110130,-5.653260,0</coordinates></LineString></Placemark>
<Placemark><name>T1</name><styleUrl>#stT1</styleUrl><LineString><tessellate>1</tessellate><coordinates>-48.109250,-5.651130,0 -48.109380,-5.651430,0</coordinates></LineString></Placemark>
<Placemark><name>T1</name><styleUrl>#stT1</styleUrl><LineString><tessellate>1</tessellate><coordinates>-48.110130,-5.653260,0 -48.110240,-5.653510,0</coordinates></LineString></Placemark>
<Placemark><name>T1</name><styleUrl>#stT1</styleUrl><LineString><tessellate>1</tessellate><coordinates>-48.110240,-5.653510,0 -48.110340,-5.653780,0</coordinates></LineString></Placemark>
<Placemark><name>T1</name><styleUrl>#stT1</styleUrl><LineString><tessellate>1</tessellate><coordinates>-48.110340,-5.653780,0 -48.110270,-5.653790,0</coordinates></LineString></Placemark>
<Placemark><name>T1</name><styleUrl>#stT1</styleUrl><LineString><tessellate>1</tessellate><coordinates>-48.110340,-5.653780,0 -48.110370,-5.653850,0</coordinates></LineString></Placemark>
<Placemark><name>T1</name><styleUrl>#stT1</styleUrl><LineString><tessellate>1</tessellate><coordinates>-48.110340,-5.653780,0 -48.110580,-5.653710,0</coordinates></LineString></Placemark>
<Placemark><name>T1</name><styleUrl>#stT1</styleUrl><LineString><tessellate>1</tessellate><coordinates>-48.108980,-5.651090,0 -48.108980,-5.651200,0</coordinates></LineString></Placemark>
<Placemark><name>T1</name><styleUrl>#stT1</styleUrl><LineString><tessellate>1</tessellate><coordinates>-48.109540,-5.650880,0 -48.109560,-5.650880,0</coordinates></LineString></Placemark>
<Placemark><name>T1</name><styleUrl>#stT1</styleUrl><LineString><tessellate>1</tessellate><coordinates>-48.109540,-5.650880,0 -48.109550,-5.650880,0</coordinates></LineString></Placemark>
<Placemark><name>T1</name><styleUrl>#stT1</styleUrl><LineString><tessellate>1</tessellate><coordinates>-48.109560,-5.650900,0 -48.109540,-5.650880,0</coordinates></LineString></Placemark>
<Placemark><name>T1</name><styleUrl>#stT1</styleUrl><LineString><tessellate>1</tessellate><coordinates>-48.109560,-5.650880,0 -48.109550,-5.650880,0</coordinates></LineString></Placemark>
<Placemark><name>T1</name><styleUrl>#stT1</styleUrl><LineString><tessellate>1</tessellate><coordinates>-48.099210,-5.650220,0 -48.097920,-5.650090,0</coordinates></LineString></Placemark>
<Placemark><name>T1</name><styleUrl>#stT1</styleUrl><LineString><tessellate>1</tessellate><coordinates>-48.100470,-5.650320,0 -48.099210,-5.650220,0</coordinates></LineString></Placemark>
<Placemark><name>T1</name><styleUrl>#stT1</styleUrl><LineString><tessellate>1</tessellate><coordinates>-48.097920,-5.650090,0 -48.097830,-5.649850,0</coordinates></LineString></Placemark>
<Placemark><name>T1</name><styleUrl>#stT1</styleUrl><LineString><tessellate>1</tessellate><coordinates>-48.097920,-5.650090,0 -48.097920,-5.650150,0</coordinates></LineString></Placemark>
<Placemark><name>T1</name><styleUrl>#stT1</styleUrl><LineString><tessellate>1</tessellate><coordinates>-48.097920,-5.650090,0 -48.096950,-5.650020,0</coordinates></LineString></Placemark>
<Placemark><name>T1</name><styleUrl>#stT1</styleUrl><LineString><tessellate>1</tessellate><coordinates>-48.108920,-5.651070,0 -48.100470,-5.650320,0</coordinates></LineString></Placemark>
<Placemark><name>T1</name><styleUrl>#stT1</styleUrl><LineString><tessellate>1</tessellate><coordinates>-48.096950,-5.650020,0 -48.096920,-5.650010,0</coordinates></LineString></Placemark>
<Placemark><name>T1</name><styleUrl>#stT1</styleUrl><LineString><tessellate>1</tessellate><coordinates>-48.096920,-5.650010,0 -48.095470,-5.649810,0</coordinates></LineString></Placemark>
<Placemark><name>T1</name><styleUrl>#stT1</styleUrl><LineString><tessellate>1</tessellate><coordinates>-48.110880,-5.650520,0 -48.110910,-5.650500,0</coordinates></LineString></Placemark>
<Placemark><name>T1</name><styleUrl>#stT1</styleUrl><LineString><tessellate>1</tessellate><coordinates>-48.108290,-5.648820,0 -48.108170,-5.648810,0</coordinates></LineString></Placemark>
<Placemark><name>T1</name><styleUrl>#stT1</styleUrl><LineString><tessellate>1</tessellate><coordinates>-48.108170,-5.648810,0 -48.108190,-5.648880,0</coordinates></LineString></Placemark>
<Placemark><name>T1</name><styleUrl>#stT1</styleUrl><LineString><tessellate>1</tessellate><coordinates>-48.107040,-5.648300,0 -48.107040,-5.648360,0</coordinates></LineString></Placemark>
<Placemark><name>T1</name><styleUrl>#stT1</styleUrl><LineString><tessellate>1</tessellate><coordinates>-48.107040,-5.648300,0 -48.104920,-5.648840,0</coordinates></LineString></Placemark>
<Placemark><name>T1</name><styleUrl>#stT1</styleUrl><LineString><tessellate>1</tessellate><coordinates>-48.107040,-5.648300,0 -48.106740,-5.647180,0</coordinates></LineString></Placemark>
<Placemark><name>T1</name><styleUrl>#stT1</styleUrl><LineString><tessellate>1</tessellate><coordinates>-48.107790,-5.648110,0 -48.107040,-5.648300,0</coordinates></LineString></Placemark>
<Placemark><name>T1</name><styleUrl>#stT1</styleUrl><LineString><tessellate>1</tessellate><coordinates>-48.104920,-5.648840,0 -48.104570,-5.648920,0</coordinates></LineString></Placemark>
<Placemark><name>T1</name><styleUrl>#stT1</styleUrl><LineString><tessellate>1</tessellate><coordinates>-48.104920,-5.648840,0 -48.104940,-5.648920,0</coordinates></LineString></Placemark>
<Placemark><name>T1</name><styleUrl>#stT1</styleUrl><LineString><tessellate>1</tessellate><coordinates>-48.104920,-5.648840,0 -48.104720,-5.648080,0</coordinates></LineString></Placemark>
<Placemark><name>T1</name><styleUrl>#stT1</styleUrl><LineString><tessellate>1</tessellate><coordinates>-48.106740,-5.647180,0 -48.106640,-5.646810,0</coordinates></LineString></Placemark>
<Placemark><name>T1</name><styleUrl>#stT1</styleUrl><LineString><tessellate>1</tessellate><coordinates>-48.104720,-5.648080,0 -48.104350,-5.646650,0</coordinates></LineString></Placemark>
<Placemark><name>T1</name><styleUrl>#stT1</styleUrl><LineString><tessellate>1</tessellate><coordinates>-48.104350,-5.646650,0 -48.104070,-5.645590,0</coordinates></LineString></Placemark>
<Placemark><name>T1</name><styleUrl>#stT1</styleUrl><LineString><tessellate>1</tessellate><coordinates>-48.104070,-5.645590,0 -48.103970,-5.645200,0</coordinates></LineString></Placemark>
<Placemark><name>T1</name><styleUrl>#stT1</styleUrl><LineString><tessellate>1</tessellate><coordinates>-48.103970,-5.645200,0 -48.103960,-5.645170,0</coordinates></LineString></Placemark>
<Placemark><name>T1</name><styleUrl>#stT1</styleUrl><LineString><tessellate>1</tessellate><coordinates>-48.103960,-5.645170,0 -48.103800,-5.644560,0</coordinates></LineString></Placemark>
<Placemark><name>T1</name><styleUrl>#stT1</styleUrl><LineString><tessellate>1</tessellate><coordinates>-48.107160,-5.644820,0 -48.107050,-5.644410,0</coordinates></LineString></Placemark>
<Placemark><name>T1</name><styleUrl>#stT1</styleUrl><LineString><tessellate>1</tessellate><coordinates>-48.107380,-5.645660,0 -48.107160,-5.644820,0</coordinates></LineString></Placemark>
<Placemark><name>T1</name><styleUrl>#stT1</styleUrl><LineString><tessellate>1</tessellate><coordinates>-48.107050,-5.644410,0 -48.107040,-5.644380,0</coordinates></LineString></Placemark>
<Placemark><name>T1</name><styleUrl>#stT1</styleUrl><LineString><tessellate>1</tessellate><coordinates>-48.107380,-5.645690,0 -48.107380,-5.645660,0</coordinates></LineString></Placemark>
<Placemark><name>T1</name><styleUrl>#stT1</styleUrl><LineString><tessellate>1</tessellate><coordinates>-48.107040,-5.644380,0 -48.106930,-5.643960,0</coordinates></LineString></Placemark>
<Placemark><name>T1</name><styleUrl>#stT1</styleUrl><LineString><tessellate>1</tessellate><coordinates>-48.107710,-5.646940,0 -48.107380,-5.645690,0</coordinates></LineString></Placemark>
<Placemark><name>T1</name><styleUrl>#stT1</styleUrl><LineString><tessellate>1</tessellate><coordinates>-48.106930,-5.643960,0 -48.106830,-5.643560,0</coordinates></LineString></Placemark>
<Placemark><name>T1</name><styleUrl>#stT1</styleUrl><LineString><tessellate>1</tessellate><coordinates>-48.107910,-5.647700,0 -48.107710,-5.646940,0</coordinates></LineString></Placemark>
<Placemark><name>T1</name><styleUrl>#stT1</styleUrl><LineString><tessellate>1</tessellate><coordinates>-48.110240,-5.653800,0 -48.109580,-5.653990,0</coordinates></LineString></Placemark>
<Placemark><name>T1</name><styleUrl>#stT1</styleUrl><LineString><tessellate>1</tessellate><coordinates>-48.109580,-5.653990,0 -48.109220,-5.654090,0</coordinates></LineString></Placemark>
<Placemark><name>T1</name><styleUrl>#stT1</styleUrl><LineString><tessellate>1</tessellate><coordinates>-48.093650,-5.649780,0 -48.093500,-5.649780,0</coordinates></LineString></Placemark>
<Placemark><name>T1</name><styleUrl>#stT1</styleUrl><LineString><tessellate>1</tessellate><coordinates>-48.093500,-5.649780,0 -48.092540,-5.649780,0</coordinates></LineString></Placemark>
<Placemark><name>T1</name><styleUrl>#stT1</styleUrl><LineString><tessellate>1</tessellate><coordinates>-48.093500,-5.649780,0 -48.093600,-5.650000,0</coordinates></LineString></Placemark>
<Placemark><name>T1</name><styleUrl>#stT1</styleUrl><LineString><tessellate>1</tessellate><coordinates>-48.093500,-5.649780,0 -48.093490,-5.649690,0</coordinates></LineString></Placemark>
<Placemark><name>T1</name><styleUrl>#stT1</styleUrl><LineString><tessellate>1</tessellate><coordinates>-48.093680,-5.649780,0 -48.093650,-5.649780,0</coordinates></LineString></Placemark>
<Placemark><name>T1</name><styleUrl>#stT1</styleUrl><LineString><tessellate>1</tessellate><coordinates>-48.092540,-5.649780,0 -48.092260,-5.649650,0</coordinates></LineString></Placemark>
<Placemark><name>T1</name><styleUrl>#stT1</styleUrl><LineString><tessellate>1</tessellate><coordinates>-48.094090,-5.649720,0 -48.093680,-5.649780,0</coordinates></LineString></Placemark>
<Placemark><name>T1</name><styleUrl>#stT1</styleUrl><LineString><tessellate>1</tessellate><coordinates>-48.095420,-5.649800,0 -48.094090,-5.649720,0</coordinates></LineString></Placemark>
<Placemark><name>T1</name><styleUrl>#stT1</styleUrl><LineString><tessellate>1</tessellate><coordinates>-48.099220,-5.650200,0 -48.099230,-5.650060,0</coordinates></LineString></Placemark>
<Placemark><name>T1</name><styleUrl>#stT1</styleUrl><LineString><tessellate>1</tessellate><coordinates>-48.099420,-5.654240,0 -48.100160,-5.654040,0</coordinates></LineString></Placemark>
<Placemark><name>T1</name><styleUrl>#stT1</styleUrl><LineString><tessellate>1</tessellate><coordinates>-48.099420,-5.654240,0 -48.099470,-5.654360,0</coordinates></LineString></Placemark>
<Placemark><name>T1</name><styleUrl>#stT1</styleUrl><LineString><tessellate>1</tessellate><coordinates>-48.098980,-5.653060,0 -48.099420,-5.654240,0</coordinates></LineString></Placemark>
<Placemark><name>T1</name><styleUrl>#stT1</styleUrl><LineString><tessellate>1</tessellate><coordinates>-48.099420,-5.654240,0 -48.099140,-5.654320,0</coordinates></LineString></Placemark>
<Placemark><name>T1</name><styleUrl>#stT1</styleUrl><LineString><tessellate>1</tessellate><coordinates>-48.100160,-5.654040,0 -48.102060,-5.653490,0</coordinates></LineString></Placemark>
<Placemark><name>T1</name><styleUrl>#stT1</styleUrl><LineString><tessellate>1</tessellate><coordinates>-48.098980,-5.653060,0 -48.098920,-5.653090,0</coordinates></LineString></Placemark>
<Placemark><name>T1</name><styleUrl>#stT1</styleUrl><LineString><tessellate>1</tessellate><coordinates>-48.098550,-5.651890,0 -48.098980,-5.653060,0</coordinates></LineString></Placemark>
<Placemark><name>T1</name><styleUrl>#stT1</styleUrl><LineString><tessellate>1</tessellate><coordinates>-48.098980,-5.653060,0 -48.099700,-5.652870,0</coordinates></LineString></Placemark>
<Placemark><name>T1</name><styleUrl>#stT1</styleUrl><LineString><tessellate>1</tessellate><coordinates>-48.102060,-5.653490,0 -48.101960,-5.653150,0</coordinates></LineString></Placemark>
<Placemark><name>T1</name><styleUrl>#stT1</styleUrl><LineString><tessellate>1</tessellate><coordinates>-48.102060,-5.653490,0 -48.102620,-5.655060,0</coordinates></LineString></Placemark>
<Placemark><name>T1</name><styleUrl>#stT1</styleUrl><LineString><tessellate>1</tessellate><coordinates>-48.102060,-5.653490,0 -48.102750,-5.653300,0</coordinates></LineString></Placemark>
<Placemark><name>T1</name><styleUrl>#stT1</styleUrl><LineString><tessellate>1</tessellate><coordinates>-48.098550,-5.651890,0 -48.098870,-5.651810,0</coordinates></LineString></Placemark>
<Placemark><name>T1</name><styleUrl>#stT1</styleUrl><LineString><tessellate>1</tessellate><coordinates>-48.098550,-5.651890,0 -48.098150,-5.652000,0</coordinates></LineString></Placemark>
<Placemark><name>T1</name><styleUrl>#stT1</styleUrl><LineString><tessellate>1</tessellate><coordinates>-48.098110,-5.650700,0 -48.098550,-5.651890,0</coordinates></LineString></Placemark>
<Placemark><name>T1</name><styleUrl>#stT1</styleUrl><LineString><tessellate>1</tessellate><coordinates>-48.099700,-5.652870,0 -48.102170,-5.652150,0</coordinates></LineString></Placemark>
<Placemark><name>T1</name><styleUrl>#stT1</styleUrl><LineString><tessellate>1</tessellate><coordinates>-48.102620,-5.655060,0 -48.103140,-5.654920,0</coordinates></LineString></Placemark>
<Placemark><name>T1</name><styleUrl>#stT1</styleUrl><LineString><tessellate>1</tessellate><coordinates>-48.102620,-5.655060,0 -48.102460,-5.655120,0</coordinates></LineString></Placemark>
<Placemark><name>T1</name><styleUrl>#stT1</styleUrl><LineString><tessellate>1</tessellate><coordinates>-48.102620,-5.655060,0 -48.103210,-5.656700,0</coordinates></LineString></Placemark>
<Placemark><name>T1</name><styleUrl>#stT1</styleUrl><LineString><tessellate>1</tessellate><coordinates>-48.102750,-5.653300,0 -48.105430,-5.652490,0</coordinates></LineString></Placemark>
<Placemark><name>T1</name><styleUrl>#stT1</styleUrl><LineString><tessellate>1</tessellate><coordinates>-48.098150,-5.652000,0 -48.097830,-5.652100,0</coordinates></LineString></Placemark>
<Placemark><name>T1</name><styleUrl>#stT1</styleUrl><LineString><tessellate>1</tessellate><coordinates>-48.098110,-5.650700,0 -48.098190,-5.650690,0</coordinates></LineString></Placemark>
<Placemark><name>T1</name><styleUrl>#stT1</styleUrl><LineString><tessellate>1</tessellate><coordinates>-48.097940,-5.650190,0 -48.098110,-5.650700,0</coordinates></LineString></Placemark>
<Placemark><name>T1</name><styleUrl>#stT1</styleUrl><LineString><tessellate>1</tessellate><coordinates>-48.098110,-5.650700,0 -48.097510,-5.650890,0</coordinates></LineString></Placemark>
<Placemark><name>T1</name><styleUrl>#stT1</styleUrl><LineString><tessellate>1</tessellate><coordinates>-48.102170,-5.652150,0 -48.102570,-5.652040,0</coordinates></LineString></Placemark>
<Placemark><name>T1</name><styleUrl>#stT1</styleUrl><LineString><tessellate>1</tessellate><coordinates>-48.103140,-5.654920,0 -48.105780,-5.654130,0</coordinates></LineString></Placemark>
<Placemark><name>T1</name><styleUrl>#stT1</styleUrl><LineString><tessellate>1</tessellate><coordinates>-48.103210,-5.656700,0 -48.103300,-5.656980,0</coordinates></LineString></Placemark>
<Placemark><name>T1</name><styleUrl>#stT1</styleUrl><LineString><tessellate>1</tessellate><coordinates>-48.103210,-5.656700,0 -48.103770,-5.656560,0</coordinates></LineString></Placemark>
<Placemark><name>T1</name><styleUrl>#stT1</styleUrl><LineString><tessellate>1</tessellate><coordinates>-48.103210,-5.656700,0 -48.102800,-5.656830,0</coordinates></LineString></Placemark>
<Placemark><name>T1</name><styleUrl>#stT1</styleUrl><LineString><tessellate>1</tessellate><coordinates>-48.105430,-5.652490,0 -48.105830,-5.652360,0</coordinates></LineString></Placemark>
<Placemark><name>T1</name><styleUrl>#stT1</styleUrl><LineString><tessellate>1</tessellate><coordinates>-48.097510,-5.650890,0 -48.097150,-5.651000,0</coordinates></LineString></Placemark>
<Placemark><name>T1</name><styleUrl>#stT1</styleUrl><LineString><tessellate>1</tessellate><coordinates>-48.105780,-5.654130,0 -48.106120,-5.654020,0</coordinates></LineString></Placemark>
<Placemark><name>T1</name><styleUrl>#stT1</styleUrl><LineString><tessellate>1</tessellate><coordinates>-48.103770,-5.656560,0 -48.106620,-5.655780,0</coordinates></LineString></Placemark>
<Placemark><name>T1</name><styleUrl>#stT1</styleUrl><LineString><tessellate>1</tessellate><coordinates>-48.106620,-5.655780,0 -48.107010,-5.655650,0</coordinates></LineString></Placemark>
<Placemark><name>T1</name><styleUrl>#stT1</styleUrl><LineString><tessellate>1</tessellate><coordinates>-48.107010,-5.655650,0 -48.107060,-5.655640,0</coordinates></LineString></Placemark>
<Placemark><name>T1</name><styleUrl>#stT1</styleUrl><LineString><tessellate>1</tessellate><coordinates>-48.107060,-5.655640,0 -48.107390,-5.655550,0</coordinates></LineString></Placemark>
<Placemark><name>T1</name><styleUrl>#stT1</styleUrl><LineString><tessellate>1</tessellate><coordinates>-48.103770,-5.644440,0 -48.104700,-5.644200,0</coordinates></LineString></Placemark>
<Placemark><name>T1</name><styleUrl>#stT1</styleUrl><LineString><tessellate>1</tessellate><coordinates>-48.103770,-5.644440,0 -48.103710,-5.644230,0</coordinates></LineString></Placemark>
<Placemark><name>T1</name><styleUrl>#stT1</styleUrl><LineString><tessellate>1</tessellate><coordinates>-48.103810,-5.644590,0 -48.103770,-5.644440,0</coordinates></LineString></Placemark>
<Placemark><name>T1</name><styleUrl>#stT1</styleUrl><LineString><tessellate>1</tessellate><coordinates>-48.103770,-5.644440,0 -48.103610,-5.644480,0</coordinates></LineString></Placemark>
<Placemark><name>T1</name><styleUrl>#stT1</styleUrl><LineString><tessellate>1</tessellate><coordinates>-48.104700,-5.644200,0 -48.104730,-5.644180,0</coordinates></LineString></Placemark>
<Placemark><name>T1</name><styleUrl>#stT1</styleUrl><LineString><tessellate>1</tessellate><coordinates>-48.103710,-5.644230,0 -48.103720,-5.644200,0</coordinates></LineString></Placemark>
<Placemark><name>T1</name><styleUrl>#stT1</styleUrl><LineString><tessellate>1</tessellate><coordinates>-48.104730,-5.644180,0 -48.105890,-5.642980,0</coordinates></LineString></Placemark>
<Placemark><name>T1</name><styleUrl>#stT1</styleUrl><LineString><tessellate>1</tessellate><coordinates>-48.103720,-5.644200,0 -48.104480,-5.643450,0</coordinates></LineString></Placemark>
<Placemark><name>T1</name><styleUrl>#stT1</styleUrl><LineString><tessellate>1</tessellate><coordinates>-48.105890,-5.642980,0 -48.106140,-5.642720,0</coordinates></LineString></Placemark>
<Placemark><name>T1</name><styleUrl>#stT1</styleUrl><LineString><tessellate>1</tessellate><coordinates>-48.104480,-5.643450,0 -48.104470,-5.643440,0</coordinates></LineString></Placemark>
<Placemark><name>T1</name><styleUrl>#stT1</styleUrl><LineString><tessellate>1</tessellate><coordinates>-48.104480,-5.643450,0 -48.105270,-5.642670,0</coordinates></LineString></Placemark>
<Placemark><name>T1</name><styleUrl>#stT1</styleUrl><LineString><tessellate>1</tessellate><coordinates>-48.104470,-5.643440,0 -48.104020,-5.643000,0</coordinates></LineString></Placemark>
<Placemark><name>T1</name><styleUrl>#stT1</styleUrl><LineString><tessellate>1</tessellate><coordinates>-48.105270,-5.642670,0 -48.105550,-5.642390,0</coordinates></LineString></Placemark>
<Placemark><name>T1</name><styleUrl>#stT1</styleUrl><LineString><tessellate>1</tessellate><coordinates>-48.104020,-5.643000,0 -48.103830,-5.643190,0</coordinates></LineString></Placemark>
<Placemark><name>T1</name><styleUrl>#stT1</styleUrl><LineString><tessellate>1</tessellate><coordinates>-48.104020,-5.643000,0 -48.103740,-5.642730,0</coordinates></LineString></Placemark>
<Placemark><name>T1</name><styleUrl>#stT1</styleUrl><LineString><tessellate>1</tessellate><coordinates>-48.104020,-5.643000,0 -48.104340,-5.642660,0</coordinates></LineString></Placemark>
<Placemark><name>T1</name><styleUrl>#stT1</styleUrl><LineString><tessellate>1</tessellate><coordinates>-48.104340,-5.642660,0 -48.104580,-5.642420,0</coordinates></LineString></Placemark>
<Placemark><name>T1</name><styleUrl>#stT1</styleUrl><LineString><tessellate>1</tessellate><coordinates>-48.092200,-5.649640,0 -48.091690,-5.649620,0</coordinates></LineString></Placemark>
<Placemark><name>T1</name><styleUrl>#stT1</styleUrl><LineString><tessellate>1</tessellate><coordinates>-48.093610,-5.650040,0 -48.093930,-5.650980,0</coordinates></LineString></Placemark>
<Placemark><name>T1</name><styleUrl>#stT1</styleUrl><LineString><tessellate>1</tessellate><coordinates>-48.093930,-5.650980,0 -48.094370,-5.652280,0</coordinates></LineString></Placemark>
<Placemark><name>T1</name><styleUrl>#stT1</styleUrl><LineString><tessellate>1</tessellate><coordinates>-48.094370,-5.652280,0 -48.094390,-5.652310,0</coordinates></LineString></Placemark>
<Placemark><name>T1</name><styleUrl>#stT1</styleUrl><LineString><tessellate>1</tessellate><coordinates>-48.094390,-5.652310,0 -48.094710,-5.653260,0</coordinates></LineString></Placemark>
<Placemark><name>T1</name><styleUrl>#stT1</styleUrl><LineString><tessellate>1</tessellate><coordinates>-48.094710,-5.653260,0 -48.094830,-5.653580,0</coordinates></LineString></Placemark>
<Placemark><name>T1</name><styleUrl>#stT1</styleUrl><LineString><tessellate>1</tessellate><coordinates>-48.094190,-5.650520,0 -48.094190,-5.650550,0</coordinates></LineString></Placemark>
<Placemark><name>T1</name><styleUrl>#stT1</styleUrl><LineString><tessellate>1</tessellate><coordinates>-48.094100,-5.649800,0 -48.094190,-5.650520,0</coordinates></LineString></Placemark>
<Placemark><name>T1</name><styleUrl>#stT1</styleUrl><LineString><tessellate>1</tessellate><coordinates>-48.094190,-5.650550,0 -48.094330,-5.650970,0</coordinates></LineString></Placemark>
<Placemark><name>T1</name><styleUrl>#stT1</styleUrl><LineString><tessellate>1</tessellate><coordinates>-48.094330,-5.650970,0 -48.095190,-5.653510,0</coordinates></LineString></Placemark>
<Placemark><name>T1</name><styleUrl>#stT1</styleUrl><LineString><tessellate>1</tessellate><coordinates>-48.095190,-5.653510,0 -48.095170,-5.653530,0</coordinates></LineString></Placemark>
<Placemark><name>T1</name><styleUrl>#stT1</styleUrl><LineString><tessellate>1</tessellate><coordinates>-48.095170,-5.653530,0 -48.092720,-5.654610,0</coordinates></LineString></Placemark>
<Placemark><name>T1</name><styleUrl>#stT1</styleUrl><LineString><tessellate>1</tessellate><coordinates>-48.092720,-5.654610,0 -48.092600,-5.654700,0</coordinates></LineString></Placemark>
<Placemark><name>T1</name><styleUrl>#stT1</styleUrl><LineString><tessellate>1</tessellate><coordinates>-48.092600,-5.654700,0 -48.092580,-5.654700,0</coordinates></LineString></Placemark>
<Placemark><name>T1</name><styleUrl>#stT1</styleUrl><LineString><tessellate>1</tessellate><coordinates>-48.092600,-5.654700,0 -48.092590,-5.654710,0</coordinates></LineString></Placemark>
<Placemark><name>T1</name><styleUrl>#stT1</styleUrl><LineString><tessellate>1</tessellate><coordinates>-48.102540,-5.656890,0 -48.102550,-5.656910,0</coordinates></LineString></Placemark>
<Placemark><name>T1</name><styleUrl>#stT1</styleUrl><LineString><tessellate>1</tessellate><coordinates>-48.102550,-5.656910,0 -48.102890,-5.657170,0</coordinates></LineString></Placemark>
<Placemark><name>T1</name><styleUrl>#stT1</styleUrl><LineString><tessellate>1</tessellate><coordinates>-48.102770,-5.656830,0 -48.102540,-5.656890,0</coordinates></LineString></Placemark>
<Placemark><name>T1</name><styleUrl>#stT1</styleUrl><LineString><tessellate>1</tessellate><coordinates>-48.102890,-5.657170,0 -48.102900,-5.657200,0</coordinates></LineString></Placemark>
<Placemark><name>T1</name><styleUrl>#stT1</styleUrl><LineString><tessellate>1</tessellate><coordinates>-48.102900,-5.657200,0 -48.102820,-5.657320,0</coordinates></LineString></Placemark>
<Placemark><name>T1</name><styleUrl>#stT1</styleUrl><LineString><tessellate>1</tessellate><coordinates>-48.102820,-5.657320,0 -48.102790,-5.657320,0</coordinates></LineString></Placemark>
<Placemark><name>T1</name><styleUrl>#stT1</styleUrl><LineString><tessellate>1</tessellate><coordinates>-48.102790,-5.657320,0 -48.101160,-5.657330,0</coordinates></LineString></Placemark>
<Placemark><name>T1</name><styleUrl>#stT1</styleUrl><LineString><tessellate>1</tessellate><coordinates>-48.101160,-5.657330,0 -48.100580,-5.657520,0</coordinates></LineString></Placemark>
<Placemark><name>T1</name><styleUrl>#stT1</styleUrl><LineString><tessellate>1</tessellate><coordinates>-48.100580,-5.657520,0 -48.098630,-5.658190,0</coordinates></LineString></Placemark>
<Placemark><name>T1</name><styleUrl>#stT1</styleUrl><LineString><tessellate>1</tessellate><coordinates>-48.100580,-5.657520,0 -48.101000,-5.658800,0</coordinates></LineString></Placemark>
<Placemark><name>T1</name><styleUrl>#stT1</styleUrl><LineString><tessellate>1</tessellate><coordinates>-48.100580,-5.657520,0 -48.100110,-5.656180,0</coordinates></LineString></Placemark>
<Placemark><name>T1</name><styleUrl>#stT1</styleUrl><LineString><tessellate>1</tessellate><coordinates>-48.098630,-5.658190,0 -48.098320,-5.658290,0</coordinates></LineString></Placemark>
<Placemark><name>T1</name><styleUrl>#stT1</styleUrl><LineString><tessellate>1</tessellate><coordinates>-48.101000,-5.658800,0 -48.099750,-5.659230,0</coordinates></LineString></Placemark>
<Placemark><name>T1</name><styleUrl>#stT1</styleUrl><LineString><tessellate>1</tessellate><coordinates>-48.101000,-5.658800,0 -48.102080,-5.658440,0</coordinates></LineString></Placemark>
<Placemark><name>T1</name><styleUrl>#stT1</styleUrl><LineString><tessellate>1</tessellate><coordinates>-48.101000,-5.658800,0 -48.101080,-5.659030,0</coordinates></LineString></Placemark>
<Placemark><name>T1</name><styleUrl>#stT1</styleUrl><LineString><tessellate>1</tessellate><coordinates>-48.100110,-5.656180,0 -48.099840,-5.656270,0</coordinates></LineString></Placemark>
<Placemark><name>T1</name><styleUrl>#stT1</styleUrl><LineString><tessellate>1</tessellate><coordinates>-48.100110,-5.656180,0 -48.100050,-5.656000,0</coordinates></LineString></Placemark>
<Placemark><name>T1</name><styleUrl>#stT1</styleUrl><LineString><tessellate>1</tessellate><coordinates>-48.100110,-5.656180,0 -48.100150,-5.656150,0</coordinates></LineString></Placemark>
<Placemark><name>T1</name><styleUrl>#stT1</styleUrl><LineString><tessellate>1</tessellate><coordinates>-48.099750,-5.659230,0 -48.099420,-5.659340,0</coordinates></LineString></Placemark>
<Placemark><name>T1</name><styleUrl>#stT1</styleUrl><LineString><tessellate>1</tessellate><coordinates>-48.102080,-5.658440,0 -48.102400,-5.658330,0</coordinates></LineString></Placemark>
<Placemark><name>T1</name><styleUrl>#stT1</styleUrl><LineString><tessellate>1</tessellate><coordinates>-48.099840,-5.656270,0 -48.099520,-5.656380,0</coordinates></LineString></Placemark>
<Placemark><name>T1</name><styleUrl>#stT1</styleUrl><LineString><tessellate>1</tessellate><coordinates>-48.099010,-5.654350,0 -48.099000,-5.654350,0</coordinates></LineString></Placemark>
<Placemark><name>T1</name><styleUrl>#stT1</styleUrl><LineString><tessellate>1</tessellate><coordinates>-48.099000,-5.654350,0 -48.099230,-5.654570,0</coordinates></LineString></Placemark>
<Placemark><name>T1</name><styleUrl>#stT1</styleUrl><LineString><tessellate>1</tessellate><coordinates>-48.099150,-5.654310,0 -48.099010,-5.654350,0</coordinates></LineString></Placemark>
<Placemark><name>T1</name><styleUrl>#stT1</styleUrl><LineString><tessellate>1</tessellate><coordinates>-48.099230,-5.654570,0 -48.099520,-5.654740,0</coordinates></LineString></Placemark>
<Placemark><name>T1</name><styleUrl>#stT1</styleUrl><LineString><tessellate>1</tessellate><coordinates>-48.099520,-5.654740,0 -48.099520,-5.654770,0</coordinates></LineString></Placemark>
<Placemark><name>T1</name><styleUrl>#stT1</styleUrl><LineString><tessellate>1</tessellate><coordinates>-48.099520,-5.654770,0 -48.099460,-5.654890,0</coordinates></LineString></Placemark>
<Placemark><name>T1</name><styleUrl>#stT1</styleUrl><LineString><tessellate>1</tessellate><coordinates>-48.099460,-5.654890,0 -48.099430,-5.654900,0</coordinates></LineString></Placemark>
<Placemark><name>T1</name><styleUrl>#stT1</styleUrl><LineString><tessellate>1</tessellate><coordinates>-48.099430,-5.654900,0 -48.099060,-5.654630,0</coordinates></LineString></Placemark>
<Placemark><name>T1</name><styleUrl>#stT1</styleUrl><LineString><tessellate>1</tessellate><coordinates>-48.099060,-5.654630,0 -48.099020,-5.654630,0</coordinates></LineString></Placemark>
<Placemark><name>T1</name><styleUrl>#stT1</styleUrl><LineString><tessellate>1</tessellate><coordinates>-48.099060,-5.654630,0 -48.096480,-5.652780,0</coordinates></LineString></Placemark>
<Placemark><name>T1</name><styleUrl>#stT1</styleUrl><LineString><tessellate>1</tessellate><coordinates>-48.099020,-5.654630,0 -48.098980,-5.654610,0</coordinates></LineString></Placemark>
<Placemark><name>T1</name><styleUrl>#stT1</styleUrl><LineString><tessellate>1</tessellate><coordinates>-48.096480,-5.652780,0 -48.096460,-5.652760,0</coordinates></LineString></Placemark>
<Placemark><name>T1</name><styleUrl>#stT1</styleUrl><LineString><tessellate>1</tessellate><coordinates>-48.098980,-5.654610,0 -48.098950,-5.654620,0</coordinates></LineString></Placemark>
<Placemark><name>T1</name><styleUrl>#stT1</styleUrl><LineString><tessellate>1</tessellate><coordinates>-48.096460,-5.652760,0 -48.096410,-5.652660,0</coordinates></LineString></Placemark>
<Placemark><name>T1</name><styleUrl>#stT1</styleUrl><LineString><tessellate>1</tessellate><coordinates>-48.098950,-5.654620,0 -48.097570,-5.655080,0</coordinates></LineString></Placemark>
<Placemark><name>T1</name><styleUrl>#stT1</styleUrl><LineString><tessellate>1</tessellate><coordinates>-48.096410,-5.652660,0 -48.096400,-5.652630,0</coordinates></LineString></Placemark>
<Placemark><name>T1</name><styleUrl>#stT1</styleUrl><LineString><tessellate>1</tessellate><coordinates>-48.097570,-5.655080,0 -48.097250,-5.655180,0</coordinates></LineString></Placemark>
<Placemark><name>T1</name><styleUrl>#stT1</styleUrl><LineString><tessellate>1</tessellate><coordinates>-48.096400,-5.652630,0 -48.096130,-5.651850,0</coordinates></LineString></Placemark>
<Placemark><name>T1</name><styleUrl>#stT1</styleUrl><LineString><tessellate>1</tessellate><coordinates>-48.096130,-5.651850,0 -48.096020,-5.651530,0</coordinates></LineString></Placemark>
<Placemark><name>T1</name><styleUrl>#stT1</styleUrl><LineString><tessellate>1</tessellate><coordinates>-48.109650,-5.654930,0 -48.109860,-5.654860,0</coordinates></LineString></Placemark>
<Placemark><name>T1</name><styleUrl>#stT1</styleUrl><LineString><tessellate>1</tessellate><coordinates>-48.109650,-5.654930,0 -48.109590,-5.654790,0</coordinates></LineString></Placemark>
<Placemark><name>T1</name><styleUrl>#stT1</styleUrl><LineString><tessellate>1</tessellate><coordinates>-48.109650,-5.654930,0 -48.109950,-5.655640,0</coordinates></LineString></Placemark>
<Placemark><name>T1</name><styleUrl>#stT1</styleUrl><LineString><tessellate>1</tessellate><coordinates>-48.107420,-5.655540,0 -48.109650,-5.654930,0</coordinates></LineString></Placemark>
<Placemark><name>T1</name><styleUrl>#stT1</styleUrl><LineString><tessellate>1</tessellate><coordinates>-48.102170,-5.641190,0 -48.101960,-5.641000,0</coordinates></LineString></Placemark>
<Placemark><name>T1</name><styleUrl>#stT1</styleUrl><LineString><tessellate>1</tessellate><coordinates>-48.102170,-5.641190,0 -48.102960,-5.640390,0</coordinates></LineString></Placemark>
<Placemark><name>T1</name><styleUrl>#stT1</styleUrl><LineString><tessellate>1</tessellate><coordinates>-48.102170,-5.641190,0 -48.101780,-5.641590,0</coordinates></LineString></Placemark>
<Placemark><name>T1</name><styleUrl>#stT1</styleUrl><LineString><tessellate>1</tessellate><coordinates>-48.103760,-5.642750,0 -48.102170,-5.641190,0</coordinates></LineString></Placemark>
<Placemark><name>T1</name><styleUrl>#stT1</styleUrl><LineString><tessellate>1</tessellate><coordinates>-48.102960,-5.640390,0 -48.102770,-5.640210,0</coordinates></LineString></Placemark>
<Placemark><name>T1</name><styleUrl>#stT1</styleUrl><LineString><tessellate>1</tessellate><coordinates>-48.102960,-5.640390,0 -48.103050,-5.640480,0</coordinates></LineString></Placemark>
<Placemark><name>T1</name><styleUrl>#stT1</styleUrl><LineString><tessellate>1</tessellate><coordinates>-48.102960,-5.640390,0 -48.103880,-5.639450,0</coordinates></LineString></Placemark>
<Placemark><name>T1</name><styleUrl>#stT1</styleUrl><LineString><tessellate>1</tessellate><coordinates>-48.101780,-5.641590,0 -48.100590,-5.642800,0</coordinates></LineString></Placemark>
<Placemark><name>T1</name><styleUrl>#stT1</styleUrl><LineString><tessellate>1</tessellate><coordinates>-48.103050,-5.640480,0 -48.103290,-5.640710,0</coordinates></LineString></Placemark>
<Placemark><name>T1</name><styleUrl>#stT1</styleUrl><LineString><tessellate>1</tessellate><coordinates>-48.103880,-5.639450,0 -48.104340,-5.638990,0</coordinates></LineString></Placemark>
<Placemark><name>T1</name><styleUrl>#stT1</styleUrl><LineString><tessellate>1</tessellate><coordinates>-48.100590,-5.642800,0 -48.099630,-5.643770,0</coordinates></LineString></Placemark>
<Placemark><name>T1</name><styleUrl>#stT1</styleUrl><LineString><tessellate>1</tessellate><coordinates>-48.104340,-5.638990,0 -48.104400,-5.638930,0</coordinates></LineString></Placemark>
<Placemark><name>T1</name><styleUrl>#stT1</styleUrl><LineString><tessellate>1</tessellate><coordinates>-48.104340,-5.638990,0 -48.104450,-5.639080,0</coordinates></LineString></Placemark>
<Placemark><name>T1</name><styleUrl>#stT1</styleUrl><LineString><tessellate>1</tessellate><coordinates>-48.104340,-5.638990,0 -48.103250,-5.637930,0</coordinates></LineString></Placemark>
<Placemark><name>T1</name><styleUrl>#stT1</styleUrl><LineString><tessellate>1</tessellate><coordinates>-48.099630,-5.643770,0 -48.099450,-5.643960,0</coordinates></LineString></Placemark>
<Placemark><name>T1</name><styleUrl>#stT1</styleUrl><LineString><tessellate>1</tessellate><coordinates>-48.103250,-5.637930,0 -48.103200,-5.637880,0</coordinates></LineString></Placemark>
<Placemark><name>T1</name><styleUrl>#stT1</styleUrl><LineString><tessellate>1</tessellate><coordinates>-48.103250,-5.637930,0 -48.103200,-5.637920,0</coordinates></LineString></Placemark>
<Placemark><name>T1</name><styleUrl>#stT1</styleUrl><LineString><tessellate>1</tessellate><coordinates>-48.103250,-5.637930,0 -48.103920,-5.637850,0</coordinates></LineString></Placemark>
<Placemark><name>T1</name><styleUrl>#stT1</styleUrl><LineString><tessellate>1</tessellate><coordinates>-48.103920,-5.637850,0 -48.104250,-5.637870,0</coordinates></LineString></Placemark>
<Placemark><name>T1</name><styleUrl>#stT1</styleUrl><LineString><tessellate>1</tessellate><coordinates>-48.096320,-5.660420,0 -48.097370,-5.662620,0</coordinates></LineString></Placemark>
<Placemark><name>T1</name><styleUrl>#stT1</styleUrl><LineString><tessellate>1</tessellate><coordinates>-48.094910,-5.657520,0 -48.096320,-5.660420,0</coordinates></LineString></Placemark>
<Placemark><name>T1</name><styleUrl>#stT1</styleUrl><LineString><tessellate>1</tessellate><coordinates>-48.094880,-5.657490,0 -48.094910,-5.657520,0</coordinates></LineString></Placemark>
<Placemark><name>T1</name><styleUrl>#stT1</styleUrl><LineString><tessellate>1</tessellate><coordinates>-48.093410,-5.656920,0 -48.094880,-5.657490,0</coordinates></LineString></Placemark>
<Placemark><name>T1</name><styleUrl>#stT1</styleUrl><LineString><tessellate>1</tessellate><coordinates>-48.092620,-5.654800,0 -48.093260,-5.656590,0</coordinates></LineString></Placemark>
<Placemark><name>T1</name><styleUrl>#stT1</styleUrl><LineString><tessellate>1</tessellate><coordinates>-48.091050,-5.655810,0 -48.090890,-5.655910,0</coordinates></LineString></Placemark>
<Placemark><name>T1</name><styleUrl>#stT1</styleUrl><LineString><tessellate>1</tessellate><coordinates>-48.092500,-5.654760,0 -48.091050,-5.655810,0</coordinates></LineString></Placemark>
<Placemark><name>T1</name><styleUrl>#stT1</styleUrl><LineString><tessellate>1</tessellate><coordinates>-48.092700,-5.654520,0 -48.092510,-5.653740,0</coordinates></LineString></Placemark>
<Placemark><name>T2</name><styleUrl>#stT2</styleUrl><LineString><tessellate>1</tessellate><coordinates>-48.122050,-5.654080,0 -48.121110,-5.654320,0</coordinates></LineString></Placemark>
<Placemark><name>T2</name><styleUrl>#stT2</styleUrl><LineString><tessellate>1</tessellate><coordinates>-48.120280,-5.647720,0 -48.119680,-5.647880,0</coordinates></LineString></Placemark>
<Placemark><name>T2</name><styleUrl>#stT2</styleUrl><LineString><tessellate>1</tessellate><coordinates>-48.120620,-5.647640,0 -48.120280,-5.647720,0</coordinates></LineString></Placemark>
<Placemark><name>T2</name><styleUrl>#stT2</styleUrl><LineString><tessellate>1</tessellate><coordinates>-48.119680,-5.647880,0 -48.119650,-5.647890,0</coordinates></LineString></Placemark>
<Placemark><name>T2</name><styleUrl>#stT2</styleUrl><LineString><tessellate>1</tessellate><coordinates>-48.120650,-5.647620,0 -48.120620,-5.647640,0</coordinates></LineString></Placemark>
<Placemark><name>T2</name><styleUrl>#stT2</styleUrl><LineString><tessellate>1</tessellate><coordinates>-48.119650,-5.647890,0 -48.119480,-5.647930,0</coordinates></LineString></Placemark>
<Placemark><name>T2</name><styleUrl>#stT2</styleUrl><LineString><tessellate>1</tessellate><coordinates>-48.120850,-5.647570,0 -48.120650,-5.647620,0</coordinates></LineString></Placemark>
<Placemark><name>T2</name><styleUrl>#stT2</styleUrl><LineString><tessellate>1</tessellate><coordinates>-48.119480,-5.647930,0 -48.118970,-5.648060,0</coordinates></LineString></Placemark>
<Placemark><name>T2</name><styleUrl>#stT2</styleUrl><LineString><tessellate>1</tessellate><coordinates>-48.119480,-5.647930,0 -48.119510,-5.648050,0</coordinates></LineString></Placemark>
<Placemark><name>T2</name><styleUrl>#stT2</styleUrl><LineString><tessellate>1</tessellate><coordinates>-48.119480,-5.647930,0 -48.119450,-5.647820,0</coordinates></LineString></Placemark>
<Placemark><name>T2</name><styleUrl>#stT2</styleUrl><LineString><tessellate>1</tessellate><coordinates>-48.120850,-5.647570,0 -48.120910,-5.647560,0</coordinates></LineString></Placemark>
<Placemark><name>T2</name><styleUrl>#stT2</styleUrl><LineString><tessellate>1</tessellate><coordinates>-48.120850,-5.647570,0 -48.120850,-5.647560,0</coordinates></LineString></Placemark>
<Placemark><name>T2</name><styleUrl>#stT2</styleUrl><LineString><tessellate>1</tessellate><coordinates>-48.121000,-5.648130,0 -48.120850,-5.647570,0</coordinates></LineString></Placemark>
<Placemark><name>T2</name><styleUrl>#stT2</styleUrl><LineString><tessellate>1</tessellate><coordinates>-48.119450,-5.647820,0 -48.119440,-5.647790,0</coordinates></LineString></Placemark>
<Placemark><name>T2</name><styleUrl>#stT2</styleUrl><LineString><tessellate>1</tessellate><coordinates>-48.120910,-5.647560,0 -48.120880,-5.647470,0</coordinates></LineString></Placemark>
<Placemark><name>T2</name><styleUrl>#stT2</styleUrl><LineString><tessellate>1</tessellate><coordinates>-48.120910,-5.647560,0 -48.121070,-5.648140,0</coordinates></LineString></Placemark>
<Placemark><name>T2</name><styleUrl>#stT2</styleUrl><LineString><tessellate>1</tessellate><coordinates>-48.120910,-5.647560,0 -48.121970,-5.647280,0</coordinates></LineString></Placemark>
<Placemark><name>T2</name><styleUrl>#stT2</styleUrl><LineString><tessellate>1</tessellate><coordinates>-48.120850,-5.647560,0 -48.120840,-5.647530,0</coordinates></LineString></Placemark>
<Placemark><name>T2</name><styleUrl>#stT2</styleUrl><LineString><tessellate>1</tessellate><coordinates>-48.119440,-5.647790,0 -48.119200,-5.647010,0</coordinates></LineString></Placemark>
<Placemark><name>T2</name><styleUrl>#stT2</styleUrl><LineString><tessellate>1</tessellate><coordinates>-48.121070,-5.648140,0 -48.121180,-5.648520,0</coordinates></LineString></Placemark>
<Placemark><name>T2</name><styleUrl>#stT2</styleUrl><LineString><tessellate>1</tessellate><coordinates>-48.120840,-5.647530,0 -48.120670,-5.646920,0</coordinates></LineString></Placemark>
<Placemark><name>T2</name><styleUrl>#stT2</styleUrl><LineString><tessellate>1</tessellate><coordinates>-48.119200,-5.647010,0 -48.119060,-5.646710,0</coordinates></LineString></Placemark>
<Placemark><name>T2</name><styleUrl>#stT2</styleUrl><LineString><tessellate>1</tessellate><coordinates>-48.120670,-5.646920,0 -48.120790,-5.646890,0</coordinates></LineString></Placemark>
<Placemark><name>T2</name><styleUrl>#stT2</styleUrl><LineString><tessellate>1</tessellate><coordinates>-48.120670,-5.646920,0 -48.120610,-5.646730,0</coordinates></LineString></Placemark>
<Placemark><name>T2</name><styleUrl>#stT2</styleUrl><LineString><tessellate>1</tessellate><coordinates>-48.120670,-5.646920,0 -48.120480,-5.646970,0</coordinates></LineString></Placemark>
<Placemark><name>T2</name><styleUrl>#stT2</styleUrl><LineString><tessellate>1</tessellate><coordinates>-48.120280,-5.647730,0 -48.120300,-5.647830,0</coordinates></LineString></Placemark>
<Placemark><name>T2</name><styleUrl>#stT2</styleUrl><LineString><tessellate>1</tessellate><coordinates>-48.120300,-5.647830,0 -48.120570,-5.647790,0</coordinates></LineString></Placemark>
<Placemark><name>T2</name><styleUrl>#stT2</styleUrl><LineString><tessellate>1</tessellate><coordinates>-48.116800,-5.645180,0 -48.116370,-5.644990,0</coordinates></LineString></Placemark>
<Placemark><name>T2</name><styleUrl>#stT2</styleUrl><LineString><tessellate>1</tessellate><coordinates>-48.116840,-5.645220,0 -48.116800,-5.645180,0</coordinates></LineString></Placemark>
<Placemark><name>T2</name><styleUrl>#stT2</styleUrl><LineString><tessellate>1</tessellate><coordinates>-48.116840,-5.645220,0 -48.116850,-5.645190,0</coordinates></LineString></Placemark>
<Placemark><name>T2</name><styleUrl>#stT2</styleUrl><LineString><tessellate>1</tessellate><coordinates>-48.117800,-5.645660,0 -48.116840,-5.645220,0</coordinates></LineString></Placemark>
<Placemark><name>T2</name><styleUrl>#stT2</styleUrl><LineString><tessellate>1</tessellate><coordinates>-48.116850,-5.645190,0 -48.116930,-5.644950,0</coordinates></LineString></Placemark>
<Placemark><name>T2</name><styleUrl>#stT2</styleUrl><LineString><tessellate>1</tessellate><coordinates>-48.117830,-5.645680,0 -48.117800,-5.645660,0</coordinates></LineString></Placemark>
<Placemark><name>T2</name><styleUrl>#stT2</styleUrl><LineString><tessellate>1</tessellate><coordinates>-48.117800,-5.645660,0 -48.117810,-5.645640,0</coordinates></LineString></Placemark>
<Placemark><name>T2</name><styleUrl>#stT2</styleUrl><LineString><tessellate>1</tessellate><coordinates>-48.118480,-5.646580,0 -48.117830,-5.645680,0</coordinates></LineString></Placemark>
<Placemark><name>T2</name><styleUrl>#stT2</styleUrl><LineString><tessellate>1</tessellate><coordinates>-48.118710,-5.647370,0 -48.118480,-5.646580,0</coordinates></LineString></Placemark>
<Placemark><name>T2</name><styleUrl>#stT2</styleUrl><LineString><tessellate>1</tessellate><coordinates>-48.118710,-5.647370,0 -48.118740,-5.647500,0</coordinates></LineString></Placemark>
<Placemark><name>T2</name><styleUrl>#stT2</styleUrl><LineString><tessellate>1</tessellate><coordinates>-48.118710,-5.647370,0 -48.118620,-5.647360,0</coordinates></LineString></Placemark>
<Placemark><name>T2</name><styleUrl>#stT2</styleUrl><LineString><tessellate>1</tessellate><coordinates>-48.118920,-5.647370,0 -48.118710,-5.647370,0</coordinates></LineString></Placemark>
<Placemark><name>T2</name><styleUrl>#stT2</styleUrl><LineString><tessellate>1</tessellate><coordinates>-48.118620,-5.647360,0 -48.118590,-5.647370,0</coordinates></LineString></Placemark>
<Placemark><name>T2</name><styleUrl>#stT2</styleUrl><LineString><tessellate>1</tessellate><coordinates>-48.118960,-5.647370,0 -48.118920,-5.647370,0</coordinates></LineString></Placemark>
<Placemark><name>T2</name><styleUrl>#stT2</styleUrl><LineString><tessellate>1</tessellate><coordinates>-48.118590,-5.647370,0 -48.117700,-5.647600,0</coordinates></LineString></Placemark>
<Placemark><name>T2</name><styleUrl>#stT2</styleUrl><LineString><tessellate>1</tessellate><coordinates>-48.120490,-5.646960,0 -48.118960,-5.647370,0</coordinates></LineString></Placemark>
<Placemark><name>T2</name><styleUrl>#stT2</styleUrl><LineString><tessellate>1</tessellate><coordinates>-48.117700,-5.647600,0 -48.117680,-5.647610,0</coordinates></LineString></Placemark>
<Placemark><name>T2</name><styleUrl>#stT2</styleUrl><LineString><tessellate>1</tessellate><coordinates>-48.117680,-5.647610,0 -48.117490,-5.647660,0</coordinates></LineString></Placemark>
<Placemark><name>T2</name><styleUrl>#stT2</styleUrl><LineString><tessellate>1</tessellate><coordinates>-48.117490,-5.647660,0 -48.117390,-5.647680,0</coordinates></LineString></Placemark>
<Placemark><name>T2</name><styleUrl>#stT2</styleUrl><LineString><tessellate>1</tessellate><coordinates>-48.117490,-5.647660,0 -48.117460,-5.647550,0</coordinates></LineString></Placemark>
<Placemark><name>T2</name><styleUrl>#stT2</styleUrl><LineString><tessellate>1</tessellate><coordinates>-48.117490,-5.647660,0 -48.117700,-5.648370,0</coordinates></LineString></Placemark>
<Placemark><name>T2</name><styleUrl>#stT2</styleUrl><LineString><tessellate>1</tessellate><coordinates>-48.110940,-5.650510,0 -48.110920,-5.650550,0</coordinates></LineString></Placemark>
<Placemark><name>T2</name><styleUrl>#stT2</styleUrl><LineString><tessellate>1</tessellate><coordinates>-48.111610,-5.650310,0 -48.110940,-5.650510,0</coordinates></LineString></Placemark>
<Placemark><name>T2</name><styleUrl>#stT2</styleUrl><LineString><tessellate>1</tessellate><coordinates>-48.112900,-5.649940,0 -48.111610,-5.650310,0</coordinates></LineString></Placemark>
<Placemark><name>T2</name><styleUrl>#stT2</styleUrl><LineString><tessellate>1</tessellate><coordinates>-48.112900,-5.649940,0 -48.112930,-5.650040,0</coordinates></LineString></Placemark>
<Placemark><name>T2</name><styleUrl>#stT2</styleUrl><LineString><tessellate>1</tessellate><coordinates>-48.112900,-5.649940,0 -48.112850,-5.649740,0</coordinates></LineString></Placemark>
<Placemark><name>T2</name><styleUrl>#stT2</styleUrl><LineString><tessellate>1</tessellate><coordinates>-48.114350,-5.649530,0 -48.112900,-5.649940,0</coordinates></LineString></Placemark>
<Placemark><name>T2</name><styleUrl>#stT2</styleUrl><LineString><tessellate>1</tessellate><coordinates>-48.114350,-5.649530,0 -48.114370,-5.649600,0</coordinates></LineString></Placemark>
<Placemark><name>T2</name><styleUrl>#stT2</styleUrl><LineString><tessellate>1</tessellate><coordinates>-48.116770,-5.648830,0 -48.114350,-5.649530,0</coordinates></LineString></Placemark>
<Placemark><name>T2</name><styleUrl>#stT2</styleUrl><LineString><tessellate>1</tessellate><coordinates>-48.114350,-5.649530,0 -48.114130,-5.648750,0</coordinates></LineString></Placemark>
<Placemark><name>T2</name><styleUrl>#stT2</styleUrl><LineString><tessellate>1</tessellate><coordinates>-48.116770,-5.648830,0 -48.116580,-5.648180,0</coordinates></LineString></Placemark>
<Placemark><name>T2</name><styleUrl>#stT2</styleUrl><LineString><tessellate>1</tessellate><coordinates>-48.116770,-5.648830,0 -48.116860,-5.649150,0</coordinates></LineString></Placemark>
<Placemark><name>T2</name><styleUrl>#stT2</styleUrl><LineString><tessellate>1</tessellate><coordinates>-48.117760,-5.648550,0 -48.116770,-5.648830,0</coordinates></LineString></Placemark>
<Placemark><name>T2</name><styleUrl>#stT2</styleUrl><LineString><tessellate>1</tessellate><coordinates>-48.117710,-5.648390,0 -48.117760,-5.648550,0</coordinates></LineString></Placemark>
<Placemark><name>T2</name><styleUrl>#stT2</styleUrl><LineString><tessellate>1</tessellate><coordinates>-48.117760,-5.648550,0 -48.117780,-5.648630,0</coordinates></LineString></Placemark>
<Placemark><name>T2</name><styleUrl>#stT2</styleUrl><LineString><tessellate>1</tessellate><coordinates>-48.117760,-5.648550,0 -48.118660,-5.648290,0</coordinates></LineString></Placemark>
<Placemark><name>T2</name><styleUrl>#stT2</styleUrl><LineString><tessellate>1</tessellate><coordinates>-48.118940,-5.648210,0 -48.119040,-5.648580,0</coordinates></LineString></Placemark>
<Placemark><name>T2</name><styleUrl>#stT2</styleUrl><LineString><tessellate>1</tessellate><coordinates>-48.118940,-5.648210,0 -48.118920,-5.648210,0</coordinates></LineString></Placemark>
<Placemark><name>T2</name><styleUrl>#stT2</styleUrl><LineString><tessellate>1</tessellate><coordinates>-48.118900,-5.648070,0 -48.118940,-5.648210,0</coordinates></LineString></Placemark>
<Placemark><name>T2</name><styleUrl>#stT2</styleUrl><LineString><tessellate>1</tessellate><coordinates>-48.118920,-5.648210,0 -48.118700,-5.648280,0</coordinates></LineString></Placemark>
<Placemark><name>T2</name><styleUrl>#stT2</styleUrl><LineString><tessellate>1</tessellate><coordinates>-48.118750,-5.647560,0 -48.118900,-5.648070,0</coordinates></LineString></Placemark>
<Placemark><name>T2</name><styleUrl>#stT2</styleUrl><LineString><tessellate>1</tessellate><coordinates>-48.118900,-5.648070,0 -48.118910,-5.648070,0</coordinates></LineString></Placemark>
<Placemark><name>T2</name><styleUrl>#stT2</styleUrl><LineString><tessellate>1</tessellate><coordinates>-48.116200,-5.641550,0 -48.115880,-5.641450,0</coordinates></LineString></Placemark>
<Placemark><name>T2</name><styleUrl>#stT2</styleUrl><LineString><tessellate>1</tessellate><coordinates>-48.116230,-5.641560,0 -48.116200,-5.641550,0</coordinates></LineString></Placemark>
<Placemark><name>T2</name><styleUrl>#stT2</styleUrl><LineString><tessellate>1</tessellate><coordinates>-48.116480,-5.641640,0 -48.116230,-5.641560,0</coordinates></LineString></Placemark>
<Placemark><name>T2</name><styleUrl>#stT2</styleUrl><LineString><tessellate>1</tessellate><coordinates>-48.117880,-5.642110,0 -48.116480,-5.641640,0</coordinates></LineString></Placemark>
<Placemark><name>T2</name><styleUrl>#stT2</styleUrl><LineString><tessellate>1</tessellate><coordinates>-48.117880,-5.642110,0 -48.118210,-5.642200,0</coordinates></LineString></Placemark>
<Placemark><name>T2</name><styleUrl>#stT2</styleUrl><LineString><tessellate>1</tessellate><coordinates>-48.117880,-5.642110,0 -48.117980,-5.641780,0</coordinates></LineString></Placemark>
<Placemark><name>T2</name><styleUrl>#stT2</styleUrl><LineString><tessellate>1</tessellate><coordinates>-48.116940,-5.644910,0 -48.117880,-5.642110,0</coordinates></LineString></Placemark>
<Placemark><name>T2</name><styleUrl>#stT2</styleUrl><LineString><tessellate>1</tessellate><coordinates>-48.118210,-5.642200,0 -48.118580,-5.642320,0</coordinates></LineString></Placemark>
<Placemark><name>T2</name><styleUrl>#stT2</styleUrl><LineString><tessellate>1</tessellate><coordinates>-48.117980,-5.641780,0 -48.117990,-5.641750,0</coordinates></LineString></Placemark>
<Placemark><name>T2</name><styleUrl>#stT2</styleUrl><LineString><tessellate>1</tessellate><coordinates>-48.117990,-5.641750,0 -48.118100,-5.641430,0</coordinates></LineString></Placemark>
<Placemark><name>T2</name><styleUrl>#stT2</styleUrl><LineString><tessellate>1</tessellate><coordinates>-48.112120,-5.643000,0 -48.110480,-5.642260,0</coordinates></LineString></Placemark>
<Placemark><name>T2</name><styleUrl>#stT2</styleUrl><LineString><tessellate>1</tessellate><coordinates>-48.112440,-5.643140,0 -48.112120,-5.643000,0</coordinates></LineString></Placemark>
<Placemark><name>T2</name><styleUrl>#stT2</styleUrl><LineString><tessellate>1</tessellate><coordinates>-48.114420,-5.644070,0 -48.112440,-5.643140,0</coordinates></LineString></Placemark>
<Placemark><name>T2</name><styleUrl>#stT2</styleUrl><LineString><tessellate>1</tessellate><coordinates>-48.115740,-5.644690,0 -48.114420,-5.644070,0</coordinates></LineString></Placemark>
<Placemark><name>T2</name><styleUrl>#stT2</styleUrl><LineString><tessellate>1</tessellate><coordinates>-48.116340,-5.644970,0 -48.115740,-5.644690,0</coordinates></LineString></Placemark>
<Placemark><name>T2</name><styleUrl>#stT2</styleUrl><LineString><tessellate>1</tessellate><coordinates>-48.117800,-5.645630,0 -48.117730,-5.645540,0</coordinates></LineString></Placemark>
<Placemark><name>T2</name><styleUrl>#stT2</styleUrl><LineString><tessellate>1</tessellate><coordinates>-48.116930,-5.649390,0 -48.117450,-5.651200,0</coordinates></LineString></Placemark>
<Placemark><name>T2</name><styleUrl>#stT2</styleUrl><LineString><tessellate>1</tessellate><coordinates>-48.116860,-5.649170,0 -48.116930,-5.649390,0</coordinates></LineString></Placemark>
<Placemark><name>T2</name><styleUrl>#stT2</styleUrl><LineString><tessellate>1</tessellate><coordinates>-48.117450,-5.651200,0 -48.117590,-5.651690,0</coordinates></LineString></Placemark>
<Placemark><name>T2</name><styleUrl>#stT2</styleUrl><LineString><tessellate>1</tessellate><coordinates>-48.117590,-5.651690,0 -48.117700,-5.651650,0</coordinates></LineString></Placemark>
<Placemark><name>T2</name><styleUrl>#stT2</styleUrl><LineString><tessellate>1</tessellate><coordinates>-48.117590,-5.651690,0 -48.117620,-5.651790,0</coordinates></LineString></Placemark>
<Placemark><name>T2</name><styleUrl>#stT2</styleUrl><LineString><tessellate>1</tessellate><coordinates>-48.117590,-5.651690,0 -48.115890,-5.652180,0</coordinates></LineString></Placemark>
<Placemark><name>T2</name><styleUrl>#stT2</styleUrl><LineString><tessellate>1</tessellate><coordinates>-48.115890,-5.652180,0 -48.115570,-5.652270,0</coordinates></LineString></Placemark>
<Placemark><name>T2</name><styleUrl>#stT2</styleUrl><LineString><tessellate>1</tessellate><coordinates>-48.113550,-5.646650,0 -48.113540,-5.646530,0</coordinates></LineString></Placemark>
<Placemark><name>T2</name><styleUrl>#stT2</styleUrl><LineString><tessellate>1</tessellate><coordinates>-48.113550,-5.646650,0 -48.113580,-5.646650,0</coordinates></LineString></Placemark>
<Placemark><name>T2</name><styleUrl>#stT2</styleUrl><LineString><tessellate>1</tessellate><coordinates>-48.113550,-5.646650,0 -48.112580,-5.646900,0</coordinates></LineString></Placemark>
<Placemark><name>T2</name><styleUrl>#stT2</styleUrl><LineString><tessellate>1</tessellate><coordinates>-48.114030,-5.648420,0 -48.113550,-5.646650,0</coordinates></LineString></Placemark>
<Placemark><name>T2</name><styleUrl>#stT2</styleUrl><LineString><tessellate>1</tessellate><coordinates>-48.113580,-5.646650,0 -48.113610,-5.646640,0</coordinates></LineString></Placemark>
<Placemark><name>T2</name><styleUrl>#stT2</styleUrl><LineString><tessellate>1</tessellate><coordinates>-48.112580,-5.646900,0 -48.112170,-5.647000,0</coordinates></LineString></Placemark>
<Placemark><name>T2</name><styleUrl>#stT2</styleUrl><LineString><tessellate>1</tessellate><coordinates>-48.114040,-5.648450,0 -48.114030,-5.648420,0</coordinates></LineString></Placemark>
<Placemark><name>T2</name><styleUrl>#stT2</styleUrl><LineString><tessellate>1</tessellate><coordinates>-48.113610,-5.646640,0 -48.113910,-5.646560,0</coordinates></LineString></Placemark>
<Placemark><name>T2</name><styleUrl>#stT2</styleUrl><LineString><tessellate>1</tessellate><coordinates>-48.112170,-5.647000,0 -48.112140,-5.647010,0</coordinates></LineString></Placemark>
<Placemark><name>T2</name><styleUrl>#stT2</styleUrl><LineString><tessellate>1</tessellate><coordinates>-48.114110,-5.648680,0 -48.114040,-5.648450,0</coordinates></LineString></Placemark>
<Placemark><name>T2</name><styleUrl>#stT2</styleUrl><LineString><tessellate>1</tessellate><coordinates>-48.113910,-5.646560,0 -48.113930,-5.646560,0</coordinates></LineString></Placemark>
<Placemark><name>T2</name><styleUrl>#stT2</styleUrl><LineString><tessellate>1</tessellate><coordinates>-48.112140,-5.647010,0 -48.110750,-5.647360,0</coordinates></LineString></Placemark>
<Placemark><name>T2</name><styleUrl>#stT2</styleUrl><LineString><tessellate>1</tessellate><coordinates>-48.114120,-5.648740,0 -48.114110,-5.648680,0</coordinates></LineString></Placemark>
<Placemark><name>T2</name><styleUrl>#stT2</styleUrl><LineString><tessellate>1</tessellate><coordinates>-48.114110,-5.648680,0 -48.114180,-5.648670,0</coordinates></LineString></Placemark>
<Placemark><name>T2</name><styleUrl>#stT2</styleUrl><LineString><tessellate>1</tessellate><coordinates>-48.114110,-5.648680,0 -48.113220,-5.648920,0</coordinates></LineString></Placemark>
<Placemark><name>T2</name><styleUrl>#stT2</styleUrl><LineString><tessellate>1</tessellate><coordinates>-48.113930,-5.646560,0 -48.115190,-5.646240,0</coordinates></LineString></Placemark>
<Placemark><name>T2</name><styleUrl>#stT2</styleUrl><LineString><tessellate>1</tessellate><coordinates>-48.110750,-5.647360,0 -48.110290,-5.647480,0</coordinates></LineString></Placemark>
<Placemark><name>T2</name><styleUrl>#stT2</styleUrl><LineString><tessellate>1</tessellate><coordinates>-48.115190,-5.646240,0 -48.115520,-5.646150,0</coordinates></LineString></Placemark>
<Placemark><name>T2</name><styleUrl>#stT2</styleUrl><LineString><tessellate>1</tessellate><coordinates>-48.110940,-5.650510,0 -48.110910,-5.650500,0</coordinates></LineString></Placemark>
<Placemark><name>T2</name><styleUrl>#stT2</styleUrl><LineString><tessellate>1</tessellate><coordinates>-48.116540,-5.648050,0 -48.116790,-5.647980,0</coordinates></LineString></Placemark>
<Placemark><name>T2</name><styleUrl>#stT2</styleUrl><LineString><tessellate>1</tessellate><coordinates>-48.116540,-5.648050,0 -48.116480,-5.647850,0</coordinates></LineString></Placemark>
<Placemark><name>T2</name><styleUrl>#stT2</styleUrl><LineString><tessellate>1</tessellate><coordinates>-48.116590,-5.648220,0 -48.116540,-5.648050,0</coordinates></LineString></Placemark>
<Placemark><name>T2</name><styleUrl>#stT2</styleUrl><LineString><tessellate>1</tessellate><coordinates>-48.116540,-5.648050,0 -48.116160,-5.648150,0</coordinates></LineString></Placemark>
<Placemark><name>T2</name><styleUrl>#stT2</styleUrl><LineString><tessellate>1</tessellate><coordinates>-48.114030,-5.651170,0 -48.114040,-5.651140,0</coordinates></LineString></Placemark>
<Placemark><name>T2</name><styleUrl>#stT2</styleUrl><LineString><tessellate>1</tessellate><coordinates>-48.113290,-5.651390,0 -48.114030,-5.651170,0</coordinates></LineString></Placemark>
<Placemark><name>T2</name><styleUrl>#stT2</styleUrl><LineString><tessellate>1</tessellate><coordinates>-48.114040,-5.651140,0 -48.113970,-5.650860,0</coordinates></LineString></Placemark>
<Placemark><name>T2</name><styleUrl>#stT2</styleUrl><LineString><tessellate>1</tessellate><coordinates>-48.113270,-5.651380,0 -48.113290,-5.651390,0</coordinates></LineString></Placemark>
<Placemark><name>T2</name><styleUrl>#stT2</styleUrl><LineString><tessellate>1</tessellate><coordinates>-48.113180,-5.651030,0 -48.113270,-5.651380,0</coordinates></LineString></Placemark>
<Placemark><name>T2</name><styleUrl>#stT2</styleUrl><LineString><tessellate>1</tessellate><coordinates>-48.112940,-5.650080,0 -48.113180,-5.651030,0</coordinates></LineString></Placemark>
<Placemark><name>T2</name><styleUrl>#stT2</styleUrl><LineString><tessellate>1</tessellate><coordinates>-48.111320,-5.649220,0 -48.111170,-5.648730,0</coordinates></LineString></Placemark>
<Placemark><name>T2</name><styleUrl>#stT2</styleUrl><LineString><tessellate>1</tessellate><coordinates>-48.111320,-5.649220,0 -48.111450,-5.649170,0</coordinates></LineString></Placemark>
<Placemark><name>T2</name><styleUrl>#stT2</styleUrl><LineString><tessellate>1</tessellate><coordinates>-48.111580,-5.650080,0 -48.111320,-5.649220,0</coordinates></LineString></Placemark>
<Placemark><name>T2</name><styleUrl>#stT2</styleUrl><LineString><tessellate>1</tessellate><coordinates>-48.111320,-5.649220,0 -48.110540,-5.649420,0</coordinates></LineString></Placemark>
<Placemark><name>T2</name><styleUrl>#stT2</styleUrl><LineString><tessellate>1</tessellate><coordinates>-48.111170,-5.648730,0 -48.111070,-5.648380,0</coordinates></LineString></Placemark>
<Placemark><name>T2</name><styleUrl>#stT2</styleUrl><LineString><tessellate>1</tessellate><coordinates>-48.111580,-5.650110,0 -48.111580,-5.650080,0</coordinates></LineString></Placemark>
<Placemark><name>T2</name><styleUrl>#stT2</styleUrl><LineString><tessellate>1</tessellate><coordinates>-48.110540,-5.649420,0 -48.110140,-5.649520,0</coordinates></LineString></Placemark>
<Placemark><name>T2</name><styleUrl>#stT2</styleUrl><LineString><tessellate>1</tessellate><coordinates>-48.111610,-5.650290,0 -48.111580,-5.650110,0</coordinates></LineString></Placemark>
<Placemark><name>T2</name><styleUrl>#stT2</styleUrl><LineString><tessellate>1</tessellate><coordinates>-48.112540,-5.640370,0 -48.112610,-5.640090,0</coordinates></LineString></Placemark>
<Placemark><name>T2</name><styleUrl>#stT2</styleUrl><LineString><tessellate>1</tessellate><coordinates>-48.112540,-5.640370,0 -48.112400,-5.640320,0</coordinates></LineString></Placemark>
<Placemark><name>T2</name><styleUrl>#stT2</styleUrl><LineString><tessellate>1</tessellate><coordinates>-48.113230,-5.640590,0 -48.112540,-5.640370,0</coordinates></LineString></Placemark>
<Placemark><name>T2</name><styleUrl>#stT2</styleUrl><LineString><tessellate>1</tessellate><coordinates>-48.112540,-5.640370,0 -48.112390,-5.640820,0</coordinates></LineString></Placemark>
<Placemark><name>T2</name><styleUrl>#stT2</styleUrl><LineString><tessellate>1</tessellate><coordinates>-48.114480,-5.640990,0 -48.113230,-5.640590,0</coordinates></LineString></Placemark>
<Placemark><name>T2</name><styleUrl>#stT2</styleUrl><LineString><tessellate>1</tessellate><coordinates>-48.112390,-5.640820,0 -48.112300,-5.641140,0</coordinates></LineString></Placemark>
<Placemark><name>T2</name><styleUrl>#stT2</styleUrl><LineString><tessellate>1</tessellate><coordinates>-48.114940,-5.641140,0 -48.114480,-5.640990,0</coordinates></LineString></Placemark>
<Placemark><name>T2</name><styleUrl>#stT2</styleUrl><LineString><tessellate>1</tessellate><coordinates>-48.114940,-5.641140,0 -48.114980,-5.641010,0</coordinates></LineString></Placemark>
<Placemark><name>T2</name><styleUrl>#stT2</styleUrl><LineString><tessellate>1</tessellate><coordinates>-48.114940,-5.641140,0 -48.114910,-5.641210,0</coordinates></LineString></Placemark>
<Placemark><name>T2</name><styleUrl>#stT2</styleUrl><LineString><tessellate>1</tessellate><coordinates>-48.115850,-5.641440,0 -48.114940,-5.641140,0</coordinates></LineString></Placemark>
<Placemark><name>T2</name><styleUrl>#stT2</styleUrl><LineString><tessellate>1</tessellate><coordinates>-48.121120,-5.639970,0 -48.121160,-5.639970,0</coordinates></LineString></Placemark>
<Placemark><name>T2</name><styleUrl>#stT2</styleUrl><LineString><tessellate>1</tessellate><coordinates>-48.121160,-5.639970,0 -48.122660,-5.639940,0</coordinates></LineString></Placemark>
<Placemark><name>T2</name><styleUrl>#stT2</styleUrl><LineString><tessellate>1</tessellate><coordinates>-48.118570,-5.640050,0 -48.121120,-5.639970,0</coordinates></LineString></Placemark>
<Placemark><name>T2</name><styleUrl>#stT2</styleUrl><LineString><tessellate>1</tessellate><coordinates>-48.118570,-5.640050,0 -48.118450,-5.640050,0</coordinates></LineString></Placemark>
<Placemark><name>T2</name><styleUrl>#stT2</styleUrl><LineString><tessellate>1</tessellate><coordinates>-48.118570,-5.640050,0 -48.118600,-5.639960,0</coordinates></LineString></Placemark>
<Placemark><name>T2</name><styleUrl>#stT2</styleUrl><LineString><tessellate>1</tessellate><coordinates>-48.118110,-5.641400,0 -48.118570,-5.640050,0</coordinates></LineString></Placemark>
<Placemark><name>T2</name><styleUrl>#stT2</styleUrl><LineString><tessellate>1</tessellate><coordinates>-48.112420,-5.643210,0 -48.111990,-5.644260,0</coordinates></LineString></Placemark>
<Placemark><name>T2</name><styleUrl>#stT2</styleUrl><LineString><tessellate>1</tessellate><coordinates>-48.109270,-5.641960,0 -48.106260,-5.639300,0</coordinates></LineString></Placemark>
<Placemark><name>T2</name><styleUrl>#stT2</styleUrl><LineString><tessellate>1</tessellate><coordinates>-48.106260,-5.639300,0 -48.106050,-5.639030,0</coordinates></LineString></Placemark>
<Placemark><name>T2</name><styleUrl>#stT2</styleUrl><LineString><tessellate>1</tessellate><coordinates>-48.109300,-5.641970,0 -48.109270,-5.641960,0</coordinates></LineString></Placemark>
<Placemark><name>T2</name><styleUrl>#stT2</styleUrl><LineString><tessellate>1</tessellate><coordinates>-48.110370,-5.642230,0 -48.109300,-5.641970,0</coordinates></LineString></Placemark>
<Placemark><name>T2</name><styleUrl>#stT2</styleUrl><LineString><tessellate>1</tessellate><coordinates>-48.115750,-5.644680,0 -48.115740,-5.644500,0</coordinates></LineString></Placemark>
<Placemark><name>T2</name><styleUrl>#stT2</styleUrl><LineString><tessellate>1</tessellate><coordinates>-48.114980,-5.640980,0 -48.116010,-5.636140,0</coordinates></LineString></Placemark>
<Placemark><name>T2</name><styleUrl>#stT2</styleUrl><LineString><tessellate>1</tessellate><coordinates>-48.106070,-5.639010,0 -48.106460,-5.638610,0</coordinates></LineString></Placemark>
<Placemark><name>T2</name><styleUrl>#stT2</styleUrl><LineString><tessellate>1</tessellate><coordinates>-48.110730,-5.651490,0 -48.110700,-5.651480,0</coordinates></LineString></Placemark>
<Placemark><name>T2</name><styleUrl>#stT2</styleUrl><LineString><tessellate>1</tessellate><coordinates>-48.110700,-5.651480,0 -48.110690,-5.651460,0</coordinates></LineString></Placemark>
<Placemark><name>T2</name><styleUrl>#stT2</styleUrl><LineString><tessellate>1</tessellate><coordinates>-48.091640,-5.649620,0 -48.091230,-5.649590,0</coordinates></LineString></Placemark>
<Placemark><name>T2</name><styleUrl>#stT2</styleUrl><LineString><tessellate>1</tessellate><coordinates>-48.091200,-5.648960,0 -48.091200,-5.648920,0</coordinates></LineString></Placemark>
<Placemark><name>T2</name><styleUrl>#stT2</styleUrl><LineString><tessellate>1</tessellate><coordinates>-48.091230,-5.649530,0 -48.091200,-5.648960,0</coordinates></LineString></Placemark>
</Folder><Folder><name>Poste</name>
<Placemark><name>653938</name><styleUrl>#stPoste</styleUrl><Point><coordinates>-48.108949,-5.656305,0</coordinates></Point></Placemark>
<Placemark><name>654939</name><styleUrl>#stPoste</styleUrl><Point><coordinates>-48.111564,-5.658986,0</coordinates></Point></Placemark>
<Placemark><name>891795</name><styleUrl>#stPoste</styleUrl><Point><coordinates>-48.105511,-5.654765,0</coordinates></Point></Placemark>
<Placemark><name>699399</name><styleUrl>#stPoste</styleUrl><Point><coordinates>-48.111430,-5.658750,0</coordinates></Point></Placemark>
<Placemark><name>891595</name><styleUrl>#stPoste</styleUrl><Point><coordinates>-48.105006,-5.653382,0</coordinates></Point></Placemark>
<Placemark><name>1040009</name><styleUrl>#stPoste</styleUrl><Point><coordinates>-48.101069,-5.646002,0</coordinates></Point></Placemark>
<Placemark><name>43781832</name><styleUrl>#stPoste</styleUrl><Point><coordinates>-48.100649,-5.645169,0</coordinates></Point></Placemark>
<Placemark><name>166700</name><styleUrl>#stPoste</styleUrl><Point><coordinates>-48.109638,-5.659407,0</coordinates></Point></Placemark>
<Placemark><name>654695</name><styleUrl>#stPoste</styleUrl><Point><coordinates>-48.109716,-5.657701,0</coordinates></Point></Placemark>
<Placemark><name>654408</name><styleUrl>#stPoste</styleUrl><Point><coordinates>-48.114564,-5.656776,0</coordinates></Point></Placemark>
<Placemark><name>697902</name><styleUrl>#stPoste</styleUrl><Point><coordinates>-48.104048,-5.650736,0</coordinates></Point></Placemark>
<Placemark><name>730084</name><styleUrl>#stPoste</styleUrl><Point><coordinates>-48.105894,-5.655810,0</coordinates></Point></Placemark>
<Placemark><name>32004307</name><styleUrl>#stPoste</styleUrl><Point><coordinates>-48.108445,-5.655069,0</coordinates></Point></Placemark>
<Placemark><name>28203005</name><styleUrl>#stPoste</styleUrl><Point><coordinates>-48.103063,-5.650452,0</coordinates></Point></Placemark>
<Placemark><name>654440</name><styleUrl>#stPoste</styleUrl><Point><coordinates>-48.109463,-5.657564,0</coordinates></Point></Placemark>
<Placemark><name>891594</name><styleUrl>#stPoste</styleUrl><Point><coordinates>-48.108564,-5.658179,0</coordinates></Point></Placemark>
<Placemark><name>653935</name><styleUrl>#stPoste</styleUrl><Point><coordinates>-48.109303,-5.657172,0</coordinates></Point></Placemark>
<Placemark><name>654432</name><styleUrl>#stPoste</styleUrl><Point><coordinates>-48.108792,-5.655302,0</coordinates></Point></Placemark>
<Placemark><name>697579</name><styleUrl>#stPoste</styleUrl><Point><coordinates>-48.103991,-5.650492,0</coordinates></Point></Placemark>
<Placemark><name>699113</name><styleUrl>#stPoste</styleUrl><Point><coordinates>-48.114038,-5.656972,0</coordinates></Point></Placemark>
<Placemark><name>699716</name><styleUrl>#stPoste</styleUrl><Point><coordinates>-48.108964,-5.660261,0</coordinates></Point></Placemark>
<Placemark><name>730085</name><styleUrl>#stPoste</styleUrl><Point><coordinates>-48.105692,-5.655285,0</coordinates></Point></Placemark>
<Placemark><name>1098007</name><styleUrl>#stPoste</styleUrl><Point><coordinates>-48.109345,-5.661747,0</coordinates></Point></Placemark>
<Placemark><name>1289959</name><styleUrl>#stPoste</styleUrl><Point><coordinates>-48.108999,-5.658009,0</coordinates></Point></Placemark>
<Placemark><name>32005955</name><styleUrl>#stPoste</styleUrl><Point><coordinates>-48.106627,-5.655915,0</coordinates></Point></Placemark>
<Placemark><name>699708</name><styleUrl>#stPoste</styleUrl><Point><coordinates>-48.100864,-5.644371,0</coordinates></Point></Placemark>
<Placemark><name>699392</name><styleUrl>#stPoste</styleUrl><Point><coordinates>-48.112784,-5.657607,0</coordinates></Point></Placemark>
<Placemark><name>1098005</name><styleUrl>#stPoste</styleUrl><Point><coordinates>-48.109678,-5.662013,0</coordinates></Point></Placemark>
<Placemark><name>28203010</name><styleUrl>#stPoste</styleUrl><Point><coordinates>-48.102203,-5.650364,0</coordinates></Point></Placemark>
<Placemark><name>699717</name><styleUrl>#stPoste</styleUrl><Point><coordinates>-48.109913,-5.659813,0</coordinates></Point></Placemark>
<Placemark><name>730086</name><styleUrl>#stPoste</styleUrl><Point><coordinates>-48.099505,-5.640623,0</coordinates></Point></Placemark>
<Placemark><name>1034277</name><styleUrl>#stPoste</styleUrl><Point><coordinates>-48.105377,-5.654371,0</coordinates></Point></Placemark>
<Placemark><name>1097997</name><styleUrl>#stPoste</styleUrl><Point><coordinates>-48.112044,-5.663693,0</coordinates></Point></Placemark>
<Placemark><name>1376893</name><styleUrl>#stPoste</styleUrl><Point><coordinates>-48.108551,-5.660584,0</coordinates></Point></Placemark>
<Placemark><name>697580</name><styleUrl>#stPoste</styleUrl><Point><coordinates>-48.103720,-5.650492,0</coordinates></Point></Placemark>
<Placemark><name>699709</name><styleUrl>#stPoste</styleUrl><Point><coordinates>-48.101091,-5.644139,0</coordinates></Point></Placemark>
<Placemark><name>1097215</name><styleUrl>#stPoste</styleUrl><Point><coordinates>-48.108103,-5.660933,0</coordinates></Point></Placemark>
<Placemark><name>1097999</name><styleUrl>#stPoste</styleUrl><Point><coordinates>-48.111381,-5.663240,0</coordinates></Point></Placemark>
<Placemark><name>653939</name><styleUrl>#stPoste</styleUrl><Point><coordinates>-48.108792,-5.655923,0</coordinates></Point></Placemark>
<Placemark><name>654435</name><styleUrl>#stPoste</styleUrl><Point><coordinates>-48.108207,-5.655465,0</coordinates></Point></Placemark>
<Placemark><name>654694</name><styleUrl>#stPoste</styleUrl><Point><coordinates>-48.109274,-5.657892,0</coordinates></Point></Placemark>
<Placemark><name>699711</name><styleUrl>#stPoste</styleUrl><Point><coordinates>-48.101582,-5.643657,0</coordinates></Point></Placemark>
<Placemark><name>1098001</name><styleUrl>#stPoste</styleUrl><Point><coordinates>-48.110750,-5.662728,0</coordinates></Point></Placemark>
<Placemark><name>654693</name><styleUrl>#stPoste</styleUrl><Point><coordinates>-48.108767,-5.658107,0</coordinates></Point></Placemark>
<Placemark><name>891593</name><styleUrl>#stPoste</styleUrl><Point><coordinates>-48.104582,-5.652135,0</coordinates></Point></Placemark>
<Placemark><name>32005956</name><styleUrl>#stPoste</styleUrl><Point><coordinates>-48.106242,-5.655992,0</coordinates></Point></Placemark>
<Placemark><name>429291</name><styleUrl>#stPoste</styleUrl><Point><coordinates>-48.108136,-5.660906,0</coordinates></Point></Placemark>
<Placemark><name>699707</name><styleUrl>#stPoste</styleUrl><Point><coordinates>-48.100592,-5.644665,0</coordinates></Point></Placemark>
<Placemark><name>699710</name><styleUrl>#stPoste</styleUrl><Point><coordinates>-48.101335,-5.643908,0</coordinates></Point></Placemark>
<Placemark><name>37025375</name><styleUrl>#stPoste</styleUrl><Point><coordinates>-48.107274,-5.655723,0</coordinates></Point></Placemark>
<Placemark><name>115336</name><styleUrl>#stPoste</styleUrl><Point><coordinates>-48.108315,-5.659121,0</coordinates></Point></Placemark>
<Placemark><name>654437</name><styleUrl>#stPoste</styleUrl><Point><coordinates>-48.107892,-5.655553,0</coordinates></Point></Placemark>
<Placemark><name>699114</name><styleUrl>#stPoste</styleUrl><Point><coordinates>-48.113763,-5.657074,0</coordinates></Point></Placemark>
<Placemark><name>699394</name><styleUrl>#stPoste</styleUrl><Point><coordinates>-48.112203,-5.658066,0</coordinates></Point></Placemark>
<Placemark><name>699398</name><styleUrl>#stPoste</styleUrl><Point><coordinates>-48.111439,-5.658946,0</coordinates></Point></Placemark>
<Placemark><name>699723</name><styleUrl>#stPoste</styleUrl><Point><coordinates>-48.100054,-5.641962,0</coordinates></Point></Placemark>
<Placemark><name>891797</name><styleUrl>#stPoste</styleUrl><Point><coordinates>-48.104800,-5.652723,0</coordinates></Point></Placemark>
<Placemark><name>699722</name><styleUrl>#stPoste</styleUrl><Point><coordinates>-48.100316,-5.642217,0</coordinates></Point></Placemark>
<Placemark><name>697899</name><styleUrl>#stPoste</styleUrl><Point><coordinates>-48.100927,-5.645457,0</coordinates></Point></Placemark>
<Placemark><name>699115</name><styleUrl>#stPoste</styleUrl><Point><coordinates>-48.113498,-5.657159,0</coordinates></Point></Placemark>
<Placemark><name>699395</name><styleUrl>#stPoste</styleUrl><Point><coordinates>-48.112024,-5.658352,0</coordinates></Point></Placemark>
<Placemark><name>699397</name><styleUrl>#stPoste</styleUrl><Point><coordinates>-48.111574,-5.658823,0</coordinates></Point></Placemark>
<Placemark><name>699410</name><styleUrl>#stPoste</styleUrl><Point><coordinates>-48.101087,-5.642978,0</coordinates></Point></Placemark>
<Placemark><name>1098009</name><styleUrl>#stPoste</styleUrl><Point><coordinates>-48.108761,-5.661340,0</coordinates></Point></Placemark>
<Placemark><name>697900</name><styleUrl>#stPoste</styleUrl><Point><coordinates>-48.100375,-5.644888,0</coordinates></Point></Placemark>
<Placemark><name>699411</name><styleUrl>#stPoste</styleUrl><Point><coordinates>-48.113056,-5.657409,0</coordinates></Point></Placemark>
<Placemark><name>699413</name><styleUrl>#stPoste</styleUrl><Point><coordinates>-48.101372,-5.643267,0</coordinates></Point></Placemark>
<Placemark><name>891597</name><styleUrl>#stPoste</styleUrl><Point><coordinates>-48.105871,-5.656096,0</coordinates></Point></Placemark>
<Placemark><name>32004301</name><styleUrl>#stPoste</styleUrl><Point><coordinates>-48.108616,-5.655493,0</coordinates></Point></Placemark>
<Placemark><name>699393</name><styleUrl>#stPoste</styleUrl><Point><coordinates>-48.112523,-5.657835,0</coordinates></Point></Placemark>
<Placemark><name>656098</name><styleUrl>#stPoste</styleUrl><Point><coordinates>-48.108500,-5.655383,0</coordinates></Point></Placemark>
<Placemark><name>699721</name><styleUrl>#stPoste</styleUrl><Point><coordinates>-48.100628,-5.642519,0</coordinates></Point></Placemark>
<Placemark><name>28203011</name><styleUrl>#stPoste</styleUrl><Point><coordinates>-48.101551,-5.650292,0</coordinates></Point></Placemark>
<Placemark><name>699724</name><styleUrl>#stPoste</styleUrl><Point><coordinates>-48.099731,-5.641656,0</coordinates></Point></Placemark>
<Placemark><name>699720</name><styleUrl>#stPoste</styleUrl><Point><coordinates>-48.100858,-5.642753,0</coordinates></Point></Placemark>
<Placemark><name>1098008</name><styleUrl>#stPoste</styleUrl><Point><coordinates>-48.109251,-5.661860,0</coordinates></Point></Placemark>
<Placemark><name>1098006</name><styleUrl>#stPoste</styleUrl><Point><coordinates>-48.109602,-5.662119,0</coordinates></Point></Placemark>
<Placemark><name>658722</name><styleUrl>#stPoste</styleUrl><Point><coordinates>-48.107403,-5.661506,0</coordinates></Point></Placemark>
<Placemark><name>1098972</name><styleUrl>#stPoste</styleUrl><Point><coordinates>-48.108023,-5.660996,0</coordinates></Point></Placemark>
<Placemark><name>1098010</name><styleUrl>#stPoste</styleUrl><Point><coordinates>-48.108701,-5.661451,0</coordinates></Point></Placemark>
<Placemark><name>1098004</name><styleUrl>#stPoste</styleUrl><Point><coordinates>-48.110084,-5.662426,0</coordinates></Point></Placemark>
<Placemark><name>429292</name><styleUrl>#stPoste</styleUrl><Point><coordinates>-48.107972,-5.661031,0</coordinates></Point></Placemark>
<Placemark><name>1098002</name><styleUrl>#stPoste</styleUrl><Point><coordinates>-48.110716,-5.662902,0</coordinates></Point></Placemark>
<Placemark><name>659285</name><styleUrl>#stPoste</styleUrl><Point><coordinates>-48.107371,-5.661460,0</coordinates></Point></Placemark>
<Placemark><name>1097998</name><styleUrl>#stPoste</styleUrl><Point><coordinates>-48.112058,-5.663865,0</coordinates></Point></Placemark>
<Placemark><name>1098000</name><styleUrl>#stPoste</styleUrl><Point><coordinates>-48.111381,-5.663381,0</coordinates></Point></Placemark>
<Placemark><name>127689</name><styleUrl>#stPoste</styleUrl><Point><coordinates>-48.122991,-5.650878,0</coordinates></Point></Placemark>
<Placemark><name>127694</name><styleUrl>#stPoste</styleUrl><Point><coordinates>-48.124076,-5.646281,0</coordinates></Point></Placemark>
<Placemark><name>127815</name><styleUrl>#stPoste</styleUrl><Point><coordinates>-48.127345,-5.649664,0</coordinates></Point></Placemark>
<Placemark><name>127830</name><styleUrl>#stPoste</styleUrl><Point><coordinates>-48.114120,-5.648734,0</coordinates></Point></Placemark>
<Placemark><name>127958</name><styleUrl>#stPoste</styleUrl><Point><coordinates>-48.126063,-5.653004,0</coordinates></Point></Placemark>
<Placemark><name>127971</name><styleUrl>#stPoste</styleUrl><Point><coordinates>-48.123066,-5.651143,0</coordinates></Point></Placemark>
<Placemark><name>162396</name><styleUrl>#stPoste</styleUrl><Point><coordinates>-48.118119,-5.655512,0</coordinates></Point></Placemark>
<Placemark><name>652449</name><styleUrl>#stPoste</styleUrl><Point><coordinates>-48.119778,-5.651161,0</coordinates></Point></Placemark>
<Placemark><name>652624</name><styleUrl>#stPoste</styleUrl><Point><coordinates>-48.124484,-5.647628,0</coordinates></Point></Placemark>
<Placemark><name>652627</name><styleUrl>#stPoste</styleUrl><Point><coordinates>-48.126720,-5.645279,0</coordinates></Point></Placemark>
<Placemark><name>653787</name><styleUrl>#stPoste</styleUrl><Point><coordinates>-48.116037,-5.641498,0</coordinates></Point></Placemark>
<Placemark><name>653936</name><styleUrl>#stPoste</styleUrl><Point><coordinates>-48.116451,-5.655993,0</coordinates></Point></Placemark>
<Placemark><name>654801</name><styleUrl>#stPoste</styleUrl><Point><coordinates>-48.116930,-5.644932,0</coordinates></Point></Placemark>
<Placemark><name>655794</name><styleUrl>#stPoste</styleUrl><Point><coordinates>-48.125597,-5.651591,0</coordinates></Point></Placemark>
<Placemark><name>656039</name><styleUrl>#stPoste</styleUrl><Point><coordinates>-48.124504,-5.650535,0</coordinates></Point></Placemark>
<Placemark><name>1080634</name><styleUrl>#stPoste</styleUrl><Point><coordinates>-48.122831,-5.641468,0</coordinates></Point></Placemark>
<Placemark><name>1218673</name><styleUrl>#stPoste</styleUrl><Point><coordinates>-48.106246,-5.638816,0</coordinates></Point></Placemark>
<Placemark><name>1714456</name><styleUrl>#stPoste</styleUrl><Point><coordinates>-48.121573,-5.649942,0</coordinates></Point></Placemark>
<Placemark><name>1715051</name><styleUrl>#stPoste</styleUrl><Point><coordinates>-48.128658,-5.648309,0</coordinates></Point></Placemark>
<Placemark><name>1715177</name><styleUrl>#stPoste</styleUrl><Point><coordinates>-48.115740,-5.649222,0</coordinates></Point></Placemark>
<Placemark><name>1863159</name><styleUrl>#stPoste</styleUrl><Point><coordinates>-48.112005,-5.647143,0</coordinates></Point></Placemark>
<Placemark><name>32003994</name><styleUrl>#stPoste</styleUrl><Point><coordinates>-48.126628,-5.647166,0</coordinates></Point></Placemark>
<Placemark><name>32004204</name><styleUrl>#stPoste</styleUrl><Point><coordinates>-48.125415,-5.647494,0</coordinates></Point></Placemark>
<Placemark><name>36177648</name><styleUrl>#stPoste</styleUrl><Point><coordinates>-48.121957,-5.656391,0</coordinates></Point></Placemark>
<Placemark><name>36177794</name><styleUrl>#stPoste</styleUrl><Point><coordinates>-48.122899,-5.654759,0</coordinates></Point></Placemark>
<Placemark><name>36178199</name><styleUrl>#stPoste</styleUrl><Point><coordinates>-48.120495,-5.646964,0</coordinates></Point></Placemark>
<Placemark><name>36178275</name><styleUrl>#stPoste</styleUrl><Point><coordinates>-48.117783,-5.648630,0</coordinates></Point></Placemark>
<Placemark><name>38801030</name><styleUrl>#stPoste</styleUrl><Point><coordinates>-48.116925,-5.649386,0</coordinates></Point></Placemark>
<Placemark><name>127825</name><styleUrl>#stPoste</styleUrl><Point><coordinates>-48.111169,-5.648726,0</coordinates></Point></Placemark>
<Placemark><name>127826</name><styleUrl>#stPoste</styleUrl><Point><coordinates>-48.122790,-5.654242,0</coordinates></Point></Placemark>
<Placemark><name>127957</name><styleUrl>#stPoste</styleUrl><Point><coordinates>-48.125750,-5.652138,0</coordinates></Point></Placemark>
<Placemark><name>140824</name><styleUrl>#stPoste</styleUrl><Point><coordinates>-48.112577,-5.646899,0</coordinates></Point></Placemark>
<Placemark><name>652254</name><styleUrl>#stPoste</styleUrl><Point><coordinates>-48.116406,-5.652031,0</coordinates></Point></Placemark>
<Placemark><name>653720</name><styleUrl>#stPoste</styleUrl><Point><coordinates>-48.129008,-5.646525,0</coordinates></Point></Placemark>
<Placemark><name>653894</name><styleUrl>#stPoste</styleUrl><Point><coordinates>-48.123283,-5.652101,0</coordinates></Point></Placemark>
<Placemark><name>655114</name><styleUrl>#stPoste</styleUrl><Point><coordinates>-48.122707,-5.653951,0</coordinates></Point></Placemark>
<Placemark><name>655391</name><styleUrl>#stPoste</styleUrl><Point><coordinates>-48.122081,-5.647254,0</coordinates></Point></Placemark>
<Placemark><name>655685</name><styleUrl>#stPoste</styleUrl><Point><coordinates>-48.117191,-5.650309,0</coordinates></Point></Placemark>
<Placemark><name>655795</name><styleUrl>#stPoste</styleUrl><Point><coordinates>-48.125521,-5.651317,0</coordinates></Point></Placemark>
<Placemark><name>656042</name><styleUrl>#stPoste</styleUrl><Point><coordinates>-48.125422,-5.650254,0</coordinates></Point></Placemark>
<Placemark><name>1714950</name><styleUrl>#stPoste</styleUrl><Point><coordinates>-48.117708,-5.651522,0</coordinates></Point></Placemark>
<Placemark><name>1715293</name><styleUrl>#stPoste</styleUrl><Point><coordinates>-48.119103,-5.649147,0</coordinates></Point></Placemark>
<Placemark><name>1819555</name><styleUrl>#stPoste</styleUrl><Point><coordinates>-48.124255,-5.642595,0</coordinates></Point></Placemark>
<Placemark><name>32004369</name><styleUrl>#stPoste</styleUrl><Point><coordinates>-48.117990,-5.641769,0</coordinates></Point></Placemark>
<Placemark><name>34104315</name><styleUrl>#stPoste</styleUrl><Point><coordinates>-48.117454,-5.645493,0</coordinates></Point></Placemark>
<Placemark><name>36177807</name><styleUrl>#stPoste</styleUrl><Point><coordinates>-48.122745,-5.654239,0</coordinates></Point></Placemark>
<Placemark><name>36178069</name><styleUrl>#stPoste</styleUrl><Point><coordinates>-48.121530,-5.650458,0</coordinates></Point></Placemark>
<Placemark><name>58269661</name><styleUrl>#stPoste</styleUrl><Point><coordinates>-48.106261,-5.639302,0</coordinates></Point></Placemark>
<Placemark><name>127695</name><styleUrl>#stPoste</styleUrl><Point><coordinates>-48.124779,-5.648659,0</coordinates></Point></Placemark>
<Placemark><name>127881</name><styleUrl>#stPoste</styleUrl><Point><coordinates>-48.117446,-5.651197,0</coordinates></Point></Placemark>
<Placemark><name>651931</name><styleUrl>#stPoste</styleUrl><Point><coordinates>-48.123624,-5.649485,0</coordinates></Point></Placemark>
<Placemark><name>653725</name><styleUrl>#stPoste</styleUrl><Point><coordinates>-48.111564,-5.647155,0</coordinates></Point></Placemark>
<Placemark><name>653927</name><styleUrl>#stPoste</styleUrl><Point><coordinates>-48.119989,-5.651900,0</coordinates></Point></Placemark>
<Placemark><name>654911</name><styleUrl>#stPoste</styleUrl><Point><coordinates>-48.123588,-5.653520,0</coordinates></Point></Placemark>
<Placemark><name>655169</name><styleUrl>#stPoste</styleUrl><Point><coordinates>-48.111276,-5.649079,0</coordinates></Point></Placemark>
<Placemark><name>655588</name><styleUrl>#stPoste</styleUrl><Point><coordinates>-48.122024,-5.650223,0</coordinates></Point></Placemark>
<Placemark><name>655937</name><styleUrl>#stPoste</styleUrl><Point><coordinates>-48.114451,-5.649500,0</coordinates></Point></Placemark>
<Placemark><name>656044</name><styleUrl>#stPoste</styleUrl><Point><coordinates>-48.126063,-5.650057,0</coordinates></Point></Placemark>
<Placemark><name>1080629</name><styleUrl>#stPoste</styleUrl><Point><coordinates>-48.124661,-5.641421,0</coordinates></Point></Placemark>
<Placemark><name>1708892</name><styleUrl>#stPoste</styleUrl><Point><coordinates>-48.113777,-5.640645,0</coordinates></Point></Placemark>
<Placemark><name>1713475</name><styleUrl>#stPoste</styleUrl><Point><coordinates>-48.116550,-5.652079,0</coordinates></Point></Placemark>
<Placemark><name>1713614</name><styleUrl>#stPoste</styleUrl><Point><coordinates>-48.120278,-5.656242,0</coordinates></Point></Placemark>
<Placemark><name>1713615</name><styleUrl>#stPoste</styleUrl><Point><coordinates>-48.120174,-5.655938,0</coordinates></Point></Placemark>
<Placemark><name>1713711</name><styleUrl>#stPoste</styleUrl><Point><coordinates>-48.118062,-5.647651,0</coordinates></Point></Placemark>
<Placemark><name>1714122</name><styleUrl>#stPoste</styleUrl><Point><coordinates>-48.121653,-5.646663,0</coordinates></Point></Placemark>
<Placemark><name>1715032</name><styleUrl>#stPoste</styleUrl><Point><coordinates>-48.121931,-5.651249,0</coordinates></Point></Placemark>
<Placemark><name>1715135</name><styleUrl>#stPoste</styleUrl><Point><coordinates>-48.116714,-5.651806,0</coordinates></Point></Placemark>
<Placemark><name>1819677</name><styleUrl>#stPoste</styleUrl><Point><coordinates>-48.125853,-5.642553,0</coordinates></Point></Placemark>
<Placemark><name>36177592</name><styleUrl>#stPoste</styleUrl><Point><coordinates>-48.122530,-5.658208,0</coordinates></Point></Placemark>
<Placemark><name>36178065</name><styleUrl>#stPoste</styleUrl><Point><coordinates>-48.121876,-5.650355,0</coordinates></Point></Placemark>
<Placemark><name>127901</name><styleUrl>#stPoste</styleUrl><Point><coordinates>-48.117436,-5.655644,0</coordinates></Point></Placemark>
<Placemark><name>127966</name><styleUrl>#stPoste</styleUrl><Point><coordinates>-48.116862,-5.649166,0</coordinates></Point></Placemark>
<Placemark><name>651796</name><styleUrl>#stPoste</styleUrl><Point><coordinates>-48.114035,-5.648434,0</coordinates></Point></Placemark>
<Placemark><name>652176</name><styleUrl>#stPoste</styleUrl><Point><coordinates>-48.123691,-5.649457,0</coordinates></Point></Placemark>
<Placemark><name>652178</name><styleUrl>#stPoste</styleUrl><Point><coordinates>-48.127425,-5.648263,0</coordinates></Point></Placemark>
<Placemark><name>653714</name><styleUrl>#stPoste</styleUrl><Point><coordinates>-48.125910,-5.642368,0</coordinates></Point></Placemark>
<Placemark><name>653775</name><styleUrl>#stPoste</styleUrl><Point><coordinates>-48.113788,-5.647568,0</coordinates></Point></Placemark>
<Placemark><name>653926</name><styleUrl>#stPoste</styleUrl><Point><coordinates>-48.119535,-5.652039,0</coordinates></Point></Placemark>
<Placemark><name>654179</name><styleUrl>#stPoste</styleUrl><Point><coordinates>-48.131035,-5.645979,0</coordinates></Point></Placemark>
<Placemark><name>654914</name><styleUrl>#stPoste</styleUrl><Point><coordinates>-48.123295,-5.649856,0</coordinates></Point></Placemark>
<Placemark><name>655032</name><styleUrl>#stPoste</styleUrl><Point><coordinates>-48.115294,-5.639995,0</coordinates></Point></Placemark>
<Placemark><name>655686</name><styleUrl>#stPoste</styleUrl><Point><coordinates>-48.117299,-5.650686,0</coordinates></Point></Placemark>
<Placemark><name>655797</name><styleUrl>#stPoste</styleUrl><Point><coordinates>-48.123255,-5.650918,0</coordinates></Point></Placemark>
<Placemark><name>655851</name><styleUrl>#stPoste</styleUrl><Point><coordinates>-48.120637,-5.647629,0</coordinates></Point></Placemark>
<Placemark><name>1088111</name><styleUrl>#stPoste</styleUrl><Point><coordinates>-48.119586,-5.650900,0</coordinates></Point></Placemark>
<Placemark><name>1262723</name><styleUrl>#stPoste</styleUrl><Point><coordinates>-48.126617,-5.639561,0</coordinates></Point></Placemark>
<Placemark><name>1713389</name><styleUrl>#stPoste</styleUrl><Point><coordinates>-48.130649,-5.648651,0</coordinates></Point></Placemark>
<Placemark><name>1714704</name><styleUrl>#stPoste</styleUrl><Point><coordinates>-48.121757,-5.651379,0</coordinates></Point></Placemark>
<Placemark><name>1715329</name><styleUrl>#stPoste</styleUrl><Point><coordinates>-48.116731,-5.641759,0</coordinates></Point></Placemark>
<Placemark><name>1715566</name><styleUrl>#stPoste</styleUrl><Point><coordinates>-48.116371,-5.655897,0</coordinates></Point></Placemark>
<Placemark><name>32004027</name><styleUrl>#stPoste</styleUrl><Point><coordinates>-48.127635,-5.646895,0</coordinates></Point></Placemark>
<Placemark><name>34104376</name><styleUrl>#stPoste</styleUrl><Point><coordinates>-48.116350,-5.644974,0</coordinates></Point></Placemark>
<Placemark><name>35356799</name><styleUrl>#stPoste</styleUrl><Point><coordinates>-48.121859,-5.646872,0</coordinates></Point></Placemark>
<Placemark><name>36178270</name><styleUrl>#stPoste</styleUrl><Point><coordinates>-48.117704,-5.648366,0</coordinates></Point></Placemark>
<Placemark><name>55422685</name><styleUrl>#stPoste</styleUrl><Point><coordinates>-48.126315,-5.640560,0</coordinates></Point></Placemark>
<Placemark><name>127822</name><styleUrl>#stPoste</styleUrl><Point><coordinates>-48.120700,-5.654397,0</coordinates></Point></Placemark>
<Placemark><name>127890</name><styleUrl>#stPoste</styleUrl><Point><coordinates>-48.128370,-5.652264,0</coordinates></Point></Placemark>
<Placemark><name>521495</name><styleUrl>#stPoste</styleUrl><Point><coordinates>-48.125374,-5.650792,0</coordinates></Point></Placemark>
<Placemark><name>652027</name><styleUrl>#stPoste</styleUrl><Point><coordinates>-48.116475,-5.648066,0</coordinates></Point></Placemark>
<Placemark><name>652190</name><styleUrl>#stPoste</styleUrl><Point><coordinates>-48.117960,-5.656073,0</coordinates></Point></Placemark>
<Placemark><name>652620</name><styleUrl>#stPoste</styleUrl><Point><coordinates>-48.126944,-5.646229,0</coordinates></Point></Placemark>
<Placemark><name>652625</name><styleUrl>#stPoste</styleUrl><Point><coordinates>-48.124378,-5.647277,0</coordinates></Point></Placemark>
<Placemark><name>653563</name><styleUrl>#stPoste</styleUrl><Point><coordinates>-48.117311,-5.648678,0</coordinates></Point></Placemark>
<Placemark><name>653709</name><styleUrl>#stPoste</styleUrl><Point><coordinates>-48.126553,-5.644625,0</coordinates></Point></Placemark>
<Placemark><name>653722</name><styleUrl>#stPoste</styleUrl><Point><coordinates>-48.122249,-5.648256,0</coordinates></Point></Placemark>
<Placemark><name>654997</name><styleUrl>#stPoste</styleUrl><Point><coordinates>-48.119382,-5.649771,0</coordinates></Point></Placemark>
<Placemark><name>655029</name><styleUrl>#stPoste</styleUrl><Point><coordinates>-48.114175,-5.648667,0</coordinates></Point></Placemark>
<Placemark><name>655345</name><styleUrl>#stPoste</styleUrl><Point><coordinates>-48.121730,-5.650308,0</coordinates></Point></Placemark>
<Placemark><name>655863</name><styleUrl>#stPoste</styleUrl><Point><coordinates>-48.125396,-5.640560,0</coordinates></Point></Placemark>
<Placemark><name>655936</name><styleUrl>#stPoste</styleUrl><Point><coordinates>-48.114737,-5.649417,0</coordinates></Point></Placemark>
<Placemark><name>1080942</name><styleUrl>#stPoste</styleUrl><Point><coordinates>-48.124269,-5.642200,0</coordinates></Point></Placemark>
<Placemark><name>1081250</name><styleUrl>#stPoste</styleUrl><Point><coordinates>-48.120342,-5.656210,0</coordinates></Point></Placemark>
<Placemark><name>1714455</name><styleUrl>#stPoste</styleUrl><Point><coordinates>-48.121468,-5.649557,0</coordinates></Point></Placemark>
<Placemark><name>1714910</name><styleUrl>#stPoste</styleUrl><Point><coordinates>-48.126549,-5.645392,0</coordinates></Point></Placemark>
<Placemark><name>1715207</name><styleUrl>#stPoste</styleUrl><Point><coordinates>-48.125831,-5.652702,0</coordinates></Point></Placemark>
<Placemark><name>1878351</name><styleUrl>#stPoste</styleUrl><Point><coordinates>-48.115106,-5.640092,0</coordinates></Point></Placemark>
<Placemark><name>20825985</name><styleUrl>#stPoste</styleUrl><Point><coordinates>-48.129551,-5.651340,0</coordinates></Point></Placemark>
<Placemark><name>32004352</name><styleUrl>#stPoste</styleUrl><Point><coordinates>-48.118797,-5.640044,0</coordinates></Point></Placemark>
<Placemark><name>36177995</name><styleUrl>#stPoste</styleUrl><Point><coordinates>-48.121581,-5.650181,0</coordinates></Point></Placemark>
<Placemark><name>36178052</name><styleUrl>#stPoste</styleUrl><Point><coordinates>-48.123217,-5.649963,0</coordinates></Point></Placemark>
<Placemark><name>36178242</name><styleUrl>#stPoste</styleUrl><Point><coordinates>-48.118302,-5.647443,0</coordinates></Point></Placemark>
<Placemark><name>91582</name><styleUrl>#stPoste</styleUrl><Point><coordinates>-48.111993,-5.644258,0</coordinates></Point></Placemark>
<Placemark><name>127887</name><styleUrl>#stPoste</styleUrl><Point><coordinates>-48.127713,-5.649475,0</coordinates></Point></Placemark>
<Placemark><name>651930</name><styleUrl>#stPoste</styleUrl><Point><coordinates>-48.123460,-5.649025,0</coordinates></Point></Placemark>
<Placemark><name>653899</name><styleUrl>#stPoste</styleUrl><Point><coordinates>-48.123820,-5.650034,0</coordinates></Point></Placemark>
<Placemark><name>654177</name><styleUrl>#stPoste</styleUrl><Point><coordinates>-48.119412,-5.654945,0</coordinates></Point></Placemark>
<Placemark><name>654907</name><styleUrl>#stPoste</styleUrl><Point><coordinates>-48.126938,-5.649789,0</coordinates></Point></Placemark>
<Placemark><name>655006</name><styleUrl>#stPoste</styleUrl><Point><coordinates>-48.114200,-5.649013,0</coordinates></Point></Placemark>
<Placemark><name>655340</name><styleUrl>#stPoste</styleUrl><Point><coordinates>-48.128571,-5.649288,0</coordinates></Point></Placemark>
<Placemark><name>655848</name><styleUrl>#stPoste</styleUrl><Point><coordinates>-48.126788,-5.645569,0</coordinates></Point></Placemark>
<Placemark><name>655866</name><styleUrl>#stPoste</styleUrl><Point><coordinates>-48.113096,-5.649889,0</coordinates></Point></Placemark>
<Placemark><name>875108</name><styleUrl>#stPoste</styleUrl><Point><coordinates>-48.120304,-5.647838,0</coordinates></Point></Placemark>
<Placemark><name>1080626</name><styleUrl>#stPoste</styleUrl><Point><coordinates>-48.125750,-5.641394,0</coordinates></Point></Placemark>
<Placemark><name>1080944</name><styleUrl>#stPoste</styleUrl><Point><coordinates>-48.124194,-5.641884,0</coordinates></Point></Placemark>
<Placemark><name>1081248</name><styleUrl>#stPoste</styleUrl><Point><coordinates>-48.120163,-5.655637,0</coordinates></Point></Placemark>
<Placemark><name>1376928</name><styleUrl>#stPoste</styleUrl><Point><coordinates>-48.128549,-5.641318,0</coordinates></Point></Placemark>
<Placemark><name>1708980</name><styleUrl>#stPoste</styleUrl><Point><coordinates>-48.126819,-5.645322,0</coordinates></Point></Placemark>
<Placemark><name>1713612</name><styleUrl>#stPoste</styleUrl><Point><coordinates>-48.120397,-5.656584,0</coordinates></Point></Placemark>
<Placemark><name>1715446</name><styleUrl>#stPoste</styleUrl><Point><coordinates>-48.117455,-5.650829,0</coordinates></Point></Placemark>
<Placemark><name>32004042</name><styleUrl>#stPoste</styleUrl><Point><coordinates>-48.127931,-5.646815,0</coordinates></Point></Placemark>
<Placemark><name>32004089</name><styleUrl>#stPoste</styleUrl><Point><coordinates>-48.122409,-5.648303,0</coordinates></Point></Placemark>
<Placemark><name>32004191</name><styleUrl>#stPoste</styleUrl><Point><coordinates>-48.125074,-5.647585,0</coordinates></Point></Placemark>
<Placemark><name>36177717</name><styleUrl>#stPoste</styleUrl><Point><coordinates>-48.122852,-5.655321,0</coordinates></Point></Placemark>
<Placemark><name>36177953</name><styleUrl>#stPoste</styleUrl><Point><coordinates>-48.122340,-5.652846,0</coordinates></Point></Placemark>
<Placemark><name>36178233</name><styleUrl>#stPoste</styleUrl><Point><coordinates>-48.117388,-5.647683,0</coordinates></Point></Placemark>
<Placemark><name>58815073</name><styleUrl>#stPoste</styleUrl><Point><coordinates>-48.118543,-5.647235,0</coordinates></Point></Placemark>
<Placemark><name>127690</name><styleUrl>#stPoste</styleUrl><Point><coordinates>-48.123143,-5.651416,0</coordinates></Point></Placemark>
<Placemark><name>127820</name><styleUrl>#stPoste</styleUrl><Point><coordinates>-48.122428,-5.648889,0</coordinates></Point></Placemark>
<Placemark><name>127894</name><styleUrl>#stPoste</styleUrl><Point><coordinates>-48.129100,-5.649425,0</coordinates></Point></Placemark>
<Placemark><name>127897</name><styleUrl>#stPoste</styleUrl><Point><coordinates>-48.129531,-5.650640,0</coordinates></Point></Placemark>
<Placemark><name>208123</name><styleUrl>#stPoste</styleUrl><Point><coordinates>-48.123440,-5.652469,0</coordinates></Point></Placemark>
<Placemark><name>638579</name><styleUrl>#stPoste</styleUrl><Point><coordinates>-48.128161,-5.651381,0</coordinates></Point></Placemark>
<Placemark><name>651804</name><styleUrl>#stPoste</styleUrl><Point><coordinates>-48.116683,-5.648544,0</coordinates></Point></Placemark>
<Placemark><name>651892</name><styleUrl>#stPoste</styleUrl><Point><coordinates>-48.120214,-5.650745,0</coordinates></Point></Placemark>
<Placemark><name>652413</name><styleUrl>#stPoste</styleUrl><Point><coordinates>-48.110271,-5.647485,0</coordinates></Point></Placemark>
<Placemark><name>653451</name><styleUrl>#stPoste</styleUrl><Point><coordinates>-48.128738,-5.650610,0</coordinates></Point></Placemark>
<Placemark><name>653452</name><styleUrl>#stPoste</styleUrl><Point><coordinates>-48.128302,-5.651975,0</coordinates></Point></Placemark>
<Placemark><name>653672</name><styleUrl>#stPoste</styleUrl><Point><coordinates>-48.127574,-5.648894,0</coordinates></Point></Placemark>
<Placemark><name>653777</name><styleUrl>#stPoste</styleUrl><Point><coordinates>-48.113565,-5.646786,0</coordinates></Point></Placemark>
<Placemark><name>654910</name><styleUrl>#stPoste</styleUrl><Point><coordinates>-48.123857,-5.653422,0</coordinates></Point></Placemark>
<Placemark><name>655037</name><styleUrl>#stPoste</styleUrl><Point><coordinates>-48.113431,-5.643589,0</coordinates></Point></Placemark>
<Placemark><name>655113</name><styleUrl>#stPoste</styleUrl><Point><coordinates>-48.122607,-5.653632,0</coordinates></Point></Placemark>
<Placemark><name>655709</name><styleUrl>#stPoste</styleUrl><Point><coordinates>-48.117291,-5.643845,0</coordinates></Point></Placemark>
<Placemark><name>1714516</name><styleUrl>#stPoste</styleUrl><Point><coordinates>-48.117258,-5.644321,0</coordinates></Point></Placemark>
<Placemark><name>1714565</name><styleUrl>#stPoste</styleUrl><Point><coordinates>-48.122017,-5.651298,0</coordinates></Point></Placemark>
<Placemark><name>32004079</name><styleUrl>#stPoste</styleUrl><Point><coordinates>-48.122145,-5.648374,0</coordinates></Point></Placemark>
<Placemark><name>32004342</name><styleUrl>#stPoste</styleUrl><Point><coordinates>-48.121937,-5.639955,0</coordinates></Point></Placemark>
<Placemark><name>34270881</name><styleUrl>#stPoste</styleUrl><Point><coordinates>-48.118585,-5.652315,0</coordinates></Point></Placemark>
<Placemark><name>36177617</name><styleUrl>#stPoste</styleUrl><Point><coordinates>-48.122208,-5.657681,0</coordinates></Point></Placemark>
<Placemark><name>44520502</name><styleUrl>#stPoste</styleUrl><Point><coordinates>-48.126455,-5.649937,0</coordinates></Point></Placemark>
<Placemark><name>58467118</name><styleUrl>#stPoste</styleUrl><Point><coordinates>-48.122517,-5.653304,0</coordinates></Point></Placemark>
<Placemark><name>127813</name><styleUrl>#stPoste</styleUrl><Point><coordinates>-48.123003,-5.651090,0</coordinates></Point></Placemark>
<Placemark><name>127879</name><styleUrl>#stPoste</styleUrl><Point><coordinates>-48.118411,-5.652344,0</coordinates></Point></Placemark>
<Placemark><name>127951</name><styleUrl>#stPoste</styleUrl><Point><coordinates>-48.121561,-5.656825,0</coordinates></Point></Placemark>
<Placemark><name>127953</name><styleUrl>#stPoste</styleUrl><Point><coordinates>-48.125224,-5.650260,0</coordinates></Point></Placemark>
<Placemark><name>127959</name><styleUrl>#stPoste</styleUrl><Point><coordinates>-48.126930,-5.640316,0</coordinates></Point></Placemark>
<Placemark><name>651798</name><styleUrl>#stPoste</styleUrl><Point><coordinates>-48.113823,-5.640781,0</coordinates></Point></Placemark>
<Placemark><name>652031</name><styleUrl>#stPoste</styleUrl><Point><coordinates>-48.112621,-5.640392,0</coordinates></Point></Placemark>
<Placemark><name>652367</name><styleUrl>#stPoste</styleUrl><Point><coordinates>-48.129181,-5.649706,0</coordinates></Point></Placemark>
<Placemark><name>652619</name><styleUrl>#stPoste</styleUrl><Point><coordinates>-48.127109,-5.646926,0</coordinates></Point></Placemark>
<Placemark><name>652641</name><styleUrl>#stPoste</styleUrl><Point><coordinates>-48.110746,-5.647358,0</coordinates></Point></Placemark>
<Placemark><name>653560</name><styleUrl>#stPoste</styleUrl><Point><coordinates>-48.118376,-5.648372,0</coordinates></Point></Placemark>
<Placemark><name>654178</name><styleUrl>#stPoste</styleUrl><Point><coordinates>-48.119077,-5.655064,0</coordinates></Point></Placemark>
<Placemark><name>655852</name><styleUrl>#stPoste</styleUrl><Point><coordinates>-48.120992,-5.647537,0</coordinates></Point></Placemark>
<Placemark><name>1081246</name><styleUrl>#stPoste</styleUrl><Point><coordinates>-48.119923,-5.654967,0</coordinates></Point></Placemark>
<Placemark><name>1713621</name><styleUrl>#stPoste</styleUrl><Point><coordinates>-48.119776,-5.654780,0</coordinates></Point></Placemark>
<Placemark><name>1715561</name><styleUrl>#stPoste</styleUrl><Point><coordinates>-48.120710,-5.646858,0</coordinates></Point></Placemark>
<Placemark><name>28310948</name><styleUrl>#stPoste</styleUrl><Point><coordinates>-48.122931,-5.654733,0</coordinates></Point></Placemark>
<Placemark><name>28310964</name><styleUrl>#stPoste</styleUrl><Point><coordinates>-48.122863,-5.654497,0</coordinates></Point></Placemark>
<Placemark><name>32004011</name><styleUrl>#stPoste</styleUrl><Point><coordinates>-48.126979,-5.647072,0</coordinates></Point></Placemark>
<Placemark><name>32004357</name><styleUrl>#stPoste</styleUrl><Point><coordinates>-48.120420,-5.640005,0</coordinates></Point></Placemark>
<Placemark><name>32004364</name><styleUrl>#stPoste</styleUrl><Point><coordinates>-48.118597,-5.639956,0</coordinates></Point></Placemark>
<Placemark><name>32149376</name><styleUrl>#stPoste</styleUrl><Point><coordinates>-48.114239,-5.646474,0</coordinates></Point></Placemark>
<Placemark><name>34104369</name><styleUrl>#stPoste</styleUrl><Point><coordinates>-48.116548,-5.645067,0</coordinates></Point></Placemark>
<Placemark><name>36177770</name><styleUrl>#stPoste</styleUrl><Point><coordinates>-48.122988,-5.655063,0</coordinates></Point></Placemark>
<Placemark><name>36663371</name><styleUrl>#stPoste</styleUrl><Point><coordinates>-48.118956,-5.646645,0</coordinates></Point></Placemark>
<Placemark><name>51983205</name><styleUrl>#stPoste</styleUrl><Point><coordinates>-48.122150,-5.657444,0</coordinates></Point></Placemark>
<Placemark><name>127882</name><styleUrl>#stPoste</styleUrl><Point><coordinates>-48.127033,-5.646605,0</coordinates></Point></Placemark>
<Placemark><name>127956</name><styleUrl>#stPoste</styleUrl><Point><coordinates>-48.125684,-5.651901,0</coordinates></Point></Placemark>
<Placemark><name>651803</name><styleUrl>#stPoste</styleUrl><Point><coordinates>-48.116793,-5.648927,0</coordinates></Point></Placemark>
<Placemark><name>652134</name><styleUrl>#stPoste</styleUrl><Point><coordinates>-48.130908,-5.650009,0</coordinates></Point></Placemark>
<Placemark><name>653575</name><styleUrl>#stPoste</styleUrl><Point><coordinates>-48.115356,-5.641277,0</coordinates></Point></Placemark>
<Placemark><name>654430</name><styleUrl>#stPoste</styleUrl><Point><coordinates>-48.118733,-5.655186,0</coordinates></Point></Placemark>
<Placemark><name>655001</name><styleUrl>#stPoste</styleUrl><Point><coordinates>-48.117698,-5.651655,0</coordinates></Point></Placemark>
<Placemark><name>655039</name><styleUrl>#stPoste</styleUrl><Point><coordinates>-48.116483,-5.647847,0</coordinates></Point></Placemark>
<Placemark><name>655343</name><styleUrl>#stPoste</styleUrl><Point><coordinates>-48.120840,-5.650564,0</coordinates></Point></Placemark>
<Placemark><name>655867</name><styleUrl>#stPoste</styleUrl><Point><coordinates>-48.112784,-5.649978,0</coordinates></Point></Placemark>
<Placemark><name>655951</name><styleUrl>#stPoste</styleUrl><Point><coordinates>-48.116051,-5.644834,0</coordinates></Point></Placemark>
<Placemark><name>656038</name><styleUrl>#stPoste</styleUrl><Point><coordinates>-48.124225,-5.650621,0</coordinates></Point></Placemark>
<Placemark><name>656040</name><styleUrl>#stPoste</styleUrl><Point><coordinates>-48.124819,-5.650439,0</coordinates></Point></Placemark>
<Placemark><name>1114701</name><styleUrl>#stPoste</styleUrl><Point><coordinates>-48.123859,-5.645810,0</coordinates></Point></Placemark>
<Placemark><name>1363361</name><styleUrl>#stPoste</styleUrl><Point><coordinates>-48.112995,-5.640513,0</coordinates></Point></Placemark>
<Placemark><name>36177681</name><styleUrl>#stPoste</styleUrl><Point><coordinates>-48.121831,-5.655786,0</coordinates></Point></Placemark>
<Placemark><name>36177960</name><styleUrl>#stPoste</styleUrl><Point><coordinates>-48.121977,-5.651591,0</coordinates></Point></Placemark>
<Placemark><name>36178030</name><styleUrl>#stPoste</styleUrl><Point><coordinates>-48.119653,-5.651001,0</coordinates></Point></Placemark>
<Placemark><name>36178145</name><styleUrl>#stPoste</styleUrl><Point><coordinates>-48.120931,-5.647853,0</coordinates></Point></Placemark>
<Placemark><name>36178246</name><styleUrl>#stPoste</styleUrl><Point><coordinates>-48.117691,-5.647603,0</coordinates></Point></Placemark>
<Placemark><name>53469100</name><styleUrl>#stPoste</styleUrl><Point><coordinates>-48.115898,-5.636320,0</coordinates></Point></Placemark>
<Placemark><name>58269631</name><styleUrl>#stPoste</styleUrl><Point><coordinates>-48.109282,-5.641964,0</coordinates></Point></Placemark>
<Placemark><name>127697</name><styleUrl>#stPoste</styleUrl><Point><coordinates>-48.121165,-5.654300,0</coordinates></Point></Placemark>
<Placemark><name>127969</name><styleUrl>#stPoste</styleUrl><Point><coordinates>-48.118677,-5.648285,0</coordinates></Point></Placemark>
<Placemark><name>652255</name><styleUrl>#stPoste</styleUrl><Point><coordinates>-48.116706,-5.651941,0</coordinates></Point></Placemark>
<Placemark><name>652623</name><styleUrl>#stPoste</styleUrl><Point><coordinates>-48.124582,-5.647950,0</coordinates></Point></Placemark>
<Placemark><name>652646</name><styleUrl>#stPoste</styleUrl><Point><coordinates>-48.110836,-5.649335,0</coordinates></Point></Placemark>
<Placemark><name>653513</name><styleUrl>#stPoste</styleUrl><Point><coordinates>-48.111161,-5.647257,0</coordinates></Point></Placemark>
<Placemark><name>653702</name><styleUrl>#stPoste</styleUrl><Point><coordinates>-48.121066,-5.655509,0</coordinates></Point></Placemark>
<Placemark><name>653707</name><styleUrl>#stPoste</styleUrl><Point><coordinates>-48.118854,-5.652236,0</coordinates></Point></Placemark>
<Placemark><name>653718</name><styleUrl>#stPoste</styleUrl><Point><coordinates>-48.129327,-5.646439,0</coordinates></Point></Placemark>
<Placemark><name>654252</name><styleUrl>#stPoste</styleUrl><Point><coordinates>-48.113844,-5.651224,0</coordinates></Point></Placemark>
<Placemark><name>654484</name><styleUrl>#stPoste</styleUrl><Point><coordinates>-48.111365,-5.649373,0</coordinates></Point></Placemark>
<Placemark><name>654912</name><styleUrl>#stPoste</styleUrl><Point><coordinates>-48.123299,-5.653626,0</coordinates></Point></Placemark>
<Placemark><name>655871</name><styleUrl>#stPoste</styleUrl><Point><coordinates>-48.111322,-5.650398,0</coordinates></Point></Placemark>
<Placemark><name>1080635</name><styleUrl>#stPoste</styleUrl><Point><coordinates>-48.123860,-5.640543,0</coordinates></Point></Placemark>
<Placemark><name>1080939</name><styleUrl>#stPoste</styleUrl><Point><coordinates>-48.123949,-5.640893,0</coordinates></Point></Placemark>
<Placemark><name>1348073</name><styleUrl>#stPoste</styleUrl><Point><coordinates>-48.112504,-5.640448,0</coordinates></Point></Placemark>
<Placemark><name>1714422</name><styleUrl>#stPoste</styleUrl><Point><coordinates>-48.122334,-5.652657,0</coordinates></Point></Placemark>
<Placemark><name>32004212</name><styleUrl>#stPoste</styleUrl><Point><coordinates>-48.126004,-5.647334,0</coordinates></Point></Placemark>
<Placemark><name>32149442</name><styleUrl>#stPoste</styleUrl><Point><coordinates>-48.115525,-5.646149,0</coordinates></Point></Placemark>
<Placemark><name>36177601</name><styleUrl>#stPoste</styleUrl><Point><coordinates>-48.122365,-5.657938,0</coordinates></Point></Placemark>
<Placemark><name>36177729</name><styleUrl>#stPoste</styleUrl><Point><coordinates>-48.123079,-5.655413,0</coordinates></Point></Placemark>
<Placemark><name>36178243</name><styleUrl>#stPoste</styleUrl><Point><coordinates>-48.117997,-5.647523,0</coordinates></Point></Placemark>
<Placemark><name>36179811</name><styleUrl>#stPoste</styleUrl><Point><coordinates>-48.117550,-5.647850,0</coordinates></Point></Placemark>
<Placemark><name>55422679</name><styleUrl>#stPoste</styleUrl><Point><coordinates>-48.125749,-5.640716,0</coordinates></Point></Placemark>
<Placemark><name>69683032</name><styleUrl>#stPoste</styleUrl><Point><coordinates>-48.117748,-5.647733,0</coordinates></Point></Placemark>
<Placemark><name>162395</name><styleUrl>#stPoste</styleUrl><Point><coordinates>-48.118100,-5.655410,0</coordinates></Point></Placemark>
<Placemark><name>652622</name><styleUrl>#stPoste</styleUrl><Point><coordinates>-48.124680,-5.648304,0</coordinates></Point></Placemark>
<Placemark><name>653716</name><styleUrl>#stPoste</styleUrl><Point><coordinates>-48.121178,-5.648517,0</coordinates></Point></Placemark>
<Placemark><name>654665</name><styleUrl>#stPoste</styleUrl><Point><coordinates>-48.129143,-5.649112,0</coordinates></Point></Placemark>
<Placemark><name>654772</name><styleUrl>#stPoste</styleUrl><Point><coordinates>-48.114049,-5.651161,0</coordinates></Point></Placemark>
<Placemark><name>654913</name><styleUrl>#stPoste</styleUrl><Point><coordinates>-48.122962,-5.649952,0</coordinates></Point></Placemark>
<Placemark><name>654917</name><styleUrl>#stPoste</styleUrl><Point><coordinates>-48.122727,-5.653834,0</coordinates></Point></Placemark>
<Placemark><name>655117</name><styleUrl>#stPoste</styleUrl><Point><coordinates>-48.130606,-5.650093,0</coordinates></Point></Placemark>
<Placemark><name>655684</name><styleUrl>#stPoste</styleUrl><Point><coordinates>-48.117109,-5.650026,0</coordinates></Point></Placemark>
<Placemark><name>655935</name><styleUrl>#stPoste</styleUrl><Point><coordinates>-48.115062,-5.649324,0</coordinates></Point></Placemark>
<Placemark><name>1096743</name><styleUrl>#stPoste</styleUrl><Point><coordinates>-48.115745,-5.644690,0</coordinates></Point></Placemark>
<Placemark><name>1714421</name><styleUrl>#stPoste</styleUrl><Point><coordinates>-48.122232,-5.652311,0</coordinates></Point></Placemark>
<Placemark><name>20813123</name><styleUrl>#stPoste</styleUrl><Point><coordinates>-48.122382,-5.648724,0</coordinates></Point></Placemark>
<Placemark><name>32004334</name><styleUrl>#stPoste</styleUrl><Point><coordinates>-48.123033,-5.641392,0</coordinates></Point></Placemark>
<Placemark><name>32004353</name><styleUrl>#stPoste</styleUrl><Point><coordinates>-48.119101,-5.640034,0</coordinates></Point></Placemark>
<Placemark><name>32004359</name><styleUrl>#stPoste</styleUrl><Point><coordinates>-48.121144,-5.639986,0</coordinates></Point></Placemark>
<Placemark><name>32149352</name><styleUrl>#stPoste</styleUrl><Point><coordinates>-48.113920,-5.646556,0</coordinates></Point></Placemark>
<Placemark><name>36178225</name><styleUrl>#stPoste</styleUrl><Point><coordinates>-48.118940,-5.647374,0</coordinates></Point></Placemark>
<Placemark><name>36663362</name><styleUrl>#stPoste</styleUrl><Point><coordinates>-48.119516,-5.648050,0</coordinates></Point></Placemark>
<Placemark><name>127880</name><styleUrl>#stPoste</styleUrl><Point><coordinates>-48.119433,-5.649949,0</coordinates></Point></Placemark>
<Placemark><name>642843</name><styleUrl>#stPoste</styleUrl><Point><coordinates>-48.116797,-5.645184,0</coordinates></Point></Placemark>
<Placemark><name>651797</name><styleUrl>#stPoste</styleUrl><Point><coordinates>-48.113968,-5.648202,0</coordinates></Point></Placemark>
<Placemark><name>651801</name><styleUrl>#stPoste</styleUrl><Point><coordinates>-48.115807,-5.644557,0</coordinates></Point></Placemark>
<Placemark><name>652253</name><styleUrl>#stPoste</styleUrl><Point><coordinates>-48.116129,-5.652111,0</coordinates></Point></Placemark>
<Placemark><name>652617</name><styleUrl>#stPoste</styleUrl><Point><coordinates>-48.127271,-5.647612,0</coordinates></Point></Placemark>
<Placemark><name>653504</name><styleUrl>#stPoste</styleUrl><Point><coordinates>-48.126892,-5.640326,0</coordinates></Point></Placemark>
<Placemark><name>653509</name><styleUrl>#stPoste</styleUrl><Point><coordinates>-48.127746,-5.640106,0</coordinates></Point></Placemark>
<Placemark><name>654410</name><styleUrl>#stPoste</styleUrl><Point><coordinates>-48.123697,-5.649688,0</coordinates></Point></Placemark>
<Placemark><name>654820</name><styleUrl>#stPoste</styleUrl><Point><coordinates>-48.116010,-5.636124,0</coordinates></Point></Placemark>
<Placemark><name>655000</name><styleUrl>#stPoste</styleUrl><Point><coordinates>-48.117615,-5.651785,0</coordinates></Point></Placemark>
<Placemark><name>655025</name><styleUrl>#stPoste</styleUrl><Point><coordinates>-48.116026,-5.636710,0</coordinates></Point></Placemark>
<Placemark><name>655341</name><styleUrl>#stPoste</styleUrl><Point><coordinates>-48.128872,-5.649195,0</coordinates></Point></Placemark>
<Placemark><name>655491</name><styleUrl>#stPoste</styleUrl><Point><coordinates>-48.116482,-5.641642,0</coordinates></Point></Placemark>
<Placemark><name>655853</name><styleUrl>#stPoste</styleUrl><Point><coordinates>-48.121225,-5.647476,0</coordinates></Point></Placemark>
<Placemark><name>1017060</name><styleUrl>#stPoste</styleUrl><Point><coordinates>-48.119566,-5.650417,0</coordinates></Point></Placemark>
<Placemark><name>1114702</name><styleUrl>#stPoste</styleUrl><Point><coordinates>-48.123850,-5.645782,0</coordinates></Point></Placemark>
<Placemark><name>1376929</name><styleUrl>#stPoste</styleUrl><Point><coordinates>-48.128004,-5.640366,0</coordinates></Point></Placemark>
<Placemark><name>1714419</name><styleUrl>#stPoste</styleUrl><Point><coordinates>-48.122103,-5.651845,0</coordinates></Point></Placemark>
<Placemark><name>1714693</name><styleUrl>#stPoste</styleUrl><Point><coordinates>-48.126203,-5.649964,0</coordinates></Point></Placemark>
<Placemark><name>1715208</name><styleUrl>#stPoste</styleUrl><Point><coordinates>-48.127406,-5.648670,0</coordinates></Point></Placemark>
<Placemark><name>1715233</name><styleUrl>#stPoste</styleUrl><Point><coordinates>-48.121197,-5.656709,0</coordinates></Point></Placemark>
<Placemark><name>1715676</name><styleUrl>#stPoste</styleUrl><Point><coordinates>-48.117438,-5.647595,0</coordinates></Point></Placemark>
<Placemark><name>1819666</name><styleUrl>#stPoste</styleUrl><Point><coordinates>-48.126175,-5.643710,0</coordinates></Point></Placemark>
<Placemark><name>1878359</name><styleUrl>#stPoste</styleUrl><Point><coordinates>-48.112428,-5.640174,0</coordinates></Point></Placemark>
<Placemark><name>20825997</name><styleUrl>#stPoste</styleUrl><Point><coordinates>-48.129447,-5.650630,0</coordinates></Point></Placemark>
<Placemark><name>32004331</name><styleUrl>#stPoste</styleUrl><Point><coordinates>-48.122966,-5.641121,0</coordinates></Point></Placemark>
<Placemark><name>32004345</name><styleUrl>#stPoste</styleUrl><Point><coordinates>-48.122204,-5.639952,0</coordinates></Point></Placemark>
<Placemark><name>36178204</name><styleUrl>#stPoste</styleUrl><Point><coordinates>-48.120186,-5.647044,0</coordinates></Point></Placemark>
<Placemark><name>36180373</name><styleUrl>#stPoste</styleUrl><Point><coordinates>-48.121259,-5.649031,0</coordinates></Point></Placemark>
<Placemark><name>44597596</name><styleUrl>#stPoste</styleUrl><Point><coordinates>-48.122711,-5.649889,0</coordinates></Point></Placemark>
<Placemark><name>127968</name><styleUrl>#stPoste</styleUrl><Point><coordinates>-48.116584,-5.648198,0</coordinates></Point></Placemark>
<Placemark><name>653721</name><styleUrl>#stPoste</styleUrl><Point><coordinates>-48.128725,-5.646601,0</coordinates></Point></Placemark>
<Placemark><name>653726</name><styleUrl>#stPoste</styleUrl><Point><coordinates>-48.111887,-5.647068,0</coordinates></Point></Placemark>
<Placemark><name>653928</name><styleUrl>#stPoste</styleUrl><Point><coordinates>-48.120095,-5.652274,0</coordinates></Point></Placemark>
<Placemark><name>654253</name><styleUrl>#stPoste</styleUrl><Point><coordinates>-48.113608,-5.651297,0</coordinates></Point></Placemark>
<Placemark><name>654908</name><styleUrl>#stPoste</styleUrl><Point><coordinates>-48.127131,-5.649730,0</coordinates></Point></Placemark>
<Placemark><name>654942</name><styleUrl>#stPoste</styleUrl><Point><coordinates>-48.121783,-5.647331,0</coordinates></Point></Placemark>
<Placemark><name>655007</name><styleUrl>#stPoste</styleUrl><Point><coordinates>-48.117411,-5.643486,0</coordinates></Point></Placemark>
<Placemark><name>1017061</name><styleUrl>#stPoste</styleUrl><Point><coordinates>-48.119267,-5.649365,0</coordinates></Point></Placemark>
<Placemark><name>1081249</name><styleUrl>#stPoste</styleUrl><Point><coordinates>-48.120259,-5.655957,0</coordinates></Point></Placemark>
<Placemark><name>1713677</name><styleUrl>#stPoste</styleUrl><Point><coordinates>-48.119588,-5.651111,0</coordinates></Point></Placemark>
<Placemark><name>1715196</name><styleUrl>#stPoste</styleUrl><Point><coordinates>-48.128379,-5.651772,0</coordinates></Point></Placemark>
<Placemark><name>1819669</name><styleUrl>#stPoste</styleUrl><Point><coordinates>-48.123544,-5.641573,0</coordinates></Point></Placemark>
<Placemark><name>36177999</name><styleUrl>#stPoste</styleUrl><Point><coordinates>-48.121495,-5.649876,0</coordinates></Point></Placemark>
<Placemark><name>36178076</name><styleUrl>#stPoste</styleUrl><Point><coordinates>-48.120925,-5.650636,0</coordinates></Point></Placemark>
<Placemark><name>36178183</name><styleUrl>#stPoste</styleUrl><Point><coordinates>-48.120794,-5.646886,0</coordinates></Point></Placemark>
<Placemark><name>36178252</name><styleUrl>#stPoste</styleUrl><Point><coordinates>-48.117460,-5.647547,0</coordinates></Point></Placemark>
<Placemark><name>36663363</name><styleUrl>#stPoste</styleUrl><Point><coordinates>-48.119371,-5.647510,0</coordinates></Point></Placemark>
<Placemark><name>118110</name><styleUrl>#stPoste</styleUrl><Point><coordinates>-48.106459,-5.638614,0</coordinates></Point></Placemark>
<Placemark><name>127952</name><styleUrl>#stPoste</styleUrl><Point><coordinates>-48.115888,-5.652176,0</coordinates></Point></Placemark>
<Placemark><name>651800</name><styleUrl>#stPoste</styleUrl><Point><coordinates>-48.113231,-5.640589,0</coordinates></Point></Placemark>
<Placemark><name>652258</name><styleUrl>#stPoste</styleUrl><Point><coordinates>-48.113016,-5.650381,0</coordinates></Point></Placemark>
<Placemark><name>652366</name><styleUrl>#stPoste</styleUrl><Point><coordinates>-48.128809,-5.648413,0</coordinates></Point></Placemark>
<Placemark><name>653566</name><styleUrl>#stPoste</styleUrl><Point><coordinates>-48.113897,-5.647953,0</coordinates></Point></Placemark>
<Placemark><name>653700</name><styleUrl>#stPoste</styleUrl><Point><coordinates>-48.120862,-5.654966,0</coordinates></Point></Placemark>
<Placemark><name>653708</name><styleUrl>#stPoste</styleUrl><Point><coordinates>-48.126627,-5.644885,0</coordinates></Point></Placemark>
<Placemark><name>653712</name><styleUrl>#stPoste</styleUrl><Point><coordinates>-48.126304,-5.643753,0</coordinates></Point></Placemark>
<Placemark><name>653776</name><styleUrl>#stPoste</styleUrl><Point><coordinates>-48.113674,-5.647169,0</coordinates></Point></Placemark>
<Placemark><name>653779</name><styleUrl>#stPoste</styleUrl><Point><coordinates>-48.113257,-5.646728,0</coordinates></Point></Placemark>
<Placemark><name>654706</name><styleUrl>#stPoste</styleUrl><Point><coordinates>-48.114086,-5.649604,0</coordinates></Point></Placemark>
<Placemark><name>654804</name><styleUrl>#stPoste</styleUrl><Point><coordinates>-48.115492,-5.649200,0</coordinates></Point></Placemark>
<Placemark><name>655233</name><styleUrl>#stPoste</styleUrl><Point><coordinates>-48.111785,-5.642849,0</coordinates></Point></Placemark>
<Placemark><name>1713494</name><styleUrl>#stPoste</styleUrl><Point><coordinates>-48.113159,-5.650380,0</coordinates></Point></Placemark>
<Placemark><name>1713784</name><styleUrl>#stPoste</styleUrl><Point><coordinates>-48.120795,-5.647161,0</coordinates></Point></Placemark>
<Placemark><name>1714452</name><styleUrl>#stPoste</styleUrl><Point><coordinates>-48.121378,-5.649224,0</coordinates></Point></Placemark>
<Placemark><name>36177974</name><styleUrl>#stPoste</styleUrl><Point><coordinates>-48.121329,-5.649292,0</coordinates></Point></Placemark>
<Placemark><name>55422688</name><styleUrl>#stPoste</styleUrl><Point><coordinates>-48.126575,-5.640487,0</coordinates></Point></Placemark>
<Placemark><name>55422788</name><styleUrl>#stPoste</styleUrl><Point><coordinates>-48.126179,-5.640652,0</coordinates></Point></Placemark>
<Placemark><name>127691</name><styleUrl>#stPoste</styleUrl><Point><coordinates>-48.123810,-5.653777,0</coordinates></Point></Placemark>
<Placemark><name>127818</name><styleUrl>#stPoste</styleUrl><Point><coordinates>-48.121761,-5.646529,0</coordinates></Point></Placemark>
<Placemark><name>127888</name><styleUrl>#stPoste</styleUrl><Point><coordinates>-48.127656,-5.649242,0</coordinates></Point></Placemark>
<Placemark><name>283786</name><styleUrl>#stPoste</styleUrl><Point><coordinates>-48.126123,-5.643116,0</coordinates></Point></Placemark>
<Placemark><name>381165</name><styleUrl>#stPoste</styleUrl><Point><coordinates>-48.112118,-5.642998,0</coordinates></Point></Placemark>
<Placemark><name>637937</name><styleUrl>#stPoste</styleUrl><Point><coordinates>-48.117162,-5.645355,0</coordinates></Point></Placemark>
<Placemark><name>652407</name><styleUrl>#stPoste</styleUrl><Point><coordinates>-48.117729,-5.655386,0</coordinates></Point></Placemark>
<Placemark><name>652645</name><styleUrl>#stPoste</styleUrl><Point><coordinates>-48.110544,-5.649417,0</coordinates></Point></Placemark>
<Placemark><name>653449</name><styleUrl>#stPoste</styleUrl><Point><coordinates>-48.128143,-5.650774,0</coordinates></Point></Placemark>
<Placemark><name>653673</name><styleUrl>#stPoste</styleUrl><Point><coordinates>-48.130727,-5.649312,0</coordinates></Point></Placemark>
<Placemark><name>653929</name><styleUrl>#stPoste</styleUrl><Point><coordinates>-48.120186,-5.652593,0</coordinates></Point></Placemark>
<Placemark><name>653940</name><styleUrl>#stPoste</styleUrl><Point><coordinates>-48.116080,-5.656124,0</coordinates></Point></Placemark>
<Placemark><name>654451</name><styleUrl>#stPoste</styleUrl><Point><coordinates>-48.124180,-5.646626,0</coordinates></Point></Placemark>
<Placemark><name>654802</name><styleUrl>#stPoste</styleUrl><Point><coordinates>-48.117067,-5.644511,0</coordinates></Point></Placemark>
<Placemark><name>654915</name><styleUrl>#stPoste</styleUrl><Point><coordinates>-48.123618,-5.649763,0</coordinates></Point></Placemark>
<Placemark><name>655112</name><styleUrl>#stPoste</styleUrl><Point><coordinates>-48.123863,-5.649692,0</coordinates></Point></Placemark>
<Placemark><name>655799</name><styleUrl>#stPoste</styleUrl><Point><coordinates>-48.123910,-5.650717,0</coordinates></Point></Placemark>
<Placemark><name>655934</name><styleUrl>#stPoste</styleUrl><Point><coordinates>-48.115831,-5.649103,0</coordinates></Point></Placemark>
<Placemark><name>656043</name><styleUrl>#stPoste</styleUrl><Point><coordinates>-48.125760,-5.650150,0</coordinates></Point></Placemark>
<Placemark><name>1363355</name><styleUrl>#stPoste</styleUrl><Point><coordinates>-48.114981,-5.640988,0</coordinates></Point></Placemark>
<Placemark><name>32004158</name><styleUrl>#stPoste</styleUrl><Point><coordinates>-48.123990,-5.647877,0</coordinates></Point></Placemark>
<Placemark><name>36177670</name><styleUrl>#stPoste</styleUrl><Point><coordinates>-48.121733,-5.655831,0</coordinates></Point></Placemark>
<Placemark><name>36177708</name><styleUrl>#stPoste</styleUrl><Point><coordinates>-48.122310,-5.655568,0</coordinates></Point></Placemark>
<Placemark><name>36178043</name><styleUrl>#stPoste</styleUrl><Point><coordinates>-48.123870,-5.649775,0</coordinates></Point></Placemark>
<Placemark><name>55422800</name><styleUrl>#stPoste</styleUrl><Point><coordinates>-48.126547,-5.639250,0</coordinates></Point></Placemark>
<Placemark><name>58467217</name><styleUrl>#stPoste</styleUrl><Point><coordinates>-48.122395,-5.652854,0</coordinates></Point></Placemark>
<Placemark><name>118109</name><styleUrl>#stPoste</styleUrl><Point><coordinates>-48.106047,-5.639033,0</coordinates></Point></Placemark>
<Placemark><name>127814</name><styleUrl>#stPoste</styleUrl><Point><coordinates>-48.126639,-5.649880,0</coordinates></Point></Placemark>
<Placemark><name>127893</name><styleUrl>#stPoste</styleUrl><Point><coordinates>-48.129005,-5.649093,0</coordinates></Point></Placemark>
<Placemark><name>653562</name><styleUrl>#stPoste</styleUrl><Point><coordinates>-48.117679,-5.648572,0</coordinates></Point></Placemark>
<Placemark><name>655038</name><styleUrl>#stPoste</styleUrl><Point><coordinates>-48.113093,-5.643437,0</coordinates></Point></Placemark>
<Placemark><name>655108</name><styleUrl>#stPoste</styleUrl><Point><coordinates>-48.122410,-5.653950,0</coordinates></Point></Placemark>
<Placemark><name>1131901</name><styleUrl>#stPoste</styleUrl><Point><coordinates>-48.114063,-5.643904,0</coordinates></Point></Placemark>
<Placemark><name>1376926</name><styleUrl>#stPoste</styleUrl><Point><coordinates>-48.120779,-5.654676,0</coordinates></Point></Placemark>
<Placemark><name>1713620</name><styleUrl>#stPoste</styleUrl><Point><coordinates>-48.119870,-5.655057,0</coordinates></Point></Placemark>
<Placemark><name>1714237</name><styleUrl>#stPoste</styleUrl><Point><coordinates>-48.116118,-5.641629,0</coordinates></Point></Placemark>
<Placemark><name>1715509</name><styleUrl>#stPoste</styleUrl><Point><coordinates>-48.118477,-5.640701,0</coordinates></Point></Placemark>
<Placemark><name>32004182</name><styleUrl>#stPoste</styleUrl><Point><coordinates>-48.124708,-5.647684,0</coordinates></Point></Placemark>
<Placemark><name>32004324</name><styleUrl>#stPoste</styleUrl><Point><coordinates>-48.122803,-5.640483,0</coordinates></Point></Placemark>
<Placemark><name>32149410</name><styleUrl>#stPoste</styleUrl><Point><coordinates>-48.114845,-5.646323,0</coordinates></Point></Placemark>
<Placemark><name>38561660</name><styleUrl>#stPoste</styleUrl><Point><coordinates>-48.111518,-5.650342,0</coordinates></Point></Placemark>
<Placemark><name>127696</name><styleUrl>#stPoste</styleUrl><Point><coordinates>-48.117731,-5.645543,0</coordinates></Point></Placemark>
<Placemark><name>127889</name><styleUrl>#stPoste</styleUrl><Point><coordinates>-48.127793,-5.649823,0</coordinates></Point></Placemark>
<Placemark><name>651799</name><styleUrl>#stPoste</styleUrl><Point><coordinates>-48.113578,-5.640702,0</coordinates></Point></Placemark>
<Placemark><name>651928</name><styleUrl>#stPoste</styleUrl><Point><coordinates>-48.128373,-5.646895,0</coordinates></Point></Placemark>
<Placemark><name>652368</name><styleUrl>#stPoste</styleUrl><Point><coordinates>-48.129266,-5.650002,0</coordinates></Point></Placemark>
<Placemark><name>654431</name><styleUrl>#stPoste</styleUrl><Point><coordinates>-48.118434,-5.655291,0</coordinates></Point></Placemark>
<Placemark><name>655111</name><styleUrl>#stPoste</styleUrl><Point><coordinates>-48.121517,-5.654155,0</coordinates></Point></Placemark>
<Placemark><name>655590</name><styleUrl>#stPoste</styleUrl><Point><coordinates>-48.129977,-5.650267,0</coordinates></Point></Placemark>
<Placemark><name>655798</name><styleUrl>#stPoste</styleUrl><Point><coordinates>-48.123582,-5.650818,0</coordinates></Point></Placemark>
<Placemark><name>1080627</name><styleUrl>#stPoste</styleUrl><Point><coordinates>-48.125382,-5.641403,0</coordinates></Point></Placemark>
<Placemark><name>1080941</name><styleUrl>#stPoste</styleUrl><Point><coordinates>-48.124113,-5.641550,0</coordinates></Point></Placemark>
<Placemark><name>1714759</name><styleUrl>#stPoste</styleUrl><Point><coordinates>-48.110916,-5.647247,0</coordinates></Point></Placemark>
<Placemark><name>1715307</name><styleUrl>#stPoste</styleUrl><Point><coordinates>-48.113040,-5.651012,0</coordinates></Point></Placemark>
<Placemark><name>32004356</name><styleUrl>#stPoste</styleUrl><Point><coordinates>-48.120062,-5.640007,0</coordinates></Point></Placemark>
<Placemark><name>32004378</name><styleUrl>#stPoste</styleUrl><Point><coordinates>-48.118216,-5.641090,0</coordinates></Point></Placemark>
<Placemark><name>33722508</name><styleUrl>#stPoste</styleUrl><Point><coordinates>-48.121180,-5.655812,0</coordinates></Point></Placemark>
<Placemark><name>36177865</name><styleUrl>#stPoste</styleUrl><Point><coordinates>-48.122669,-5.653979,0</coordinates></Point></Placemark>
<Placemark><name>36177985</name><styleUrl>#stPoste</styleUrl><Point><coordinates>-48.121745,-5.650763,0</coordinates></Point></Placemark>
<Placemark><name>36178061</name><styleUrl>#stPoste</styleUrl><Point><coordinates>-48.122222,-5.650254,0</coordinates></Point></Placemark>
<Placemark><name>36178073</name><styleUrl>#stPoste</styleUrl><Point><coordinates>-48.121228,-5.650547,0</coordinates></Point></Placemark>
<Placemark><name>36178151</name><styleUrl>#stPoste</styleUrl><Point><coordinates>-48.120612,-5.646731,0</coordinates></Point></Placemark>
<Placemark><name>37306447</name><styleUrl>#stPoste</styleUrl><Point><coordinates>-48.118584,-5.642318,0</coordinates></Point></Placemark>
<Placemark><name>40120927</name><styleUrl>#stPoste</styleUrl><Point><coordinates>-48.118581,-5.655239,0</coordinates></Point></Placemark>
<Placemark><name>638907</name><styleUrl>#stPoste</styleUrl><Point><coordinates>-48.117126,-5.644341,0</coordinates></Point></Placemark>
<Placemark><name>652135</name><styleUrl>#stPoste</styleUrl><Point><coordinates>-48.130542,-5.648591,0</coordinates></Point></Placemark>
<Placemark><name>652175</name><styleUrl>#stPoste</styleUrl><Point><coordinates>-48.126210,-5.643421,0</coordinates></Point></Placemark>
<Placemark><name>652256</name><styleUrl>#stPoste</styleUrl><Point><coordinates>-48.117068,-5.651837,0</coordinates></Point></Placemark>
<Placemark><name>652259</name><styleUrl>#stPoste</styleUrl><Point><coordinates>-48.113105,-5.650730,0</coordinates></Point></Placemark>
<Placemark><name>653506</name><styleUrl>#stPoste</styleUrl><Point><coordinates>-48.120881,-5.647465,0</coordinates></Point></Placemark>
<Placemark><name>653564</name><styleUrl>#stPoste</styleUrl><Point><coordinates>-48.116987,-5.648771,0</coordinates></Point></Placemark>
<Placemark><name>653576</name><styleUrl>#stPoste</styleUrl><Point><coordinates>-48.113594,-5.646642,0</coordinates></Point></Placemark>
<Placemark><name>653713</name><styleUrl>#stPoste</styleUrl><Point><coordinates>-48.126035,-5.642808,0</coordinates></Point></Placemark>
<Placemark><name>654536</name><styleUrl>#stPoste</styleUrl><Point><coordinates>-48.113277,-5.651400,0</coordinates></Point></Placemark>
<Placemark><name>655034</name><styleUrl>#stPoste</styleUrl><Point><coordinates>-48.115064,-5.640725,0</coordinates></Point></Placemark>
<Placemark><name>655234</name><styleUrl>#stPoste</styleUrl><Point><coordinates>-48.111445,-5.642696,0</coordinates></Point></Placemark>
<Placemark><name>655938</name><styleUrl>#stPoste</styleUrl><Point><coordinates>-48.114366,-5.649598,0</coordinates></Point></Placemark>
<Placemark><name>1096742</name><styleUrl>#stPoste</styleUrl><Point><coordinates>-48.117819,-5.645663,0</coordinates></Point></Placemark>
<Placemark><name>1348075</name><styleUrl>#stPoste</styleUrl><Point><coordinates>-48.112291,-5.641155,0</coordinates></Point></Placemark>
<Placemark><name>1362998</name><styleUrl>#stPoste</styleUrl><Point><coordinates>-48.115582,-5.641350,0</coordinates></Point></Placemark>
<Placemark><name>1714271</name><styleUrl>#stPoste</styleUrl><Point><coordinates>-48.124032,-5.650629,0</coordinates></Point></Placemark>
<Placemark><name>20826038</name><styleUrl>#stPoste</styleUrl><Point><coordinates>-48.129693,-5.651486,0</coordinates></Point></Placemark>
<Placemark><name>32003983</name><styleUrl>#stPoste</styleUrl><Point><coordinates>-48.126312,-5.647251,0</coordinates></Point></Placemark>
<Placemark><name>32004096</name><styleUrl>#stPoste</styleUrl><Point><coordinates>-48.122702,-5.648224,0</coordinates></Point></Placemark>
<Placemark><name>32004381</name><styleUrl>#stPoste</styleUrl><Point><coordinates>-48.118315,-5.640799,0</coordinates></Point></Placemark>
<Placemark><name>36177697</name><styleUrl>#stPoste</styleUrl><Point><coordinates>-48.121663,-5.655607,0</coordinates></Point></Placemark>
<Placemark><name>36178041</name><styleUrl>#stPoste</styleUrl><Point><coordinates>-48.122914,-5.650051,0</coordinates></Point></Placemark>
<Placemark><name>36178218</name><styleUrl>#stPoste</styleUrl><Point><coordinates>-48.119615,-5.647192,0</coordinates></Point></Placemark>
<Placemark><name>47964017</name><styleUrl>#stPoste</styleUrl><Point><coordinates>-48.130472,-5.648325,0</coordinates></Point></Placemark>
<Placemark><name>652029</name><styleUrl>#stPoste</styleUrl><Point><coordinates>-48.112390,-5.640317,0</coordinates></Point></Placemark>
<Placemark><name>652177</name><styleUrl>#stPoste</styleUrl><Point><coordinates>-48.124872,-5.648992,0</coordinates></Point></Placemark>
<Placemark><name>652558</name><styleUrl>#stPoste</styleUrl><Point><coordinates>-48.128004,-5.650714,0</coordinates></Point></Placemark>
<Placemark><name>653931</name><styleUrl>#stPoste</styleUrl><Point><coordinates>-48.120382,-5.653282,0</coordinates></Point></Placemark>
<Placemark><name>655109</name><styleUrl>#stPoste</styleUrl><Point><coordinates>-48.122125,-5.654054,0</coordinates></Point></Placemark>
<Placemark><name>655110</name><styleUrl>#stPoste</styleUrl><Point><coordinates>-48.121822,-5.654164,0</coordinates></Point></Placemark>
<Placemark><name>655338</name><styleUrl>#stPoste</styleUrl><Point><coordinates>-48.127897,-5.649494,0</coordinates></Point></Placemark>
<Placemark><name>655636</name><styleUrl>#stPoste</styleUrl><Point><coordinates>-48.122047,-5.647539,0</coordinates></Point></Placemark>
<Placemark><name>1348074</name><styleUrl>#stPoste</styleUrl><Point><coordinates>-48.112391,-5.640822,0</coordinates></Point></Placemark>
<Placemark><name>1363356</name><styleUrl>#stPoste</styleUrl><Point><coordinates>-48.115234,-5.640185,0</coordinates></Point></Placemark>
<Placemark><name>1376930</name><styleUrl>#stPoste</styleUrl><Point><coordinates>-48.127912,-5.640062,0</coordinates></Point></Placemark>
<Placemark><name>1713617</name><styleUrl>#stPoste</styleUrl><Point><coordinates>-48.119967,-5.655340,0</coordinates></Point></Placemark>
<Placemark><name>1714892</name><styleUrl>#stPoste</styleUrl><Point><coordinates>-48.125428,-5.647347,0</coordinates></Point></Placemark>
<Placemark><name>20825990</name><styleUrl>#stPoste</styleUrl><Point><coordinates>-48.129608,-5.651190,0</coordinates></Point></Placemark>
<Placemark><name>32149421</name><styleUrl>#stPoste</styleUrl><Point><coordinates>-48.115187,-5.646236,0</coordinates></Point></Placemark>
<Placemark><name>36178227</name><styleUrl>#stPoste</styleUrl><Point><coordinates>-48.119249,-5.647291,0</coordinates></Point></Placemark>
<Placemark><name>36663366</name><styleUrl>#stPoste</styleUrl><Point><coordinates>-48.119265,-5.647178,0</coordinates></Point></Placemark>
<Placemark><name>127761</name><styleUrl>#stPoste</styleUrl><Point><coordinates>-48.131183,-5.649933,0</coordinates></Point></Placemark>
<Placemark><name>651802</name><styleUrl>#stPoste</styleUrl><Point><coordinates>-48.115740,-5.644499,0</coordinates></Point></Placemark>
<Placemark><name>651806</name><styleUrl>#stPoste</styleUrl><Point><coordinates>-48.114707,-5.644203,0</coordinates></Point></Placemark>
<Placemark><name>652408</name><styleUrl>#stPoste</styleUrl><Point><coordinates>-48.121446,-5.656520,0</coordinates></Point></Placemark>
<Placemark><name>652462</name><styleUrl>#stPoste</styleUrl><Point><coordinates>-48.117166,-5.641862,0</coordinates></Point></Placemark>
<Placemark><name>652560</name><styleUrl>#stPoste</styleUrl><Point><coordinates>-48.126875,-5.651124,0</coordinates></Point></Placemark>
<Placemark><name>653511</name><styleUrl>#stPoste</styleUrl><Point><coordinates>-48.111177,-5.649242,0</coordinates></Point></Placemark>
<Placemark><name>653711</name><styleUrl>#stPoste</styleUrl><Point><coordinates>-48.126377,-5.644009,0</coordinates></Point></Placemark>
<Placemark><name>654563</name><styleUrl>#stPoste</styleUrl><Point><coordinates>-48.118214,-5.642201,0</coordinates></Point></Placemark>
<Placemark><name>654664</name><styleUrl>#stPoste</styleUrl><Point><coordinates>-48.124963,-5.649318,0</coordinates></Point></Placemark>
<Placemark><name>834076</name><styleUrl>#stPoste</styleUrl><Point><coordinates>-48.120276,-5.647724,0</coordinates></Point></Placemark>
<Placemark><name>1017059</name><styleUrl>#stPoste</styleUrl><Point><coordinates>-48.119681,-5.650822,0</coordinates></Point></Placemark>
<Placemark><name>1080631</name><styleUrl>#stPoste</styleUrl><Point><coordinates>-48.123940,-5.641439,0</coordinates></Point></Placemark>
<Placemark><name>1080632</name><styleUrl>#stPoste</styleUrl><Point><coordinates>-48.123202,-5.641457,0</coordinates></Point></Placemark>
<Placemark><name>1096744</name><styleUrl>#stPoste</styleUrl><Point><coordinates>-48.115116,-5.644395,0</coordinates></Point></Placemark>
<Placemark><name>1363359</name><styleUrl>#stPoste</styleUrl><Point><coordinates>-48.114477,-5.640993,0</coordinates></Point></Placemark>
<Placemark><name>1363360</name><styleUrl>#stPoste</styleUrl><Point><coordinates>-48.114189,-5.640899,0</coordinates></Point></Placemark>
<Placemark><name>1708981</name><styleUrl>#stPoste</styleUrl><Point><coordinates>-48.123093,-5.647996,0</coordinates></Point></Placemark>
<Placemark><name>1715099</name><styleUrl>#stPoste</styleUrl><Point><coordinates>-48.121933,-5.646591,0</coordinates></Point></Placemark>
<Placemark><name>1715137</name><styleUrl>#stPoste</styleUrl><Point><coordinates>-48.116416,-5.651909,0</coordinates></Point></Placemark>
<Placemark><name>32149394</name><styleUrl>#stPoste</styleUrl><Point><coordinates>-48.114554,-5.646395,0</coordinates></Point></Placemark>
<Placemark><name>36178012</name><styleUrl>#stPoste</styleUrl><Point><coordinates>-48.121409,-5.649572,0</coordinates></Point></Placemark>
<Placemark><name>36178080</name><styleUrl>#stPoste</styleUrl><Point><coordinates>-48.120623,-5.650726,0</coordinates></Point></Placemark>
<Placemark><name>36178096</name><styleUrl>#stPoste</styleUrl><Point><coordinates>-48.121090,-5.648460,0</coordinates></Point></Placemark>
<Placemark><name>36179815</name><styleUrl>#stPoste</styleUrl><Point><coordinates>-48.117627,-5.648110,0</coordinates></Point></Placemark>
<Placemark><name>37980492</name><styleUrl>#stPoste</styleUrl><Point><coordinates>-48.121072,-5.648140,0</coordinates></Point></Placemark>
<Placemark><name>44584982</name><styleUrl>#stPoste</styleUrl><Point><coordinates>-48.118938,-5.648210,0</coordinates></Point></Placemark>
<Placemark><name>127692</name><styleUrl>#stPoste</styleUrl><Point><coordinates>-48.123980,-5.645965,0</coordinates></Point></Placemark>
<Placemark><name>127947</name><styleUrl>#stPoste</styleUrl><Point><coordinates>-48.113183,-5.651032,0</coordinates></Point></Placemark>
<Placemark><name>127965</name><styleUrl>#stPoste</styleUrl><Point><coordinates>-48.118732,-5.647487,0</coordinates></Point></Placemark>
<Placemark><name>638906</name><styleUrl>#stPoste</styleUrl><Point><coordinates>-48.117873,-5.642130,0</coordinates></Point></Placemark>
<Placemark><name>652136</name><styleUrl>#stPoste</styleUrl><Point><coordinates>-48.130383,-5.647981,0</coordinates></Point></Placemark>
<Placemark><name>653448</name><styleUrl>#stPoste</styleUrl><Point><coordinates>-48.127843,-5.650855,0</coordinates></Point></Placemark>
<Placemark><name>653450</name><styleUrl>#stPoste</styleUrl><Point><coordinates>-48.128468,-5.650684,0</coordinates></Point></Placemark>
<Placemark><name>653778</name><styleUrl>#stPoste</styleUrl><Point><coordinates>-48.113541,-5.646529,0</coordinates></Point></Placemark>
<Placemark><name>654411</name><styleUrl>#stPoste</styleUrl><Point><coordinates>-48.125146,-5.649973,0</coordinates></Point></Placemark>
<Placemark><name>654436</name><styleUrl>#stPoste</styleUrl><Point><coordinates>-48.117814,-5.655511,0</coordinates></Point></Placemark>
<Placemark><name>655346</name><styleUrl>#stPoste</styleUrl><Point><coordinates>-48.123235,-5.651744,0</coordinates></Point></Placemark>
<Placemark><name>655897</name><styleUrl>#stPoste</styleUrl><Point><coordinates>-48.115570,-5.652250,0</coordinates></Point></Placemark>
<Placemark><name>1080940</name><styleUrl>#stPoste</styleUrl><Point><coordinates>-48.124038,-5.641244,0</coordinates></Point></Placemark>
<Placemark><name>1708898</name><styleUrl>#stPoste</styleUrl><Point><coordinates>-48.117638,-5.648284,0</coordinates></Point></Placemark>
<Placemark><name>1708985</name><styleUrl>#stPoste</styleUrl><Point><coordinates>-48.126758,-5.646038,0</coordinates></Point></Placemark>
<Placemark><name>1715234</name><styleUrl>#stPoste</styleUrl><Point><coordinates>-48.121527,-5.656571,0</coordinates></Point></Placemark>
<Placemark><name>1715292</name><styleUrl>#stPoste</styleUrl><Point><coordinates>-48.119178,-5.649361,0</coordinates></Point></Placemark>
<Placemark><name>1715573</name><styleUrl>#stPoste</styleUrl><Point><coordinates>-48.120923,-5.655313,0</coordinates></Point></Placemark>
<Placemark><name>32004326</name><styleUrl>#stPoste</styleUrl><Point><coordinates>-48.122882,-5.640800,0</coordinates></Point></Placemark>
<Placemark><name>32004361</name><styleUrl>#stPoste</styleUrl><Point><coordinates>-48.118492,-5.640268,0</coordinates></Point></Placemark>
<Placemark><name>33304428</name><styleUrl>#stPoste</styleUrl><Point><coordinates>-48.122074,-5.654073,0</coordinates></Point></Placemark>
<Placemark><name>36177786</name><styleUrl>#stPoste</styleUrl><Point><coordinates>-48.122580,-5.653680,0</coordinates></Point></Placemark>
<Placemark><name>36663370</name><styleUrl>#stPoste</styleUrl><Point><coordinates>-48.119062,-5.646706,0</coordinates></Point></Placemark>
<Placemark><name>55422682</name><styleUrl>#stPoste</styleUrl><Point><coordinates>-48.126054,-5.640632,0</coordinates></Point></Placemark>
<Placemark><name>55422700</name><styleUrl>#stPoste</styleUrl><Point><coordinates>-48.126727,-5.639868,0</coordinates></Point></Placemark>
<Placemark><name>127821</name><styleUrl>#stPoste</styleUrl><Point><coordinates>-48.122520,-5.649214,0</coordinates></Point></Placemark>
<Placemark><name>140394</name><styleUrl>#stPoste</styleUrl><Point><coordinates>-48.125908,-5.652330,0</coordinates></Point></Placemark>
<Placemark><name>653717</name><styleUrl>#stPoste</styleUrl><Point><coordinates>-48.129672,-5.646346,0</coordinates></Point></Placemark>
<Placemark><name>653925</name><styleUrl>#stPoste</styleUrl><Point><coordinates>-48.119186,-5.652140,0</coordinates></Point></Placemark>
<Placemark><name>654175</name><styleUrl>#stPoste</styleUrl><Point><coordinates>-48.119740,-5.654829,0</coordinates></Point></Placemark>
<Placemark><name>654180</name><styleUrl>#stPoste</styleUrl><Point><coordinates>-48.130329,-5.646169,0</coordinates></Point></Placemark>
<Placemark><name>655035</name><styleUrl>#stPoste</styleUrl><Point><coordinates>-48.115030,-5.641172,0</coordinates></Point></Placemark>
<Placemark><name>655347</name><styleUrl>#stPoste</styleUrl><Point><coordinates>-48.122662,-5.650039,0</coordinates></Point></Placemark>
<Placemark><name>655864</name><styleUrl>#stPoste</styleUrl><Point><coordinates>-48.113819,-5.648760,0</coordinates></Point></Placemark>
<Placemark><name>655939</name><styleUrl>#stPoste</styleUrl><Point><coordinates>-48.114281,-5.649300,0</coordinates></Point></Placemark>
<Placemark><name>834077</name><styleUrl>#stPoste</styleUrl><Point><coordinates>-48.120516,-5.647661,0</coordinates></Point></Placemark>
<Placemark><name>1376932</name><styleUrl>#stPoste</styleUrl><Point><coordinates>-48.122023,-5.656925,0</coordinates></Point></Placemark>
<Placemark><name>1713780</name><styleUrl>#stPoste</styleUrl><Point><coordinates>-48.126107,-5.647192,0</coordinates></Point></Placemark>
<Placemark><name>1714051</name><styleUrl>#stPoste</styleUrl><Point><coordinates>-48.115530,-5.641374,0</coordinates></Point></Placemark>
<Placemark><name>1714710</name><styleUrl>#stPoste</styleUrl><Point><coordinates>-48.122044,-5.651945,0</coordinates></Point></Placemark>
<Placemark><name>1715333</name><styleUrl>#stPoste</styleUrl><Point><coordinates>-48.113815,-5.647273,0</coordinates></Point></Placemark>
<Placemark><name>1819271</name><styleUrl>#stPoste</styleUrl><Point><coordinates>-48.125113,-5.641319,0</coordinates></Point></Placemark>
<Placemark><name>1819363</name><styleUrl>#stPoste</styleUrl><Point><coordinates>-48.124581,-5.641333,0</coordinates></Point></Placemark>
<Placemark><name>32004145</name><styleUrl>#stPoste</styleUrl><Point><coordinates>-48.123648,-5.647969,0</coordinates></Point></Placemark>
<Placemark><name>36178163</name><styleUrl>#stPoste</styleUrl><Point><coordinates>-48.120845,-5.647549,0</coordinates></Point></Placemark>
<Placemark><name>36180308</name><styleUrl>#stPoste</styleUrl><Point><coordinates>-48.122689,-5.658711,0</coordinates></Point></Placemark>
<Placemark><name>55422707</name><styleUrl>#stPoste</styleUrl><Point><coordinates>-48.126491,-5.639212,0</coordinates></Point></Placemark>
<Placemark><name>127760</name><styleUrl>#stPoste</styleUrl><Point><coordinates>-48.129586,-5.650375,0</coordinates></Point></Placemark>
<Placemark><name>653507</name><styleUrl>#stPoste</styleUrl><Point><coordinates>-48.120983,-5.647825,0</coordinates></Point></Placemark>
<Placemark><name>653786</name><styleUrl>#stPoste</styleUrl><Point><coordinates>-48.116216,-5.641556,0</coordinates></Point></Placemark>
<Placemark><name>653893</name><styleUrl>#stPoste</styleUrl><Point><coordinates>-48.130644,-5.648988,0</coordinates></Point></Placemark>
<Placemark><name>654909</name><styleUrl>#stPoste</styleUrl><Point><coordinates>-48.122345,-5.650130,0</coordinates></Point></Placemark>
<Placemark><name>655033</name><styleUrl>#stPoste</styleUrl><Point><coordinates>-48.115147,-5.640461,0</coordinates></Point></Placemark>
<Placemark><name>655036</name><styleUrl>#stPoste</styleUrl><Point><coordinates>-48.114802,-5.641098,0</coordinates></Point></Placemark>
<Placemark><name>655118</name><styleUrl>#stPoste</styleUrl><Point><coordinates>-48.121967,-5.656691,0</coordinates></Point></Placemark>
<Placemark><name>655589</name><styleUrl>#stPoste</styleUrl><Point><coordinates>-48.129332,-5.650445,0</coordinates></Point></Placemark>
<Placemark><name>1713486</name><styleUrl>#stPoste</styleUrl><Point><coordinates>-48.113681,-5.649840,0</coordinates></Point></Placemark>
<Placemark><name>1714420</name><styleUrl>#stPoste</styleUrl><Point><coordinates>-48.122174,-5.652094,0</coordinates></Point></Placemark>
<Placemark><name>1714870</name><styleUrl>#stPoste</styleUrl><Point><coordinates>-48.121197,-5.656013,0</coordinates></Point></Placemark>
<Placemark><name>1714951</name><styleUrl>#stPoste</styleUrl><Point><coordinates>-48.117396,-5.651611,0</coordinates></Point></Placemark>
<Placemark><name>1715029</name><styleUrl>#stPoste</styleUrl><Point><coordinates>-48.121661,-5.650268,0</coordinates></Point></Placemark>
<Placemark><name>1715259</name><styleUrl>#stPoste</styleUrl><Point><coordinates>-48.124153,-5.646715,0</coordinates></Point></Placemark>
<Placemark><name>1715374</name><styleUrl>#stPoste</styleUrl><Point><coordinates>-48.121258,-5.648613,0</coordinates></Point></Placemark>
<Placemark><name>32004384</name><styleUrl>#stPoste</styleUrl><Point><coordinates>-48.118398,-5.640550,0</coordinates></Point></Placemark>
<Placemark><name>34429384</name><styleUrl>#stPoste</styleUrl><Point><coordinates>-48.111165,-5.642570,0</coordinates></Point></Placemark>
<Placemark><name>36177688</name><styleUrl>#stPoste</styleUrl><Point><coordinates>-48.122002,-5.655708,0</coordinates></Point></Placemark>
<Placemark><name>36177712</name><styleUrl>#stPoste</styleUrl><Point><coordinates>-48.122570,-5.655450,0</coordinates></Point></Placemark>
<Placemark><name>36177967</name><styleUrl>#stPoste</styleUrl><Point><coordinates>-48.122066,-5.651898,0</coordinates></Point></Placemark>
<Placemark><name>44585038</name><styleUrl>#stPoste</styleUrl><Point><coordinates>-48.119082,-5.648169,0</coordinates></Point></Placemark>
<Placemark><name>127902</name><styleUrl>#stPoste</styleUrl><Point><coordinates>-48.113966,-5.650863,0</coordinates></Point></Placemark>
<Placemark><name>652621</name><styleUrl>#stPoste</styleUrl><Point><coordinates>-48.126881,-5.645962,0</coordinates></Point></Placemark>
<Placemark><name>652628</name><styleUrl>#stPoste</styleUrl><Point><coordinates>-48.128463,-5.647209,0</coordinates></Point></Placemark>
<Placemark><name>653512</name><styleUrl>#stPoste</styleUrl><Point><coordinates>-48.111467,-5.649164,0</coordinates></Point></Placemark>
<Placemark><name>653706</name><styleUrl>#stPoste</styleUrl><Point><coordinates>-48.118502,-5.652338,0</coordinates></Point></Placemark>
<Placemark><name>653895</name><styleUrl>#stPoste</styleUrl><Point><coordinates>-48.123645,-5.652006,0</coordinates></Point></Placemark>
<Placemark><name>653897</name><styleUrl>#stPoste</styleUrl><Point><coordinates>-48.127865,-5.650124,0</coordinates></Point></Placemark>
<Placemark><name>653930</name><styleUrl>#stPoste</styleUrl><Point><coordinates>-48.120281,-5.652926,0</coordinates></Point></Placemark>
<Placemark><name>654803</name><styleUrl>#stPoste</styleUrl><Point><coordinates>-48.116211,-5.648994,0</coordinates></Point></Placemark>
<Placemark><name>655337</name><styleUrl>#stPoste</styleUrl><Point><coordinates>-48.127569,-5.649595,0</coordinates></Point></Placemark>
<Placemark><name>655351</name><styleUrl>#stPoste</styleUrl><Point><coordinates>-48.123735,-5.653518,0</coordinates></Point></Placemark>
<Placemark><name>655800</name><styleUrl>#stPoste</styleUrl><Point><coordinates>-48.129357,-5.650317,0</coordinates></Point></Placemark>
<Placemark><name>655862</name><styleUrl>#stPoste</styleUrl><Point><coordinates>-48.125562,-5.641147,0</coordinates></Point></Placemark>
<Placemark><name>656074</name><styleUrl>#stPoste</styleUrl><Point><coordinates>-48.117426,-5.656568,0</coordinates></Point></Placemark>
<Placemark><name>1081251</name><styleUrl>#stPoste</styleUrl><Point><coordinates>-48.120426,-5.656449,0</coordinates></Point></Placemark>
<Placemark><name>1713628</name><styleUrl>#stPoste</styleUrl><Point><coordinates>-48.118772,-5.652201,0</coordinates></Point></Placemark>
<Placemark><name>1715139</name><styleUrl>#stPoste</styleUrl><Point><coordinates>-48.115879,-5.652063,0</coordinates></Point></Placemark>
<Placemark><name>1715592</name><styleUrl>#stPoste</styleUrl><Point><coordinates>-48.119550,-5.647911,0</coordinates></Point></Placemark>
<Placemark><name>32004317</name><styleUrl>#stPoste</styleUrl><Point><coordinates>-48.122642,-5.639880,0</coordinates></Point></Placemark>
<Placemark><name>34104331</name><styleUrl>#stPoste</styleUrl><Point><coordinates>-48.116954,-5.645265,0</coordinates></Point></Placemark>
<Placemark><name>36177940</name><styleUrl>#stPoste</styleUrl><Point><coordinates>-48.122500,-5.653402,0</coordinates></Point></Placemark>
<Placemark><name>36177991</name><styleUrl>#stPoste</styleUrl><Point><coordinates>-48.121672,-5.650502,0</coordinates></Point></Placemark>
<Placemark><name>36178211</name><styleUrl>#stPoste</styleUrl><Point><coordinates>-48.119871,-5.647126,0</coordinates></Point></Placemark>
<Placemark><name>36689554</name><styleUrl>#stPoste</styleUrl><Point><coordinates>-48.126676,-5.645093,0</coordinates></Point></Placemark>
<Placemark><name>44644718</name><styleUrl>#stPoste</styleUrl><Point><coordinates>-48.125673,-5.641535,0</coordinates></Point></Placemark>
<Placemark><name>127828</name><styleUrl>#stPoste</styleUrl><Point><coordinates>-48.123147,-5.655292,0</coordinates></Point></Placemark>
<Placemark><name>127831</name><styleUrl>#stPoste</styleUrl><Point><coordinates>-48.113221,-5.648917,0</coordinates></Point></Placemark>
<Placemark><name>127892</name><styleUrl>#stPoste</styleUrl><Point><coordinates>-48.128906,-5.648750,0</coordinates></Point></Placemark>
<Placemark><name>652030</name><styleUrl>#stPoste</styleUrl><Point><coordinates>-48.112616,-5.640077,0</coordinates></Point></Placemark>
<Placemark><name>652189</name><styleUrl>#stPoste</styleUrl><Point><coordinates>-48.118073,-5.656408,0</coordinates></Point></Placemark>
<Placemark><name>652562</name><styleUrl>#stPoste</styleUrl><Point><coordinates>-48.127173,-5.651042,0</coordinates></Point></Placemark>
<Placemark><name>652563</name><styleUrl>#stPoste</styleUrl><Point><coordinates>-48.127485,-5.650956,0</coordinates></Point></Placemark>
<Placemark><name>654181</name><styleUrl>#stPoste</styleUrl><Point><coordinates>-48.129980,-5.646263,0</coordinates></Point></Placemark>
<Placemark><name>654438</name><styleUrl>#stPoste</styleUrl><Point><coordinates>-48.117079,-5.655771,0</coordinates></Point></Placemark>
<Placemark><name>655591</name><styleUrl>#stPoste</styleUrl><Point><coordinates>-48.130285,-5.650182,0</coordinates></Point></Placemark>
<Placemark><name>834080</name><styleUrl>#stPoste</styleUrl><Point><coordinates>-48.118899,-5.648073,0</coordinates></Point></Placemark>
<Placemark><name>1081252</name><styleUrl>#stPoste</styleUrl><Point><coordinates>-48.120518,-5.656733,0</coordinates></Point></Placemark>
<Placemark><name>1463275</name><styleUrl>#stPoste</styleUrl><Point><coordinates>-48.123679,-5.652128,0</coordinates></Point></Placemark>
<Placemark><name>1715093</name><styleUrl>#stPoste</styleUrl><Point><coordinates>-48.123970,-5.646062,0</coordinates></Point></Placemark>
<Placemark><name>1715140</name><styleUrl>#stPoste</styleUrl><Point><coordinates>-48.115531,-5.652163,0</coordinates></Point></Placemark>
<Placemark><name>1715218</name><styleUrl>#stPoste</styleUrl><Point><coordinates>-48.128916,-5.648234,0</coordinates></Point></Placemark>
<Placemark><name>1715287</name><styleUrl>#stPoste</styleUrl><Point><coordinates>-48.116990,-5.649999,0</coordinates></Point></Placemark>
<Placemark><name>1877699</name><styleUrl>#stPoste</styleUrl><Point><coordinates>-48.113180,-5.640468,0</coordinates></Point></Placemark>
<Placemark><name>32004018</name><styleUrl>#stPoste</styleUrl><Point><coordinates>-48.127282,-5.646990,0</coordinates></Point></Placemark>
<Placemark><name>32004121</name><styleUrl>#stPoste</styleUrl><Point><coordinates>-48.122982,-5.648149,0</coordinates></Point></Placemark>
<Placemark><name>32004169</name><styleUrl>#stPoste</styleUrl><Point><coordinates>-48.124391,-5.647769,0</coordinates></Point></Placemark>
<Placemark><name>32004354</name><styleUrl>#stPoste</styleUrl><Point><coordinates>-48.119426,-5.640022,0</coordinates></Point></Placemark>
<Placemark><name>36177660</name><styleUrl>#stPoste</styleUrl><Point><coordinates>-48.121860,-5.656120,0</coordinates></Point></Placemark>
<Placemark><name>36177947</name><styleUrl>#stPoste</styleUrl><Point><coordinates>-48.122420,-5.653124,0</coordinates></Point></Placemark>
<Placemark><name>58269656</name><styleUrl>#stPoste</styleUrl><Point><coordinates>-48.106499,-5.639611,0</coordinates></Point></Placemark>
<Placemark><name>127819</name><styleUrl>#stPoste</styleUrl><Point><coordinates>-48.122127,-5.647822,0</coordinates></Point></Placemark>
<Placemark><name>127823</name><styleUrl>#stPoste</styleUrl><Point><coordinates>-48.117745,-5.656453,0</coordinates></Point></Placemark>
<Placemark><name>127970</name><styleUrl>#stPoste</styleUrl><Point><coordinates>-48.116161,-5.648148,0</coordinates></Point></Placemark>
<Placemark><name>167361</name><styleUrl>#stPoste</styleUrl><Point><coordinates>-48.130636,-5.646087,0</coordinates></Point></Placemark>
<Placemark><name>208122</name><styleUrl>#stPoste</styleUrl><Point><coordinates>-48.123494,-5.652479,0</coordinates></Point></Placemark>
<Placemark><name>283785</name><styleUrl>#stPoste</styleUrl><Point><coordinates>-48.125462,-5.640795,0</coordinates></Point></Placemark>
<Placemark><name>652614</name><styleUrl>#stPoste</styleUrl><Point><coordinates>-48.113523,-5.648838,0</coordinates></Point></Placemark>
<Placemark><name>653508</name><styleUrl>#stPoste</styleUrl><Point><coordinates>-48.127501,-5.640169,0</coordinates></Point></Placemark>
<Placemark><name>653574</name><styleUrl>#stPoste</styleUrl><Point><coordinates>-48.115858,-5.641440,0</coordinates></Point></Placemark>
<Placemark><name>653670</name><styleUrl>#stPoste</styleUrl><Point><coordinates>-48.127498,-5.648574,0</coordinates></Point></Placemark>
<Placemark><name>653896</name><styleUrl>#stPoste</styleUrl><Point><coordinates>-48.124021,-5.651914,0</coordinates></Point></Placemark>
<Placemark><name>653898</name><styleUrl>#stPoste</styleUrl><Point><coordinates>-48.127936,-5.650424,0</coordinates></Point></Placemark>
<Placemark><name>654173</name><styleUrl>#stPoste</styleUrl><Point><coordinates>-48.120292,-5.654634,0</coordinates></Point></Placemark>
<Placemark><name>655708</name><styleUrl>#stPoste</styleUrl><Point><coordinates>-48.117180,-5.644175,0</coordinates></Point></Placemark>
<Placemark><name>656045</name><styleUrl>#stPoste</styleUrl><Point><coordinates>-48.126328,-5.649976,0</coordinates></Point></Placemark>
<Placemark><name>1708987</name><styleUrl>#stPoste</styleUrl><Point><coordinates>-48.110206,-5.647570,0</coordinates></Point></Placemark>
<Placemark><name>1713348</name><styleUrl>#stPoste</styleUrl><Point><coordinates>-48.117427,-5.647817,0</coordinates></Point></Placemark>
<Placemark><name>1713713</name><styleUrl>#stPoste</styleUrl><Point><coordinates>-48.118374,-5.647569,0</coordinates></Point></Placemark>
<Placemark><name>1713941</name><styleUrl>#stPoste</styleUrl><Point><coordinates>-48.129917,-5.646184,0</coordinates></Point></Placemark>
<Placemark><name>1715288</name><styleUrl>#stPoste</styleUrl><Point><coordinates>-48.116895,-5.649789,0</coordinates></Point></Placemark>
<Placemark><name>22058594</name><styleUrl>#stPoste</styleUrl><Point><coordinates>-48.114416,-5.644066,0</coordinates></Point></Placemark>
<Placemark><name>33722503</name><styleUrl>#stPoste</styleUrl><Point><coordinates>-48.121307,-5.655956,0</coordinates></Point></Placemark>
<Placemark><name>36177802</name><styleUrl>#stPoste</styleUrl><Point><coordinates>-48.122822,-5.654499,0</coordinates></Point></Placemark>
<Placemark><name>36177936</name><styleUrl>#stPoste</styleUrl><Point><coordinates>-48.122252,-5.652540,0</coordinates></Point></Placemark>
<Placemark><name>36178039</name><styleUrl>#stPoste</styleUrl><Point><coordinates>-48.119856,-5.650944,0</coordinates></Point></Placemark>
<Placemark><name>36178175</name><styleUrl>#stPoste</styleUrl><Point><coordinates>-48.120699,-5.647036,0</coordinates></Point></Placemark>
<Placemark><name>53048085</name><styleUrl>#stPoste</styleUrl><Point><coordinates>-48.126850,-5.640208,0</coordinates></Point></Placemark>
<Placemark><name>55422716</name><styleUrl>#stPoste</styleUrl><Point><coordinates>-48.126378,-5.638897,0</coordinates></Point></Placemark>
<Placemark><name>58467167</name><styleUrl>#stPoste</styleUrl><Point><coordinates>-48.122425,-5.652977,0</coordinates></Point></Placemark>
<Placemark><name>59613682</name><styleUrl>#stPoste</styleUrl><Point><coordinates>-48.120285,-5.650686,0</coordinates></Point></Placemark>
<Placemark><name>59613685</name><styleUrl>#stPoste</styleUrl><Point><coordinates>-48.120355,-5.650943,0</coordinates></Point></Placemark>
<Placemark><name>127816</name><styleUrl>#stPoste</styleUrl><Point><coordinates>-48.121123,-5.650483,0</coordinates></Point></Placemark>
<Placemark><name>564754</name><styleUrl>#stPoste</styleUrl><Point><coordinates>-48.120659,-5.654504,0</coordinates></Point></Placemark>
<Placemark><name>652405</name><styleUrl>#stPoste</styleUrl><Point><coordinates>-48.128640,-5.647824,0</coordinates></Point></Placemark>
<Placemark><name>652461</name><styleUrl>#stPoste</styleUrl><Point><coordinates>-48.117544,-5.641984,0</coordinates></Point></Placemark>
<Placemark><name>652644</name><styleUrl>#stPoste</styleUrl><Point><coordinates>-48.110123,-5.649528,0</coordinates></Point></Placemark>
<Placemark><name>653505</name><styleUrl>#stPoste</styleUrl><Point><coordinates>-48.127196,-5.640247,0</coordinates></Point></Placemark>
<Placemark><name>653705</name><styleUrl>#stPoste</styleUrl><Point><coordinates>-48.121317,-5.656178,0</coordinates></Point></Placemark>
<Placemark><name>654172</name><styleUrl>#stPoste</styleUrl><Point><coordinates>-48.120591,-5.654017,0</coordinates></Point></Placemark>
<Placemark><name>654479</name><styleUrl>#stPoste</styleUrl><Point><coordinates>-48.111583,-5.650097,0</coordinates></Point></Placemark>
<Placemark><name>654483</name><styleUrl>#stPoste</styleUrl><Point><coordinates>-48.111482,-5.649762,0</coordinates></Point></Placemark>
<Placemark><name>654707</name><styleUrl>#stPoste</styleUrl><Point><coordinates>-48.113458,-5.649785,0</coordinates></Point></Placemark>
<Placemark><name>654999</name><styleUrl>#stPoste</styleUrl><Point><coordinates>-48.117528,-5.651483,0</coordinates></Point></Placemark>
<Placemark><name>655637</name><styleUrl>#stPoste</styleUrl><Point><coordinates>-48.121956,-5.647217,0</coordinates></Point></Placemark>
<Placemark><name>655712</name><styleUrl>#stPoste</styleUrl><Point><coordinates>-48.117849,-5.642083,0</coordinates></Point></Placemark>
<Placemark><name>655793</name><styleUrl>#stPoste</styleUrl><Point><coordinates>-48.125949,-5.652690,0</coordinates></Point></Placemark>
<Placemark><name>655808</name><styleUrl>#stPoste</styleUrl><Point><coordinates>-48.123390,-5.652247,0</coordinates></Point></Placemark>
<Placemark><name>655854</name><styleUrl>#stPoste</styleUrl><Point><coordinates>-48.121493,-5.647407,0</coordinates></Point></Placemark>
<Placemark><name>655870</name><styleUrl>#stPoste</styleUrl><Point><coordinates>-48.111612,-5.650315,0</coordinates></Point></Placemark>
<Placemark><name>655947</name><styleUrl>#stPoste</styleUrl><Point><coordinates>-48.112187,-5.643746,0</coordinates></Point></Placemark>
<Placemark><name>1017062</name><styleUrl>#stPoste</styleUrl><Point><coordinates>-48.119158,-5.648984,0</coordinates></Point></Placemark>
<Placemark><name>1708899</name><styleUrl>#stPoste</styleUrl><Point><coordinates>-48.117731,-5.648605,0</coordinates></Point></Placemark>
<Placemark><name>1713719</name><styleUrl>#stPoste</styleUrl><Point><coordinates>-48.117305,-5.642080,0</coordinates></Point></Placemark>
<Placemark><name>1714751</name><styleUrl>#stPoste</styleUrl><Point><coordinates>-48.123876,-5.645622,0</coordinates></Point></Placemark>
<Placemark><name>1715031</name><styleUrl>#stPoste</styleUrl><Point><coordinates>-48.121845,-5.650947,0</coordinates></Point></Placemark>
<Placemark><name>20826052</name><styleUrl>#stPoste</styleUrl><Point><coordinates>-48.129780,-5.651794,0</coordinates></Point></Placemark>
<Placemark><name>36177744</name><styleUrl>#stPoste</styleUrl><Point><coordinates>-48.123123,-5.655198,0</coordinates></Point></Placemark>
<Placemark><name>36178028</name><styleUrl>#stPoste</styleUrl><Point><coordinates>-48.120203,-5.650850,0</coordinates></Point></Placemark>
<Placemark><name>36178099</name><styleUrl>#stPoste</styleUrl><Point><coordinates>-48.121010,-5.648161,0</coordinates></Point></Placemark>
<Placemark><name>40058727</name><styleUrl>#stPoste</styleUrl><Point><coordinates>-48.124299,-5.641430,0</coordinates></Point></Placemark>
<Placemark><name>58467305</name><styleUrl>#stPoste</styleUrl><Point><coordinates>-48.122070,-5.652452,0</coordinates></Point></Placemark>
<Placemark><name>127878</name><styleUrl>#stPoste</styleUrl><Point><coordinates>-48.119894,-5.651935,0</coordinates></Point></Placemark>
<Placemark><name>127891</name><styleUrl>#stPoste</styleUrl><Point><coordinates>-48.128198,-5.646289,0</coordinates></Point></Placemark>
<Placemark><name>127954</name><styleUrl>#stPoste</styleUrl><Point><coordinates>-48.125298,-5.650517,0</coordinates></Point></Placemark>
<Placemark><name>652028</name><styleUrl>#stPoste</styleUrl><Point><coordinates>-48.116793,-5.647983,0</coordinates></Point></Placemark>
<Placemark><name>652191</name><styleUrl>#stPoste</styleUrl><Point><coordinates>-48.117834,-5.655697,0</coordinates></Point></Placemark>
<Placemark><name>653453</name><styleUrl>#stPoste</styleUrl><Point><coordinates>-48.128431,-5.652520,0</coordinates></Point></Placemark>
<Placemark><name>653728</name><styleUrl>#stPoste</styleUrl><Point><coordinates>-48.112953,-5.646804,0</coordinates></Point></Placemark>
<Placemark><name>653941</name><styleUrl>#stPoste</styleUrl><Point><coordinates>-48.115739,-5.656245,0</coordinates></Point></Placemark>
<Placemark><name>655008</name><styleUrl>#stPoste</styleUrl><Point><coordinates>-48.117528,-5.643139,0</coordinates></Point></Placemark>
<Placemark><name>655342</name><styleUrl>#stPoste</styleUrl><Point><coordinates>-48.120594,-5.650636,0</coordinates></Point></Placemark>
<Placemark><name>655349</name><styleUrl>#stPoste</styleUrl><Point><coordinates>-48.123561,-5.652894,0</coordinates></Point></Placemark>
<Placemark><name>655687</name><styleUrl>#stPoste</styleUrl><Point><coordinates>-48.117366,-5.650919,0</coordinates></Point></Placemark>
<Placemark><name>655710</name><styleUrl>#stPoste</styleUrl><Point><coordinates>-48.117642,-5.642798,0</coordinates></Point></Placemark>
<Placemark><name>655802</name><styleUrl>#stPoste</styleUrl><Point><coordinates>-48.129535,-5.650937,0</coordinates></Point></Placemark>
<Placemark><name>656041</name><styleUrl>#stPoste</styleUrl><Point><coordinates>-48.125120,-5.650346,0</coordinates></Point></Placemark>
<Placemark><name>1080633</name><styleUrl>#stPoste</styleUrl><Point><coordinates>-48.123578,-5.641449,0</coordinates></Point></Placemark>
<Placemark><name>1081245</name><styleUrl>#stPoste</styleUrl><Point><coordinates>-48.119809,-5.654640,0</coordinates></Point></Placemark>
<Placemark><name>1713715</name><styleUrl>#stPoste</styleUrl><Point><coordinates>-48.118675,-5.647491,0</coordinates></Point></Placemark>
<Placemark><name>1715202</name><styleUrl>#stPoste</styleUrl><Point><coordinates>-48.128077,-5.649382,0</coordinates></Point></Placemark>
<Placemark><name>1715232</name><styleUrl>#stPoste</styleUrl><Point><coordinates>-48.120831,-5.656862,0</coordinates></Point></Placemark>
<Placemark><name>1819451</name><styleUrl>#stPoste</styleUrl><Point><coordinates>-48.122011,-5.639864,0</coordinates></Point></Placemark>
<Placemark><name>32004339</name><styleUrl>#stPoste</styleUrl><Point><coordinates>-48.123116,-5.641736,0</coordinates></Point></Placemark>
<Placemark><name>36178055</name><styleUrl>#stPoste</styleUrl><Point><coordinates>-48.123521,-5.649875,0</coordinates></Point></Placemark>
<Placemark><name>36178171</name><styleUrl>#stPoste</styleUrl><Point><coordinates>-48.120771,-5.647288,0</coordinates></Point></Placemark>
<Placemark><name>41845032</name><styleUrl>#stPoste</styleUrl><Point><coordinates>-48.120421,-5.652917,0</coordinates></Point></Placemark>
<Placemark><name>51055869</name><styleUrl>#stPoste</styleUrl><Point><coordinates>-48.128069,-5.640024,0</coordinates></Point></Placemark>
<Placemark><name>376888</name><styleUrl>#stPoste</styleUrl><Point><coordinates>-48.118482,-5.646581,0</coordinates></Point></Placemark>
<Placemark><name>652616</name><styleUrl>#stPoste</styleUrl><Point><coordinates>-48.127345,-5.647923,0</coordinates></Point></Placemark>
<Placemark><name>652618</name><styleUrl>#stPoste</styleUrl><Point><coordinates>-48.127187,-5.647256,0</coordinates></Point></Placemark>
<Placemark><name>653671</name><styleUrl>#stPoste</styleUrl><Point><coordinates>-48.130822,-5.649675,0</coordinates></Point></Placemark>
<Placemark><name>653710</name><styleUrl>#stPoste</styleUrl><Point><coordinates>-48.126474,-5.644347,0</coordinates></Point></Placemark>
<Placemark><name>653715</name><styleUrl>#stPoste</styleUrl><Point><coordinates>-48.125797,-5.641972,0</coordinates></Point></Placemark>
<Placemark><name>653719</name><styleUrl>#stPoste</styleUrl><Point><coordinates>-48.122333,-5.648550,0</coordinates></Point></Placemark>
<Placemark><name>654182</name><styleUrl>#stPoste</styleUrl><Point><coordinates>-48.122620,-5.649566,0</coordinates></Point></Placemark>
<Placemark><name>654412</name><styleUrl>#stPoste</styleUrl><Point><coordinates>-48.125051,-5.649631,0</coordinates></Point></Placemark>
<Placemark><name>654800</name><styleUrl>#stPoste</styleUrl><Point><coordinates>-48.116794,-5.645306,0</coordinates></Point></Placemark>
<Placemark><name>655170</name><styleUrl>#stPoste</styleUrl><Point><coordinates>-48.111066,-5.648383,0</coordinates></Point></Placemark>
<Placemark><name>655446</name><styleUrl>#stPoste</styleUrl><Point><coordinates>-48.117011,-5.649683,0</coordinates></Point></Placemark>
<Placemark><name>655849</name><styleUrl>#stPoste</styleUrl><Point><coordinates>-48.119667,-5.647881,0</coordinates></Point></Placemark>
<Placemark><name>1066438</name><styleUrl>#stPoste</styleUrl><Point><coordinates>-48.123630,-5.653139,0</coordinates></Point></Placemark>
<Placemark><name>1080628</name><styleUrl>#stPoste</styleUrl><Point><coordinates>-48.125004,-5.641411,0</coordinates></Point></Placemark>
<Placemark><name>1080943</name><styleUrl>#stPoste</styleUrl><Point><coordinates>-48.124346,-5.642513,0</coordinates></Point></Placemark>
<Placemark><name>1080945</name><styleUrl>#stPoste</styleUrl><Point><coordinates>-48.124434,-5.642830,0</coordinates></Point></Placemark>
<Placemark><name>1080946</name><styleUrl>#stPoste</styleUrl><Point><coordinates>-48.124524,-5.643162,0</coordinates></Point></Placemark>
<Placemark><name>1081548</name><styleUrl>#stPoste</styleUrl><Point><coordinates>-48.122085,-5.657180,0</coordinates></Point></Placemark>
<Placemark><name>1096746</name><styleUrl>#stPoste</styleUrl><Point><coordinates>-48.113753,-5.643755,0</coordinates></Point></Placemark>
<Placemark><name>1362999</name><styleUrl>#stPoste</styleUrl><Point><coordinates>-48.114904,-5.641232,0</coordinates></Point></Placemark>
<Placemark><name>1376927</name><styleUrl>#stPoste</styleUrl><Point><coordinates>-48.128135,-5.640837,0</coordinates></Point></Placemark>
<Placemark><name>1708897</name><styleUrl>#stPoste</styleUrl><Point><coordinates>-48.117536,-5.647931,0</coordinates></Point></Placemark>
<Placemark><name>1713930</name><styleUrl>#stPoste</styleUrl><Point><coordinates>-48.128902,-5.646416,0</coordinates></Point></Placemark>
<Placemark><name>1714982</name><styleUrl>#stPoste</styleUrl><Point><coordinates>-48.114374,-5.640824,0</coordinates></Point></Placemark>
<Placemark><name>32004316</name><styleUrl>#stPoste</styleUrl><Point><coordinates>-48.122729,-5.639934,0</coordinates></Point></Placemark>
<Placemark><name>32004321</name><styleUrl>#stPoste</styleUrl><Point><coordinates>-48.122723,-5.640159,0</coordinates></Point></Placemark>
<Placemark><name>36177964</name><styleUrl>#stPoste</styleUrl><Point><coordinates>-48.122159,-5.652219,0</coordinates></Point></Placemark>
<Placemark><name>36178058</name><styleUrl>#stPoste</styleUrl><Point><coordinates>-48.122568,-5.650152,0</coordinates></Point></Placemark>
<Placemark><name>36663369</name><styleUrl>#stPoste</styleUrl><Point><coordinates>-48.119197,-5.647010,0</coordinates></Point></Placemark>
<Placemark><name>59613675</name><styleUrl>#stPoste</styleUrl><Point><coordinates>-48.121748,-5.650590,0</coordinates></Point></Placemark>
<Placemark><name>69592883</name><styleUrl>#stPoste</styleUrl><Point><coordinates>-48.113914,-5.648802,0</coordinates></Point></Placemark>
<Placemark><name>91581</name><styleUrl>#stPoste</styleUrl><Point><coordinates>-48.112443,-5.643145,0</coordinates></Point></Placemark>
<Placemark><name>127693</name><styleUrl>#stPoste</styleUrl><Point><coordinates>-48.123924,-5.645781,0</coordinates></Point></Placemark>
<Placemark><name>127948</name><styleUrl>#stPoste</styleUrl><Point><coordinates>-48.112934,-5.650061,0</coordinates></Point></Placemark>
<Placemark><name>127955</name><styleUrl>#stPoste</styleUrl><Point><coordinates>-48.125856,-5.652431,0</coordinates></Point></Placemark>
<Placemark><name>652365</name><styleUrl>#stPoste</styleUrl><Point><coordinates>-48.128726,-5.648122,0</coordinates></Point></Placemark>
<Placemark><name>653727</name><styleUrl>#stPoste</styleUrl><Point><coordinates>-48.112152,-5.647007,0</coordinates></Point></Placemark>
<Placemark><name>653933</name><styleUrl>#stPoste</styleUrl><Point><coordinates>-48.128478,-5.646668,0</coordinates></Point></Placemark>
<Placemark><name>655339</name><styleUrl>#stPoste</styleUrl><Point><coordinates>-48.128231,-5.649392,0</coordinates></Point></Placemark>
<Placemark><name>655348</name><styleUrl>#stPoste</styleUrl><Point><coordinates>-48.123468,-5.652566,0</coordinates></Point></Placemark>
<Placemark><name>655801</name><styleUrl>#stPoste</styleUrl><Point><coordinates>-48.129414,-5.650516,0</coordinates></Point></Placemark>
<Placemark><name>655807</name><styleUrl>#stPoste</styleUrl><Point><coordinates>-48.123296,-5.651959,0</coordinates></Point></Placemark>
<Placemark><name>655868</name><styleUrl>#stPoste</styleUrl><Point><coordinates>-48.112142,-5.650162,0</coordinates></Point></Placemark>
<Placemark><name>1081247</name><styleUrl>#stPoste</styleUrl><Point><coordinates>-48.120050,-5.655291,0</coordinates></Point></Placemark>
<Placemark><name>1114700</name><styleUrl>#stPoste</styleUrl><Point><coordinates>-48.123903,-5.645705,0</coordinates></Point></Placemark>
<Placemark><name>1367728</name><styleUrl>#stPoste</styleUrl><Point><coordinates>-48.119044,-5.648574,0</coordinates></Point></Placemark>
<Placemark><name>1713924</name><styleUrl>#stPoste</styleUrl><Point><coordinates>-48.122927,-5.654529,0</coordinates></Point></Placemark>
<Placemark><name>1714451</name><styleUrl>#stPoste</styleUrl><Point><coordinates>-48.121280,-5.648879,0</coordinates></Point></Placemark>
<Placemark><name>28310921</name><styleUrl>#stPoste</styleUrl><Point><coordinates>-48.123022,-5.655048,0</coordinates></Point></Placemark>
<Placemark><name>32004055</name><styleUrl>#stPoste</styleUrl><Point><coordinates>-48.128219,-5.646738,0</coordinates></Point></Placemark>
<Placemark><name>32004128</name><styleUrl>#stPoste</styleUrl><Point><coordinates>-48.123328,-5.648050,0</coordinates></Point></Placemark>
<Placemark><name>32004355</name><styleUrl>#stPoste</styleUrl><Point><coordinates>-48.119699,-5.640022,0</coordinates></Point></Placemark>
<Placemark><name>32149417</name><styleUrl>#stPoste</styleUrl><Point><coordinates>-48.114900,-5.646234,0</coordinates></Point></Placemark>
<Placemark><name>36177977</name><styleUrl>#stPoste</styleUrl><Point><coordinates>-48.121892,-5.651286,0</coordinates></Point></Placemark>
<Placemark><name>36177980</name><styleUrl>#stPoste</styleUrl><Point><coordinates>-48.121818,-5.651024,0</coordinates></Point></Placemark>
<Placemark><name>36178091</name><styleUrl>#stPoste</styleUrl><Point><coordinates>-48.121188,-5.648767,0</coordinates></Point></Placemark>
<Placemark><name>55160724</name><styleUrl>#stPoste</styleUrl><Point><coordinates>-48.117055,-5.651711,0</coordinates></Point></Placemark>
<Placemark><name>127812</name><styleUrl>#stPoste</styleUrl><Point><coordinates>-48.122951,-5.651012,0</coordinates></Point></Placemark>
<Placemark><name>127824</name><styleUrl>#stPoste</styleUrl><Point><coordinates>-48.114033,-5.657785,0</coordinates></Point></Placemark>
<Placemark><name>651776</name><styleUrl>#stPoste</styleUrl><Point><coordinates>-48.103480,-5.642475,0</coordinates></Point></Placemark>
<Placemark><name>651940</name><styleUrl>#stPoste</styleUrl><Point><coordinates>-48.109891,-5.661384,0</coordinates></Point></Placemark>
<Placemark><name>651956</name><styleUrl>#stPoste</styleUrl><Point><coordinates>-48.103709,-5.644214,0</coordinates></Point></Placemark>
<Placemark><name>652194</name><styleUrl>#stPoste</styleUrl><Point><coordinates>-48.104579,-5.642424,0</coordinates></Point></Placemark>
<Placemark><name>652409</name><styleUrl>#stPoste</styleUrl><Point><coordinates>-48.111963,-5.654535,0</coordinates></Point></Placemark>
<Placemark><name>1034608</name><styleUrl>#stPoste</styleUrl><Point><coordinates>-48.105847,-5.652363,0</coordinates></Point></Placemark>
<Placemark><name>1034614</name><styleUrl>#stPoste</styleUrl><Point><coordinates>-48.098908,-5.653093,0</coordinates></Point></Placemark>
<Placemark><name>1039382</name><styleUrl>#stPoste</styleUrl><Point><coordinates>-48.098572,-5.651947,0</coordinates></Point></Placemark>
<Placemark><name>1039393</name><styleUrl>#stPoste</styleUrl><Point><coordinates>-48.099141,-5.653490,0</coordinates></Point></Placemark>
<Placemark><name>1236384</name><styleUrl>#stPoste</styleUrl><Point><coordinates>-48.109557,-5.650905,0</coordinates></Point></Placemark>
<Placemark><name>1290907</name><styleUrl>#stPoste</styleUrl><Point><coordinates>-48.099552,-5.657875,0</coordinates></Point></Placemark>
<Placemark><name>1344848</name><styleUrl>#stPoste</styleUrl><Point><coordinates>-48.093714,-5.650356,0</coordinates></Point></Placemark>
<Placemark><name>1344853</name><styleUrl>#stPoste</styleUrl><Point><coordinates>-48.093813,-5.650644,0</coordinates></Point></Placemark>
<Placemark><name>1713950</name><styleUrl>#stPoste</styleUrl><Point><coordinates>-48.114823,-5.655823,0</coordinates></Point></Placemark>
<Placemark><name>1714492</name><styleUrl>#stPoste</styleUrl><Point><coordinates>-48.111440,-5.653457,0</coordinates></Point></Placemark>
<Placemark><name>1714575</name><styleUrl>#stPoste</styleUrl><Point><coordinates>-48.115779,-5.657784,0</coordinates></Point></Placemark>
<Placemark><name>1715080</name><styleUrl>#stPoste</styleUrl><Point><coordinates>-48.117516,-5.658172,0</coordinates></Point></Placemark>
<Placemark><name>32004267</name><styleUrl>#stPoste</styleUrl><Point><coordinates>-48.109012,-5.655092,0</coordinates></Point></Placemark>
<Placemark><name>36607350</name><styleUrl>#stPoste</styleUrl><Point><coordinates>-48.104400,-5.646849,0</coordinates></Point></Placemark>
<Placemark><name>49209294</name><styleUrl>#stPoste</styleUrl><Point><coordinates>-48.098398,-5.653966,0</coordinates></Point></Placemark>
<Placemark><name>53997142</name><styleUrl>#stPoste</styleUrl><Point><coordinates>-48.110375,-5.653850,0</coordinates></Point></Placemark>
<Placemark><name>54452214</name><styleUrl>#stPoste</styleUrl><Point><coordinates>-48.110410,-5.650707,0</coordinates></Point></Placemark>
<Placemark><name>166496</name><styleUrl>#stPoste</styleUrl><Point><coordinates>-48.104070,-5.645592,0</coordinates></Point></Placemark>
<Placemark><name>329768</name><styleUrl>#stPoste</styleUrl><Point><coordinates>-48.092511,-5.653738,0</coordinates></Point></Placemark>
<Placemark><name>651953</name><styleUrl>#stPoste</styleUrl><Point><coordinates>-48.104480,-5.643450,0</coordinates></Point></Placemark>
<Placemark><name>652011</name><styleUrl>#stPoste</styleUrl><Point><coordinates>-48.111215,-5.652691,0</coordinates></Point></Placemark>
<Placemark><name>652451</name><styleUrl>#stPoste</styleUrl><Point><coordinates>-48.104409,-5.638914,0</coordinates></Point></Placemark>
<Placemark><name>654442</name><styleUrl>#stPoste</styleUrl><Point><coordinates>-48.111363,-5.655678,0</coordinates></Point></Placemark>
<Placemark><name>654696</name><styleUrl>#stPoste</styleUrl><Point><coordinates>-48.111362,-5.659283,0</coordinates></Point></Placemark>
<Placemark><name>655175</name><styleUrl>#stPoste</styleUrl><Point><coordinates>-48.103862,-5.644417,0</coordinates></Point></Placemark>
<Placemark><name>655378</name><styleUrl>#stPoste</styleUrl><Point><coordinates>-48.112115,-5.658315,0</coordinates></Point></Placemark>
<Placemark><name>656048</name><styleUrl>#stPoste</styleUrl><Point><coordinates>-48.099703,-5.650263,0</coordinates></Point></Placemark>
<Placemark><name>1034272</name><styleUrl>#stPoste</styleUrl><Point><coordinates>-48.105427,-5.652486,0</coordinates></Point></Placemark>
<Placemark><name>1039387</name><styleUrl>#stPoste</styleUrl><Point><coordinates>-48.102702,-5.655291,0</coordinates></Point></Placemark>
<Placemark><name>1081539</name><styleUrl>#stPoste</styleUrl><Point><coordinates>-48.121865,-5.657202,0</coordinates></Point></Placemark>
<Placemark><name>1289603</name><styleUrl>#stPoste</styleUrl><Point><coordinates>-48.101079,-5.658779,0</coordinates></Point></Placemark>
<Placemark><name>1289922</name><styleUrl>#stPoste</styleUrl><Point><coordinates>-48.101412,-5.658666,0</coordinates></Point></Placemark>
<Placemark><name>1292163</name><styleUrl>#stPoste</styleUrl><Point><coordinates>-48.097313,-5.653370,0</coordinates></Point></Placemark>
<Placemark><name>1339591</name><styleUrl>#stPoste</styleUrl><Point><coordinates>-48.093667,-5.649784,0</coordinates></Point></Placemark>
<Placemark><name>1713489</name><styleUrl>#stPoste</styleUrl><Point><coordinates>-48.109844,-5.653772,0</coordinates></Point></Placemark>
<Placemark><name>1713493</name><styleUrl>#stPoste</styleUrl><Point><coordinates>-48.109197,-5.653957,0</coordinates></Point></Placemark>
<Placemark><name>1714161</name><styleUrl>#stPoste</styleUrl><Point><coordinates>-48.101810,-5.647607,0</coordinates></Point></Placemark>
<Placemark><name>1714445</name><styleUrl>#stPoste</styleUrl><Point><coordinates>-48.109646,-5.655064,0</coordinates></Point></Placemark>
<Placemark><name>25927313</name><styleUrl>#stPoste</styleUrl><Point><coordinates>-48.113105,-5.658117,0</coordinates></Point></Placemark>
<Placemark><name>39238636</name><styleUrl>#stPoste</styleUrl><Point><coordinates>-48.113023,-5.657148,0</coordinates></Point></Placemark>
<Placemark><name>53997156</name><styleUrl>#stPoste</styleUrl><Point><coordinates>-48.109921,-5.653894,0</coordinates></Point></Placemark>
<Placemark><name>127900</name><styleUrl>#stPoste</styleUrl><Point><coordinates>-48.115402,-5.656364,0</coordinates></Point></Placemark>
<Placemark><name>127960</name><styleUrl>#stPoste</styleUrl><Point><coordinates>-48.115067,-5.656041,0</coordinates></Point></Placemark>
<Placemark><name>654486</name><styleUrl>#stPoste</styleUrl><Point><coordinates>-48.104351,-5.644290,0</coordinates></Point></Placemark>
<Placemark><name>654698</name><styleUrl>#stPoste</styleUrl><Point><coordinates>-48.112236,-5.655207,0</coordinates></Point></Placemark>
<Placemark><name>1032574</name><styleUrl>#stPoste</styleUrl><Point><coordinates>-48.096541,-5.649973,0</coordinates></Point></Placemark>
<Placemark><name>1033262</name><styleUrl>#stPoste</styleUrl><Point><coordinates>-48.099299,-5.652968,0</coordinates></Point></Placemark>
<Placemark><name>1039696</name><styleUrl>#stPoste</styleUrl><Point><coordinates>-48.102586,-5.652041,0</coordinates></Point></Placemark>
<Placemark><name>1087837</name><styleUrl>#stPoste</styleUrl><Point><coordinates>-48.116041,-5.658932,0</coordinates></Point></Placemark>
<Placemark><name>1087851</name><styleUrl>#stPoste</styleUrl><Point><coordinates>-48.120412,-5.657122,0</coordinates></Point></Placemark>
<Placemark><name>1708866</name><styleUrl>#stPoste</styleUrl><Point><coordinates>-48.100867,-5.644196,0</coordinates></Point></Placemark>
<Placemark><name>1713318</name><styleUrl>#stPoste</styleUrl><Point><coordinates>-48.101552,-5.642026,0</coordinates></Point></Placemark>
<Placemark><name>32004257</name><styleUrl>#stPoste</styleUrl><Point><coordinates>-48.107693,-5.655465,0</coordinates></Point></Placemark>
<Placemark><name>32004258</name><styleUrl>#stPoste</styleUrl><Point><coordinates>-48.109864,-5.654857,0</coordinates></Point></Placemark>
<Placemark><name>36826400</name><styleUrl>#stPoste</styleUrl><Point><coordinates>-48.103485,-5.638009,0</coordinates></Point></Placemark>
<Placemark><name>53997134</name><styleUrl>#stPoste</styleUrl><Point><coordinates>-48.110582,-5.653704,0</coordinates></Point></Placemark>
<Placemark><name>127832</name><styleUrl>#stPoste</styleUrl><Point><coordinates>-48.109783,-5.652414,0</coordinates></Point></Placemark>
<Placemark><name>140825</name><styleUrl>#stPoste</styleUrl><Point><coordinates>-48.108946,-5.650382,0</coordinates></Point></Placemark>
<Placemark><name>652025</name><styleUrl>#stPoste</styleUrl><Point><coordinates>-48.110237,-5.653515,0</coordinates></Point></Placemark>
<Placemark><name>654959</name><styleUrl>#stPoste</styleUrl><Point><coordinates>-48.107484,-5.646065,0</coordinates></Point></Placemark>
<Placemark><name>655354</name><styleUrl>#stPoste</styleUrl><Point><coordinates>-48.095927,-5.649839,0</coordinates></Point></Placemark>
<Placemark><name>655855</name><styleUrl>#stPoste</styleUrl><Point><coordinates>-48.111833,-5.654215,0</coordinates></Point></Placemark>
<Placemark><name>1033263</name><styleUrl>#stPoste</styleUrl><Point><coordinates>-48.100088,-5.652742,0</coordinates></Point></Placemark>
<Placemark><name>1033274</name><styleUrl>#stPoste</styleUrl><Point><coordinates>-48.101324,-5.653696,0</coordinates></Point></Placemark>
<Placemark><name>1039699</name><styleUrl>#stPoste</styleUrl><Point><coordinates>-48.102946,-5.655978,0</coordinates></Point></Placemark>
<Placemark><name>1283273</name><styleUrl>#stPoste</styleUrl><Point><coordinates>-48.099402,-5.659343,0</coordinates></Point></Placemark>
<Placemark><name>1290903</name><styleUrl>#stPoste</styleUrl><Point><coordinates>-48.101509,-5.657207,0</coordinates></Point></Placemark>
<Placemark><name>1290905</name><styleUrl>#stPoste</styleUrl><Point><coordinates>-48.100474,-5.657560,0</coordinates></Point></Placemark>
<Placemark><name>1291848</name><styleUrl>#stPoste</styleUrl><Point><coordinates>-48.098704,-5.654701,0</coordinates></Point></Placemark>
<Placemark><name>1709009</name><styleUrl>#stPoste</styleUrl><Point><coordinates>-48.112683,-5.656597,0</coordinates></Point></Placemark>
<Placemark><name>1714723</name><styleUrl>#stPoste</styleUrl><Point><coordinates>-48.112109,-5.658475,0</coordinates></Point></Placemark>
<Placemark><name>1715608</name><styleUrl>#stPoste</styleUrl><Point><coordinates>-48.104120,-5.646359,0</coordinates></Point></Placemark>
<Placemark><name>1870348</name><styleUrl>#stPoste</styleUrl><Point><coordinates>-48.097007,-5.653213,0</coordinates></Point></Placemark>
<Placemark><name>32004259</name><styleUrl>#stPoste</styleUrl><Point><coordinates>-48.109602,-5.654943,0</coordinates></Point></Placemark>
<Placemark><name>166494</name><styleUrl>#stPoste</styleUrl><Point><coordinates>-48.104721,-5.648076,0</coordinates></Point></Placemark>
<Placemark><name>652452</name><styleUrl>#stPoste</styleUrl><Point><coordinates>-48.104146,-5.639181,0</coordinates></Point></Placemark>
<Placemark><name>652640</name><styleUrl>#stPoste</styleUrl><Point><coordinates>-48.103749,-5.642737,0</coordinates></Point></Placemark>
<Placemark><name>653500</name><styleUrl>#stPoste</styleUrl><Point><coordinates>-48.110659,-5.659999,0</coordinates></Point></Placemark>
<Placemark><name>654443</name><styleUrl>#stPoste</styleUrl><Point><coordinates>-48.111049,-5.655774,0</coordinates></Point></Placemark>
<Placemark><name>655139</name><styleUrl>#stPoste</styleUrl><Point><coordinates>-48.112188,-5.655427,0</coordinates></Point></Placemark>
<Placemark><name>655594</name><styleUrl>#stPoste</styleUrl><Point><coordinates>-48.095191,-5.653521,0</coordinates></Point></Placemark>
<Placemark><name>1081540</name><styleUrl>#stPoste</styleUrl><Point><coordinates>-48.121772,-5.656795,0</coordinates></Point></Placemark>
<Placemark><name>1087845</name><styleUrl>#stPoste</styleUrl><Point><coordinates>-48.118555,-5.657850,0</coordinates></Point></Placemark>
<Placemark><name>1087846</name><styleUrl>#stPoste</styleUrl><Point><coordinates>-48.118868,-5.657736,0</coordinates></Point></Placemark>
<Placemark><name>1283260</name><styleUrl>#stPoste</styleUrl><Point><coordinates>-48.102906,-5.657180,0</coordinates></Point></Placemark>
<Placemark><name>1283620</name><styleUrl>#stPoste</styleUrl><Point><coordinates>-48.097107,-5.653222,0</coordinates></Point></Placemark>
<Placemark><name>1283626</name><styleUrl>#stPoste</styleUrl><Point><coordinates>-48.100744,-5.658889,0</coordinates></Point></Placemark>
<Placemark><name>1715081</name><styleUrl>#stPoste</styleUrl><Point><coordinates>-48.117833,-5.658071,0</coordinates></Point></Placemark>
<Placemark><name>1715086</name><styleUrl>#stPoste</styleUrl><Point><coordinates>-48.119297,-5.657502,0</coordinates></Point></Placemark>
<Placemark><name>1809068</name><styleUrl>#stPoste</styleUrl><Point><coordinates>-48.101024,-5.650406,0</coordinates></Point></Placemark>
<Placemark><name>1870555</name><styleUrl>#stPoste</styleUrl><Point><coordinates>-48.102327,-5.657440,0</coordinates></Point></Placemark>
<Placemark><name>1870975</name><styleUrl>#stPoste</styleUrl><Point><coordinates>-48.097984,-5.654897,0</coordinates></Point></Placemark>
<Placemark><name>20383721</name><styleUrl>#stPoste</styleUrl><Point><coordinates>-48.111273,-5.659503,0</coordinates></Point></Placemark>
<Placemark><name>36477574</name><styleUrl>#stPoste</styleUrl><Point><coordinates>-48.120475,-5.657011,0</coordinates></Point></Placemark>
<Placemark><name>127834</name><styleUrl>#stPoste</styleUrl><Point><coordinates>-48.108966,-5.651075,0</coordinates></Point></Placemark>
<Placemark><name>503966</name><styleUrl>#stPoste</styleUrl><Point><coordinates>-48.099214,-5.650217,0</coordinates></Point></Placemark>
<Placemark><name>651932</name><styleUrl>#stPoste</styleUrl><Point><coordinates>-48.113097,-5.657330,0</coordinates></Point></Placemark>
<Placemark><name>652008</name><styleUrl>#stPoste</styleUrl><Point><coordinates>-48.102258,-5.641283,0</coordinates></Point></Placemark>
<Placemark><name>653764</name><styleUrl>#stPoste</styleUrl><Point><coordinates>-48.103184,-5.637867,0</coordinates></Point></Placemark>
<Placemark><name>654485</name><styleUrl>#stPoste</styleUrl><Point><coordinates>-48.104727,-5.644181,0</coordinates></Point></Placemark>
<Placemark><name>654701</name><styleUrl>#stPoste</styleUrl><Point><coordinates>-48.105087,-5.648792,0</coordinates></Point></Placemark>
<Placemark><name>654956</name><styleUrl>#stPoste</styleUrl><Point><coordinates>-48.107921,-5.647731,0</coordinates></Point></Placemark>
<Placemark><name>655172</name><styleUrl>#stPoste</styleUrl><Point><coordinates>-48.106933,-5.643964,0</coordinates></Point></Placemark>
<Placemark><name>655422</name><styleUrl>#stPoste</styleUrl><Point><coordinates>-48.108039,-5.648181,0</coordinates></Point></Placemark>
<Placemark><name>655597</name><styleUrl>#stPoste</styleUrl><Point><coordinates>-48.092583,-5.654705,0</coordinates></Point></Placemark>
<Placemark><name>655598</name><styleUrl>#stPoste</styleUrl><Point><coordinates>-48.092933,-5.655645,0</coordinates></Point></Placemark>
<Placemark><name>655655</name><styleUrl>#stPoste</styleUrl><Point><coordinates>-48.110311,-5.656523,0</coordinates></Point></Placemark>
<Placemark><name>656101</name><styleUrl>#stPoste</styleUrl><Point><coordinates>-48.112840,-5.656694,0</coordinates></Point></Placemark>
<Placemark><name>1033276</name><styleUrl>#stPoste</styleUrl><Point><coordinates>-48.099773,-5.654145,0</coordinates></Point></Placemark>
<Placemark><name>1033283</name><styleUrl>#stPoste</styleUrl><Point><coordinates>-48.104479,-5.656374,0</coordinates></Point></Placemark>
<Placemark><name>1034279</name><styleUrl>#stPoste</styleUrl><Point><coordinates>-48.102980,-5.656775,0</coordinates></Point></Placemark>
<Placemark><name>1039695</name><styleUrl>#stPoste</styleUrl><Point><coordinates>-48.100836,-5.652534,0</coordinates></Point></Placemark>
<Placemark><name>1081256</name><styleUrl>#stPoste</styleUrl><Point><coordinates>-48.121611,-5.656564,0</coordinates></Point></Placemark>
<Placemark><name>1081536</name><styleUrl>#stPoste</styleUrl><Point><coordinates>-48.122481,-5.659368,0</coordinates></Point></Placemark>
<Placemark><name>1291847</name><styleUrl>#stPoste</styleUrl><Point><coordinates>-48.098439,-5.654790,0</coordinates></Point></Placemark>
<Placemark><name>1339590</name><styleUrl>#stPoste</styleUrl><Point><coordinates>-48.094712,-5.653256,0</coordinates></Point></Placemark>
<Placemark><name>1714193</name><styleUrl>#stPoste</styleUrl><Point><coordinates>-48.103952,-5.638414,0</coordinates></Point></Placemark>
<Placemark><name>1714340</name><styleUrl>#stPoste</styleUrl><Point><coordinates>-48.103665,-5.639494,0</coordinates></Point></Placemark>
<Placemark><name>1714449</name><styleUrl>#stPoste</styleUrl><Point><coordinates>-48.109374,-5.655140,0</coordinates></Point></Placemark>
<Placemark><name>1714574</name><styleUrl>#stPoste</styleUrl><Point><coordinates>-48.109072,-5.655224,0</coordinates></Point></Placemark>
<Placemark><name>1715084</name><styleUrl>#stPoste</styleUrl><Point><coordinates>-48.118709,-5.657748,0</coordinates></Point></Placemark>
<Placemark><name>1715627</name><styleUrl>#stPoste</styleUrl><Point><coordinates>-48.107121,-5.644212,0</coordinates></Point></Placemark>
<Placemark><name>42544981</name><styleUrl>#stPoste</styleUrl><Point><coordinates>-48.096824,-5.652884,0</coordinates></Point></Placemark>
<Placemark><name>63465324</name><styleUrl>#stPoste</styleUrl><Point><coordinates>-48.096315,-5.652189,0</coordinates></Point></Placemark>
<Placemark><name>64298356</name><styleUrl>#stPoste</styleUrl><Point><coordinates>-48.100163,-5.654039,0</coordinates></Point></Placemark>
<Placemark><name>287474</name><styleUrl>#stPoste</styleUrl><Point><coordinates>-48.094087,-5.649718,0</coordinates></Point></Placemark>
<Placemark><name>329770</name><styleUrl>#stPoste</styleUrl><Point><coordinates>-48.091049,-5.655806,0</coordinates></Point></Placemark>
<Placemark><name>335640</name><styleUrl>#stPoste</styleUrl><Point><coordinates>-48.104345,-5.642664,0</coordinates></Point></Placemark>
<Placemark><name>652456</name><styleUrl>#stPoste</styleUrl><Point><coordinates>-48.110621,-5.651226,0</coordinates></Point></Placemark>
<Placemark><name>652676</name><styleUrl>#stPoste</styleUrl><Point><coordinates>-48.102270,-5.641090,0</coordinates></Point></Placemark>
<Placemark><name>653550</name><styleUrl>#stPoste</styleUrl><Point><coordinates>-48.103573,-5.637882,0</coordinates></Point></Placemark>
<Placemark><name>655138</name><styleUrl>#stPoste</styleUrl><Point><coordinates>-48.112484,-5.655336,0</coordinates></Point></Placemark>
<Placemark><name>655173</name><styleUrl>#stPoste</styleUrl><Point><coordinates>-48.106822,-5.643541,0</coordinates></Point></Placemark>
<Placemark><name>655595</name><styleUrl>#stPoste</styleUrl><Point><coordinates>-48.094215,-5.653857,0</coordinates></Point></Placemark>
<Placemark><name>656107</name><styleUrl>#stPoste</styleUrl><Point><coordinates>-48.105132,-5.650716,0</coordinates></Point></Placemark>
<Placemark><name>1032570</name><styleUrl>#stPoste</styleUrl><Point><coordinates>-48.098566,-5.650162,0</coordinates></Point></Placemark>
<Placemark><name>1033942</name><styleUrl>#stPoste</styleUrl><Point><coordinates>-48.103763,-5.656563,0</coordinates></Point></Placemark>
<Placemark><name>1039390</name><styleUrl>#stPoste</styleUrl><Point><coordinates>-48.098820,-5.652615,0</coordinates></Point></Placemark>
<Placemark><name>1081538</name><styleUrl>#stPoste</styleUrl><Point><coordinates>-48.122021,-5.657735,0</coordinates></Point></Placemark>
<Placemark><name>1283268</name><styleUrl>#stPoste</styleUrl><Point><coordinates>-48.098631,-5.658189,0</coordinates></Point></Placemark>
<Placemark><name>1283269</name><styleUrl>#stPoste</styleUrl><Point><coordinates>-48.098311,-5.658295,0</coordinates></Point></Placemark>
<Placemark><name>1339594</name><styleUrl>#stPoste</styleUrl><Point><coordinates>-48.093929,-5.650982,0</coordinates></Point></Placemark>
<Placemark><name>1713324</name><styleUrl>#stPoste</styleUrl><Point><coordinates>-48.111053,-5.652600,0</coordinates></Point></Placemark>
<Placemark><name>1713807</name><styleUrl>#stPoste</styleUrl><Point><coordinates>-48.104676,-5.647556,0</coordinates></Point></Placemark>
<Placemark><name>1714108</name><styleUrl>#stPoste</styleUrl><Point><coordinates>-48.115973,-5.658891,0</coordinates></Point></Placemark>
<Placemark><name>1870490</name><styleUrl>#stPoste</styleUrl><Point><coordinates>-48.100929,-5.658401,0</coordinates></Point></Placemark>
<Placemark><name>1877428</name><styleUrl>#stPoste</styleUrl><Point><coordinates>-48.093793,-5.650327,0</coordinates></Point></Placemark>
<Placemark><name>32004269</name><styleUrl>#stPoste</styleUrl><Point><coordinates>-48.108353,-5.655255,0</coordinates></Point></Placemark>
<Placemark><name>51815698</name><styleUrl>#stPoste</styleUrl><Point><coordinates>-48.109378,-5.651431,0</coordinates></Point></Placemark>
<Placemark><name>652632</name><styleUrl>#stPoste</styleUrl><Point><coordinates>-48.107228,-5.650913,0</coordinates></Point></Placemark>
<Placemark><name>654534</name><styleUrl>#stPoste</styleUrl><Point><coordinates>-48.103877,-5.639455,0</coordinates></Point></Placemark>
<Placemark><name>655656</name><styleUrl>#stPoste</styleUrl><Point><coordinates>-48.114589,-5.656652,0</coordinates></Point></Placemark>
<Placemark><name>1032569</name><styleUrl>#stPoste</styleUrl><Point><coordinates>-48.101373,-5.650408,0</coordinates></Point></Placemark>
<Placemark><name>1150479</name><styleUrl>#stPoste</styleUrl><Point><coordinates>-48.110694,-5.660517,0</coordinates></Point></Placemark>
<Placemark><name>1283277</name><styleUrl>#stPoste</styleUrl><Point><coordinates>-48.100234,-5.656529,0</coordinates></Point></Placemark>
<Placemark><name>1283615</name><styleUrl>#stPoste</styleUrl><Point><coordinates>-48.097576,-5.655079,0</coordinates></Point></Placemark>
<Placemark><name>1290906</name><styleUrl>#stPoste</styleUrl><Point><coordinates>-48.099860,-5.657770,0</coordinates></Point></Placemark>
<Placemark><name>1339588</name><styleUrl>#stPoste</styleUrl><Point><coordinates>-48.092827,-5.649782,0</coordinates></Point></Placemark>
<Placemark><name>1713791</name><styleUrl>#stPoste</styleUrl><Point><coordinates>-48.103939,-5.645715,0</coordinates></Point></Placemark>
<Placemark><name>1714734</name><styleUrl>#stPoste</styleUrl><Point><coordinates>-48.111191,-5.655831,0</coordinates></Point></Placemark>
<Placemark><name>1808470</name><styleUrl>#stPoste</styleUrl><Point><coordinates>-48.099130,-5.653693,0</coordinates></Point></Placemark>
<Placemark><name>1808998</name><styleUrl>#stPoste</styleUrl><Point><coordinates>-48.105309,-5.654540,0</coordinates></Point></Placemark>
<Placemark><name>25927512</name><styleUrl>#stPoste</styleUrl><Point><coordinates>-48.113799,-5.659046,0</coordinates></Point></Placemark>
<Placemark><name>40277965</name><styleUrl>#stPoste</styleUrl><Point><coordinates>-48.111311,-5.652929,0</coordinates></Point></Placemark>
<Placemark><name>53997171</name><styleUrl>#stPoste</styleUrl><Point><coordinates>-48.109221,-5.654095,0</coordinates></Point></Placemark>
<Placemark><name>60811833</name><styleUrl>#stPoste</styleUrl><Point><coordinates>-48.103642,-5.642632,0</coordinates></Point></Placemark>
<Placemark><name>127885</name><styleUrl>#stPoste</styleUrl><Point><coordinates>-48.111686,-5.657989,0</coordinates></Point></Placemark>
<Placemark><name>329765</name><styleUrl>#stPoste</styleUrl><Point><coordinates>-48.094334,-5.650966,0</coordinates></Point></Placemark>
<Placemark><name>335637</name><styleUrl>#stPoste</styleUrl><Point><coordinates>-48.103803,-5.644571,0</coordinates></Point></Placemark>
<Placemark><name>652010</name><styleUrl>#stPoste</styleUrl><Point><coordinates>-48.109913,-5.652729,0</coordinates></Point></Placemark>
<Placemark><name>653765</name><styleUrl>#stPoste</styleUrl><Point><coordinates>-48.103922,-5.637847,0</coordinates></Point></Placemark>
<Placemark><name>653768</name><styleUrl>#stPoste</styleUrl><Point><coordinates>-48.100586,-5.642803,0</coordinates></Point></Placemark>
<Placemark><name>654247</name><styleUrl>#stPoste</styleUrl><Point><coordinates>-48.102060,-5.650462,0</coordinates></Point></Placemark>
<Placemark><name>655601</name><styleUrl>#stPoste</styleUrl><Point><coordinates>-48.094899,-5.657500,0</coordinates></Point></Placemark>
<Placemark><name>655658</name><styleUrl>#stPoste</styleUrl><Point><coordinates>-48.106690,-5.650862,0</coordinates></Point></Placemark>
<Placemark><name>655812</name><styleUrl>#stPoste</styleUrl><Point><coordinates>-48.092259,-5.649647,0</coordinates></Point></Placemark>
<Placemark><name>656081</name><styleUrl>#stPoste</styleUrl><Point><coordinates>-48.115191,-5.656344,0</coordinates></Point></Placemark>
<Placemark><name>1033260</name><styleUrl>#stPoste</styleUrl><Point><coordinates>-48.098146,-5.652001,0</coordinates></Point></Placemark>
<Placemark><name>1033611</name><styleUrl>#stPoste</styleUrl><Point><coordinates>-48.098888,-5.651800,0</coordinates></Point></Placemark>
<Placemark><name>1087833</name><styleUrl>#stPoste</styleUrl><Point><coordinates>-48.115776,-5.658057,0</coordinates></Point></Placemark>
<Placemark><name>1289601</name><styleUrl>#stPoste</styleUrl><Point><coordinates>-48.100079,-5.659118,0</coordinates></Point></Placemark>
<Placemark><name>1291846</name><styleUrl>#stPoste</styleUrl><Point><coordinates>-48.098174,-5.654879,0</coordinates></Point></Placemark>
<Placemark><name>1808548</name><styleUrl>#stPoste</styleUrl><Point><coordinates>-48.103062,-5.655821,0</coordinates></Point></Placemark>
<Placemark><name>1808680</name><styleUrl>#stPoste</styleUrl><Point><coordinates>-48.096450,-5.650075,0</coordinates></Point></Placemark>
<Placemark><name>1808999</name><styleUrl>#stPoste</styleUrl><Point><coordinates>-48.105178,-5.654158,0</coordinates></Point></Placemark>
<Placemark><name>25927360</name><styleUrl>#stPoste</styleUrl><Point><coordinates>-48.113330,-5.657933,0</coordinates></Point></Placemark>
<Placemark><name>36607347</name><styleUrl>#stPoste</styleUrl><Point><coordinates>-48.104301,-5.646472,0</coordinates></Point></Placemark>
<Placemark><name>651942</name><styleUrl>#stPoste</styleUrl><Point><coordinates>-48.104780,-5.650683,0</coordinates></Point></Placemark>
<Placemark><name>653546</name><styleUrl>#stPoste</styleUrl><Point><coordinates>-48.103716,-5.638376,0</coordinates></Point></Placemark>
<Placemark><name>653946</name><styleUrl>#stPoste</styleUrl><Point><coordinates>-48.112887,-5.657254,0</coordinates></Point></Placemark>
<Placemark><name>654246</name><styleUrl>#stPoste</styleUrl><Point><coordinates>-48.103043,-5.650521,0</coordinates></Point></Placemark>
<Placemark><name>654690</name><styleUrl>#stPoste</styleUrl><Point><coordinates>-48.110715,-5.655876,0</coordinates></Point></Placemark>
<Placemark><name>654699</name><styleUrl>#stPoste</styleUrl><Point><coordinates>-48.112354,-5.655497,0</coordinates></Point></Placemark>
<Placemark><name>654704</name><styleUrl>#stPoste</styleUrl><Point><coordinates>-48.106422,-5.648455,0</coordinates></Point></Placemark>
<Placemark><name>654705</name><styleUrl>#stPoste</styleUrl><Point><coordinates>-48.104050,-5.643030,0</coordinates></Point></Placemark>
<Placemark><name>654990</name><styleUrl>#stPoste</styleUrl><Point><coordinates>-48.104099,-5.650627,0</coordinates></Point></Placemark>
<Placemark><name>654998</name><styleUrl>#stPoste</styleUrl><Point><coordinates>-48.101965,-5.640997,0</coordinates></Point></Placemark>
<Placemark><name>655176</name><styleUrl>#stPoste</styleUrl><Point><coordinates>-48.103609,-5.644482,0</coordinates></Point></Placemark>
<Placemark><name>655418</name><styleUrl>#stPoste</styleUrl><Point><coordinates>-48.108771,-5.649956,0</coordinates></Point></Placemark>
<Placemark><name>655421</name><styleUrl>#stPoste</styleUrl><Point><coordinates>-48.108228,-5.648639,0</coordinates></Point></Placemark>
<Placemark><name>655592</name><styleUrl>#stPoste</styleUrl><Point><coordinates>-48.094536,-5.651538,0</coordinates></Point></Placemark>
<Placemark><name>656105</name><styleUrl>#stPoste</styleUrl><Point><coordinates>-48.105863,-5.650785,0</coordinates></Point></Placemark>
<Placemark><name>1032571</name><styleUrl>#stPoste</styleUrl><Point><coordinates>-48.097544,-5.650066,0</coordinates></Point></Placemark>
<Placemark><name>1033272</name><styleUrl>#stPoste</styleUrl><Point><coordinates>-48.103173,-5.653179,0</coordinates></Point></Placemark>
<Placemark><name>1033279</name><styleUrl>#stPoste</styleUrl><Point><coordinates>-48.104703,-5.654449,0</coordinates></Point></Placemark>
<Placemark><name>1039384</name><styleUrl>#stPoste</styleUrl><Point><coordinates>-48.099037,-5.653204,0</coordinates></Point></Placemark>
<Placemark><name>1039389</name><styleUrl>#stPoste</styleUrl><Point><coordinates>-48.098715,-5.652327,0</coordinates></Point></Placemark>
<Placemark><name>1039694</name><styleUrl>#stPoste</styleUrl><Point><coordinates>-48.106135,-5.654015,0</coordinates></Point></Placemark>
<Placemark><name>1087849</name><styleUrl>#stPoste</styleUrl><Point><coordinates>-48.119767,-5.657390,0</coordinates></Point></Placemark>
<Placemark><name>1282253</name><styleUrl>#stPoste</styleUrl><Point><coordinates>-48.096322,-5.652412,0</coordinates></Point></Placemark>
<Placemark><name>1283257</name><styleUrl>#stPoste</styleUrl><Point><coordinates>-48.102782,-5.656831,0</coordinates></Point></Placemark>
<Placemark><name>1283604</name><styleUrl>#stPoste</styleUrl><Point><coordinates>-48.102078,-5.658440,0</coordinates></Point></Placemark>
<Placemark><name>1290908</name><styleUrl>#stPoste</styleUrl><Point><coordinates>-48.099245,-5.657980,0</coordinates></Point></Placemark>
<Placemark><name>1344851</name><styleUrl>#stPoste</styleUrl><Point><coordinates>-48.094588,-5.652907,0</coordinates></Point></Placemark>
<Placemark><name>1713704</name><styleUrl>#stPoste</styleUrl><Point><coordinates>-48.110890,-5.651623,0</coordinates></Point></Placemark>
<Placemark><name>1714789</name><styleUrl>#stPoste</styleUrl><Point><coordinates>-48.099924,-5.641634,0</coordinates></Point></Placemark>
<Placemark><name>1715151</name><styleUrl>#stPoste</styleUrl><Point><coordinates>-48.103025,-5.642179,0</coordinates></Point></Placemark>
<Placemark><name>1715754</name><styleUrl>#stPoste</styleUrl><Point><coordinates>-48.101629,-5.647009,0</coordinates></Point></Placemark>
<Placemark><name>1809051</name><styleUrl>#stPoste</styleUrl><Point><coordinates>-48.104723,-5.652847,0</coordinates></Point></Placemark>
<Placemark><name>1870770</name><styleUrl>#stPoste</styleUrl><Point><coordinates>-48.102065,-5.657399,0</coordinates></Point></Placemark>
<Placemark><name>1870774</name><styleUrl>#stPoste</styleUrl><Point><coordinates>-48.100283,-5.657130,0</coordinates></Point></Placemark>
<Placemark><name>1877418</name><styleUrl>#stPoste</styleUrl><Point><coordinates>-48.094538,-5.652500,0</coordinates></Point></Placemark>
<Placemark><name>32004219</name><styleUrl>#stPoste</styleUrl><Point><coordinates>-48.109593,-5.654789,0</coordinates></Point></Placemark>
<Placemark><name>32004230</name><styleUrl>#stPoste</styleUrl><Point><coordinates>-48.109844,-5.655396,0</coordinates></Point></Placemark>
<Placemark><name>32004268</name><styleUrl>#stPoste</styleUrl><Point><coordinates>-48.108659,-5.655152,0</coordinates></Point></Placemark>
<Placemark><name>36607355</name><styleUrl>#stPoste</styleUrl><Point><coordinates>-48.104457,-5.647067,0</coordinates></Point></Placemark>
<Placemark><name>49209296</name><styleUrl>#stPoste</styleUrl><Point><coordinates>-48.097959,-5.653652,0</coordinates></Point></Placemark>
<Placemark><name>651955</name><styleUrl>#stPoste</styleUrl><Point><coordinates>-48.103897,-5.644027,0</coordinates></Point></Placemark>
<Placemark><name>653959</name><styleUrl>#stPoste</styleUrl><Point><coordinates>-48.109319,-5.650974,0</coordinates></Point></Placemark>
<Placemark><name>655171</name><styleUrl>#stPoste</styleUrl><Point><coordinates>-48.107045,-5.644393,0</coordinates></Point></Placemark>
<Placemark><name>655352</name><styleUrl>#stPoste</styleUrl><Point><coordinates>-48.097852,-5.650080,0</coordinates></Point></Placemark>
<Placemark><name>1033941</name><styleUrl>#stPoste</styleUrl><Point><coordinates>-48.103137,-5.654915,0</coordinates></Point></Placemark>
<Placemark><name>1034276</name><styleUrl>#stPoste</styleUrl><Point><coordinates>-48.106234,-5.655880,0</coordinates></Point></Placemark>
<Placemark><name>1039391</name><styleUrl>#stPoste</styleUrl><Point><coordinates>-48.099257,-5.653810,0</coordinates></Point></Placemark>
<Placemark><name>1039394</name><styleUrl>#stPoste</styleUrl><Point><coordinates>-48.098363,-5.651388,0</coordinates></Point></Placemark>
<Placemark><name>1040653</name><styleUrl>#stPoste</styleUrl><Point><coordinates>-48.099446,-5.650245,0</coordinates></Point></Placemark>
<Placemark><name>1081254</name><styleUrl>#stPoste</styleUrl><Point><coordinates>-48.120932,-5.656882,0</coordinates></Point></Placemark>
<Placemark><name>1283625</name><styleUrl>#stPoste</styleUrl><Point><coordinates>-48.096017,-5.651514,0</coordinates></Point></Placemark>
<Placemark><name>1714017</name><styleUrl>#stPoste</styleUrl><Point><coordinates>-48.101312,-5.642996,0</coordinates></Point></Placemark>
<Placemark><name>1715557</name><styleUrl>#stPoste</styleUrl><Point><coordinates>-48.116208,-5.658812,0</coordinates></Point></Placemark>
<Placemark><name>1808981</name><styleUrl>#stPoste</styleUrl><Point><coordinates>-48.104956,-5.653510,0</coordinates></Point></Placemark>
<Placemark><name>335639</name><styleUrl>#stPoste</styleUrl><Point><coordinates>-48.105895,-5.642977,0</coordinates></Point></Placemark>
<Placemark><name>652630</name><styleUrl>#stPoste</styleUrl><Point><coordinates>-48.107934,-5.650978,0</coordinates></Point></Placemark>
<Placemark><name>652674</name><styleUrl>#stPoste</styleUrl><Point><coordinates>-48.102803,-5.640547,0</coordinates></Point></Placemark>
<Placemark><name>653543</name><styleUrl>#stPoste</styleUrl><Point><coordinates>-48.099448,-5.643960,0</coordinates></Point></Placemark>
<Placemark><name>656049</name><styleUrl>#stPoste</styleUrl><Point><coordinates>-48.098886,-5.650191,0</coordinates></Point></Placemark>
<Placemark><name>1033267</name><styleUrl>#stPoste</styleUrl><Point><coordinates>-48.101908,-5.652226,0</coordinates></Point></Placemark>
<Placemark><name>1033281</name><styleUrl>#stPoste</styleUrl><Point><coordinates>-48.103499,-5.654804,0</coordinates></Point></Placemark>
<Placemark><name>1087584</name><styleUrl>#stPoste</styleUrl><Point><coordinates>-48.095456,-5.649805,0</coordinates></Point></Placemark>
<Placemark><name>1283618</name><styleUrl>#stPoste</styleUrl><Point><coordinates>-48.097972,-5.653840,0</coordinates></Point></Placemark>
<Placemark><name>1290251</name><styleUrl>#stPoste</styleUrl><Point><coordinates>-48.100975,-5.658710,0</coordinates></Point></Placemark>
<Placemark><name>1715463</name><styleUrl>#stPoste</styleUrl><Point><coordinates>-48.109541,-5.652006,0</coordinates></Point></Placemark>
<Placemark><name>1877419</name><styleUrl>#stPoste</styleUrl><Point><coordinates>-48.094724,-5.653043,0</coordinates></Point></Placemark>
<Placemark><name>25927482</name><styleUrl>#stPoste</styleUrl><Point><coordinates>-48.113656,-5.658705,0</coordinates></Point></Placemark>
<Placemark><name>42544982</name><styleUrl>#stPoste</styleUrl><Point><coordinates>-48.096613,-5.652738,0</coordinates></Point></Placemark>
<Placemark><name>53997145</name><styleUrl>#stPoste</styleUrl><Point><coordinates>-48.110271,-5.653793,0</coordinates></Point></Placemark>
<Placemark><name>63465327</name><styleUrl>#stPoste</styleUrl><Point><coordinates>-48.096235,-5.651932,0</coordinates></Point></Placemark>
<Placemark><name>127835</name><styleUrl>#stPoste</styleUrl><Point><coordinates>-48.108983,-5.651202,0</coordinates></Point></Placemark>
<Placemark><name>127836</name><styleUrl>#stPoste</styleUrl><Point><coordinates>-48.110176,-5.656198,0</coordinates></Point></Placemark>
<Placemark><name>503967</name><styleUrl>#stPoste</styleUrl><Point><coordinates>-48.099227,-5.650054,0</coordinates></Point></Placemark>
<Placemark><name>652193</name><styleUrl>#stPoste</styleUrl><Point><coordinates>-48.104096,-5.642919,0</coordinates></Point></Placemark>
<Placemark><name>652410</name><styleUrl>#stPoste</styleUrl><Point><coordinates>-48.106858,-5.648344,0</coordinates></Point></Placemark>
<Placemark><name>653771</name><styleUrl>#stPoste</styleUrl><Point><coordinates>-48.102774,-5.640208,0</coordinates></Point></Placemark>
<Placemark><name>653966</name><styleUrl>#stPoste</styleUrl><Point><coordinates>-48.104943,-5.648921,0</coordinates></Point></Placemark>
<Placemark><name>653968</name><styleUrl>#stPoste</styleUrl><Point><coordinates>-48.106835,-5.647575,0</coordinates></Point></Placemark>
<Placemark><name>654020</name><styleUrl>#stPoste</styleUrl><Point><coordinates>-48.100805,-5.642580,0</coordinates></Point></Placemark>
<Placemark><name>654700</name><styleUrl>#stPoste</styleUrl><Point><coordinates>-48.104575,-5.648922,0</coordinates></Point></Placemark>
<Placemark><name>654715</name><styleUrl>#stPoste</styleUrl><Point><coordinates>-48.107269,-5.645247,0</coordinates></Point></Placemark>
<Placemark><name>655356</name><styleUrl>#stPoste</styleUrl><Point><coordinates>-48.094188,-5.650533,0</coordinates></Point></Placemark>
<Placemark><name>655607</name><styleUrl>#stPoste</styleUrl><Point><coordinates>-48.096923,-5.661823,0</coordinates></Point></Placemark>
<Placemark><name>655827</name><styleUrl>#stPoste</styleUrl><Point><coordinates>-48.100471,-5.650324,0</coordinates></Point></Placemark>
<Placemark><name>656106</name><styleUrl>#stPoste</styleUrl><Point><coordinates>-48.105468,-5.650748,0</coordinates></Point></Placemark>
<Placemark><name>1033269</name><styleUrl>#stPoste</styleUrl><Point><coordinates>-48.104654,-5.652711,0</coordinates></Point></Placemark>
<Placemark><name>1087834</name><styleUrl>#stPoste</styleUrl><Point><coordinates>-48.115927,-5.658387,0</coordinates></Point></Placemark>
<Placemark><name>1087850</name><styleUrl>#stPoste</styleUrl><Point><coordinates>-48.120087,-5.657259,0</coordinates></Point></Placemark>
<Placemark><name>1283619</name><styleUrl>#stPoste</styleUrl><Point><coordinates>-48.097753,-5.653686,0</coordinates></Point></Placemark>
<Placemark><name>1344854</name><styleUrl>#stPoste</styleUrl><Point><coordinates>-48.094034,-5.651289,0</coordinates></Point></Placemark>
<Placemark><name>1808380</name><styleUrl>#stPoste</styleUrl><Point><coordinates>-48.098912,-5.652451,0</coordinates></Point></Placemark>
<Placemark><name>1808982</name><styleUrl>#stPoste</styleUrl><Point><coordinates>-48.104371,-5.651789,0</coordinates></Point></Placemark>
<Placemark><name>35083017</name><styleUrl>#stPoste</styleUrl><Point><coordinates>-48.106876,-5.650880,0</coordinates></Point></Placemark>
<Placemark><name>63465323</name><styleUrl>#stPoste</styleUrl><Point><coordinates>-48.096271,-5.651862,0</coordinates></Point></Placemark>
<Placemark><name>329766</name><styleUrl>#stPoste</styleUrl><Point><coordinates>-48.092719,-5.654611,0</coordinates></Point></Placemark>
<Placemark><name>335638</name><styleUrl>#stPoste</styleUrl><Point><coordinates>-48.105267,-5.642670,0</coordinates></Point></Placemark>
<Placemark><name>651938</name><styleUrl>#stPoste</styleUrl><Point><coordinates>-48.108714,-5.663709,0</coordinates></Point></Placemark>
<Placemark><name>653547</name><styleUrl>#stPoste</styleUrl><Point><coordinates>-48.104469,-5.639094,0</coordinates></Point></Placemark>
<Placemark><name>653965</name><styleUrl>#stPoste</styleUrl><Point><coordinates>-48.104834,-5.648507,0</coordinates></Point></Placemark>
<Placemark><name>656075</name><styleUrl>#stPoste</styleUrl><Point><coordinates>-48.115605,-5.657221,0</coordinates></Point></Placemark>
<Placemark><name>1033282</name><styleUrl>#stPoste</styleUrl><Point><coordinates>-48.102789,-5.655020,0</coordinates></Point></Placemark>
<Placemark><name>1039381</name><styleUrl>#stPoste</styleUrl><Point><coordinates>-48.098462,-5.651661,0</coordinates></Point></Placemark>
<Placemark><name>1283280</name><styleUrl>#stPoste</styleUrl><Point><coordinates>-48.100045,-5.655983,0</coordinates></Point></Placemark>
<Placemark><name>1283623</name><styleUrl>#stPoste</styleUrl><Point><coordinates>-48.096240,-5.652175,0</coordinates></Point></Placemark>
<Placemark><name>1344846</name><styleUrl>#stPoste</styleUrl><Point><coordinates>-48.094828,-5.653597,0</coordinates></Point></Placemark>
<Placemark><name>1368665</name><styleUrl>#stPoste</styleUrl><Point><coordinates>-48.109993,-5.650780,0</coordinates></Point></Placemark>
<Placemark><name>1713925</name><styleUrl>#stPoste</styleUrl><Point><coordinates>-48.114172,-5.659643,0</coordinates></Point></Placemark>
<Placemark><name>1714142</name><styleUrl>#stPoste</styleUrl><Point><coordinates>-48.114460,-5.657760,0</coordinates></Point></Placemark>
<Placemark><name>1808994</name><styleUrl>#stPoste</styleUrl><Point><coordinates>-48.105947,-5.656222,0</coordinates></Point></Placemark>
<Placemark><name>42544980</name><styleUrl>#stPoste</styleUrl><Point><coordinates>-48.097347,-5.653237,0</coordinates></Point></Placemark>
<Placemark><name>652629</name><styleUrl>#stPoste</styleUrl><Point><coordinates>-48.108441,-5.651026,0</coordinates></Point></Placemark>
<Placemark><name>653548</name><styleUrl>#stPoste</styleUrl><Point><coordinates>-48.103447,-5.638117,0</coordinates></Point></Placemark>
<Placemark><name>654481</name><styleUrl>#stPoste</styleUrl><Point><coordinates>-48.106145,-5.642722,0</coordinates></Point></Placemark>
<Placemark><name>1033607</name><styleUrl>#stPoste</styleUrl><Point><coordinates>-48.105169,-5.656178,0</coordinates></Point></Placemark>
<Placemark><name>1034609</name><styleUrl>#stPoste</styleUrl><Point><coordinates>-48.102390,-5.653401,0</coordinates></Point></Placemark>
<Placemark><name>1039385</name><styleUrl>#stPoste</styleUrl><Point><coordinates>-48.099364,-5.654081,0</coordinates></Point></Placemark>
<Placemark><name>1081253</name><styleUrl>#stPoste</styleUrl><Point><coordinates>-48.120607,-5.657020,0</coordinates></Point></Placemark>
<Placemark><name>1283606</name><styleUrl>#stPoste</styleUrl><Point><coordinates>-48.099153,-5.654312,0</coordinates></Point></Placemark>
<Placemark><name>1713690</name><styleUrl>#stPoste</styleUrl><Point><coordinates>-48.109328,-5.654149,0</coordinates></Point></Placemark>
<Placemark><name>1734240</name><styleUrl>#stPoste</styleUrl><Point><coordinates>-48.105709,-5.655081,0</coordinates></Point></Placemark>
<Placemark><name>32004243</name><styleUrl>#stPoste</styleUrl><Point><coordinates>-48.110040,-5.655869,0</coordinates></Point></Placemark>
<Placemark><name>42502207</name><styleUrl>#stPoste</styleUrl><Point><coordinates>-48.113904,-5.656894,0</coordinates></Point></Placemark>
<Placemark><name>42544979</name><styleUrl>#stPoste</styleUrl><Point><coordinates>-48.097043,-5.653043,0</coordinates></Point></Placemark>
<Placemark><name>127833</name><styleUrl>#stPoste</styleUrl><Point><coordinates>-48.109245,-5.651108,0</coordinates></Point></Placemark>
<Placemark><name>163070</name><styleUrl>#stPoste</styleUrl><Point><coordinates>-48.110221,-5.650714,0</coordinates></Point></Placemark>
<Placemark><name>652454</name><styleUrl>#stPoste</styleUrl><Point><coordinates>-48.110842,-5.651771,0</coordinates></Point></Placemark>
<Placemark><name>652631</name><styleUrl>#stPoste</styleUrl><Point><coordinates>-48.107631,-5.650950,0</coordinates></Point></Placemark>
<Placemark><name>654691</name><styleUrl>#stPoste</styleUrl><Point><coordinates>-48.110357,-5.655985,0</coordinates></Point></Placemark>
<Placemark><name>654958</name><styleUrl>#stPoste</styleUrl><Point><coordinates>-48.107593,-5.646479,0</coordinates></Point></Placemark>
<Placemark><name>655639</name><styleUrl>#stPoste</styleUrl><Point><coordinates>-48.114326,-5.657680,0</coordinates></Point></Placemark>
<Placemark><name>1033261</name><styleUrl>#stPoste</styleUrl><Point><coordinates>-48.098480,-5.651912,0</coordinates></Point></Placemark>
<Placemark><name>1034611</name><styleUrl>#stPoste</styleUrl><Point><coordinates>-48.103939,-5.652939,0</coordinates></Point></Placemark>
<Placemark><name>1039701</name><styleUrl>#stPoste</styleUrl><Point><coordinates>-48.102444,-5.654556,0</coordinates></Point></Placemark>
<Placemark><name>1039702</name><styleUrl>#stPoste</styleUrl><Point><coordinates>-48.102319,-5.654147,0</coordinates></Point></Placemark>
<Placemark><name>1039705</name><styleUrl>#stPoste</styleUrl><Point><coordinates>-48.101954,-5.653134,0</coordinates></Point></Placemark>
<Placemark><name>1087843</name><styleUrl>#stPoste</styleUrl><Point><coordinates>-48.117884,-5.658112,0</coordinates></Point></Placemark>
<Placemark><name>1283608</name><styleUrl>#stPoste</styleUrl><Point><coordinates>-48.099229,-5.654566,0</coordinates></Point></Placemark>
<Placemark><name>1290568</name><styleUrl>#stPoste</styleUrl><Point><coordinates>-48.098572,-5.654276,0</coordinates></Point></Placemark>
<Placemark><name>1713320</name><styleUrl>#stPoste</styleUrl><Point><coordinates>-48.109918,-5.652927,0</coordinates></Point></Placemark>
<Placemark><name>1715558</name><styleUrl>#stPoste</styleUrl><Point><coordinates>-48.116139,-5.658664,0</coordinates></Point></Placemark>
<Placemark><name>127883</name><styleUrl>#stPoste</styleUrl><Point><coordinates>-48.114874,-5.656551,0</coordinates></Point></Placemark>
<Placemark><name>127962</name><styleUrl>#stPoste</styleUrl><Point><coordinates>-48.112106,-5.654884,0</coordinates></Point></Placemark>
<Placemark><name>127963</name><styleUrl>#stPoste</styleUrl><Point><coordinates>-48.111106,-5.652422,0</coordinates></Point></Placemark>
<Placemark><name>127964</name><styleUrl>#stPoste</styleUrl><Point><coordinates>-48.110966,-5.652076,0</coordinates></Point></Placemark>
<Placemark><name>653549</name><styleUrl>#stPoste</styleUrl><Point><coordinates>-48.103188,-5.637928,0</coordinates></Point></Placemark>
<Placemark><name>653772</name><styleUrl>#stPoste</styleUrl><Point><coordinates>-48.103048,-5.640475,0</coordinates></Point></Placemark>
<Placemark><name>653958</name><styleUrl>#stPoste</styleUrl><Point><coordinates>-48.109782,-5.650841,0</coordinates></Point></Placemark>
<Placemark><name>655593</name><styleUrl>#stPoste</styleUrl><Point><coordinates>-48.094782,-5.652270,0</coordinates></Point></Placemark>
<Placemark><name>655606</name><styleUrl>#stPoste</styleUrl><Point><coordinates>-48.096691,-5.661402,0</coordinates></Point></Placemark>
<Placemark><name>655860</name><styleUrl>#stPoste</styleUrl><Point><coordinates>-48.104997,-5.642939,0</coordinates></Point></Placemark>
<Placemark><name>1032567</name><styleUrl>#stPoste</styleUrl><Point><coordinates>-48.102446,-5.650501,0</coordinates></Point></Placemark>
<Placemark><name>1032910</name><styleUrl>#stPoste</styleUrl><Point><coordinates>-48.097509,-5.650893,0</coordinates></Point></Placemark>
<Placemark><name>1033268</name><styleUrl>#stPoste</styleUrl><Point><coordinates>-48.105056,-5.652594,0</coordinates></Point></Placemark>
<Placemark><name>1034271</name><styleUrl>#stPoste</styleUrl><Point><coordinates>-48.105778,-5.654128,0</coordinates></Point></Placemark>
<Placemark><name>1034613</name><styleUrl>#stPoste</styleUrl><Point><coordinates>-48.099325,-5.654264,0</coordinates></Point></Placemark>
<Placemark><name>1039704</name><styleUrl>#stPoste</styleUrl><Point><coordinates>-48.102051,-5.653418,0</coordinates></Point></Placemark>
<Placemark><name>1237052</name><styleUrl>#stPoste</styleUrl><Point><coordinates>-48.104271,-5.637870,0</coordinates></Point></Placemark>
<Placemark><name>1283274</name><styleUrl>#stPoste</styleUrl><Point><coordinates>-48.099505,-5.656380,0</coordinates></Point></Placemark>
<Placemark><name>1283611</name><styleUrl>#stPoste</styleUrl><Point><coordinates>-48.099270,-5.654778,0</coordinates></Point></Placemark>
<Placemark><name>1713635</name><styleUrl>#stPoste</styleUrl><Point><coordinates>-48.107799,-5.646753,0</coordinates></Point></Placemark>
<Placemark><name>1808997</name><styleUrl>#stPoste</styleUrl><Point><coordinates>-48.105604,-5.655301,0</coordinates></Point></Placemark>
<Placemark><name>1877383</name><styleUrl>#stPoste</styleUrl><Point><coordinates>-48.093979,-5.650870,0</coordinates></Point></Placemark>
<Placemark><name>49209295</name><styleUrl>#stPoste</styleUrl><Point><coordinates>-48.098595,-5.654129,0</coordinates></Point></Placemark>
<Placemark><name>329767</name><styleUrl>#stPoste</styleUrl><Point><coordinates>-48.090893,-5.655911,0</coordinates></Point></Placemark>
<Placemark><name>652453</name><styleUrl>#stPoste</styleUrl><Point><coordinates>-48.103618,-5.639718,0</coordinates></Point></Placemark>
<Placemark><name>652634</name><styleUrl>#stPoste</styleUrl><Point><coordinates>-48.104188,-5.646042,0</coordinates></Point></Placemark>
<Placemark><name>655420</name><styleUrl>#stPoste</styleUrl><Point><coordinates>-48.108408,-5.649076,0</coordinates></Point></Placemark>
<Placemark><name>655895</name><styleUrl>#stPoste</styleUrl><Point><coordinates>-48.109526,-5.651790,0</coordinates></Point></Placemark>
<Placemark><name>656102</name><styleUrl>#stPoste</styleUrl><Point><coordinates>-48.110224,-5.650247,0</coordinates></Point></Placemark>
<Placemark><name>1033265</name><styleUrl>#stPoste</styleUrl><Point><coordinates>-48.101224,-5.652424,0</coordinates></Point></Placemark>
<Placemark><name>1033266</name><styleUrl>#stPoste</styleUrl><Point><coordinates>-48.101562,-5.652325,0</coordinates></Point></Placemark>
<Placemark><name>1033606</name><styleUrl>#stPoste</styleUrl><Point><coordinates>-48.104127,-5.656466,0</coordinates></Point></Placemark>
<Placemark><name>1034278</name><styleUrl>#stPoste</styleUrl><Point><coordinates>-48.104821,-5.656275,0</coordinates></Point></Placemark>
<Placemark><name>1039388</name><styleUrl>#stPoste</styleUrl><Point><coordinates>-48.103194,-5.656657,0</coordinates></Point></Placemark>
<Placemark><name>1087828</name><styleUrl>#stPoste</styleUrl><Point><coordinates>-48.115402,-5.657025,0</coordinates></Point></Placemark>
<Placemark><name>1087840</name><styleUrl>#stPoste</styleUrl><Point><coordinates>-48.117000,-5.658470,0</coordinates></Point></Placemark>
<Placemark><name>1087844</name><styleUrl>#stPoste</styleUrl><Point><coordinates>-48.118229,-5.657979,0</coordinates></Point></Placemark>
<Placemark><name>1282254</name><styleUrl>#stPoste</styleUrl><Point><coordinates>-48.098176,-5.653993,0</coordinates></Point></Placemark>
<Placemark><name>1283266</name><styleUrl>#stPoste</styleUrl><Point><coordinates>-48.101165,-5.657324,0</coordinates></Point></Placemark>
<Placemark><name>1283272</name><styleUrl>#stPoste</styleUrl><Point><coordinates>-48.102419,-5.658321,0</coordinates></Point></Placemark>
<Placemark><name>1283275</name><styleUrl>#stPoste</styleUrl><Point><coordinates>-48.100332,-5.656830,0</coordinates></Point></Placemark>
<Placemark><name>1290909</name><styleUrl>#stPoste</styleUrl><Point><coordinates>-48.098938,-5.658085,0</coordinates></Point></Placemark>
<Placemark><name>1713790</name><styleUrl>#stPoste</styleUrl><Point><coordinates>-48.107947,-5.650895,0</coordinates></Point></Placemark>
<Placemark><name>1715079</name><styleUrl>#stPoste</styleUrl><Point><coordinates>-48.117198,-5.658307,0</coordinates></Point></Placemark>
<Placemark><name>1808482</name><styleUrl>#stPoste</styleUrl><Point><coordinates>-48.104447,-5.652125,0</coordinates></Point></Placemark>
<Placemark><name>1808995</name><styleUrl>#stPoste</styleUrl><Point><coordinates>-48.105823,-5.655891,0</coordinates></Point></Placemark>
<Placemark><name>25927401</name><styleUrl>#stPoste</styleUrl><Point><coordinates>-48.113439,-5.658191,0</coordinates></Point></Placemark>
<Placemark><name>63465325</name><styleUrl>#stPoste</styleUrl><Point><coordinates>-48.096128,-5.651582,0</coordinates></Point></Placemark>
<Placemark><name>651939</name><styleUrl>#stPoste</styleUrl><Point><coordinates>-48.109321,-5.662489,0</coordinates></Point></Placemark>
<Placemark><name>651954</name><styleUrl>#stPoste</styleUrl><Point><coordinates>-48.104197,-5.643730,0</coordinates></Point></Placemark>
<Placemark><name>652455</name><styleUrl>#stPoste</styleUrl><Point><coordinates>-48.110716,-5.651460,0</coordinates></Point></Placemark>
<Placemark><name>656076</name><styleUrl>#stPoste</styleUrl><Point><coordinates>-48.115326,-5.657321,0</coordinates></Point></Placemark>
<Placemark><name>1032572</name><styleUrl>#stPoste</styleUrl><Point><coordinates>-48.097217,-5.650039,0</coordinates></Point></Placemark>
<Placemark><name>1283270</name><styleUrl>#stPoste</styleUrl><Point><coordinates>-48.100771,-5.658118,0</coordinates></Point></Placemark>
<Placemark><name>1283610</name><styleUrl>#stPoste</styleUrl><Point><coordinates>-48.099443,-5.654898,0</coordinates></Point></Placemark>
<Placemark><name>1713490</name><styleUrl>#stPoste</styleUrl><Point><coordinates>-48.109491,-5.653873,0</coordinates></Point></Placemark>
<Placemark><name>1714434</name><styleUrl>#stPoste</styleUrl><Point><coordinates>-48.111813,-5.654461,0</coordinates></Point></Placemark>
<Placemark><name>1714727</name><styleUrl>#stPoste</styleUrl><Point><coordinates>-48.108884,-5.656435,0</coordinates></Point></Placemark>
<Placemark><name>1808983</name><styleUrl>#stPoste</styleUrl><Point><coordinates>-48.104241,-5.651423,0</coordinates></Point></Placemark>
<Placemark><name>1809054</name><styleUrl>#stPoste</styleUrl><Point><coordinates>-48.107318,-5.655831,0</coordinates></Point></Placemark>
<Placemark><name>1877451</name><styleUrl>#stPoste</styleUrl><Point><coordinates>-48.094888,-5.653522,0</coordinates></Point></Placemark>
<Placemark><name>32004223</name><styleUrl>#stPoste</styleUrl><Point><coordinates>-48.109736,-5.655134,0</coordinates></Point></Placemark>
<Placemark><name>71967440</name><styleUrl>#stPoste</styleUrl><Point><coordinates>-48.108168,-5.648809,0</coordinates></Point></Placemark>
<Placemark><name>652637</name><styleUrl>#stPoste</styleUrl><Point><coordinates>-48.104516,-5.647292,0</coordinates></Point></Placemark>
<Placemark><name>652675</name><styleUrl>#stPoste</styleUrl><Point><coordinates>-48.102537,-5.640818,0</coordinates></Point></Placemark>
<Placemark><name>654477</name><styleUrl>#stPoste</styleUrl><Point><coordinates>-48.105076,-5.643812,0</coordinates></Point></Placemark>
<Placemark><name>654692</name><styleUrl>#stPoste</styleUrl><Point><coordinates>-48.110028,-5.656086,0</coordinates></Point></Placemark>
<Placemark><name>1039693</name><styleUrl>#stPoste</styleUrl><Point><coordinates>-48.098256,-5.651090,0</coordinates></Point></Placemark>
<Placemark><name>1087829</name><styleUrl>#stPoste</styleUrl><Point><coordinates>-48.115539,-5.657359,0</coordinates></Point></Placemark>
<Placemark><name>1087842</name><styleUrl>#stPoste</styleUrl><Point><coordinates>-48.117543,-5.658245,0</coordinates></Point></Placemark>
<Placemark><name>1087847</name><styleUrl>#stPoste</styleUrl><Point><coordinates>-48.119172,-5.657606,0</coordinates></Point></Placemark>
<Placemark><name>1283281</name><styleUrl>#stPoste</styleUrl><Point><coordinates>-48.099746,-5.659231,0</coordinates></Point></Placemark>
<Placemark><name>1283609</name><styleUrl>#stPoste</styleUrl><Point><coordinates>-48.099529,-5.654750,0</coordinates></Point></Placemark>
<Placemark><name>1344849</name><styleUrl>#stPoste</styleUrl><Point><coordinates>-48.093097,-5.649784,0</coordinates></Point></Placemark>
<Placemark><name>1713337</name><styleUrl>#stPoste</styleUrl><Point><coordinates>-48.110493,-5.653586,0</coordinates></Point></Placemark>
<Placemark><name>1808910</name><styleUrl>#stPoste</styleUrl><Point><coordinates>-48.103398,-5.652972,0</coordinates></Point></Placemark>
<Placemark><name>1870347</name><styleUrl>#stPoste</styleUrl><Point><coordinates>-48.097664,-5.653673,0</coordinates></Point></Placemark>
<Placemark><name>1877384</name><styleUrl>#stPoste</styleUrl><Point><coordinates>-48.094144,-5.651349,0</coordinates></Point></Placemark>
<Placemark><name>652457</name><styleUrl>#stPoste</styleUrl><Point><coordinates>-48.110513,-5.650960,0</coordinates></Point></Placemark>
<Placemark><name>652615</name><styleUrl>#stPoste</styleUrl><Point><coordinates>-48.104728,-5.643205,0</coordinates></Point></Placemark>
<Placemark><name>653766</name><styleUrl>#stPoste</styleUrl><Point><coordinates>-48.104235,-5.638873,0</coordinates></Point></Placemark>
<Placemark><name>654017</name><styleUrl>#stPoste</styleUrl><Point><coordinates>-48.101530,-5.641842,0</coordinates></Point></Placemark>
<Placemark><name>654702</name><styleUrl>#stPoste</styleUrl><Point><coordinates>-48.105550,-5.648675,0</coordinates></Point></Placemark>
<Placemark><name>655859</name><styleUrl>#stPoste</styleUrl><Point><coordinates>-48.105546,-5.642394,0</coordinates></Point></Placemark>
<Placemark><name>655865</name><styleUrl>#stPoste</styleUrl><Point><coordinates>-48.103870,-5.644828,0</coordinates></Point></Placemark>
<Placemark><name>1039386</name><styleUrl>#stPoste</styleUrl><Point><coordinates>-48.102578,-5.654943,0</coordinates></Point></Placemark>
<Placemark><name>1087841</name><styleUrl>#stPoste</styleUrl><Point><coordinates>-48.117211,-5.658387,0</coordinates></Point></Placemark>
<Placemark><name>1105781</name><styleUrl>#stPoste</styleUrl><Point><coordinates>-48.106911,-5.647858,0</coordinates></Point></Placemark>
<Placemark><name>1283258</name><styleUrl>#stPoste</styleUrl><Point><coordinates>-48.102536,-5.656897,0</coordinates></Point></Placemark>
<Placemark><name>1283605</name><styleUrl>#stPoste</styleUrl><Point><coordinates>-48.099838,-5.656267,0</coordinates></Point></Placemark>
<Placemark><name>1283614</name><styleUrl>#stPoste</styleUrl><Point><coordinates>-48.097241,-5.655187,0</coordinates></Point></Placemark>
<Placemark><name>1339589</name><styleUrl>#stPoste</styleUrl><Point><coordinates>-48.094485,-5.652606,0</coordinates></Point></Placemark>
<Placemark><name>1345573</name><styleUrl>#stPoste</styleUrl><Point><coordinates>-48.094266,-5.651966,0</coordinates></Point></Placemark>
<Placemark><name>1460355</name><styleUrl>#stPoste</styleUrl><Point><coordinates>-48.100205,-5.650295,0</coordinates></Point></Placemark>
<Placemark><name>1870503</name><styleUrl>#stPoste</styleUrl><Point><coordinates>-48.100822,-5.657947,0</coordinates></Point></Placemark>
<Placemark><name>30186835</name><styleUrl>#stPoste</styleUrl><Point><coordinates>-48.108301,-5.648817,0</coordinates></Point></Placemark>
<Placemark><name>166495</name><styleUrl>#stPoste</styleUrl><Point><coordinates>-48.107820,-5.648102,0</coordinates></Point></Placemark>
<Placemark><name>1032909</name><styleUrl>#stPoste</styleUrl><Point><coordinates>-48.097133,-5.651004,0</coordinates></Point></Placemark>
<Placemark><name>1034610</name><styleUrl>#stPoste</styleUrl><Point><coordinates>-48.101984,-5.653510,0</coordinates></Point></Placemark>
<Placemark><name>1034612</name><styleUrl>#stPoste</styleUrl><Point><coordinates>-48.100958,-5.653817,0</coordinates></Point></Placemark>
<Placemark><name>1039703</name><styleUrl>#stPoste</styleUrl><Point><coordinates>-48.102177,-5.653768,0</coordinates></Point></Placemark>
<Placemark><name>1283271</name><styleUrl>#stPoste</styleUrl><Point><coordinates>-48.101084,-5.659041,0</coordinates></Point></Placemark>
<Placemark><name>1713488</name><styleUrl>#stPoste</styleUrl><Point><coordinates>-48.110206,-5.653668,0</coordinates></Point></Placemark>
<Placemark><name>1713602</name><styleUrl>#stPoste</styleUrl><Point><coordinates>-48.107468,-5.645485,0</coordinates></Point></Placemark>
<Placemark><name>1714788</name><styleUrl>#stPoste</styleUrl><Point><coordinates>-48.099717,-5.641844,0</coordinates></Point></Placemark>
<Placemark><name>1808371</name><styleUrl>#stPoste</styleUrl><Point><coordinates>-48.098292,-5.651323,0</coordinates></Point></Placemark>
<Placemark><name>1808895</name><styleUrl>#stPoste</styleUrl><Point><coordinates>-48.100725,-5.653947,0</coordinates></Point></Placemark>
<Placemark><name>1808896</name><styleUrl>#stPoste</styleUrl><Point><coordinates>-48.099721,-5.650338,0</coordinates></Point></Placemark>
<Placemark><name>1809053</name><styleUrl>#stPoste</styleUrl><Point><coordinates>-48.104502,-5.652182,0</coordinates></Point></Placemark>
<Placemark><name>25927234</name><styleUrl>#stPoste</styleUrl><Point><coordinates>-48.113739,-5.657890,0</coordinates></Point></Placemark>
<Placemark><name>25927456</name><styleUrl>#stPoste</styleUrl><Point><coordinates>-48.113547,-5.658448,0</coordinates></Point></Placemark>
<Placemark><name>32004238</name><styleUrl>#stPoste</styleUrl><Point><coordinates>-48.109947,-5.655644,0</coordinates></Point></Placemark>
<Placemark><name>53997164</name><styleUrl>#stPoste</styleUrl><Point><coordinates>-48.109576,-5.653993,0</coordinates></Point></Placemark>
<Placemark><name>652192</name><styleUrl>#stPoste</styleUrl><Point><coordinates>-48.103834,-5.643187,0</coordinates></Point></Placemark>
<Placemark><name>652412</name><styleUrl>#stPoste</styleUrl><Point><coordinates>-48.108297,-5.647981,0</coordinates></Point></Placemark>
<Placemark><name>652679</name><styleUrl>#stPoste</styleUrl><Point><coordinates>-48.099872,-5.643528,0</coordinates></Point></Placemark>
<Placemark><name>653767</name><styleUrl>#stPoste</styleUrl><Point><coordinates>-48.099629,-5.643776,0</coordinates></Point></Placemark>
<Placemark><name>653770</name><styleUrl>#stPoste</styleUrl><Point><coordinates>-48.103083,-5.640262,0</coordinates></Point></Placemark>
<Placemark><name>653943</name><styleUrl>#stPoste</styleUrl><Point><coordinates>-48.113545,-5.657021,0</coordinates></Point></Placemark>
<Placemark><name>654703</name><styleUrl>#stPoste</styleUrl><Point><coordinates>-48.106035,-5.648553,0</coordinates></Point></Placemark>
<Placemark><name>654940</name><styleUrl>#stPoste</styleUrl><Point><coordinates>-48.111779,-5.658675,0</coordinates></Point></Placemark>
<Placemark><name>654957</name><styleUrl>#stPoste</styleUrl><Point><coordinates>-48.107804,-5.647284,0</coordinates></Point></Placemark>
<Placemark><name>655638</name><styleUrl>#stPoste</styleUrl><Point><coordinates>-48.114675,-5.657554,0</coordinates></Point></Placemark>
<Placemark><name>1032912</name><styleUrl>#stPoste</styleUrl><Point><coordinates>-48.098203,-5.650689,0</coordinates></Point></Placemark>
<Placemark><name>1033938</name><styleUrl>#stPoste</styleUrl><Point><coordinates>-48.102171,-5.652151,0</coordinates></Point></Placemark>
<Placemark><name>1039697</name><styleUrl>#stPoste</styleUrl><Point><coordinates>-48.102825,-5.655638,0</coordinates></Point></Placemark>
<Placemark><name>1087838</name><styleUrl>#stPoste</styleUrl><Point><coordinates>-48.116368,-5.658752,0</coordinates></Point></Placemark>
<Placemark><name>1283267</name><styleUrl>#stPoste</styleUrl><Point><coordinates>-48.100166,-5.657662,0</coordinates></Point></Placemark>
<Placemark><name>1283616</name><styleUrl>#stPoste</styleUrl><Point><coordinates>-48.098762,-5.654413,0</coordinates></Point></Placemark>
<Placemark><name>1283624</name><styleUrl>#stPoste</styleUrl><Point><coordinates>-48.096129,-5.651850,0</coordinates></Point></Placemark>
<Placemark><name>1290904</name><styleUrl>#stPoste</styleUrl><Point><coordinates>-48.100819,-5.657442,0</coordinates></Point></Placemark>
<Placemark><name>1344850</name><styleUrl>#stPoste</styleUrl><Point><coordinates>-48.094380,-5.652290,0</coordinates></Point></Placemark>
<Placemark><name>1714626</name><styleUrl>#stPoste</styleUrl><Point><coordinates>-48.100218,-5.642253,0</coordinates></Point></Placemark>
<Placemark><name>1714716</name><styleUrl>#stPoste</styleUrl><Point><coordinates>-48.113948,-5.659050,0</coordinates></Point></Placemark>
<Placemark><name>1715111</name><styleUrl>#stPoste</styleUrl><Point><coordinates>-48.102625,-5.649414,0</coordinates></Point></Placemark>
<Placemark><name>1809000</name><styleUrl>#stPoste</styleUrl><Point><coordinates>-48.105072,-5.653854,0</coordinates></Point></Placemark>
<Placemark><name>1870351</name><styleUrl>#stPoste</styleUrl><Point><coordinates>-48.096157,-5.652141,0</coordinates></Point></Placemark>
<Placemark><name>25927647</name><styleUrl>#stPoste</styleUrl><Point><coordinates>-48.114058,-5.659661,0</coordinates></Point></Placemark>
<Placemark><name>31157282</name><styleUrl>#stPoste</styleUrl><Point><coordinates>-48.101686,-5.652356,0</coordinates></Point></Placemark>
<Placemark><name>39629704</name><styleUrl>#stPoste</styleUrl><Point><coordinates>-48.091690,-5.649617,0</coordinates></Point></Placemark>
<Placemark><name>42502225</name><styleUrl>#stPoste</styleUrl><Point><coordinates>-48.114229,-5.656779,0</coordinates></Point></Placemark>
<Placemark><name>329775</name><styleUrl>#stPoste</styleUrl><Point><coordinates>-48.096317,-5.660420,0</coordinates></Point></Placemark>
<Placemark><name>651943</name><styleUrl>#stPoste</styleUrl><Point><coordinates>-48.104444,-5.650652,0</coordinates></Point></Placemark>
<Placemark><name>652411</name><styleUrl>#stPoste</styleUrl><Point><coordinates>-48.107419,-5.648202,0</coordinates></Point></Placemark>
<Placemark><name>652633</name><styleUrl>#stPoste</styleUrl><Point><coordinates>-48.103964,-5.645184,0</coordinates></Point></Placemark>
<Placemark><name>652638</name><styleUrl>#stPoste</styleUrl><Point><coordinates>-48.104617,-5.647678,0</coordinates></Point></Placemark>
<Placemark><name>652678</name><styleUrl>#stPoste</styleUrl><Point><coordinates>-48.100091,-5.643305,0</coordinates></Point></Placemark>
<Placemark><name>653501</name><styleUrl>#stPoste</styleUrl><Point><coordinates>-48.111868,-5.657599,0</coordinates></Point></Placemark>
<Placemark><name>653704</name><styleUrl>#stPoste</styleUrl><Point><coordinates>-48.111691,-5.653863,0</coordinates></Point></Placemark>
<Placemark><name>654478</name><styleUrl>#stPoste</styleUrl><Point><coordinates>-48.105339,-5.643545,0</coordinates></Point></Placemark>
<Placemark><name>655140</name><styleUrl>#stPoste</styleUrl><Point><coordinates>-48.111935,-5.655504,0</coordinates></Point></Placemark>
<Placemark><name>655141</name><styleUrl>#stPoste</styleUrl><Point><coordinates>-48.111637,-5.655595,0</coordinates></Point></Placemark>
<Placemark><name>655419</name><styleUrl>#stPoste</styleUrl><Point><coordinates>-48.108600,-5.649542,0</coordinates></Point></Placemark>
<Placemark><name>655688</name><styleUrl>#stPoste</styleUrl><Point><coordinates>-48.109645,-5.652075,0</coordinates></Point></Placemark>
<Placemark><name>1032911</name><styleUrl>#stPoste</styleUrl><Point><coordinates>-48.097847,-5.650792,0</coordinates></Point></Placemark>
<Placemark><name>1033264</name><styleUrl>#stPoste</styleUrl><Point><coordinates>-48.100468,-5.652631,0</coordinates></Point></Placemark>
<Placemark><name>1033271</name><styleUrl>#stPoste</styleUrl><Point><coordinates>-48.103552,-5.653067,0</coordinates></Point></Placemark>
<Placemark><name>1039379</name><styleUrl>#stPoste</styleUrl><Point><coordinates>-48.098054,-5.650493,0</coordinates></Point></Placemark>
<Placemark><name>1087831</name><styleUrl>#stPoste</styleUrl><Point><coordinates>-48.115293,-5.656755,0</coordinates></Point></Placemark>
<Placemark><name>1087839</name><styleUrl>#stPoste</styleUrl><Point><coordinates>-48.116692,-5.658600,0</coordinates></Point></Placemark>
<Placemark><name>1283276</name><styleUrl>#stPoste</styleUrl><Point><coordinates>-48.100541,-5.657433,0</coordinates></Point></Placemark>
<Placemark><name>1283621</name><styleUrl>#stPoste</styleUrl><Point><coordinates>-48.096469,-5.652767,0</coordinates></Point></Placemark>
<Placemark><name>1290569</name><styleUrl>#stPoste</styleUrl><Point><coordinates>-48.100890,-5.658460,0</coordinates></Point></Placemark>
<Placemark><name>1714581</name><styleUrl>#stPoste</styleUrl><Point><coordinates>-48.115830,-5.658261,0</coordinates></Point></Placemark>
<Placemark><name>1715085</name><styleUrl>#stPoste</styleUrl><Point><coordinates>-48.119004,-5.657625,0</coordinates></Point></Placemark>
<Placemark><name>1808917</name><styleUrl>#stPoste</styleUrl><Point><coordinates>-48.102524,-5.650542,0</coordinates></Point></Placemark>
<Placemark><name>1870322</name><styleUrl>#stPoste</styleUrl><Point><coordinates>-48.102703,-5.657313,0</coordinates></Point></Placemark>
<Placemark><name>32798206</name><styleUrl>#stPoste</styleUrl><Point><coordinates>-48.110745,-5.658696,0</coordinates></Point></Placemark>
<Placemark><name>127884</name><styleUrl>#stPoste</styleUrl><Point><coordinates>-48.112214,-5.657492,0</coordinates></Point></Placemark>
<Placemark><name>127961</name><styleUrl>#stPoste</styleUrl><Point><coordinates>-48.112978,-5.657035,0</coordinates></Point></Placemark>
<Placemark><name>166497</name><styleUrl>#stPoste</styleUrl><Point><coordinates>-48.107157,-5.644817,0</coordinates></Point></Placemark>
<Placemark><name>652009</name><styleUrl>#stPoste</styleUrl><Point><coordinates>-48.110040,-5.653037,0</coordinates></Point></Placemark>
<Placemark><name>652024</name><styleUrl>#stPoste</styleUrl><Point><coordinates>-48.111419,-5.653192,0</coordinates></Point></Placemark>
<Placemark><name>652673</name><styleUrl>#stPoste</styleUrl><Point><coordinates>-48.103335,-5.640006,0</coordinates></Point></Placemark>
<Placemark><name>653545</name><styleUrl>#stPoste</styleUrl><Point><coordinates>-48.103955,-5.638605,0</coordinates></Point></Placemark>
<Placemark><name>653773</name><styleUrl>#stPoste</styleUrl><Point><coordinates>-48.103293,-5.640714,0</coordinates></Point></Placemark>
<Placemark><name>654018</name><styleUrl>#stPoste</styleUrl><Point><coordinates>-48.101326,-5.642050,0</coordinates></Point></Placemark>
<Placemark><name>655602</name><styleUrl>#stPoste</styleUrl><Point><coordinates>-48.095507,-5.658433,0</coordinates></Point></Placemark>
<Placemark><name>656079</name><styleUrl>#stPoste</styleUrl><Point><coordinates>-48.115522,-5.657152,0</coordinates></Point></Placemark>
<Placemark><name>1032568</name><styleUrl>#stPoste</styleUrl><Point><coordinates>-48.101724,-5.650446,0</coordinates></Point></Placemark>
<Placemark><name>1033280</name><styleUrl>#stPoste</styleUrl><Point><coordinates>-48.103907,-5.654680,0</coordinates></Point></Placemark>
<Placemark><name>1033608</name><styleUrl>#stPoste</styleUrl><Point><coordinates>-48.105522,-5.656077,0</coordinates></Point></Placemark>
<Placemark><name>1034273</name><styleUrl>#stPoste</styleUrl><Point><coordinates>-48.102747,-5.653297,0</coordinates></Point></Placemark>
<Placemark><name>1715388</name><styleUrl>#stPoste</styleUrl><Point><coordinates>-48.114346,-5.657498,0</coordinates></Point></Placemark>
<Placemark><name>1715758</name><styleUrl>#stPoste</styleUrl><Point><coordinates>-48.110363,-5.650437,0</coordinates></Point></Placemark>
<Placemark><name>1715764</name><styleUrl>#stPoste</styleUrl><Point><coordinates>-48.106761,-5.651032,0</coordinates></Point></Placemark>
<Placemark><name>1877433</name><styleUrl>#stPoste</styleUrl><Point><coordinates>-48.094351,-5.651956,0</coordinates></Point></Placemark>
<Placemark><name>32004249</name><styleUrl>#stPoste</styleUrl><Point><coordinates>-48.107392,-5.655549,0</coordinates></Point></Placemark>
<Placemark><name>32004256</name><styleUrl>#stPoste</styleUrl><Point><coordinates>-48.108011,-5.655362,0</coordinates></Point></Placemark>
<Placemark><name>42369791</name><styleUrl>#stPoste</styleUrl><Point><coordinates>-48.119614,-5.657455,0</coordinates></Point></Placemark>
<Placemark><name>61464317</name><styleUrl>#stPoste</styleUrl><Point><coordinates>-48.097828,-5.649845,0</coordinates></Point></Placemark>
<Placemark><name>651777</name><styleUrl>#stPoste</styleUrl><Point><coordinates>-48.103144,-5.642147,0</coordinates></Point></Placemark>
<Placemark><name>653769</name><styleUrl>#stPoste</styleUrl><Point><coordinates>-48.101781,-5.641587,0</coordinates></Point></Placemark>
<Placemark><name>654248</name><styleUrl>#stPoste</styleUrl><Point><coordinates>-48.100983,-5.650371,0</coordinates></Point></Placemark>
<Placemark><name>654941</name><styleUrl>#stPoste</styleUrl><Point><coordinates>-48.114912,-5.655661,0</coordinates></Point></Placemark>
<Placemark><name>655377</name><styleUrl>#stPoste</styleUrl><Point><coordinates>-48.114981,-5.657445,0</coordinates></Point></Placemark>
<Placemark><name>655447</name><styleUrl>#stPoste</styleUrl><Point><coordinates>-48.102063,-5.641300,0</coordinates></Point></Placemark>
<Placemark><name>655603</name><styleUrl>#stPoste</styleUrl><Point><coordinates>-48.095951,-5.659503,0</coordinates></Point></Placemark>
<Placemark><name>656078</name><styleUrl>#stPoste</styleUrl><Point><coordinates>-48.115661,-5.657493,0</coordinates></Point></Placemark>
<Placemark><name>656104</name><styleUrl>#stPoste</styleUrl><Point><coordinates>-48.106192,-5.650816,0</coordinates></Point></Placemark>
<Placemark><name>1033278</name><styleUrl>#stPoste</styleUrl><Point><coordinates>-48.105094,-5.654334,0</coordinates></Point></Placemark>
<Placemark><name>1039380</name><styleUrl>#stPoste</styleUrl><Point><coordinates>-48.098155,-5.650804,0</coordinates></Point></Placemark>
<Placemark><name>1039698</name><styleUrl>#stPoste</styleUrl><Point><coordinates>-48.103070,-5.656327,0</coordinates></Point></Placemark>
<Placemark><name>1081537</name><styleUrl>#stPoste</styleUrl><Point><coordinates>-48.122246,-5.658535,0</coordinates></Point></Placemark>
<Placemark><name>1344847</name><styleUrl>#stPoste</styleUrl><Point><coordinates>-48.093377,-5.649785,0</coordinates></Point></Placemark>
<Placemark><name>1713629</name><styleUrl>#stPoste</styleUrl><Point><coordinates>-48.119845,-5.657401,0</coordinates></Point></Placemark>
<Placemark><name>1714475</name><styleUrl>#stPoste</styleUrl><Point><coordinates>-48.106987,-5.643605,0</coordinates></Point></Placemark>
<Placemark><name>1714869</name><styleUrl>#stPoste</styleUrl><Point><coordinates>-48.119868,-5.657264,0</coordinates></Point></Placemark>
<Placemark><name>1715230</name><styleUrl>#stPoste</styleUrl><Point><coordinates>-48.120197,-5.657126,0</coordinates></Point></Placemark>
<Placemark><name>1809001</name><styleUrl>#stPoste</styleUrl><Point><coordinates>-48.104831,-5.653151,0</coordinates></Point></Placemark>
<Placemark><name>1809055</name><styleUrl>#stPoste</styleUrl><Point><coordinates>-48.107173,-5.655443,0</coordinates></Point></Placemark>
<Placemark><name>652007</name><styleUrl>#stPoste</styleUrl><Point><coordinates>-48.102550,-5.641568,0</coordinates></Point></Placemark>
<Placemark><name>652026</name><styleUrl>#stPoste</styleUrl><Point><coordinates>-48.110133,-5.653263,0</coordinates></Point></Placemark>
<Placemark><name>655174</name><styleUrl>#stPoste</styleUrl><Point><coordinates>-48.104097,-5.644356,0</coordinates></Point></Placemark>
<Placemark><name>655355</name><styleUrl>#stPoste</styleUrl><Point><coordinates>-48.094993,-5.649774,0</coordinates></Point></Placemark>
<Placemark><name>656099</name><styleUrl>#stPoste</styleUrl><Point><coordinates>-48.112583,-5.656061,0</coordinates></Point></Placemark>
<Placemark><name>1033259</name><styleUrl>#stPoste</styleUrl><Point><coordinates>-48.097813,-5.652102,0</coordinates></Point></Placemark>
<Placemark><name>1039700</name><styleUrl>#stPoste</styleUrl><Point><coordinates>-48.103309,-5.656992,0</coordinates></Point></Placemark>
<Placemark><name>1150480</name><styleUrl>#stPoste</styleUrl><Point><coordinates>-48.111585,-5.661398,0</coordinates></Point></Placemark>
<Placemark><name>1282252</name><styleUrl>#stPoste</styleUrl><Point><coordinates>-48.096696,-5.652928,0</coordinates></Point></Placemark>
<Placemark><name>1283612</name><styleUrl>#stPoste</styleUrl><Point><coordinates>-48.099058,-5.654626,0</coordinates></Point></Placemark>
<Placemark><name>1283617</name><styleUrl>#stPoste</styleUrl><Point><coordinates>-48.098381,-5.654138,0</coordinates></Point></Placemark>
<Placemark><name>1292162</name><styleUrl>#stPoste</styleUrl><Point><coordinates>-48.097533,-5.653528,0</coordinates></Point></Placemark>
<Placemark><name>1292164</name><styleUrl>#stPoste</styleUrl><Point><coordinates>-48.096901,-5.653076,0</coordinates></Point></Placemark>
<Placemark><name>1460354</name><styleUrl>#stPoste</styleUrl><Point><coordinates>-48.100727,-5.650349,0</coordinates></Point></Placemark>
<Placemark><name>1714109</name><styleUrl>#stPoste</styleUrl><Point><coordinates>-48.116349,-5.658682,0</coordinates></Point></Placemark>
<Placemark><name>1714331</name><styleUrl>#stPoste</styleUrl><Point><coordinates>-48.106002,-5.648681,0</coordinates></Point></Placemark>
<Placemark><name>1715083</name><styleUrl>#stPoste</styleUrl><Point><coordinates>-48.118427,-5.657837,0</coordinates></Point></Placemark>
<Placemark><name>1715221</name><styleUrl>#stPoste</styleUrl><Point><coordinates>-48.093733,-5.650813,0</coordinates></Point></Placemark>
<Placemark><name>1870346</name><styleUrl>#stPoste</styleUrl><Point><coordinates>-48.098292,-5.654125,0</coordinates></Point></Placemark>
<Placemark><name>20383726</name><styleUrl>#stPoste</styleUrl><Point><coordinates>-48.110758,-5.660547,0</coordinates></Point></Placemark>
<Placemark><name>49209297</name><styleUrl>#stPoste</styleUrl><Point><coordinates>-48.098155,-5.653801,0</coordinates></Point></Placemark>
<Placemark><name>652006</name><styleUrl>#stPoste</styleUrl><Point><coordinates>-48.102828,-5.641839,0</coordinates></Point></Placemark>
<Placemark><name>655353</name><styleUrl>#stPoste</styleUrl><Point><coordinates>-48.096932,-5.650016,0</coordinates></Point></Placemark>
<Placemark><name>1032573</name><styleUrl>#stPoste</styleUrl><Point><coordinates>-48.098182,-5.650113,0</coordinates></Point></Placemark>
<Placemark><name>1033273</name><styleUrl>#stPoste</styleUrl><Point><coordinates>-48.101662,-5.653598,0</coordinates></Point></Placemark>
<Placemark><name>1033277</name><styleUrl>#stPoste</styleUrl><Point><coordinates>-48.105460,-5.654229,0</coordinates></Point></Placemark>
<Placemark><name>1033939</name><styleUrl>#stPoste</styleUrl><Point><coordinates>-48.099697,-5.652867,0</coordinates></Point></Placemark>
<Placemark><name>1283622</name><styleUrl>#stPoste</styleUrl><Point><coordinates>-48.096401,-5.652643,0</coordinates></Point></Placemark>
<Placemark><name>1289602</name><styleUrl>#stPoste</styleUrl><Point><coordinates>-48.100413,-5.659005,0</coordinates></Point></Placemark>
<Placemark><name>1715227</name><styleUrl>#stPoste</styleUrl><Point><coordinates>-48.119585,-5.657382,0</coordinates></Point></Placemark>
<Placemark><name>1715396</name><styleUrl>#stPoste</styleUrl><Point><coordinates>-48.109977,-5.654972,0</coordinates></Point></Placemark>
<Placemark><name>1715433</name><styleUrl>#stPoste</styleUrl><Point><coordinates>-48.104564,-5.646909,0</coordinates></Point></Placemark>
<Placemark><name>25927264</name><styleUrl>#stPoste</styleUrl><Point><coordinates>-48.113468,-5.657987,0</coordinates></Point></Placemark>
<Placemark><name>32798214</name><styleUrl>#stPoste</styleUrl><Point><coordinates>-48.111275,-5.658469,0</coordinates></Point></Placemark>
<Placemark><name>36607342</name><styleUrl>#stPoste</styleUrl><Point><coordinates>-48.104348,-5.646652,0</coordinates></Point></Placemark>
<Placemark><name>43777445</name><styleUrl>#stPoste</styleUrl><Point><coordinates>-48.091233,-5.649594,0</coordinates></Point></Placemark>
<Placemark><name>45087281</name><styleUrl>#stPoste</styleUrl><Point><coordinates>-48.115176,-5.656446,0</coordinates></Point></Placemark>
<Placemark><name>654960</name><styleUrl>#stPoste</styleUrl><Point><coordinates>-48.107381,-5.645673,0</coordinates></Point></Placemark>
<Placemark><name>655814</name><styleUrl>#stPoste</styleUrl><Point><coordinates>-48.091200,-5.648940,0</coordinates></Point></Placemark>
<Placemark><name>656100</name><styleUrl>#stPoste</styleUrl><Point><coordinates>-48.112724,-5.656408,0</coordinates></Point></Placemark>
<Placemark><name>1032566</name><styleUrl>#stPoste</styleUrl><Point><coordinates>-48.102775,-5.650503,0</coordinates></Point></Placemark>
<Placemark><name>1033275</name><styleUrl>#stPoste</styleUrl><Point><coordinates>-48.100539,-5.653932,0</coordinates></Point></Placemark>
<Placemark><name>1033610</name><styleUrl>#stPoste</styleUrl><Point><coordinates>-48.103390,-5.656656,0</coordinates></Point></Placemark>
<Placemark><name>1034280</name><styleUrl>#stPoste</styleUrl><Point><coordinates>-48.104313,-5.654563,0</coordinates></Point></Placemark>
<Placemark><name>1087848</name><styleUrl>#stPoste</styleUrl><Point><coordinates>-48.119475,-5.657511,0</coordinates></Point></Placemark>
<Placemark><name>1106067</name><styleUrl>#stPoste</styleUrl><Point><coordinates>-48.107141,-5.648272,0</coordinates></Point></Placemark>
<Placemark><name>1283261</name><styleUrl>#stPoste</styleUrl><Point><coordinates>-48.102806,-5.657320,0</coordinates></Point></Placemark>
<Placemark><name>1283613</name><styleUrl>#stPoste</styleUrl><Point><coordinates>-48.098969,-5.654612,0</coordinates></Point></Placemark>
<Placemark><name>1289923</name><styleUrl>#stPoste</styleUrl><Point><coordinates>-48.101745,-5.658553,0</coordinates></Point></Placemark>
<Placemark><name>1339593</name><styleUrl>#stPoste</styleUrl><Point><coordinates>-48.092538,-5.649780,0</coordinates></Point></Placemark>
<Placemark><name>1344852</name><styleUrl>#stPoste</styleUrl><Point><coordinates>-48.093485,-5.649676,0</coordinates></Point></Placemark>
<Placemark><name>1713331</name><styleUrl>#stPoste</styleUrl><Point><coordinates>-48.111363,-5.653337,0</coordinates></Point></Placemark>
<Placemark><name>1715559</name><styleUrl>#stPoste</styleUrl><Point><coordinates>-48.116051,-5.658448,0</coordinates></Point></Placemark>
<Placemark><name>1808906</name><styleUrl>#stPoste</styleUrl><Point><coordinates>-48.103961,-5.654553,0</coordinates></Point></Placemark>
<Placemark><name>1808980</name><styleUrl>#stPoste</styleUrl><Point><coordinates>-48.105440,-5.654909,0</coordinates></Point></Placemark>
<Placemark><name>1870787</name><styleUrl>#stPoste</styleUrl><Point><coordinates>-48.100149,-5.656663,0</coordinates></Point></Placemark>
<Placemark><name>69249343</name><styleUrl>#stPoste</styleUrl><Point><coordinates>-48.115420,-5.656903,0</coordinates></Point></Placemark>
<Placemark><name>127949</name><styleUrl>#stPoste</styleUrl><Point><coordinates>-48.110616,-5.650601,0</coordinates></Point></Placemark>
<Placemark><name>166493</name><styleUrl>#stPoste</styleUrl><Point><coordinates>-48.107712,-5.646935,0</coordinates></Point></Placemark>
<Placemark><name>652677</name><styleUrl>#stPoste</styleUrl><Point><coordinates>-48.100347,-5.643046,0</coordinates></Point></Placemark>
<Placemark><name>653553</name><styleUrl>#stPoste</styleUrl><Point><coordinates>-48.111557,-5.653532,0</coordinates></Point></Placemark>
<Placemark><name>653944</name><styleUrl>#stPoste</styleUrl><Point><coordinates>-48.111897,-5.657545,0</coordinates></Point></Placemark>
<Placemark><name>653967</name><styleUrl>#stPoste</styleUrl><Point><coordinates>-48.106635,-5.646794,0</coordinates></Point></Placemark>
<Placemark><name>654019</name><styleUrl>#stPoste</styleUrl><Point><coordinates>-48.101048,-5.642332,0</coordinates></Point></Placemark>
<Placemark><name>654480</name><styleUrl>#stPoste</styleUrl><Point><coordinates>-48.105622,-5.643256,0</coordinates></Point></Placemark>
<Placemark><name>655604</name><styleUrl>#stPoste</styleUrl><Point><coordinates>-48.096107,-5.659962,0</coordinates></Point></Placemark>
<Placemark><name>655856</name><styleUrl>#stPoste</styleUrl><Point><coordinates>-48.112459,-5.655758,0</coordinates></Point></Placemark>
<Placemark><name>1033609</name><styleUrl>#stPoste</styleUrl><Point><coordinates>-48.105846,-5.655985,0</coordinates></Point></Placemark>
<Placemark><name>1033943</name><styleUrl>#stPoste</styleUrl><Point><coordinates>-48.106620,-5.655779,0</coordinates></Point></Placemark>
<Placemark><name>1087836</name><styleUrl>#stPoste</styleUrl><Point><coordinates>-48.116141,-5.658849,0</coordinates></Point></Placemark>
<Placemark><name>1283259</name><styleUrl>#stPoste</styleUrl><Point><coordinates>-48.102747,-5.657061,0</coordinates></Point></Placemark>
<Placemark><name>1290252</name><styleUrl>#stPoste</styleUrl><Point><coordinates>-48.100657,-5.657776,0</coordinates></Point></Placemark>
<Placemark><name>1290253</name><styleUrl>#stPoste</styleUrl><Point><coordinates>-48.100440,-5.657135,0</coordinates></Point></Placemark>
<Placemark><name>1436268</name><styleUrl>#stPoste</styleUrl><Point><coordinates>-48.104273,-5.643248,0</coordinates></Point></Placemark>
<Placemark><name>1808902</name><styleUrl>#stPoste</styleUrl><Point><coordinates>-48.104521,-5.656263,0</coordinates></Point></Placemark>
<Placemark><name>1809052</name><styleUrl>#stPoste</styleUrl><Point><coordinates>-48.104609,-5.652499,0</coordinates></Point></Placemark>
<Placemark><name>1870349</name><styleUrl>#stPoste</styleUrl><Point><coordinates>-48.096368,-5.652755,0</coordinates></Point></Placemark>
<Placemark><name>25927192</name><styleUrl>#stPoste</styleUrl><Point><coordinates>-48.115906,-5.658099,0</coordinates></Point></Placemark>
<Placemark><name>25927567</name><styleUrl>#stPoste</styleUrl><Point><coordinates>-48.113952,-5.659412,0</coordinates></Point></Placemark>
<Placemark><name>32004266</name><styleUrl>#stPoste</styleUrl><Point><coordinates>-48.109369,-5.655016,0</coordinates></Point></Placemark>
<Placemark><name>32798169</name><styleUrl>#stPoste</styleUrl><Point><coordinates>-48.111226,-5.658632,0</coordinates></Point></Placemark>
</Folder></Folder></Document></kml>
