<?xml version="1.0" encoding="UTF-8"?>
<kml xmlns="http://www.opengis.net/kml/2.2"><Document>
<name>SE-2CLM — Colmeia, recorte do perimetro urbano</name>
<Style id="stPerim"><LineStyle><color>ff0000ff</color><width>2.5</width></LineStyle><PolyStyle><fill>0</fill></PolyStyle></Style>
<Style id="stPoste"><IconStyle><scale>0.5</scale><color>ffff0000</color><Icon><href>http://maps.google.com/mapfiles/kml/paddle/wht-circle.png</href></Icon></IconStyle><LabelStyle><scale>0</scale></LabelStyle></Style>
<Style id="stAL01022033"><LineStyle><color>ff40ff00</color><width>2.4</width></LineStyle></Style>
<Style id="stLD02022033"><LineStyle><color>ff008080</color><width>2.4</width></LineStyle></Style>
<Style id="stLD03022033"><LineStyle><color>ffff8000</color><width>2.4</width></LineStyle></Style>
<Folder><name>SE_2CLM</name><Placemark><name>2CLM</name><description>SE COLMEIA</description><Point><coordinates>-48.754268,-8.734239,0</coordinates></Point></Placemark></Folder>
<Folder><name>Perimetro urbano (aprox. por densidade)</name>
<Placemark><styleUrl>#stPerim</styleUrl><LineString><coordinates>-48.752000,-8.750000,0 -48.750000,-8.750000,0</coordinates></LineString></Placemark>
<Placemark><styleUrl>#stPerim</styleUrl><LineString><coordinates>-48.752000,-8.750000,0 -48.752000,-8.748000,0</coordinates></LineString></Placemark>
<Placemark><styleUrl>#stPerim</styleUrl><LineString><coordinates>-48.750000,-8.750000,0 -48.748000,-8.750000,0</coordinates></LineString></Placemark>
<Placemark><styleUrl>#stPerim</styleUrl><LineString><coordinates>-48.748000,-8.750000,0 -48.746000,-8.750000,0</coordinates></LineString></Placemark>
<Placemark><styleUrl>#stPerim</styleUrl><LineString><coordinates>-48.746000,-8.750000,0 -48.744000,-8.750000,0</coordinates></LineString></Placemark>
<Placemark><styleUrl>#stPerim</styleUrl><LineString><coordinates>-48.744000,-8.750000,0 -48.742000,-8.750000,0</coordinates></LineString></Placemark>
<Placemark><styleUrl>#stPerim</styleUrl><LineString><coordinates>-48.742000,-8.750000,0 -48.740000,-8.750000,0</coordinates></LineString></Placemark>
<Placemark><styleUrl>#stPerim</styleUrl><LineString><coordinates>-48.740000,-8.750000,0 -48.738000,-8.750000,0</coordinates></LineString></Placemark>
<Placemark><styleUrl>#stPerim</styleUrl><LineString><coordinates>-48.738000,-8.750000,0 -48.738000,-8.748000,0</coordinates></LineString></Placemark>
<Placemark><styleUrl>#stPerim</styleUrl><LineString><coordinates>-48.752000,-8.748000,0 -48.752000,-8.746000,0</coordinates></LineString></Placemark>
<Placemark><styleUrl>#stPerim</styleUrl><LineString><coordinates>-48.738000,-8.748000,0 -48.738000,-8.746000,0</coordinates></LineString></Placemark>
<Placemark><styleUrl>#stPerim</styleUrl><LineString><coordinates>-48.758000,-8.746000,0 -48.756000,-8.746000,0</coordinates></LineString></Placemark>
<Placemark><styleUrl>#stPerim</styleUrl><LineString><coordinates>-48.758000,-8.746000,0 -48.758000,-8.744000,0</coordinates></LineString></Placemark>
<Placemark><styleUrl>#stPerim</styleUrl><LineString><coordinates>-48.756000,-8.746000,0 -48.754000,-8.746000,0</coordinates></LineString></Placemark>
<Placemark><styleUrl>#stPerim</styleUrl><LineString><coordinates>-48.754000,-8.746000,0 -48.752000,-8.746000,0</coordinates></LineString></Placemark>
<Placemark><styleUrl>#stPerim</styleUrl><LineString><coordinates>-48.738000,-8.746000,0 -48.738000,-8.744000,0</coordinates></LineString></Placemark>
<Placemark><styleUrl>#stPerim</styleUrl><LineString><coordinates>-48.762000,-8.744000,0 -48.760000,-8.744000,0</coordinates></LineString></Placemark>
<Placemark><styleUrl>#stPerim</styleUrl><LineString><coordinates>-48.762000,-8.744000,0 -48.762000,-8.742000,0</coordinates></LineString></Placemark>
<Placemark><styleUrl>#stPerim</styleUrl><LineString><coordinates>-48.760000,-8.744000,0 -48.758000,-8.744000,0</coordinates></LineString></Placemark>
<Placemark><styleUrl>#stPerim</styleUrl><LineString><coordinates>-48.744000,-8.742000,0 -48.742000,-8.742000,0</coordinates></LineString></Placemark>
<Placemark><styleUrl>#stPerim</styleUrl><LineString><coordinates>-48.742000,-8.742000,0 -48.740000,-8.742000,0</coordinates></LineString></Placemark>
<Placemark><styleUrl>#stPerim</styleUrl><LineString><coordinates>-48.740000,-8.742000,0 -48.738000,-8.742000,0</coordinates></LineString></Placemark>
<Placemark><styleUrl>#stPerim</styleUrl><LineString><coordinates>-48.738000,-8.744000,0 -48.738000,-8.742000,0</coordinates></LineString></Placemark>
<Placemark><styleUrl>#stPerim</styleUrl><LineString><coordinates>-48.762000,-8.742000,0 -48.762000,-8.740000,0</coordinates></LineString></Placemark>
<Placemark><styleUrl>#stPerim</styleUrl><LineString><coordinates>-48.744000,-8.742000,0 -48.744000,-8.740000,0</coordinates></LineString></Placemark>
<Placemark><styleUrl>#stPerim</styleUrl><LineString><coordinates>-48.762000,-8.738000,0 -48.760000,-8.738000,0</coordinates></LineString></Placemark>
<Placemark><styleUrl>#stPerim</styleUrl><LineString><coordinates>-48.762000,-8.740000,0 -48.762000,-8.738000,0</coordinates></LineString></Placemark>
<Placemark><styleUrl>#stPerim</styleUrl><LineString><coordinates>-48.744000,-8.740000,0 -48.744000,-8.738000,0</coordinates></LineString></Placemark>
<Placemark><styleUrl>#stPerim</styleUrl><LineString><coordinates>-48.768000,-8.738000,0 -48.766000,-8.738000,0</coordinates></LineString></Placemark>
<Placemark><styleUrl>#stPerim</styleUrl><LineString><coordinates>-48.768000,-8.738000,0 -48.768000,-8.736000,0</coordinates></LineString></Placemark>
<Placemark><styleUrl>#stPerim</styleUrl><LineString><coordinates>-48.766000,-8.738000,0 -48.764000,-8.738000,0</coordinates></LineString></Placemark>
<Placemark><styleUrl>#stPerim</styleUrl><LineString><coordinates>-48.764000,-8.738000,0 -48.762000,-8.738000,0</coordinates></LineString></Placemark>
<Placemark><styleUrl>#stPerim</styleUrl><LineString><coordinates>-48.762000,-8.738000,0 -48.762000,-8.736000,0</coordinates></LineString></Placemark>
<Placemark><styleUrl>#stPerim</styleUrl><LineString><coordinates>-48.760000,-8.738000,0 -48.760000,-8.736000,0</coordinates></LineString></Placemark>
<Placemark><styleUrl>#stPerim</styleUrl><LineString><coordinates>-48.744000,-8.738000,0 -48.744000,-8.736000,0</coordinates></LineString></Placemark>
<Placemark><styleUrl>#stPerim</styleUrl><LineString><coordinates>-48.768000,-8.736000,0 -48.768000,-8.734000,0</coordinates></LineString></Placemark>
<Placemark><styleUrl>#stPerim</styleUrl><LineString><coordinates>-48.762000,-8.736000,0 -48.760000,-8.736000,0</coordinates></LineString></Placemark>
<Placemark><styleUrl>#stPerim</styleUrl><LineString><coordinates>-48.748000,-8.734000,0 -48.746000,-8.734000,0</coordinates></LineString></Placemark>
<Placemark><styleUrl>#stPerim</styleUrl><LineString><coordinates>-48.746000,-8.734000,0 -48.744000,-8.734000,0</coordinates></LineString></Placemark>
<Placemark><styleUrl>#stPerim</styleUrl><LineString><coordinates>-48.744000,-8.736000,0 -48.744000,-8.734000,0</coordinates></LineString></Placemark>
<Placemark><styleUrl>#stPerim</styleUrl><LineString><coordinates>-48.768000,-8.734000,0 -48.768000,-8.732000,0</coordinates></LineString></Placemark>
<Placemark><styleUrl>#stPerim</styleUrl><LineString><coordinates>-48.748000,-8.734000,0 -48.748000,-8.732000,0</coordinates></LineString></Placemark>
<Placemark><styleUrl>#stPerim</styleUrl><LineString><coordinates>-48.768000,-8.732000,0 -48.768000,-8.730000,0</coordinates></LineString></Placemark>
<Placemark><styleUrl>#stPerim</styleUrl><LineString><coordinates>-48.750000,-8.730000,0 -48.748000,-8.730000,0</coordinates></LineString></Placemark>
<Placemark><styleUrl>#stPerim</styleUrl><LineString><coordinates>-48.748000,-8.732000,0 -48.748000,-8.730000,0</coordinates></LineString></Placemark>
<Placemark><styleUrl>#stPerim</styleUrl><LineString><coordinates>-48.772000,-8.730000,0 -48.770000,-8.730000,0</coordinates></LineString></Placemark>
<Placemark><styleUrl>#stPerim</styleUrl><LineString><coordinates>-48.772000,-8.730000,0 -48.772000,-8.728000,0</coordinates></LineString></Placemark>
<Placemark><styleUrl>#stPerim</styleUrl><LineString><coordinates>-48.770000,-8.730000,0 -48.768000,-8.730000,0</coordinates></LineString></Placemark>
<Placemark><styleUrl>#stPerim</styleUrl><LineString><coordinates>-48.750000,-8.730000,0 -48.750000,-8.728000,0</coordinates></LineString></Placemark>
<Placemark><styleUrl>#stPerim</styleUrl><LineString><coordinates>-48.772000,-8.728000,0 -48.772000,-8.726000,0</coordinates></LineString></Placemark>
<Placemark><styleUrl>#stPerim</styleUrl><LineString><coordinates>-48.760000,-8.726000,0 -48.758000,-8.726000,0</coordinates></LineString></Placemark>
<Placemark><styleUrl>#stPerim</styleUrl><LineString><coordinates>-48.752000,-8.726000,0 -48.750000,-8.726000,0</coordinates></LineString></Placemark>
<Placemark><styleUrl>#stPerim</styleUrl><LineString><coordinates>-48.750000,-8.728000,0 -48.750000,-8.726000,0</coordinates></LineString></Placemark>
<Placemark><styleUrl>#stPerim</styleUrl><LineString><coordinates>-48.772000,-8.724000,0 -48.770000,-8.724000,0</coordinates></LineString></Placemark>
<Placemark><styleUrl>#stPerim</styleUrl><LineString><coordinates>-48.772000,-8.726000,0 -48.772000,-8.724000,0</coordinates></LineString></Placemark>
<Placemark><styleUrl>#stPerim</styleUrl><LineString><coordinates>-48.770000,-8.724000,0 -48.768000,-8.724000,0</coordinates></LineString></Placemark>
<Placemark><styleUrl>#stPerim</styleUrl><LineString><coordinates>-48.768000,-8.724000,0 -48.766000,-8.724000,0</coordinates></LineString></Placemark>
<Placemark><styleUrl>#stPerim</styleUrl><LineString><coordinates>-48.766000,-8.724000,0 -48.764000,-8.724000,0</coordinates></LineString></Placemark>
<Placemark><styleUrl>#stPerim</styleUrl><LineString><coordinates>-48.764000,-8.724000,0 -48.762000,-8.724000,0</coordinates></LineString></Placemark>
<Placemark><styleUrl>#stPerim</styleUrl><LineString><coordinates>-48.762000,-8.724000,0 -48.760000,-8.724000,0</coordinates></LineString></Placemark>
<Placemark><styleUrl>#stPerim</styleUrl><LineString><coordinates>-48.760000,-8.726000,0 -48.760000,-8.724000,0</coordinates></LineString></Placemark>
<Placemark><styleUrl>#stPerim</styleUrl><LineString><coordinates>-48.758000,-8.724000,0 -48.756000,-8.724000,0</coordinates></LineString></Placemark>
<Placemark><styleUrl>#stPerim</styleUrl><LineString><coordinates>-48.758000,-8.726000,0 -48.758000,-8.724000,0</coordinates></LineString></Placemark>
<Placemark><styleUrl>#stPerim</styleUrl><LineString><coordinates>-48.756000,-8.724000,0 -48.754000,-8.724000,0</coordinates></LineString></Placemark>
<Placemark><styleUrl>#stPerim</styleUrl><LineString><coordinates>-48.754000,-8.724000,0 -48.752000,-8.724000,0</coordinates></LineString></Placemark>
<Placemark><styleUrl>#stPerim</styleUrl><LineString><coordinates>-48.752000,-8.726000,0 -48.752000,-8.724000,0</coordinates></LineString></Placemark>
</Folder>
<Folder><name>Circ_AL01022033 (244 trechos · 13.3 km)</name>
<Placemark><name>T_1</name><styleUrl>#stAL01022033</styleUrl><LineString><coordinates>-48.75331,-8.73727,0 -48.75337,-8.73724,0</coordinates></LineString></Placemark>
<Placemark><name>T_2</name><styleUrl>#stAL01022033</styleUrl><LineString><coordinates>-48.75331,-8.73727,0 -48.75317,-8.73731,0</coordinates></LineString></Placemark>
<Placemark><name>T_3</name><styleUrl>#stAL01022033</styleUrl><LineString><coordinates>-48.75352,-8.73783,0 -48.75331,-8.73727,0</coordinates></LineString></Placemark>
<Placemark><name>T_4</name><styleUrl>#stAL01022033</styleUrl><LineString><coordinates>-48.75331,-8.73727,0 -48.75267,-8.73559,0</coordinates></LineString></Placemark>
<Placemark><name>T_5</name><styleUrl>#stAL01022033</styleUrl><LineString><coordinates>-48.75388,-8.73877,0 -48.75352,-8.73783,0</coordinates></LineString></Placemark>
<Placemark><name>T_6</name><styleUrl>#stAL01022033</styleUrl><LineString><coordinates>-48.75267,-8.73559,0 -48.75259,-8.73538,0</coordinates></LineString></Placemark>
<Placemark><name>T_7</name><styleUrl>#stAL01022033</styleUrl><LineString><coordinates>-48.75267,-8.73559,0 -48.75257,-8.73563,0</coordinates></LineString></Placemark>
<Placemark><name>T_8</name><styleUrl>#stAL01022033</styleUrl><LineString><coordinates>-48.75267,-8.73559,0 -48.75319,-8.7354,0</coordinates></LineString></Placemark>
<Placemark><name>T_9</name><styleUrl>#stAL01022033</styleUrl><LineString><coordinates>-48.75414,-8.73946,0 -48.75388,-8.73877,0</coordinates></LineString></Placemark>
<Placemark><name>T_10</name><styleUrl>#stAL01022033</styleUrl><LineString><coordinates>-48.75415,-8.7395,0 -48.75414,-8.73946,0</coordinates></LineString></Placemark>
<Placemark><name>T_11</name><styleUrl>#stAL01022033</styleUrl><LineString><coordinates>-48.75425,-8.73976,0 -48.75415,-8.7395,0</coordinates></LineString></Placemark>
<Placemark><name>T_12</name><styleUrl>#stAL01022033</styleUrl><LineString><coordinates>-48.75425,-8.73976,0 -48.75426,-8.73975,0</coordinates></LineString></Placemark>
<Placemark><name>T_13</name><styleUrl>#stAL01022033</styleUrl><LineString><coordinates>-48.7544,-8.74015,0 -48.75425,-8.73976,0</coordinates></LineString></Placemark>
<Placemark><name>T_14</name><styleUrl>#stAL01022033</styleUrl><LineString><coordinates>-48.75426,-8.73975,0 -48.75429,-8.73974,0</coordinates></LineString></Placemark>
<Placemark><name>T_15</name><styleUrl>#stAL01022033</styleUrl><LineString><coordinates>-48.7544,-8.74015,0 -48.75441,-8.74019,0</coordinates></LineString></Placemark>
<Placemark><name>T_16</name><styleUrl>#stAL01022033</styleUrl><LineString><coordinates>-48.75429,-8.73974,0 -48.75431,-8.73973,0</coordinates></LineString></Placemark>
<Placemark><name>T_17</name><styleUrl>#stAL01022033</styleUrl><LineString><coordinates>-48.75429,-8.73974,0 -48.75433,-8.73977,0</coordinates></LineString></Placemark>
<Placemark><name>T_18</name><styleUrl>#stAL01022033</styleUrl><LineString><coordinates>-48.75441,-8.74019,0 -48.75451,-8.74044,0</coordinates></LineString></Placemark>
<Placemark><name>T_19</name><styleUrl>#stAL01022033</styleUrl><LineString><coordinates>-48.75322,-8.73539,0 -48.75387,-8.73517,0</coordinates></LineString></Placemark>
<Placemark><name>T_20</name><styleUrl>#stAL01022033</styleUrl><LineString><coordinates>-48.75387,-8.73517,0 -48.75787,-8.73375,0</coordinates></LineString></Placemark>
<Placemark><name>T_21</name><styleUrl>#stAL01022033</styleUrl><LineString><coordinates>-48.75787,-8.73375,0 -48.75806,-8.73368,0</coordinates></LineString></Placemark>
<Placemark><name>T_22</name><styleUrl>#stAL01022033</styleUrl><LineString><coordinates>-48.75806,-8.73368,0 -48.75797,-8.73339,0</coordinates></LineString></Placemark>
<Placemark><name>T_23</name><styleUrl>#stAL01022033</styleUrl><LineString><coordinates>-48.75806,-8.73368,0 -48.75829,-8.7336,0</coordinates></LineString></Placemark>
<Placemark><name>T_24</name><styleUrl>#stAL01022033</styleUrl><LineString><coordinates>-48.75806,-8.73368,0 -48.75808,-8.73374,0</coordinates></LineString></Placemark>
<Placemark><name>T_25</name><styleUrl>#stAL01022033</styleUrl><LineString><coordinates>-48.75349,-8.7372,0 -48.75453,-8.7368,0</coordinates></LineString></Placemark>
<Placemark><name>T_26</name><styleUrl>#stAL01022033</styleUrl><LineString><coordinates>-48.75386,-8.73878,0 -48.75375,-8.73884,0</coordinates></LineString></Placemark>
<Placemark><name>T_27</name><styleUrl>#stAL01022033</styleUrl><LineString><coordinates>-48.75353,-8.73783,0 -48.75365,-8.73778,0</coordinates></LineString></Placemark>
<Placemark><name>T_28</name><styleUrl>#stAL01022033</styleUrl><LineString><coordinates>-48.75494,-8.7416,0 -48.755,-8.74175,0</coordinates></LineString></Placemark>
<Placemark><name>T_29</name><styleUrl>#stAL01022033</styleUrl><LineString><coordinates>-48.75494,-8.7416,0 -48.75611,-8.74117,0</coordinates></LineString></Placemark>
<Placemark><name>T_30</name><styleUrl>#stAL01022033</styleUrl><LineString><coordinates>-48.75452,-8.74047,0 -48.75494,-8.7416,0</coordinates></LineString></Placemark>
<Placemark><name>T_31</name><styleUrl>#stAL01022033</styleUrl><LineString><coordinates>-48.75494,-8.7416,0 -48.75441,-8.74179,0</coordinates></LineString></Placemark>
<Placemark><name>T_32</name><styleUrl>#stAL01022033</styleUrl><LineString><coordinates>-48.755,-8.74175,0 -48.755,-8.74178,0</coordinates></LineString></Placemark>
<Placemark><name>T_33</name><styleUrl>#stAL01022033</styleUrl><LineString><coordinates>-48.75611,-8.74117,0 -48.7565,-8.74102,0</coordinates></LineString></Placemark>
<Placemark><name>T_34</name><styleUrl>#stAL01022033</styleUrl><LineString><coordinates>-48.75441,-8.74179,0 -48.75438,-8.7418,0</coordinates></LineString></Placemark>
<Placemark><name>T_35</name><styleUrl>#stAL01022033</styleUrl><LineString><coordinates>-48.755,-8.74178,0 -48.75533,-8.74257,0</coordinates></LineString></Placemark>
<Placemark><name>T_36</name><styleUrl>#stAL01022033</styleUrl><LineString><coordinates>-48.75438,-8.7418,0 -48.75266,-8.74246,0</coordinates></LineString></Placemark>
<Placemark><name>T_37</name><styleUrl>#stAL01022033</styleUrl><LineString><coordinates>-48.75533,-8.74257,0 -48.75534,-8.7426,0</coordinates></LineString></Placemark>
<Placemark><name>T_38</name><styleUrl>#stAL01022033</styleUrl><LineString><coordinates>-48.75266,-8.74246,0 -48.75222,-8.74262,0</coordinates></LineString></Placemark>
<Placemark><name>T_39</name><styleUrl>#stAL01022033</styleUrl><LineString><coordinates>-48.75534,-8.7426,0 -48.75507,-8.74268,0</coordinates></LineString></Placemark>
<Placemark><name>T_40</name><styleUrl>#stAL01022033</styleUrl><LineString><coordinates>-48.75222,-8.74262,0 -48.75218,-8.74263,0</coordinates></LineString></Placemark>
<Placemark><name>T_41</name><styleUrl>#stAL01022033</styleUrl><LineString><coordinates>-48.75507,-8.74268,0 -48.75485,-8.74276,0</coordinates></LineString></Placemark>
<Placemark><name>T_42</name><styleUrl>#stAL01022033</styleUrl><LineString><coordinates>-48.75218,-8.74263,0 -48.75195,-8.74272,0</coordinates></LineString></Placemark>
<Placemark><name>T_43</name><styleUrl>#stAL01022033</styleUrl><LineString><coordinates>-48.75195,-8.74272,0 -48.75191,-8.74261,0</coordinates></LineString></Placemark>
<Placemark><name>T_44</name><styleUrl>#stAL01022033</styleUrl><LineString><coordinates>-48.75195,-8.74272,0 -48.75188,-8.74274,0</coordinates></LineString></Placemark>
<Placemark><name>T_45</name><styleUrl>#stAL01022033</styleUrl><LineString><coordinates>-48.75195,-8.74272,0 -48.75208,-8.74304,0</coordinates></LineString></Placemark>
<Placemark><name>T_46</name><styleUrl>#stAL01022033</styleUrl><LineString><coordinates>-48.75208,-8.74304,0 -48.75234,-8.74295,0</coordinates></LineString></Placemark>
<Placemark><name>T_47</name><styleUrl>#stAL01022033</styleUrl><LineString><coordinates>-48.75208,-8.74304,0 -48.752,-8.74307,0</coordinates></LineString></Placemark>
<Placemark><name>T_48</name><styleUrl>#stAL01022033</styleUrl><LineString><coordinates>-48.75208,-8.74304,0 -48.75216,-8.74324,0</coordinates></LineString></Placemark>
<Placemark><name>T_49</name><styleUrl>#stAL01022033</styleUrl><LineString><coordinates>-48.75313,-8.73733,0 -48.75168,-8.73786,0</coordinates></LineString></Placemark>
<Placemark><name>T_50</name><styleUrl>#stAL01022033</styleUrl><LineString><coordinates>-48.75168,-8.73786,0 -48.75139,-8.73797,0</coordinates></LineString></Placemark>
<Placemark><name>T_51</name><styleUrl>#stAL01022033</styleUrl><LineString><coordinates>-48.75168,-8.73786,0 -48.75133,-8.73691,0</coordinates></LineString></Placemark>
<Placemark><name>T_52</name><styleUrl>#stAL01022033</styleUrl><LineString><coordinates>-48.75168,-8.73786,0 -48.75171,-8.73794,0</coordinates></LineString></Placemark>
<Placemark><name>T_53</name><styleUrl>#stAL01022033</styleUrl><LineString><coordinates>-48.75139,-8.73797,0 -48.75136,-8.73798,0</coordinates></LineString></Placemark>
<Placemark><name>T_54</name><styleUrl>#stAL01022033</styleUrl><LineString><coordinates>-48.75136,-8.73798,0 -48.74998,-8.73849,0</coordinates></LineString></Placemark>
<Placemark><name>T_55</name><styleUrl>#stAL01022033</styleUrl><LineString><coordinates>-48.74998,-8.73849,0 -48.74981,-8.73856,0</coordinates></LineString></Placemark>
<Placemark><name>T_56</name><styleUrl>#stAL01022033</styleUrl><LineString><coordinates>-48.74998,-8.73849,0 -48.74996,-8.73842,0</coordinates></LineString></Placemark>
<Placemark><name>T_57</name><styleUrl>#stAL01022033</styleUrl><LineString><coordinates>-48.74998,-8.73849,0 -48.75041,-8.73997,0</coordinates></LineString></Placemark>
<Placemark><name>T_58</name><styleUrl>#stAL01022033</styleUrl><LineString><coordinates>-48.75041,-8.73997,0 -48.7504,-8.73999,0</coordinates></LineString></Placemark>
<Placemark><name>T_59</name><styleUrl>#stAL01022033</styleUrl><LineString><coordinates>-48.7504,-8.73999,0 -48.74917,-8.74041,0</coordinates></LineString></Placemark>
<Placemark><name>T_60</name><styleUrl>#stAL01022033</styleUrl><LineString><coordinates>-48.74917,-8.74041,0 -48.74912,-8.7402,0</coordinates></LineString></Placemark>
<Placemark><name>T_61</name><styleUrl>#stAL01022033</styleUrl><LineString><coordinates>-48.74917,-8.74041,0 -48.74913,-8.74042,0</coordinates></LineString></Placemark>
<Placemark><name>T_62</name><styleUrl>#stAL01022033</styleUrl><LineString><coordinates>-48.74917,-8.74041,0 -48.74954,-8.74153,0</coordinates></LineString></Placemark>
<Placemark><name>T_63</name><styleUrl>#stAL01022033</styleUrl><LineString><coordinates>-48.74912,-8.7402,0 -48.74911,-8.74019,0</coordinates></LineString></Placemark>
<Placemark><name>T_64</name><styleUrl>#stAL01022033</styleUrl><LineString><coordinates>-48.74954,-8.74153,0 -48.74956,-8.74163,0</coordinates></LineString></Placemark>
<Placemark><name>T_65</name><styleUrl>#stAL01022033</styleUrl><LineString><coordinates>-48.74954,-8.74153,0 -48.74957,-8.74151,0</coordinates></LineString></Placemark>
<Placemark><name>T_66</name><styleUrl>#stAL01022033</styleUrl><LineString><coordinates>-48.74954,-8.74153,0 -48.74919,-8.74161,0</coordinates></LineString></Placemark>
<Placemark><name>T_67</name><styleUrl>#stAL01022033</styleUrl><LineString><coordinates>-48.74911,-8.74019,0 -48.74865,-8.74032,0</coordinates></LineString></Placemark>
<Placemark><name>T_68</name><styleUrl>#stAL01022033</styleUrl><LineString><coordinates>-48.74919,-8.74161,0 -48.7491,-8.74153,0</coordinates></LineString></Placemark>
<Placemark><name>T_69</name><styleUrl>#stAL01022033</styleUrl><LineString><coordinates>-48.74865,-8.74032,0 -48.74862,-8.74033,0</coordinates></LineString></Placemark>
<Placemark><name>T_70</name><styleUrl>#stAL01022033</styleUrl><LineString><coordinates>-48.74862,-8.74033,0 -48.74833,-8.7404,0</coordinates></LineString></Placemark>
<Placemark><name>T_71</name><styleUrl>#stAL01022033</styleUrl><LineString><coordinates>-48.74833,-8.7404,0 -48.74829,-8.74053,0</coordinates></LineString></Placemark>
<Placemark><name>T_72</name><styleUrl>#stAL01022033</styleUrl><LineString><coordinates>-48.74833,-8.7404,0 -48.74806,-8.74047,0</coordinates></LineString></Placemark>
<Placemark><name>T_73</name><styleUrl>#stAL01022033</styleUrl><LineString><coordinates>-48.74833,-8.7404,0 -48.74856,-8.73939,0</coordinates></LineString></Placemark>
<Placemark><name>T_74</name><styleUrl>#stAL01022033</styleUrl><LineString><coordinates>-48.74856,-8.73939,0 -48.74864,-8.73915,0</coordinates></LineString></Placemark>
<Placemark><name>T_75</name><styleUrl>#stAL01022033</styleUrl><LineString><coordinates>-48.75178,-8.73329,0 -48.75177,-8.73326,0</coordinates></LineString></Placemark>
<Placemark><name>T_76</name><styleUrl>#stAL01022033</styleUrl><LineString><coordinates>-48.75177,-8.73326,0 -48.75158,-8.73275,0</coordinates></LineString></Placemark>
<Placemark><name>T_77</name><styleUrl>#stAL01022033</styleUrl><LineString><coordinates>-48.75177,-8.73326,0 -48.75176,-8.73327,0</coordinates></LineString></Placemark>
<Placemark><name>T_78</name><styleUrl>#stAL01022033</styleUrl><LineString><coordinates>-48.75191,-8.73363,0 -48.75178,-8.73329,0</coordinates></LineString></Placemark>
<Placemark><name>T_79</name><styleUrl>#stAL01022033</styleUrl><LineString><coordinates>-48.75158,-8.73275,0 -48.75153,-8.73277,0</coordinates></LineString></Placemark>
<Placemark><name>T_80</name><styleUrl>#stAL01022033</styleUrl><LineString><coordinates>-48.75158,-8.73275,0 -48.75156,-8.7327,0</coordinates></LineString></Placemark>
<Placemark><name>T_81</name><styleUrl>#stAL01022033</styleUrl><LineString><coordinates>-48.75158,-8.73275,0 -48.75285,-8.73231,0</coordinates></LineString></Placemark>
<Placemark><name>T_82</name><styleUrl>#stAL01022033</styleUrl><LineString><coordinates>-48.75208,-8.73406,0 -48.75191,-8.73363,0</coordinates></LineString></Placemark>
<Placemark><name>T_83</name><styleUrl>#stAL01022033</styleUrl><LineString><coordinates>-48.75285,-8.73231,0 -48.7529,-8.73242,0</coordinates></LineString></Placemark>
<Placemark><name>T_84</name><styleUrl>#stAL01022033</styleUrl><LineString><coordinates>-48.75285,-8.73231,0 -48.75273,-8.73206,0</coordinates></LineString></Placemark>
<Placemark><name>T_85</name><styleUrl>#stAL01022033</styleUrl><LineString><coordinates>-48.75285,-8.73231,0 -48.7537,-8.73201,0</coordinates></LineString></Placemark>
<Placemark><name>T_86</name><styleUrl>#stAL01022033</styleUrl><LineString><coordinates>-48.75208,-8.73406,0 -48.75224,-8.73399,0</coordinates></LineString></Placemark>
<Placemark><name>T_87</name><styleUrl>#stAL01022033</styleUrl><LineString><coordinates>-48.75258,-8.73535,0 -48.75208,-8.73406,0</coordinates></LineString></Placemark>
<Placemark><name>T_88</name><styleUrl>#stAL01022033</styleUrl><LineString><coordinates>-48.75208,-8.73406,0 -48.75018,-8.7347,0</coordinates></LineString></Placemark>
<Placemark><name>T_89</name><styleUrl>#stAL01022033</styleUrl><LineString><coordinates>-48.7537,-8.73201,0 -48.75433,-8.7318,0</coordinates></LineString></Placemark>
<Placemark><name>T_90</name><styleUrl>#stAL01022033</styleUrl><LineString><coordinates>-48.75018,-8.7347,0 -48.74987,-8.7348,0</coordinates></LineString></Placemark>
<Placemark><name>T_91</name><styleUrl>#stAL01022033</styleUrl><LineString><coordinates>-48.75433,-8.7318,0 -48.75424,-8.73153,0</coordinates></LineString></Placemark>
<Placemark><name>T_92</name><styleUrl>#stAL01022033</styleUrl><LineString><coordinates>-48.75433,-8.7318,0 -48.7544,-8.73177,0</coordinates></LineString></Placemark>
<Placemark><name>T_93</name><styleUrl>#stAL01022033</styleUrl><LineString><coordinates>-48.75433,-8.7318,0 -48.75435,-8.73187,0</coordinates></LineString></Placemark>
<Placemark><name>T_94</name><styleUrl>#stAL01022033</styleUrl><LineString><coordinates>-48.75798,-8.73342,0 -48.75783,-8.73297,0</coordinates></LineString></Placemark>
<Placemark><name>T_95</name><styleUrl>#stAL01022033</styleUrl><LineString><coordinates>-48.75783,-8.73297,0 -48.75777,-8.73299,0</coordinates></LineString></Placemark>
<Placemark><name>T_96</name><styleUrl>#stAL01022033</styleUrl><LineString><coordinates>-48.75783,-8.73297,0 -48.75756,-8.73216,0</coordinates></LineString></Placemark>
<Placemark><name>T_97</name><styleUrl>#stAL01022033</styleUrl><LineString><coordinates>-48.75783,-8.73297,0 -48.75791,-8.73294,0</coordinates></LineString></Placemark>
<Placemark><name>T_98</name><styleUrl>#stAL01022033</styleUrl><LineString><coordinates>-48.75756,-8.73216,0 -48.75769,-8.73212,0</coordinates></LineString></Placemark>
<Placemark><name>T_99</name><styleUrl>#stAL01022033</styleUrl><LineString><coordinates>-48.75756,-8.73216,0 -48.75737,-8.73222,0</coordinates></LineString></Placemark>
<Placemark><name>T_100</name><styleUrl>#stAL01022033</styleUrl><LineString><coordinates>-48.75756,-8.73216,0 -48.75731,-8.73144,0</coordinates></LineString></Placemark>
<Placemark><name>T_101</name><styleUrl>#stAL01022033</styleUrl><LineString><coordinates>-48.75737,-8.73222,0 -48.75725,-8.73222,0</coordinates></LineString></Placemark>
<Placemark><name>T_102</name><styleUrl>#stAL01022033</styleUrl><LineString><coordinates>-48.75731,-8.73144,0 -48.75685,-8.73161,0</coordinates></LineString></Placemark>
<Placemark><name>T_103</name><styleUrl>#stAL01022033</styleUrl><LineString><coordinates>-48.75731,-8.73144,0 -48.75711,-8.73083,0</coordinates></LineString></Placemark>
<Placemark><name>T_104</name><styleUrl>#stAL01022033</styleUrl><LineString><coordinates>-48.75731,-8.73144,0 -48.75751,-8.73137,0</coordinates></LineString></Placemark>
<Placemark><name>T_105</name><styleUrl>#stAL01022033</styleUrl><LineString><coordinates>-48.75685,-8.73161,0 -48.75652,-8.73173,0</coordinates></LineString></Placemark>
<Placemark><name>T_106</name><styleUrl>#stAL01022033</styleUrl><LineString><coordinates>-48.75711,-8.73083,0 -48.75701,-8.73086,0</coordinates></LineString></Placemark>
<Placemark><name>T_107</name><styleUrl>#stAL01022033</styleUrl><LineString><coordinates>-48.75711,-8.73083,0 -48.75696,-8.7304,0</coordinates></LineString></Placemark>
<Placemark><name>T_108</name><styleUrl>#stAL01022033</styleUrl><LineString><coordinates>-48.75711,-8.73083,0 -48.75823,-8.73043,0</coordinates></LineString></Placemark>
<Placemark><name>T_109</name><styleUrl>#stAL01022033</styleUrl><LineString><coordinates>-48.75701,-8.73086,0 -48.75698,-8.73088,0</coordinates></LineString></Placemark>
<Placemark><name>T_110</name><styleUrl>#stAL01022033</styleUrl><LineString><coordinates>-48.75823,-8.73043,0 -48.75826,-8.73042,0</coordinates></LineString></Placemark>
<Placemark><name>T_111</name><styleUrl>#stAL01022033</styleUrl><LineString><coordinates>-48.75698,-8.73088,0 -48.75663,-8.731,0</coordinates></LineString></Placemark>
<Placemark><name>T_112</name><styleUrl>#stAL01022033</styleUrl><LineString><coordinates>-48.75826,-8.73042,0 -48.75952,-8.72997,0</coordinates></LineString></Placemark>
<Placemark><name>T_113</name><styleUrl>#stAL01022033</styleUrl><LineString><coordinates>-48.75663,-8.731,0 -48.75633,-8.7311,0</coordinates></LineString></Placemark>
<Placemark><name>T_114</name><styleUrl>#stAL01022033</styleUrl><LineString><coordinates>-48.75952,-8.72997,0 -48.75987,-8.72984,0</coordinates></LineString></Placemark>
<Placemark><name>T_115</name><styleUrl>#stAL01022033</styleUrl><LineString><coordinates>-48.75884,-8.7334,0 -48.76053,-8.7328,0</coordinates></LineString></Placemark>
<Placemark><name>T_116</name><styleUrl>#stAL01022033</styleUrl><LineString><coordinates>-48.75832,-8.73359,0 -48.75884,-8.7334,0</coordinates></LineString></Placemark>
<Placemark><name>T_117</name><styleUrl>#stAL01022033</styleUrl><LineString><coordinates>-48.76053,-8.7328,0 -48.76218,-8.73187,0</coordinates></LineString></Placemark>
<Placemark><name>T_118</name><styleUrl>#stAL01022033</styleUrl><LineString><coordinates>-48.76218,-8.73187,0 -48.76224,-8.73196,0</coordinates></LineString></Placemark>
<Placemark><name>T_119</name><styleUrl>#stAL01022033</styleUrl><LineString><coordinates>-48.76218,-8.73187,0 -48.76186,-8.73133,0</coordinates></LineString></Placemark>
<Placemark><name>T_120</name><styleUrl>#stAL01022033</styleUrl><LineString><coordinates>-48.76218,-8.73187,0 -48.76307,-8.73129,0</coordinates></LineString></Placemark>
<Placemark><name>T_121</name><styleUrl>#stAL01022033</styleUrl><LineString><coordinates>-48.76186,-8.73133,0 -48.76155,-8.7308,0</coordinates></LineString></Placemark>
<Placemark><name>T_122</name><styleUrl>#stAL01022033</styleUrl><LineString><coordinates>-48.76307,-8.73129,0 -48.76306,-8.73128,0</coordinates></LineString></Placemark>
<Placemark><name>T_123</name><styleUrl>#stAL01022033</styleUrl><LineString><coordinates>-48.76307,-8.73129,0 -48.76351,-8.73101,0</coordinates></LineString></Placemark>
<Placemark><name>T_124</name><styleUrl>#stAL01022033</styleUrl><LineString><coordinates>-48.76155,-8.7308,0 -48.76118,-8.73093,0</coordinates></LineString></Placemark>
<Placemark><name>T_125</name><styleUrl>#stAL01022033</styleUrl><LineString><coordinates>-48.76155,-8.7308,0 -48.76091,-8.7297,0</coordinates></LineString></Placemark>
<Placemark><name>T_126</name><styleUrl>#stAL01022033</styleUrl><LineString><coordinates>-48.76155,-8.7308,0 -48.76165,-8.73079,0</coordinates></LineString></Placemark>
<Placemark><name>T_127</name><styleUrl>#stAL01022033</styleUrl><LineString><coordinates>-48.76306,-8.73128,0 -48.76284,-8.73102,0</coordinates></LineString></Placemark>
<Placemark><name>T_128</name><styleUrl>#stAL01022033</styleUrl><LineString><coordinates>-48.76351,-8.73101,0 -48.76364,-8.73092,0</coordinates></LineString></Placemark>
<Placemark><name>T_129</name><styleUrl>#stAL01022033</styleUrl><LineString><coordinates>-48.76351,-8.73101,0 -48.76355,-8.73106,0</coordinates></LineString></Placemark>
<Placemark><name>T_130</name><styleUrl>#stAL01022033</styleUrl><LineString><coordinates>-48.76351,-8.73101,0 -48.76284,-8.72999,0</coordinates></LineString></Placemark>
<Placemark><name>T_131</name><styleUrl>#stAL01022033</styleUrl><LineString><coordinates>-48.76284,-8.73102,0 -48.76266,-8.73072,0</coordinates></LineString></Placemark>
<Placemark><name>T_132</name><styleUrl>#stAL01022033</styleUrl><LineString><coordinates>-48.76284,-8.72999,0 -48.76277,-8.73002,0</coordinates></LineString></Placemark>
<Placemark><name>T_133</name><styleUrl>#stAL01022033</styleUrl><LineString><coordinates>-48.76284,-8.72999,0 -48.76409,-8.7292,0</coordinates></LineString></Placemark>
<Placemark><name>T_134</name><styleUrl>#stAL01022033</styleUrl><LineString><coordinates>-48.76284,-8.72999,0 -48.76252,-8.72948,0</coordinates></LineString></Placemark>
<Placemark><name>T_135</name><styleUrl>#stAL01022033</styleUrl><LineString><coordinates>-48.76409,-8.7292,0 -48.76441,-8.72901,0</coordinates></LineString></Placemark>
<Placemark><name>T_136</name><styleUrl>#stAL01022033</styleUrl><LineString><coordinates>-48.76252,-8.72948,0 -48.76225,-8.72906,0</coordinates></LineString></Placemark>
<Placemark><name>T_137</name><styleUrl>#stAL01022033</styleUrl><LineString><coordinates>-48.76225,-8.72906,0 -48.76218,-8.72894,0</coordinates></LineString></Placemark>
<Placemark><name>T_138</name><styleUrl>#stAL01022033</styleUrl><LineString><coordinates>-48.76225,-8.72906,0 -48.76242,-8.72895,0</coordinates></LineString></Placemark>
<Placemark><name>T_139</name><styleUrl>#stAL01022033</styleUrl><LineString><coordinates>-48.76225,-8.72906,0 -48.7616,-8.72949,0</coordinates></LineString></Placemark>
<Placemark><name>T_140</name><styleUrl>#stAL01022033</styleUrl><LineString><coordinates>-48.7616,-8.72949,0 -48.76155,-8.72953,0</coordinates></LineString></Placemark>
<Placemark><name>T_141</name><styleUrl>#stAL01022033</styleUrl><LineString><coordinates>-48.75196,-8.74306,0 -48.75163,-8.74298,0</coordinates></LineString></Placemark>
<Placemark><name>T_142</name><styleUrl>#stAL01022033</styleUrl><LineString><coordinates>-48.75163,-8.74298,0 -48.75167,-8.7429,0</coordinates></LineString></Placemark>
<Placemark><name>T_143</name><styleUrl>#stAL01022033</styleUrl><LineString><coordinates>-48.74803,-8.74046,0 -48.74747,-8.74033,0</coordinates></LineString></Placemark>
<Placemark><name>T_144</name><styleUrl>#stAL01022033</styleUrl><LineString><coordinates>-48.74747,-8.74033,0 -48.74732,-8.74029,0</coordinates></LineString></Placemark>
<Placemark><name>T_145</name><styleUrl>#stAL01022033</styleUrl><LineString><coordinates>-48.74747,-8.74033,0 -48.74793,-8.73861,0</coordinates></LineString></Placemark>
<Placemark><name>T_146</name><styleUrl>#stAL01022033</styleUrl><LineString><coordinates>-48.74747,-8.74033,0 -48.74735,-8.74074,0</coordinates></LineString></Placemark>
<Placemark><name>T_147</name><styleUrl>#stAL01022033</styleUrl><LineString><coordinates>-48.74793,-8.73861,0 -48.74803,-8.73829,0</coordinates></LineString></Placemark>
<Placemark><name>T_148</name><styleUrl>#stAL01022033</styleUrl><LineString><coordinates>-48.74735,-8.74074,0 -48.7467,-8.74315,0</coordinates></LineString></Placemark>
<Placemark><name>T_149</name><styleUrl>#stAL01022033</styleUrl><LineString><coordinates>-48.74803,-8.73829,0 -48.74804,-8.73826,0</coordinates></LineString></Placemark>
<Placemark><name>T_150</name><styleUrl>#stAL01022033</styleUrl><LineString><coordinates>-48.74804,-8.73826,0 -48.7489,-8.73691,0</coordinates></LineString></Placemark>
<Placemark><name>T_151</name><styleUrl>#stAL01022033</styleUrl><LineString><coordinates>-48.7489,-8.73691,0 -48.74926,-8.73679,0</coordinates></LineString></Placemark>
<Placemark><name>T_152</name><styleUrl>#stAL01022033</styleUrl><LineString><coordinates>-48.75165,-8.73332,0 -48.75158,-8.73333,0</coordinates></LineString></Placemark>
<Placemark><name>T_153</name><styleUrl>#stAL01022033</styleUrl><LineString><coordinates>-48.75175,-8.73327,0 -48.75165,-8.73332,0</coordinates></LineString></Placemark>
<Placemark><name>T_154</name><styleUrl>#stAL01022033</styleUrl><LineString><coordinates>-48.75251,-8.73158,0 -48.75238,-8.73129,0</coordinates></LineString></Placemark>
<Placemark><name>T_155</name><styleUrl>#stAL01022033</styleUrl><LineString><coordinates>-48.75274,-8.73208,0 -48.75251,-8.73158,0</coordinates></LineString></Placemark>
<Placemark><name>T_156</name><styleUrl>#stAL01022033</styleUrl><LineString><coordinates>-48.75364,-8.72984,0 -48.75347,-8.72989,0</coordinates></LineString></Placemark>
<Placemark><name>T_157</name><styleUrl>#stAL01022033</styleUrl><LineString><coordinates>-48.75364,-8.72984,0 -48.75343,-8.72925,0</coordinates></LineString></Placemark>
<Placemark><name>T_158</name><styleUrl>#stAL01022033</styleUrl><LineString><coordinates>-48.75364,-8.72984,0 -48.75553,-8.72921,0</coordinates></LineString></Placemark>
<Placemark><name>T_159</name><styleUrl>#stAL01022033</styleUrl><LineString><coordinates>-48.75401,-8.73088,0 -48.75364,-8.72984,0</coordinates></LineString></Placemark>
<Placemark><name>T_160</name><styleUrl>#stAL01022033</styleUrl><LineString><coordinates>-48.75343,-8.72925,0 -48.75342,-8.72922,0</coordinates></LineString></Placemark>
<Placemark><name>T_161</name><styleUrl>#stAL01022033</styleUrl><LineString><coordinates>-48.75553,-8.72921,0 -48.75614,-8.72901,0</coordinates></LineString></Placemark>
<Placemark><name>T_162</name><styleUrl>#stAL01022033</styleUrl><LineString><coordinates>-48.75423,-8.7315,0 -48.75401,-8.73088,0</coordinates></LineString></Placemark>
<Placemark><name>T_163</name><styleUrl>#stAL01022033</styleUrl><LineString><coordinates>-48.75342,-8.72922,0 -48.75319,-8.72853,0</coordinates></LineString></Placemark>
<Placemark><name>T_164</name><styleUrl>#stAL01022033</styleUrl><LineString><coordinates>-48.75319,-8.72853,0 -48.75308,-8.7282,0</coordinates></LineString></Placemark>
<Placemark><name>T_165</name><styleUrl>#stAL01022033</styleUrl><LineString><coordinates>-48.75723,-8.73222,0 -48.75709,-8.73226,0</coordinates></LineString></Placemark>
<Placemark><name>T_166</name><styleUrl>#stAL01022033</styleUrl><LineString><coordinates>-48.75773,-8.733,0 -48.7574,-8.73312,0</coordinates></LineString></Placemark>
<Placemark><name>T_167</name><styleUrl>#stAL01022033</styleUrl><LineString><coordinates>-48.7574,-8.73312,0 -48.75709,-8.73323,0</coordinates></LineString></Placemark>
<Placemark><name>T_168</name><styleUrl>#stAL01022033</styleUrl><LineString><coordinates>-48.75768,-8.73212,0 -48.75804,-8.732,0</coordinates></LineString></Placemark>
<Placemark><name>T_169</name><styleUrl>#stAL01022033</styleUrl><LineString><coordinates>-48.75804,-8.732,0 -48.75927,-8.7316,0</coordinates></LineString></Placemark>
<Placemark><name>T_170</name><styleUrl>#stAL01022033</styleUrl><LineString><coordinates>-48.75927,-8.7316,0 -48.75929,-8.7316,0</coordinates></LineString></Placemark>
<Placemark><name>T_171</name><styleUrl>#stAL01022033</styleUrl><LineString><coordinates>-48.75929,-8.7316,0 -48.75976,-8.73144,0</coordinates></LineString></Placemark>
<Placemark><name>T_172</name><styleUrl>#stAL01022033</styleUrl><LineString><coordinates>-48.75976,-8.73144,0 -48.75996,-8.73137,0</coordinates></LineString></Placemark>
<Placemark><name>T_173</name><styleUrl>#stAL01022033</styleUrl><LineString><coordinates>-48.75666,-8.72951,0 -48.75665,-8.72949,0</coordinates></LineString></Placemark>
<Placemark><name>T_174</name><styleUrl>#stAL01022033</styleUrl><LineString><coordinates>-48.75665,-8.72949,0 -48.75628,-8.72961,0</coordinates></LineString></Placemark>
<Placemark><name>T_175</name><styleUrl>#stAL01022033</styleUrl><LineString><coordinates>-48.75665,-8.72949,0 -48.7581,-8.729,0</coordinates></LineString></Placemark>
<Placemark><name>T_176</name><styleUrl>#stAL01022033</styleUrl><LineString><coordinates>-48.75697,-8.73042,0 -48.75666,-8.72951,0</coordinates></LineString></Placemark>
<Placemark><name>T_177</name><styleUrl>#stAL01022033</styleUrl><LineString><coordinates>-48.7581,-8.729,0 -48.75841,-8.7289,0</coordinates></LineString></Placemark>
<Placemark><name>T_178</name><styleUrl>#stAL01022033</styleUrl><LineString><coordinates>-48.75884,-8.73338,0 -48.75882,-8.73338,0</coordinates></LineString></Placemark>
<Placemark><name>T_179</name><styleUrl>#stAL01022033</styleUrl><LineString><coordinates>-48.75884,-8.73338,0 -48.75883,-8.73339,0</coordinates></LineString></Placemark>
<Placemark><name>T_180</name><styleUrl>#stAL01022033</styleUrl><LineString><coordinates>-48.75884,-8.7334,0 -48.75884,-8.73338,0</coordinates></LineString></Placemark>
<Placemark><name>T_181</name><styleUrl>#stAL01022033</styleUrl><LineString><coordinates>-48.75882,-8.73338,0 -48.75883,-8.73339,0</coordinates></LineString></Placemark>
<Placemark><name>T_182</name><styleUrl>#stAL01022033</styleUrl><LineString><coordinates>-48.76443,-8.73239,0 -48.76448,-8.73236,0</coordinates></LineString></Placemark>
<Placemark><name>T_183</name><styleUrl>#stAL01022033</styleUrl><LineString><coordinates>-48.76443,-8.73239,0 -48.76392,-8.73268,0</coordinates></LineString></Placemark>
<Placemark><name>T_184</name><styleUrl>#stAL01022033</styleUrl><LineString><coordinates>-48.76443,-8.73239,0 -48.76452,-8.73253,0</coordinates></LineString></Placemark>
<Placemark><name>T_185</name><styleUrl>#stAL01022033</styleUrl><LineString><coordinates>-48.76356,-8.73109,0 -48.76443,-8.73239,0</coordinates></LineString></Placemark>
<Placemark><name>T_186</name><styleUrl>#stAL01022033</styleUrl><LineString><coordinates>-48.76392,-8.73268,0 -48.76365,-8.73283,0</coordinates></LineString></Placemark>
<Placemark><name>T_187</name><styleUrl>#stAL01022033</styleUrl><LineString><coordinates>-48.76119,-8.73096,0 -48.76128,-8.73116,0</coordinates></LineString></Placemark>
<Placemark><name>T_188</name><styleUrl>#stAL01022033</styleUrl><LineString><coordinates>-48.76128,-8.73116,0 -48.76117,-8.73123,0</coordinates></LineString></Placemark>
<Placemark><name>T_189</name><styleUrl>#stAL01022033</styleUrl><LineString><coordinates>-48.76459,-8.73082,0 -48.76478,-8.73112,0</coordinates></LineString></Placemark>
<Placemark><name>T_190</name><styleUrl>#stAL01022033</styleUrl><LineString><coordinates>-48.76436,-8.73045,0 -48.76459,-8.73082,0</coordinates></LineString></Placemark>
<Placemark><name>T_191</name><styleUrl>#stAL01022033</styleUrl><LineString><coordinates>-48.76436,-8.73045,0 -48.76457,-8.73031,0</coordinates></LineString></Placemark>
<Placemark><name>T_192</name><styleUrl>#stAL01022033</styleUrl><LineString><coordinates>-48.76436,-8.73045,0 -48.76423,-8.73025,0</coordinates></LineString></Placemark>
<Placemark><name>T_193</name><styleUrl>#stAL01022033</styleUrl><LineString><coordinates>-48.76368,-8.7309,0 -48.76436,-8.73045,0</coordinates></LineString></Placemark>
<Placemark><name>T_194</name><styleUrl>#stAL01022033</styleUrl><LineString><coordinates>-48.76382,-8.72803,0 -48.76384,-8.728,0</coordinates></LineString></Placemark>
<Placemark><name>T_195</name><styleUrl>#stAL01022033</styleUrl><LineString><coordinates>-48.76382,-8.72803,0 -48.76382,-8.72801,0</coordinates></LineString></Placemark>
<Placemark><name>T_196</name><styleUrl>#stAL01022033</styleUrl><LineString><coordinates>-48.76245,-8.72893,0 -48.76382,-8.72803,0</coordinates></LineString></Placemark>
<Placemark><name>T_197</name><styleUrl>#stAL01022033</styleUrl><LineString><coordinates>-48.76384,-8.728,0 -48.76387,-8.72762,0</coordinates></LineString></Placemark>
<Placemark><name>T_198</name><styleUrl>#stAL01022033</styleUrl><LineString><coordinates>-48.75435,-8.73972,0 -48.75433,-8.73977,0</coordinates></LineString></Placemark>
<Placemark><name>T_199</name><styleUrl>#stAL01022033</styleUrl><LineString><coordinates>-48.75435,-8.73972,0 -48.75435,-8.73973,0</coordinates></LineString></Placemark>
<Placemark><name>T_200</name><styleUrl>#stAL01022033</styleUrl><LineString><coordinates>-48.75435,-8.73973,0 -48.7544,-8.73971,0</coordinates></LineString></Placemark>
<Placemark><name>T_201</name><styleUrl>#stAL01022033</styleUrl><LineString><coordinates>-48.7544,-8.73971,0 -48.75441,-8.73975,0</coordinates></LineString></Placemark>
<Placemark><name>T_202</name><styleUrl>#stAL01022033</styleUrl><LineString><coordinates>-48.75441,-8.73975,0 -48.75443,-8.73981,0</coordinates></LineString></Placemark>
<Placemark><name>T_203</name><styleUrl>#stAL01022033</styleUrl><LineString><coordinates>-48.749,-8.7459,0 -48.749,-8.74583,0</coordinates></LineString></Placemark>
<Placemark><name>T_204</name><styleUrl>#stAL01022033</styleUrl><LineString><coordinates>-48.74764,-8.74559,0 -48.749,-8.7459,0</coordinates></LineString></Placemark>
<Placemark><name>T_205</name><styleUrl>#stAL01022033</styleUrl><LineString><coordinates>-48.749,-8.7459,0 -48.74903,-8.74637,0</coordinates></LineString></Placemark>
<Placemark><name>T_206</name><styleUrl>#stAL01022033</styleUrl><LineString><coordinates>-48.749,-8.7459,0 -48.74906,-8.74591,0</coordinates></LineString></Placemark>
<Placemark><name>T_207</name><styleUrl>#stAL01022033</styleUrl><LineString><coordinates>-48.747,-8.74544,0 -48.74764,-8.74559,0</coordinates></LineString></Placemark>
<Placemark><name>T_208</name><styleUrl>#stAL01022033</styleUrl><LineString><coordinates>-48.74903,-8.74637,0 -48.74904,-8.74657,0</coordinates></LineString></Placemark>
<Placemark><name>T_209</name><styleUrl>#stAL01022033</styleUrl><LineString><coordinates>-48.74903,-8.74637,0 -48.749,-8.74637,0</coordinates></LineString></Placemark>
<Placemark><name>T_210</name><styleUrl>#stAL01022033</styleUrl><LineString><coordinates>-48.74903,-8.74637,0 -48.74959,-8.7465,0</coordinates></LineString></Placemark>
<Placemark><name>T_211</name><styleUrl>#stAL01022033</styleUrl><LineString><coordinates>-48.74696,-8.74543,0 -48.747,-8.74544,0</coordinates></LineString></Placemark>
<Placemark><name>T_212</name><styleUrl>#stAL01022033</styleUrl><LineString><coordinates>-48.74959,-8.7465,0 -48.74987,-8.74657,0</coordinates></LineString></Placemark>
<Placemark><name>T_213</name><styleUrl>#stAL01022033</styleUrl><LineString><coordinates>-48.74665,-8.7454,0 -48.74696,-8.74543,0</coordinates></LineString></Placemark>
<Placemark><name>T_214</name><styleUrl>#stAL01022033</styleUrl><LineString><coordinates>-48.74663,-8.7454,0 -48.74665,-8.7454,0</coordinates></LineString></Placemark>
<Placemark><name>T_215</name><styleUrl>#stAL01022033</styleUrl><LineString><coordinates>-48.74677,-8.74484,0 -48.74663,-8.7454,0</coordinates></LineString></Placemark>
<Placemark><name>T_216</name><styleUrl>#stAL01022033</styleUrl><LineString><coordinates>-48.74663,-8.7454,0 -48.74614,-8.74704,0</coordinates></LineString></Placemark>
<Placemark><name>T_217</name><styleUrl>#stAL01022033</styleUrl><LineString><coordinates>-48.74696,-8.7441,0 -48.74677,-8.74484,0</coordinates></LineString></Placemark>
<Placemark><name>T_218</name><styleUrl>#stAL01022033</styleUrl><LineString><coordinates>-48.74614,-8.74704,0 -48.74598,-8.74765,0</coordinates></LineString></Placemark>
<Placemark><name>T_219</name><styleUrl>#stAL01022033</styleUrl><LineString><coordinates>-48.74696,-8.7441,0 -48.74701,-8.74401,0</coordinates></LineString></Placemark>
<Placemark><name>T_220</name><styleUrl>#stAL01022033</styleUrl><LineString><coordinates>-48.74696,-8.7441,0 -48.74703,-8.74411,0</coordinates></LineString></Placemark>
<Placemark><name>T_221</name><styleUrl>#stAL01022033</styleUrl><LineString><coordinates>-48.74605,-8.74383,0 -48.74696,-8.7441,0</coordinates></LineString></Placemark>
<Placemark><name>T_222</name><styleUrl>#stAL01022033</styleUrl><LineString><coordinates>-48.74598,-8.74765,0 -48.74596,-8.74773,0</coordinates></LineString></Placemark>
<Placemark><name>T_223</name><styleUrl>#stAL01022033</styleUrl><LineString><coordinates>-48.74598,-8.74765,0 -48.74603,-8.74767,0</coordinates></LineString></Placemark>
<Placemark><name>T_224</name><styleUrl>#stAL01022033</styleUrl><LineString><coordinates>-48.74598,-8.74765,0 -48.74577,-8.74767,0</coordinates></LineString></Placemark>
<Placemark><name>T_225</name><styleUrl>#stAL01022033</styleUrl><LineString><coordinates>-48.74603,-8.74382,0 -48.74605,-8.74383,0</coordinates></LineString></Placemark>
<Placemark><name>T_226</name><styleUrl>#stAL01022033</styleUrl><LineString><coordinates>-48.74577,-8.74767,0 -48.74574,-8.74767,0</coordinates></LineString></Placemark>
<Placemark><name>T_227</name><styleUrl>#stAL01022033</styleUrl><LineString><coordinates>-48.74669,-8.74317,0 -48.74603,-8.74382,0</coordinates></LineString></Placemark>
<Placemark><name>T_228</name><styleUrl>#stAL01022033</styleUrl><LineString><coordinates>-48.74603,-8.74382,0 -48.74582,-8.74404,0</coordinates></LineString></Placemark>
<Placemark><name>T_229</name><styleUrl>#stAL01022033</styleUrl><LineString><coordinates>-48.74574,-8.74767,0 -48.74529,-8.74768,0</coordinates></LineString></Placemark>
<Placemark><name>T_230</name><styleUrl>#stAL01022033</styleUrl><LineString><coordinates>-48.74529,-8.74768,0 -48.74526,-8.74768,0</coordinates></LineString></Placemark>
<Placemark><name>T_231</name><styleUrl>#stAL01022033</styleUrl><LineString><coordinates>-48.74526,-8.74768,0 -48.74321,-8.74741,0</coordinates></LineString></Placemark>
<Placemark><name>T_232</name><styleUrl>#stAL01022033</styleUrl><LineString><coordinates>-48.74321,-8.74741,0 -48.74079,-8.74686,0</coordinates></LineString></Placemark>
<Placemark><name>T_233</name><styleUrl>#stAL01022033</styleUrl><LineString><coordinates>-48.74079,-8.74686,0 -48.74077,-8.74692,0</coordinates></LineString></Placemark>
<Placemark><name>T_234</name><styleUrl>#stAL01022033</styleUrl><LineString><coordinates>-48.74079,-8.74686,0 -48.74052,-8.7468,0</coordinates></LineString></Placemark>
<Placemark><name>T_235</name><styleUrl>#stAL01022033</styleUrl><LineString><coordinates>-48.74079,-8.74686,0 -48.74101,-8.74597,0</coordinates></LineString></Placemark>
<Placemark><name>T_236</name><styleUrl>#stAL01022033</styleUrl><LineString><coordinates>-48.74101,-8.74597,0 -48.74112,-8.7455,0</coordinates></LineString></Placemark>
<Placemark><name>T_237</name><styleUrl>#stAL01022033</styleUrl><LineString><coordinates>-48.76485,-8.7245,0 -48.76478,-8.72317,0</coordinates></LineString></Placemark>
<Placemark><name>T_238</name><styleUrl>#stAL01022033</styleUrl><LineString><coordinates>-48.765,-8.72728,0 -48.76485,-8.7245,0</coordinates></LineString></Placemark>
<Placemark><name>T_239</name><styleUrl>#stAL01022033</styleUrl><LineString><coordinates>-48.76498,-8.72731,0 -48.765,-8.72728,0</coordinates></LineString></Placemark>
<Placemark><name>T_240</name><styleUrl>#stAL01022033</styleUrl><LineString><coordinates>-48.76385,-8.728,0 -48.76498,-8.72731,0</coordinates></LineString></Placemark>
<Placemark><name>T_241</name><styleUrl>#stAL01022033</styleUrl><LineString><coordinates>-48.76388,-8.72762,0 -48.76391,-8.7276,0</coordinates></LineString></Placemark>
<Placemark><name>T_242</name><styleUrl>#stAL01022033</styleUrl><LineString><coordinates>-48.76487,-8.72449,0 -48.765,-8.72443,0</coordinates></LineString></Placemark>
<Placemark><name>T_243</name><styleUrl>#stAL01022033</styleUrl><LineString><coordinates>-48.75431,-8.73972,0 -48.75433,-8.73972,0</coordinates></LineString></Placemark>
<Placemark><name>T_244</name><styleUrl>#stAL01022033</styleUrl><LineString><coordinates>-48.75433,-8.73972,0 -48.75435,-8.73972,0</coordinates></LineString></Placemark>
</Folder>
<Folder><name>Circ_LD02022033 (61 trechos · 3.6 km)</name>
<Placemark><name>T_1</name><styleUrl>#stLD02022033</styleUrl><LineString><coordinates>-48.75473,-8.74013,0 -48.75453,-8.73999,0</coordinates></LineString></Placemark>
<Placemark><name>T_2</name><styleUrl>#stLD02022033</styleUrl><LineString><coordinates>-48.76098,-8.73788,0 -48.76105,-8.73806,0</coordinates></LineString></Placemark>
<Placemark><name>T_3</name><styleUrl>#stLD02022033</styleUrl><LineString><coordinates>-48.75796,-8.73906,0 -48.76098,-8.73788,0</coordinates></LineString></Placemark>
<Placemark><name>T_4</name><styleUrl>#stLD02022033</styleUrl><LineString><coordinates>-48.76141,-8.73772,0 -48.76333,-8.73705,0</coordinates></LineString></Placemark>
<Placemark><name>T_5</name><styleUrl>#stLD02022033</styleUrl><LineString><coordinates>-48.75793,-8.73908,0 -48.75796,-8.73906,0</coordinates></LineString></Placemark>
<Placemark><name>T_6</name><styleUrl>#stLD02022033</styleUrl><LineString><coordinates>-48.76333,-8.73705,0 -48.76332,-8.73704,0</coordinates></LineString></Placemark>
<Placemark><name>T_7</name><styleUrl>#stLD02022033</styleUrl><LineString><coordinates>-48.76333,-8.73705,0 -48.76449,-8.7366,0</coordinates></LineString></Placemark>
<Placemark><name>T_8</name><styleUrl>#stLD02022033</styleUrl><LineString><coordinates>-48.75724,-8.74015,0 -48.75793,-8.73908,0</coordinates></LineString></Placemark>
<Placemark><name>T_9</name><styleUrl>#stLD02022033</styleUrl><LineString><coordinates>-48.76332,-8.73704,0 -48.76331,-8.73702,0</coordinates></LineString></Placemark>
<Placemark><name>T_10</name><styleUrl>#stLD02022033</styleUrl><LineString><coordinates>-48.76449,-8.7366,0 -48.7645,-8.73662,0</coordinates></LineString></Placemark>
<Placemark><name>T_11</name><styleUrl>#stLD02022033</styleUrl><LineString><coordinates>-48.76449,-8.7366,0 -48.76448,-8.73659,0</coordinates></LineString></Placemark>
<Placemark><name>T_12</name><styleUrl>#stLD02022033</styleUrl><LineString><coordinates>-48.76449,-8.7366,0 -48.76564,-8.73623,0</coordinates></LineString></Placemark>
<Placemark><name>T_13</name><styleUrl>#stLD02022033</styleUrl><LineString><coordinates>-48.75721,-8.74017,0 -48.75724,-8.74015,0</coordinates></LineString></Placemark>
<Placemark><name>T_14</name><styleUrl>#stLD02022033</styleUrl><LineString><coordinates>-48.7645,-8.73662,0 -48.76456,-8.73675,0</coordinates></LineString></Placemark>
<Placemark><name>T_15</name><styleUrl>#stLD02022033</styleUrl><LineString><coordinates>-48.76448,-8.73659,0 -48.76447,-8.73656,0</coordinates></LineString></Placemark>
<Placemark><name>T_16</name><styleUrl>#stLD02022033</styleUrl><LineString><coordinates>-48.76564,-8.73623,0 -48.76563,-8.73619,0</coordinates></LineString></Placemark>
<Placemark><name>T_17</name><styleUrl>#stLD02022033</styleUrl><LineString><coordinates>-48.75721,-8.74017,0 -48.75724,-8.74017,0</coordinates></LineString></Placemark>
<Placemark><name>T_18</name><styleUrl>#stLD02022033</styleUrl><LineString><coordinates>-48.75663,-8.74034,0 -48.75721,-8.74017,0</coordinates></LineString></Placemark>
<Placemark><name>T_19</name><styleUrl>#stLD02022033</styleUrl><LineString><coordinates>-48.75724,-8.74017,0 -48.75724,-8.74019,0</coordinates></LineString></Placemark>
<Placemark><name>T_20</name><styleUrl>#stLD02022033</styleUrl><LineString><coordinates>-48.75608,-8.74052,0 -48.75663,-8.74034,0</coordinates></LineString></Placemark>
<Placemark><name>T_21</name><styleUrl>#stLD02022033</styleUrl><LineString><coordinates>-48.75605,-8.74051,0 -48.75608,-8.74052,0</coordinates></LineString></Placemark>
<Placemark><name>T_22</name><styleUrl>#stLD02022033</styleUrl><LineString><coordinates>-48.75575,-8.73986,0 -48.75605,-8.74051,0</coordinates></LineString></Placemark>
<Placemark><name>T_23</name><styleUrl>#stLD02022033</styleUrl><LineString><coordinates>-48.75572,-8.73985,0 -48.75575,-8.73986,0</coordinates></LineString></Placemark>
<Placemark><name>T_24</name><styleUrl>#stLD02022033</styleUrl><LineString><coordinates>-48.75482,-8.7401,0 -48.75572,-8.73985,0</coordinates></LineString></Placemark>
<Placemark><name>T_25</name><styleUrl>#stLD02022033</styleUrl><LineString><coordinates>-48.76467,-8.73689,0 -48.76568,-8.73816,0</coordinates></LineString></Placemark>
<Placemark><name>T_26</name><styleUrl>#stLD02022033</styleUrl><LineString><coordinates>-48.76773,-8.73541,0 -48.76996,-8.73462,0</coordinates></LineString></Placemark>
<Placemark><name>T_27</name><styleUrl>#stLD02022033</styleUrl><LineString><coordinates>-48.76773,-8.73541,0 -48.76772,-8.7354,0</coordinates></LineString></Placemark>
<Placemark><name>T_28</name><styleUrl>#stLD02022033</styleUrl><LineString><coordinates>-48.76701,-8.73568,0 -48.76773,-8.73541,0</coordinates></LineString></Placemark>
<Placemark><name>T_29</name><styleUrl>#stLD02022033</styleUrl><LineString><coordinates>-48.76772,-8.7354,0 -48.76771,-8.73538,0</coordinates></LineString></Placemark>
<Placemark><name>T_30</name><styleUrl>#stLD02022033</styleUrl><LineString><coordinates>-48.76701,-8.73568,0 -48.76701,-8.73567,0</coordinates></LineString></Placemark>
<Placemark><name>T_31</name><styleUrl>#stLD02022033</styleUrl><LineString><coordinates>-48.76577,-8.73617,0 -48.76701,-8.73568,0</coordinates></LineString></Placemark>
<Placemark><name>T_32</name><styleUrl>#stLD02022033</styleUrl><LineString><coordinates>-48.76701,-8.73567,0 -48.767,-8.73565,0</coordinates></LineString></Placemark>
<Placemark><name>T_33</name><styleUrl>#stLD02022033</styleUrl><LineString><coordinates>-48.7565,-8.73996,0 -48.75654,-8.73995,0</coordinates></LineString></Placemark>
<Placemark><name>T_34</name><styleUrl>#stLD02022033</styleUrl><LineString><coordinates>-48.75662,-8.7403,0 -48.7565,-8.73996,0</coordinates></LineString></Placemark>
<Placemark><name>T_35</name><styleUrl>#stLD02022033</styleUrl><LineString><coordinates>-48.7565,-8.73996,0 -48.75634,-8.73994,0</coordinates></LineString></Placemark>
<Placemark><name>T_36</name><styleUrl>#stLD02022033</styleUrl><LineString><coordinates>-48.76128,-8.73524,0 -48.76127,-8.73523,0</coordinates></LineString></Placemark>
<Placemark><name>T_37</name><styleUrl>#stLD02022033</styleUrl><LineString><coordinates>-48.76127,-8.73523,0 -48.76125,-8.73524,0</coordinates></LineString></Placemark>
<Placemark><name>T_38</name><styleUrl>#stLD02022033</styleUrl><LineString><coordinates>-48.76095,-8.73763,0 -48.76128,-8.73524,0</coordinates></LineString></Placemark>
<Placemark><name>T_39</name><styleUrl>#stLD02022033</styleUrl><LineString><coordinates>-48.76128,-8.73524,0 -48.76136,-8.73467,0</coordinates></LineString></Placemark>
<Placemark><name>T_40</name><styleUrl>#stLD02022033</styleUrl><LineString><coordinates>-48.76125,-8.73524,0 -48.76125,-8.73524,0</coordinates></LineString></Placemark>
<Placemark><name>T_41</name><styleUrl>#stLD02022033</styleUrl><LineString><coordinates>-48.76136,-8.73467,0 -48.76136,-8.73461,0</coordinates></LineString></Placemark>
<Placemark><name>T_42</name><styleUrl>#stLD02022033</styleUrl><LineString><coordinates>-48.76625,-8.73774,0 -48.76626,-8.73772,0</coordinates></LineString></Placemark>
<Placemark><name>T_43</name><styleUrl>#stLD02022033</styleUrl><LineString><coordinates>-48.76574,-8.73811,0 -48.76625,-8.73774,0</coordinates></LineString></Placemark>
<Placemark><name>T_44</name><styleUrl>#stLD02022033</styleUrl><LineString><coordinates>-48.76626,-8.73772,0 -48.76595,-8.73693,0</coordinates></LineString></Placemark>
<Placemark><name>T_45</name><styleUrl>#stLD02022033</styleUrl><LineString><coordinates>-48.76096,-8.73535,0 -48.76094,-8.73536,0</coordinates></LineString></Placemark>
<Placemark><name>T_46</name><styleUrl>#stLD02022033</styleUrl><LineString><coordinates>-48.76122,-8.73525,0 -48.76096,-8.73535,0</coordinates></LineString></Placemark>
<Placemark><name>T_47</name><styleUrl>#stLD02022033</styleUrl><LineString><coordinates>-48.76094,-8.73536,0 -48.7602,-8.73577,0</coordinates></LineString></Placemark>
<Placemark><name>T_48</name><styleUrl>#stLD02022033</styleUrl><LineString><coordinates>-48.76145,-8.73396,0 -48.7613,-8.73395,0</coordinates></LineString></Placemark>
<Placemark><name>T_49</name><styleUrl>#stLD02022033</styleUrl><LineString><coordinates>-48.76137,-8.73454,0 -48.76145,-8.73396,0</coordinates></LineString></Placemark>
<Placemark><name>T_50</name><styleUrl>#stLD02022033</styleUrl><LineString><coordinates>-48.77147,-8.72613,0 -48.76978,-8.7266,0</coordinates></LineString></Placemark>
<Placemark><name>T_51</name><styleUrl>#stLD02022033</styleUrl><LineString><coordinates>-48.76978,-8.7266,0 -48.76935,-8.72671,0</coordinates></LineString></Placemark>
<Placemark><name>T_52</name><styleUrl>#stLD02022033</styleUrl><LineString><coordinates>-48.7719,-8.726,0 -48.77147,-8.72613,0</coordinates></LineString></Placemark>
<Placemark><name>T_53</name><styleUrl>#stLD02022033</styleUrl><LineString><coordinates>-48.77193,-8.72601,0 -48.7719,-8.726,0</coordinates></LineString></Placemark>
<Placemark><name>T_54</name><styleUrl>#stLD02022033</styleUrl><LineString><coordinates>-48.77193,-8.72601,0 -48.77191,-8.72598,0</coordinates></LineString></Placemark>
<Placemark><name>T_55</name><styleUrl>#stLD02022033</styleUrl><LineString><coordinates>-48.77239,-8.72648,0 -48.77193,-8.72601,0</coordinates></LineString></Placemark>
<Placemark><name>T_56</name><styleUrl>#stLD02022033</styleUrl><LineString><coordinates>-48.77191,-8.72598,0 -48.77201,-8.72494,0</coordinates></LineString></Placemark>
<Placemark><name>T_57</name><styleUrl>#stLD02022033</styleUrl><LineString><coordinates>-48.76946,-8.72711,0 -48.76947,-8.72714,0</coordinates></LineString></Placemark>
<Placemark><name>T_58</name><styleUrl>#stLD02022033</styleUrl><LineString><coordinates>-48.76947,-8.72714,0 -48.7703,-8.72841,0</coordinates></LineString></Placemark>
<Placemark><name>T_59</name><styleUrl>#stLD02022033</styleUrl><LineString><coordinates>-48.76939,-8.72689,0 -48.76946,-8.72711,0</coordinates></LineString></Placemark>
<Placemark><name>T_60</name><styleUrl>#stLD02022033</styleUrl><LineString><coordinates>-48.76938,-8.72686,0 -48.76939,-8.72689,0</coordinates></LineString></Placemark>
<Placemark><name>T_61</name><styleUrl>#stLD02022033</styleUrl><LineString><coordinates>-48.76935,-8.72673,0 -48.76938,-8.72686,0</coordinates></LineString></Placemark>
</Folder>
<Folder><name>Circ_LD03022033 (16 trechos · 1.9 km)</name>
<Placemark><name>T_1</name><styleUrl>#stLD03022033</styleUrl><LineString><coordinates>-48.75477,-8.74023,0 -48.75444,-8.74003,0</coordinates></LineString></Placemark>
<Placemark><name>T_2</name><styleUrl>#stLD03022033</styleUrl><LineString><coordinates>-48.7671,-8.73579,0 -48.77002,-8.73468,0</coordinates></LineString></Placemark>
<Placemark><name>T_3</name><styleUrl>#stLD03022033</styleUrl><LineString><coordinates>-48.76706,-8.7358,0 -48.7671,-8.73579,0</coordinates></LineString></Placemark>
<Placemark><name>T_4</name><styleUrl>#stLD03022033</styleUrl><LineString><coordinates>-48.76384,-8.73694,0 -48.76706,-8.7358,0</coordinates></LineString></Placemark>
<Placemark><name>T_5</name><styleUrl>#stLD03022033</styleUrl><LineString><coordinates>-48.76381,-8.73695,0 -48.76384,-8.73694,0</coordinates></LineString></Placemark>
<Placemark><name>T_6</name><styleUrl>#stLD03022033</styleUrl><LineString><coordinates>-48.7612,-8.73789,0 -48.76381,-8.73695,0</coordinates></LineString></Placemark>
<Placemark><name>T_7</name><styleUrl>#stLD03022033</styleUrl><LineString><coordinates>-48.75811,-8.739,0 -48.76116,-8.7379,0</coordinates></LineString></Placemark>
<Placemark><name>T_8</name><styleUrl>#stLD03022033</styleUrl><LineString><coordinates>-48.75809,-8.73902,0 -48.75811,-8.739,0</coordinates></LineString></Placemark>
<Placemark><name>T_9</name><styleUrl>#stLD03022033</styleUrl><LineString><coordinates>-48.75727,-8.74018,0 -48.75809,-8.73902,0</coordinates></LineString></Placemark>
<Placemark><name>T_10</name><styleUrl>#stLD03022033</styleUrl><LineString><coordinates>-48.75724,-8.7402,0 -48.75727,-8.74018,0</coordinates></LineString></Placemark>
<Placemark><name>T_11</name><styleUrl>#stLD03022033</styleUrl><LineString><coordinates>-48.75611,-8.74062,0 -48.75724,-8.7402,0</coordinates></LineString></Placemark>
<Placemark><name>T_12</name><styleUrl>#stLD03022033</styleUrl><LineString><coordinates>-48.75724,-8.7402,0 -48.75724,-8.74019,0</coordinates></LineString></Placemark>
<Placemark><name>T_13</name><styleUrl>#stLD03022033</styleUrl><LineString><coordinates>-48.75608,-8.74062,0 -48.75611,-8.74062,0</coordinates></LineString></Placemark>
<Placemark><name>T_14</name><styleUrl>#stLD03022033</styleUrl><LineString><coordinates>-48.75569,-8.73989,0 -48.75608,-8.74062,0</coordinates></LineString></Placemark>
<Placemark><name>T_15</name><styleUrl>#stLD03022033</styleUrl><LineString><coordinates>-48.75567,-8.73989,0 -48.75569,-8.73989,0</coordinates></LineString></Placemark>
<Placemark><name>T_16</name><styleUrl>#stLD03022033</styleUrl><LineString><coordinates>-48.75486,-8.74019,0 -48.75567,-8.73989,0</coordinates></LineString></Placemark>
</Folder>
<Folder><name>Postes no perimetro (1164)</name>
<Placemark><name>139797</name><description>AL01022033</description><styleUrl>#stPoste</styleUrl><Point><coordinates>-48.763912,-8.727603,0</coordinates></Point></Placemark>
<Placemark><name>139803</name><description>AL01022033</description><styleUrl>#stPoste</styleUrl><Point><coordinates>-48.751321,-8.736899,0</coordinates></Point></Placemark>
<Placemark><name>139808</name><description>AL01022033</description><styleUrl>#stPoste</styleUrl><Point><coordinates>-48.752586,-8.735367,0</coordinates></Point></Placemark>
<Placemark><name>943709</name><description>AL01022033</description><styleUrl>#stPoste</styleUrl><Point><coordinates>-48.750177,-8.734697,0</coordinates></Point></Placemark>
<Placemark><name>944256</name><description>AL01022033</description><styleUrl>#stPoste</styleUrl><Point><coordinates>-48.751845,-8.73345,0</coordinates></Point></Placemark>
<Placemark><name>948251</name><description>AL01022033</description><styleUrl>#stPoste</styleUrl><Point><coordinates>-48.757967,-8.730524,0</coordinates></Point></Placemark>
<Placemark><name>948380</name><description>AL01022033</description><styleUrl>#stPoste</styleUrl><Point><coordinates>-48.74958,-8.741501,0</coordinates></Point></Placemark>
<Placemark><name>948741</name><description>AL01022033</description><styleUrl>#stPoste</styleUrl><Point><coordinates>-48.756496,-8.741023,0</coordinates></Point></Placemark>
<Placemark><name>1121453</name><description>AL01022033</description><styleUrl>#stPoste</styleUrl><Point><coordinates>-48.746765,-8.744837,0</coordinates></Point></Placemark>
<Placemark><name>1130485</name><description>AL01022033</description><styleUrl>#stPoste</styleUrl><Point><coordinates>-48.742445,-8.747242,0</coordinates></Point></Placemark>
<Placemark><name>1165776</name><description>AL01022033</description><styleUrl>#stPoste</styleUrl><Point><coordinates>-48.749414,-8.745991,0</coordinates></Point></Placemark>
<Placemark><name>1782087</name><description>AL01022033</description><styleUrl>#stPoste</styleUrl><Point><coordinates>-48.74703,-8.74734,0</coordinates></Point></Placemark>
<Placemark><name>1782089</name><description>AL01022033</description><styleUrl>#stPoste</styleUrl><Point><coordinates>-48.747545,-8.747455,0</coordinates></Point></Placemark>
<Placemark><name>1782847</name><description>AL01022033</description><styleUrl>#stPoste</styleUrl><Point><coordinates>-48.764468,-8.734054,0</coordinates></Point></Placemark>
<Placemark><name>1782976</name><description>AL01022033</description><styleUrl>#stPoste</styleUrl><Point><coordinates>-48.75523,-8.73445,0</coordinates></Point></Placemark>
<Placemark><name>1783021</name><description>AL01022033</description><styleUrl>#stPoste</styleUrl><Point><coordinates>-48.757813,-8.731267,0</coordinates></Point></Placemark>
<Placemark><name>1784792</name><description>AL01022033</description><styleUrl>#stPoste</styleUrl><Point><coordinates>-48.755069,-8.729614,0</coordinates></Point></Placemark>
<Placemark><name>1785069</name><description>AL01022033</description><styleUrl>#stPoste</styleUrl><Point><coordinates>-48.75042,-8.734537,0</coordinates></Point></Placemark>
<Placemark><name>1785631</name><description>AL01022033</description><styleUrl>#stPoste</styleUrl><Point><coordinates>-48.755605,-8.731356,0</coordinates></Point></Placemark>
<Placemark><name>1785910</name><description>AL01022033</description><styleUrl>#stPoste</styleUrl><Point><coordinates>-48.752882,-8.729433,0</coordinates></Point></Placemark>
<Placemark><name>1786245</name><description>AL01022033</description><styleUrl>#stPoste</styleUrl><Point><coordinates>-48.760112,-8.728328,0</coordinates></Point></Placemark>
<Placemark><name>1790615</name><description>AL01022033</description><styleUrl>#stPoste</styleUrl><Point><coordinates>-48.749869,-8.738115,0</coordinates></Point></Placemark>
<Placemark><name>1790683</name><description>AL01022033</description><styleUrl>#stPoste</styleUrl><Point><coordinates>-48.757017,-8.72943,0</coordinates></Point></Placemark>
<Placemark><name>1790698</name><description>AL01022033</description><styleUrl>#stPoste</styleUrl><Point><coordinates>-48.748165,-8.741201,0</coordinates></Point></Placemark>
<Placemark><name>1790841</name><description>AL01022033</description><styleUrl>#stPoste</styleUrl><Point><coordinates>-48.762405,-8.732251,0</coordinates></Point></Placemark>
<Placemark><name>1790879</name><description>AL01022033</description><styleUrl>#stPoste</styleUrl><Point><coordinates>-48.748739,-8.736879,0</coordinates></Point></Placemark>
<Placemark><name>1790887</name><description>AL01022033</description><styleUrl>#stPoste</styleUrl><Point><coordinates>-48.749742,-8.736615,0</coordinates></Point></Placemark>
<Placemark><name>1790929</name><description>AL01022033</description><styleUrl>#stPoste</styleUrl><Point><coordinates>-48.759935,-8.730519,0</coordinates></Point></Placemark>
<Placemark><name>1790932</name><description>AL01022033</description><styleUrl>#stPoste</styleUrl><Point><coordinates>-48.759279,-8.730904,0</coordinates></Point></Placemark>
<Placemark><name>1791209</name><description>AL01022033</description><styleUrl>#stPoste</styleUrl><Point><coordinates>-48.765567,-8.73237,0</coordinates></Point></Placemark>
<Placemark><name>1791273</name><description>AL01022033</description><styleUrl>#stPoste</styleUrl><Point><coordinates>-48.750599,-8.737605,0</coordinates></Point></Placemark>
<Placemark><name>1791447</name><description>AL01022033</description><styleUrl>#stPoste</styleUrl><Point><coordinates>-48.767447,-8.727504,0</coordinates></Point></Placemark>
<Placemark><name>1842829</name><description>AL01022033</description><styleUrl>#stPoste</styleUrl><Point><coordinates>-48.746204,-8.744486,0</coordinates></Point></Placemark>
<Placemark><name>1842897</name><description>AL01022033</description><styleUrl>#stPoste</styleUrl><Point><coordinates>-48.741343,-8.744709,0</coordinates></Point></Placemark>
<Placemark><name>1842961</name><description>AL01022033</description><styleUrl>#stPoste</styleUrl><Point><coordinates>-48.740763,-8.744747,0</coordinates></Point></Placemark>
<Placemark><name>1871520</name><description>AL01022033</description><styleUrl>#stPoste</styleUrl><Point><coordinates>-48.749719,-8.747112,0</coordinates></Point></Placemark>
<Placemark><name>1885778</name><description>AL01022033</description><styleUrl>#stPoste</styleUrl><Point><coordinates>-48.76458,-8.734859,0</coordinates></Point></Placemark>
<Placemark><name>1888982</name><description>AL01022033</description><styleUrl>#stPoste</styleUrl><Point><coordinates>-48.757753,-8.740566,0</coordinates></Point></Placemark>
<Placemark><name>34446492</name><description>AL01022033</description><styleUrl>#stPoste</styleUrl><Point><coordinates>-48.759292,-8.731884,0</coordinates></Point></Placemark>
<Placemark><name>40535426</name><description>AL01022033</description><styleUrl>#stPoste</styleUrl><Point><coordinates>-48.757897,-8.741323,0</coordinates></Point></Placemark>
<Placemark><name>43382283</name><description>AL01022033</description><styleUrl>#stPoste</styleUrl><Point><coordinates>-48.76558,-8.730372,0</coordinates></Point></Placemark>
<Placemark><name>56672422</name><description>AL01022033</description><styleUrl>#stPoste</styleUrl><Point><coordinates>-48.750927,-8.73624,0</coordinates></Point></Placemark>
<Placemark><name>139778</name><description>AL01022033</description><styleUrl>#stPoste</styleUrl><Point><coordinates>-48.757402,-8.733117,0</coordinates></Point></Placemark>
<Placemark><name>943437</name><description>AL01022033</description><styleUrl>#stPoste</styleUrl><Point><coordinates>-48.757676,-8.732507,0</coordinates></Point></Placemark>
<Placemark><name>950246</name><description>AL01022033</description><styleUrl>#stPoste</styleUrl><Point><coordinates>-48.759905,-8.733023,0</coordinates></Point></Placemark>
<Placemark><name>950902</name><description>AL01022033</description><styleUrl>#stPoste</styleUrl><Point><coordinates>-48.762338,-8.731765,0</coordinates></Point></Placemark>
<Placemark><name>1121438</name><description>AL01022033</description><styleUrl>#stPoste</styleUrl><Point><coordinates>-48.740505,-8.746797,0</coordinates></Point></Placemark>
<Placemark><name>1782641</name><description>AL01022033</description><styleUrl>#stPoste</styleUrl><Point><coordinates>-48.760851,-8.729491,0</coordinates></Point></Placemark>
<Placemark><name>1782736</name><description>AL01022033</description><styleUrl>#stPoste</styleUrl><Point><coordinates>-48.763204,-8.732246,0</coordinates></Point></Placemark>
<Placemark><name>1783019</name><description>AL01022033</description><styleUrl>#stPoste</styleUrl><Point><coordinates>-48.758428,-8.731051,0</coordinates></Point></Placemark>
<Placemark><name>1784407</name><description>AL01022033</description><styleUrl>#stPoste</styleUrl><Point><coordinates>-48.754394,-8.733499,0</coordinates></Point></Placemark>
<Placemark><name>1785355</name><description>AL01022033</description><styleUrl>#stPoste</styleUrl><Point><coordinates>-48.75675,-8.730189,0</coordinates></Point></Placemark>
<Placemark><name>1785906</name><description>AL01022033</description><styleUrl>#stPoste</styleUrl><Point><coordinates>-48.753062,-8.729065,0</coordinates></Point></Placemark>
<Placemark><name>1785919</name><description>AL01022033</description><styleUrl>#stPoste</styleUrl><Point><coordinates>-48.750938,-8.733659,0</coordinates></Point></Placemark>
<Placemark><name>1786250</name><description>AL01022033</description><styleUrl>#stPoste</styleUrl><Point><coordinates>-48.76031,-8.728672,0</coordinates></Point></Placemark>
<Placemark><name>1786275</name><description>AL01022033</description><styleUrl>#stPoste</styleUrl><Point><coordinates>-48.749961,-8.743017,0</coordinates></Point></Placemark>
<Placemark><name>1790682</name><description>AL01022033</description><styleUrl>#stPoste</styleUrl><Point><coordinates>-48.755224,-8.729027,0</coordinates></Point></Placemark>
<Placemark><name>1790684</name><description>AL01022033</description><styleUrl>#stPoste</styleUrl><Point><coordinates>-48.7569,-8.72903,0</coordinates></Point></Placemark>
<Placemark><name>1790765</name><description>AL01022033</description><styleUrl>#stPoste</styleUrl><Point><coordinates>-48.7602,-8.729725,0</coordinates></Point></Placemark>
<Placemark><name>1791094</name><description>AL01022033</description><styleUrl>#stPoste</styleUrl><Point><coordinates>-48.756164,-8.741523,0</coordinates></Point></Placemark>
<Placemark><name>1791095</name><description>AL01022033</description><styleUrl>#stPoste</styleUrl><Point><coordinates>-48.756136,-8.741738,0</coordinates></Point></Placemark>
<Placemark><name>1791102</name><description>AL01022033</description><styleUrl>#stPoste</styleUrl><Point><coordinates>-48.753204,-8.742615,0</coordinates></Point></Placemark>
<Placemark><name>1791218</name><description>AL01022033</description><styleUrl>#stPoste</styleUrl><Point><coordinates>-48.760118,-8.733733,0</coordinates></Point></Placemark>
<Placemark><name>1791340</name><description>AL01022033</description><styleUrl>#stPoste</styleUrl><Point><coordinates>-48.748501,-8.739111,0</coordinates></Point></Placemark>
<Placemark><name>1791356</name><description>AL01022033</description><styleUrl>#stPoste</styleUrl><Point><coordinates>-48.749463,-8.743472,0</coordinates></Point></Placemark>
<Placemark><name>1791472</name><description>AL01022033</description><styleUrl>#stPoste</styleUrl><Point><coordinates>-48.756303,-8.728195,0</coordinates></Point></Placemark>
<Placemark><name>1791599</name><description>AL01022033</description><styleUrl>#stPoste</styleUrl><Point><coordinates>-48.751224,-8.736131,0</coordinates></Point></Placemark>
<Placemark><name>1791651</name><description>AL01022033</description><styleUrl>#stPoste</styleUrl><Point><coordinates>-48.756452,-8.741858,0</coordinates></Point></Placemark>
<Placemark><name>1817664</name><description>AL01022033</description><styleUrl>#stPoste</styleUrl><Point><coordinates>-48.760989,-8.731042,0</coordinates></Point></Placemark>
<Placemark><name>1842778</name><description>AL01022033</description><styleUrl>#stPoste</styleUrl><Point><coordinates>-48.746156,-8.746071,0</coordinates></Point></Placemark>
<Placemark><name>1842964</name><description>AL01022033</description><styleUrl>#stPoste</styleUrl><Point><coordinates>-48.741228,-8.745924,0</coordinates></Point></Placemark>
<Placemark><name>1843540</name><description>AL01022033</description><styleUrl>#stPoste</styleUrl><Point><coordinates>-48.742576,-8.746699,0</coordinates></Point></Placemark>
<Placemark><name>1843633</name><description>AL01022033</description><styleUrl>#stPoste</styleUrl><Point><coordinates>-48.745721,-8.747251,0</coordinates></Point></Placemark>
<Placemark><name>1885775</name><description>AL01022033</description><styleUrl>#stPoste</styleUrl><Point><coordinates>-48.765291,-8.734757,0</coordinates></Point></Placemark>
<Placemark><name>1886050</name><description>AL01022033</description><styleUrl>#stPoste</styleUrl><Point><coordinates>-48.758111,-8.74075,0</coordinates></Point></Placemark>
<Placemark><name>1886051</name><description>AL01022033</description><styleUrl>#stPoste</styleUrl><Point><coordinates>-48.758394,-8.740643,0</coordinates></Point></Placemark>
<Placemark><name>27507539</name><description>AL01022033</description><styleUrl>#stPoste</styleUrl><Point><coordinates>-48.748942,-8.73769,0</coordinates></Point></Placemark>
<Placemark><name>28971778</name><description>AL01022033</description><styleUrl>#stPoste</styleUrl><Point><coordinates>-48.74706,-8.741781,0</coordinates></Point></Placemark>
<Placemark><name>30766647</name><description>AL01022033</description><styleUrl>#stPoste</styleUrl><Point><coordinates>-48.759759,-8.731443,0</coordinates></Point></Placemark>
<Placemark><name>46333786</name><description>AL01022033</description><styleUrl>#stPoste</styleUrl><Point><coordinates>-48.760369,-8.740417,0</coordinates></Point></Placemark>
<Placemark><name>139776</name><description>AL01022033</description><styleUrl>#stPoste</styleUrl><Point><coordinates>-48.758841,-8.733378,0</coordinates></Point></Placemark>
<Placemark><name>139780</name><description>AL01022033</description><styleUrl>#stPoste</styleUrl><Point><coordinates>-48.757232,-8.73222,0</coordinates></Point></Placemark>
<Placemark><name>139793</name><description>AL01022033</description><styleUrl>#stPoste</styleUrl><Point><coordinates>-48.75165,-8.73332,0</coordinates></Point></Placemark>
<Placemark><name>149461</name><description>AL01022033</description><styleUrl>#stPoste</styleUrl><Point><coordinates>-48.755526,-8.729213,0</coordinates></Point></Placemark>
<Placemark><name>927319</name><description>AL01022033</description><styleUrl>#stPoste</styleUrl><Point><coordinates>-48.753336,-8.732138,0</coordinates></Point></Placemark>
<Placemark><name>946348</name><description>AL01022033</description><styleUrl>#stPoste</styleUrl><Point><coordinates>-48.757145,-8.730947,0</coordinates></Point></Placemark>
<Placemark><name>946350</name><description>AL01022033</description><styleUrl>#stPoste</styleUrl><Point><coordinates>-48.757337,-8.731512,0</coordinates></Point></Placemark>
<Placemark><name>947468</name><description>AL01022033</description><styleUrl>#stPoste</styleUrl><Point><coordinates>-48.753807,-8.738589,0</coordinates></Point></Placemark>
<Placemark><name>947470</name><description>AL01022033</description><styleUrl>#stPoste</styleUrl><Point><coordinates>-48.754144,-8.73948,0</coordinates></Point></Placemark>
<Placemark><name>948010</name><description>AL01022033</description><styleUrl>#stPoste</styleUrl><Point><coordinates>-48.757553,-8.733862,0</coordinates></Point></Placemark>
<Placemark><name>948252</name><description>AL01022033</description><styleUrl>#stPoste</styleUrl><Point><coordinates>-48.758247,-8.730424,0</coordinates></Point></Placemark>
<Placemark><name>948739</name><description>AL01022033</description><styleUrl>#stPoste</styleUrl><Point><coordinates>-48.755243,-8.741486,0</coordinates></Point></Placemark>
<Placemark><name>948740</name><description>AL01022033</description><styleUrl>#stPoste</styleUrl><Point><coordinates>-48.755673,-8.741328,0</coordinates></Point></Placemark>
<Placemark><name>1782125</name><description>AL01022033</description><styleUrl>#stPoste</styleUrl><Point><coordinates>-48.747544,-8.745502,0</coordinates></Point></Placemark>
<Placemark><name>1782453</name><description>AL01022033</description><styleUrl>#stPoste</styleUrl><Point><coordinates>-48.751564,-8.735207,0</coordinates></Point></Placemark>
<Placemark><name>1782496</name><description>AL01022033</description><styleUrl>#stPoste</styleUrl><Point><coordinates>-48.752509,-8.734864,0</coordinates></Point></Placemark>
<Placemark><name>1782498</name><description>AL01022033</description><styleUrl>#stPoste</styleUrl><Point><coordinates>-48.753857,-8.734375,0</coordinates></Point></Placemark>
<Placemark><name>1782739</name><description>AL01022033</description><styleUrl>#stPoste</styleUrl><Point><coordinates>-48.762412,-8.73277,0</coordinates></Point></Placemark>
<Placemark><name>1782844</name><description>AL01022033</description><styleUrl>#stPoste</styleUrl><Point><coordinates>-48.764288,-8.734443,0</coordinates></Point></Placemark>
<Placemark><name>1782849</name><description>AL01022033</description><styleUrl>#stPoste</styleUrl><Point><coordinates>-48.764727,-8.733641,0</coordinates></Point></Placemark>
<Placemark><name>1782927</name><description>AL01022033</description><styleUrl>#stPoste</styleUrl><Point><coordinates>-48.763589,-8.734261,0</coordinates></Point></Placemark>
<Placemark><name>1784297</name><description>AL01022033</description><styleUrl>#stPoste</styleUrl><Point><coordinates>-48.757336,-8.729986,0</coordinates></Point></Placemark>
<Placemark><name>1784560</name><description>AL01022033</description><styleUrl>#stPoste</styleUrl><Point><coordinates>-48.751725,-8.733389,0</coordinates></Point></Placemark>
<Placemark><name>1784664</name><description>AL01022033</description><styleUrl>#stPoste</styleUrl><Point><coordinates>-48.756496,-8.733438,0</coordinates></Point></Placemark>
<Placemark><name>1784929</name><description>AL01022033</description><styleUrl>#stPoste</styleUrl><Point><coordinates>-48.75591,-8.732118,0</coordinates></Point></Placemark>
<Placemark><name>1785068</name><description>AL01022033</description><styleUrl>#stPoste</styleUrl><Point><coordinates>-48.75684,-8.732415,0</coordinates></Point></Placemark>
<Placemark><name>1785500</name><description>AL01022033</description><styleUrl>#stPoste</styleUrl><Point><coordinates>-48.750898,-8.732996,0</coordinates></Point></Placemark>
<Placemark><name>1785756</name><description>AL01022033</description><styleUrl>#stPoste</styleUrl><Point><coordinates>-48.756804,-8.734832,0</coordinates></Point></Placemark>
<Placemark><name>1786185</name><description>AL01022033</description><styleUrl>#stPoste</styleUrl><Point><coordinates>-48.757125,-8.734723,0</coordinates></Point></Placemark>
<Placemark><name>1786246</name><description>AL01022033</description><styleUrl>#stPoste</styleUrl><Point><coordinates>-48.762231,-8.727982,0</coordinates></Point></Placemark>
<Placemark><name>1786276</name><description>AL01022033</description><styleUrl>#stPoste</styleUrl><Point><coordinates>-48.749533,-8.742783,0</coordinates></Point></Placemark>
<Placemark><name>1790715</name><description>AL01022033</description><styleUrl>#stPoste</styleUrl><Point><coordinates>-48.757323,-8.74153,0</coordinates></Point></Placemark>
<Placemark><name>1790717</name><description>AL01022033</description><styleUrl>#stPoste</styleUrl><Point><coordinates>-48.75709,-8.741163,0</coordinates></Point></Placemark>
<Placemark><name>1790868</name><description>AL01022033</description><styleUrl>#stPoste</styleUrl><Point><coordinates>-48.748616,-8.743054,0</coordinates></Point></Placemark>
<Placemark><name>1790938</name><description>AL01022033</description><styleUrl>#stPoste</styleUrl><Point><coordinates>-48.748362,-8.741838,0</coordinates></Point></Placemark>
<Placemark><name>1790988</name><description>AL01022033</description><styleUrl>#stPoste</styleUrl><Point><coordinates>-48.756815,-8.728983,0</coordinates></Point></Placemark>
<Placemark><name>1791097</name><description>AL01022033</description><styleUrl>#stPoste</styleUrl><Point><coordinates>-48.755744,-8.741687,0</coordinates></Point></Placemark>
<Placemark><name>1791347</name><description>AL01022033</description><styleUrl>#stPoste</styleUrl><Point><coordinates>-48.7473,-8.738447,0</coordinates></Point></Placemark>
<Placemark><name>1791348</name><description>AL01022033</description><styleUrl>#stPoste</styleUrl><Point><coordinates>-48.747231,-8.73869,0</coordinates></Point></Placemark>
<Placemark><name>1791354</name><description>AL01022033</description><styleUrl>#stPoste</styleUrl><Point><coordinates>-48.750047,-8.743397,0</coordinates></Point></Placemark>
<Placemark><name>1791383</name><description>AL01022033</description><styleUrl>#stPoste</styleUrl><Point><coordinates>-48.762705,-8.733377,0</coordinates></Point></Placemark>
<Placemark><name>1791653</name><description>AL01022033</description><styleUrl>#stPoste</styleUrl><Point><coordinates>-48.757163,-8.741692,0</coordinates></Point></Placemark>
<Placemark><name>1803225</name><description>AL01022033</description><styleUrl>#stPoste</styleUrl><Point><coordinates>-48.748674,-8.738633,0</coordinates></Point></Placemark>
<Placemark><name>1843615</name><description>AL01022033</description><styleUrl>#stPoste</styleUrl><Point><coordinates>-48.743527,-8.746436,0</coordinates></Point></Placemark>
<Placemark><name>1871476</name><description>AL01022033</description><styleUrl>#stPoste</styleUrl><Point><coordinates>-48.749344,-8.747031,0</coordinates></Point></Placemark>
<Placemark><name>34304810</name><description>AL01022033</description><styleUrl>#stPoste</styleUrl><Point><coordinates>-48.759435,-8.731339,0</coordinates></Point></Placemark>
<Placemark><name>37363180</name><description>AL01022033</description><styleUrl>#stPoste</styleUrl><Point><coordinates>-48.745559,-8.744282,0</coordinates></Point></Placemark>
<Placemark><name>56672259</name><description>AL01022033</description><styleUrl>#stPoste</styleUrl><Point><coordinates>-48.751555,-8.737275,0</coordinates></Point></Placemark>
<Placemark><name>139802</name><description>AL01022033</description><styleUrl>#stPoste</styleUrl><Point><coordinates>-48.753388,-8.737235,0</coordinates></Point></Placemark>
<Placemark><name>140493</name><description>AL01022033</description><styleUrl>#stPoste</styleUrl><Point><coordinates>-48.747348,-8.740737,0</coordinates></Point></Placemark>
<Placemark><name>932236</name><description>AL01022033</description><styleUrl>#stPoste</styleUrl><Point><coordinates>-48.763406,-8.729629,0</coordinates></Point></Placemark>
<Placemark><name>933811</name><description>AL01022033</description><styleUrl>#stPoste</styleUrl><Point><coordinates>-48.753473,-8.729891,0</coordinates></Point></Placemark>
<Placemark><name>936167</name><description>AL01022033</description><styleUrl>#stPoste</styleUrl><Point><coordinates>-48.763745,-8.729415,0</coordinates></Point></Placemark>
<Placemark><name>945813</name><description>AL01022033</description><styleUrl>#stPoste</styleUrl><Point><coordinates>-48.753426,-8.729239,0</coordinates></Point></Placemark>
<Placemark><name>947486</name><description>AL01022033</description><styleUrl>#stPoste</styleUrl><Point><coordinates>-48.752768,-8.737464,0</coordinates></Point></Placemark>
<Placemark><name>948063</name><description>AL01022033</description><styleUrl>#stPoste</styleUrl><Point><coordinates>-48.749776,-8.740186,0</coordinates></Point></Placemark>
<Placemark><name>949914</name><description>AL01022033</description><styleUrl>#stPoste</styleUrl><Point><coordinates>-48.76111,-8.732592,0</coordinates></Point></Placemark>
<Placemark><name>950705</name><description>AL01022033</description><styleUrl>#stPoste</styleUrl><Point><coordinates>-48.747304,-8.740284,0</coordinates></Point></Placemark>
<Placemark><name>1289570</name><description>AL01022033</description><styleUrl>#stPoste</styleUrl><Point><coordinates>-48.763133,-8.730433,0</coordinates></Point></Placemark>
<Placemark><name>1782497</name><description>AL01022033</description><styleUrl>#stPoste</styleUrl><Point><coordinates>-48.753501,-8.734504,0</coordinates></Point></Placemark>
<Placemark><name>1782637</name><description>AL01022033</description><styleUrl>#stPoste</styleUrl><Point><coordinates>-48.764797,-8.730165,0</coordinates></Point></Placemark>
<Placemark><name>1782737</name><description>AL01022033</description><styleUrl>#stPoste</styleUrl><Point><coordinates>-48.762944,-8.732418,0</coordinates></Point></Placemark>
<Placemark><name>1782922</name><description>AL01022033</description><styleUrl>#stPoste</styleUrl><Point><coordinates>-48.760894,-8.730171,0</coordinates></Point></Placemark>
<Placemark><name>1782936</name><description>AL01022033</description><styleUrl>#stPoste</styleUrl><Point><coordinates>-48.764968,-8.73142,0</coordinates></Point></Placemark>
<Placemark><name>1783030</name><description>AL01022033</description><styleUrl>#stPoste</styleUrl><Point><coordinates>-48.765713,-8.730605,0</coordinates></Point></Placemark>
<Placemark><name>1784794</name><description>AL01022033</description><styleUrl>#stPoste</styleUrl><Point><coordinates>-48.755396,-8.73054,0</coordinates></Point></Placemark>
<Placemark><name>1784805</name><description>AL01022033</description><styleUrl>#stPoste</styleUrl><Point><coordinates>-48.7539,-8.73116,0</coordinates></Point></Placemark>
<Placemark><name>1784932</name><description>AL01022033</description><styleUrl>#stPoste</styleUrl><Point><coordinates>-48.756172,-8.732887,0</coordinates></Point></Placemark>
<Placemark><name>1785063</name><description>AL01022033</description><styleUrl>#stPoste</styleUrl><Point><coordinates>-48.752949,-8.733744,0</coordinates></Point></Placemark>
<Placemark><name>1786263</name><description>AL01022033</description><styleUrl>#stPoste</styleUrl><Point><coordinates>-48.753014,-8.72799,0</coordinates></Point></Placemark>
<Placemark><name>1791177</name><description>AL01022033</description><styleUrl>#stPoste</styleUrl><Point><coordinates>-48.747182,-8.737504,0</coordinates></Point></Placemark>
<Placemark><name>1791389</name><description>AL01022033</description><styleUrl>#stPoste</styleUrl><Point><coordinates>-48.764798,-8.732173,0</coordinates></Point></Placemark>
<Placemark><name>1791391</name><description>AL01022033</description><styleUrl>#stPoste</styleUrl><Point><coordinates>-48.764529,-8.733239,0</coordinates></Point></Placemark>
<Placemark><name>1791474</name><description>AL01022033</description><styleUrl>#stPoste</styleUrl><Point><coordinates>-48.75571,-8.728374,0</coordinates></Point></Placemark>
<Placemark><name>1843545</name><description>AL01022033</description><styleUrl>#stPoste</styleUrl><Point><coordinates>-48.742769,-8.746314,0</coordinates></Point></Placemark>
<Placemark><name>1843616</name><description>AL01022033</description><styleUrl>#stPoste</styleUrl><Point><coordinates>-48.743249,-8.747485,0</coordinates></Point></Placemark>
<Placemark><name>1863398</name><description>AL01022033</description><styleUrl>#stPoste</styleUrl><Point><coordinates>-48.761827,-8.733108,0</coordinates></Point></Placemark>
<Placemark><name>1885774</name><description>AL01022033</description><styleUrl>#stPoste</styleUrl><Point><coordinates>-48.765333,-8.734975,0</coordinates></Point></Placemark>
<Placemark><name>1889077</name><description>AL01022033</description><styleUrl>#stPoste</styleUrl><Point><coordinates>-48.747375,-8.739632,0</coordinates></Point></Placemark>
<Placemark><name>42102704</name><description>AL01022033</description><styleUrl>#stPoste</styleUrl><Point><coordinates>-48.751632,-8.74298,0</coordinates></Point></Placemark>
<Placemark><name>56672265</name><description>AL01022033</description><styleUrl>#stPoste</styleUrl><Point><coordinates>-48.751208,-8.737395,0</coordinates></Point></Placemark>
<Placemark><name>116621</name><description>AL01022033</description><styleUrl>#stPoste</styleUrl><Point><coordinates>-48.764855,-8.724499,0</coordinates></Point></Placemark>
<Placemark><name>139773</name><description>AL01022033</description><styleUrl>#stPoste</styleUrl><Point><coordinates>-48.761164,-8.730944,0</coordinates></Point></Placemark>
<Placemark><name>298037</name><description>AL01022033</description><styleUrl>#stPoste</styleUrl><Point><coordinates>-48.756112,-8.741168,0</coordinates></Point></Placemark>
<Placemark><name>927173</name><description>AL01022033</description><styleUrl>#stPoste</styleUrl><Point><coordinates>-48.762704,-8.729764,0</coordinates></Point></Placemark>
<Placemark><name>932912</name><description>AL01022033</description><styleUrl>#stPoste</styleUrl><Point><coordinates>-48.761343,-8.730448,0</coordinates></Point></Placemark>
<Placemark><name>933808</name><description>AL01022033</description><styleUrl>#stPoste</styleUrl><Point><coordinates>-48.752276,-8.732504,0</coordinates></Point></Placemark>
<Placemark><name>943708</name><description>AL01022033</description><styleUrl>#stPoste</styleUrl><Point><coordinates>-48.749866,-8.734805,0</coordinates></Point></Placemark>
<Placemark><name>946711</name><description>AL01022033</description><styleUrl>#stPoste</styleUrl><Point><coordinates>-48.755297,-8.729288,0</coordinates></Point></Placemark>
<Placemark><name>948418</name><description>AL01022033</description><styleUrl>#stPoste</styleUrl><Point><coordinates>-48.753086,-8.742297,0</coordinates></Point></Placemark>
<Placemark><name>950882</name><description>AL01022033</description><styleUrl>#stPoste</styleUrl><Point><coordinates>-48.762372,-8.729245,0</coordinates></Point></Placemark>
<Placemark><name>951246</name><description>AL01022033</description><styleUrl>#stPoste</styleUrl><Point><coordinates>-48.762958,-8.730159,0</coordinates></Point></Placemark>
<Placemark><name>1121460</name><description>AL01022033</description><styleUrl>#stPoste</styleUrl><Point><coordinates>-48.746699,-8.745155,0</coordinates></Point></Placemark>
<Placemark><name>1121462</name><description>AL01022033</description><styleUrl>#stPoste</styleUrl><Point><coordinates>-48.746631,-8.745399,0</coordinates></Point></Placemark>
<Placemark><name>1289569</name><description>AL01022033</description><styleUrl>#stPoste</styleUrl><Point><coordinates>-48.763364,-8.731098,0</coordinates></Point></Placemark>
<Placemark><name>1782517</name><description>AL01022033</description><styleUrl>#stPoste</styleUrl><Point><coordinates>-48.765193,-8.734268,0</coordinates></Point></Placemark>
<Placemark><name>1782588</name><description>AL01022033</description><styleUrl>#stPoste</styleUrl><Point><coordinates>-48.762341,-8.730267,0</coordinates></Point></Placemark>
<Placemark><name>1782668</name><description>AL01022033</description><styleUrl>#stPoste</styleUrl><Point><coordinates>-48.752546,-8.728544,0</coordinates></Point></Placemark>
<Placemark><name>1782723</name><description>AL01022033</description><styleUrl>#stPoste</styleUrl><Point><coordinates>-48.755412,-8.733823,0</coordinates></Point></Placemark>
<Placemark><name>1782735</name><description>AL01022033</description><styleUrl>#stPoste</styleUrl><Point><coordinates>-48.763485,-8.73206,0</coordinates></Point></Placemark>
<Placemark><name>1782974</name><description>AL01022033</description><styleUrl>#stPoste</styleUrl><Point><coordinates>-48.754997,-8.733767,0</coordinates></Point></Placemark>
<Placemark><name>1784186</name><description>AL01022033</description><styleUrl>#stPoste</styleUrl><Point><coordinates>-48.755957,-8.735119,0</coordinates></Point></Placemark>
<Placemark><name>1785093</name><description>AL01022033</description><styleUrl>#stPoste</styleUrl><Point><coordinates>-48.753734,-8.732693,0</coordinates></Point></Placemark>
<Placemark><name>1786264</name><description>AL01022033</description><styleUrl>#stPoste</styleUrl><Point><coordinates>-48.754971,-8.728147,0</coordinates></Point></Placemark>
<Placemark><name>1790672</name><description>AL01022033</description><styleUrl>#stPoste</styleUrl><Point><coordinates>-48.760925,-8.731803,0</coordinates></Point></Placemark>
<Placemark><name>1790766</name><description>AL01022033</description><styleUrl>#stPoste</styleUrl><Point><coordinates>-48.760538,-8.729604,0</coordinates></Point></Placemark>
<Placemark><name>1791190</name><description>AL01022033</description><styleUrl>#stPoste</styleUrl><Point><coordinates>-48.750898,-8.7375,0</coordinates></Point></Placemark>
<Placemark><name>1791211</name><description>AL01022033</description><styleUrl>#stPoste</styleUrl><Point><coordinates>-48.761508,-8.732913,0</coordinates></Point></Placemark>
<Placemark><name>1791306</name><description>AL01022033</description><styleUrl>#stPoste</styleUrl><Point><coordinates>-48.76477,-8.72878,0</coordinates></Point></Placemark>
<Placemark><name>1791386</name><description>AL01022033</description><styleUrl>#stPoste</styleUrl><Point><coordinates>-48.76893,-8.727175,0</coordinates></Point></Placemark>
<Placemark><name>1791451</name><description>AL01022033</description><styleUrl>#stPoste</styleUrl><Point><coordinates>-48.766304,-8.727898,0</coordinates></Point></Placemark>
<Placemark><name>1791648</name><description>AL01022033</description><styleUrl>#stPoste</styleUrl><Point><coordinates>-48.755605,-8.742177,0</coordinates></Point></Placemark>
<Placemark><name>1842827</name><description>AL01022033</description><styleUrl>#stPoste</styleUrl><Point><coordinates>-48.746436,-8.744986,0</coordinates></Point></Placemark>
<Placemark><name>1889083</name><description>AL01022033</description><styleUrl>#stPoste</styleUrl><Point><coordinates>-48.748339,-8.739164,0</coordinates></Point></Placemark>
<Placemark><name>28971770</name><description>AL01022033</description><styleUrl>#stPoste</styleUrl><Point><coordinates>-48.747243,-8.741564,0</coordinates></Point></Placemark>
<Placemark><name>38650627</name><description>AL01022033</description><styleUrl>#stPoste</styleUrl><Point><coordinates>-48.761594,-8.728057,0</coordinates></Point></Placemark>
<Placemark><name>43838829</name><description>AL01022033</description><styleUrl>#stPoste</styleUrl><Point><coordinates>-48.751776,-8.738111,0</coordinates></Point></Placemark>
<Placemark><name>73706510</name><description>AL01022033</description><styleUrl>#stPoste</styleUrl><Point><coordinates>-48.752159,-8.743243,0</coordinates></Point></Placemark>
<Placemark><name>73706520</name><description>AL01022033</description><styleUrl>#stPoste</styleUrl><Point><coordinates>-48.752337,-8.742947,0</coordinates></Point></Placemark>
<Placemark><name>139784</name><description>AL01022033</description><styleUrl>#stPoste</styleUrl><Point><coordinates>-48.753701,-8.73201,0</coordinates></Point></Placemark>
<Placemark><name>934157</name><description>AL01022033</description><styleUrl>#stPoste</styleUrl><Point><coordinates>-48.7522,-8.734381,0</coordinates></Point></Placemark>
<Placemark><name>936061</name><description>AL01022033</description><styleUrl>#stPoste</styleUrl><Point><coordinates>-48.750214,-8.739269,0</coordinates></Point></Placemark>
<Placemark><name>947306</name><description>AL01022033</description><styleUrl>#stPoste</styleUrl><Point><coordinates>-48.762737,-8.728743,0</coordinates></Point></Placemark>
<Placemark><name>1121435</name><description>AL01022033</description><styleUrl>#stPoste</styleUrl><Point><coordinates>-48.746513,-8.743337,0</coordinates></Point></Placemark>
<Placemark><name>1130486</name><description>AL01022033</description><styleUrl>#stPoste</styleUrl><Point><coordinates>-48.742092,-8.747164,0</coordinates></Point></Placemark>
<Placemark><name>1292355</name><description>AL01022033</description><styleUrl>#stPoste</styleUrl><Point><coordinates>-48.754836,-8.742762,0</coordinates></Point></Placemark>
<Placemark><name>1299739</name><description>AL01022033</description><styleUrl>#stPoste</styleUrl><Point><coordinates>-48.747285,-8.745506,0</coordinates></Point></Placemark>
<Placemark><name>1306005</name><description>AL01022033</description><styleUrl>#stPoste</styleUrl><Point><coordinates>-48.750242,-8.746383,0</coordinates></Point></Placemark>
<Placemark><name>1782124</name><description>AL01022033</description><styleUrl>#stPoste</styleUrl><Point><coordinates>-48.747552,-8.745937,0</coordinates></Point></Placemark>
<Placemark><name>1782494</name><description>AL01022033</description><styleUrl>#stPoste</styleUrl><Point><coordinates>-48.75188,-8.735092,0</coordinates></Point></Placemark>
<Placemark><name>1782720</name><description>AL01022033</description><styleUrl>#stPoste</styleUrl><Point><coordinates>-48.751332,-8.728631,0</coordinates></Point></Placemark>
<Placemark><name>1784670</name><description>AL01022033</description><styleUrl>#stPoste</styleUrl><Point><coordinates>-48.755557,-8.732853,0</coordinates></Point></Placemark>
<Placemark><name>1784809</name><description>AL01022033</description><styleUrl>#stPoste</styleUrl><Point><coordinates>-48.749501,-8.73493,0</coordinates></Point></Placemark>
<Placemark><name>1784933</name><description>AL01022033</description><styleUrl>#stPoste</styleUrl><Point><coordinates>-48.756318,-8.733306,0</coordinates></Point></Placemark>
<Placemark><name>1785062</name><description>AL01022033</description><styleUrl>#stPoste</styleUrl><Point><coordinates>-48.752622,-8.733855,0</coordinates></Point></Placemark>
<Placemark><name>1785092</name><description>AL01022033</description><styleUrl>#stPoste</styleUrl><Point><coordinates>-48.753389,-8.732813,0</coordinates></Point></Placemark>
<Placemark><name>1785224</name><description>AL01022033</description><styleUrl>#stPoste</styleUrl><Point><coordinates>-48.753875,-8.733427,0</coordinates></Point></Placemark>
<Placemark><name>1785348</name><description>AL01022033</description><styleUrl>#stPoste</styleUrl><Point><coordinates>-48.754548,-8.730939,0</coordinates></Point></Placemark>
<Placemark><name>1785632</name><description>AL01022033</description><styleUrl>#stPoste</styleUrl><Point><coordinates>-48.753319,-8.73328,0</coordinates></Point></Placemark>
<Placemark><name>1785934</name><description>AL01022033</description><styleUrl>#stPoste</styleUrl><Point><coordinates>-48.753825,-8.734555,0</coordinates></Point></Placemark>
<Placemark><name>1786216</name><description>AL01022033</description><styleUrl>#stPoste</styleUrl><Point><coordinates>-48.749077,-8.740921,0</coordinates></Point></Placemark>
<Placemark><name>1790667</name><description>AL01022033</description><styleUrl>#stPoste</styleUrl><Point><coordinates>-48.758822,-8.732052,0</coordinates></Point></Placemark>
<Placemark><name>1790764</name><description>AL01022033</description><styleUrl>#stPoste</styleUrl><Point><coordinates>-48.760233,-8.730415,0</coordinates></Point></Placemark>
<Placemark><name>1791175</name><description>AL01022033</description><styleUrl>#stPoste</styleUrl><Point><coordinates>-48.747566,-8.737489,0</coordinates></Point></Placemark>
<Placemark><name>1791185</name><description>AL01022033</description><styleUrl>#stPoste</styleUrl><Point><coordinates>-48.752908,-8.736793,0</coordinates></Point></Placemark>
<Placemark><name>1791251</name><description>AL01022033</description><styleUrl>#stPoste</styleUrl><Point><coordinates>-48.753889,-8.742824,0</coordinates></Point></Placemark>
<Placemark><name>1791301</name><description>AL01022033</description><styleUrl>#stPoste</styleUrl><Point><coordinates>-48.763437,-8.733942,0</coordinates></Point></Placemark>
<Placemark><name>1791495</name><description>AL01022033</description><styleUrl>#stPoste</styleUrl><Point><coordinates>-48.749735,-8.74224,0</coordinates></Point></Placemark>
<Placemark><name>1817663</name><description>AL01022033</description><styleUrl>#stPoste</styleUrl><Point><coordinates>-48.762249,-8.730046,0</coordinates></Point></Placemark>
<Placemark><name>1842898</name><description>AL01022033</description><styleUrl>#stPoste</styleUrl><Point><coordinates>-48.74095,-8.744078,0</coordinates></Point></Placemark>
<Placemark><name>1842967</name><description>AL01022033</description><styleUrl>#stPoste</styleUrl><Point><coordinates>-48.741018,-8.744353,0</coordinates></Point></Placemark>
<Placemark><name>1843542</name><description>AL01022033</description><styleUrl>#stPoste</styleUrl><Point><coordinates>-48.743202,-8.746848,0</coordinates></Point></Placemark>
<Placemark><name>1843613</name><description>AL01022033</description><styleUrl>#stPoste</styleUrl><Point><coordinates>-48.742004,-8.747214,0</coordinates></Point></Placemark>
<Placemark><name>1843683</name><description>AL01022033</description><styleUrl>#stPoste</styleUrl><Point><coordinates>-48.74618,-8.746668,0</coordinates></Point></Placemark>
<Placemark><name>73706516</name><description>AL01022033</description><styleUrl>#stPoste</styleUrl><Point><coordinates>-48.751998,-8.743072,0</coordinates></Point></Placemark>
<Placemark><name>74518082</name><description>AL01022033</description><styleUrl>#stPoste</styleUrl><Point><coordinates>-48.756514,-8.731727,0</coordinates></Point></Placemark>
<Placemark><name>139785</name><description>AL01022033</description><styleUrl>#stPoste</styleUrl><Point><coordinates>-48.754009,-8.730882,0</coordinates></Point></Placemark>
<Placemark><name>946645</name><description>AL01022033</description><styleUrl>#stPoste</styleUrl><Point><coordinates>-48.762235,-8.731962,0</coordinates></Point></Placemark>
<Placemark><name>948735</name><description>AL01022033</description><styleUrl>#stPoste</styleUrl><Point><coordinates>-48.753524,-8.74213,0</coordinates></Point></Placemark>
<Placemark><name>950682</name><description>AL01022033</description><styleUrl>#stPoste</styleUrl><Point><coordinates>-48.749119,-8.740428,0</coordinates></Point></Placemark>
<Placemark><name>950710</name><description>AL01022033</description><styleUrl>#stPoste</styleUrl><Point><coordinates>-48.746977,-8.742068,0</coordinates></Point></Placemark>
<Placemark><name>1283204</name><description>AL01022033</description><styleUrl>#stPoste</styleUrl><Point><coordinates>-48.763063,-8.729837,0</coordinates></Point></Placemark>
<Placemark><name>1782093</name><description>AL01022033</description><styleUrl>#stPoste</styleUrl><Point><coordinates>-48.747499,-8.746736,0</coordinates></Point></Placemark>
<Placemark><name>1782543</name><description>AL01022033</description><styleUrl>#stPoste</styleUrl><Point><coordinates>-48.763836,-8.729653,0</coordinates></Point></Placemark>
<Placemark><name>1782870</name><description>AL01022033</description><styleUrl>#stPoste</styleUrl><Point><coordinates>-48.754751,-8.733046,0</coordinates></Point></Placemark>
<Placemark><name>1783026</name><description>AL01022033</description><styleUrl>#stPoste</styleUrl><Point><coordinates>-48.76509,-8.729602,0</coordinates></Point></Placemark>
<Placemark><name>1783027</name><description>AL01022033</description><styleUrl>#stPoste</styleUrl><Point><coordinates>-48.765253,-8.729859,0</coordinates></Point></Placemark>
<Placemark><name>1784179</name><description>AL01022033</description><styleUrl>#stPoste</styleUrl><Point><coordinates>-48.752223,-8.730931,0</coordinates></Point></Placemark>
<Placemark><name>1785074</name><description>AL01022033</description><styleUrl>#stPoste</styleUrl><Point><coordinates>-48.753591,-8.733851,0</coordinates></Point></Placemark>
<Placemark><name>1785223</name><description>AL01022033</description><styleUrl>#stPoste</styleUrl><Point><coordinates>-48.753521,-8.733548,0</coordinates></Point></Placemark>
<Placemark><name>1785901</name><description>AL01022033</description><styleUrl>#stPoste</styleUrl><Point><coordinates>-48.7537,-8.728866,0</coordinates></Point></Placemark>
<Placemark><name>1786188</name><description>AL01022033</description><styleUrl>#stPoste</styleUrl><Point><coordinates>-48.757496,-8.734597,0</coordinates></Point></Placemark>
<Placemark><name>1786278</name><description>AL01022033</description><styleUrl>#stPoste</styleUrl><Point><coordinates>-48.748955,-8.742953,0</coordinates></Point></Placemark>
<Placemark><name>1790718</name><description>AL01022033</description><styleUrl>#stPoste</styleUrl><Point><coordinates>-48.756917,-8.741053,0</coordinates></Point></Placemark>
<Placemark><name>1790719</name><description>AL01022033</description><styleUrl>#stPoste</styleUrl><Point><coordinates>-48.756828,-8.740823,0</coordinates></Point></Placemark>
<Placemark><name>1790767</name><description>AL01022033</description><styleUrl>#stPoste</styleUrl><Point><coordinates>-48.760733,-8.7294,0</coordinates></Point></Placemark>
<Placemark><name>1790845</name><description>AL01022033</description><styleUrl>#stPoste</styleUrl><Point><coordinates>-48.762883,-8.73304,0</coordinates></Point></Placemark>
<Placemark><name>1791167</name><description>AL01022033</description><styleUrl>#stPoste</styleUrl><Point><coordinates>-48.74949,-8.736036,0</coordinates></Point></Placemark>
<Placemark><name>1791349</name><description>AL01022033</description><styleUrl>#stPoste</styleUrl><Point><coordinates>-48.747135,-8.73904,0</coordinates></Point></Placemark>
<Placemark><name>1791458</name><description>AL01022033</description><styleUrl>#stPoste</styleUrl><Point><coordinates>-48.758539,-8.728474,0</coordinates></Point></Placemark>
<Placemark><name>1791571</name><description>AL01022033</description><styleUrl>#stPoste</styleUrl><Point><coordinates>-48.760348,-8.730793,0</coordinates></Point></Placemark>
<Placemark><name>1791624</name><description>AL01022033</description><styleUrl>#stPoste</styleUrl><Point><coordinates>-48.759274,-8.729306,0</coordinates></Point></Placemark>
<Placemark><name>1842824</name><description>AL01022033</description><styleUrl>#stPoste</styleUrl><Point><coordinates>-48.746613,-8.745626,0</coordinates></Point></Placemark>
<Placemark><name>1842890</name><description>AL01022033</description><styleUrl>#stPoste</styleUrl><Point><coordinates>-48.740233,-8.746808,0</coordinates></Point></Placemark>
<Placemark><name>1842959</name><description>AL01022033</description><styleUrl>#stPoste</styleUrl><Point><coordinates>-48.740659,-8.743742,0</coordinates></Point></Placemark>
<Placemark><name>1842966</name><description>AL01022033</description><styleUrl>#stPoste</styleUrl><Point><coordinates>-48.740848,-8.744326,0</coordinates></Point></Placemark>
<Placemark><name>1842978</name><description>AL01022033</description><styleUrl>#stPoste</styleUrl><Point><coordinates>-48.741546,-8.745256,0</coordinates></Point></Placemark>
<Placemark><name>1843634</name><description>AL01022033</description><styleUrl>#stPoste</styleUrl><Point><coordinates>-48.745965,-8.747316,0</coordinates></Point></Placemark>
<Placemark><name>1889078</name><description>AL01022033</description><styleUrl>#stPoste</styleUrl><Point><coordinates>-48.747477,-8.738952,0</coordinates></Point></Placemark>
<Placemark><name>1889079</name><description>AL01022033</description><styleUrl>#stPoste</styleUrl><Point><coordinates>-48.747675,-8.739699,0</coordinates></Point></Placemark>
<Placemark><name>29371832</name><description>AL01022033</description><styleUrl>#stPoste</styleUrl><Point><coordinates>-48.741201,-8.74466,0</coordinates></Point></Placemark>
<Placemark><name>40535425</name><description>AL01022033</description><styleUrl>#stPoste</styleUrl><Point><coordinates>-48.757597,-8.741431,0</coordinates></Point></Placemark>
<Placemark><name>73788306</name><description>AL01022033</description><styleUrl>#stPoste</styleUrl><Point><coordinates>-48.748897,-8.736909,0</coordinates></Point></Placemark>
<Placemark><name>947117</name><description>AL01022033</description><styleUrl>#stPoste</styleUrl><Point><coordinates>-48.74996,-8.73842,0</coordinates></Point></Placemark>
<Placemark><name>947445</name><description>AL01022033</description><styleUrl>#stPoste</styleUrl><Point><coordinates>-48.749118,-8.740189,0</coordinates></Point></Placemark>
<Placemark><name>947485</name><description>AL01022033</description><styleUrl>#stPoste</styleUrl><Point><coordinates>-48.752438,-8.737586,0</coordinates></Point></Placemark>
<Placemark><name>949282</name><description>AL01022033</description><styleUrl>#stPoste</styleUrl><Point><coordinates>-48.76442,-8.730551,0</coordinates></Point></Placemark>
<Placemark><name>949744</name><description>AL01022033</description><styleUrl>#stPoste</styleUrl><Point><coordinates>-48.750452,-8.73832,0</coordinates></Point></Placemark>
<Placemark><name>949976</name><description>AL01022033</description><styleUrl>#stPoste</styleUrl><Point><coordinates>-48.762655,-8.730708,0</coordinates></Point></Placemark>
<Placemark><name>950559</name><description>AL01022033</description><styleUrl>#stPoste</styleUrl><Point><coordinates>-48.763931,-8.731638,0</coordinates></Point></Placemark>
<Placemark><name>950903</name><description>AL01022033</description><styleUrl>#stPoste</styleUrl><Point><coordinates>-48.762562,-8.731619,0</coordinates></Point></Placemark>
<Placemark><name>1090302</name><description>AL01022033</description><styleUrl>#stPoste</styleUrl><Point><coordinates>-48.758345,-8.731903,0</coordinates></Point></Placemark>
<Placemark><name>1121451</name><description>AL01022033</description><styleUrl>#stPoste</styleUrl><Point><coordinates>-48.746047,-8.747669,0</coordinates></Point></Placemark>
<Placemark><name>1121765</name><description>AL01022033</description><styleUrl>#stPoste</styleUrl><Point><coordinates>-48.746712,-8.744032,0</coordinates></Point></Placemark>
<Placemark><name>1130489</name><description>AL01022033</description><styleUrl>#stPoste</styleUrl><Point><coordinates>-48.744703,-8.747666,0</coordinates></Point></Placemark>
<Placemark><name>1299406</name><description>AL01022033</description><styleUrl>#stPoste</styleUrl><Point><coordinates>-48.748757,-8.745847,0</coordinates></Point></Placemark>
<Placemark><name>1782638</name><description>AL01022033</description><styleUrl>#stPoste</styleUrl><Point><coordinates>-48.76431,-8.731514,0</coordinates></Point></Placemark>
<Placemark><name>1782643</name><description>AL01022033</description><styleUrl>#stPoste</styleUrl><Point><coordinates>-48.762515,-8.730485,0</coordinates></Point></Placemark>
<Placemark><name>1782926</name><description>AL01022033</description><styleUrl>#stPoste</styleUrl><Point><coordinates>-48.763418,-8.734132,0</coordinates></Point></Placemark>
<Placemark><name>1784183</name><description>AL01022033</description><styleUrl>#stPoste</styleUrl><Point><coordinates>-48.752938,-8.731487,0</coordinates></Point></Placemark>
<Placemark><name>1785078</name><description>AL01022033</description><styleUrl>#stPoste</styleUrl><Point><coordinates>-48.754674,-8.727093,0</coordinates></Point></Placemark>
<Placemark><name>1785634</name><description>AL01022033</description><styleUrl>#stPoste</styleUrl><Point><coordinates>-48.753046,-8.732709,0</coordinates></Point></Placemark>
<Placemark><name>1786240</name><description>AL01022033</description><styleUrl>#stPoste</styleUrl><Point><coordinates>-48.758718,-8.728795,0</coordinates></Point></Placemark>
<Placemark><name>1786281</name><description>AL01022033</description><styleUrl>#stPoste</styleUrl><Point><coordinates>-48.75064,-8.736972,0</coordinates></Point></Placemark>
<Placemark><name>1790630</name><description>AL01022033</description><styleUrl>#stPoste</styleUrl><Point><coordinates>-48.750342,-8.73708,0</coordinates></Point></Placemark>
<Placemark><name>1790686</name><description>AL01022033</description><styleUrl>#stPoste</styleUrl><Point><coordinates>-48.756828,-8.728783,0</coordinates></Point></Placemark>
<Placemark><name>1790859</name><description>AL01022033</description><styleUrl>#stPoste</styleUrl><Point><coordinates>-48.749702,-8.740723,0</coordinates></Point></Placemark>
<Placemark><name>1791256</name><description>AL01022033</description><styleUrl>#stPoste</styleUrl><Point><coordinates>-48.753244,-8.742169,0</coordinates></Point></Placemark>
<Placemark><name>1791446</name><description>AL01022033</description><styleUrl>#stPoste</styleUrl><Point><coordinates>-48.767819,-8.727413,0</coordinates></Point></Placemark>
<Placemark><name>1791453</name><description>AL01022033</description><styleUrl>#stPoste</styleUrl><Point><coordinates>-48.7657,-8.72823,0</coordinates></Point></Placemark>
<Placemark><name>1791457</name><description>AL01022033</description><styleUrl>#stPoste</styleUrl><Point><coordinates>-48.75853,-8.728772,0</coordinates></Point></Placemark>
<Placemark><name>1791573</name><description>AL01022033</description><styleUrl>#stPoste</styleUrl><Point><coordinates>-48.75829,-8.732244,0</coordinates></Point></Placemark>
<Placemark><name>1842895</name><description>AL01022033</description><styleUrl>#stPoste</styleUrl><Point><coordinates>-48.742346,-8.746288,0</coordinates></Point></Placemark>
<Placemark><name>1843614</name><description>AL01022033</description><styleUrl>#stPoste</styleUrl><Point><coordinates>-48.743716,-8.746549,0</coordinates></Point></Placemark>
<Placemark><name>1843622</name><description>AL01022033</description><styleUrl>#stPoste</styleUrl><Point><coordinates>-48.744598,-8.746248,0</coordinates></Point></Placemark>
<Placemark><name>1886040</name><description>AL01022033</description><styleUrl>#stPoste</styleUrl><Point><coordinates>-48.763884,-8.727914,0</coordinates></Point></Placemark>
<Placemark><name>1889081</name><description>AL01022033</description><styleUrl>#stPoste</styleUrl><Point><coordinates>-48.747136,-8.739561,0</coordinates></Point></Placemark>
<Placemark><name>1894995</name><description>AL01022033</description><styleUrl>#stPoste</styleUrl><Point><coordinates>-48.749722,-8.735568,0</coordinates></Point></Placemark>
<Placemark><name>38191615</name><description>AL01022033</description><styleUrl>#stPoste</styleUrl><Point><coordinates>-48.752386,-8.731289,0</coordinates></Point></Placemark>
<Placemark><name>47569296</name><description>AL01022033</description><styleUrl>#stPoste</styleUrl><Point><coordinates>-48.754695,-8.731665,0</coordinates></Point></Placemark>
<Placemark><name>55929361</name><description>AL01022033</description><styleUrl>#stPoste</styleUrl><Point><coordinates>-48.746887,-8.747007,0</coordinates></Point></Placemark>
<Placemark><name>73788174</name><description>AL01022033</description><styleUrl>#stPoste</styleUrl><Point><coordinates>-48.74823,-8.737424,0</coordinates></Point></Placemark>
<Placemark><name>74518089</name><description>AL01022033</description><styleUrl>#stPoste</styleUrl><Point><coordinates>-48.756853,-8.731605,0</coordinates></Point></Placemark>
<Placemark><name>139791</name><description>AL01022033</description><styleUrl>#stPoste</styleUrl><Point><coordinates>-48.751913,-8.733629,0</coordinates></Point></Placemark>
<Placemark><name>932966</name><description>AL01022033</description><styleUrl>#stPoste</styleUrl><Point><coordinates>-48.75485,-8.729436,0</coordinates></Point></Placemark>
<Placemark><name>942613</name><description>AL01022033</description><styleUrl>#stPoste</styleUrl><Point><coordinates>-48.756926,-8.730296,0</coordinates></Point></Placemark>
<Placemark><name>947103</name><description>AL01022033</description><styleUrl>#stPoste</styleUrl><Point><coordinates>-48.754405,-8.74017,0</coordinates></Point></Placemark>
<Placemark><name>947398</name><description>AL01022033</description><styleUrl>#stPoste</styleUrl><Point><coordinates>-48.754494,-8.734947,0</coordinates></Point></Placemark>
<Placemark><name>948257</name><description>AL01022033</description><styleUrl>#stPoste</styleUrl><Point><coordinates>-48.758844,-8.73021,0</coordinates></Point></Placemark>
<Placemark><name>948738</name><description>AL01022033</description><styleUrl>#stPoste</styleUrl><Point><coordinates>-48.754771,-8.74166,0</coordinates></Point></Placemark>
<Placemark><name>950680</name><description>AL01022033</description><styleUrl>#stPoste</styleUrl><Point><coordinates>-48.749374,-8.740993,0</coordinates></Point></Placemark>
<Placemark><name>1068807</name><description>AL01022033</description><styleUrl>#stPoste</styleUrl><Point><coordinates>-48.761821,-8.729348,0</coordinates></Point></Placemark>
<Placemark><name>1121437</name><description>AL01022033</description><styleUrl>#stPoste</styleUrl><Point><coordinates>-48.7468,-8.742775,0</coordinates></Point></Placemark>
<Placemark><name>1130484</name><description>AL01022033</description><styleUrl>#stPoste</styleUrl><Point><coordinates>-48.742835,-8.747327,0</coordinates></Point></Placemark>
<Placemark><name>1299405</name><description>AL01022033</description><styleUrl>#stPoste</styleUrl><Point><coordinates>-48.74698,-8.745437,0</coordinates></Point></Placemark>
<Placemark><name>1782430</name><description>AL01022033</description><styleUrl>#stPoste</styleUrl><Point><coordinates>-48.760512,-8.729019,0</coordinates></Point></Placemark>
<Placemark><name>1782499</name><description>AL01022033</description><styleUrl>#stPoste</styleUrl><Point><coordinates>-48.754107,-8.734286,0</coordinates></Point></Placemark>
<Placemark><name>1782502</name><description>AL01022033</description><styleUrl>#stPoste</styleUrl><Point><coordinates>-48.755114,-8.733929,0</coordinates></Point></Placemark>
<Placemark><name>1782733</name><description>AL01022033</description><styleUrl>#stPoste</styleUrl><Point><coordinates>-48.761389,-8.729299,0</coordinates></Point></Placemark>
<Placemark><name>1785066</name><description>AL01022033</description><styleUrl>#stPoste</styleUrl><Point><coordinates>-48.756235,-8.732621,0</coordinates></Point></Placemark>
<Placemark><name>1785350</name><description>AL01022033</description><styleUrl>#stPoste</styleUrl><Point><coordinates>-48.755264,-8.730695,0</coordinates></Point></Placemark>
<Placemark><name>1785912</name><description>AL01022033</description><styleUrl>#stPoste</styleUrl><Point><coordinates>-48.757157,-8.732292,0</coordinates></Point></Placemark>
<Placemark><name>1786050</name><description>AL01022033</description><styleUrl>#stPoste</styleUrl><Point><coordinates>-48.75437,-8.730232,0</coordinates></Point></Placemark>
<Placemark><name>1786244</name><description>AL01022033</description><styleUrl>#stPoste</styleUrl><Point><coordinates>-48.76002,-8.728359,0</coordinates></Point></Placemark>
<Placemark><name>1786248</name><description>AL01022033</description><styleUrl>#stPoste</styleUrl><Point><coordinates>-48.759616,-8.731822,0</coordinates></Point></Placemark>
<Placemark><name>1790619</name><description>AL01022033</description><styleUrl>#stPoste</styleUrl><Point><coordinates>-48.749504,-8.737381,0</coordinates></Point></Placemark>
<Placemark><name>1790839</name><description>AL01022033</description><styleUrl>#stPoste</styleUrl><Point><coordinates>-48.760348,-8.733821,0</coordinates></Point></Placemark>
<Placemark><name>1790892</name><description>AL01022033</description><styleUrl>#stPoste</styleUrl><Point><coordinates>-48.74792,-8.741119,0</coordinates></Point></Placemark>
<Placemark><name>1791178</name><description>AL01022033</description><styleUrl>#stPoste</styleUrl><Point><coordinates>-48.746906,-8.737542,0</coordinates></Point></Placemark>
<Placemark><name>1791213</name><description>AL01022033</description><styleUrl>#stPoste</styleUrl><Point><coordinates>-48.757992,-8.729755,0</coordinates></Point></Placemark>
<Placemark><name>1791249</name><description>AL01022033</description><styleUrl>#stPoste</styleUrl><Point><coordinates>-48.753379,-8.743017,0</coordinates></Point></Placemark>
<Placemark><name>1791275</name><description>AL01022033</description><styleUrl>#stPoste</styleUrl><Point><coordinates>-48.750407,-8.737512,0</coordinates></Point></Placemark>
<Placemark><name>1791360</name><description>AL01022033</description><styleUrl>#stPoste</styleUrl><Point><coordinates>-48.748304,-8.743805,0</coordinates></Point></Placemark>
<Placemark><name>1791390</name><description>AL01022033</description><styleUrl>#stPoste</styleUrl><Point><coordinates>-48.764345,-8.728422,0</coordinates></Point></Placemark>
<Placemark><name>1791450</name><description>AL01022033</description><styleUrl>#stPoste</styleUrl><Point><coordinates>-48.766576,-8.727779,0</coordinates></Point></Placemark>
<Placemark><name>1835518</name><description>AL01022033</description><styleUrl>#stPoste</styleUrl><Point><coordinates>-48.757832,-8.74086,0</coordinates></Point></Placemark>
<Placemark><name>1842830</name><description>AL01022033</description><styleUrl>#stPoste</styleUrl><Point><coordinates>-48.74587,-8.744391,0</coordinates></Point></Placemark>
<Placemark><name>1842963</name><description>AL01022033</description><styleUrl>#stPoste</styleUrl><Point><coordinates>-48.741316,-8.746392,0</coordinates></Point></Placemark>
<Placemark><name>1843539</name><description>AL01022033</description><styleUrl>#stPoste</styleUrl><Point><coordinates>-48.742215,-8.746612,0</coordinates></Point></Placemark>
<Placemark><name>44816479</name><description>AL01022033</description><styleUrl>#stPoste</styleUrl><Point><coordinates>-48.758495,-8.730057,0</coordinates></Point></Placemark>
<Placemark><name>51399402</name><description>AL01022033</description><styleUrl>#stPoste</styleUrl><Point><coordinates>-48.750107,-8.736548,0</coordinates></Point></Placemark>
<Placemark><name>139806</name><description>AL01022033</description><styleUrl>#stPoste</styleUrl><Point><coordinates>-48.753875,-8.738768,0</coordinates></Point></Placemark>
<Placemark><name>933129</name><description>AL01022033</description><styleUrl>#stPoste</styleUrl><Point><coordinates>-48.752455,-8.735032,0</coordinates></Point></Placemark>
<Placemark><name>933807</name><description>AL01022033</description><styleUrl>#stPoste</styleUrl><Point><coordinates>-48.75416,-8.729664,0</coordinates></Point></Placemark>
<Placemark><name>944485</name><description>AL01022033</description><styleUrl>#stPoste</styleUrl><Point><coordinates>-48.750871,-8.734458,0</coordinates></Point></Placemark>
<Placemark><name>944487</name><description>AL01022033</description><styleUrl>#stPoste</styleUrl><Point><coordinates>-48.751534,-8.734229,0</coordinates></Point></Placemark>
<Placemark><name>947116</name><description>AL01022033</description><styleUrl>#stPoste</styleUrl><Point><coordinates>-48.749809,-8.738558,0</coordinates></Point></Placemark>
<Placemark><name>947397</name><description>AL01022033</description><styleUrl>#stPoste</styleUrl><Point><coordinates>-48.754223,-8.735043,0</coordinates></Point></Placemark>
<Placemark><name>947747</name><description>AL01022033</description><styleUrl>#stPoste</styleUrl><Point><coordinates>-48.751451,-8.737246,0</coordinates></Point></Placemark>
<Placemark><name>948736</name><description>AL01022033</description><styleUrl>#stPoste</styleUrl><Point><coordinates>-48.753959,-8.741968,0</coordinates></Point></Placemark>
<Placemark><name>950555</name><description>AL01022033</description><styleUrl>#stPoste</styleUrl><Point><coordinates>-48.764522,-8.732529,0</coordinates></Point></Placemark>
<Placemark><name>950557</name><description>AL01022033</description><styleUrl>#stPoste</styleUrl><Point><coordinates>-48.764124,-8.731929,0</coordinates></Point></Placemark>
<Placemark><name>950881</name><description>AL01022033</description><styleUrl>#stPoste</styleUrl><Point><coordinates>-48.762177,-8.728941,0</coordinates></Point></Placemark>
<Placemark><name>951762</name><description>AL01022033</description><styleUrl>#stPoste</styleUrl><Point><coordinates>-48.754971,-8.742172,0</coordinates></Point></Placemark>
<Placemark><name>1165473</name><description>AL01022033</description><styleUrl>#stPoste</styleUrl><Point><coordinates>-48.750192,-8.746634,0</coordinates></Point></Placemark>
<Placemark><name>1782495</name><description>AL01022033</description><styleUrl>#stPoste</styleUrl><Point><coordinates>-48.752167,-8.734988,0</coordinates></Point></Placemark>
<Placemark><name>1782513</name><description>AL01022033</description><styleUrl>#stPoste</styleUrl><Point><coordinates>-48.760272,-8.728955,0</coordinates></Point></Placemark>
<Placemark><name>1782719</name><description>AL01022033</description><styleUrl>#stPoste</styleUrl><Point><coordinates>-48.751662,-8.72869,0</coordinates></Point></Placemark>
<Placemark><name>1782871</name><description>AL01022033</description><styleUrl>#stPoste</styleUrl><Point><coordinates>-48.754875,-8.733408,0</coordinates></Point></Placemark>
<Placemark><name>1784804</name><description>AL01022033</description><styleUrl>#stPoste</styleUrl><Point><coordinates>-48.753531,-8.731285,0</coordinates></Point></Placemark>
<Placemark><name>1784927</name><description>AL01022033</description><styleUrl>#stPoste</styleUrl><Point><coordinates>-48.753074,-8.733962,0</coordinates></Point></Placemark>
<Placemark><name>1784928</name><description>AL01022033</description><styleUrl>#stPoste</styleUrl><Point><coordinates>-48.755806,-8.731799,0</coordinates></Point></Placemark>
<Placemark><name>1786041</name><description>AL01022033</description><styleUrl>#stPoste</styleUrl><Point><coordinates>-48.756081,-8.732918,0</coordinates></Point></Placemark>
<Placemark><name>1786218</name><description>AL01022033</description><styleUrl>#stPoste</styleUrl><Point><coordinates>-48.7485,-8.741099,0</coordinates></Point></Placemark>
<Placemark><name>1786242</name><description>AL01022033</description><styleUrl>#stPoste</styleUrl><Point><coordinates>-48.759374,-8.728575,0</coordinates></Point></Placemark>
<Placemark><name>1790670</name><description>AL01022033</description><styleUrl>#stPoste</styleUrl><Point><coordinates>-48.761315,-8.732547,0</coordinates></Point></Placemark>
<Placemark><name>1790680</name><description>AL01022033</description><styleUrl>#stPoste</styleUrl><Point><coordinates>-48.752934,-8.727737,0</coordinates></Point></Placemark>
<Placemark><name>1790790</name><description>AL01022033</description><styleUrl>#stPoste</styleUrl><Point><coordinates>-48.751196,-8.736566,0</coordinates></Point></Placemark>
<Placemark><name>1790856</name><description>AL01022033</description><styleUrl>#stPoste</styleUrl><Point><coordinates>-48.749894,-8.741414,0</coordinates></Point></Placemark>
<Placemark><name>1790858</name><description>AL01022033</description><styleUrl>#stPoste</styleUrl><Point><coordinates>-48.749562,-8.740772,0</coordinates></Point></Placemark>
<Placemark><name>1790930</name><description>AL01022033</description><styleUrl>#stPoste</styleUrl><Point><coordinates>-48.759619,-8.730631,0</coordinates></Point></Placemark>
<Placemark><name>1791176</name><description>AL01022033</description><styleUrl>#stPoste</styleUrl><Point><coordinates>-48.747456,-8.737577,0</coordinates></Point></Placemark>
<Placemark><name>1791284</name><description>AL01022033</description><styleUrl>#stPoste</styleUrl><Point><coordinates>-48.754272,-8.727227,0</coordinates></Point></Placemark>
<Placemark><name>1791498</name><description>AL01022033</description><styleUrl>#stPoste</styleUrl><Point><coordinates>-48.746933,-8.741496,0</coordinates></Point></Placemark>
<Placemark><name>1842821</name><description>AL01022033</description><styleUrl>#stPoste</styleUrl><Point><coordinates>-48.745471,-8.745307,0</coordinates></Point></Placemark>
<Placemark><name>1843678</name><description>AL01022033</description><styleUrl>#stPoste</styleUrl><Point><coordinates>-48.743525,-8.746933,0</coordinates></Point></Placemark>
<Placemark><name>1888015</name><description>AL01022033</description><styleUrl>#stPoste</styleUrl><Point><coordinates>-48.754576,-8.726676,0</coordinates></Point></Placemark>
<Placemark><name>29986306</name><description>AL01022033</description><styleUrl>#stPoste</styleUrl><Point><coordinates>-48.754665,-8.732795,0</coordinates></Point></Placemark>
<Placemark><name>38191593</name><description>AL01022033</description><styleUrl>#stPoste</styleUrl><Point><coordinates>-48.752585,-8.731747,0</coordinates></Point></Placemark>
<Placemark><name>73706528</name><description>AL01022033</description><styleUrl>#stPoste</styleUrl><Point><coordinates>-48.752015,-8.74288,0</coordinates></Point></Placemark>
<Placemark><name>73788183</name><description>AL01022033</description><styleUrl>#stPoste</styleUrl><Point><coordinates>-48.748366,-8.737226,0</coordinates></Point></Placemark>
<Placemark><name>139775</name><description>AL01022033</description><styleUrl>#stPoste</styleUrl><Point><coordinates>-48.758301,-8.733592,0</coordinates></Point></Placemark>
<Placemark><name>140491</name><description>AL01022033</description><styleUrl>#stPoste</styleUrl><Point><coordinates>-48.747933,-8.738613,0</coordinates></Point></Placemark>
<Placemark><name>943694</name><description>AL01022033</description><styleUrl>#stPoste</styleUrl><Point><coordinates>-48.756963,-8.730405,0</coordinates></Point></Placemark>
<Placemark><name>1121441</name><description>AL01022033</description><styleUrl>#stPoste</styleUrl><Point><coordinates>-48.740849,-8.746621,0</coordinates></Point></Placemark>
<Placemark><name>1121763</name><description>AL01022033</description><styleUrl>#stPoste</styleUrl><Point><coordinates>-48.747039,-8.744119,0</coordinates></Point></Placemark>
<Placemark><name>1782094</name><description>AL01022033</description><styleUrl>#stPoste</styleUrl><Point><coordinates>-48.747142,-8.746997,0</coordinates></Point></Placemark>
<Placemark><name>1782451</name><description>AL01022033</description><styleUrl>#stPoste</styleUrl><Point><coordinates>-48.753193,-8.734616,0</coordinates></Point></Placemark>
<Placemark><name>1782670</name><description>AL01022033</description><styleUrl>#stPoste</styleUrl><Point><coordinates>-48.751955,-8.728699,0</coordinates></Point></Placemark>
<Placemark><name>1782928</name><description>AL01022033</description><styleUrl>#stPoste</styleUrl><Point><coordinates>-48.763424,-8.734392,0</coordinates></Point></Placemark>
<Placemark><name>1783018</name><description>AL01022033</description><styleUrl>#stPoste</styleUrl><Point><coordinates>-48.758726,-8.730946,0</coordinates></Point></Placemark>
<Placemark><name>1784182</name><description>AL01022033</description><styleUrl>#stPoste</styleUrl><Point><coordinates>-48.752681,-8.731575,0</coordinates></Point></Placemark>
<Placemark><name>1784189</name><description>AL01022033</description><styleUrl>#stPoste</styleUrl><Point><coordinates>-48.754291,-8.735684,0</coordinates></Point></Placemark>
<Placemark><name>1784196</name><description>AL01022033</description><styleUrl>#stPoste</styleUrl><Point><coordinates>-48.755498,-8.732081,0</coordinates></Point></Placemark>
<Placemark><name>1784293</name><description>AL01022033</description><styleUrl>#stPoste</styleUrl><Point><coordinates>-48.756539,-8.733941,0</coordinates></Point></Placemark>
<Placemark><name>1785079</name><description>AL01022033</description><styleUrl>#stPoste</styleUrl><Point><coordinates>-48.754841,-8.727689,0</coordinates></Point></Placemark>
<Placemark><name>1790699</name><description>AL01022033</description><styleUrl>#stPoste</styleUrl><Point><coordinates>-48.74808,-8.741272,0</coordinates></Point></Placemark>
<Placemark><name>1790848</name><description>AL01022033</description><styleUrl>#stPoste</styleUrl><Point><coordinates>-48.763282,-8.73366,0</coordinates></Point></Placemark>
<Placemark><name>1790869</name><description>AL01022033</description><styleUrl>#stPoste</styleUrl><Point><coordinates>-48.748376,-8.743127,0</coordinates></Point></Placemark>
<Placemark><name>1791274</name><description>AL01022033</description><styleUrl>#stPoste</styleUrl><Point><coordinates>-48.750494,-8.737732,0</coordinates></Point></Placemark>
<Placemark><name>1791385</name><description>AL01022033</description><styleUrl>#stPoste</styleUrl><Point><coordinates>-48.76337,-8.732995,0</coordinates></Point></Placemark>
<Placemark><name>1791449</name><description>AL01022033</description><styleUrl>#stPoste</styleUrl><Point><coordinates>-48.766867,-8.727666,0</coordinates></Point></Placemark>
<Placemark><name>1791475</name><description>AL01022033</description><styleUrl>#stPoste</styleUrl><Point><coordinates>-48.755404,-8.728467,0</coordinates></Point></Placemark>
<Placemark><name>1791496</name><description>AL01022033</description><styleUrl>#stPoste</styleUrl><Point><coordinates>-48.749643,-8.741922,0</coordinates></Point></Placemark>
<Placemark><name>1842776</name><description>AL01022033</description><styleUrl>#stPoste</styleUrl><Point><coordinates>-48.744984,-8.746349,0</coordinates></Point></Placemark>
<Placemark><name>1842822</name><description>AL01022033</description><styleUrl>#stPoste</styleUrl><Point><coordinates>-48.745845,-8.745409,0</coordinates></Point></Placemark>
<Placemark><name>1870215</name><description>AL01022033</description><styleUrl>#stPoste</styleUrl><Point><coordinates>-48.761698,-8.728393,0</coordinates></Point></Placemark>
<Placemark><name>58879361</name><description>AL01022033</description><styleUrl>#stPoste</styleUrl><Point><coordinates>-48.754201,-8.733309,0</coordinates></Point></Placemark>
<Placemark><name>73788098</name><description>AL01022033</description><styleUrl>#stPoste</styleUrl><Point><coordinates>-48.748033,-8.738277,0</coordinates></Point></Placemark>
<Placemark><name>73788367</name><description>AL01022033</description><styleUrl>#stPoste</styleUrl><Point><coordinates>-48.74926,-8.736786,0</coordinates></Point></Placemark>
<Placemark><name>74402166</name><description>AL01022033</description><styleUrl>#stPoste</styleUrl><Point><coordinates>-48.757484,-8.732201,0</coordinates></Point></Placemark>
<Placemark><name>933810</name><description>AL01022033</description><styleUrl>#stPoste</styleUrl><Point><coordinates>-48.752652,-8.732374,0</coordinates></Point></Placemark>
<Placemark><name>943696</name><description>AL01022033</description><styleUrl>#stPoste</styleUrl><Point><coordinates>-48.751562,-8.732697,0</coordinates></Point></Placemark>
<Placemark><name>944242</name><description>AL01022033</description><styleUrl>#stPoste</styleUrl><Point><coordinates>-48.757766,-8.732772,0</coordinates></Point></Placemark>
<Placemark><name>948601</name><description>AL01022033</description><styleUrl>#stPoste</styleUrl><Point><coordinates>-48.764095,-8.727846,0</coordinates></Point></Placemark>
<Placemark><name>949977</name><description>AL01022033</description><styleUrl>#stPoste</styleUrl><Point><coordinates>-48.763656,-8.730907,0</coordinates></Point></Placemark>
<Placemark><name>951072</name><description>AL01022033</description><styleUrl>#stPoste</styleUrl><Point><coordinates>-48.754324,-8.739739,0</coordinates></Point></Placemark>
<Placemark><name>1782644</name><description>AL01022033</description><styleUrl>#stPoste</styleUrl><Point><coordinates>-48.762129,-8.730438,0</coordinates></Point></Placemark>
<Placemark><name>1782725</name><description>AL01022033</description><styleUrl>#stPoste</styleUrl><Point><coordinates>-48.75613,-8.733568,0</coordinates></Point></Placemark>
<Placemark><name>1782937</name><description>AL01022033</description><styleUrl>#stPoste</styleUrl><Point><coordinates>-48.764543,-8.731361,0</coordinates></Point></Placemark>
<Placemark><name>1782994</name><description>AL01022033</description><styleUrl>#stPoste</styleUrl><Point><coordinates>-48.759071,-8.730311,0</coordinates></Point></Placemark>
<Placemark><name>1784197</name><description>AL01022033</description><styleUrl>#stPoste</styleUrl><Point><coordinates>-48.755811,-8.731972,0</coordinates></Point></Placemark>
<Placemark><name>1785080</name><description>AL01022033</description><styleUrl>#stPoste</styleUrl><Point><coordinates>-48.754673,-8.727838,0</coordinates></Point></Placemark>
<Placemark><name>1785354</name><description>AL01022033</description><styleUrl>#stPoste</styleUrl><Point><coordinates>-48.756477,-8.730282,0</coordinates></Point></Placemark>
<Placemark><name>1785918</name><description>AL01022033</description><styleUrl>#stPoste</styleUrl><Point><coordinates>-48.750592,-8.733778,0</coordinates></Point></Placemark>
<Placemark><name>1786049</name><description>AL01022033</description><styleUrl>#stPoste</styleUrl><Point><coordinates>-48.754691,-8.730128,0</coordinates></Point></Placemark>
<Placemark><name>1790633</name><description>AL01022033</description><styleUrl>#stPoste</styleUrl><Point><coordinates>-48.750061,-8.737181,0</coordinates></Point></Placemark>
<Placemark><name>1790939</name><description>AL01022033</description><styleUrl>#stPoste</styleUrl><Point><coordinates>-48.748758,-8.741731,0</coordinates></Point></Placemark>
<Placemark><name>1791174</name><description>AL01022033</description><styleUrl>#stPoste</styleUrl><Point><coordinates>-48.747648,-8.73719,0</coordinates></Point></Placemark>
<Placemark><name>1791257</name><description>AL01022033</description><styleUrl>#stPoste</styleUrl><Point><coordinates>-48.747407,-8.738064,0</coordinates></Point></Placemark>
<Placemark><name>1791361</name><description>AL01022033</description><styleUrl>#stPoste</styleUrl><Point><coordinates>-48.74805,-8.743878,0</coordinates></Point></Placemark>
<Placemark><name>1791445</name><description>AL01022033</description><styleUrl>#stPoste</styleUrl><Point><coordinates>-48.76819,-8.72732,0</coordinates></Point></Placemark>
<Placemark><name>1791572</name><description>AL01022033</description><styleUrl>#stPoste</styleUrl><Point><coordinates>-48.76024,-8.730538,0</coordinates></Point></Placemark>
<Placemark><name>1791652</name><description>AL01022033</description><styleUrl>#stPoste</styleUrl><Point><coordinates>-48.756887,-8.741694,0</coordinates></Point></Placemark>
<Placemark><name>1842962</name><description>AL01022033</description><styleUrl>#stPoste</styleUrl><Point><coordinates>-48.741602,-8.746011,0</coordinates></Point></Placemark>
<Placemark><name>1843619</name><description>AL01022033</description><styleUrl>#stPoste</styleUrl><Point><coordinates>-48.744927,-8.747493,0</coordinates></Point></Placemark>
<Placemark><name>1870392</name><description>AL01022033</description><styleUrl>#stPoste</styleUrl><Point><coordinates>-48.762463,-8.729895,0</coordinates></Point></Placemark>
<Placemark><name>1888878</name><description>AL01022033</description><styleUrl>#stPoste</styleUrl><Point><coordinates>-48.758094,-8.740441,0</coordinates></Point></Placemark>
<Placemark><name>28971749</name><description>AL01022033</description><styleUrl>#stPoste</styleUrl><Point><coordinates>-48.747717,-8.740388,0</coordinates></Point></Placemark>
<Placemark><name>43838821</name><description>AL01022033</description><styleUrl>#stPoste</styleUrl><Point><coordinates>-48.75186,-8.738331,0</coordinates></Point></Placemark>
<Placemark><name>46333781</name><description>AL01022033</description><styleUrl>#stPoste</styleUrl><Point><coordinates>-48.760028,-8.740544,0</coordinates></Point></Placemark>
<Placemark><name>139792</name><description>AL01022033</description><styleUrl>#stPoste</styleUrl><Point><coordinates>-48.751779,-8.733275,0</coordinates></Point></Placemark>
<Placemark><name>140362</name><description>AL01022033</description><styleUrl>#stPoste</styleUrl><Point><coordinates>-48.74973,-8.742043,0</coordinates></Point></Placemark>
<Placemark><name>449275</name><description>AL01022033</description><styleUrl>#stPoste</styleUrl><Point><coordinates>-48.760909,-8.729703,0</coordinates></Point></Placemark>
<Placemark><name>926951</name><description>AL01022033</description><styleUrl>#stPoste</styleUrl><Point><coordinates>-48.754351,-8.731866,0</coordinates></Point></Placemark>
<Placemark><name>942339</name><description>AL01022033</description><styleUrl>#stPoste</styleUrl><Point><coordinates>-48.756653,-8.729485,0</coordinates></Point></Placemark>
<Placemark><name>944461</name><description>AL01022033</description><styleUrl>#stPoste</styleUrl><Point><coordinates>-48.75791,-8.732937,0</coordinates></Point></Placemark>
<Placemark><name>947447</name><description>AL01022033</description><styleUrl>#stPoste</styleUrl><Point><coordinates>-48.748631,-8.740329,0</coordinates></Point></Placemark>
<Placemark><name>947469</name><description>AL01022033</description><styleUrl>#stPoste</styleUrl><Point><coordinates>-48.753978,-8.73904,0</coordinates></Point></Placemark>
<Placemark><name>948673</name><description>AL01022033</description><styleUrl>#stPoste</styleUrl><Point><coordinates>-48.757191,-8.733991,0</coordinates></Point></Placemark>
<Placemark><name>949736</name><description>AL01022033</description><styleUrl>#stPoste</styleUrl><Point><coordinates>-48.747507,-8.740174,0</coordinates></Point></Placemark>
<Placemark><name>949940</name><description>AL01022033</description><styleUrl>#stPoste</styleUrl><Point><coordinates>-48.760859,-8.732684,0</coordinates></Point></Placemark>
<Placemark><name>1121436</name><description>AL01022033</description><styleUrl>#stPoste</styleUrl><Point><coordinates>-48.746699,-8.743161,0</coordinates></Point></Placemark>
<Placemark><name>1782501</name><description>AL01022033</description><styleUrl>#stPoste</styleUrl><Point><coordinates>-48.754807,-8.734038,0</coordinates></Point></Placemark>
<Placemark><name>1782977</name><description>AL01022033</description><styleUrl>#stPoste</styleUrl><Point><coordinates>-48.755349,-8.734797,0</coordinates></Point></Placemark>
<Placemark><name>1784292</name><description>AL01022033</description><styleUrl>#stPoste</styleUrl><Point><coordinates>-48.756427,-8.733619,0</coordinates></Point></Placemark>
<Placemark><name>1784296</name><description>AL01022033</description><styleUrl>#stPoste</styleUrl><Point><coordinates>-48.756988,-8.730108,0</coordinates></Point></Placemark>
<Placemark><name>1784926</name><description>AL01022033</description><styleUrl>#stPoste</styleUrl><Point><coordinates>-48.753347,-8.73386,0</coordinates></Point></Placemark>
<Placemark><name>1786190</name><description>AL01022033</description><styleUrl>#stPoste</styleUrl><Point><coordinates>-48.758275,-8.734333,0</coordinates></Point></Placemark>
<Placemark><name>1790840</name><description>AL01022033</description><styleUrl>#stPoste</styleUrl><Point><coordinates>-48.760507,-8.733609,0</coordinates></Point></Placemark>
<Placemark><name>1790847</name><description>AL01022033</description><styleUrl>#stPoste</styleUrl><Point><coordinates>-48.76184,-8.728279,0</coordinates></Point></Placemark>
<Placemark><name>1791166</name><description>AL01022033</description><styleUrl>#stPoste</styleUrl><Point><coordinates>-48.749844,-8.735911,0</coordinates></Point></Placemark>
<Placemark><name>1791170</name><description>AL01022033</description><styleUrl>#stPoste</styleUrl><Point><coordinates>-48.748602,-8.736333,0</coordinates></Point></Placemark>
<Placemark><name>1791299</name><description>AL01022033</description><styleUrl>#stPoste</styleUrl><Point><coordinates>-48.760519,-8.731195,0</coordinates></Point></Placemark>
<Placemark><name>1791459</name><description>AL01022033</description><styleUrl>#stPoste</styleUrl><Point><coordinates>-48.758404,-8.728412,0</coordinates></Point></Placemark>
<Placemark><name>1791625</name><description>AL01022033</description><styleUrl>#stPoste</styleUrl><Point><coordinates>-48.758955,-8.729417,0</coordinates></Point></Placemark>
<Placemark><name>1828946</name><description>AL01022033</description><styleUrl>#stPoste</styleUrl><Point><coordinates>-48.757428,-8.741027,0</coordinates></Point></Placemark>
<Placemark><name>1876588</name><description>AL01022033</description><styleUrl>#stPoste</styleUrl><Point><coordinates>-48.749968,-8.736601,0</coordinates></Point></Placemark>
<Placemark><name>38191588</name><description>AL01022033</description><styleUrl>#stPoste</styleUrl><Point><coordinates>-48.752744,-8.732083,0</coordinates></Point></Placemark>
<Placemark><name>49793277</name><description>AL01022033</description><styleUrl>#stPoste</styleUrl><Point><coordinates>-48.740232,-8.743863,0</coordinates></Point></Placemark>
<Placemark><name>74518117</name><description>AL01022033</description><styleUrl>#stPoste</styleUrl><Point><coordinates>-48.758683,-8.731793,0</coordinates></Point></Placemark>
<Placemark><name>139805</name><description>AL01022033</description><styleUrl>#stPoste</styleUrl><Point><coordinates>-48.753648,-8.737777,0</coordinates></Point></Placemark>
<Placemark><name>298036</name><description>AL01022033</description><styleUrl>#stPoste</styleUrl><Point><coordinates>-48.752656,-8.742459,0</coordinates></Point></Placemark>
<Placemark><name>932233</name><description>AL01022033</description><styleUrl>#stPoste</styleUrl><Point><coordinates>-48.764087,-8.729204,0</coordinates></Point></Placemark>
<Placemark><name>936660</name><description>AL01022033</description><styleUrl>#stPoste</styleUrl><Point><coordinates>-48.754402,-8.731771,0</coordinates></Point></Placemark>
<Placemark><name>946087</name><description>AL01022033</description><styleUrl>#stPoste</styleUrl><Point><coordinates>-48.753299,-8.728858,0</coordinates></Point></Placemark>
<Placemark><name>946100</name><description>AL01022033</description><styleUrl>#stPoste</styleUrl><Point><coordinates>-48.756335,-8.731104,0</coordinates></Point></Placemark>
<Placemark><name>950711</name><description>AL01022033</description><styleUrl>#stPoste</styleUrl><Point><coordinates>-48.747253,-8.741067,0</coordinates></Point></Placemark>
<Placemark><name>1299738</name><description>AL01022033</description><styleUrl>#stPoste</styleUrl><Point><coordinates>-48.749043,-8.746587,0</coordinates></Point></Placemark>
<Placemark><name>1299743</name><description>AL01022033</description><styleUrl>#stPoste</styleUrl><Point><coordinates>-48.748369,-8.745755,0</coordinates></Point></Placemark>
<Placemark><name>1782088</name><description>AL01022033</description><styleUrl>#stPoste</styleUrl><Point><coordinates>-48.747347,-8.747353,0</coordinates></Point></Placemark>
<Placemark><name>1782091</name><description>AL01022033</description><styleUrl>#stPoste</styleUrl><Point><coordinates>-48.748131,-8.747388,0</coordinates></Point></Placemark>
<Placemark><name>1782640</name><description>AL01022033</description><styleUrl>#stPoste</styleUrl><Point><coordinates>-48.760629,-8.72922,0</coordinates></Point></Placemark>
<Placemark><name>1782741</name><description>AL01022033</description><styleUrl>#stPoste</styleUrl><Point><coordinates>-48.761158,-8.733401,0</coordinates></Point></Placemark>
<Placemark><name>1782843</name><description>AL01022033</description><styleUrl>#stPoste</styleUrl><Point><coordinates>-48.761599,-8.72849,0</coordinates></Point></Placemark>
<Placemark><name>1782930</name><description>AL01022033</description><styleUrl>#stPoste</styleUrl><Point><coordinates>-48.763001,-8.727391,0</coordinates></Point></Placemark>
<Placemark><name>1782958</name><description>AL01022033</description><styleUrl>#stPoste</styleUrl><Point><coordinates>-48.750901,-8.728309,0</coordinates></Point></Placemark>
<Placemark><name>1785497</name><description>AL01022033</description><styleUrl>#stPoste</styleUrl><Point><coordinates>-48.750183,-8.733343,0</coordinates></Point></Placemark>
<Placemark><name>1785905</name><description>AL01022033</description><styleUrl>#stPoste</styleUrl><Point><coordinates>-48.75233,-8.729312,0</coordinates></Point></Placemark>
<Placemark><name>1785917</name><description>AL01022033</description><styleUrl>#stPoste</styleUrl><Point><coordinates>-48.75028,-8.733885,0</coordinates></Point></Placemark>
<Placemark><name>1786241</name><description>AL01022033</description><styleUrl>#stPoste</styleUrl><Point><coordinates>-48.759052,-8.728683,0</coordinates></Point></Placemark>
<Placemark><name>1790663</name><description>AL01022033</description><styleUrl>#stPoste</styleUrl><Point><coordinates>-48.759709,-8.732076,0</coordinates></Point></Placemark>
<Placemark><name>1790697</name><description>AL01022033</description><styleUrl>#stPoste</styleUrl><Point><coordinates>-48.748174,-8.740898,0</coordinates></Point></Placemark>
<Placemark><name>1790757</name><description>AL01022033</description><styleUrl>#stPoste</styleUrl><Point><coordinates>-48.758645,-8.729526,0</coordinates></Point></Placemark>
<Placemark><name>1790933</name><description>AL01022033</description><styleUrl>#stPoste</styleUrl><Point><coordinates>-48.759201,-8.730679,0</coordinates></Point></Placemark>
<Placemark><name>1790976</name><description>AL01022033</description><styleUrl>#stPoste</styleUrl><Point><coordinates>-48.763956,-8.727804,0</coordinates></Point></Placemark>
<Placemark><name>1791173</name><description>AL01022033</description><styleUrl>#stPoste</styleUrl><Point><coordinates>-48.747735,-8.736876,0</coordinates></Point></Placemark>
<Placemark><name>1791179</name><description>AL01022033</description><styleUrl>#stPoste</styleUrl><Point><coordinates>-48.746875,-8.737423,0</coordinates></Point></Placemark>
<Placemark><name>1791394</name><description>AL01022033</description><styleUrl>#stPoste</styleUrl><Point><coordinates>-48.756645,-8.728158,0</coordinates></Point></Placemark>
<Placemark><name>1791471</name><description>AL01022033</description><styleUrl>#stPoste</styleUrl><Point><coordinates>-48.756571,-8.728114,0</coordinates></Point></Placemark>
<Placemark><name>1791626</name><description>AL01022033</description><styleUrl>#stPoste</styleUrl><Point><coordinates>-48.760205,-8.73343,0</coordinates></Point></Placemark>
<Placemark><name>1842777</name><description>AL01022033</description><styleUrl>#stPoste</styleUrl><Point><coordinates>-48.746466,-8.746142,0</coordinates></Point></Placemark>
<Placemark><name>1842782</name><description>AL01022033</description><styleUrl>#stPoste</styleUrl><Point><coordinates>-48.744718,-8.746005,0</coordinates></Point></Placemark>
<Placemark><name>1842826</name><description>AL01022033</description><styleUrl>#stPoste</styleUrl><Point><coordinates>-48.746041,-8.744899,0</coordinates></Point></Placemark>
<Placemark><name>1842891</name><description>AL01022033</description><styleUrl>#stPoste</styleUrl><Point><coordinates>-48.741718,-8.746492,0</coordinates></Point></Placemark>
<Placemark><name>1842892</name><description>AL01022033</description><styleUrl>#stPoste</styleUrl><Point><coordinates>-48.741825,-8.746056,0</coordinates></Point></Placemark>
<Placemark><name>1843617</name><description>AL01022033</description><styleUrl>#stPoste</styleUrl><Point><coordinates>-48.743827,-8.746735,0</coordinates></Point></Placemark>
<Placemark><name>1871331</name><description>AL01022033</description><styleUrl>#stPoste</styleUrl><Point><coordinates>-48.749069,-8.747255,0</coordinates></Point></Placemark>
<Placemark><name>1886048</name><description>AL01022033</description><styleUrl>#stPoste</styleUrl><Point><coordinates>-48.758676,-8.740535,0</coordinates></Point></Placemark>
<Placemark><name>40535428</name><description>AL01022033</description><styleUrl>#stPoste</styleUrl><Point><coordinates>-48.758494,-8.741109,0</coordinates></Point></Placemark>
<Placemark><name>49552809</name><description>AL01022033</description><styleUrl>#stPoste</styleUrl><Point><coordinates>-48.765396,-8.735334,0</coordinates></Point></Placemark>
<Placemark><name>74518124</name><description>AL01022033</description><styleUrl>#stPoste</styleUrl><Point><coordinates>-48.757509,-8.731371,0</coordinates></Point></Placemark>
<Placemark><name>139787</name><description>AL01022033</description><styleUrl>#stPoste</styleUrl><Point><coordinates>-48.757086,-8.732262,0</coordinates></Point></Placemark>
<Placemark><name>140358</name><description>AL01022033</description><styleUrl>#stPoste</styleUrl><Point><coordinates>-48.748471,-8.742434,0</coordinates></Point></Placemark>
<Placemark><name>140421</name><description>AL01022033</description><styleUrl>#stPoste</styleUrl><Point><coordinates>-48.746976,-8.74021,0</coordinates></Point></Placemark>
<Placemark><name>933483</name><description>AL01022033</description><styleUrl>#stPoste</styleUrl><Point><coordinates>-48.752701,-8.735661,0</coordinates></Point></Placemark>
<Placemark><name>933806</name><description>AL01022033</description><styleUrl>#stPoste</styleUrl><Point><coordinates>-48.751879,-8.732641,0</coordinates></Point></Placemark>
<Placemark><name>934483</name><description>AL01022033</description><styleUrl>#stPoste</styleUrl><Point><coordinates>-48.754496,-8.729553,0</coordinates></Point></Placemark>
<Placemark><name>946480</name><description>AL01022033</description><styleUrl>#stPoste</styleUrl><Point><coordinates>-48.752955,-8.736334,0</coordinates></Point></Placemark>
<Placemark><name>947107</name><description>AL01022033</description><styleUrl>#stPoste</styleUrl><Point><coordinates>-48.747667,-8.739563,0</coordinates></Point></Placemark>
<Placemark><name>947400</name><description>AL01022033</description><styleUrl>#stPoste</styleUrl><Point><coordinates>-48.755183,-8.734702,0</coordinates></Point></Placemark>
<Placemark><name>948253</name><description>AL01022033</description><styleUrl>#stPoste</styleUrl><Point><coordinates>-48.758611,-8.730293,0</coordinates></Point></Placemark>
<Placemark><name>948659</name><description>AL01022033</description><styleUrl>#stPoste</styleUrl><Point><coordinates>-48.755868,-8.7291,0</coordinates></Point></Placemark>
<Placemark><name>949281</name><description>AL01022033</description><styleUrl>#stPoste</styleUrl><Point><coordinates>-48.764229,-8.730248,0</coordinates></Point></Placemark>
<Placemark><name>949455</name><description>AL01022033</description><styleUrl>#stPoste</styleUrl><Point><coordinates>-48.753103,-8.736725,0</coordinates></Point></Placemark>
<Placemark><name>949625</name><description>AL01022033</description><styleUrl>#stPoste</styleUrl><Point><coordinates>-48.758103,-8.729,0</coordinates></Point></Placemark>
<Placemark><name>950245</name><description>AL01022033</description><styleUrl>#stPoste</styleUrl><Point><coordinates>-48.759584,-8.733139,0</coordinates></Point></Placemark>
<Placemark><name>950554</name><description>AL01022033</description><styleUrl>#stPoste</styleUrl><Point><coordinates>-48.764483,-8.732354,0</coordinates></Point></Placemark>
<Placemark><name>950679</name><description>AL01022033</description><styleUrl>#stPoste</styleUrl><Point><coordinates>-48.74947,-8.741305,0</coordinates></Point></Placemark>
<Placemark><name>1068808</name><description>AL01022033</description><styleUrl>#stPoste</styleUrl><Point><coordinates>-48.761606,-8.72949,0</coordinates></Point></Placemark>
<Placemark><name>1121433</name><description>AL01022033</description><styleUrl>#stPoste</styleUrl><Point><coordinates>-48.746033,-8.743819,0</coordinates></Point></Placemark>
<Placemark><name>1215880</name><description>AL01022033</description><styleUrl>#stPoste</styleUrl><Point><coordinates>-48.757221,-8.729295,0</coordinates></Point></Placemark>
<Placemark><name>1782090</name><description>AL01022033</description><styleUrl>#stPoste</styleUrl><Point><coordinates>-48.747717,-8.747365,0</coordinates></Point></Placemark>
<Placemark><name>1782483</name><description>AL01022033</description><styleUrl>#stPoste</styleUrl><Point><coordinates>-48.754457,-8.732177,0</coordinates></Point></Placemark>
<Placemark><name>1782542</name><description>AL01022033</description><styleUrl>#stPoste</styleUrl><Point><coordinates>-48.761951,-8.72956,0</coordinates></Point></Placemark>
<Placemark><name>1782669</name><description>AL01022033</description><styleUrl>#stPoste</styleUrl><Point><coordinates>-48.752216,-8.728648,0</coordinates></Point></Placemark>
<Placemark><name>1782921</name><description>AL01022033</description><styleUrl>#stPoste</styleUrl><Point><coordinates>-48.761198,-8.730059,0</coordinates></Point></Placemark>
<Placemark><name>1784175</name><description>AL01022033</description><styleUrl>#stPoste</styleUrl><Point><coordinates>-48.753409,-8.730545,0</coordinates></Point></Placemark>
<Placemark><name>1784796</name><description>AL01022033</description><styleUrl>#stPoste</styleUrl><Point><coordinates>-48.755625,-8.731187,0</coordinates></Point></Placemark>
<Placemark><name>1785067</name><description>AL01022033</description><styleUrl>#stPoste</styleUrl><Point><coordinates>-48.756525,-8.732522,0</coordinates></Point></Placemark>
<Placemark><name>1785075</name><description>AL01022033</description><styleUrl>#stPoste</styleUrl><Point><coordinates>-48.753423,-8.733499,0</coordinates></Point></Placemark>
<Placemark><name>1786045</name><description>AL01022033</description><styleUrl>#stPoste</styleUrl><Point><coordinates>-48.753414,-8.728956,0</coordinates></Point></Placemark>
<Placemark><name>1786247</name><description>AL01022033</description><styleUrl>#stPoste</styleUrl><Point><coordinates>-48.7633,-8.733805,0</coordinates></Point></Placemark>
<Placemark><name>1790620</name><description>AL01022033</description><styleUrl>#stPoste</styleUrl><Point><coordinates>-48.749606,-8.737236,0</coordinates></Point></Placemark>
<Placemark><name>1790664</name><description>AL01022033</description><styleUrl>#stPoste</styleUrl><Point><coordinates>-48.759655,-8.731751,0</coordinates></Point></Placemark>
<Placemark><name>1790756</name><description>AL01022033</description><styleUrl>#stPoste</styleUrl><Point><coordinates>-48.75885,-8.729681,0</coordinates></Point></Placemark>
<Placemark><name>1791005</name><description>AL01022033</description><styleUrl>#stPoste</styleUrl><Point><coordinates>-48.755921,-8.741148,0</coordinates></Point></Placemark>
<Placemark><name>1791304</name><description>AL01022033</description><styleUrl>#stPoste</styleUrl><Point><coordinates>-48.765387,-8.728415,0</coordinates></Point></Placemark>
<Placemark><name>1791339</name><description>AL01022033</description><styleUrl>#stPoste</styleUrl><Point><coordinates>-48.748434,-8.739353,0</coordinates></Point></Placemark>
<Placemark><name>1791456</name><description>AL01022033</description><styleUrl>#stPoste</styleUrl><Point><coordinates>-48.758625,-8.72904,0</coordinates></Point></Placemark>
<Placemark><name>1791463</name><description>AL01022033</description><styleUrl>#stPoste</styleUrl><Point><coordinates>-48.763664,-8.733638,0</coordinates></Point></Placemark>
<Placemark><name>1791521</name><description>AL01022033</description><styleUrl>#stPoste</styleUrl><Point><coordinates>-48.753762,-8.727414,0</coordinates></Point></Placemark>
<Placemark><name>40535429</name><description>AL01022033</description><styleUrl>#stPoste</styleUrl><Point><coordinates>-48.758794,-8.741002,0</coordinates></Point></Placemark>
<Placemark><name>73706542</name><description>AL01022033</description><styleUrl>#stPoste</styleUrl><Point><coordinates>-48.7522,-8.742626,0</coordinates></Point></Placemark>
<Placemark><name>139779</name><description>AL01022033</description><styleUrl>#stPoste</styleUrl><Point><coordinates>-48.75775,-8.732994,0</coordinates></Point></Placemark>
<Placemark><name>139801</name><description>AL01022033</description><styleUrl>#stPoste</styleUrl><Point><coordinates>-48.753153,-8.737322,0</coordinates></Point></Placemark>
<Placemark><name>139807</name><description>AL01022033</description><styleUrl>#stPoste</styleUrl><Point><coordinates>-48.753753,-8.738837,0</coordinates></Point></Placemark>
<Placemark><name>934963</name><description>AL01022033</description><styleUrl>#stPoste</styleUrl><Point><coordinates>-48.750027,-8.738645,0</coordinates></Point></Placemark>
<Placemark><name>943697</name><description>AL01022033</description><styleUrl>#stPoste</styleUrl><Point><coordinates>-48.751638,-8.732899,0</coordinates></Point></Placemark>
<Placemark><name>944484</name><description>AL01022033</description><styleUrl>#stPoste</styleUrl><Point><coordinates>-48.750543,-8.734571,0</coordinates></Point></Placemark>
<Placemark><name>946328</name><description>AL01022033</description><styleUrl>#stPoste</styleUrl><Point><coordinates>-48.753533,-8.729541,0</coordinates></Point></Placemark>
<Placemark><name>947745</name><description>AL01022033</description><styleUrl>#stPoste</styleUrl><Point><coordinates>-48.751751,-8.73784,0</coordinates></Point></Placemark>
<Placemark><name>949627</name><description>AL01022033</description><styleUrl>#stPoste</styleUrl><Point><coordinates>-48.757542,-8.72919,0</coordinates></Point></Placemark>
<Placemark><name>949735</name><description>AL01022033</description><styleUrl>#stPoste</styleUrl><Point><coordinates>-48.747433,-8.740453,0</coordinates></Point></Placemark>
<Placemark><name>950552</name><description>AL01022033</description><styleUrl>#stPoste</styleUrl><Point><coordinates>-48.763653,-8.732832,0</coordinates></Point></Placemark>
<Placemark><name>1090304</name><description>AL01022033</description><styleUrl>#stPoste</styleUrl><Point><coordinates>-48.759276,-8.7316,0</coordinates></Point></Placemark>
<Placemark><name>1121434</name><description>AL01022033</description><styleUrl>#stPoste</styleUrl><Point><coordinates>-48.746231,-8.743617,0</coordinates></Point></Placemark>
<Placemark><name>1121450</name><description>AL01022033</description><styleUrl>#stPoste</styleUrl><Point><coordinates>-48.745957,-8.747741,0</coordinates></Point></Placemark>
<Placemark><name>1299742</name><description>AL01022033</description><styleUrl>#stPoste</styleUrl><Point><coordinates>-48.749074,-8.745913,0</coordinates></Point></Placemark>
<Placemark><name>1782724</name><description>AL01022033</description><styleUrl>#stPoste</styleUrl><Point><coordinates>-48.755755,-8.733701,0</coordinates></Point></Placemark>
<Placemark><name>1782995</name><description>AL01022033</description><styleUrl>#stPoste</styleUrl><Point><coordinates>-48.759056,-8.730829,0</coordinates></Point></Placemark>
<Placemark><name>1784185</name><description>AL01022033</description><styleUrl>#stPoste</styleUrl><Point><coordinates>-48.756437,-8.734956,0</coordinates></Point></Placemark>
<Placemark><name>1784570</name><description>AL01022033</description><styleUrl>#stPoste</styleUrl><Point><coordinates>-48.752007,-8.733292,0</coordinates></Point></Placemark>
<Placemark><name>1784806</name><description>AL01022033</description><styleUrl>#stPoste</styleUrl><Point><coordinates>-48.750311,-8.734236,0</coordinates></Point></Placemark>
<Placemark><name>1785496</name><description>AL01022033</description><styleUrl>#stPoste</styleUrl><Point><coordinates>-48.750043,-8.7335,0</coordinates></Point></Placemark>
<Placemark><name>1786053</name><description>AL01022033</description><styleUrl>#stPoste</styleUrl><Point><coordinates>-48.756117,-8.731179,0</coordinates></Point></Placemark>
<Placemark><name>1790616</name><description>AL01022033</description><styleUrl>#stPoste</styleUrl><Point><coordinates>-48.749698,-8.737922,0</coordinates></Point></Placemark>
<Placemark><name>1790661</name><description>AL01022033</description><styleUrl>#stPoste</styleUrl><Point><coordinates>-48.759919,-8.73265,0</coordinates></Point></Placemark>
<Placemark><name>1790681</name><description>AL01022033</description><styleUrl>#stPoste</styleUrl><Point><coordinates>-48.755152,-8.728776,0</coordinates></Point></Placemark>
<Placemark><name>1790763</name><description>AL01022033</description><styleUrl>#stPoste</styleUrl><Point><coordinates>-48.760569,-8.730291,0</coordinates></Point></Placemark>
<Placemark><name>1791359</name><description>AL01022033</description><styleUrl>#stPoste</styleUrl><Point><coordinates>-48.748596,-8.743721,0</coordinates></Point></Placemark>
<Placemark><name>1791565</name><description>AL01022033</description><styleUrl>#stPoste</styleUrl><Point><coordinates>-48.760694,-8.728133,0</coordinates></Point></Placemark>
<Placemark><name>1791640</name><description>AL01022033</description><styleUrl>#stPoste</styleUrl><Point><coordinates>-48.751964,-8.736495,0</coordinates></Point></Placemark>
<Placemark><name>1825246</name><description>AL01022033</description><styleUrl>#stPoste</styleUrl><Point><coordinates>-48.75725,-8.74075,0</coordinates></Point></Placemark>
<Placemark><name>1842894</name><description>AL01022033</description><styleUrl>#stPoste</styleUrl><Point><coordinates>-48.742484,-8.746246,0</coordinates></Point></Placemark>
<Placemark><name>1842965</name><description>AL01022033</description><styleUrl>#stPoste</styleUrl><Point><coordinates>-48.740753,-8.745812,0</coordinates></Point></Placemark>
<Placemark><name>1842974</name><description>AL01022033</description><styleUrl>#stPoste</styleUrl><Point><coordinates>-48.740428,-8.745996,0</coordinates></Point></Placemark>
<Placemark><name>1843620</name><description>AL01022033</description><styleUrl>#stPoste</styleUrl><Point><coordinates>-48.74419,-8.747292,0</coordinates></Point></Placemark>
<Placemark><name>1843632</name><description>AL01022033</description><styleUrl>#stPoste</styleUrl><Point><coordinates>-48.745367,-8.747155,0</coordinates></Point></Placemark>
<Placemark><name>1888983</name><description>AL01022033</description><styleUrl>#stPoste</styleUrl><Point><coordinates>-48.759073,-8.740077,0</coordinates></Point></Placemark>
<Placemark><name>38799736</name><description>AL01022033</description><styleUrl>#stPoste</styleUrl><Point><coordinates>-48.755847,-8.731272,0</coordinates></Point></Placemark>
<Placemark><name>56672443</name><description>AL01022033</description><styleUrl>#stPoste</styleUrl><Point><coordinates>-48.750986,-8.736043,0</coordinates></Point></Placemark>
<Placemark><name>139783</name><description>AL01022033</description><styleUrl>#stPoste</styleUrl><Point><coordinates>-48.753189,-8.728526,0</coordinates></Point></Placemark>
<Placemark><name>139795</name><description>AL01022033</description><styleUrl>#stPoste</styleUrl><Point><coordinates>-48.763837,-8.728017,0</coordinates></Point></Placemark>
<Placemark><name>933809</name><description>AL01022033</description><styleUrl>#stPoste</styleUrl><Point><coordinates>-48.753805,-8.729781,0</coordinates></Point></Placemark>
<Placemark><name>947109</name><description>AL01022033</description><styleUrl>#stPoste</styleUrl><Point><coordinates>-48.747848,-8.738913,0</coordinates></Point></Placemark>
<Placemark><name>947304</name><description>AL01022033</description><styleUrl>#stPoste</styleUrl><Point><coordinates>-48.763269,-8.728392,0</coordinates></Point></Placemark>
<Placemark><name>947305</name><description>AL01022033</description><styleUrl>#stPoste</styleUrl><Point><coordinates>-48.762974,-8.728586,0</coordinates></Point></Placemark>
<Placemark><name>947733</name><description>AL01022033</description><styleUrl>#stPoste</styleUrl><Point><coordinates>-48.754771,-8.741144,0</coordinates></Point></Placemark>
<Placemark><name>947734</name><description>AL01022033</description><styleUrl>#stPoste</styleUrl><Point><coordinates>-48.754871,-8.741407,0</coordinates></Point></Placemark>
<Placemark><name>949745</name><description>AL01022033</description><styleUrl>#stPoste</styleUrl><Point><coordinates>-48.750755,-8.738208,0</coordinates></Point></Placemark>
<Placemark><name>950556</name><description>AL01022033</description><styleUrl>#stPoste</styleUrl><Point><coordinates>-48.764316,-8.732219,0</coordinates></Point></Placemark>
<Placemark><name>950901</name><description>AL01022033</description><styleUrl>#stPoste</styleUrl><Point><coordinates>-48.762063,-8.731947,0</coordinates></Point></Placemark>
<Placemark><name>1068809</name><description>AL01022033</description><styleUrl>#stPoste</styleUrl><Point><coordinates>-48.761535,-8.729537,0</coordinates></Point></Placemark>
<Placemark><name>1121459</name><description>AL01022033</description><styleUrl>#stPoste</styleUrl><Point><coordinates>-48.746366,-8.743933,0</coordinates></Point></Placemark>
<Placemark><name>1122091</name><description>AL01022033</description><styleUrl>#stPoste</styleUrl><Point><coordinates>-48.740927,-8.746312,0</coordinates></Point></Placemark>
<Placemark><name>1782738</name><description>AL01022033</description><styleUrl>#stPoste</styleUrl><Point><coordinates>-48.762689,-8.732587,0</coordinates></Point></Placemark>
<Placemark><name>1782742</name><description>AL01022033</description><styleUrl>#stPoste</styleUrl><Point><coordinates>-48.760827,-8.733507,0</coordinates></Point></Placemark>
<Placemark><name>1782929</name><description>AL01022033</description><styleUrl>#stPoste</styleUrl><Point><coordinates>-48.76276,-8.727575,0</coordinates></Point></Placemark>
<Placemark><name>1784668</name><description>AL01022033</description><styleUrl>#stPoste</styleUrl><Point><coordinates>-48.754885,-8.733082,0</coordinates></Point></Placemark>
<Placemark><name>1784671</name><description>AL01022033</description><styleUrl>#stPoste</styleUrl><Point><coordinates>-48.755889,-8.73274,0</coordinates></Point></Placemark>
<Placemark><name>1784944</name><description>AL01022033</description><styleUrl>#stPoste</styleUrl><Point><coordinates>-48.753561,-8.733919,0</coordinates></Point></Placemark>
<Placemark><name>1785241</name><description>AL01022033</description><styleUrl>#stPoste</styleUrl><Point><coordinates>-48.754411,-8.732458,0</coordinates></Point></Placemark>
<Placemark><name>1785498</name><description>AL01022033</description><styleUrl>#stPoste</styleUrl><Point><coordinates>-48.7503,-8.733213,0</coordinates></Point></Placemark>
<Placemark><name>1785903</name><description>AL01022033</description><styleUrl>#stPoste</styleUrl><Point><coordinates>-48.753918,-8.728798,0</coordinates></Point></Placemark>
<Placemark><name>1785933</name><description>AL01022033</description><styleUrl>#stPoste</styleUrl><Point><coordinates>-48.75396,-8.73488,0</coordinates></Point></Placemark>
<Placemark><name>1786187</name><description>AL01022033</description><styleUrl>#stPoste</styleUrl><Point><coordinates>-48.755086,-8.728561,0</coordinates></Point></Placemark>
<Placemark><name>1786206</name><description>AL01022033</description><styleUrl>#stPoste</styleUrl><Point><coordinates>-48.750598,-8.737994,0</coordinates></Point></Placemark>
<Placemark><name>1786274</name><description>AL01022033</description><styleUrl>#stPoste</styleUrl><Point><coordinates>-48.750197,-8.742588,0</coordinates></Point></Placemark>
<Placemark><name>1790720</name><description>AL01022033</description><styleUrl>#stPoste</styleUrl><Point><coordinates>-48.756962,-8.740853,0</coordinates></Point></Placemark>
<Placemark><name>1791308</name><description>AL01022033</description><styleUrl>#stPoste</styleUrl><Point><coordinates>-48.759284,-8.733998,0</coordinates></Point></Placemark>
<Placemark><name>1791341</name><description>AL01022033</description><styleUrl>#stPoste</styleUrl><Point><coordinates>-48.748569,-8.738897,0</coordinates></Point></Placemark>
<Placemark><name>1791353</name><description>AL01022033</description><styleUrl>#stPoste</styleUrl><Point><coordinates>-48.750122,-8.74328,0</coordinates></Point></Placemark>
<Placemark><name>1791387</name><description>AL01022033</description><styleUrl>#stPoste</styleUrl><Point><coordinates>-48.768572,-8.72724,0</coordinates></Point></Placemark>
<Placemark><name>1791650</name><description>AL01022033</description><styleUrl>#stPoste</styleUrl><Point><coordinates>-48.756241,-8.742029,0</coordinates></Point></Placemark>
<Placemark><name>1842779</name><description>AL01022033</description><styleUrl>#stPoste</styleUrl><Point><coordinates>-48.74581,-8.745982,0</coordinates></Point></Placemark>
<Placemark><name>1842888</name><description>AL01022033</description><styleUrl>#stPoste</styleUrl><Point><coordinates>-48.740415,-8.745713,0</coordinates></Point></Placemark>
<Placemark><name>1842889</name><description>AL01022033</description><styleUrl>#stPoste</styleUrl><Point><coordinates>-48.740114,-8.746705,0</coordinates></Point></Placemark>
<Placemark><name>1842970</name><description>AL01022033</description><styleUrl>#stPoste</styleUrl><Point><coordinates>-48.74043,-8.744201,0</coordinates></Point></Placemark>
<Placemark><name>1842977</name><description>AL01022033</description><styleUrl>#stPoste</styleUrl><Point><coordinates>-48.741396,-8.744992,0</coordinates></Point></Placemark>
<Placemark><name>1843624</name><description>AL01022033</description><styleUrl>#stPoste</styleUrl><Point><coordinates>-48.745106,-8.745216,0</coordinates></Point></Placemark>
<Placemark><name>1843631</name><description>AL01022033</description><styleUrl>#stPoste</styleUrl><Point><coordinates>-48.744968,-8.747043,0</coordinates></Point></Placemark>
<Placemark><name>21860837</name><description>AL01022033</description><styleUrl>#stPoste</styleUrl><Point><coordinates>-48.747642,-8.745593,0</coordinates></Point></Placemark>
<Placemark><name>40535432</name><description>AL01022033</description><styleUrl>#stPoste</styleUrl><Point><coordinates>-48.759687,-8.74067,0</coordinates></Point></Placemark>
<Placemark><name>55929363</name><description>AL01022033</description><styleUrl>#stPoste</styleUrl><Point><coordinates>-48.746798,-8.746663,0</coordinates></Point></Placemark>
<Placemark><name>73706540</name><description>AL01022033</description><styleUrl>#stPoste</styleUrl><Point><coordinates>-48.751909,-8.742614,0</coordinates></Point></Placemark>
<Placemark><name>139798</name><description>AL01022033</description><styleUrl>#stPoste</styleUrl><Point><coordinates>-48.757971,-8.7334,0</coordinates></Point></Placemark>
<Placemark><name>139799</name><description>AL01022033</description><styleUrl>#stPoste</styleUrl><Point><coordinates>-48.757451,-8.731845,0</coordinates></Point></Placemark>
<Placemark><name>946099</name><description>AL01022033</description><styleUrl>#stPoste</styleUrl><Point><coordinates>-48.756998,-8.73087,0</coordinates></Point></Placemark>
<Placemark><name>946644</name><description>AL01022033</description><styleUrl>#stPoste</styleUrl><Point><coordinates>-48.763728,-8.731331,0</coordinates></Point></Placemark>
<Placemark><name>950553</name><description>AL01022033</description><styleUrl>#stPoste</styleUrl><Point><coordinates>-48.764186,-8.73252,0</coordinates></Point></Placemark>
<Placemark><name>950883</name><description>AL01022033</description><styleUrl>#stPoste</styleUrl><Point><coordinates>-48.76214,-8.729137,0</coordinates></Point></Placemark>
<Placemark><name>1782516</name><description>AL01022033</description><styleUrl>#stPoste</styleUrl><Point><coordinates>-48.759607,-8.729189,0</coordinates></Point></Placemark>
<Placemark><name>1782925</name><description>AL01022033</description><styleUrl>#stPoste</styleUrl><Point><coordinates>-48.762867,-8.728122,0</coordinates></Point></Placemark>
<Placemark><name>1783020</name><description>AL01022033</description><styleUrl>#stPoste</styleUrl><Point><coordinates>-48.758113,-8.731161,0</coordinates></Point></Placemark>
<Placemark><name>1784167</name><description>AL01022033</description><styleUrl>#stPoste</styleUrl><Point><coordinates>-48.754079,-8.728748,0</coordinates></Point></Placemark>
<Placemark><name>1784178</name><description>AL01022033</description><styleUrl>#stPoste</styleUrl><Point><coordinates>-48.752508,-8.730838,0</coordinates></Point></Placemark>
<Placemark><name>1785242</name><description>AL01022033</description><styleUrl>#stPoste</styleUrl><Point><coordinates>-48.754796,-8.732324,0</coordinates></Point></Placemark>
<Placemark><name>1785352</name><description>AL01022033</description><styleUrl>#stPoste</styleUrl><Point><coordinates>-48.755795,-8.730514,0</coordinates></Point></Placemark>
<Placemark><name>1790849</name><description>AL01022033</description><styleUrl>#stPoste</styleUrl><Point><coordinates>-48.762031,-8.728131,0</coordinates></Point></Placemark>
<Placemark><name>1790855</name><description>AL01022033</description><styleUrl>#stPoste</styleUrl><Point><coordinates>-48.750653,-8.736346,0</coordinates></Point></Placemark>
<Placemark><name>1790883</name><description>AL01022033</description><styleUrl>#stPoste</styleUrl><Point><coordinates>-48.748888,-8.737507,0</coordinates></Point></Placemark>
<Placemark><name>1790888</name><description>AL01022033</description><styleUrl>#stPoste</styleUrl><Point><coordinates>-48.749853,-8.736508,0</coordinates></Point></Placemark>
<Placemark><name>1790940</name><description>AL01022033</description><styleUrl>#stPoste</styleUrl><Point><coordinates>-48.749727,-8.741463,0</coordinates></Point></Placemark>
<Placemark><name>1791455</name><description>AL01022033</description><styleUrl>#stPoste</styleUrl><Point><coordinates>-48.758732,-8.729345,0</coordinates></Point></Placemark>
<Placemark><name>1791500</name><description>AL01022033</description><styleUrl>#stPoste</styleUrl><Point><coordinates>-48.747613,-8.742333,0</coordinates></Point></Placemark>
<Placemark><name>1842828</name><description>AL01022033</description><styleUrl>#stPoste</styleUrl><Point><coordinates>-48.746564,-8.744586,0</coordinates></Point></Placemark>
<Placemark><name>1842893</name><description>AL01022033</description><styleUrl>#stPoste</styleUrl><Point><coordinates>-48.742215,-8.746419,0</coordinates></Point></Placemark>
<Placemark><name>1842968</name><description>AL01022033</description><styleUrl>#stPoste</styleUrl><Point><coordinates>-48.740768,-8.744596,0</coordinates></Point></Placemark>
<Placemark><name>1842975</name><description>AL01022033</description><styleUrl>#stPoste</styleUrl><Point><coordinates>-48.740324,-8.746409,0</coordinates></Point></Placemark>
<Placemark><name>1843626</name><description>AL01022033</description><styleUrl>#stPoste</styleUrl><Point><coordinates>-48.746883,-8.744666,0</coordinates></Point></Placemark>
<Placemark><name>1843630</name><description>AL01022033</description><styleUrl>#stPoste</styleUrl><Point><coordinates>-48.744596,-8.74694,0</coordinates></Point></Placemark>
<Placemark><name>1871376</name><description>AL01022033</description><styleUrl>#stPoste</styleUrl><Point><coordinates>-48.749059,-8.746875,0</coordinates></Point></Placemark>
<Placemark><name>1888430</name><description>AL01022033</description><styleUrl>#stPoste</styleUrl><Point><coordinates>-48.752281,-8.743533,0</coordinates></Point></Placemark>
<Placemark><name>38650628</name><description>AL01022033</description><styleUrl>#stPoste</styleUrl><Point><coordinates>-48.761497,-8.727906,0</coordinates></Point></Placemark>
<Placemark><name>139796</name><description>AL01022033</description><styleUrl>#stPoste</styleUrl><Point><coordinates>-48.763873,-8.727601,0</coordinates></Point></Placemark>
<Placemark><name>933128</name><description>AL01022033</description><styleUrl>#stPoste</styleUrl><Point><coordinates>-48.752314,-8.734673,0</coordinates></Point></Placemark>
<Placemark><name>942338</name><description>AL01022033</description><styleUrl>#stPoste</styleUrl><Point><coordinates>-48.756904,-8.729404,0</coordinates></Point></Placemark>
<Placemark><name>947108</name><description>AL01022033</description><styleUrl>#stPoste</styleUrl><Point><coordinates>-48.747764,-8.739218,0</coordinates></Point></Placemark>
<Placemark><name>947656</name><description>AL01022033</description><styleUrl>#stPoste</styleUrl><Point><coordinates>-48.759169,-8.730093,0</coordinates></Point></Placemark>
<Placemark><name>947732</name><description>AL01022033</description><styleUrl>#stPoste</styleUrl><Point><coordinates>-48.754633,-8.740786,0</coordinates></Point></Placemark>
<Placemark><name>947743</name><description>AL01022033</description><styleUrl>#stPoste</styleUrl><Point><coordinates>-48.751659,-8.737798,0</coordinates></Point></Placemark>
<Placemark><name>948657</name><description>AL01022033</description><styleUrl>#stPoste</styleUrl><Point><coordinates>-48.757868,-8.73375,0</coordinates></Point></Placemark>
<Placemark><name>948660</name><description>AL01022033</description><styleUrl>#stPoste</styleUrl><Point><coordinates>-48.758582,-8.733496,0</coordinates></Point></Placemark>
<Placemark><name>949629</name><description>AL01022033</description><styleUrl>#stPoste</styleUrl><Point><coordinates>-48.764921,-8.725969,0</coordinates></Point></Placemark>
<Placemark><name>949805</name><description>AL01022033</description><styleUrl>#stPoste</styleUrl><Point><coordinates>-48.75257,-8.735625,0</coordinates></Point></Placemark>
<Placemark><name>1121452</name><description>AL01022033</description><styleUrl>#stPoste</styleUrl><Point><coordinates>-48.746019,-8.747486,0</coordinates></Point></Placemark>
<Placemark><name>1130488</name><description>AL01022033</description><styleUrl>#stPoste</styleUrl><Point><coordinates>-48.743858,-8.747554,0</coordinates></Point></Placemark>
<Placemark><name>1130500</name><description>AL01022033</description><styleUrl>#stPoste</styleUrl><Point><coordinates>-48.745487,-8.747673,0</coordinates></Point></Placemark>
<Placemark><name>1299744</name><description>AL01022033</description><styleUrl>#stPoste</styleUrl><Point><coordinates>-48.748997,-8.746372,0</coordinates></Point></Placemark>
<Placemark><name>1300861</name><description>AL01022033</description><styleUrl>#stPoste</styleUrl><Point><coordinates>-48.749587,-8.746501,0</coordinates></Point></Placemark>
<Placemark><name>1782123</name><description>AL01022033</description><styleUrl>#stPoste</styleUrl><Point><coordinates>-48.747474,-8.746356,0</coordinates></Point></Placemark>
<Placemark><name>1782452</name><description>AL01022033</description><styleUrl>#stPoste</styleUrl><Point><coordinates>-48.751308,-8.7353,0</coordinates></Point></Placemark>
<Placemark><name>1784408</name><description>AL01022033</description><styleUrl>#stPoste</styleUrl><Point><coordinates>-48.752748,-8.734084,0</coordinates></Point></Placemark>
<Placemark><name>1784411</name><description>AL01022033</description><styleUrl>#stPoste</styleUrl><Point><coordinates>-48.751777,-8.734447,0</coordinates></Point></Placemark>
<Placemark><name>1784545</name><description>AL01022033</description><styleUrl>#stPoste</styleUrl><Point><coordinates>-48.753695,-8.73374,0</coordinates></Point></Placemark>
<Placemark><name>1784791</name><description>AL01022033</description><styleUrl>#stPoste</styleUrl><Point><coordinates>-48.754966,-8.729323,0</coordinates></Point></Placemark>
<Placemark><name>1785061</name><description>AL01022033</description><styleUrl>#stPoste</styleUrl><Point><coordinates>-48.75673,-8.734492,0</coordinates></Point></Placemark>
<Placemark><name>1785240</name><description>AL01022033</description><styleUrl>#stPoste</styleUrl><Point><coordinates>-48.754083,-8.732572,0</coordinates></Point></Placemark>
<Placemark><name>1785909</name><description>AL01022033</description><styleUrl>#stPoste</styleUrl><Point><coordinates>-48.752983,-8.72973,0</coordinates></Point></Placemark>
<Placemark><name>1786180</name><description>AL01022033</description><styleUrl>#stPoste</styleUrl><Point><coordinates>-48.75577,-8.733025,0</coordinates></Point></Placemark>
<Placemark><name>1786191</name><description>AL01022033</description><styleUrl>#stPoste</styleUrl><Point><coordinates>-48.758667,-8.7342,0</coordinates></Point></Placemark>
<Placemark><name>1790668</name><description>AL01022033</description><styleUrl>#stPoste</styleUrl><Point><coordinates>-48.759062,-8.731965,0</coordinates></Point></Placemark>
<Placemark><name>1790755</name><description>AL01022033</description><styleUrl>#stPoste</styleUrl><Point><coordinates>-48.764884,-8.733075,0</coordinates></Point></Placemark>
<Placemark><name>1790870</name><description>AL01022033</description><styleUrl>#stPoste</styleUrl><Point><coordinates>-48.748171,-8.743188,0</coordinates></Point></Placemark>
<Placemark><name>1790893</name><description>AL01022033</description><styleUrl>#stPoste</styleUrl><Point><coordinates>-48.748027,-8.740713,0</coordinates></Point></Placemark>
<Placemark><name>1791168</name><description>AL01022033</description><styleUrl>#stPoste</styleUrl><Point><coordinates>-48.749192,-8.736138,0</coordinates></Point></Placemark>
<Placemark><name>1791247</name><description>AL01022033</description><styleUrl>#stPoste</styleUrl><Point><coordinates>-48.75256,-8.743325,0</coordinates></Point></Placemark>
<Placemark><name>1791252</name><description>AL01022033</description><styleUrl>#stPoste</styleUrl><Point><coordinates>-48.754342,-8.742654,0</coordinates></Point></Placemark>
<Placemark><name>1791342</name><description>AL01022033</description><styleUrl>#stPoste</styleUrl><Point><coordinates>-48.748796,-8.738342,0</coordinates></Point></Placemark>
<Placemark><name>1843629</name><description>AL01022033</description><styleUrl>#stPoste</styleUrl><Point><coordinates>-48.744106,-8.746808,0</coordinates></Point></Placemark>
<Placemark><name>1871377</name><description>AL01022033</description><styleUrl>#stPoste</styleUrl><Point><coordinates>-48.749005,-8.746964,0</coordinates></Point></Placemark>
<Placemark><name>1880184</name><description>AL01022033</description><styleUrl>#stPoste</styleUrl><Point><coordinates>-48.749609,-8.735231,0</coordinates></Point></Placemark>
<Placemark><name>26996514</name><description>AL01022033</description><styleUrl>#stPoste</styleUrl><Point><coordinates>-48.752205,-8.735772,0</coordinates></Point></Placemark>
<Placemark><name>73706558</name><description>AL01022033</description><styleUrl>#stPoste</styleUrl><Point><coordinates>-48.752429,-8.742542,0</coordinates></Point></Placemark>
<Placemark><name>139782</name><description>AL01022033</description><styleUrl>#stPoste</styleUrl><Point><coordinates>-48.757696,-8.732115,0</coordinates></Point></Placemark>
<Placemark><name>139786</name><description>AL01022033</description><styleUrl>#stPoste</styleUrl><Point><coordinates>-48.754233,-8.731515,0</coordinates></Point></Placemark>
<Placemark><name>315540</name><description>AL01022033</description><styleUrl>#stPoste</styleUrl><Point><coordinates>-48.754287,-8.739745,0</coordinates></Point></Placemark>
<Placemark><name>943175</name><description>AL01022033</description><styleUrl>#stPoste</styleUrl><Point><coordinates>-48.757523,-8.732056,0</coordinates></Point></Placemark>
<Placemark><name>944243</name><description>AL01022033</description><styleUrl>#stPoste</styleUrl><Point><coordinates>-48.757862,-8.733066,0</coordinates></Point></Placemark>
<Placemark><name>947307</name><description>AL01022033</description><styleUrl>#stPoste</styleUrl><Point><coordinates>-48.762047,-8.731644,0</coordinates></Point></Placemark>
<Placemark><name>951612</name><description>AL01022033</description><styleUrl>#stPoste</styleUrl><Point><coordinates>-48.760242,-8.732905,0</coordinates></Point></Placemark>
<Placemark><name>1121440</name><description>AL01022033</description><styleUrl>#stPoste</styleUrl><Point><coordinates>-48.740905,-8.746891,0</coordinates></Point></Placemark>
<Placemark><name>1121445</name><description>AL01022033</description><styleUrl>#stPoste</styleUrl><Point><coordinates>-48.743475,-8.74747,0</coordinates></Point></Placemark>
<Placemark><name>1782086</name><description>AL01022033</description><styleUrl>#stPoste</styleUrl><Point><coordinates>-48.747161,-8.747458,0</coordinates></Point></Placemark>
<Placemark><name>1782519</name><description>AL01022033</description><styleUrl>#stPoste</styleUrl><Point><coordinates>-48.763642,-8.729332,0</coordinates></Point></Placemark>
<Placemark><name>1782906</name><description>AL01022033</description><styleUrl>#stPoste</styleUrl><Point><coordinates>-48.765424,-8.730777,0</coordinates></Point></Placemark>
<Placemark><name>1784177</name><description>AL01022033</description><styleUrl>#stPoste</styleUrl><Point><coordinates>-48.752821,-8.730736,0</coordinates></Point></Placemark>
<Placemark><name>1784930</name><description>AL01022033</description><styleUrl>#stPoste</styleUrl><Point><coordinates>-48.755981,-8.732339,0</coordinates></Point></Placemark>
<Placemark><name>1785499</name><description>AL01022033</description><styleUrl>#stPoste</styleUrl><Point><coordinates>-48.750543,-8.733124,0</coordinates></Point></Placemark>
<Placemark><name>1785916</name><description>AL01022033</description><styleUrl>#stPoste</styleUrl><Point><coordinates>-48.750151,-8.733979,0</coordinates></Point></Placemark>
<Placemark><name>1786046</name><description>AL01022033</description><styleUrl>#stPoste</styleUrl><Point><coordinates>-48.755619,-8.729825,0</coordinates></Point></Placemark>
<Placemark><name>1790618</name><description>AL01022033</description><styleUrl>#stPoste</styleUrl><Point><coordinates>-48.749701,-8.737556,0</coordinates></Point></Placemark>
<Placemark><name>1790842</name><description>AL01022033</description><styleUrl>#stPoste</styleUrl><Point><coordinates>-48.762582,-8.73255,0</coordinates></Point></Placemark>
<Placemark><name>1790880</name><description>AL01022033</description><styleUrl>#stPoste</styleUrl><Point><coordinates>-48.748675,-8.736611,0</coordinates></Point></Placemark>
<Placemark><name>1790925</name><description>AL01022033</description><styleUrl>#stPoste</styleUrl><Point><coordinates>-48.758968,-8.730016,0</coordinates></Point></Placemark>
<Placemark><name>1790987</name><description>AL01022033</description><styleUrl>#stPoste</styleUrl><Point><coordinates>-48.757393,-8.728812,0</coordinates></Point></Placemark>
<Placemark><name>1791096</name><description>AL01022033</description><styleUrl>#stPoste</styleUrl><Point><coordinates>-48.75602,-8.741418,0</coordinates></Point></Placemark>
<Placemark><name>1791298</name><description>AL01022033</description><styleUrl>#stPoste</styleUrl><Point><coordinates>-48.760615,-8.731164,0</coordinates></Point></Placemark>
<Placemark><name>1791384</name><description>AL01022033</description><styleUrl>#stPoste</styleUrl><Point><coordinates>-48.763075,-8.733164,0</coordinates></Point></Placemark>
<Placemark><name>1791466</name><description>AL01022033</description><styleUrl>#stPoste</styleUrl><Point><coordinates>-48.760076,-8.731599,0</coordinates></Point></Placemark>
<Placemark><name>1842969</name><description>AL01022033</description><styleUrl>#stPoste</styleUrl><Point><coordinates>-48.740623,-8.744521,0</coordinates></Point></Placemark>
<Placemark><name>1842976</name><description>AL01022033</description><styleUrl>#stPoste</styleUrl><Point><coordinates>-48.741227,-8.745074,0</coordinates></Point></Placemark>
<Placemark><name>1843543</name><description>AL01022033</description><styleUrl>#stPoste</styleUrl><Point><coordinates>-48.743463,-8.746657,0</coordinates></Point></Placemark>
<Placemark><name>1843680</name><description>AL01022033</description><styleUrl>#stPoste</styleUrl><Point><coordinates>-48.743114,-8.746,0</coordinates></Point></Placemark>
<Placemark><name>1870217</name><description>AL01022033</description><styleUrl>#stPoste</styleUrl><Point><coordinates>-48.763256,-8.728722,0</coordinates></Point></Placemark>
<Placemark><name>1889082</name><description>AL01022033</description><styleUrl>#stPoste</styleUrl><Point><coordinates>-48.747728,-8.739019,0</coordinates></Point></Placemark>
<Placemark><name>30835214</name><description>AL01022033</description><styleUrl>#stPoste</styleUrl><Point><coordinates>-48.761407,-8.73239,0</coordinates></Point></Placemark>
<Placemark><name>40535427</name><description>AL01022033</description><styleUrl>#stPoste</styleUrl><Point><coordinates>-48.758196,-8.741217,0</coordinates></Point></Placemark>
<Placemark><name>139781</name><description>AL01022033</description><styleUrl>#stPoste</styleUrl><Point><coordinates>-48.757373,-8.73222,0</coordinates></Point></Placemark>
<Placemark><name>139789</name><description>AL01022033</description><styleUrl>#stPoste</styleUrl><Point><coordinates>-48.759519,-8.729968,0</coordinates></Point></Placemark>
<Placemark><name>140360</name><description>AL01022033</description><styleUrl>#stPoste</styleUrl><Point><coordinates>-48.749053,-8.742253,0</coordinates></Point></Placemark>
<Placemark><name>140364</name><description>AL01022033</description><styleUrl>#stPoste</styleUrl><Point><coordinates>-48.747546,-8.74255,0</coordinates></Point></Placemark>
<Placemark><name>942612</name><description>AL01022033</description><styleUrl>#stPoste</styleUrl><Point><coordinates>-48.756742,-8.729749,0</coordinates></Point></Placemark>
<Placemark><name>947379</name><description>AL01022033</description><styleUrl>#stPoste</styleUrl><Point><coordinates>-48.753525,-8.73529,0</coordinates></Point></Placemark>
<Placemark><name>947742</name><description>AL01022033</description><styleUrl>#stPoste</styleUrl><Point><coordinates>-48.751378,-8.737978,0</coordinates></Point></Placemark>
<Placemark><name>1130501</name><description>AL01022033</description><styleUrl>#stPoste</styleUrl><Point><coordinates>-48.74626,-8.74663,0</coordinates></Point></Placemark>
<Placemark><name>1292356</name><description>AL01022033</description><styleUrl>#stPoste</styleUrl><Point><coordinates>-48.755068,-8.742679,0</coordinates></Point></Placemark>
<Placemark><name>1782721</name><description>AL01022033</description><styleUrl>#stPoste</styleUrl><Point><coordinates>-48.751084,-8.728495,0</coordinates></Point></Placemark>
<Placemark><name>1782842</name><description>AL01022033</description><styleUrl>#stPoste</styleUrl><Point><coordinates>-48.764181,-8.73451,0</coordinates></Point></Placemark>
<Placemark><name>1784665</name><description>AL01022033</description><styleUrl>#stPoste</styleUrl><Point><coordinates>-48.756796,-8.733332,0</coordinates></Point></Placemark>
<Placemark><name>1784943</name><description>AL01022033</description><styleUrl>#stPoste</styleUrl><Point><coordinates>-48.753686,-8.734219,0</coordinates></Point></Placemark>
<Placemark><name>1785932</name><description>AL01022033</description><styleUrl>#stPoste</styleUrl><Point><coordinates>-48.754115,-8.735254,0</coordinates></Point></Placemark>
<Placemark><name>1786054</name><description>AL01022033</description><styleUrl>#stPoste</styleUrl><Point><coordinates>-48.753021,-8.73294,0</coordinates></Point></Placemark>
<Placemark><name>1786189</name><description>AL01022033</description><styleUrl>#stPoste</styleUrl><Point><coordinates>-48.757891,-8.734463,0</coordinates></Point></Placemark>
<Placemark><name>1790857</name><description>AL01022033</description><styleUrl>#stPoste</styleUrl><Point><coordinates>-48.749413,-8.740817,0</coordinates></Point></Placemark>
<Placemark><name>1790891</name><description>AL01022033</description><styleUrl>#stPoste</styleUrl><Point><coordinates>-48.747852,-8.741361,0</coordinates></Point></Placemark>
<Placemark><name>1790931</name><description>AL01022033</description><styleUrl>#stPoste</styleUrl><Point><coordinates>-48.759345,-8.730727,0</coordinates></Point></Placemark>
<Placemark><name>1790975</name><description>AL01022033</description><styleUrl>#stPoste</styleUrl><Point><coordinates>-48.764145,-8.733416,0</coordinates></Point></Placemark>
<Placemark><name>1791169</name><description>AL01022033</description><styleUrl>#stPoste</styleUrl><Point><coordinates>-48.748876,-8.736244,0</coordinates></Point></Placemark>
<Placemark><name>1791214</name><description>AL01022033</description><styleUrl>#stPoste</styleUrl><Point><coordinates>-48.757646,-8.729877,0</coordinates></Point></Placemark>
<Placemark><name>1791255</name><description>AL01022033</description><styleUrl>#stPoste</styleUrl><Point><coordinates>-48.753327,-8.742395,0</coordinates></Point></Placemark>
<Placemark><name>1791272</name><description>AL01022033</description><styleUrl>#stPoste</styleUrl><Point><coordinates>-48.750732,-8.738329,0</coordinates></Point></Placemark>
<Placemark><name>1791476</name><description>AL01022033</description><styleUrl>#stPoste</styleUrl><Point><coordinates>-48.756456,-8.728906,0</coordinates></Point></Placemark>
<Placemark><name>1842831</name><description>AL01022033</description><styleUrl>#stPoste</styleUrl><Point><coordinates>-48.746766,-8.745072,0</coordinates></Point></Placemark>
<Placemark><name>1863397</name><description>AL01022033</description><styleUrl>#stPoste</styleUrl><Point><coordinates>-48.761496,-8.733265,0</coordinates></Point></Placemark>
<Placemark><name>54280808</name><description>AL01022033</description><styleUrl>#stPoste</styleUrl><Point><coordinates>-48.745459,-8.745888,0</coordinates></Point></Placemark>
<Placemark><name>55543277</name><description>AL01022033</description><styleUrl>#stPoste</styleUrl><Point><coordinates>-48.755308,-8.729945,0</coordinates></Point></Placemark>
<Placemark><name>942678</name><description>AL01022033</description><styleUrl>#stPoste</styleUrl><Point><coordinates>-48.75308,-8.7282,0</coordinates></Point></Placemark>
<Placemark><name>943436</name><description>AL01022033</description><styleUrl>#stPoste</styleUrl><Point><coordinates>-48.753775,-8.730224,0</coordinates></Point></Placemark>
<Placemark><name>944225</name><description>AL01022033</description><styleUrl>#stPoste</styleUrl><Point><coordinates>-48.751924,-8.734095,0</coordinates></Point></Placemark>
<Placemark><name>950560</name><description>AL01022033</description><styleUrl>#stPoste</styleUrl><Point><coordinates>-48.762432,-8.728942,0</coordinates></Point></Placemark>
<Placemark><name>950574</name><description>AL01022033</description><styleUrl>#stPoste</styleUrl><Point><coordinates>-48.758837,-8.733405,0</coordinates></Point></Placemark>
<Placemark><name>950575</name><description>AL01022033</description><styleUrl>#stPoste</styleUrl><Point><coordinates>-48.759,-8.73169,0</coordinates></Point></Placemark>
<Placemark><name>1121764</name><description>AL01022033</description><styleUrl>#stPoste</styleUrl><Point><coordinates>-48.746935,-8.744248,0</coordinates></Point></Placemark>
<Placemark><name>1420415</name><description>AL01022033</description><styleUrl>#stPoste</styleUrl><Point><coordinates>-48.753669,-8.738214,0</coordinates></Point></Placemark>
<Placemark><name>1782450</name><description>AL01022033</description><styleUrl>#stPoste</styleUrl><Point><coordinates>-48.752845,-8.734742,0</coordinates></Point></Placemark>
<Placemark><name>1782514</name><description>AL01022033</description><styleUrl>#stPoste</styleUrl><Point><coordinates>-48.765051,-8.733557,0</coordinates></Point></Placemark>
<Placemark><name>1782639</name><description>AL01022033</description><styleUrl>#stPoste</styleUrl><Point><coordinates>-48.764031,-8.731699,0</coordinates></Point></Placemark>
<Placemark><name>1782817</name><description>AL01022033</description><styleUrl>#stPoste</styleUrl><Point><coordinates>-48.753612,-8.728195,0</coordinates></Point></Placemark>
<Placemark><name>1784176</name><description>AL01022033</description><styleUrl>#stPoste</styleUrl><Point><coordinates>-48.753131,-8.730635,0</coordinates></Point></Placemark>
<Placemark><name>1784295</name><description>AL01022033</description><styleUrl>#stPoste</styleUrl><Point><coordinates>-48.756648,-8.734249,0</coordinates></Point></Placemark>
<Placemark><name>1785081</name><description>AL01022033</description><styleUrl>#stPoste</styleUrl><Point><coordinates>-48.754242,-8.727983,0</coordinates></Point></Placemark>
<Placemark><name>1785227</name><description>AL01022033</description><styleUrl>#stPoste</styleUrl><Point><coordinates>-48.755939,-8.729721,0</coordinates></Point></Placemark>
<Placemark><name>1785902</name><description>AL01022033</description><styleUrl>#stPoste</styleUrl><Point><coordinates>-48.75407,-8.729268,0</coordinates></Point></Placemark>
<Placemark><name>1785931</name><description>AL01022033</description><styleUrl>#stPoste</styleUrl><Point><coordinates>-48.758173,-8.73402,0</coordinates></Point></Placemark>
<Placemark><name>1786204</name><description>AL01022033</description><styleUrl>#stPoste</styleUrl><Point><coordinates>-48.750265,-8.737723,0</coordinates></Point></Placemark>
<Placemark><name>1786217</name><description>AL01022033</description><styleUrl>#stPoste</styleUrl><Point><coordinates>-48.748778,-8.741014,0</coordinates></Point></Placemark>
<Placemark><name>1786277</name><description>AL01022033</description><styleUrl>#stPoste</styleUrl><Point><coordinates>-48.749222,-8.742872,0</coordinates></Point></Placemark>
<Placemark><name>1790669</name><description>AL01022033</description><styleUrl>#stPoste</styleUrl><Point><coordinates>-48.76306,-8.728416,0</coordinates></Point></Placemark>
<Placemark><name>1790716</name><description>AL01022033</description><styleUrl>#stPoste</styleUrl><Point><coordinates>-48.757054,-8.741413,0</coordinates></Point></Placemark>
<Placemark><name>1790759</name><description>AL01022033</description><styleUrl>#stPoste</styleUrl><Point><coordinates>-48.759349,-8.731095,0</coordinates></Point></Placemark>
<Placemark><name>1790785</name><description>AL01022033</description><styleUrl>#stPoste</styleUrl><Point><coordinates>-48.755181,-8.7417,0</coordinates></Point></Placemark>
<Placemark><name>1791172</name><description>AL01022033</description><styleUrl>#stPoste</styleUrl><Point><coordinates>-48.747904,-8.736551,0</coordinates></Point></Placemark>
<Placemark><name>1791180</name><description>AL01022033</description><styleUrl>#stPoste</styleUrl><Point><coordinates>-48.746991,-8.73728,0</coordinates></Point></Placemark>
<Placemark><name>1791182</name><description>AL01022033</description><styleUrl>#stPoste</styleUrl><Point><coordinates>-48.747233,-8.736531,0</coordinates></Point></Placemark>
<Placemark><name>1791300</name><description>AL01022033</description><styleUrl>#stPoste</styleUrl><Point><coordinates>-48.762571,-8.727712,0</coordinates></Point></Placemark>
<Placemark><name>1791494</name><description>AL01022033</description><styleUrl>#stPoste</styleUrl><Point><coordinates>-48.748285,-8.741876,0</coordinates></Point></Placemark>
<Placemark><name>1842774</name><description>AL01022033</description><styleUrl>#stPoste</styleUrl><Point><coordinates>-48.745815,-8.746569,0</coordinates></Point></Placemark>
<Placemark><name>1842781</name><description>AL01022033</description><styleUrl>#stPoste</styleUrl><Point><coordinates>-48.745144,-8.745801,0</coordinates></Point></Placemark>
<Placemark><name>1842819</name><description>AL01022033</description><styleUrl>#stPoste</styleUrl><Point><coordinates>-48.745498,-8.744399,0</coordinates></Point></Placemark>
<Placemark><name>1842896</name><description>AL01022033</description><styleUrl>#stPoste</styleUrl><Point><coordinates>-48.741694,-8.745517,0</coordinates></Point></Placemark>
<Placemark><name>1842972</name><description>AL01022033</description><styleUrl>#stPoste</styleUrl><Point><coordinates>-48.740671,-8.745067,0</coordinates></Point></Placemark>
<Placemark><name>1843612</name><description>AL01022033</description><styleUrl>#stPoste</styleUrl><Point><coordinates>-48.742059,-8.746987,0</coordinates></Point></Placemark>
<Placemark><name>1843618</name><description>AL01022033</description><styleUrl>#stPoste</styleUrl><Point><coordinates>-48.746161,-8.747366,0</coordinates></Point></Placemark>
<Placemark><name>1876585</name><description>AL01022033</description><styleUrl>#stPoste</styleUrl><Point><coordinates>-48.749798,-8.736855,0</coordinates></Point></Placemark>
<Placemark><name>1888981</name><description>AL01022033</description><styleUrl>#stPoste</styleUrl><Point><coordinates>-48.758776,-8.74019,0</coordinates></Point></Placemark>
<Placemark><name>39685269</name><description>AL01022033</description><styleUrl>#stPoste</styleUrl><Point><coordinates>-48.759274,-8.740307,0</coordinates></Point></Placemark>
<Placemark><name>40535430</name><description>AL01022033</description><styleUrl>#stPoste</styleUrl><Point><coordinates>-48.759092,-8.740893,0</coordinates></Point></Placemark>
<Placemark><name>139788</name><description>AL01022033</description><styleUrl>#stPoste</styleUrl><Point><coordinates>-48.75663,-8.731002,0</coordinates></Point></Placemark>
<Placemark><name>140366</name><description>AL01022033</description><styleUrl>#stPoste</styleUrl><Point><coordinates>-48.747074,-8.742417,0</coordinates></Point></Placemark>
<Placemark><name>298035</name><description>AL01022033</description><styleUrl>#stPoste</styleUrl><Point><coordinates>-48.754511,-8.740453,0</coordinates></Point></Placemark>
<Placemark><name>932897</name><description>AL01022033</description><styleUrl>#stPoste</styleUrl><Point><coordinates>-48.764269,-8.730508,0</coordinates></Point></Placemark>
<Placemark><name>932910</name><description>AL01022033</description><styleUrl>#stPoste</styleUrl><Point><coordinates>-48.761651,-8.730794,0</coordinates></Point></Placemark>
<Placemark><name>934652</name><description>AL01022033</description><styleUrl>#stPoste</styleUrl><Point><coordinates>-48.761399,-8.730812,0</coordinates></Point></Placemark>
<Placemark><name>936661</name><description>AL01022033</description><styleUrl>#stPoste</styleUrl><Point><coordinates>-48.754084,-8.73188,0</coordinates></Point></Placemark>
<Placemark><name>943689</name><description>AL01022033</description><styleUrl>#stPoste</styleUrl><Point><coordinates>-48.753885,-8.730534,0</coordinates></Point></Placemark>
<Placemark><name>949743</name><description>AL01022033</description><styleUrl>#stPoste</styleUrl><Point><coordinates>-48.750183,-8.73842,0</coordinates></Point></Placemark>
<Placemark><name>950681</name><description>AL01022033</description><styleUrl>#stPoste</styleUrl><Point><coordinates>-48.74924,-8.740573,0</coordinates></Point></Placemark>
<Placemark><name>1121443</name><description>AL01022033</description><styleUrl>#stPoste</styleUrl><Point><coordinates>-48.741125,-8.745489,0</coordinates></Point></Placemark>
<Placemark><name>1121454</name><description>AL01022033</description><styleUrl>#stPoste</styleUrl><Point><coordinates>-48.746472,-8.745874,0</coordinates></Point></Placemark>
<Placemark><name>1130487</name><description>AL01022033</description><styleUrl>#stPoste</styleUrl><Point><coordinates>-48.741637,-8.747061,0</coordinates></Point></Placemark>
<Placemark><name>1283205</name><description>AL01022033</description><styleUrl>#stPoste</styleUrl><Point><coordinates>-48.762754,-8.730032,0</coordinates></Point></Placemark>
<Placemark><name>1299741</name><description>AL01022033</description><styleUrl>#stPoste</styleUrl><Point><coordinates>-48.747918,-8.745653,0</coordinates></Point></Placemark>
<Placemark><name>1782426</name><description>AL01022033</description><styleUrl>#stPoste</styleUrl><Point><coordinates>-48.761653,-8.72973,0</coordinates></Point></Placemark>
<Placemark><name>1782431</name><description>AL01022033</description><styleUrl>#stPoste</styleUrl><Point><coordinates>-48.764986,-8.733229,0</coordinates></Point></Placemark>
<Placemark><name>1782740</name><description>AL01022033</description><styleUrl>#stPoste</styleUrl><Point><coordinates>-48.762133,-8.732955,0</coordinates></Point></Placemark>
<Placemark><name>1782846</name><description>AL01022033</description><styleUrl>#stPoste</styleUrl><Point><coordinates>-48.760917,-8.728729,0</coordinates></Point></Placemark>
<Placemark><name>1782907</name><description>AL01022033</description><styleUrl>#stPoste</styleUrl><Point><coordinates>-48.765124,-8.730976,0</coordinates></Point></Placemark>
<Placemark><name>1783093</name><description>AL01022033</description><styleUrl>#stPoste</styleUrl><Point><coordinates>-48.755007,-8.731562,0</coordinates></Point></Placemark>
<Placemark><name>1784191</name><description>AL01022033</description><styleUrl>#stPoste</styleUrl><Point><coordinates>-48.753428,-8.735976,0</coordinates></Point></Placemark>
<Placemark><name>1784559</name><description>AL01022033</description><styleUrl>#stPoste</styleUrl><Point><coordinates>-48.751289,-8.733538,0</coordinates></Point></Placemark>
<Placemark><name>1784807</name><description>AL01022033</description><styleUrl>#stPoste</styleUrl><Point><coordinates>-48.750234,-8.734024,0</coordinates></Point></Placemark>
<Placemark><name>1786205</name><description>AL01022033</description><styleUrl>#stPoste</styleUrl><Point><coordinates>-48.749967,-8.737828,0</coordinates></Point></Placemark>
<Placemark><name>1790666</name><description>AL01022033</description><styleUrl>#stPoste</styleUrl><Point><coordinates>-48.758595,-8.732134,0</coordinates></Point></Placemark>
<Placemark><name>1790851</name><description>AL01022033</description><styleUrl>#stPoste</styleUrl><Point><coordinates>-48.765172,-8.731744,0</coordinates></Point></Placemark>
<Placemark><name>1790886</name><description>AL01022033</description><styleUrl>#stPoste</styleUrl><Point><coordinates>-48.749636,-8.736822,0</coordinates></Point></Placemark>
<Placemark><name>1791337</name><description>AL01022033</description><styleUrl>#stPoste</styleUrl><Point><coordinates>-48.748204,-8.740092,0</coordinates></Point></Placemark>
<Placemark><name>1791338</name><description>AL01022033</description><styleUrl>#stPoste</styleUrl><Point><coordinates>-48.748296,-8.739753,0</coordinates></Point></Placemark>
<Placemark><name>1791355</name><description>AL01022033</description><styleUrl>#stPoste</styleUrl><Point><coordinates>-48.749867,-8.743356,0</coordinates></Point></Placemark>
<Placemark><name>1791564</name><description>AL01022033</description><styleUrl>#stPoste</styleUrl><Point><coordinates>-48.760361,-8.728245,0</coordinates></Point></Placemark>
<Placemark><name>1842825</name><description>AL01022033</description><styleUrl>#stPoste</styleUrl><Point><coordinates>-48.745681,-8.7448,0</coordinates></Point></Placemark>
<Placemark><name>1870213</name><description>AL01022033</description><styleUrl>#stPoste</styleUrl><Point><coordinates>-48.761741,-8.728286,0</coordinates></Point></Placemark>
<Placemark><name>1870214</name><description>AL01022033</description><styleUrl>#stPoste</styleUrl><Point><coordinates>-48.763465,-8.729043,0</coordinates></Point></Placemark>
<Placemark><name>1888016</name><description>AL01022033</description><styleUrl>#stPoste</styleUrl><Point><coordinates>-48.75475,-8.726415,0</coordinates></Point></Placemark>
<Placemark><name>1894997</name><description>AL01022033</description><styleUrl>#stPoste</styleUrl><Point><coordinates>-48.749331,-8.735783,0</coordinates></Point></Placemark>
<Placemark><name>56672336</name><description>AL01022033</description><styleUrl>#stPoste</styleUrl><Point><coordinates>-48.751323,-8.736721,0</coordinates></Point></Placemark>
<Placemark><name>139772</name><description>AL01022033</description><styleUrl>#stPoste</styleUrl><Point><coordinates>-48.759574,-8.731503,0</coordinates></Point></Placemark>
<Placemark><name>139777</name><description>AL01022033</description><styleUrl>#stPoste</styleUrl><Point><coordinates>-48.760531,-8.732801,0</coordinates></Point></Placemark>
<Placemark><name>932172</name><description>AL01022033</description><styleUrl>#stPoste</styleUrl><Point><coordinates>-48.76443,-8.728996,0</coordinates></Point></Placemark>
<Placemark><name>935009</name><description>AL01022033</description><styleUrl>#stPoste</styleUrl><Point><coordinates>-48.76478,-8.731123,0</coordinates></Point></Placemark>
<Placemark><name>942340</name><description>AL01022033</description><styleUrl>#stPoste</styleUrl><Point><coordinates>-48.75627,-8.72962,0</coordinates></Point></Placemark>
<Placemark><name>947660</name><description>AL01022033</description><styleUrl>#stPoste</styleUrl><Point><coordinates>-48.759867,-8.729844,0</coordinates></Point></Placemark>
<Placemark><name>947744</name><description>AL01022033</description><styleUrl>#stPoste</styleUrl><Point><coordinates>-48.751714,-8.737944,0</coordinates></Point></Placemark>
<Placemark><name>948062</name><description>AL01022033</description><styleUrl>#stPoste</styleUrl><Point><coordinates>-48.749465,-8.740298,0</coordinates></Point></Placemark>
<Placemark><name>948249</name><description>AL01022033</description><styleUrl>#stPoste</styleUrl><Point><coordinates>-48.757624,-8.730646,0</coordinates></Point></Placemark>
<Placemark><name>949626</name><description>AL01022033</description><styleUrl>#stPoste</styleUrl><Point><coordinates>-48.757836,-8.729095,0</coordinates></Point></Placemark>
<Placemark><name>950678</name><description>AL01022033</description><styleUrl>#stPoste</styleUrl><Point><coordinates>-48.749565,-8.741643,0</coordinates></Point></Placemark>
<Placemark><name>950708</name><description>AL01022033</description><styleUrl>#stPoste</styleUrl><Point><coordinates>-48.747156,-8.741422,0</coordinates></Point></Placemark>
<Placemark><name>950900</name><description>AL01022033</description><styleUrl>#stPoste</styleUrl><Point><coordinates>-48.761716,-8.732181,0</coordinates></Point></Placemark>
<Placemark><name>1121762</name><description>AL01022033</description><styleUrl>#stPoste</styleUrl><Point><coordinates>-48.74701,-8.743991,0</coordinates></Point></Placemark>
<Placemark><name>1306001</name><description>AL01022033</description><styleUrl>#stPoste</styleUrl><Point><coordinates>-48.749292,-8.746436,0</coordinates></Point></Placemark>
<Placemark><name>1782541</name><description>AL01022033</description><styleUrl>#stPoste</styleUrl><Point><coordinates>-48.762101,-8.729804,0</coordinates></Point></Placemark>
<Placemark><name>1782667</name><description>AL01022033</description><styleUrl>#stPoste</styleUrl><Point><coordinates>-48.752912,-8.728426,0</coordinates></Point></Placemark>
<Placemark><name>1782845</name><description>AL01022033</description><styleUrl>#stPoste</styleUrl><Point><coordinates>-48.761245,-8.728614,0</coordinates></Point></Placemark>
<Placemark><name>1783022</name><description>AL01022033</description><styleUrl>#stPoste</styleUrl><Point><coordinates>-48.761104,-8.729401,0</coordinates></Point></Placemark>
<Placemark><name>1784174</name><description>AL01022033</description><styleUrl>#stPoste</styleUrl><Point><coordinates>-48.753729,-8.730441,0</coordinates></Point></Placemark>
<Placemark><name>1784409</name><description>AL01022033</description><styleUrl>#stPoste</styleUrl><Point><coordinates>-48.752407,-8.734211,0</coordinates></Point></Placemark>
<Placemark><name>1785633</name><description>AL01022033</description><styleUrl>#stPoste</styleUrl><Point><coordinates>-48.7532,-8.733032,0</coordinates></Point></Placemark>
<Placemark><name>1786273</name><description>AL01022033</description><styleUrl>#stPoste</styleUrl><Point><coordinates>-48.749935,-8.742664,0</coordinates></Point></Placemark>
<Placemark><name>1790634</name><description>AL01022033</description><styleUrl>#stPoste</styleUrl><Point><coordinates>-48.749856,-8.737255,0</coordinates></Point></Placemark>
<Placemark><name>1790846</name><description>AL01022033</description><styleUrl>#stPoste</styleUrl><Point><coordinates>-48.763089,-8.73336,0</coordinates></Point></Placemark>
<Placemark><name>1790882</name><description>AL01022033</description><styleUrl>#stPoste</styleUrl><Point><coordinates>-48.748818,-8.737211,0</coordinates></Point></Placemark>
<Placemark><name>1790890</name><description>AL01022033</description><styleUrl>#stPoste</styleUrl><Point><coordinates>-48.747522,-8.741646,0</coordinates></Point></Placemark>
<Placemark><name>1791099</name><description>AL01022033</description><styleUrl>#stPoste</styleUrl><Point><coordinates>-48.754457,-8.742138,0</coordinates></Point></Placemark>
<Placemark><name>1791148</name><description>AL01022033</description><styleUrl>#stPoste</styleUrl><Point><coordinates>-48.760975,-8.728039,0</coordinates></Point></Placemark>
<Placemark><name>1791187</name><description>AL01022033</description><styleUrl>#stPoste</styleUrl><Point><coordinates>-48.752213,-8.737038,0</coordinates></Point></Placemark>
<Placemark><name>1791246</name><description>AL01022033</description><styleUrl>#stPoste</styleUrl><Point><coordinates>-48.752185,-8.743468,0</coordinates></Point></Placemark>
<Placemark><name>1791248</name><description>AL01022033</description><styleUrl>#stPoste</styleUrl><Point><coordinates>-48.752935,-8.743183,0</coordinates></Point></Placemark>
<Placemark><name>1791254</name><description>AL01022033</description><styleUrl>#stPoste</styleUrl><Point><coordinates>-48.753433,-8.742691,0</coordinates></Point></Placemark>
<Placemark><name>1791393</name><description>AL01022033</description><styleUrl>#stPoste</styleUrl><Point><coordinates>-48.762725,-8.72791,0</coordinates></Point></Placemark>
<Placemark><name>1791601</name><description>AL01022033</description><styleUrl>#stPoste</styleUrl><Point><coordinates>-48.751864,-8.735886,0</coordinates></Point></Placemark>
<Placemark><name>1803226</name><description>AL01022033</description><styleUrl>#stPoste</styleUrl><Point><coordinates>-48.748938,-8.738074,0</coordinates></Point></Placemark>
<Placemark><name>1825247</name><description>AL01022033</description><styleUrl>#stPoste</styleUrl><Point><coordinates>-48.757497,-8.740657,0</coordinates></Point></Placemark>
<Placemark><name>1842823</name><description>AL01022033</description><styleUrl>#stPoste</styleUrl><Point><coordinates>-48.746229,-8.745516,0</coordinates></Point></Placemark>
<Placemark><name>1842973</name><description>AL01022033</description><styleUrl>#stPoste</styleUrl><Point><coordinates>-48.740551,-8.745508,0</coordinates></Point></Placemark>
<Placemark><name>1886039</name><description>AL01022033</description><styleUrl>#stPoste</styleUrl><Point><coordinates>-48.763534,-8.727304,0</coordinates></Point></Placemark>
<Placemark><name>139790</name><description>AL01022033</description><styleUrl>#stPoste</styleUrl><Point><coordinates>-48.753868,-8.735167,0</coordinates></Point></Placemark>
<Placemark><name>934986</name><description>AL01022033</description><styleUrl>#stPoste</styleUrl><Point><coordinates>-48.761197,-8.7302,0</coordinates></Point></Placemark>
<Placemark><name>943434</name><description>AL01022033</description><styleUrl>#stPoste</styleUrl><Point><coordinates>-48.757095,-8.733226,0</coordinates></Point></Placemark>
<Placemark><name>944257</name><description>AL01022033</description><styleUrl>#stPoste</styleUrl><Point><coordinates>-48.752047,-8.733981,0</coordinates></Point></Placemark>
<Placemark><name>946342</name><description>AL01022033</description><styleUrl>#stPoste</styleUrl><Point><coordinates>-48.7532,-8.7354,0</coordinates></Point></Placemark>
<Placemark><name>946778</name><description>AL01022033</description><styleUrl>#stPoste</styleUrl><Point><coordinates>-48.75283,-8.736002,0</coordinates></Point></Placemark>
<Placemark><name>948064</name><description>AL01022033</description><styleUrl>#stPoste</styleUrl><Point><coordinates>-48.750067,-8.740081,0</coordinates></Point></Placemark>
<Placemark><name>950312</name><description>AL01022033</description><styleUrl>#stPoste</styleUrl><Point><coordinates>-48.755531,-8.734579,0</coordinates></Point></Placemark>
<Placemark><name>950639</name><description>AL01022033</description><styleUrl>#stPoste</styleUrl><Point><coordinates>-48.756233,-8.73433,0</coordinates></Point></Placemark>
<Placemark><name>1121442</name><description>AL01022033</description><styleUrl>#stPoste</styleUrl><Point><coordinates>-48.74077,-8.74693,0</coordinates></Point></Placemark>
<Placemark><name>1782427</name><description>AL01022033</description><styleUrl>#stPoste</styleUrl><Point><coordinates>-48.761734,-8.729862,0</coordinates></Point></Placemark>
<Placemark><name>1782734</name><description>AL01022033</description><styleUrl>#stPoste</styleUrl><Point><coordinates>-48.76373,-8.731898,0</coordinates></Point></Placemark>
<Placemark><name>1784184</name><description>AL01022033</description><styleUrl>#stPoste</styleUrl><Point><coordinates>-48.753216,-8.731393,0</coordinates></Point></Placemark>
<Placemark><name>1784187</name><description>AL01022033</description><styleUrl>#stPoste</styleUrl><Point><coordinates>-48.75551,-8.73527,0</coordinates></Point></Placemark>
<Placemark><name>1784294</name><description>AL01022033</description><styleUrl>#stPoste</styleUrl><Point><coordinates>-48.757595,-8.732504,0</coordinates></Point></Placemark>
<Placemark><name>1784669</name><description>AL01022033</description><styleUrl>#stPoste</styleUrl><Point><coordinates>-48.755199,-8.732975,0</coordinates></Point></Placemark>
<Placemark><name>1784923</name><description>AL01022033</description><styleUrl>#stPoste</styleUrl><Point><coordinates>-48.755713,-8.731486,0</coordinates></Point></Placemark>
<Placemark><name>1786051</name><description>AL01022033</description><styleUrl>#stPoste</styleUrl><Point><coordinates>-48.754061,-8.730333,0</coordinates></Point></Placemark>
<Placemark><name>1786182</name><description>AL01022033</description><styleUrl>#stPoste</styleUrl><Point><coordinates>-48.755104,-8.733255,0</coordinates></Point></Placemark>
<Placemark><name>1786192</name><description>AL01022033</description><styleUrl>#stPoste</styleUrl><Point><coordinates>-48.759032,-8.734076,0</coordinates></Point></Placemark>
<Placemark><name>1790617</name><description>AL01022033</description><styleUrl>#stPoste</styleUrl><Point><coordinates>-48.749777,-8.737808,0</coordinates></Point></Placemark>
<Placemark><name>1790721</name><description>AL01022033</description><styleUrl>#stPoste</styleUrl><Point><coordinates>-48.756575,-8.741365,0</coordinates></Point></Placemark>
<Placemark><name>1790844</name><description>AL01022033</description><styleUrl>#stPoste</styleUrl><Point><coordinates>-48.762027,-8.728709,0</coordinates></Point></Placemark>
<Placemark><name>1790889</name><description>AL01022033</description><styleUrl>#stPoste</styleUrl><Point><coordinates>-48.750012,-8.736229,0</coordinates></Point></Placemark>
<Placemark><name>1790989</name><description>AL01022033</description><styleUrl>#stPoste</styleUrl><Point><coordinates>-48.757099,-8.728899,0</coordinates></Point></Placemark>
<Placemark><name>1791098</name><description>AL01022033</description><styleUrl>#stPoste</styleUrl><Point><coordinates>-48.755337,-8.741842,0</coordinates></Point></Placemark>
<Placemark><name>1791352</name><description>AL01022033</description><styleUrl>#stPoste</styleUrl><Point><coordinates>-48.750376,-8.743209,0</coordinates></Point></Placemark>
<Placemark><name>1791362</name><description>AL01022033</description><styleUrl>#stPoste</styleUrl><Point><coordinates>-48.747764,-8.74396,0</coordinates></Point></Placemark>
<Placemark><name>1791417</name><description>AL01022033</description><styleUrl>#stPoste</styleUrl><Point><coordinates>-48.748405,-8.737829,0</coordinates></Point></Placemark>
<Placemark><name>1791467</name><description>AL01022033</description><styleUrl>#stPoste</styleUrl><Point><coordinates>-48.759766,-8.731711,0</coordinates></Point></Placemark>
<Placemark><name>1791600</name><description>AL01022033</description><styleUrl>#stPoste</styleUrl><Point><coordinates>-48.751529,-8.736017,0</coordinates></Point></Placemark>
<Placemark><name>1791641</name><description>AL01022033</description><styleUrl>#stPoste</styleUrl><Point><coordinates>-48.749837,-8.742592,0</coordinates></Point></Placemark>
<Placemark><name>1842775</name><description>AL01022033</description><styleUrl>#stPoste</styleUrl><Point><coordinates>-48.745399,-8.74646,0</coordinates></Point></Placemark>
<Placemark><name>1842979</name><description>AL01022033</description><styleUrl>#stPoste</styleUrl><Point><coordinates>-48.741651,-8.745729,0</coordinates></Point></Placemark>
<Placemark><name>1894994</name><description>AL01022033</description><styleUrl>#stPoste</styleUrl><Point><coordinates>-48.748988,-8.735901,0</coordinates></Point></Placemark>
<Placemark><name>25842127</name><description>AL01022033</description><styleUrl>#stPoste</styleUrl><Point><coordinates>-48.746335,-8.746363,0</coordinates></Point></Placemark>
<Placemark><name>38191629</name><description>AL01022033</description><styleUrl>#stPoste</styleUrl><Point><coordinates>-48.752511,-8.731579,0</coordinates></Point></Placemark>
<Placemark><name>73788425</name><description>AL01022033</description><styleUrl>#stPoste</styleUrl><Point><coordinates>-48.749599,-8.736673,0</coordinates></Point></Placemark>
<Placemark><name>74518076</name><description>AL01022033</description><styleUrl>#stPoste</styleUrl><Point><coordinates>-48.756166,-8.731844,0</coordinates></Point></Placemark>
<Placemark><name>140423</name><description>AL01022033</description><styleUrl>#stPoste</styleUrl><Point><coordinates>-48.748308,-8.742285,0</coordinates></Point></Placemark>
<Placemark><name>140492</name><description>AL01022033</description><styleUrl>#stPoste</styleUrl><Point><coordinates>-48.749176,-8.741614,0</coordinates></Point></Placemark>
<Placemark><name>349310</name><description>AL01022033</description><styleUrl>#stPoste</styleUrl><Point><coordinates>-48.764592,-8.730824,0</coordinates></Point></Placemark>
<Placemark><name>935697</name><description>AL01022033</description><styleUrl>#stPoste</styleUrl><Point><coordinates>-48.750325,-8.73964,0</coordinates></Point></Placemark>
<Placemark><name>943435</name><description>AL01022033</description><styleUrl>#stPoste</styleUrl><Point><coordinates>-48.753652,-8.729873,0</coordinates></Point></Placemark>
<Placemark><name>945857</name><description>AL01022033</description><styleUrl>#stPoste</styleUrl><Point><coordinates>-48.758083,-8.733738,0</coordinates></Point></Placemark>
<Placemark><name>946098</name><description>AL01022033</description><styleUrl>#stPoste</styleUrl><Point><coordinates>-48.757313,-8.730758,0</coordinates></Point></Placemark>
<Placemark><name>946772</name><description>AL01022033</description><styleUrl>#stPoste</styleUrl><Point><coordinates>-48.754247,-8.739755,0</coordinates></Point></Placemark>
<Placemark><name>947484</name><description>AL01022033</description><styleUrl>#stPoste</styleUrl><Point><coordinates>-48.75209,-8.737715,0</coordinates></Point></Placemark>
<Placemark><name>947624</name><description>AL01022033</description><styleUrl>#stPoste</styleUrl><Point><coordinates>-48.759964,-8.731376,0</coordinates></Point></Placemark>
<Placemark><name>949454</name><description>AL01022033</description><styleUrl>#stPoste</styleUrl><Point><coordinates>-48.753259,-8.737138,0</coordinates></Point></Placemark>
<Placemark><name>950638</name><description>AL01022033</description><styleUrl>#stPoste</styleUrl><Point><coordinates>-48.755904,-8.734446,0</coordinates></Point></Placemark>
<Placemark><name>1121444</name><description>AL01022033</description><styleUrl>#stPoste</styleUrl><Point><coordinates>-48.741008,-8.745976,0</coordinates></Point></Placemark>
<Placemark><name>1121446</name><description>AL01022033</description><styleUrl>#stPoste</styleUrl><Point><coordinates>-48.743208,-8.747412,0</coordinates></Point></Placemark>
<Placemark><name>1121449</name><description>AL01022033</description><styleUrl>#stPoste</styleUrl><Point><coordinates>-48.746143,-8.747045,0</coordinates></Point></Placemark>
<Placemark><name>1215879</name><description>AL01022033</description><styleUrl>#stPoste</styleUrl><Point><coordinates>-48.756831,-8.730013,0</coordinates></Point></Placemark>
<Placemark><name>1782092</name><description>AL01022033</description><styleUrl>#stPoste</styleUrl><Point><coordinates>-48.747522,-8.747089,0</coordinates></Point></Placemark>
<Placemark><name>1782538</name><description>AL01022033</description><styleUrl>#stPoste</styleUrl><Point><coordinates>-48.764764,-8.729093,0</coordinates></Point></Placemark>
<Placemark><name>1782932</name><description>AL01022033</description><styleUrl>#stPoste</styleUrl><Point><coordinates>-48.76387,-8.734293,0</coordinates></Point></Placemark>
<Placemark><name>1784181</name><description>AL01022033</description><styleUrl>#stPoste</styleUrl><Point><coordinates>-48.752399,-8.731671,0</coordinates></Point></Placemark>
<Placemark><name>1784190</name><description>AL01022033</description><styleUrl>#stPoste</styleUrl><Point><coordinates>-48.753873,-8.735826,0</coordinates></Point></Placemark>
<Placemark><name>1784667</name><description>AL01022033</description><styleUrl>#stPoste</styleUrl><Point><coordinates>-48.754712,-8.728551,0</coordinates></Point></Placemark>
<Placemark><name>1784793</name><description>AL01022033</description><styleUrl>#stPoste</styleUrl><Point><coordinates>-48.755273,-8.73019,0</coordinates></Point></Placemark>
<Placemark><name>1784808</name><description>AL01022033</description><styleUrl>#stPoste</styleUrl><Point><coordinates>-48.75014,-8.733765,0</coordinates></Point></Placemark>
<Placemark><name>1785911</name><description>AL01022033</description><styleUrl>#stPoste</styleUrl><Point><coordinates>-48.752781,-8.72916,0</coordinates></Point></Placemark>
<Placemark><name>1786257</name><description>AL01022033</description><styleUrl>#stPoste</styleUrl><Point><coordinates>-48.753197,-8.727624,0</coordinates></Point></Placemark>
<Placemark><name>1790671</name><description>AL01022033</description><styleUrl>#stPoste</styleUrl><Point><coordinates>-48.761109,-8.732154,0</coordinates></Point></Placemark>
<Placemark><name>1790850</name><description>AL01022033</description><styleUrl>#stPoste</styleUrl><Point><coordinates>-48.764151,-8.728107,0</coordinates></Point></Placemark>
<Placemark><name>1791171</name><description>AL01022033</description><styleUrl>#stPoste</styleUrl><Point><coordinates>-48.74824,-8.736448,0</coordinates></Point></Placemark>
<Placemark><name>1791208</name><description>AL01022033</description><styleUrl>#stPoste</styleUrl><Point><coordinates>-48.757678,-8.728728,0</coordinates></Point></Placemark>
<Placemark><name>1791250</name><description>AL01022033</description><styleUrl>#stPoste</styleUrl><Point><coordinates>-48.753564,-8.743061,0</coordinates></Point></Placemark>
<Placemark><name>1791415</name><description>AL01022033</description><styleUrl>#stPoste</styleUrl><Point><coordinates>-48.748109,-8.73775,0</coordinates></Point></Placemark>
<Placemark><name>1791454</name><description>AL01022033</description><styleUrl>#stPoste</styleUrl><Point><coordinates>-48.7647,-8.732797,0</coordinates></Point></Placemark>
<Placemark><name>1843625</name><description>AL01022033</description><styleUrl>#stPoste</styleUrl><Point><coordinates>-48.745352,-8.744707,0</coordinates></Point></Placemark>
<Placemark><name>1843635</name><description>AL01022033</description><styleUrl>#stPoste</styleUrl><Point><coordinates>-48.743377,-8.747002,0</coordinates></Point></Placemark>
<Placemark><name>1870216</name><description>AL01022033</description><styleUrl>#stPoste</styleUrl><Point><coordinates>-48.761855,-8.728452,0</coordinates></Point></Placemark>
<Placemark><name>1885777</name><description>AL01022033</description><styleUrl>#stPoste</styleUrl><Point><coordinates>-48.76494,-8.734811,0</coordinates></Point></Placemark>
<Placemark><name>1886041</name><description>AL01022033</description><styleUrl>#stPoste</styleUrl><Point><coordinates>-48.763716,-8.727671,0</coordinates></Point></Placemark>
<Placemark><name>1886049</name><description>AL01022033</description><styleUrl>#stPoste</styleUrl><Point><coordinates>-48.758958,-8.740431,0</coordinates></Point></Placemark>
<Placemark><name>1889080</name><description>AL01022033</description><styleUrl>#stPoste</styleUrl><Point><coordinates>-48.748007,-8.739085,0</coordinates></Point></Placemark>
<Placemark><name>1893915</name><description>AL01022033</description><styleUrl>#stPoste</styleUrl><Point><coordinates>-48.748645,-8.736019,0</coordinates></Point></Placemark>
<Placemark><name>1894996</name><description>AL01022033</description><styleUrl>#stPoste</styleUrl><Point><coordinates>-48.748302,-8.736141,0</coordinates></Point></Placemark>
<Placemark><name>28971736</name><description>AL01022033</description><styleUrl>#stPoste</styleUrl><Point><coordinates>-48.747584,-8.739861,0</coordinates></Point></Placemark>
<Placemark><name>35636027</name><description>AL01022033</description><styleUrl>#stPoste</styleUrl><Point><coordinates>-48.755521,-8.730607,0</coordinates></Point></Placemark>
<Placemark><name>42952908</name><description>AL01022033</description><styleUrl>#stPoste</styleUrl><Point><coordinates>-48.750368,-8.736453,0</coordinates></Point></Placemark>
<Placemark><name>73788122</name><description>AL01022033</description><styleUrl>#stPoste</styleUrl><Point><coordinates>-48.7481,-8.738005,0</coordinates></Point></Placemark>
<Placemark><name>73788128</name><description>AL01022033</description><styleUrl>#stPoste</styleUrl><Point><coordinates>-48.748179,-8.737664,0</coordinates></Point></Placemark>
<Placemark><name>74518108</name><description>AL01022033</description><styleUrl>#stPoste</styleUrl><Point><coordinates>-48.758041,-8.732002,0</coordinates></Point></Placemark>
<Placemark><name>926838</name><description>AL01022033</description><styleUrl>#stPoste</styleUrl><Point><coordinates>-48.762821,-8.729949,0</coordinates></Point></Placemark>
<Placemark><name>927318</name><description>AL01022033</description><styleUrl>#stPoste</styleUrl><Point><coordinates>-48.752959,-8.732269,0</coordinates></Point></Placemark>
<Placemark><name>932898</name><description>AL01022033</description><styleUrl>#stPoste</styleUrl><Point><coordinates>-48.764574,-8.730311,0</coordinates></Point></Placemark>
<Placemark><name>934651</name><description>AL01022033</description><styleUrl>#stPoste</styleUrl><Point><coordinates>-48.761665,-8.730994,0</coordinates></Point></Placemark>
<Placemark><name>947399</name><description>AL01022033</description><styleUrl>#stPoste</styleUrl><Point><coordinates>-48.754854,-8.73482,0</coordinates></Point></Placemark>
<Placemark><name>949628</name><description>AL01022033</description><styleUrl>#stPoste</styleUrl><Point><coordinates>-48.764998,-8.727298,0</coordinates></Point></Placemark>
<Placemark><name>950244</name><description>AL01022033</description><styleUrl>#stPoste</styleUrl><Point><coordinates>-48.759259,-8.733254,0</coordinates></Point></Placemark>
<Placemark><name>951269</name><description>AL01022033</description><styleUrl>#stPoste</styleUrl><Point><coordinates>-48.76354,-8.728213,0</coordinates></Point></Placemark>
<Placemark><name>1121448</name><description>AL01022033</description><styleUrl>#stPoste</styleUrl><Point><coordinates>-48.745276,-8.747679,0</coordinates></Point></Placemark>
<Placemark><name>1299404</name><description>AL01022033</description><styleUrl>#stPoste</styleUrl><Point><coordinates>-48.749021,-8.746144,0</coordinates></Point></Placemark>
<Placemark><name>1782485</name><description>AL01022033</description><styleUrl>#stPoste</styleUrl><Point><coordinates>-48.753231,-8.72997,0</coordinates></Point></Placemark>
<Placemark><name>1782997</name><description>AL01022033</description><styleUrl>#stPoste</styleUrl><Point><coordinates>-48.764906,-8.729321,0</coordinates></Point></Placemark>
<Placemark><name>1785904</name><description>AL01022033</description><styleUrl>#stPoste</styleUrl><Point><coordinates>-48.751243,-8.732871,0</coordinates></Point></Placemark>
<Placemark><name>1786040</name><description>AL01022033</description><styleUrl>#stPoste</styleUrl><Point><coordinates>-48.756482,-8.73278,0</coordinates></Point></Placemark>
<Placemark><name>1786243</name><description>AL01022033</description><styleUrl>#stPoste</styleUrl><Point><coordinates>-48.759718,-8.72846,0</coordinates></Point></Placemark>
<Placemark><name>1790843</name><description>AL01022033</description><styleUrl>#stPoste</styleUrl><Point><coordinates>-48.762727,-8.732798,0</coordinates></Point></Placemark>
<Placemark><name>1790997</name><description>AL01022033</description><styleUrl>#stPoste</styleUrl><Point><coordinates>-48.754023,-8.727317,0</coordinates></Point></Placemark>
<Placemark><name>1791149</name><description>AL01022033</description><styleUrl>#stPoste</styleUrl><Point><coordinates>-48.764036,-8.729943,0</coordinates></Point></Placemark>
<Placemark><name>1791344</name><description>AL01022033</description><styleUrl>#stPoste</styleUrl><Point><coordinates>-48.748235,-8.741969,0</coordinates></Point></Placemark>
<Placemark><name>1791357</name><description>AL01022033</description><styleUrl>#stPoste</styleUrl><Point><coordinates>-48.749114,-8.743572,0</coordinates></Point></Placemark>
<Placemark><name>1791358</name><description>AL01022033</description><styleUrl>#stPoste</styleUrl><Point><coordinates>-48.748785,-8.743667,0</coordinates></Point></Placemark>
<Placemark><name>1791392</name><description>AL01022033</description><styleUrl>#stPoste</styleUrl><Point><coordinates>-48.760074,-8.733055,0</coordinates></Point></Placemark>
<Placemark><name>1791465</name><description>AL01022033</description><styleUrl>#stPoste</styleUrl><Point><coordinates>-48.760493,-8.731448,0</coordinates></Point></Placemark>
<Placemark><name>1791473</name><description>AL01022033</description><styleUrl>#stPoste</styleUrl><Point><coordinates>-48.755977,-8.728294,0</coordinates></Point></Placemark>
<Placemark><name>1791623</name><description>AL01022033</description><styleUrl>#stPoste</styleUrl><Point><coordinates>-48.765264,-8.734624,0</coordinates></Point></Placemark>
<Placemark><name>1791649</name><description>AL01022033</description><styleUrl>#stPoste</styleUrl><Point><coordinates>-48.755988,-8.742034,0</coordinates></Point></Placemark>
<Placemark><name>1842820</name><description>AL01022033</description><styleUrl>#stPoste</styleUrl><Point><coordinates>-48.745231,-8.744958,0</coordinates></Point></Placemark>
<Placemark><name>1843541</name><description>AL01022033</description><styleUrl>#stPoste</styleUrl><Point><coordinates>-48.742837,-8.746762,0</coordinates></Point></Placemark>
<Placemark><name>1843546</name><description>AL01022033</description><styleUrl>#stPoste</styleUrl><Point><coordinates>-48.743035,-8.746382,0</coordinates></Point></Placemark>
<Placemark><name>1843621</name><description>AL01022033</description><styleUrl>#stPoste</styleUrl><Point><coordinates>-48.744139,-8.747156,0</coordinates></Point></Placemark>
<Placemark><name>74518096</name><description>AL01022033</description><styleUrl>#stPoste</styleUrl><Point><coordinates>-48.757224,-8.731473,0</coordinates></Point></Placemark>
<Placemark><name>116622</name><description>AL01022033</description><styleUrl>#stPoste</styleUrl><Point><coordinates>-48.765003,-8.724428,0</coordinates></Point></Placemark>
<Placemark><name>934962</name><description>AL01022033</description><styleUrl>#stPoste</styleUrl><Point><coordinates>-48.750117,-8.738944,0</coordinates></Point></Placemark>
<Placemark><name>949975</name><description>AL01022033</description><styleUrl>#stPoste</styleUrl><Point><coordinates>-48.762844,-8.731017,0</coordinates></Point></Placemark>
<Placemark><name>950558</name><description>AL01022033</description><styleUrl>#stPoste</styleUrl><Point><coordinates>-48.758422,-8.728899,0</coordinates></Point></Placemark>
<Placemark><name>950640</name><description>AL01022033</description><styleUrl>#stPoste</styleUrl><Point><coordinates>-48.756534,-8.734223,0</coordinates></Point></Placemark>
<Placemark><name>951764</name><description>AL01022033</description><styleUrl>#stPoste</styleUrl><Point><coordinates>-48.755337,-8.742583,0</coordinates></Point></Placemark>
<Placemark><name>1121766</name><description>AL01022033</description><styleUrl>#stPoste</styleUrl><Point><coordinates>-48.74576,-8.747671,0</coordinates></Point></Placemark>
<Placemark><name>1782428</name><description>AL01022033</description><styleUrl>#stPoste</styleUrl><Point><coordinates>-48.761453,-8.729965,0</coordinates></Point></Placemark>
<Placemark><name>1782500</name><description>AL01022033</description><styleUrl>#stPoste</styleUrl><Point><coordinates>-48.754474,-8.734156,0</coordinates></Point></Placemark>
<Placemark><name>1782931</name><description>AL01022033</description><styleUrl>#stPoste</styleUrl><Point><coordinates>-48.763429,-8.734626,0</coordinates></Point></Placemark>
<Placemark><name>1782975</name><description>AL01022033</description><styleUrl>#stPoste</styleUrl><Point><coordinates>-48.755132,-8.734162,0</coordinates></Point></Placemark>
<Placemark><name>1784544</name><description>AL01022033</description><styleUrl>#stPoste</styleUrl><Point><coordinates>-48.754035,-8.733623,0</coordinates></Point></Placemark>
<Placemark><name>1785064</name><description>AL01022033</description><styleUrl>#stPoste</styleUrl><Point><coordinates>-48.753191,-8.733661,0</coordinates></Point></Placemark>
<Placemark><name>1786183</name><description>AL01022033</description><styleUrl>#stPoste</styleUrl><Point><coordinates>-48.754756,-8.733375,0</coordinates></Point></Placemark>
<Placemark><name>1786282</name><description>AL01022033</description><styleUrl>#stPoste</styleUrl><Point><coordinates>-48.75299,-8.736125,0</coordinates></Point></Placemark>
<Placemark><name>1790631</name><description>AL01022033</description><styleUrl>#stPoste</styleUrl><Point><coordinates>-48.750219,-8.737041,0</coordinates></Point></Placemark>
<Placemark><name>1790662</name><description>AL01022033</description><styleUrl>#stPoste</styleUrl><Point><coordinates>-48.759817,-8.732371,0</coordinates></Point></Placemark>
<Placemark><name>1791101</name><description>AL01022033</description><styleUrl>#stPoste</styleUrl><Point><coordinates>-48.753576,-8.742475,0</coordinates></Point></Placemark>
<Placemark><name>1791188</name><description>AL01022033</description><styleUrl>#stPoste</styleUrl><Point><coordinates>-48.751882,-8.737155,0</coordinates></Point></Placemark>
<Placemark><name>1791206</name><description>AL01022033</description><styleUrl>#stPoste</styleUrl><Point><coordinates>-48.765389,-8.732088,0</coordinates></Point></Placemark>
<Placemark><name>1791297</name><description>AL01022033</description><styleUrl>#stPoste</styleUrl><Point><coordinates>-48.761101,-8.731228,0</coordinates></Point></Placemark>
<Placemark><name>1791305</name><description>AL01022033</description><styleUrl>#stPoste</styleUrl><Point><coordinates>-48.765074,-8.728601,0</coordinates></Point></Placemark>
<Placemark><name>1791336</name><description>AL01022033</description><styleUrl>#stPoste</styleUrl><Point><coordinates>-48.748125,-8.740374,0</coordinates></Point></Placemark>
<Placemark><name>1817877</name><description>AL01022033</description><styleUrl>#stPoste</styleUrl><Point><coordinates>-48.762916,-8.730561,0</coordinates></Point></Placemark>
<Placemark><name>1843547</name><description>AL01022033</description><styleUrl>#stPoste</styleUrl><Point><coordinates>-48.742119,-8.746747,0</coordinates></Point></Placemark>
<Placemark><name>1843636</name><description>AL01022033</description><styleUrl>#stPoste</styleUrl><Point><coordinates>-48.743312,-8.747247,0</coordinates></Point></Placemark>
<Placemark><name>1876586</name><description>AL01022033</description><styleUrl>#stPoste</styleUrl><Point><coordinates>-48.750412,-8.735886,0</coordinates></Point></Placemark>
<Placemark><name>1877689</name><description>AL01022033</description><styleUrl>#stPoste</styleUrl><Point><coordinates>-48.76234,-8.730195,0</coordinates></Point></Placemark>
<Placemark><name>39668043</name><description>AL01022033</description><styleUrl>#stPoste</styleUrl><Point><coordinates>-48.755108,-8.735407,0</coordinates></Point></Placemark>
<Placemark><name>139794</name><description>AL01022033</description><styleUrl>#stPoste</styleUrl><Point><coordinates>-48.763554,-8.731073,0</coordinates></Point></Placemark>
<Placemark><name>309488</name><description>AL01022033</description><styleUrl>#stPoste</styleUrl><Point><coordinates>-48.754531,-8.736803,0</coordinates></Point></Placemark>
<Placemark><name>932896</name><description>AL01022033</description><styleUrl>#stPoste</styleUrl><Point><coordinates>-48.763963,-8.730709,0</coordinates></Point></Placemark>
<Placemark><name>944486</name><description>AL01022033</description><styleUrl>#stPoste</styleUrl><Point><coordinates>-48.751215,-8.734339,0</coordinates></Point></Placemark>
<Placemark><name>945814</name><description>AL01022033</description><styleUrl>#stPoste</styleUrl><Point><coordinates>-48.751533,-8.732766,0</coordinates></Point></Placemark>
<Placemark><name>948697</name><description>AL01022033</description><styleUrl>#stPoste</styleUrl><Point><coordinates>-48.752892,-8.735513,0</coordinates></Point></Placemark>
<Placemark><name>949746</name><description>AL01022033</description><styleUrl>#stPoste</styleUrl><Point><coordinates>-48.751056,-8.738097,0</coordinates></Point></Placemark>
<Placemark><name>1121432</name><description>AL01022033</description><styleUrl>#stPoste</styleUrl><Point><coordinates>-48.745816,-8.744051,0</coordinates></Point></Placemark>
<Placemark><name>1121461</name><description>AL01022033</description><styleUrl>#stPoste</styleUrl><Point><coordinates>-48.746866,-8.744484,0</coordinates></Point></Placemark>
<Placemark><name>1236614</name><description>AL01022033</description><styleUrl>#stPoste</styleUrl><Point><coordinates>-48.748563,-8.739393,0</coordinates></Point></Placemark>
<Placemark><name>1420416</name><description>AL01022033</description><styleUrl>#stPoste</styleUrl><Point><coordinates>-48.753378,-8.737452,0</coordinates></Point></Placemark>
<Placemark><name>1782484</name><description>AL01022033</description><styleUrl>#stPoste</styleUrl><Point><coordinates>-48.754559,-8.73248,0</coordinates></Point></Placemark>
<Placemark><name>1782816</name><description>AL01022033</description><styleUrl>#stPoste</styleUrl><Point><coordinates>-48.753931,-8.728088,0</coordinates></Point></Placemark>
<Placemark><name>1784195</name><description>AL01022033</description><styleUrl>#stPoste</styleUrl><Point><coordinates>-48.755157,-8.732199,0</coordinates></Point></Placemark>
<Placemark><name>1784820</name><description>AL01022033</description><styleUrl>#stPoste</styleUrl><Point><coordinates>-48.752362,-8.733169,0</coordinates></Point></Placemark>
<Placemark><name>1784931</name><description>AL01022033</description><styleUrl>#stPoste</styleUrl><Point><coordinates>-48.756077,-8.732624,0</coordinates></Point></Placemark>
<Placemark><name>1785226</name><description>AL01022033</description><styleUrl>#stPoste</styleUrl><Point><coordinates>-48.754565,-8.733192,0</coordinates></Point></Placemark>
<Placemark><name>1786181</name><description>AL01022033</description><styleUrl>#stPoste</styleUrl><Point><coordinates>-48.755448,-8.733136,0</coordinates></Point></Placemark>
<Placemark><name>1791147</name><description>AL01022033</description><styleUrl>#stPoste</styleUrl><Point><coordinates>-48.760743,-8.731458,0</coordinates></Point></Placemark>
<Placemark><name>1791307</name><description>AL01022033</description><styleUrl>#stPoste</styleUrl><Point><coordinates>-48.759718,-8.73386,0</coordinates></Point></Placemark>
<Placemark><name>1791639</name><description>AL01022033</description><styleUrl>#stPoste</styleUrl><Point><coordinates>-48.752289,-8.736378,0</coordinates></Point></Placemark>
<Placemark><name>1843627</name><description>AL01022033</description><styleUrl>#stPoste</styleUrl><Point><coordinates>-48.744258,-8.746924,0</coordinates></Point></Placemark>
<Placemark><name>1843628</name><description>AL01022033</description><styleUrl>#stPoste</styleUrl><Point><coordinates>-48.744433,-8.746577,0</coordinates></Point></Placemark>
<Placemark><name>1843679</name><description>AL01022033</description><styleUrl>#stPoste</styleUrl><Point><coordinates>-48.74316,-8.745791,0</coordinates></Point></Placemark>
<Placemark><name>1843682</name><description>AL01022033</description><styleUrl>#stPoste</styleUrl><Point><coordinates>-48.744975,-8.745496,0</coordinates></Point></Placemark>
<Placemark><name>1876587</name><description>AL01022033</description><styleUrl>#stPoste</styleUrl><Point><coordinates>-48.750191,-8.736228,0</coordinates></Point></Placemark>
<Placemark><name>73706535</name><description>AL01022033</description><styleUrl>#stPoste</styleUrl><Point><coordinates>-48.751878,-8.742744,0</coordinates></Point></Placemark>
<Placemark><name>98692</name><description>AL01022033</description><styleUrl>#stPoste</styleUrl><Point><coordinates>-48.761281,-8.731162,0</coordinates></Point></Placemark>
<Placemark><name>139774</name><description>AL01022033</description><styleUrl>#stPoste</styleUrl><Point><coordinates>-48.763921,-8.732678,0</coordinates></Point></Placemark>
<Placemark><name>140356</name><description>AL01022033</description><styleUrl>#stPoste</styleUrl><Point><coordinates>-48.74797,-8.742602,0</coordinates></Point></Placemark>
<Placemark><name>932911</name><description>AL01022033</description><styleUrl>#stPoste</styleUrl><Point><coordinates>-48.761504,-8.730721,0</coordinates></Point></Placemark>
<Placemark><name>942604</name><description>AL01022033</description><styleUrl>#stPoste</styleUrl><Point><coordinates>-48.756872,-8.734104,0</coordinates></Point></Placemark>
<Placemark><name>943690</name><description>AL01022033</description><styleUrl>#stPoste</styleUrl><Point><coordinates>-48.754121,-8.731198,0</coordinates></Point></Placemark>
<Placemark><name>944226</name><description>AL01022033</description><styleUrl>#stPoste</styleUrl><Point><coordinates>-48.752241,-8.733986,0</coordinates></Point></Placemark>
<Placemark><name>946349</name><description>AL01022033</description><styleUrl>#stPoste</styleUrl><Point><coordinates>-48.757222,-8.731172,0</coordinates></Point></Placemark>
<Placemark><name>947735</name><description>AL01022033</description><styleUrl>#stPoste</styleUrl><Point><coordinates>-48.755007,-8.741765,0</coordinates></Point></Placemark>
<Placemark><name>951237</name><description>AL01022033</description><styleUrl>#stPoste</styleUrl><Point><coordinates>-48.762839,-8.731438,0</coordinates></Point></Placemark>
<Placemark><name>1236613</name><description>AL01022033</description><styleUrl>#stPoste</styleUrl><Point><coordinates>-48.748282,-8.740548,0</coordinates></Point></Placemark>
<Placemark><name>1782486</name><description>AL01022033</description><styleUrl>#stPoste</styleUrl><Point><coordinates>-48.753072,-8.730027,0</coordinates></Point></Placemark>
<Placemark><name>1782515</name><description>AL01022033</description><styleUrl>#stPoste</styleUrl><Point><coordinates>-48.759955,-8.729067,0</coordinates></Point></Placemark>
<Placemark><name>1784666</name><description>AL01022033</description><styleUrl>#stPoste</styleUrl><Point><coordinates>-48.754418,-8.728643,0</coordinates></Point></Placemark>
<Placemark><name>1784795</name><description>AL01022033</description><styleUrl>#stPoste</styleUrl><Point><coordinates>-48.755501,-8.730836,0</coordinates></Point></Placemark>
<Placemark><name>1784821</name><description>AL01022033</description><styleUrl>#stPoste</styleUrl><Point><coordinates>-48.752695,-8.733053,0</coordinates></Point></Placemark>
<Placemark><name>1785347</name><description>AL01022033</description><styleUrl>#stPoste</styleUrl><Point><coordinates>-48.7542,-8.731058,0</coordinates></Point></Placemark>
<Placemark><name>1786256</name><description>AL01022033</description><styleUrl>#stPoste</styleUrl><Point><coordinates>-48.753463,-8.727526,0</coordinates></Point></Placemark>
<Placemark><name>1786280</name><description>AL01022033</description><styleUrl>#stPoste</styleUrl><Point><coordinates>-48.750967,-8.736848,0</coordinates></Point></Placemark>
<Placemark><name>1790687</name><description>AL01022033</description><styleUrl>#stPoste</styleUrl><Point><coordinates>-48.756727,-8.728441,0</coordinates></Point></Placemark>
<Placemark><name>1790700</name><description>AL01022033</description><styleUrl>#stPoste</styleUrl><Point><coordinates>-48.74809,-8.741459,0</coordinates></Point></Placemark>
<Placemark><name>1790924</name><description>AL01022033</description><styleUrl>#stPoste</styleUrl><Point><coordinates>-48.758394,-8.72982,0</coordinates></Point></Placemark>
<Placemark><name>1791100</name><description>AL01022033</description><styleUrl>#stPoste</styleUrl><Point><coordinates>-48.754009,-8.74231,0</coordinates></Point></Placemark>
<Placemark><name>1791183</name><description>AL01022033</description><styleUrl>#stPoste</styleUrl><Point><coordinates>-48.747744,-8.737653,0</coordinates></Point></Placemark>
<Placemark><name>1791184</name><description>AL01022033</description><styleUrl>#stPoste</styleUrl><Point><coordinates>-48.747474,-8.737814,0</coordinates></Point></Placemark>
<Placemark><name>1791253</name><description>AL01022033</description><styleUrl>#stPoste</styleUrl><Point><coordinates>-48.754788,-8.742487,0</coordinates></Point></Placemark>
<Placemark><name>1791388</name><description>AL01022033</description><styleUrl>#stPoste</styleUrl><Point><coordinates>-48.764545,-8.728745,0</coordinates></Point></Placemark>
<Placemark><name>1791460</name><description>AL01022033</description><styleUrl>#stPoste</styleUrl><Point><coordinates>-48.758249,-8.728559,0</coordinates></Point></Placemark>
<Placemark><name>1842971</name><description>AL01022033</description><styleUrl>#stPoste</styleUrl><Point><coordinates>-48.740785,-8.743957,0</coordinates></Point></Placemark>
<Placemark><name>1843623</name><description>AL01022033</description><styleUrl>#stPoste</styleUrl><Point><coordinates>-48.744854,-8.745727,0</coordinates></Point></Placemark>
<Placemark><name>1843681</name><description>AL01022033</description><styleUrl>#stPoste</styleUrl><Point><coordinates>-48.74451,-8.747361,0</coordinates></Point></Placemark>
<Placemark><name>1861146</name><description>AL01022033</description><styleUrl>#stPoste</styleUrl><Point><coordinates>-48.747131,-8.746677,0</coordinates></Point></Placemark>
<Placemark><name>1885776</name><description>AL01022033</description><styleUrl>#stPoste</styleUrl><Point><coordinates>-48.765122,-8.733911,0</coordinates></Point></Placemark>
<Placemark><name>38191578</name><description>AL01022033</description><styleUrl>#stPoste</styleUrl><Point><coordinates>-48.752902,-8.732417,0</coordinates></Point></Placemark>
<Placemark><name>46066041</name><description>AL01022033</description><styleUrl>#stPoste</styleUrl><Point><coordinates>-48.761889,-8.730619,0</coordinates></Point></Placemark>
<Placemark><name>104322</name><description>AL01022033</description><styleUrl>#stPoste</styleUrl><Point><coordinates>-48.754402,-8.739728,0</coordinates></Point></Placemark>
<Placemark><name>948766</name><description>LD02022033</description><styleUrl>#stPoste</styleUrl><Point><coordinates>-48.755738,-8.739843,0</coordinates></Point></Placemark>
<Placemark><name>946326</name><description>LD02022033</description><styleUrl>#stPoste</styleUrl><Point><coordinates>-48.761182,-8.735862,0</coordinates></Point></Placemark>
<Placemark><name>948266</name><description>LD02022033</description><styleUrl>#stPoste</styleUrl><Point><coordinates>-48.771913,-8.726,0</coordinates></Point></Placemark>
<Placemark><name>948771</name><description>LD02022033</description><styleUrl>#stPoste</styleUrl><Point><coordinates>-48.756632,-8.74034,0</coordinates></Point></Placemark>
<Placemark><name>949308</name><description>LD02022033</description><styleUrl>#stPoste</styleUrl><Point><coordinates>-48.769348,-8.726713,0</coordinates></Point></Placemark>
<Placemark><name>948267</name><description>LD02022033</description><styleUrl>#stPoste</styleUrl><Point><coordinates>-48.771966,-8.725308,0</coordinates></Point></Placemark>
<Placemark><name>1471167</name><description>LD02022033</description><styleUrl>#stPoste</styleUrl><Point><coordinates>-48.760187,-8.735781,0</coordinates></Point></Placemark>
<Placemark><name>951430</name><description>LD02022033</description><styleUrl>#stPoste</styleUrl><Point><coordinates>-48.757546,-8.739625,0</coordinates></Point></Placemark>
<Placemark><name>946324</name><description>LD02022033</description><styleUrl>#stPoste</styleUrl><Point><coordinates>-48.761047,-8.738063,0</coordinates></Point></Placemark>
<Placemark><name>948386</name><description>LD02022033</description><styleUrl>#stPoste</styleUrl><Point><coordinates>-48.756504,-8.739959,0</coordinates></Point></Placemark>
<Placemark><name>948765</name><description>LD02022033</description><styleUrl>#stPoste</styleUrl><Point><coordinates>-48.755678,-8.739875,0</coordinates></Point></Placemark>
<Placemark><name>948769</name><description>LD02022033</description><styleUrl>#stPoste</styleUrl><Point><coordinates>-48.756061,-8.740529,0</coordinates></Point></Placemark>
<Placemark><name>1791152</name><description>LD02022033</description><styleUrl>#stPoste</styleUrl><Point><coordinates>-48.76907,-8.726786,0</coordinates></Point></Placemark>
<Placemark><name>140425</name><description>LD02022033</description><styleUrl>#stPoste</styleUrl><Point><coordinates>-48.754742,-8.740122,0</coordinates></Point></Placemark>
<Placemark><name>935478</name><description>LD02022033</description><styleUrl>#stPoste</styleUrl><Point><coordinates>-48.767729,-8.735413,0</coordinates></Point></Placemark>
<Placemark><name>935481</name><description>LD02022033</description><styleUrl>#stPoste</styleUrl><Point><coordinates>-48.767,-8.735648,0</coordinates></Point></Placemark>
<Placemark><name>948768</name><description>LD02022033</description><styleUrl>#stPoste</styleUrl><Point><coordinates>-48.755899,-8.740188,0</coordinates></Point></Placemark>
<Placemark><name>951429</name><description>LD02022033</description><styleUrl>#stPoste</styleUrl><Point><coordinates>-48.757226,-8.740162,0</coordinates></Point></Placemark>
<Placemark><name>410543</name><description>LD02022033</description><styleUrl>#stPoste</styleUrl><Point><coordinates>-48.765954,-8.736932,0</coordinates></Point></Placemark>
<Placemark><name>945824</name><description>LD02022033</description><styleUrl>#stPoste</styleUrl><Point><coordinates>-48.764491,-8.736601,0</coordinates></Point></Placemark>
<Placemark><name>942599</name><description>LD02022033</description><styleUrl>#stPoste</styleUrl><Point><coordinates>-48.761366,-8.734595,0</coordinates></Point></Placemark>
<Placemark><name>948388</name><description>LD02022033</description><styleUrl>#stPoste</styleUrl><Point><coordinates>-48.757258,-8.740196,0</coordinates></Point></Placemark>
<Placemark><name>1471165</name><description>LD02022033</description><styleUrl>#stPoste</styleUrl><Point><coordinates>-48.760952,-8.735352,0</coordinates></Point></Placemark>
<Placemark><name>943730</name><description>LD02022033</description><styleUrl>#stPoste</styleUrl><Point><coordinates>-48.76563,-8.736188,0</coordinates></Point></Placemark>
<Placemark><name>948269</name><description>LD02022033</description><styleUrl>#stPoste</styleUrl><Point><coordinates>-48.770308,-8.726464,0</coordinates></Point></Placemark>
<Placemark><name>151959</name><description>LD02022033</description><styleUrl>#stPoste</styleUrl><Point><coordinates>-48.76457,-8.736761,0</coordinates></Point></Placemark>
<Placemark><name>951428</name><description>LD02022033</description><styleUrl>#stPoste</styleUrl><Point><coordinates>-48.757939,-8.739065,0</coordinates></Point></Placemark>
<Placemark><name>942618</name><description>LD02022033</description><styleUrl>#stPoste</styleUrl><Point><coordinates>-48.763329,-8.737055,0</coordinates></Point></Placemark>
<Placemark><name>309400</name><description>LD02022033</description><styleUrl>#stPoste</styleUrl><Point><coordinates>-48.769783,-8.726601,0</coordinates></Point></Placemark>
<Placemark><name>1189166</name><description>LD02022033</description><styleUrl>#stPoste</styleUrl><Point><coordinates>-48.769383,-8.726871,0</coordinates></Point></Placemark>
<Placemark><name>1452028</name><description>LD02022033</description><styleUrl>#stPoste</styleUrl><Point><coordinates>-48.771466,-8.726131,0</coordinates></Point></Placemark>
<Placemark><name>330046</name><description>LD02022033</description><styleUrl>#stPoste</styleUrl><Point><coordinates>-48.761448,-8.733958,0</coordinates></Point></Placemark>
<Placemark><name>948268</name><description>LD02022033</description><styleUrl>#stPoste</styleUrl><Point><coordinates>-48.771035,-8.726257,0</coordinates></Point></Placemark>
<Placemark><name>1189167</name><description>LD02022033</description><styleUrl>#stPoste</styleUrl><Point><coordinates>-48.769467,-8.727124,0</coordinates></Point></Placemark>
<Placemark><name>935480</name><description>LD02022033</description><styleUrl>#stPoste</styleUrl><Point><coordinates>-48.767013,-8.735683,0</coordinates></Point></Placemark>
<Placemark><name>946327</name><description>LD02022033</description><styleUrl>#stPoste</styleUrl><Point><coordinates>-48.76128,-8.735236,0</coordinates></Point></Placemark>
<Placemark><name>948387</name><description>LD02022033</description><styleUrl>#stPoste</styleUrl><Point><coordinates>-48.756543,-8.739944,0</coordinates></Point></Placemark>
<Placemark><name>1189169</name><description>LD02022033</description><styleUrl>#stPoste</styleUrl><Point><coordinates>-48.770309,-8.72842,0</coordinates></Point></Placemark>
<Placemark><name>294697</name><description>LD02022033</description><styleUrl>#stPoste</styleUrl><Point><coordinates>-48.76565,-8.736223,0</coordinates></Point></Placemark>
<Placemark><name>1189168</name><description>LD02022033</description><styleUrl>#stPoste</styleUrl><Point><coordinates>-48.769711,-8.727502,0</coordinates></Point></Placemark>
<Placemark><name>1471166</name><description>LD02022033</description><styleUrl>#stPoste</styleUrl><Point><coordinates>-48.761234,-8.735249,0</coordinates></Point></Placemark>
<Placemark><name>947798</name><description>LD02022033</description><styleUrl>#stPoste</styleUrl><Point><coordinates>-48.759051,-8.738582,0</coordinates></Point></Placemark>
<Placemark><name>942619</name><description>LD02022033</description><styleUrl>#stPoste</styleUrl><Point><coordinates>-48.763313,-8.73702,0</coordinates></Point></Placemark>
<Placemark><name>942600</name><description>LD02022033</description><styleUrl>#stPoste</styleUrl><Point><coordinates>-48.766264,-8.737734,0</coordinates></Point></Placemark>
<Placemark><name>932852</name><description>LD03022033</description><styleUrl>#stPoste</styleUrl><Point><coordinates>-48.754432,-8.740012,0</coordinates></Point></Placemark>
<Placemark><name>945823</name><description>LD03022033</description><styleUrl>#stPoste</styleUrl><Point><coordinates>-48.764662,-8.736633,0</coordinates></Point></Placemark>
<Placemark><name>948767</name><description>LD03022033</description><styleUrl>#stPoste</styleUrl><Point><coordinates>-48.755866,-8.740208,0</coordinates></Point></Placemark>
<Placemark><name>951427</name><description>LD03022033</description><styleUrl>#stPoste</styleUrl><Point><coordinates>-48.758098,-8.739002,0</coordinates></Point></Placemark>
<Placemark><name>934033</name><description>LD03022033</description><styleUrl>#stPoste</styleUrl><Point><coordinates>-48.76708,-8.735795,0</coordinates></Point></Placemark>
<Placemark><name>951431</name><description>LD03022033</description><styleUrl>#stPoste</styleUrl><Point><coordinates>-48.757667,-8.739661,0</coordinates></Point></Placemark>
<Placemark><name>947799</name><description>LD03022033</description><styleUrl>#stPoste</styleUrl><Point><coordinates>-48.759303,-8.738586,0</coordinates></Point></Placemark>
<Placemark><name>521085</name><description>LD03022033</description><styleUrl>#stPoste</styleUrl><Point><coordinates>-48.754782,-8.740233,0</coordinates></Point></Placemark>
<Placemark><name>942617</name><description>LD03022033</description><styleUrl>#stPoste</styleUrl><Point><coordinates>-48.763823,-8.736941,0</coordinates></Point></Placemark>
<Placemark><name>942620</name><description>LD03022033</description><styleUrl>#stPoste</styleUrl><Point><coordinates>-48.762948,-8.737263,0</coordinates></Point></Placemark>
<Placemark><name>948772</name><description>LD03022033</description><styleUrl>#stPoste</styleUrl><Point><coordinates>-48.756705,-8.740416,0</coordinates></Point></Placemark>
<Placemark><name>942621</name><description>LD03022033</description><styleUrl>#stPoste</styleUrl><Point><coordinates>-48.762009,-8.737589,0</coordinates></Point></Placemark>
<Placemark><name>948770</name><description>LD03022033</description><styleUrl>#stPoste</styleUrl><Point><coordinates>-48.756093,-8.74063,0</coordinates></Point></Placemark>
</Folder></Document></kml>